Time Elapsed (min),Stroke Rate,Average Power,Score,Misses,Handle Force,Handle Position,Raw Seat Position,Converted Seat Position,Left Foot Force,Right Foot Force
0.00,0,0,0,0,0,0,128.86,18.0,0,0
0.00,23.294374530077093,112.32613315645085,0,0,0,0,143.16999999999996,21.0,0,0
0.00,24.930715062453814,105.15055908456522,0,0,0,0,157.48000000000002,24.0,0,0
0.00,26.641579491993404,107.90660565904167,0,0,0,0,171.79000000000002,27.0,0,0
0.00,26.303621941013944,103.17409191200936,0,0,0,0,186.10000000000002,30.0,0,0
0.00,25.045426184883112,102.76574700100265,0,0,0,0,200.40999999999997,33.0,0,0
0.00,25.598889889596972,98.66342296325764,0,0,0,0,214.71999999999997,36.0,0,0
0.00,25.031384573001816,99.32572292850864,0,0,0,0,229.03000000000003,39.0,0,0
0.00,25.920678209348868,102.50470937204592,0,0,0,0,243.34000000000003,42.00000000000001,0,0
0.00,25.24290459231179,107.7901612558012,0,0,0,0,257.65000000000003,45.00000000000001,0,0
0.02,25.44795613588997,109.63353387746571,0,0,0,0,271.96000000000004,48.00000000000001,0,0
0.02,27.327918775851654,114.30511836340344,0,0,0,0,286.27000000000004,51.00000000000001,0,0
0.02,26.467440766516013,116.10094008169742,0,0,0,0,300.58000000000004,54.00000000000001,0,0
0.02,25.118824896099238,118.30318334387553,0,0,0,0,314.89000000000004,57.000000000000014,0,0
0.02,23.48182971495539,121.9950859165431,0,0,0,0,329.20000000000005,60.00000000000001,0,0
0.02,22.15014039794152,122.86002123630611,0,0,0,0,343.51,63.0,0,0
0.02,21.91591903035634,124.1675269316904,0,0,0,0,357.82,66.0,0,0
0.02,22.92213283155135,124.66107500492573,1,0,0,0,372.13,69.0,0,0
0.02,23.58622568261866,127.6377263592969,1,0,0,0,386.44,72.0,0,0
0.02,24.682538867104896,128.23075736748928,1,0,0,0,400.75,75.0,0,0
0.03,24.279211671286376,131.33956622305777,1,0,0,0,415.06,78.0,0,0
0.03,22.541924856477216,130.77416819157915,1,0,0,0,429.37,81.0,0,0
0.03,21.71882145236748,133.3568625134771,1,0,0,0,443.68,84.0,0,0
0.03,20.769133086366796,134.1093991005521,1,0,0,0,457.99,87.0,0,0
0.03,21.69522289001569,135.59093889246316,1,0,0,0,472.3,90.0,0,0
0.03,22.06984408502565,135.89207071415774,1,0,0,0,486.61,93.0,0,0
0.03,22.813325104766363,137.32026211117196,1,0,0,0,500.92,96.0,0,0
0.03,22.287641782953177,137.0050453929816,1,0,0,0,515.23,99.0,0,0
0.03,21.974233413741267,137.52202090418956,1,0,0,0,520,100.0,0,0
0.03,23.74312895815254,135.47991843655848,1,0,0,0,505.69,97.0,0,0
0.05,25.360402305456937,132.9750846241599,1,0,0,0,491.38,94.0,0,0
0.05,25.23353716464783,131.04833326249067,2,0,0,0,477.07,91.0,0,0
0.05,26.92346040517508,128.0395258355692,2,0,0,0,462.76,88.0,0,0
0.05,26.652811926622576,127.06020062806438,2,0,0,0,448.45,85.0,0,0
0.05,28.463914997725688,124.55992219333537,2,0,0,0,434.14,82.0,0,0
0.05,27.939466567580762,123.17124053070496,2,0,0,0,419.83,79.0,0,0
0.05,28.606533604846064,121.16730429201502,2,0,0,0,405.52,76.0,0,0
0.05,29.809057056819707,119.20632195677018,2,0,0,0,391.21,73.0,0,0
0.05,31.32737920271711,117.8471534222111,2,0,0,0,376.9,70.0,0,0
0.05,31.349874987954262,115.93499283259943,2,0,0,0,362.59000000000003,67.0,0,0
0.07,31.875283837819474,113.96716775916586,2,0,0,0,348.28,63.99999999999999,0,0
0.07,32.46218236668091,112.33352331621543,2,0,0,0,333.96999999999997,60.99999999999999,0,0
0.07,32.531936787377276,111.15176399569246,2,0,0,0,319.65999999999997,57.99999999999999,0,0
0.07,32.80061024321959,109.33222271023364,2,0,0,0,305.34999999999997,54.99999999999999,0,0
0.07,33.19839149184117,107.51672230466255,2,0,0,0,291.03999999999996,51.99999999999999,0,0
0.07,32.83513319432194,105.96528235549404,2,0,0,0,276.7299999999999,48.99999999999998,0,0
0.07,33.36244981686464,104.1429583996371,2,0,0,0,262.4199999999999,45.99999999999997,0,0
0.07,32.35245432965512,103.44046478416168,2,0,0,0,248.10999999999984,42.99999999999997,0,0
0.07,33.29207516698491,102.22643426485853,2,0,0,0,233.79999999999984,39.99999999999997,0,0
0.07,32.05471481735404,101.39224446082181,2,0,0,0,219.48999999999984,36.999999999999964,0,0
0.08,32.201855066859224,100.54144283379028,2,0,0,0,205.1799999999999,33.99999999999997,0,0
0.08,31.35929653432237,99.52723173396285,2,0,0,0,190.8699999999999,30.99999999999997,0,0
0.08,30.44782106145757,99.25527674932985,2,0,0,0,176.55999999999983,27.99999999999997,0,0
0.08,31.218126838127002,98.43147088249523,2,0,0,0,162.24999999999983,24.99999999999997,0,0
0.08,31.58683854698144,97.7411820162188,2,0,0,0,147.93999999999988,21.99999999999997,0,0
0.08,30.709408447383368,96.24403574036448,2,0,0,0,133.62999999999988,18.99999999999997,0,0
0.08,31.485949756873993,95.14947501371161,2,0,0,0,119.31999999999988,15.999999999999972,0,0
0.08,33.25882592824509,94.16375855838147,2,0,0,0,105.00999999999982,12.999999999999972,0,0
0.08,31.402726099148065,93.0086268237105,2,0,0,0,90.69999999999987,9.999999999999972,0,0
0.08,29.594289551206796,91.93788730415089,3,0,0,0,76.38999999999987,6.999999999999972,0,0
0.10,28.725491420755656,91.18838428439638,3,0,0,0,62.07999999999987,3.9999999999999716,0,0
0.10,27.461121972670753,90.5324394481077,3,0,0,0,47.76999999999987,0.9999999999999716,0,0
0.10,28.21334610043631,89.33437006671906,3,0,0,0,43,0.0,0,0
0.10,28.884273581539315,89.58622916258429,4,0,0,0,57.31,3.0,0,0
0.10,30.03828823360036,90.18553532212366,4,0,0,0,71.62,6.0,0,0
0.10,31.75838209375994,90.1745172102153,4,0,0,0,85.93,9.0,0,0
0.10,31.796229229920023,90.52298855406664,4,0,0,0,100.24000000000001,12.0,0,0
0.10,32.968512086468955,90.6066011732246,4,0,0,0,114.55000000000001,15.0,0,0
0.10,33.02864675486237,90.7675665816009,4,0,0,0,128.86,18.0,0,0
0.10,32.98780094454411,91.29890900309604,4,0,0,0,143.16999999999996,21.0,0,0
0.12,33.72418997187224,91.22671038134716,4,0,0,0,157.48000000000002,24.0,0,0
0.12,34.46137178052423,91.47105808012675,5,0,0,0,171.79000000000002,27.0,0,0
0.12,34.093730842896846,91.50626751039218,5,0,0,0,186.10000000000002,30.0,0,0
0.12,33.327416708293995,92.289592423887,5,0,0,0,200.40999999999997,33.0,0,0
0.12,32.28196136597917,93.10124851165351,5,0,0,0,214.71999999999997,36.0,0,0
0.12,30.534727949901,93.0976475571451,5,0,0,0,229.03000000000003,39.0,0,0
0.12,31.82807464550993,93.14677100643503,5,0,0,0,243.34000000000003,42.00000000000001,0,0
0.12,31.779383238801625,93.83406885768679,5,0,0,0,257.65000000000003,45.00000000000001,0,0
0.12,29.87192390018719,93.58771781506827,6,0,0,0,271.96000000000004,48.00000000000001,0,0
0.12,31.547868517601817,94.44190571739901,6,0,0,0,286.27000000000004,51.00000000000001,0,0
0.13,33.244998435528224,95.46101210398398,6,0,0,0,300.58000000000004,54.00000000000001,0,0
0.13,32.51901136290773,96.04691474594574,6,0,0,0,314.89000000000004,57.000000000000014,0,0
0.13,32.69290249410555,96.52851134971884,6,0,0,0,329.20000000000005,60.00000000000001,0,0
0.13,30.889320241199666,97.81213233938897,6,0,0,0,343.51,63.0,0,0
0.13,29.412170057187293,98.2024398964594,6,0,0,0,357.82,66.0,0,0
0.13,28.12186676653836,99.52068815602863,6,0,0,0,372.13,69.0,0,0
0.13,29.24742516852272,100.71855234236135,6,0,0,0,386.44,72.0,0,0
0.13,29.63437007507268,101.14292917888788,6,0,0,0,400.75,75.0,0,0
0.13,30.423998467957,102.04270987740193,6,0,0,0,415.06,78.0,0,0
0.13,31.49517452589438,102.73172402834983,6,0,0,0,429.37,81.0,0,0
0.15,32.42967577687968,103.52395829609962,6,0,0,0,443.68,84.0,0,0
0.15,34.041853641345675,104.27498342478138,6,0,0,0,457.99,87.0,0,0
0.15,33.43799133548947,104.719874530712,6,0,0,0,472.3,90.0,0,0
0.15,32.430675425620215,105.1911016009304,6,0,0,0,486.61,93.0,0,0
0.15,31.653866798262833,105.30451872814177,6,0,0,0,500.92,96.0,0,0
0.15,32.79046362279398,106.29122807286221,7,0,0,0,515.23,99.0,0,0
0.15,8.571428571428571,106.6546512429283,7,0,0,0,520,100.0,0,0
0.15,8.571428571428571,106.39045563546537,7,0,0,0,505.69,97.0,0,0
0.15,8.571428571428571,106.12359589494373,7,0,0,0,491.38,94.0,0,0
0.15,8.571428571428571,105.37018277752568,7,0,0,0,477.07,91.0,0,0
0.17,8.571428571428571,104.94693656409126,7,0,0,0,462.76,88.0,0,0
0.17,8.571428571428571,104.21731588841523,7,0,0,0,448.45,85.0,0,0
0.17,8.571428571428571,103.72582883484661,7,0,0,0,434.14,82.0,0,0
0.17,8.571428571428571,103.58057616569363,7,0,0,0,419.83,79.0,0,0
0.17,8.571428571428571,103.4373353973076,7,0,0,0,405.52,76.0,0,0
0.17,8.571428571428571,102.96653008190283,7,0,0,0,391.21,73.0,0,0
0.17,8.571428571428571,102.81822648132766,7,0,0,0,376.9,70.0,0,0
0.17,8.571428571428571,102.02479434522785,7,0,0,0,362.59000000000003,67.0,0,0
0.17,8.571428571428571,101.63466184354027,7,0,0,0,348.28,63.99999999999999,0,0
0.17,8.571428571428571,101.38833527823049,7,0,0,0,333.96999999999997,60.99999999999999,0,0
0.18,8.571428571428571,101.00095380369834,7,0,0,0,319.65999999999997,57.99999999999999,0,0
0.18,8.571428571428571,100.52533520756946,7,0,0,0,305.34999999999997,54.99999999999999,0,0
0.18,8.571428571428571,100.13810970098383,7,0,0,0,291.03999999999996,51.99999999999999,0,0
0.18,8.571428571428571,100.00367713596977,7,0,0,0,276.7299999999999,48.99999999999998,0,0
0.18,8.571428571428571,99.69524608193251,7,0,0,0,262.4199999999999,45.99999999999997,0,0
0.18,8.571428571428571,99.42598994810939,7,0,0,0,248.10999999999984,42.99999999999997,0,0
0.18,8.571428571428571,99.31848464841192,7,0,0,0,233.79999999999984,39.99999999999997,0,0
0.18,8.571428571428571,98.88898075994683,7,0,0,0,219.48999999999984,36.999999999999964,0,0
0.18,8.571428571428571,98.39246333898325,7,0,0,0,205.1799999999999,33.99999999999997,0,0
0.18,8.571428571428571,98.18232237202338,7,0,0,0,190.8699999999999,30.99999999999997,0,0
0.20,8.571428571428571,98.09435840258418,7,0,0,0,176.55999999999983,27.99999999999997,0,0
0.20,8.571428571428571,97.94103411636647,7,0,0,0,162.24999999999983,24.99999999999997,0,0
0.20,8.571428571428571,97.82422894610472,7,0,0,0,147.93999999999988,21.99999999999997,0,0
0.20,8.571428571428571,97.43833618153784,7,0,0,0,133.62999999999988,18.99999999999997,0,0
0.20,8.571428571428571,97.13828622629822,7,0,0,0,119.31999999999988,15.999999999999972,0,0
0.20,8.571428571428571,96.75440726454568,7,0,0,0,105.00999999999982,12.999999999999972,0,0
0.20,8.571428571428571,96.23801729794553,7,0,0,0,90.69999999999987,9.999999999999972,0,0
0.20,8.571428571428571,96.05136789059651,7,0,0,0,76.38999999999987,6.999999999999972,0,0
0.20,8.571428571428571,95.5878470816108,7,0,0,0,62.07999999999987,3.9999999999999716,0,0
0.20,8.571428571428571,95.30321463999373,7,0,0,0,47.76999999999987,0.9999999999999716,0,0
0.22,8.571428571428571,94.92226664385085,7,0,0,0,43,0.0,0,0
0.22,8.571428571428571,95.24148161285328,7,0,0,0,57.31,3.0,0,0
0.22,8.571428571428571,95.40396532390798,7,0,0,0,71.62,6.0,0,0
0.22,8.571428571428571,95.66485559079031,7,0,0,0,85.93,9.0,0,0
0.22,8.571428571428571,95.53058155158801,7,0,0,0,100.24000000000001,12.0,0,0
0.22,8.571428571428571,95.47686839391982,7,0,0,0,114.55000000000001,15.0,0,0
0.22,8.571428571428571,95.46516778011961,7,0,0,0,128.86,18.0,0,0
0.22,8.571428571428571,95.576627707668,7,0,0,0,143.16999999999996,21.0,0,0
0.22,8.571428571428571,95.79255774547137,7,0,0,0,157.48000000000002,24.0,0,0
0.22,8.571428571428571,95.83234363413158,7,0,0,0,171.79000000000002,27.0,0,0
0.23,8.571428571428571,96.2389923177387,7,0,0,0,186.10000000000002,30.0,0,0
0.23,8.571428571428571,96.53295951246896,7,0,0,0,200.40999999999997,33.0,0,0
0.23,8.571428571428571,96.77023662461214,7,0,0,0,214.71999999999997,36.0,0,0
0.23,8.571428571428571,97.02338880810845,7,0,0,0,229.03000000000003,39.0,0,0
0.23,8.571428571428571,97.23321341820258,7,0,0,0,243.34000000000003,42.00000000000001,0,0
0.23,8.571428571428571,97.48487370138042,7,0,0,0,257.65000000000003,45.00000000000001,0,0
0.23,8.571428571428571,97.73018924092955,7,0,0,0,271.96000000000004,48.00000000000001,0,0
0.23,8.571428571428571,98.35207764633515,7,0,0,0,286.27000000000004,51.00000000000001,0,0
0.23,8.571428571428571,98.79599348494294,7,0,0,0,300.58000000000004,54.00000000000001,0,0
0.23,8.571428571428571,99.35862004742181,7,0,0,0,314.89000000000004,57.000000000000014,0,0
0.25,8.571428571428571,99.81522887492825,7,0,0,0,329.20000000000005,60.00000000000001,0,0
0.25,8.571428571428571,100.04053299678536,7,0,0,0,343.51,63.0,0,0
0.25,8.571428571428571,100.32819956347967,7,0,0,0,357.82,66.0,0,0
0.25,8.571428571428571,100.39598924005087,7,0,0,0,372.13,69.0,0,0
0.25,8.571428571428571,100.60454277122592,7,0,0,0,386.44,72.0,0,0
0.25,8.571428571428571,101.150460770491,7,0,0,0,400.75,75.0,0,0
0.25,8.571428571428571,101.2441798752893,7,0,0,0,415.06,78.0,0,0
0.25,8.571428571428571,101.85065792242516,7,0,0,0,429.37,81.0,0,0
0.25,8.571428571428571,102.19281672197081,7,0,0,0,443.68,84.0,0,0
0.25,8.571428571428571,102.68676893224563,7,0,0,0,457.99,87.0,0,0
0.27,8.571428571428571,103.03375928148047,7,0,0,0,472.3,90.0,0,0
0.27,8.571428571428571,103.25016347399179,7,0,0,0,486.61,93.0,0,0
0.27,8.571428571428571,103.52577969683362,7,0,0,0,500.92,96.0,0,0
0.27,8.571428571428571,103.92608639735573,7,0,0,0,515.23,99.0,0,0
0.27,8.571428571428571,104.44535135050826,7,0,0,0,520,100.0,0,0
0.27,8.571428571428571,104.17484553958792,7,0,0,0,505.69,97.0,0,0
0.27,8.571428571428571,103.66903127600835,7,0,0,0,491.38,94.0,0,0
0.27,8.571428571428571,103.49183601435219,7,0,0,0,477.07,91.0,0,0
0.27,8.571428571428571,103.03932052407342,7,0,0,0,462.76,88.0,0,0
0.27,8.571428571428571,102.97702356904504,7,0,0,0,448.45,85.0,0,0
0.28,8.571428571428571,102.7074800683804,7,0,0,0,434.14,82.0,0,0
0.28,8.571428571428571,102.24355202369917,7,0,0,0,419.83,79.0,0,0
0.28,8.571428571428571,102.03594787277254,7,0,0,0,405.52,76.0,0,0
0.28,8.571428571428571,101.85337302244088,7,0,0,0,391.21,73.0,0,0
0.28,8.571428571428571,101.55361570414357,7,0,0,0,376.9,70.0,0,0
0.28,8.571428571428571,101.4152354403403,7,0,0,0,362.59000000000003,67.0,0,0
0.28,8.571428571428571,101.07020766311504,7,0,0,0,348.28,63.99999999999999,0,0
0.28,8.571428571428571,100.85546814396591,7,0,0,0,333.96999999999997,60.99999999999999,0,0
0.28,8.571428571428571,100.75481447932066,7,0,0,0,319.65999999999997,57.99999999999999,0,0
0.28,8.571428571428571,100.48275066552617,7,0,0,0,305.34999999999997,54.99999999999999,0,0
0.30,8.571428571428571,100.28844569730403,7,0,0,0,291.03999999999996,51.99999999999999,0,0
0.30,8.571428571428571,99.94271475978606,7,0,0,0,276.7299999999999,48.99999999999998,0,0
0.30,8.571428571428571,99.7377927286613,7,0,0,0,262.4199999999999,45.99999999999997,0,0
0.30,8.571428571428571,99.49575828016835,7,0,0,0,248.10999999999984,42.99999999999997,0,0
0.30,8.571428571428571,99.31948470353348,7,0,0,0,233.79999999999984,39.99999999999997,0,0
0.30,8.571428571428571,98.8844823721536,7,0,0,0,219.48999999999984,36.999999999999964,0,0
0.30,8.571428571428571,98.58881698831308,8,0,0,0,205.1799999999999,33.99999999999997,0,0
0.30,8.571428571428571,98.33013766204759,8,0,0,0,190.8699999999999,30.99999999999997,0,0
0.30,8.571428571428571,98.10709546786158,8,0,0,0,176.55999999999983,27.99999999999997,0,0
0.30,8.571428571428571,97.74143551432299,8,0,0,0,162.24999999999983,24.99999999999997,0,0
0.32,8.571428571428571,97.62935815228892,8,0,0,0,147.93999999999988,21.99999999999997,0,0
0.32,8.571428571428571,97.41440137257383,8,0,0,0,133.62999999999988,18.99999999999997,0,0
0.32,8.571428571428571,97.38502146073125,8,0,0,0,119.31999999999988,15.999999999999972,0,0
0.32,8.571428571428571,97.16811577707479,8,0,0,0,105.00999999999982,12.999999999999972,0,0
0.32,8.571428571428571,97.03994804375213,8,0,0,0,90.69999999999987,9.999999999999972,0,0
0.32,8.571428571428571,96.79103358867428,8,0,0,0,76.38999999999987,6.999999999999972,0,0
0.32,8.571428571428571,96.55567902181751,8,0,0,0,62.07999999999987,3.9999999999999716,0,0
0.32,8.571428571428571,96.21731699160338,8,0,0,0,47.76999999999987,0.9999999999999716,0,0
0.32,8.571428571428571,95.98448823009689,8,0,0,0,43,0.0,0,0
0.32,8.571428571428571,96.12433423677963,8,0,0,0,57.31,3.0,0,0
0.33,8.571428571428571,96.17857889981394,8,0,0,0,71.62,6.0,0,0
0.33,8.571428571428571,96.37283183506523,8,0,0,0,85.93,9.0,0,0
0.33,8.571428571428571,96.27168638468933,8,0,0,0,100.24000000000001,12.0,0,0
0.33,8.571428571428571,96.4532434955591,8,0,0,0,114.55000000000001,15.0,0,0
0.33,8.571428571428571,96.44230811281581,8,0,0,0,128.86,18.0,0,0
0.33,8.571428571428571,96.64419497935087,8,0,0,0,143.16999999999996,21.0,0,0
0.33,8.571428571428571,96.6146218967841,8,0,0,0,157.48000000000002,24.0,0,0
0.33,8.571428571428571,96.55225923613406,8,0,0,0,171.79000000000002,27.0,0,0
0.33,8.571428571428571,96.51785265423499,8,0,0,0,186.10000000000002,30.0,0,0
0.33,8.571428571428571,96.81017722205587,8,0,0,0,200.40999999999997,33.0,0,0
0.35,8.571428571428571,96.82933431731671,8,1,0,0,214.71999999999997,36.0,0,0
0.35,8.571428571428571,97.09359080714272,8,1,0,0,229.03000000000003,39.0,0,0
0.35,8.571428571428571,97.29300597704527,8,1,0,0,243.34000000000003,42.00000000000001,0,0
0.35,8.571428571428571,97.27722129658072,8,1,0,0,257.65000000000003,45.00000000000001,0,0
0.35,8.571428571428571,97.31261494635507,8,1,0,0,271.96000000000004,48.00000000000001,0,0
0.35,8.571428571428571,97.51987130529024,8,1,0,0,286.27000000000004,51.00000000000001,0,0
0.35,8.571428571428571,97.75381442643295,8,1,0,0,300.58000000000004,54.00000000000001,0,0
0.35,8.571428571428571,98.21708661013051,8,1,0,0,314.89000000000004,57.000000000000014,0,0
0.35,8.571428571428571,98.4607459230784,8,1,0,0,329.20000000000005,60.00000000000001,0,0
0.35,8.571428571428571,98.67183014715563,8,1,0,0,343.51,63.0,0,0
0.37,8.571428571428571,99.08465026012757,8,1,0,0,357.82,66.0,0,0
0.37,8.571428571428571,99.15574517644252,8,1,0,0,372.13,69.0,0,0
0.37,8.571428571428571,99.41392214668151,8,1,0,0,386.44,72.0,0,0
0.37,8.571428571428571,99.87460781858479,8,1,0,0,400.75,75.0,0,0
0.37,8.571428571428571,99.9971162959712,8,1,0,0,415.06,78.0,0,0
0.37,8.571428571428571,100.16282626494542,8,1,0,0,429.37,81.0,0,0
0.37,8.571428571428571,100.24186595421536,8,1,0,0,443.68,84.0,0,0
0.37,8.571428571428571,100.34330271956074,8,1,0,0,457.99,87.0,0,0
0.37,8.571428571428571,100.78187124624675,8,1,0,0,472.3,90.0,0,0
0.37,8.571428571428571,100.90187449551082,8,1,0,0,486.61,93.0,0,0
0.38,8.571428571428571,101.24800760170355,8,1,0,0,500.92,96.0,0,0
0.38,8.571428571428571,101.52605894788273,8,1,0,0,515.23,99.0,0,0
0.38,8.571428571428571,101.99962329098408,8,1,0,0,520,100.0,0,0
0.38,8.571428571428571,101.77651828408986,8,1,0,0,505.69,97.0,0,0
0.38,8.571428571428571,101.44752521197925,8,1,0,0,491.38,94.0,0,0
0.38,8.571428571428571,101.22825330070113,8,1,0,0,477.07,91.0,0,0
0.38,8.571428571428571,101.17647901293047,8,1,0,0,462.76,88.0,0,0
0.38,8.571428571428571,101.04727699776309,8,1,0,0,448.45,85.0,0,0
0.38,8.571428571428571,100.97321406210204,8,1,0,0,434.14,82.0,0,0
0.38,8.571428571428571,100.82877876611602,8,1,0,0,419.83,79.0,0,0
0.40,8.571428571428571,100.68899173599702,8,1,0,0,405.52,76.0,0,0
0.40,8.571428571428571,100.3206413924082,8,1,0,0,391.21,73.0,0,0
0.40,8.571428571428571,100.09021202961141,8,1,0,0,376.9,70.0,0,0
0.40,8.571428571428571,99.75999561264288,8,1,0,0,362.59000000000003,67.0,0,0
0.40,8.571428571428571,99.62055783740705,8,1,0,0,348.28,63.99999999999999,0,0
0.40,8.571428571428571,99.43141505011627,8,1,0,0,333.96999999999997,60.99999999999999,0,0
0.40,8.571428571428571,99.21014618446151,8,1,0,0,319.65999999999997,57.99999999999999,0,0
0.40,8.571428571428571,99.01529067259578,8,1,0,0,305.34999999999997,54.99999999999999,0,0
0.40,8.571428571428571,98.81252728139175,8,1,0,0,291.03999999999996,51.99999999999999,0,0
0.40,8.571428571428571,98.61714439396727,8,1,0,0,276.7299999999999,48.99999999999998,0,0
0.42,8.571428571428571,98.4313487640244,8,1,0,0,262.4199999999999,45.99999999999997,0,0
0.42,8.571428571428571,98.245157984722,8,1,0,0,248.10999999999984,42.99999999999997,0,0
0.42,8.571428571428571,98.07848297695597,8,1,0,0,233.79999999999984,39.99999999999997,0,0
0.42,8.571428571428571,98.04441254458543,8,1,0,0,219.48999999999984,36.999999999999964,0,0
0.42,8.571428571428571,97.93395037262786,9,1,0,0,205.1799999999999,33.99999999999997,0,0
0.42,8.571428571428571,97.73346972332305,9,1,0,0,190.8699999999999,30.99999999999997,0,0
0.42,8.571428571428571,97.64964376600118,9,1,0,0,176.55999999999983,27.99999999999997,0,0
0.42,8.571428571428571,97.45477715275894,9,1,0,0,162.24999999999983,24.99999999999997,0,0
0.42,8.571428571428571,97.42512598435981,9,1,0,0,147.93999999999988,21.99999999999997,0,0
0.42,8.571428571428571,97.2307824777471,9,1,0,0,133.62999999999988,18.99999999999997,0,0
0.43,8.571428571428571,96.93555252043673,9,1,0,0,119.31999999999988,15.999999999999972,0,0
0.43,8.571428571428571,96.63288970468402,9,1,0,0,105.00999999999982,12.999999999999972,0,0
0.43,8.571428571428571,96.41745888493784,9,1,0,0,90.69999999999987,9.999999999999972,0,0
0.43,8.571428571428571,96.26548631453748,9,1,0,0,76.38999999999987,6.999999999999972,0,0
0.43,8.571428571428571,96.10376771997907,9,1,0,0,62.07999999999987,3.9999999999999716,0,0
0.43,8.571428571428571,95.91577146173583,9,1,0,0,47.76999999999987,0.9999999999999716,0,0
0.43,8.571428571428571,95.83703872416423,9,1,0,0,43,0.0,0,0
0.43,8.571428571428571,95.98772435810342,9,1,0,0,57.31,3.0,0,0
0.43,8.571428571428571,95.9818253686685,9,1,0,0,71.62,6.0,0,0
0.43,8.571428571428571,96.19680588991353,10,1,0,0,85.93,9.0,0,0
0.45,8.571428571428571,96.29214154571913,10,1,0,0,100.24000000000001,12.0,0,0
0.45,8.571428571428571,96.36532782365035,10,1,0,0,114.55000000000001,15.0,0,0
0.45,8.571428571428571,96.54554776270005,10,1,0,0,128.86,18.0,0,0
0.45,8.571428571428571,96.58188410569066,10,1,0,0,143.16999999999996,21.0,0,0
0.45,8.571428571428571,96.57757881939823,10,1,0,0,157.48000000000002,24.0,0,0
0.45,8.571428571428571,96.55939435985431,10,1,0,0,171.79000000000002,27.0,0,0
0.45,8.571428571428571,96.5747746846662,10,1,0,0,186.10000000000002,30.0,0,0
0.45,8.571428571428571,96.72544034225551,10,1,0,0,200.40999999999997,33.0,0,0
0.45,8.571428571428571,96.64744357736964,10,1,0,0,214.71999999999997,36.0,0,0
0.45,8.571428571428571,96.8030473871281,10,1,0,0,229.03000000000003,39.0,0,0
0.47,8.571428571428571,96.68195394612735,10,1,0,0,243.34000000000003,42.00000000000001,0,0
0.47,8.571428571428571,96.60937618700302,10,1,0,0,257.65000000000003,45.00000000000001,0,0
0.47,8.571428571428571,96.75890012548196,10,1,0,0,271.96000000000004,48.00000000000001,0,0
0.47,8.571428571428571,96.98801413088565,10,1,0,0,286.27000000000004,51.00000000000001,0,0
0.47,8.571428571428571,97.15601551709624,10,1,0,0,300.58000000000004,54.00000000000001,0,0
0.47,8.571428571428571,97.4348016311442,10,1,0,0,314.89000000000004,57.000000000000014,0,0
0.47,8.571428571428571,97.68485485793758,10,2,0,0,329.20000000000005,60.00000000000001,0,0
0.47,8.571428571428571,97.97565046080058,10,2,0,0,343.51,63.0,0,0
0.47,8.571428571428571,98.27555045446232,10,2,0,0,357.82,66.0,0,0
0.47,8.571428571428571,98.3996997946524,10,2,0,0,372.13,69.0,0,0
0.48,8.571428571428571,98.68619030683472,10,2,0,0,386.44,72.0,0,0
0.48,8.571428571428571,98.85997298637496,10,2,0,0,400.75,75.0,0,0
0.48,8.571428571428571,99.25454061897624,10,2,0,0,415.06,78.0,0,0
0.48,8.571428571428571,99.4955041177807,10,2,0,0,429.37,81.0,0,0
0.48,8.571428571428571,99.72083399988436,10,2,0,0,443.68,84.0,0,0
0.48,8.571428571428571,100.0585776651364,10,2,0,0,457.99,87.0,0,0
0.48,8.571428571428571,100.37612201899319,10,2,0,0,472.3,90.0,0,0
0.48,8.571428571428571,100.43962962721007,10,2,0,0,486.61,93.0,0,0
0.48,8.571428571428571,100.66556240906489,10,2,0,0,500.92,96.0,0,0
0.48,8.571428571428571,100.95122803405808,10,2,0,0,515.23,99.0,0,0
0.50,8.571428571428571,101.17803308588721,10,2,0,0,520,100.0,0,0
0.50,8.571428571428571,100.91004450509926,10,2,0,0,505.69,97.0,0,0
0.50,8.571428571428571,100.67004131330714,11,2,0,0,491.38,94.0,0,0
0.50,8.571428571428571,100.54306486582193,11,2,0,0,477.07,91.0,0,0
0.50,8.571428571428571,100.44626929401402,11,2,0,0,462.76,88.0,0,0
0.50,8.571428571428571,100.25104820594159,11,2,0,0,448.45,85.0,0,0
0.50,8.571428571428571,99.99729468876815,11,2,0,0,434.14,82.0,0,0
0.50,8.571428571428571,99.82188206591475,11,2,0,0,419.83,79.0,0,0
0.50,8.571428571428571,99.66949286216148,11,2,0,0,405.52,76.0,0,0
0.50,8.571428571428571,99.53898592749469,11,2,0,0,391.21,73.0,0,0
0.52,8.571428571428571,99.36636119695791,11,2,0,0,376.9,70.0,0,0
0.52,8.571428571428571,99.19094911381869,11,2,0,0,362.59000000000003,67.0,0,0
0.52,8.571428571428571,99.13774799354523,11,2,0,0,348.28,63.99999999999999,0,0
0.52,8.571428571428571,98.99251041469701,11,2,0,0,333.96999999999997,60.99999999999999,0,0
0.52,8.571428571428571,98.77606152174741,11,2,0,0,319.65999999999997,57.99999999999999,0,0
0.52,8.571428571428571,98.59293551882357,11,2,0,0,305.34999999999997,54.99999999999999,0,0
0.52,8.571428571428571,98.38232590165127,11,2,0,0,291.03999999999996,51.99999999999999,0,0
0.52,8.571428571428571,98.21496043999363,11,2,0,0,276.7299999999999,48.99999999999998,0,0
0.52,8.571428571428571,98.18864900875211,11,2,0,0,262.4199999999999,45.99999999999997,0,0
0.52,8.571428571428571,98.03240566222196,11,2,0,0,248.10999999999984,42.99999999999997,0,0
0.53,8.571428571428571,97.8255299724837,11,2,0,0,233.79999999999984,39.99999999999997,0,0
0.53,8.571428571428571,97.65256453713286,11,2,0,0,219.48999999999984,36.999999999999964,0,0
0.53,8.571428571428571,97.55849651284078,11,2,0,0,205.1799999999999,33.99999999999997,0,0
0.53,8.571428571428571,97.39648047516555,12,2,0,0,190.8699999999999,30.99999999999997,0,0
0.53,8.571428571428571,97.24284406829305,12,2,0,0,176.55999999999983,27.99999999999997,0,0
0.53,8.571428571428571,97.03635835509046,12,2,0,0,162.24999999999983,24.99999999999997,0,0
0.53,8.571428571428571,96.98667584134519,12,2,0,0,147.93999999999988,21.99999999999997,0,0
0.53,8.571428571428571,96.83189666054804,12,2,0,0,133.62999999999988,18.99999999999997,0,0
0.53,8.571428571428571,96.68203906088394,12,2,0,0,119.31999999999988,15.999999999999972,0,0
0.53,8.571428571428571,96.49683374211776,12,2,0,0,105.00999999999982,12.999999999999972,0,0
0.55,8.571428571428571,96.28522600839945,12,2,0,0,90.69999999999987,9.999999999999972,0,0
0.55,8.571428571428571,96.12830948923028,12,2,0,0,76.38999999999987,6.999999999999972,0,0
0.55,8.571428571428571,95.99652987283001,13,2,0,0,62.07999999999987,3.9999999999999716,0,0
0.55,8.571428571428571,95.83732869208495,13,2,0,0,47.76999999999987,0.9999999999999716,0,0
0.55,8.571428571428571,95.59623310293486,13,2,0,0,43,0.0,0,0
0.55,8.571428571428571,95.71338214561641,13,2,0,0,57.31,3.0,0,0
0.55,8.571428571428571,95.84323379613163,13,2,0,0,71.62,6.0,0,0
0.55,8.571428571428571,95.87490403121973,13,2,0,0,85.93,9.0,0,0
0.55,8.571428571428571,95.83137642665226,13,2,0,0,100.24000000000001,12.0,0,0
0.55,8.571428571428571,95.91566505565403,13,2,0,0,114.55000000000001,15.0,0,0
0.57,8.571428571428571,95.93513541839482,13,2,0,0,128.86,18.0,0,0
0.57,8.571428571428571,96.0586970484525,13,2,0,0,143.16999999999996,21.0,0,0
0.57,8.571428571428571,96.23930741761812,13,2,0,0,157.48000000000002,24.0,0,0
0.57,8.571428571428571,96.34759050072655,14,2,0,0,171.79000000000002,27.0,0,0
0.57,8.571428571428571,96.39689927807024,14,2,0,0,186.10000000000002,30.0,0,0
0.57,8.571428571428571,96.52507863451306,14,2,0,0,200.40999999999997,33.0,0,0
0.57,8.571428571428571,96.55059577204048,14,2,0,0,214.71999999999997,36.0,0,0
0.57,8.571428571428571,96.51012810787005,14,2,0,0,229.03000000000003,39.0,0,0
0.57,8.571428571428571,96.51433504576205,14,2,0,0,243.34000000000003,42.00000000000001,0,0
0.57,8.571428571428571,96.55714973366938,14,2,0,0,257.65000000000003,45.00000000000001,0,0
0.58,8.571428571428571,96.6487459302253,14,2,0,0,271.96000000000004,48.00000000000001,0,0
0.58,8.571428571428571,96.76867339197132,14,2,0,0,286.27000000000004,51.00000000000001,0,0
0.58,8.571428571428571,97.07112163091708,14,2,0,0,300.58000000000004,54.00000000000001,0,0
0.58,8.571428571428571,97.33393868197314,14,2,0,0,314.89000000000004,57.000000000000014,0,0
0.58,8.571428571428571,97.64749374840551,14,2,0,0,329.20000000000005,60.00000000000001,0,0
0.58,8.571428571428571,97.84999449571008,14,3,0,0,343.51,63.0,0,0
0.58,8.571428571428571,98.00949955915047,14,3,0,0,357.82,66.0,0,0
0.58,8.571428571428571,98.16528996179532,14,3,0,0,372.13,69.0,0,0
0.58,8.571428571428571,98.23846564419927,14,3,0,0,386.44,72.0,0,0
0.58,8.571428571428571,98.4598554362586,14,3,0,0,400.75,75.0,0,0
0.60,8.571428571428571,98.65200593025612,14,3,0,0,415.06,78.0,0,0
0.60,8.571428571428571,98.7857162461947,14,3,0,0,429.37,81.0,0,0
0.60,8.571428571428571,98.93130817880899,14,3,0,0,443.68,84.0,0,0
0.60,8.571428571428571,99.12722314799099,14,3,0,0,457.99,87.0,0,0
0.60,8.571428571428571,99.363259148635,14,3,0,0,472.3,90.0,0,0
0.60,8.571428571428571,99.58515844201021,14,3,0,0,486.61,93.0,0,0
0.60,8.571428571428571,99.69050823661884,14,3,0,0,500.92,96.0,0,0
0.60,8.571428571428571,99.86169622465623,14,3,0,0,515.23,99.0,0,0
0.60,8.571428571428571,99.92417616645572,14,3,0,0,520,100.0,0,0
0.60,8.571428571428571,99.7512639896243,14,3,0,0,505.69,97.0,0,0
0.62,8.571428571428571,99.63980543379098,14,3,0,0,491.38,94.0,0,0
0.62,8.571428571428571,99.49747711363227,14,3,0,0,477.07,91.0,0,0
0.62,8.571428571428571,99.39161193639642,14,3,0,0,462.76,88.0,0,0
0.62,8.571428571428571,99.25869749344903,14,3,0,0,448.45,85.0,0,0
0.62,8.571428571428571,99.05727685409697,14,3,0,0,434.14,82.0,0,0
0.62,8.571428571428571,98.94549135566723,14,3,0,0,419.83,79.0,0,0
0.62,8.571428571428571,98.83843783781363,14,3,0,0,405.52,76.0,0,0
0.62,8.571428571428571,98.73158131183708,14,3,0,0,391.21,73.0,0,0
0.62,8.571428571428571,98.54402908068978,14,3,0,0,376.9,70.0,0,0
0.62,8.571428571428571,98.4157978043802,14,3,0,0,362.59000000000003,67.0,0,0
0.63,8.571428571428571,98.30575118093255,14,3,0,0,348.28,63.99999999999999,0,0
0.63,8.571428571428571,98.14307447993814,14,3,0,0,333.96999999999997,60.99999999999999,0,0
0.63,8.571428571428571,98.06869196051925,14,3,0,0,319.65999999999997,57.99999999999999,0,0
0.63,8.571428571428571,97.94471493096079,14,3,0,0,305.34999999999997,54.99999999999999,0,0
0.63,8.571428571428571,97.80155825448257,14,3,0,0,291.03999999999996,51.99999999999999,0,0
0.63,8.571428571428571,97.68719494246427,14,3,0,0,276.7299999999999,48.99999999999998,0,0
0.63,8.571428571428571,97.56331745374256,14,3,0,0,262.4199999999999,45.99999999999997,0,0
0.63,8.571428571428571,97.41750526605792,14,3,0,0,248.10999999999984,42.99999999999997,0,0
0.63,8.571428571428571,97.29802697555537,14,3,0,0,233.79999999999984,39.99999999999997,0,0
0.63,8.571428571428571,97.19293290431983,14,3,0,0,219.48999999999984,36.999999999999964,0,0
0.65,8.571428571428571,97.11817409203603,14,3,0,0,205.1799999999999,33.99999999999997,0,0
0.65,8.571428571428571,97.08750411360171,14,3,0,0,190.8699999999999,30.99999999999997,0,0
0.65,8.571428571428571,96.98029223662564,14,3,0,0,176.55999999999983,27.99999999999997,0,0
0.65,8.571428571428571,96.92119382387138,14,3,0,0,162.24999999999983,24.99999999999997,0,0
0.65,8.571428571428571,96.76210702260367,14,3,0,0,147.93999999999988,21.99999999999997,0,0
0.65,8.571428571428571,96.67890762276969,14,3,0,0,133.62999999999988,18.99999999999997,0,0
0.65,8.571428571428571,96.55638112039482,14,3,0,0,119.31999999999988,15.999999999999972,0,0
0.65,8.571428571428571,96.4495901406986,14,3,0,0,105.00999999999982,12.999999999999972,0,0
0.65,8.571428571428571,96.27215182596662,14,3,0,0,90.69999999999987,9.999999999999972,0,0
0.65,8.571428571428571,96.16470881693887,14,3,0,0,76.38999999999987,6.999999999999972,0,0
0.67,8.571428571428571,96.03832328021016,15,3,0,0,62.07999999999987,3.9999999999999716,0,0
0.67,8.571428571428571,95.8938800608353,15,3,0,0,47.76999999999987,0.9999999999999716,0,0
0.67,8.571428571428571,95.81976372649227,15,3,0,0,43,0.0,0,0
0.67,8.571428571428571,95.82242020182788,15,3,0,0,57.31,3.0,0,0
0.67,8.571428571428571,95.91455390064012,15,3,0,0,71.62,6.0,0,0
0.67,8.571428571428571,96.0006808416806,15,3,0,0,85.93,9.0,0,0
0.67,8.571428571428571,96.1132522417937,15,3,0,0,100.24000000000001,12.0,0,0
0.67,8.571428571428571,96.20343458719883,16,3,0,0,114.55000000000001,15.0,0,0
0.67,8.571428571428571,96.19670257483077,16,3,0,0,128.86,18.0,0,0
0.67,8.571428571428571,96.28650893124065,16,3,0,0,143.16999999999996,21.0,0,0
0.68,8.571428571428571,96.26381605926662,16,3,0,0,157.48000000000002,24.0,0,0
0.68,8.571428571428571,96.39905998976195,16,3,0,0,171.79000000000002,27.0,0,0
0.68,8.571428571428571,96.31915511331876,16,3,0,0,186.10000000000002,30.0,0,0
0.68,8.571428571428571,96.47518983945456,16,3,0,0,200.40999999999997,33.0,0,0
0.68,8.571428571428571,96.48753545665633,16,3,0,0,214.71999999999997,36.0,0,0
0.68,8.571428571428571,96.62558719561406,16,3,0,0,229.03000000000003,39.0,0,0
0.68,8.571428571428571,96.69911579889876,16,3,0,0,243.34000000000003,42.00000000000001,0,0
0.68,8.571428571428571,96.65645938744571,16,3,0,0,257.65000000000003,45.00000000000001,0,0
0.68,8.571428571428571,96.73877156447611,16,3,0,0,271.96000000000004,48.00000000000001,0,0
0.68,8.571428571428571,96.99165527670138,16,3,0,0,286.27000000000004,51.00000000000001,0,0
0.70,8.571428571428571,97.02654043531878,16,3,0,0,300.58000000000004,54.00000000000001,0,0
0.70,8.571428571428571,97.13538229731175,16,3,0,0,314.89000000000004,57.000000000000014,0,0
0.70,8.571428571428571,97.27119344689694,16,3,0,0,329.20000000000005,60.00000000000001,0,0
0.70,8.571428571428571,97.37892020392007,16,3,0,0,343.51,63.0,0,0
0.70,8.571428571428571,97.53860026199449,16,3,0,0,357.82,66.0,0,0
0.70,8.571428571428571,97.59200720703271,16,3,0,0,372.13,69.0,0,0
0.70,8.571428571428571,97.77771092872976,16,3,0,0,386.44,72.0,0,0
0.70,8.571428571428571,97.87850785745782,16,3,0,0,400.75,75.0,0,0
0.70,8.571428571428571,98.08158388304528,16,3,0,0,415.06,78.0,0,0
0.70,8.571428571428571,98.27665353588807,16,3,0,0,429.37,81.0,0,0
0.72,8.571428571428571,98.33275266732593,16,3,0,0,443.68,84.0,0,0
0.72,8.571428571428571,98.43302306881878,16,3,0,0,457.99,87.0,0,0
0.72,8.571428571428571,98.49317372373572,16,3,0,0,472.3,90.0,0,0
0.72,8.571428571428571,98.67441157846524,16,3,0,0,486.61,93.0,0,0
0.72,8.571428571428571,98.89826838260221,17,3,0,0,500.92,96.0,0,0
0.72,8.571428571428571,99.02799231239871,17,3,0,0,515.23,99.0,0,0
0.72,8.571428571428571,99.1024878626289,17,3,0,0,520,100.0,0,0
0.72,8.571428571428571,99.05788359015247,17,3,0,0,505.69,97.0,0,0
0.72,8.571428571428571,98.87151352508957,17,3,0,0,491.38,94.0,0,0
0.72,8.571428571428571,98.83022243412384,17,3,0,0,477.07,91.0,0,0
0.73,8.571428571428571,98.6632317606307,17,3,0,0,462.76,88.0,0,0
0.73,8.571428571428571,98.52386940052338,17,3,0,0,448.45,85.0,0,0
0.73,8.571428571428571,98.45013936103719,17,3,0,0,434.14,82.0,0,0
0.73,8.571428571428571,98.42634989521054,17,3,0,0,419.83,79.0,0,0
0.73,8.571428571428571,98.30978207123232,18,3,0,0,405.52,76.0,0,0
0.73,8.571428571428571,98.1695870150112,18,3,0,0,391.21,73.0,0,0
0.73,8.571428571428571,98.16868991808818,18,3,0,0,376.9,70.0,0,0
0.73,8.571428571428571,98.03678223759246,18,3,0,0,362.59000000000003,67.0,0,0
0.73,8.571428571428571,97.93494239400597,18,3,0,0,348.28,63.99999999999999,0,0
0.73,8.571428571428571,97.83206775151295,18,3,0,0,333.96999999999997,60.99999999999999,0,0
0.75,8.571428571428571,97.73374613605196,18,3,0,0,319.65999999999997,57.99999999999999,0,0
0.75,8.571428571428571,97.68595050137564,18,3,0,0,305.34999999999997,54.99999999999999,0,0
0.75,8.571428571428571,97.65401928535817,18,3,0,0,291.03999999999996,51.99999999999999,0,0
0.75,8.571428571428571,97.54633456094301,18,3,0,0,276.7299999999999,48.99999999999998,0,0
0.75,8.571428571428571,97.4171098591281,18,3,0,0,262.4199999999999,45.99999999999997,0,0
0.75,8.571428571428571,97.29168192231388,18,3,0,0,248.10999999999984,42.99999999999997,0,0
0.75,8.571428571428571,97.26517019898299,18,3,0,0,233.79999999999984,39.99999999999997,0,0
0.75,8.571428571428571,97.13115865694874,19,3,0,0,219.48999999999984,36.999999999999964,0,0
0.75,8.571428571428571,97.0397678291203,19,3,0,0,205.1799999999999,33.99999999999997,0,0
0.75,8.571428571428571,96.9816850628486,19,3,0,0,190.8699999999999,30.99999999999997,0,0
0.77,8.571428571428571,96.8899265593066,19,3,0,0,176.55999999999983,27.99999999999997,0,0
0.77,8.571428571428571,96.84849925579694,19,3,0,0,162.24999999999983,24.99999999999997,0,0
0.77,8.571428571428571,96.80772992807125,19,3,0,0,147.93999999999988,21.99999999999997,0,0
0.77,8.571428571428571,96.7682991769654,19,3,0,0,133.62999999999988,18.99999999999997,0,0
0.77,8.571428571428571,96.68302543256931,19,3,0,0,119.31999999999988,15.999999999999972,0,0
0.77,8.571428571428571,96.56198067461195,19,3,0,0,105.00999999999982,12.999999999999972,0,0
0.77,8.571428571428571,96.49603224776807,19,3,0,0,90.69999999999987,9.999999999999972,0,0
0.77,8.571428571428571,96.45479364811376,19,3,0,0,76.38999999999987,6.999999999999972,0,0
0.77,8.571428571428571,96.39900598274156,19,3,0,0,62.07999999999987,3.9999999999999716,0,0
0.77,8.571428571428571,96.29908537477176,19,3,0,0,47.76999999999987,0.9999999999999716,0,0
0.78,8.571428571428571,96.25807472259086,19,3,0,0,43,0.0,0,0
0.78,8.571428571428571,96.24077367700801,20,3,0,0,57.31,3.0,0,0
0.78,8.571428571428571,96.34922168219308,20,3,0,0,71.62,6.0,0,0
0.78,8.571428571428571,96.41659447014943,20,3,0,0,85.93,9.0,0,0
0.78,8.571428571428571,96.38311016553237,20,3,0,0,100.24000000000001,12.0,0,0
0.78,8.571428571428571,96.44872406898534,20,3,0,0,114.55000000000001,15.0,0,0
0.78,8.571428571428571,96.56398006017182,20,3,0,0,128.86,18.0,0,0
0.78,8.571428571428571,96.53606143907041,20,3,0,0,143.16999999999996,21.0,0,0
0.78,8.571428571428571,96.56805285441895,20,3,0,0,157.48000000000002,24.0,0,0
0.78,8.571428571428571,96.52142045123261,20,3,0,0,171.79000000000002,27.0,0,0
0.80,8.571428571428571,96.58738058609876,20,3,0,0,186.10000000000002,30.0,0,0
0.80,8.571428571428571,96.59662709212951,20,3,0,0,200.40999999999997,33.0,0,0
0.80,8.571428571428571,96.68047404079849,21,3,0,0,214.71999999999997,36.0,0,0
0.80,8.571428571428571,96.66182003430677,21,3,0,0,229.03000000000003,39.0,0,0
0.80,8.571428571428571,96.67797453124858,21,3,0,0,243.34000000000003,42.00000000000001,0,0
0.80,8.571428571428571,96.75502782543502,22,3,0,0,257.65000000000003,45.00000000000001,0,0
0.80,8.571428571428571,96.80016777506982,22,3,0,0,271.96000000000004,48.00000000000001,0,0
0.80,8.571428571428571,96.90976066746126,22,3,0,0,286.27000000000004,51.00000000000001,0,0
0.80,8.571428571428571,97.07275983707265,22,3,0,0,300.58000000000004,54.00000000000001,0,0
0.80,8.571428571428571,97.25498871793557,22,3,0,0,314.89000000000004,57.000000000000014,0,0
0.82,8.571428571428571,97.40629123065932,23,3,0,0,329.20000000000005,60.00000000000001,0,0
0.82,8.571428571428571,97.46793276091726,23,3,0,0,343.51,63.0,0,0
0.82,8.571428571428571,97.59258481482001,23,3,0,0,357.82,66.0,0,0
0.82,8.571428571428571,97.77683184298206,23,3,0,0,372.13,69.0,0,0
0.82,8.571428571428571,97.91577564701065,23,3,0,0,386.44,72.0,0,0
0.82,8.571428571428571,98.04558174239564,23,3,0,0,400.75,75.0,0,0
0.82,8.571428571428571,98.17678498028741,23,3,0,0,415.06,78.0,0,0
0.82,8.571428571428571,98.32808996707786,23,3,0,0,429.37,81.0,0,0
0.82,8.571428571428571,98.4568113953449,24,3,0,0,443.68,84.0,0,0
0.82,8.571428571428571,98.57770685108868,24,3,0,0,457.99,87.0,0,0
0.83,8.571428571428571,98.65399486227919,24,3,0,0,472.3,90.0,0,0
0.83,8.571428571428571,98.76114470585071,24,3,0,0,486.61,93.0,0,0
0.83,8.571428571428571,98.82819940913949,24,3,0,0,500.92,96.0,0,0
0.83,8.571428571428571,99.03489476771671,24,3,0,0,515.23,99.0,0,0
0.83,8.571428571428571,99.16564123448556,24,3,0,0,520,100.0,0,0
0.83,8.571428571428571,99.0837320484497,24,3,0,0,505.69,97.0,0,0
0.83,8.571428571428571,99.00037482254437,24,3,0,0,491.38,94.0,0,0
0.83,8.571428571428571,98.92796172188947,24,3,0,0,477.07,91.0,0,0
0.83,8.571428571428571,98.79264027614283,24,3,0,0,462.76,88.0,0,0
0.83,8.571428571428571,98.67589582714271,24,3,0,0,448.45,85.0,0,0
0.85,8.571428571428571,98.56304212316124,24,3,0,0,434.14,82.0,0,0
0.85,8.571428571428571,98.42376551344854,24,3,0,0,419.83,79.0,0,0
0.85,8.571428571428571,98.33867307207662,24,3,0,0,405.52,76.0,0,0
0.85,8.571428571428571,98.31793534288988,24,3,0,0,391.21,73.0,0,0
0.85,8.571428571428571,98.19974794034694,24,3,0,0,376.9,70.0,0,0
0.85,8.571428571428571,98.18040536498837,24,3,0,0,362.59000000000003,67.0,0,0
0.85,8.571428571428571,98.08481171443447,24,3,0,0,348.28,63.99999999999999,0,0
0.85,8.571428571428571,98.05234907921292,24,3,0,0,333.96999999999997,60.99999999999999,0,0
0.85,8.571428571428571,98.01419612368773,24,3,0,0,319.65999999999997,57.99999999999999,0,0
0.85,8.571428571428571,98.01206714879063,24,3,0,0,305.34999999999997,54.99999999999999,0,0
0.87,8.571428571428571,97.92389100659499,24,3,0,0,291.03999999999996,51.99999999999999,0,0
0.87,8.571428571428571,97.84065631890242,24,3,0,0,276.7299999999999,48.99999999999998,0,0
0.87,8.571428571428571,97.71292930824302,25,3,0,0,262.4199999999999,45.99999999999997,0,0
0.87,8.571428571428571,97.63596556157745,25,3,0,0,248.10999999999984,42.99999999999997,0,0
0.87,8.571428571428571,97.52086205509679,25,3,0,0,233.79999999999984,39.99999999999997,0,0
0.87,8.571428571428571,97.48279203383677,25,3,0,0,219.48999999999984,36.999999999999964,0,0
0.87,8.571428571428571,97.40296091623506,25,3,0,0,205.1799999999999,33.99999999999997,0,0
0.87,8.571428571428571,97.32344989451934,25,3,0,0,190.8699999999999,30.99999999999997,0,0
0.87,8.571428571428571,97.26335195713907,25,3,0,0,176.55999999999983,27.99999999999997,0,0
0.87,8.571428571428571,97.13394014548801,25,3,0,0,162.24999999999983,24.99999999999997,0,0
0.88,8.571428571428571,97.00825841912639,25,3,0,0,147.93999999999988,21.99999999999997,0,0
0.88,8.571428571428571,96.9217392943189,25,3,0,0,133.62999999999988,18.99999999999997,0,0
0.88,8.571428571428571,96.84004673766263,25,3,0,0,119.31999999999988,15.999999999999972,0,0
0.88,8.571428571428571,96.68772783303139,25,3,0,0,105.00999999999982,12.999999999999972,0,0
0.88,8.571428571428571,96.59998788947333,25,3,0,0,90.69999999999987,9.999999999999972,0,0
0.88,8.571428571428571,96.52960824904146,25,3,0,0,76.38999999999987,6.999999999999972,0,0
0.88,8.571428571428571,96.44379445445185,25,3,0,0,62.07999999999987,3.9999999999999716,0,0
0.88,8.571428571428571,96.3366723535192,26,3,0,0,47.76999999999987,0.9999999999999716,0,0
0.88,8.571428571428571,96.33392067748716,26,3,0,0,43,0.0,0,0
0.88,8.571428571428571,96.3490349738722,26,3,0,0,57.31,3.0,0,0
0.90,8.571428571428571,96.4178843628875,26,3,0,0,71.62,6.0,0,0
0.90,8.571428571428571,96.46708133909911,26,3,0,0,85.93,9.0,0,0
0.90,8.571428571428571,96.46749749348669,26,3,0,0,100.24000000000001,12.0,0,0
0.90,8.571428571428571,96.54420624976619,26,3,0,0,114.55000000000001,15.0,0,0
0.90,8.571428571428571,96.53915813491976,26,3,0,0,128.86,18.0,0,0
0.90,8.571428571428571,96.56831974863832,26,3,0,0,143.16999999999996,21.0,0,0
0.90,8.571428571428571,96.511130714841,26,3,0,0,157.48000000000002,24.0,0,0
0.90,8.571428571428571,96.58251387282691,26,3,0,0,171.79000000000002,27.0,0,0
0.90,8.571428571428571,96.59643085167501,26,3,0,0,186.10000000000002,30.0,0,0
0.90,8.571428571428571,96.61414278584195,26,3,0,0,200.40999999999997,33.0,0,0
0.92,8.571428571428571,96.65229540258504,26,3,0,0,214.71999999999997,36.0,0,0
0.92,8.571428571428571,96.71959422357172,26,3,0,0,229.03000000000003,39.0,0,0
0.92,8.571428571428571,96.76261748264785,26,3,0,0,243.34000000000003,42.00000000000001,0,0
0.92,8.571428571428571,96.83886496558065,26,3,0,0,257.65000000000003,45.00000000000001,0,0
0.92,8.571428571428571,96.92055104983494,26,3,0,0,271.96000000000004,48.00000000000001,0,0
0.92,8.571428571428571,97.01674278364881,26,3,0,0,286.27000000000004,51.00000000000001,0,0
0.92,8.571428571428571,97.14502151752222,26,3,0,0,300.58000000000004,54.00000000000001,0,0
0.92,8.571428571428571,97.16107569778177,26,3,0,0,314.89000000000004,57.000000000000014,0,0
0.92,8.571428571428571,97.27809304019183,26,3,0,0,329.20000000000005,60.00000000000001,0,0
0.92,8.571428571428571,97.46203167735156,26,3,0,0,343.51,63.0,0,0
0.93,8.571428571428571,97.51106892061678,26,3,0,0,357.82,66.0,0,0
0.93,8.571428571428571,97.66484292335134,26,3,0,0,372.13,69.0,0,0
0.93,8.571428571428571,97.73261608153604,26,3,0,0,386.44,72.0,0,0
0.93,8.571428571428571,97.9032554610484,26,3,0,0,400.75,75.0,0,0
0.93,8.571428571428571,98.00544058606353,26,3,0,0,415.06,78.0,0,0
0.93,8.571428571428571,98.09117407841482,27,3,0,0,429.37,81.0,0,0
0.93,8.571428571428571,98.16963200147961,27,3,0,0,443.68,84.0,0,0
0.93,8.571428571428571,98.35032539927113,27,3,0,0,457.99,87.0,0,0
0.93,8.571428571428571,98.4017691956551,27,3,0,0,472.3,90.0,0,0
0.93,8.571428571428571,98.57526369821593,27,3,0,0,486.61,93.0,0,0
0.95,8.571428571428571,98.73340834666477,27,3,0,0,500.92,96.0,0,0
0.95,8.571428571428571,98.83996943409348,27,3,0,0,515.23,99.0,0,0
0.95,8.571428571428571,98.98405630551463,27,3,0,0,520,100.0,0,0
0.95,8.571428571428571,98.85696295343921,27,3,0,0,505.69,97.0,0,0
0.95,8.571428571428571,98.79642459661605,27,3,0,0,491.38,94.0,0,0
0.95,8.571428571428571,98.7266069116116,27,3,0,0,477.07,91.0,0,0
0.95,8.571428571428571,98.64008221135062,27,3,0,0,462.76,88.0,0,0
0.95,8.571428571428571,98.53434106494815,27,3,0,0,448.45,85.0,0,0
0.95,8.571428571428571,98.44790585810121,27,3,0,0,434.14,82.0,0,0
0.95,8.571428571428571,98.35929403722639,27,3,0,0,419.83,79.0,0,0
0.97,8.571428571428571,98.29105385165174,27,3,0,0,405.52,76.0,0,0
0.97,8.571428571428571,98.25835777071303,27,3,0,0,391.21,73.0,0,0
0.97,8.571428571428571,98.19053682496299,27,3,0,0,376.9,70.0,0,0
0.97,8.571428571428571,98.14556771094158,28,3,0,0,362.59000000000003,67.0,0,0
0.97,8.571428571428571,98.09193782328366,28,3,0,0,348.28,63.99999999999999,0,0
0.97,8.571428571428571,97.98141400642228,28,3,0,0,333.96999999999997,60.99999999999999,0,0
0.97,8.571428571428571,97.88877711280628,28,3,0,0,319.65999999999997,57.99999999999999,0,0
0.97,8.571428571428571,97.78273036556153,28,3,0,0,305.34999999999997,54.99999999999999,0,0
0.97,8.571428571428571,97.76242523345375,28,3,0,0,291.03999999999996,51.99999999999999,0,0
0.97,8.571428571428571,97.71262319760876,28,3,0,0,276.7299999999999,48.99999999999998,0,0
0.98,8.571428571428571,97.7055362207908,28,3,0,0,262.4199999999999,45.99999999999997,0,0
0.98,8.571428571428571,97.58827787194014,28,3,0,0,248.10999999999984,42.99999999999997,0,0
0.98,8.571428571428571,97.56141096756882,28,3,0,0,233.79999999999984,39.99999999999997,0,0
0.98,8.571428571428571,97.50761094403747,28,3,0,0,219.48999999999984,36.999999999999964,0,0
0.98,8.571428571428571,97.43608615615052,29,3,0,0,205.1799999999999,33.99999999999997,0,0
0.98,8.571428571428571,97.38175135749283,29,3,0,0,190.8699999999999,30.99999999999997,0,0
0.98,8.571428571428571,97.3241639629748,29,3,0,0,176.55999999999983,27.99999999999997,0,0
0.98,8.571428571428571,97.25883586175313,29,3,0,0,162.24999999999983,24.99999999999997,0,0
0.98,8.571428571428571,97.17663984701295,29,3,0,0,147.93999999999988,21.99999999999997,0,0
0.98,8.571428571428571,97.06296195916688,29,3,0,0,133.62999999999988,18.99999999999997,0,0
1.00,8.571428571428571,96.94883580793399,29,3,0,0,119.31999999999988,15.999999999999972,0,0
1.00,8.571428571428571,96.87196515261704,29,3,0,0,105.00999999999982,12.999999999999972,0,0
1.00,8.571428571428571,96.83475751941839,29,3,0,0,90.69999999999987,9.999999999999972,0,0
1.00,8.571428571428571,96.71664278801151,29,3,0,0,76.38999999999987,6.999999999999972,0,0
1.00,8.571428571428571,96.65680208260159,29,3,0,0,62.07999999999987,3.9999999999999716,0,0
1.00,8.571428571428571,96.58279553211338,29,3,0,0,47.76999999999987,0.9999999999999716,0,0
1.00,8.571428571428571,96.50820826892324,29,3,0,0,43,0.0,0,0
1.00,8.571428571428571,96.5635613668055,29,3,0,0,57.31,3.0,0,0
1.00,8.571428571428571,96.60881266384618,29,3,0,0,71.62,6.0,0,0
1.02,8.571428571428571,96.63057197456905,29,3,0,0,85.93,9.0,0,0
1.02,8.571428571428571,96.71673364496212,30,3,0,0,100.24000000000001,12.0,0,0
1.02,8.571428571428571,96.76221490833642,30,3,0,0,114.55000000000001,15.0,0,0
1.02,8.571428571428571,96.73804407017498,30,3,0,0,128.86,18.0,0,0
1.02,8.571428571428571,96.76632034345165,30,3,0,0,143.16999999999996,21.0,0,0
1.02,8.571428571428571,96.85708836843182,31,3,0,0,157.48000000000002,24.0,0,0
1.02,8.571428571428571,96.86164878774781,31,3,0,0,171.79000000000002,27.0,0,0
1.02,8.571428571428571,96.92811648594542,32,3,0,0,186.10000000000002,30.0,0,0
1.02,8.571428571428571,96.92365717375304,32,3,0,0,200.40999999999997,33.0,0,0
1.02,8.571428571428571,96.98981545695764,32,3,0,0,214.71999999999997,36.0,0,0
1.03,8.571428571428571,97.04397643508231,32,3,0,0,229.03000000000003,39.0,0,0
1.03,8.571428571428571,97.0950681689576,32,3,0,0,243.34000000000003,42.00000000000001,0,0
1.03,8.571428571428571,97.1738182399183,32,3,0,0,257.65000000000003,45.00000000000001,0,0
1.03,8.571428571428571,97.19447157401177,32,3,0,0,271.96000000000004,48.00000000000001,0,0
1.03,8.571428571428571,97.29490631942498,32,3,0,0,286.27000000000004,51.00000000000001,0,0
1.03,8.571428571428571,97.37492005274864,32,3,0,0,300.58000000000004,54.00000000000001,0,0
1.03,8.571428571428571,97.43007507423886,32,3,0,0,314.89000000000004,57.000000000000014,0,0
1.03,8.571428571428571,97.48507823067376,32,3,0,0,329.20000000000005,60.00000000000001,0,0
1.03,8.571428571428571,97.67867567466152,32,3,0,0,343.51,63.0,0,0
1.03,8.571428571428571,97.82991000999435,32,3,0,0,357.82,66.0,0,0
1.05,8.571428571428571,97.86404319070202,32,3,0,0,372.13,69.0,0,0
1.05,8.571428571428571,97.96658409673768,32,3,0,0,386.44,72.0,0,0
1.05,8.571428571428571,98.05966272348007,32,3,0,0,400.75,75.0,0,0
1.05,8.571428571428571,98.16955615255335,32,3,0,0,415.06,78.0,0,0
1.05,8.571428571428571,98.22243463595295,32,3,0,0,429.37,81.0,0,0
1.05,8.571428571428571,98.28582054653042,32,3,0,0,443.68,84.0,0,0
1.05,8.571428571428571,98.38083213264053,32,3,0,0,457.99,87.0,0,0
1.05,8.571428571428571,98.41322246169848,32,3,0,0,472.3,90.0,0,0
1.05,8.571428571428571,98.5407334519066,32,3,0,0,486.61,93.0,0,0
1.05,8.571428571428571,98.59515554147205,32,3,0,0,500.92,96.0,0,0
1.07,8.571428571428571,98.71921154549723,32,3,0,0,515.23,99.0,0,0
1.07,8.571428571428571,98.83478647790618,32,3,0,0,520,100.0,0,0
1.07,8.571428571428571,98.79997651453617,32,3,0,0,505.69,97.0,0,0
1.07,8.571428571428571,98.74069600946302,33,3,0,0,491.38,94.0,0,0
1.07,8.571428571428571,98.63595111816647,33,3,0,0,477.07,91.0,0,0
1.07,8.571428571428571,98.55874901258889,33,3,0,0,462.76,88.0,0,0
1.07,8.571428571428571,98.51831975344142,33,3,0,0,448.45,85.0,0,0
1.07,8.571428571428571,98.39695321751505,33,3,0,0,434.14,82.0,0,0
1.07,8.571428571428571,98.34813240966291,33,3,0,0,419.83,79.0,0,0
1.07,8.571428571428571,98.27868575569879,33,3,0,0,405.52,76.0,0,0
1.08,8.571428571428571,98.22817394648366,33,3,0,0,391.21,73.0,0,0
1.08,8.571428571428571,98.11735203303915,33,3,0,0,376.9,70.0,0,0
1.08,8.571428571428571,98.03631675584839,33,3,0,0,362.59000000000003,67.0,0,0
1.08,8.571428571428571,97.9939135093668,33,3,0,0,348.28,63.99999999999999,0,0
1.08,8.571428571428571,97.91984048558665,33,3,0,0,333.96999999999997,60.99999999999999,0,0
1.10,8.571428571428571,97.856929249681,34,3,0,0,319.65999999999997,57.99999999999999,0,0
1.10,8.571428571428571,97.82835581620972,34,3,0,0,305.34999999999997,54.99999999999999,0,0
1.10,8.571428571428571,97.76456673087787,34,3,0,0,291.03999999999996,51.99999999999999,0,0
1.10,8.571428571428571,97.7470530779587,34,3,0,0,276.7299999999999,48.99999999999998,0,0
1.10,8.571428571428571,97.64581152210023,34,3,0,0,262.4199999999999,45.99999999999997,0,0
1.10,8.571428571428571,97.58678280582761,34,3,0,0,248.10999999999984,42.99999999999997,0,0
1.10,8.571428571428571,97.53541696058038,34,3,0,0,233.79999999999984,39.99999999999997,0,0
1.10,8.571428571428571,97.44890007374578,34,3,0,0,219.48999999999984,36.999999999999964,0,0
1.10,8.571428571428571,97.39767622242434,34,3,0,0,205.1799999999999,33.99999999999997,0,0
1.10,8.571428571428571,97.37787987315542,35,3,0,0,190.8699999999999,30.99999999999997,0,0
1.12,8.571428571428571,97.32342906275437,35,3,0,0,176.55999999999983,27.99999999999997,0,0
1.12,8.571428571428571,97.24215967560083,35,3,0,0,162.24999999999983,24.99999999999997,0,0
1.12,8.571428571428571,97.21894264185335,35,3,0,0,147.93999999999988,21.99999999999997,0,0
1.12,8.571428571428571,97.1596650894778,35,3,0,0,133.62999999999988,18.99999999999997,0,0
1.12,8.571428571428571,97.15057896618995,35,3,0,0,119.31999999999988,15.999999999999972,0,0
1.12,8.571428571428571,97.08668252239207,35,3,0,0,105.00999999999982,12.999999999999972,0,0
1.12,8.571428571428571,97.03643358564727,35,3,0,0,90.69999999999987,9.999999999999972,0,0
1.12,8.571428571428571,96.9670800398145,35,3,0,0,76.38999999999987,6.999999999999972,0,0
1.12,8.571428571428571,96.91196308560859,35,3,0,0,62.07999999999987,3.9999999999999716,0,0
1.12,8.571428571428571,96.89668664446417,35,3,0,0,47.76999999999987,0.9999999999999716,0,0
1.13,8.571428571428571,96.86835348548611,35,3,0,0,43,0.0,0,0
1.13,8.571428571428571,96.87823976237277,35,3,0,0,57.31,3.0,0,0
1.13,8.571428571428571,96.8635425749815,35,3,0,0,71.62,6.0,0,0
1.13,8.571428571428571,96.88099934822993,35,3,0,0,85.93,9.0,0,0
1.13,8.571428571428571,96.91366624713457,35,3,0,0,100.24000000000001,12.0,0,0
1.13,8.571428571428571,96.90537891402087,35,3,0,0,114.55000000000001,15.0,0,0
1.13,8.571428571428571,96.92749073421119,36,3,0,0,128.86,18.0,0,0
1.13,8.571428571428571,96.90392691280181,36,3,0,0,143.16999999999996,21.0,0,0
1.13,8.571428571428571,96.97033902361244,36,3,0,0,157.48000000000002,24.0,0,0
1.13,8.571428571428571,97.04047085631456,36,3,0,0,171.79000000000002,27.0,0,0
1.15,8.571428571428571,97.11813691479101,36,3,0,0,186.10000000000002,30.0,0,0
1.15,8.571428571428571,97.08685834836912,36,3,0,0,200.40999999999997,33.0,0,0
1.15,8.571428571428571,97.08752260730854,36,3,0,0,214.71999999999997,36.0,0,0
1.15,8.571428571428571,97.09988590492529,36,3,0,0,229.03000000000003,39.0,0,0
1.15,8.571428571428571,97.10861157570507,36,3,0,0,243.34000000000003,42.00000000000001,0,0
1.15,8.571428571428571,97.1016644223694,36,3,0,0,257.65000000000003,45.00000000000001,0,0
1.15,8.571428571428571,97.09657071371527,36,3,0,0,271.96000000000004,48.00000000000001,0,0
1.15,8.571428571428571,97.1938410979837,36,3,0,0,286.27000000000004,51.00000000000001,0,0
1.15,8.571428571428571,97.30484024811372,36,3,0,0,300.58000000000004,54.00000000000001,0,0
1.15,8.571428571428571,97.3593043584421,36,3,0,0,314.89000000000004,57.000000000000014,0,0
1.17,8.571428571428571,97.38555484094744,36,3,0,0,329.20000000000005,60.00000000000001,0,0
1.17,8.571428571428571,97.4582880073502,37,3,0,0,343.51,63.0,0,0
1.17,8.571428571428571,97.50829097378322,37,3,0,0,357.82,66.0,0,0
1.17,8.571428571428571,97.58730578434792,37,3,0,0,372.13,69.0,0,0
1.17,8.571428571428571,97.66992786964786,37,3,0,0,386.44,72.0,0,0
1.17,8.571428571428571,97.71615948445722,37,3,0,0,400.75,75.0,0,0
1.17,8.571428571428571,97.85990576246826,37,3,0,0,415.06,78.0,0,0
1.17,8.571428571428571,97.97141213558548,37,3,0,0,429.37,81.0,0,0
1.17,8.571428571428571,97.99698784212518,37,3,0,0,443.68,84.0,0,0
1.17,8.571428571428571,98.08603135419375,37,4,0,0,457.99,87.0,0,0
1.18,8.571428571428571,98.20801311625047,37,4,0,0,472.3,90.0,0,0
1.18,8.571428571428571,98.35343247433177,37,4,0,0,486.61,93.0,0,0
1.18,8.571428571428571,98.48997344992365,37,4,0,0,500.92,96.0,0,0
1.18,8.571428571428571,98.57253247614734,37,4,0,0,515.23,99.0,0,0
1.18,8.571428571428571,98.64524871574466,37,4,0,0,520,100.0,0,0
1.18,8.571428571428571,98.55806843387099,37,4,0,0,505.69,97.0,0,0
1.18,8.571428571428571,98.5356706726102,37,4,0,0,491.38,94.0,0,0
1.18,8.571428571428571,98.46360427859695,37,4,0,0,477.07,91.0,0,0
1.18,8.571428571428571,98.43468928577289,37,4,0,0,462.76,88.0,0,0
1.18,8.571428571428571,98.36878653710548,37,4,0,0,448.45,85.0,0,0
1.20,8.571428571428571,98.30442672207066,37,4,0,0,434.14,82.0,0,0
1.20,8.571428571428571,98.22810163396709,37,4,0,0,419.83,79.0,0,0
1.20,8.571428571428571,98.16154126805476,37,4,0,0,405.52,76.0,0,0
1.20,8.571428571428571,98.11910535404037,37,4,0,0,391.21,73.0,0,0
1.20,8.571428571428571,98.08430925927794,37,4,0,0,376.9,70.0,0,0
1.20,8.571428571428571,98.00423991888466,37,4,0,0,362.59000000000003,67.0,0,0
1.20,8.571428571428571,97.91640818631575,37,4,0,0,348.28,63.99999999999999,0,0
1.20,8.571428571428571,97.86008517926136,37,4,0,0,333.96999999999997,60.99999999999999,0,0
1.20,8.571428571428571,97.8224655145506,37,4,0,0,319.65999999999997,57.99999999999999,0,0
1.20,8.571428571428571,97.80089488087165,37,4,0,0,305.34999999999997,54.99999999999999,0,0
1.22,8.571428571428571,97.76770488253628,37,4,0,0,291.03999999999996,51.99999999999999,0,0
1.22,8.571428571428571,97.71793841057276,37,4,0,0,276.7299999999999,48.99999999999998,0,0
1.22,8.571428571428571,97.66639110412613,37,4,0,0,262.4199999999999,45.99999999999997,0,0
1.22,8.571428571428571,97.5818891961003,37,4,0,0,248.10999999999984,42.99999999999997,0,0
1.22,8.571428571428571,97.5334582785827,38,4,0,0,233.79999999999984,39.99999999999997,0,0
1.22,8.571428571428571,97.45843171336577,38,4,0,0,219.48999999999984,36.999999999999964,0,0
1.22,8.571428571428571,97.41304142367109,38,4,0,0,205.1799999999999,33.99999999999997,0,0
1.22,8.571428571428571,97.3601100050656,38,4,0,0,190.8699999999999,30.99999999999997,0,0
1.22,8.571428571428571,97.31963978296625,39,4,0,0,176.55999999999983,27.99999999999997,0,0
1.22,8.571428571428571,97.21628028208019,39,4,0,0,162.24999999999983,24.99999999999997,0,0
1.23,8.571428571428571,97.1808438029571,39,4,0,0,147.93999999999988,21.99999999999997,0,0
1.23,8.571428571428571,97.10543635460827,39,4,0,0,133.62999999999988,18.99999999999997,0,0
1.23,8.571428571428571,97.04347099250744,39,4,0,0,119.31999999999988,15.999999999999972,0,0
1.23,8.571428571428571,96.96381345651585,39,4,0,0,105.00999999999982,12.999999999999972,0,0
1.23,8.571428571428571,96.92285128016003,39,4,0,0,90.69999999999987,9.999999999999972,0,0
1.23,8.571428571428571,96.83599389630092,39,4,0,0,76.38999999999987,6.999999999999972,0,0
1.23,8.571428571428571,96.78884835954563,39,4,0,0,62.07999999999987,3.9999999999999716,0,0
1.23,8.571428571428571,96.74308783126148,39,4,0,0,47.76999999999987,0.9999999999999716,0,0
1.23,8.571428571428571,96.66212457087299,39,4,0,0,43,0.0,0,0
1.23,8.571428571428571,96.70666621448622,39,4,0,0,57.31,3.0,0,0
1.25,8.571428571428571,96.74934122585346,39,4,0,0,71.62,6.0,0,0
1.25,8.571428571428571,96.74446018765587,39,4,0,0,85.93,9.0,0,0
1.25,8.571428571428571,96.77766771482786,39,4,0,0,100.24000000000001,12.0,0,0
1.25,8.571428571428571,96.79341080334386,39,4,0,0,114.55000000000001,15.0,0,0
1.25,8.571428571428571,96.80343104285849,39,4,0,0,128.86,18.0,0,0
1.25,8.571428571428571,96.850689259957,39,4,0,0,143.16999999999996,21.0,0,0
1.25,8.571428571428571,96.89255675977248,39,4,0,0,157.48000000000002,24.0,0,0
1.25,8.571428571428571,96.93291508662804,39,4,0,0,171.79000000000002,27.0,0,0
1.25,8.571428571428571,96.96775950969511,39,4,0,0,186.10000000000002,30.0,0,0
1.25,8.571428571428571,96.98257830570813,39,4,0,0,200.40999999999997,33.0,0,0
1.27,8.571428571428571,97.01369884664444,39,4,0,0,214.71999999999997,36.0,0,0
1.27,8.571428571428571,97.05449099518471,39,4,0,0,229.03000000000003,39.0,0,0
1.27,8.571428571428571,97.09784624104486,39,4,0,0,243.34000000000003,42.00000000000001,0,0
1.27,8.571428571428571,97.09689418485569,39,4,0,0,257.65000000000003,45.00000000000001,0,0
1.27,8.571428571428571,97.11761693691237,39,4,0,0,271.96000000000004,48.00000000000001,0,0
1.27,8.571428571428571,97.24617499295474,39,4,0,0,286.27000000000004,51.00000000000001,0,0
1.27,8.571428571428571,97.37374900496675,39,4,0,0,300.58000000000004,54.00000000000001,0,0
1.27,8.571428571428571,97.4527466177513,39,4,0,0,314.89000000000004,57.000000000000014,0,0
1.27,8.571428571428571,97.54497686397738,39,4,0,0,329.20000000000005,60.00000000000001,0,0
1.27,8.571428571428571,97.65681735235708,39,4,0,0,343.51,63.0,0,0
1.28,8.571428571428571,97.75469947197053,39,4,0,0,357.82,66.0,0,0
1.28,8.571428571428571,97.77320770918766,39,4,0,0,372.13,69.0,0,0
1.28,8.571428571428571,97.86197247783771,40,4,0,0,386.44,72.0,0,0
1.28,8.571428571428571,97.97511932953756,40,4,0,0,400.75,75.0,0,0
1.28,8.571428571428571,98.02471130322225,40,4,0,0,415.06,78.0,0,0
1.28,8.571428571428571,98.0622130633213,40,4,0,0,429.37,81.0,0,0
1.28,8.571428571428571,98.13101557337782,40,4,0,0,443.68,84.0,0,0
1.28,8.571428571428571,98.17833029259599,41,4,0,0,457.99,87.0,0,0
1.28,8.571428571428571,98.25867890962503,41,4,0,0,472.3,90.0,0,0
1.28,8.571428571428571,98.38867592888938,41,4,0,0,486.61,93.0,0,0
1.30,8.571428571428571,98.52137473208813,41,4,0,0,500.92,96.0,0,0
1.30,8.571428571428571,98.5370072851062,41,4,0,0,515.23,99.0,0,0
1.30,8.571428571428571,98.6158985981071,41,4,0,0,520,100.0,0,0
1.30,8.571428571428571,98.55078951507684,41,4,0,0,505.69,97.0,0,0
1.30,8.571428571428571,98.50987262986008,41,4,0,0,491.38,94.0,0,0
1.30,8.571428571428571,98.48673951175114,42,4,0,0,477.07,91.0,0,0
1.30,8.571428571428571,98.4404045980841,42,4,0,0,462.76,88.0,0,0
1.30,8.571428571428571,98.34710590073819,42,4,0,0,448.45,85.0,0,0
1.30,8.571428571428571,98.32285683319047,42,4,0,0,434.14,82.0,0,0
1.30,8.571428571428571,98.25414655760953,42,4,0,0,419.83,79.0,0,0
1.32,8.571428571428571,98.20714525953028,42,4,0,0,405.52,76.0,0,0
1.32,8.571428571428571,98.18513804345251,42,4,0,0,391.21,73.0,0,0
1.32,8.571428571428571,98.16308543394682,42,4,0,0,376.9,70.0,0,0
1.32,8.571428571428571,98.12523767514585,42,4,0,0,362.59000000000003,67.0,0,0
1.32,8.571428571428571,98.08805057549831,42,4,0,0,348.28,63.99999999999999,0,0
1.32,8.571428571428571,98.05380167989306,42,4,0,0,333.96999999999997,60.99999999999999,0,0
1.32,8.571428571428571,97.98776448526773,42,4,0,0,319.65999999999997,57.99999999999999,0,0
1.32,8.571428571428571,97.94485062231674,42,4,0,0,305.34999999999997,54.99999999999999,0,0
1.32,8.571428571428571,97.91439964386387,42,4,0,0,291.03999999999996,51.99999999999999,0,0
1.32,8.571428571428571,97.85524763944181,42,4,0,0,276.7299999999999,48.99999999999998,0,0
1.33,8.571428571428571,97.79832733474142,42,4,0,0,262.4199999999999,45.99999999999997,0,0
1.33,8.571428571428571,97.7099300344825,42,4,0,0,248.10999999999984,42.99999999999997,0,0
1.33,8.571428571428571,97.64295283827957,42,4,0,0,233.79999999999984,39.99999999999997,0,0
1.33,8.571428571428571,97.58311831033014,42,4,0,0,219.48999999999984,36.999999999999964,0,0
1.33,8.571428571428571,97.53949413714524,42,4,0,0,205.1799999999999,33.99999999999997,0,0
1.33,8.571428571428571,97.50345213099723,42,4,0,0,190.8699999999999,30.99999999999997,0,0
1.33,8.571428571428571,97.43837145073604,42,4,0,0,176.55999999999983,27.99999999999997,0,0
1.33,8.571428571428571,97.37771481518536,42,4,0,0,162.24999999999983,24.99999999999997,0,0
1.33,8.571428571428571,97.35571646996446,42,4,0,0,147.93999999999988,21.99999999999997,0,0
1.33,8.571428571428571,97.31364901956921,42,4,0,0,133.62999999999988,18.99999999999997,0,0
1.35,8.571428571428571,97.29495563704775,42,4,0,0,119.31999999999988,15.999999999999972,0,0
1.35,8.571428571428571,97.2653979726461,42,4,0,0,105.00999999999982,12.999999999999972,0,0
1.35,8.571428571428571,97.17874134710883,42,4,0,0,90.69999999999987,9.999999999999972,0,0
1.35,8.571428571428571,97.13585126165854,42,4,0,0,76.38999999999987,6.999999999999972,0,0
1.35,8.571428571428571,97.07419139610924,42,4,0,0,62.07999999999987,3.9999999999999716,0,0
1.35,8.571428571428571,97.03495949027693,42,4,0,0,47.76999999999987,0.9999999999999716,0,0
1.35,8.571428571428571,96.99206768875472,42,4,0,0,43,0.0,0,0
1.35,8.571428571428571,97.01110499077282,42,4,0,0,57.31,3.0,0,0
1.35,8.571428571428571,97.0768806340986,43,4,0,0,71.62,6.0,0,0
1.35,8.571428571428571,97.11490897044959,43,4,0,0,85.93,9.0,0,0
1.37,8.571428571428571,97.1831523073165,43,4,0,0,100.24000000000001,12.0,0,0
1.37,8.571428571428571,97.19467507207355,43,4,0,0,114.55000000000001,15.0,0,0
1.37,8.571428571428571,97.21374639121393,43,4,0,0,128.86,18.0,0,0
1.37,8.571428571428571,97.28206027542558,43,4,0,0,143.16999999999996,21.0,0,0
1.37,8.571428571428571,97.31836615050187,44,4,0,0,157.48000000000002,24.0,0,0
1.37,8.571428571428571,97.31988810301716,44,4,0,0,171.79000000000002,27.0,0,0
1.37,8.571428571428571,97.2918303646883,44,4,0,0,186.10000000000002,30.0,0,0
1.37,8.571428571428571,97.36873439396184,44,4,0,0,200.40999999999997,33.0,0,0
1.37,8.571428571428571,97.35610769233824,44,4,0,0,214.71999999999997,36.0,0,0
1.37,8.571428571428571,97.36409611208256,44,4,0,0,229.03000000000003,39.0,0,0
1.38,8.571428571428571,97.37509622003758,45,4,0,0,243.34000000000003,42.00000000000001,0,0
1.38,8.571428571428571,97.39310342926528,45,4,0,0,257.65000000000003,45.00000000000001,0,0
1.38,8.571428571428571,97.40731327343767,45,4,0,0,271.96000000000004,48.00000000000001,0,0
1.38,8.571428571428571,97.4484876802846,45,4,0,0,286.27000000000004,51.00000000000001,0,0
1.38,8.571428571428571,97.56414141436157,45,4,0,0,300.58000000000004,54.00000000000001,0,0
1.38,8.571428571428571,97.61622114067983,45,4,0,0,314.89000000000004,57.000000000000014,0,0
1.38,8.571428571428571,97.6837527579416,45,4,0,0,329.20000000000005,60.00000000000001,0,0
1.38,8.571428571428571,97.74217979996502,45,4,0,0,343.51,63.0,0,0
1.38,8.571428571428571,97.77798237942748,45,4,0,0,357.82,66.0,0,0
1.38,8.571428571428571,97.83223622401081,45,4,0,0,372.13,69.0,0,0
1.40,8.571428571428571,97.9373350527392,45,4,0,0,386.44,72.0,0,0
1.40,8.571428571428571,98.0068137667897,45,4,0,0,400.75,75.0,0,0
1.40,8.571428571428571,98.10644947153563,45,4,0,0,415.06,78.0,0,0
1.40,8.571428571428571,98.12487170978063,45,4,0,0,429.37,81.0,0,0
1.40,8.571428571428571,98.19424875697204,45,4,0,0,443.68,84.0,0,0
1.40,8.571428571428571,98.2609121770729,46,4,0,0,457.99,87.0,0,0
1.40,8.571428571428571,98.3169573454172,46,4,0,0,472.3,90.0,0,0
1.40,8.571428571428571,98.39201576884717,46,4,0,0,486.61,93.0,0,0
1.40,8.571428571428571,98.45339103514677,46,4,0,0,500.92,96.0,0,0
1.40,8.571428571428571,98.56800399541422,46,4,0,0,515.23,99.0,0,0
1.42,8.571428571428571,98.65698538148652,46,4,0,0,520,100.0,0,0
1.42,8.571428571428571,98.59153841107216,46,5,0,0,505.69,97.0,0,0
1.42,8.571428571428571,98.54130924793236,46,5,0,0,491.38,94.0,0,0
1.42,8.571428571428571,98.52704830859219,46,5,0,0,477.07,91.0,0,0
1.42,8.571428571428571,98.48536619865783,46,5,0,0,462.76,88.0,0,0
1.42,8.571428571428571,98.4228950339331,47,5,0,0,448.45,85.0,0,0
1.42,8.571428571428571,98.38893062534734,47,5,0,0,434.14,82.0,0,0
1.42,8.571428571428571,98.32954090938073,47,5,0,0,419.83,79.0,0,0
1.42,8.571428571428571,98.29995810887526,47,5,0,0,405.52,76.0,0,0
1.42,8.571428571428571,98.2378984592058,47,5,0,0,391.21,73.0,0,0
1.43,8.571428571428571,98.169505300396,47,5,0,0,376.9,70.0,0,0
1.43,8.571428571428571,98.12502541028476,47,5,0,0,362.59000000000003,67.0,0,0
1.43,8.571428571428571,98.04725488218294,47,5,0,0,348.28,63.99999999999999,0,0
1.43,8.571428571428571,97.99966905631244,47,5,0,0,333.96999999999997,60.99999999999999,0,0
1.43,8.571428571428571,97.94442540271994,47,5,0,0,319.65999999999997,57.99999999999999,0,0
1.43,8.571428571428571,97.84324453506117,48,5,0,0,305.34999999999997,54.99999999999999,0,0
1.43,8.571428571428571,97.78890730422354,48,5,0,0,291.03999999999996,51.99999999999999,0,0
1.43,8.571428571428571,97.7139059951411,48,5,0,0,276.7299999999999,48.99999999999998,0,0
1.43,8.571428571428571,97.66313188033209,48,5,0,0,262.4199999999999,45.99999999999997,0,0
1.43,8.571428571428571,97.59961884617972,48,6,0,0,248.10999999999984,42.99999999999997,0,0
1.45,8.571428571428571,97.56117732892737,48,6,0,0,233.79999999999984,39.99999999999997,0,0
1.45,8.571428571428571,97.53854779358001,48,6,0,0,219.48999999999984,36.999999999999964,0,0
1.45,8.571428571428571,97.49821915600796,48,6,0,0,205.1799999999999,33.99999999999997,0,0
1.45,8.571428571428571,97.42237071728667,48,6,0,0,190.8699999999999,30.99999999999997,0,0
1.45,8.571428571428571,97.36082788427555,48,6,0,0,176.55999999999983,27.99999999999997,0,0
1.45,8.571428571428571,97.29566282758334,48,6,0,0,162.24999999999983,24.99999999999997,0,0
1.45,8.571428571428571,97.2329491799258,48,6,0,0,147.93999999999988,21.99999999999997,0,0
1.45,8.571428571428571,97.19642359968263,48,6,0,0,133.62999999999988,18.99999999999997,0,0
1.45,8.571428571428571,97.15384163411059,48,6,0,0,119.31999999999988,15.999999999999972,0,0
1.45,8.571428571428571,97.11813263882365,48,6,0,0,105.00999999999982,12.999999999999972,0,0
1.47,8.571428571428571,97.07545626472482,48,6,0,0,90.69999999999987,9.999999999999972,0,0
1.47,8.571428571428571,97.04558245383376,48,6,0,0,76.38999999999987,6.999999999999972,0,0
1.47,8.571428571428571,96.974325513399,48,6,0,0,62.07999999999987,3.9999999999999716,0,0
1.47,8.571428571428571,96.90502719624244,48,6,0,0,47.76999999999987,0.9999999999999716,0,0
1.47,8.571428571428571,96.86867582213128,48,6,0,0,43,0.0,0,0
1.47,8.571428571428571,96.87923197077805,48,6,0,0,57.31,3.0,0,0
1.47,8.571428571428571,96.9181164529337,48,6,0,0,71.62,6.0,0,0
1.47,8.571428571428571,96.94201451099808,48,6,0,0,85.93,9.0,0,0
1.47,8.571428571428571,96.98747595365147,48,6,0,0,100.24000000000001,12.0,0,0
1.47,8.571428571428571,97.02139101319584,48,6,0,0,114.55000000000001,15.0,0,0
1.48,8.571428571428571,97.05205604421317,48,6,0,0,128.86,18.0,0,0
1.48,8.571428571428571,97.04585828842052,48,6,0,0,143.16999999999996,21.0,0,0
1.48,8.571428571428571,97.06868087237086,48,6,0,0,157.48000000000002,24.0,0,0
1.48,8.571428571428571,97.08916953140495,48,6,0,0,171.79000000000002,27.0,0,0
1.48,8.571428571428571,97.13272421301289,48,6,0,0,186.10000000000002,30.0,0,0
1.48,8.571428571428571,97.15423550686246,48,6,0,0,200.40999999999997,33.0,0,0
1.48,8.571428571428571,97.19166064063921,48,6,0,0,214.71999999999997,36.0,0,0
1.48,8.571428571428571,97.22323176133055,48,6,0,0,229.03000000000003,39.0,0,0
1.48,8.571428571428571,97.25924500083775,48,6,0,0,243.34000000000003,42.00000000000001,0,0
1.48,8.571428571428571,97.29838462694717,48,6,0,0,257.65000000000003,45.00000000000001,0,0
1.50,8.571428571428571,97.35729528776821,48,6,0,0,271.96000000000004,48.00000000000001,0,0
1.50,8.571428571428571,97.46060022855191,48,6,0,0,286.27000000000004,51.00000000000001,0,0
1.50,8.571428571428571,97.52169251550701,48,6,0,0,300.58000000000004,54.00000000000001,0,0
1.50,8.571428571428571,97.57433004516224,48,6,0,0,314.89000000000004,57.000000000000014,0,0
1.50,8.571428571428571,97.61906644498832,48,6,0,0,329.20000000000005,60.00000000000001,0,0
1.50,8.571428571428571,97.69406773392703,48,6,0,0,343.51,63.0,0,0
1.50,8.571428571428571,97.76514435415137,48,6,0,0,357.82,66.0,0,0
1.50,8.571428571428571,97.87095974852926,48,6,0,0,372.13,69.0,0,0
1.50,8.571428571428571,97.90217377720816,48,6,0,0,386.44,72.0,0,0
1.50,8.571428571428571,97.98648631813813,48,6,0,0,400.75,75.0,0,0
1.52,8.571428571428571,98.0736632663545,48,6,0,0,415.06,78.0,0,0
1.52,8.571428571428571,98.16368089501128,48,6,0,0,429.37,81.0,0,0
1.52,8.571428571428571,98.24366349067681,48,6,0,0,443.68,84.0,0,0
1.52,8.571428571428571,98.35447661063199,48,6,0,0,457.99,87.0,0,0
1.52,8.571428571428571,98.42453454948208,48,6,0,0,472.3,90.0,0,0
1.52,8.571428571428571,98.4637322922918,48,6,0,0,486.61,93.0,0,0
1.52,8.571428571428571,98.49446003873153,48,6,0,0,500.92,96.0,0,0
1.52,8.571428571428571,98.55965158445483,48,6,0,0,515.23,99.0,0,0
1.52,8.571428571428571,98.64175121995102,49,6,0,0,520,100.0,0,0
1.52,8.571428571428571,98.60543954274911,49,6,0,0,505.69,97.0,0,0
1.53,8.571428571428571,98.54601014213775,49,6,0,0,491.38,94.0,0,0
1.53,8.571428571428571,98.54502315292923,49,6,0,0,477.07,91.0,0,0
1.53,8.571428571428571,98.47804391931314,49,6,0,0,462.76,88.0,0,0
1.53,8.571428571428571,98.46542087983754,49,6,0,0,448.45,85.0,0,0
1.53,8.571428571428571,98.40252184044586,49,6,0,0,434.14,82.0,0,0
1.53,8.571428571428571,98.31890657144136,49,6,0,0,419.83,79.0,0,0
1.53,8.571428571428571,98.25814871302738,49,6,0,0,405.52,76.0,0,0
1.53,8.571428571428571,98.22697056403726,49,6,0,0,391.21,73.0,0,0
1.53,8.571428571428571,98.16315388042203,49,6,0,0,376.9,70.0,0,0
1.53,8.571428571428571,98.11943148617988,49,6,0,0,362.59000000000003,67.0,0,0
1.55,8.571428571428571,98.0771231603127,49,6,0,0,348.28,63.99999999999999,0,0
1.55,8.571428571428571,98.0267389136501,49,6,0,0,333.96999999999997,60.99999999999999,0,0
1.55,8.571428571428571,98.00692379125877,49,6,0,0,319.65999999999997,57.99999999999999,0,0
1.55,8.571428571428571,97.95653774805635,49,6,0,0,305.34999999999997,54.99999999999999,0,0
1.55,8.571428571428571,97.9191679258973,50,6,0,0,291.03999999999996,51.99999999999999,0,0
1.55,8.571428571428571,97.89437739346887,50,6,0,0,276.7299999999999,48.99999999999998,0,0
1.55,8.571428571428571,97.85915609467867,50,6,0,0,262.4199999999999,45.99999999999997,0,0
1.55,8.571428571428571,97.81780190225362,50,6,0,0,248.10999999999984,42.99999999999997,0,0
1.55,8.571428571428571,97.77362712430029,50,6,0,0,233.79999999999984,39.99999999999997,0,0
1.55,8.571428571428571,97.75143877899545,50,6,0,0,219.48999999999984,36.999999999999964,0,0
1.57,8.571428571428571,97.713074979198,50,6,0,0,205.1799999999999,33.99999999999997,0,0
1.57,8.571428571428571,97.68621006628932,50,6,0,0,190.8699999999999,30.99999999999997,0,0
1.57,8.571428571428571,97.62570624214877,50,6,0,0,176.55999999999983,27.99999999999997,0,0
1.57,8.571428571428571,97.60908254129473,50,6,0,0,162.24999999999983,24.99999999999997,0,0
1.57,8.571428571428571,97.54071835988098,50,6,0,0,147.93999999999988,21.99999999999997,0,0
1.57,8.571428571428571,97.4970527055271,50,6,0,0,133.62999999999988,18.99999999999997,0,0
1.57,8.571428571428571,97.42265008638854,50,6,0,0,119.31999999999988,15.999999999999972,0,0
1.57,8.571428571428571,97.39583740442399,50,6,0,0,105.00999999999982,12.999999999999972,0,0
1.57,8.571428571428571,97.35328279608007,50,6,0,0,90.69999999999987,9.999999999999972,0,0
1.57,8.571428571428571,97.2863615947537,50,6,0,0,76.38999999999987,6.999999999999972,0,0
1.58,8.571428571428571,97.21548013355172,50,6,0,0,62.07999999999987,3.9999999999999716,0,0
1.58,8.571428571428571,97.16027916817777,50,6,0,0,47.76999999999987,0.9999999999999716,0,0
1.58,8.571428571428571,97.12579274307065,50,6,0,0,43,0.0,0,0
1.58,8.571428571428571,97.1318176205274,50,6,0,0,57.31,3.0,0,0
1.58,8.571428571428571,97.16662584782415,50,6,0,0,71.62,6.0,0,0
1.58,8.571428571428571,97.2133339365883,50,6,0,0,85.93,9.0,0,0
1.58,8.571428571428571,97.22615054474538,50,6,0,0,100.24000000000001,12.0,0,0
1.58,8.571428571428571,97.21025569315299,50,6,0,0,114.55000000000001,15.0,0,0
1.58,8.571428571428571,97.2665452119349,50,6,0,0,128.86,18.0,0,0
1.58,8.571428571428571,97.24775279736419,50,6,0,0,143.16999999999996,21.0,0,0
1.60,8.571428571428571,97.21763996513576,50,6,0,0,157.48000000000002,24.0,0,0
1.60,8.571428571428571,97.26470221061433,50,6,0,0,171.79000000000002,27.0,0,0
1.60,8.571428571428571,97.31453253204427,50,6,0,0,186.10000000000002,30.0,0,0
1.60,8.571428571428571,97.35981711745062,50,6,0,0,200.40999999999997,33.0,0,0
1.60,8.571428571428571,97.36015033946803,50,6,0,0,214.71999999999997,36.0,0,0
1.60,8.571428571428571,97.4198099084976,50,6,0,0,229.03000000000003,39.0,0,0
1.60,8.571428571428571,97.45019720305051,50,6,0,0,243.34000000000003,42.00000000000001,0,0
1.60,8.571428571428571,97.46905126005399,50,6,0,0,257.65000000000003,45.00000000000001,0,0
1.60,8.571428571428571,97.47595056211921,51,6,0,0,271.96000000000004,48.00000000000001,0,0
1.60,8.571428571428571,97.56097620761943,51,6,0,0,286.27000000000004,51.00000000000001,0,0
1.62,8.571428571428571,97.64745780850212,51,6,0,0,300.58000000000004,54.00000000000001,0,0
1.62,8.571428571428571,97.7147270722659,51,6,0,0,314.89000000000004,57.000000000000014,0,0
1.62,8.571428571428571,97.77618528817136,51,6,0,0,329.20000000000005,60.00000000000001,0,0
1.62,8.571428571428571,97.86459622488135,51,6,0,0,343.51,63.0,0,0
1.62,8.571428571428571,97.92492123538396,51,6,0,0,357.82,66.0,0,0
1.62,8.571428571428571,97.96893270352011,51,6,0,0,372.13,69.0,0,0
1.62,8.571428571428571,98.00251417563136,52,6,0,0,386.44,72.0,0,0
1.62,8.571428571428571,98.06685982445025,52,6,0,0,400.75,75.0,0,0
1.62,8.571428571428571,98.11772439148594,52,6,0,0,415.06,78.0,0,0
1.62,8.571428571428571,98.18624414264043,52,6,0,0,429.37,81.0,0,0
1.63,8.571428571428571,98.2217178700916,52,6,0,0,443.68,84.0,0,0
1.63,8.571428571428571,98.31022477667338,53,6,0,0,457.99,87.0,0,0
1.63,8.571428571428571,98.41213305768984,53,6,0,0,472.3,90.0,0,0
1.63,8.571428571428571,98.47938409191384,53,6,0,0,486.61,93.0,0,0
1.63,8.571428571428571,98.58407186483885,53,6,0,0,500.92,96.0,0,0
1.63,8.571428571428571,98.63311966053071,53,6,0,0,515.23,99.0,0,0
1.63,8.571428571428571,98.72206488765342,53,6,0,0,520,100.0,0,0
1.63,8.571428571428571,98.65522975814974,53,6,0,0,505.69,97.0,0,0
1.63,8.571428571428571,98.62950063903148,53,6,0,0,491.38,94.0,0,0
1.63,8.571428571428571,98.62468534578356,53,6,0,0,477.07,91.0,0,0
1.65,8.571428571428571,98.59671145684965,53,6,0,0,462.76,88.0,0,0
1.65,8.571428571428571,98.56039579237557,53,6,0,0,448.45,85.0,0,0
1.65,8.571428571428571,98.5198865673738,53,6,0,0,434.14,82.0,0,0
1.65,8.571428571428571,98.47050733038706,53,6,0,0,419.83,79.0,0,0
1.65,8.571428571428571,98.4099632790125,53,6,0,0,405.52,76.0,0,0
1.65,8.571428571428571,98.39477676611861,53,6,0,0,391.21,73.0,0,0
1.65,8.571428571428571,98.37746302480053,53,6,0,0,376.9,70.0,0,0
1.65,8.571428571428571,98.3666323709287,53,6,0,0,362.59000000000003,67.0,0,0
1.65,8.571428571428571,98.34740951948206,53,6,0,0,348.28,63.99999999999999,0,0
1.67,8.571428571428571,98.28443632407117,53,6,0,0,333.96999999999997,60.99999999999999,0,0
1.67,8.571428571428571,98.24215849521322,53,6,0,0,319.65999999999997,57.99999999999999,0,0
1.67,8.571428571428571,98.21366790237795,53,6,0,0,305.34999999999997,54.99999999999999,0,0
1.67,8.571428571428571,98.19027867665905,53,6,0,0,291.03999999999996,51.99999999999999,0,0
1.67,8.571428571428571,98.15489632185621,53,6,0,0,276.7299999999999,48.99999999999998,0,0
1.67,8.571428571428571,98.1397715511137,53,6,0,0,262.4199999999999,45.99999999999997,0,0
1.67,8.571428571428571,98.0781166167843,53,6,0,0,248.10999999999984,42.99999999999997,0,0
1.67,8.571428571428571,98.03625863061829,53,6,0,0,233.79999999999984,39.99999999999997,0,0
1.67,8.571428571428571,97.96861832019476,53,6,0,0,219.48999999999984,36.999999999999964,0,0
1.67,8.571428571428571,97.90685497640771,53,6,0,0,205.1799999999999,33.99999999999997,0,0
1.68,8.571428571428571,97.85663006986813,53,6,0,0,190.8699999999999,30.99999999999997,0,0
1.68,8.571428571428571,97.79380655251434,53,6,0,0,176.55999999999983,27.99999999999997,0,0
1.68,8.571428571428571,97.75815071252836,53,6,0,0,162.24999999999983,24.99999999999997,0,0
1.68,8.571428571428571,97.710297991121,53,6,0,0,147.93999999999988,21.99999999999997,0,0
1.68,8.571428571428571,97.66695097950434,53,6,0,0,133.62999999999988,18.99999999999997,0,0
1.68,8.571428571428571,97.62175446319924,54,6,0,0,119.31999999999988,15.999999999999972,0,0
1.68,8.571428571428571,97.57073616193495,54,6,0,0,105.00999999999982,12.999999999999972,0,0
1.68,8.571428571428571,97.53845152554757,54,6,0,0,90.69999999999987,9.999999999999972,0,0
1.68,8.571428571428571,97.48653319049001,54,6,0,0,76.38999999999987,6.999999999999972,0,0
1.68,8.571428571428571,97.43469203451988,54,6,0,0,62.07999999999987,3.9999999999999716,0,0
1.70,8.571428571428571,97.38442235428566,54,6,0,0,47.76999999999987,0.9999999999999716,0,0
1.70,8.571428571428571,97.3771824491805,54,6,0,0,43,0.0,0,0
1.70,8.571428571428571,97.38849413867344,54,6,0,0,57.31,3.0,0,0
1.70,8.571428571428571,97.39900556058129,54,6,0,0,71.62,6.0,0,0
1.70,8.571428571428571,97.41127354541204,54,6,0,0,85.93,9.0,0,0
1.70,8.571428571428571,97.41899951991316,54,6,0,0,100.24000000000001,12.0,0,0
1.70,8.571428571428571,97.43556365558364,54,6,0,0,114.55000000000001,15.0,0,0
1.70,8.571428571428571,97.45331369925097,54,6,0,0,128.86,18.0,0,0
1.70,8.571428571428571,97.47799539240091,54,6,0,0,143.16999999999996,21.0,0,0
1.70,8.571428571428571,97.53681196202653,54,6,0,0,157.48000000000002,24.0,0,0
1.72,8.571428571428571,97.53550732049511,54,6,0,0,171.79000000000002,27.0,0,0
1.72,8.571428571428571,97.51774350905447,54,6,0,0,186.10000000000002,30.0,0,0
1.72,8.571428571428571,97.54858304223261,54,6,0,0,200.40999999999997,33.0,0,0
1.72,8.571428571428571,97.52966335050697,54,6,0,0,214.71999999999997,36.0,0,0
1.72,8.571428571428571,97.53547591462385,54,6,0,0,229.03000000000003,39.0,0,0
1.72,8.571428571428571,97.54579529445041,54,6,0,0,243.34000000000003,42.00000000000001,0,0
1.72,8.571428571428571,97.56040247575207,54,6,0,0,257.65000000000003,45.00000000000001,0,0
1.72,8.571428571428571,97.59924682329984,54,6,0,0,271.96000000000004,48.00000000000001,0,0
1.72,8.571428571428571,97.65822178202811,54,6,0,0,286.27000000000004,51.00000000000001,0,0
1.72,8.571428571428571,97.72223952220266,54,6,0,0,300.58000000000004,54.00000000000001,0,0
1.73,8.571428571428571,97.81257424450862,54,6,0,0,314.89000000000004,57.000000000000014,0,0
1.73,8.571428571428571,97.88157924474982,54,6,0,0,329.20000000000005,60.00000000000001,0,0
1.73,8.571428571428571,97.9318768910993,54,6,0,0,343.51,63.0,0,0
1.73,8.571428571428571,98.01500699748058,54,6,0,0,357.82,66.0,0,0
1.73,8.571428571428571,98.05478061713026,54,6,0,0,372.13,69.0,0,0
1.73,8.571428571428571,98.11343692810917,54,6,0,0,386.44,72.0,0,0
1.73,8.571428571428571,98.17066150937406,54,6,0,0,400.75,75.0,0,0
1.73,8.571428571428571,98.1846228788656,54,6,0,0,415.06,78.0,0,0
1.73,8.571428571428571,98.22969123550664,54,6,0,0,429.37,81.0,0,0
1.73,8.571428571428571,98.25372005043788,54,6,0,0,443.68,84.0,0,0
1.75,8.571428571428571,98.3471081553825,54,6,0,0,457.99,87.0,0,0
1.75,8.571428571428571,98.42030799468938,54,6,0,0,472.3,90.0,0,0
1.75,8.571428571428571,98.48564687573683,54,6,0,0,486.61,93.0,0,0
1.75,8.571428571428571,98.54508645263415,54,6,0,0,500.92,96.0,0,0
1.75,8.571428571428571,98.61504519358779,54,6,0,0,515.23,99.0,0,0
1.75,8.571428571428571,98.63376639564964,54,6,0,0,520,100.0,0,0
1.75,8.571428571428571,98.63195230730416,54,6,0,0,505.69,97.0,0,0
1.75,8.571428571428571,98.58840806411759,54,6,0,0,491.38,94.0,0,0
1.75,8.571428571428571,98.5563310690494,54,6,0,0,477.07,91.0,0,0
1.75,8.571428571428571,98.50648304878737,54,6,0,0,462.76,88.0,0,0
1.77,8.571428571428571,98.4642897748382,54,6,0,0,448.45,85.0,0,0
1.77,8.571428571428571,98.41901380737511,54,6,0,0,434.14,82.0,0,0
1.77,8.571428571428571,98.37380879878934,54,6,0,0,419.83,79.0,0,0
1.77,8.571428571428571,98.36747275965459,54,6,0,0,405.52,76.0,0,0
1.77,8.571428571428571,98.32299714084955,55,6,0,0,391.21,73.0,0,0
1.77,8.571428571428571,98.2773263826772,55,6,0,0,376.9,70.0,0,0
1.77,8.571428571428571,98.22569165324732,55,6,0,0,362.59000000000003,67.0,0,0
1.77,8.571428571428571,98.18342448529296,55,6,0,0,348.28,63.99999999999999,0,0
1.77,8.571428571428571,98.1341078367003,55,6,0,0,333.96999999999997,60.99999999999999,0,0
1.77,8.571428571428571,98.07010118323711,55,6,0,0,319.65999999999997,57.99999999999999,0,0
1.78,8.571428571428571,98.03440083732976,55,6,0,0,305.34999999999997,54.99999999999999,0,0
1.78,8.571428571428571,97.99053346327358,55,6,0,0,291.03999999999996,51.99999999999999,0,0
1.78,8.571428571428571,97.94675777223875,55,6,0,0,276.7299999999999,48.99999999999998,0,0
1.78,8.571428571428571,97.90624067011326,55,6,0,0,262.4199999999999,45.99999999999997,0,0
1.78,8.571428571428571,97.8655836642964,55,6,0,0,248.10999999999984,42.99999999999997,0,0
1.78,8.571428571428571,97.85926289930842,55,6,0,0,233.79999999999984,39.99999999999997,0,0
1.78,8.571428571428571,97.85269295756655,55,6,0,0,219.48999999999984,36.999999999999964,0,0
1.78,8.571428571428571,97.8040775308611,55,6,0,0,205.1799999999999,33.99999999999997,0,0
1.78,8.571428571428571,97.79932543471773,56,6,0,0,190.8699999999999,30.99999999999997,0,0
1.78,8.571428571428571,97.76479282049486,56,6,0,0,176.55999999999983,27.99999999999997,0,0
1.80,8.571428571428571,97.7365577048031,56,6,0,0,162.24999999999983,24.99999999999997,0,0
1.80,8.571428571428571,97.68156933229824,56,6,0,0,147.93999999999988,21.99999999999997,0,0
1.80,8.571428571428571,97.61998679209368,56,6,0,0,133.62999999999988,18.99999999999997,0,0
1.80,8.571428571428571,97.6007113862362,56,6,0,0,119.31999999999988,15.999999999999972,0,0
1.80,8.571428571428571,97.59849228684928,57,6,0,0,105.00999999999982,12.999999999999972,0,0
1.80,8.571428571428571,97.57127144166272,57,6,0,0,90.69999999999987,9.999999999999972,0,0
1.80,8.571428571428571,97.55741754635012,57,6,0,0,76.38999999999987,6.999999999999972,0,0
1.80,8.571428571428571,97.52529601972364,57,6,0,0,62.07999999999987,3.9999999999999716,0,0
1.80,8.571428571428571,97.48472960239192,57,6,0,0,47.76999999999987,0.9999999999999716,0,0
1.80,8.571428571428571,97.43495335960421,57,6,0,0,43,0.0,0,0
1.82,8.571428571428571,97.46373476240541,57,6,0,0,57.31,3.0,0,0
1.82,8.571428571428571,97.47901954695182,57,6,0,0,71.62,6.0,0,0
1.82,8.571428571428571,97.49957652345068,57,6,0,0,85.93,9.0,0,0
1.82,8.571428571428571,97.52158253809823,57,6,0,0,100.24000000000001,12.0,0,0
1.82,8.571428571428571,97.58114398023604,57,6,0,0,114.55000000000001,15.0,0,0
1.82,8.571428571428571,97.5912284838077,57,6,0,0,128.86,18.0,0,0
1.82,8.571428571428571,97.58567159033309,58,6,0,0,143.16999999999996,21.0,0,0
1.82,8.571428571428571,97.5736544500414,58,6,0,0,157.48000000000002,24.0,0,0
1.82,8.571428571428571,97.60963760400516,58,6,0,0,171.79000000000002,27.0,0,0
1.82,8.571428571428571,97.62862938576828,58,6,0,0,186.10000000000002,30.0,0,0
1.83,8.571428571428571,97.64875593215211,59,6,0,0,200.40999999999997,33.0,0,0
1.83,8.571428571428571,97.69758560668382,59,6,0,0,214.71999999999997,36.0,0,0
1.83,8.571428571428571,97.72481029622769,59,6,0,0,229.03000000000003,39.0,0,0
1.83,8.571428571428571,97.75216833903912,59,6,0,0,243.34000000000003,42.00000000000001,0,0
1.83,8.571428571428571,97.75264048499693,59,6,0,0,257.65000000000003,45.00000000000001,0,0
1.83,8.571428571428571,97.79419129229458,59,6,0,0,271.96000000000004,48.00000000000001,0,0
1.83,8.571428571428571,97.872296911097,59,6,0,0,286.27000000000004,51.00000000000001,0,0
1.83,8.571428571428571,97.95361909125121,59,6,0,0,300.58000000000004,54.00000000000001,0,0
1.83,8.571428571428571,97.99571369960098,59,6,0,0,314.89000000000004,57.000000000000014,0,0
1.83,8.571428571428571,98.08902527024084,59,6,0,0,329.20000000000005,60.00000000000001,0,0
1.85,8.571428571428571,98.13931514807986,59,6,0,0,343.51,63.0,0,0
1.85,8.571428571428571,98.1716606956039,59,6,0,0,357.82,66.0,0,0
1.85,8.571428571428571,98.27702694044514,59,6,0,0,372.13,69.0,0,0
1.85,8.571428571428571,98.33163058295645,59,6,0,0,386.44,72.0,0,0
1.85,8.571428571428571,98.4195102432192,59,6,0,0,400.75,75.0,0,0
1.85,8.571428571428571,98.45953699980299,59,6,0,0,415.06,78.0,0,0
1.85,8.571428571428571,98.51031065780843,59,6,0,0,429.37,81.0,0,0
1.85,8.571428571428571,98.55045296043392,59,6,0,0,443.68,84.0,0,0
1.85,8.571428571428571,98.57696506425955,59,6,0,0,457.99,87.0,0,0
1.87,8.571428571428571,98.64221802755307,59,6,0,0,472.3,90.0,0,0
1.87,8.571428571428571,98.67290118601535,59,6,0,0,486.61,93.0,0,0
1.87,8.571428571428571,98.70846715725872,59,6,0,0,500.92,96.0,0,0
1.87,8.571428571428571,98.78505613077806,59,6,0,0,515.23,99.0,0,0
1.87,8.571428571428571,98.83175710127662,59,6,0,0,520,100.0,0,0
1.87,8.571428571428571,98.7931454064707,59,6,0,0,505.69,97.0,0,0
1.87,8.571428571428571,98.78248726387449,59,6,0,0,491.38,94.0,0,0
1.87,8.571428571428571,98.73355175192596,59,6,0,0,477.07,91.0,0,0
1.88,8.571428571428571,98.67493649913486,59,6,0,0,462.76,88.0,0,0
1.88,8.571428571428571,98.6456053722064,59,6,0,0,448.45,85.0,0,0
1.88,8.571428571428571,98.59436336293862,59,6,0,0,434.14,82.0,0,0
1.88,8.571428571428571,98.56060557713127,59,6,0,0,419.83,79.0,0,0
1.88,8.571428571428571,98.51472664907689,59,6,0,0,405.52,76.0,0,0
1.88,8.571428571428571,98.4979701516948,59,6,0,0,391.21,73.0,0,0
1.88,8.571428571428571,98.44696712870056,59,6,0,0,376.9,70.0,0,0
1.88,8.571428571428571,98.39363846862318,59,6,0,0,362.59000000000003,67.0,0,0
1.88,8.571428571428571,98.33392712918169,59,6,0,0,348.28,63.99999999999999,0,0
1.88,8.571428571428571,98.272696334156,59,6,0,0,333.96999999999997,60.99999999999999,0,0
1.90,8.571428571428571,98.23221256782585,59,6,0,0,319.65999999999997,57.99999999999999,0,0
1.90,8.571428571428571,98.18502474478827,60,6,0,0,305.34999999999997,54.99999999999999,0,0
1.90,8.571428571428571,98.1517635729169,60,6,0,0,291.03999999999996,51.99999999999999,0,0
1.90,8.571428571428571,98.12427168475244,60,6,0,0,276.7299999999999,48.99999999999998,0,0
1.90,8.571428571428571,98.12343911304099,60,6,0,0,262.4199999999999,45.99999999999997,0,0
1.90,8.571428571428571,98.10416952672206,60,6,0,0,248.10999999999984,42.99999999999997,0,0
1.90,8.571428571428571,98.10137327318665,60,6,0,0,233.79999999999984,39.99999999999997,0,0
1.90,8.571428571428571,98.04913997725954,60,6,0,0,219.48999999999984,36.999999999999964,0,0
1.90,8.571428571428571,98.02610903500192,60,6,0,0,205.1799999999999,33.99999999999997,0,0
1.90,8.571428571428571,97.99376229325549,60,6,0,0,190.8699999999999,30.99999999999997,0,0
1.92,8.571428571428571,97.95367115090825,60,6,0,0,176.55999999999983,27.99999999999997,0,0
1.92,8.571428571428571,97.93292719486233,60,6,0,0,162.24999999999983,24.99999999999997,0,0
1.92,8.571428571428571,97.87651785070008,60,6,0,0,147.93999999999988,21.99999999999997,0,0
1.92,8.571428571428571,97.84942243758856,60,6,0,0,133.62999999999988,18.99999999999997,0,0
1.92,8.571428571428571,97.77986725801114,60,6,0,0,119.31999999999988,15.999999999999972,0,0
1.92,8.571428571428571,97.71483054846276,60,6,0,0,105.00999999999982,12.999999999999972,0,0
1.92,8.571428571428571,97.70541347942616,60,6,0,0,90.69999999999987,9.999999999999972,0,0
1.92,8.571428571428571,97.69367223695143,60,6,0,0,76.38999999999987,6.999999999999972,0,0
1.92,8.571428571428571,97.65566222420394,60,6,0,0,62.07999999999987,3.9999999999999716,0,0
1.92,8.571428571428571,97.64058532028609,60,6,0,0,47.76999999999987,0.9999999999999716,0,0
1.93,8.571428571428571,97.62280052678193,60,6,0,0,43,0.0,0,0
1.93,8.571428571428571,97.6477866020685,60,6,0,0,57.31,3.0,0,0
1.93,8.571428571428571,97.65889705899153,60,6,0,0,71.62,6.0,0,0
1.93,8.571428571428571,97.65527883711017,60,6,0,0,85.93,9.0,0,0
1.93,8.571428571428571,97.66935293631471,60,6,0,0,100.24000000000001,12.0,0,0
1.93,8.571428571428571,97.67579508344713,60,6,0,0,114.55000000000001,15.0,0,0
1.93,8.571428571428571,97.69955688865136,60,6,0,0,128.86,18.0,0,0
1.93,8.571428571428571,97.67118729195731,60,6,0,0,143.16999999999996,21.0,0,0
1.93,8.571428571428571,97.71130217600947,60,6,0,0,157.48000000000002,24.0,0,0
1.93,8.571428571428571,97.69969104418719,60,6,0,0,171.79000000000002,27.0,0,0
1.95,8.571428571428571,97.682720421573,60,6,0,0,186.10000000000002,30.0,0,0
1.95,8.571428571428571,97.69450442433558,60,6,0,0,200.40999999999997,33.0,0,0
1.95,8.571428571428571,97.72170837558235,60,6,0,0,214.71999999999997,36.0,0,0
1.95,8.571428571428571,97.71837385398923,61,6,0,0,229.03000000000003,39.0,0,0
1.95,8.571428571428571,97.74275522791537,61,6,0,0,243.34000000000003,42.00000000000001,0,0
1.95,8.571428571428571,97.74639914328526,61,6,0,0,257.65000000000003,45.00000000000001,0,0
1.95,8.571428571428571,97.79772248811263,61,6,0,0,271.96000000000004,48.00000000000001,0,0
1.95,8.571428571428571,97.83465534713447,61,6,0,0,286.27000000000004,51.00000000000001,0,0
1.95,8.571428571428571,97.87172593660287,61,6,0,0,300.58000000000004,54.00000000000001,0,0
1.95,8.571428571428571,97.947702062433,61,6,0,0,314.89000000000004,57.000000000000014,0,0
1.97,8.571428571428571,98.02015044901263,61,6,0,0,329.20000000000005,60.00000000000001,0,0
1.97,8.571428571428571,98.04853078478077,61,6,0,0,343.51,63.0,0,0
1.97,8.571428571428571,98.1409242345514,61,6,0,0,357.82,66.0,0,0
1.97,8.571428571428571,98.1907661138468,61,6,0,0,372.13,69.0,0,0
1.97,8.571428571428571,98.26394777187707,61,6,0,0,386.44,72.0,0,0
1.97,8.571428571428571,98.30964481844123,62,6,0,0,400.75,75.0,0,0
1.97,8.571428571428571,98.38538370458494,62,6,0,0,415.06,78.0,0,0
1.97,8.571428571428571,98.41172966189212,62,6,0,0,429.37,81.0,0,0
1.97,8.571428571428571,98.47825461271226,62,6,0,0,443.68,84.0,0,0
1.97,8.571428571428571,98.49720348341164,62,6,0,0,457.99,87.0,0,0
1.98,8.571428571428571,98.55126032638204,62,6,0,0,472.3,90.0,0,0
1.98,8.571428571428571,98.58552764658843,62,6,0,0,486.61,93.0,0,0
1.98,8.571428571428571,98.61497574034574,62,6,0,0,500.92,96.0,0,0
1.98,8.571428571428571,98.64484261489127,62,6,0,0,515.23,99.0,0,0
1.98,8.571428571428571,98.65586897542481,62,6,0,0,520,100.0,0,0
1.98,8.571428571428571,98.61942336238707,62,6,0,0,505.69,97.0,0,0
1.98,8.571428571428571,98.56925779357225,62,6,0,0,491.38,94.0,0,0
1.98,8.571428571428571,98.55190073290834,62,6,0,0,477.07,91.0,0,0
1.98,8.571428571428571,98.51295118565609,62,6,0,0,462.76,88.0,0,0
1.98,8.571428571428571,98.46379030992485,62,6,0,0,448.45,85.0,0,0
2.00,8.571428571428571,98.40309526345614,62,6,0,0,434.14,82.0,0,0
2.00,8.571428571428571,98.3687641917031,62,6,0,0,419.83,79.0,0,0
2.00,8.571428571428571,98.31533827687123,62,6,0,0,405.52,76.0,0,0
2.00,8.571428571428571,98.29140103147815,62,6,0,0,391.21,73.0,0,0
2.00,8.571428571428571,98.2568467867537,62,6,0,0,376.9,70.0,0,0
2.00,8.571428571428571,98.20128442152115,62,6,0,0,362.59000000000003,67.0,0,0
2.00,8.571428571428571,98.18101226419284,62,6,0,0,348.28,63.99999999999999,0,0
2.00,8.571428571428571,98.14535130573927,62,6,0,0,333.96999999999997,60.99999999999999,0,0
2.00,8.571428571428571,98.11158880995131,63,6,0,0,319.65999999999997,57.99999999999999,0,0
2.00,8.571428571428571,98.08486984838804,63,6,0,0,305.34999999999997,54.99999999999999,0,0
2.02,8.571428571428571,98.03194335915246,63,6,0,0,291.03999999999996,51.99999999999999,0,0
2.02,8.571428571428571,97.9726679728573,63,6,0,0,276.7299999999999,48.99999999999998,0,0
2.02,8.571428571428571,97.95128564112164,63,6,0,0,262.4199999999999,45.99999999999997,0,0
2.02,8.571428571428571,97.92251536166316,64,6,0,0,248.10999999999984,42.99999999999997,0,0
2.02,8.571428571428571,97.89778989149085,64,6,0,0,233.79999999999984,39.99999999999997,0,0
2.02,8.571428571428571,97.88896811588047,64,6,0,0,219.48999999999984,36.999999999999964,0,0
2.02,8.571428571428571,97.84662877125875,64,6,0,0,205.1799999999999,33.99999999999997,0,0
2.02,8.571428571428571,97.82285329609233,64,6,0,0,190.8699999999999,30.99999999999997,0,0
2.02,8.571428571428571,97.78610813194489,65,6,0,0,176.55999999999983,27.99999999999997,0,0
2.02,8.571428571428571,97.7493257658264,66,6,0,0,162.24999999999983,24.99999999999997,0,0
2.03,8.571428571428571,97.73042302156382,66,6,0,0,147.93999999999988,21.99999999999997,0,0
2.03,8.571428571428571,97.6947498434331,66,6,0,0,133.62999999999988,18.99999999999997,0,0
2.03,8.571428571428571,97.64441936167685,66,6,0,0,119.31999999999988,15.999999999999972,0,0
2.03,8.571428571428571,97.58780497005861,66,6,0,0,105.00999999999982,12.999999999999972,0,0
2.03,8.571428571428571,97.55758510471817,66,6,0,0,90.69999999999987,9.999999999999972,0,0
2.03,8.571428571428571,97.51397938153129,66,6,0,0,76.38999999999987,6.999999999999972,0,0
2.03,8.571428571428571,97.45552496347037,66,6,0,0,62.07999999999987,3.9999999999999716,0,0
2.03,8.571428571428571,97.39869918866604,66,6,0,0,47.76999999999987,0.9999999999999716,0,0
2.03,8.571428571428571,97.33190843103944,66,6,0,0,43,0.0,0,0
2.03,8.571428571428571,97.34276915753914,66,6,0,0,57.31,3.0,0,0
2.05,8.571428571428571,97.37826701413678,66,6,0,0,71.62,6.0,0,0
2.05,8.571428571428571,97.40175126388894,66,6,0,0,85.93,9.0,0,0
2.05,8.571428571428571,97.43153156551195,67,6,0,0,100.24000000000001,12.0,0,0
2.05,8.571428571428571,97.45182006772494,67,6,0,0,114.55000000000001,15.0,0,0
2.05,8.571428571428571,97.44768723308785,67,6,0,0,128.86,18.0,0,0
2.05,8.571428571428571,97.46911435115837,67,6,0,0,143.16999999999996,21.0,0,0
2.05,8.571428571428571,97.47863284954764,67,6,0,0,157.48000000000002,24.0,0,0
2.05,8.571428571428571,97.48956048779294,67,6,0,0,171.79000000000002,27.0,0,0
2.05,8.571428571428571,97.48712872952798,67,6,0,0,186.10000000000002,30.0,0,0
2.05,8.571428571428571,97.48520888853224,67,6,0,0,200.40999999999997,33.0,0,0
2.07,8.571428571428571,97.48420616853694,67,6,0,0,214.71999999999997,36.0,0,0
2.07,8.571428571428571,97.48495771306534,68,6,0,0,229.03000000000003,39.0,0,0
2.07,8.571428571428571,97.51670219993964,68,6,0,0,243.34000000000003,42.00000000000001,0,0
2.07,8.571428571428571,97.52451734792399,69,6,0,0,257.65000000000003,45.00000000000001,0,0
2.07,8.571428571428571,97.55106275888767,69,6,0,0,271.96000000000004,48.00000000000001,0,0
2.07,8.571428571428571,97.63389616594172,69,6,0,0,286.27000000000004,51.00000000000001,0,0
2.07,8.571428571428571,97.66831868785566,69,6,0,0,300.58000000000004,54.00000000000001,0,0
2.07,8.571428571428571,97.73258362337944,69,6,0,0,314.89000000000004,57.000000000000014,0,0
2.07,8.571428571428571,97.77874632033361,69,6,0,0,329.20000000000005,60.00000000000001,0,0
2.07,8.571428571428571,97.82954284657573,69,6,0,0,343.51,63.0,0,0
2.08,8.571428571428571,97.85081526900595,69,6,0,0,357.82,66.0,0,0
2.08,8.571428571428571,97.88867549311904,69,6,0,0,372.13,69.0,0,0
2.08,8.571428571428571,97.91020191981504,69,6,0,0,386.44,72.0,0,0
2.08,8.571428571428571,97.98372696949713,69,6,0,0,400.75,75.0,0,0
2.08,8.571428571428571,98.04611770617629,69,6,0,0,415.06,78.0,0,0
2.08,8.571428571428571,98.08450798876163,69,6,0,0,429.37,81.0,0,0
2.08,8.571428571428571,98.15595164400321,69,6,0,0,443.68,84.0,0,0
2.08,8.571428571428571,98.22491513383306,69,6,0,0,457.99,87.0,0,0
2.08,8.571428571428571,98.28102415964682,69,6,0,0,472.3,90.0,0,0
2.08,8.571428571428571,98.35447176186176,69,6,0,0,486.61,93.0,0,0
2.10,8.571428571428571,98.40939895648809,69,6,0,0,500.92,96.0,0,0
2.10,8.571428571428571,98.46873505842682,69,6,0,0,515.23,99.0,0,0
2.10,8.571428571428571,98.5194537801555,69,6,0,0,520,100.0,0,0
2.10,8.571428571428571,98.46915012118335,69,6,0,0,505.69,97.0,0,0
2.10,8.571428571428571,98.41128917559743,69,6,0,0,491.38,94.0,0,0
2.10,8.571428571428571,98.38897559426886,69,6,0,0,477.07,91.0,0,0
2.10,8.571428571428571,98.37589749638137,69,6,0,0,462.76,88.0,0,0
2.10,8.571428571428571,98.33190856951995,69,6,0,0,448.45,85.0,0,0
2.10,8.571428571428571,98.2812442136339,69,6,0,0,434.14,82.0,0,0
2.10,8.571428571428571,98.23472895069946,69,6,0,0,419.83,79.0,0,0
2.12,8.571428571428571,98.19186889168671,69,6,0,0,405.52,76.0,0,0
2.12,8.571428571428571,98.14825314494824,69,6,0,0,391.21,73.0,0,0
2.12,8.571428571428571,98.11592397066694,69,6,0,0,376.9,70.0,0,0
2.12,8.571428571428571,98.10063277416658,69,6,0,0,362.59000000000003,67.0,0,0
2.12,8.571428571428571,98.06098176803641,69,6,0,0,348.28,63.99999999999999,0,0
2.12,8.571428571428571,98.02235374679982,69,6,0,0,333.96999999999997,60.99999999999999,0,0
2.12,8.571428571428571,98.00486815355453,69,6,0,0,319.65999999999997,57.99999999999999,0,0
2.12,8.571428571428571,97.9861953225303,69,6,0,0,305.34999999999997,54.99999999999999,0,0
2.12,8.571428571428571,97.94937989056243,69,6,0,0,291.03999999999996,51.99999999999999,0,0
2.12,8.571428571428571,97.91057097110422,70,6,0,0,276.7299999999999,48.99999999999998,0,0
2.13,8.571428571428571,97.89828402915103,71,6,0,0,262.4199999999999,45.99999999999997,0,0
2.13,8.571428571428571,97.87842593514473,71,6,0,0,248.10999999999984,42.99999999999997,0,0
2.13,8.571428571428571,97.84844431104985,71,6,0,0,233.79999999999984,39.99999999999997,0,0
2.13,8.571428571428571,97.83007885206894,71,6,0,0,219.48999999999984,36.999999999999964,0,0
2.13,8.571428571428571,97.79636835934407,71,6,0,0,205.1799999999999,33.99999999999997,0,0
2.13,8.571428571428571,97.7578845114134,71,6,0,0,190.8699999999999,30.99999999999997,0,0
2.13,8.571428571428571,97.70227069925609,71,6,0,0,176.55999999999983,27.99999999999997,0,0
2.13,8.571428571428571,97.6948227806624,71,6,0,0,162.24999999999983,24.99999999999997,0,0
2.13,8.571428571428571,97.67278190346423,71,6,0,0,147.93999999999988,21.99999999999997,0,0
2.13,8.571428571428571,97.6310643611894,71,6,0,0,133.62999999999988,18.99999999999997,0,0
2.15,8.571428571428571,97.59922904479325,71,6,0,0,119.31999999999988,15.999999999999972,0,0
2.15,8.571428571428571,97.5624139711538,71,6,0,0,105.00999999999982,12.999999999999972,0,0
2.15,8.571428571428571,97.54075627053872,71,6,0,0,90.69999999999987,9.999999999999972,0,0
2.15,8.571428571428571,97.5026087855194,71,6,0,0,76.38999999999987,6.999999999999972,0,0
2.15,8.571428571428571,97.44958068037946,71,6,0,0,62.07999999999987,3.9999999999999716,0,0
2.15,8.571428571428571,97.41552507480519,71,6,0,0,47.76999999999987,0.9999999999999716,0,0
2.15,8.571428571428571,97.3821805902866,71,6,0,0,43,0.0,0,0
2.15,8.571428571428571,97.39897409778456,71,6,0,0,57.31,3.0,0,0
2.15,8.571428571428571,97.39169701453453,71,6,0,0,71.62,6.0,0,0
2.15,8.571428571428571,97.40619891894364,72,6,0,0,85.93,9.0,0,0
2.17,8.571428571428571,97.40683212410272,72,6,0,0,100.24000000000001,12.0,0,0
2.17,8.571428571428571,97.42135702607969,72,6,0,0,114.55000000000001,15.0,0,0
2.17,8.571428571428571,97.4525856674447,72,6,0,0,128.86,18.0,0,0
2.17,8.571428571428571,97.43535060272929,72,6,0,0,143.16999999999996,21.0,0,0
2.17,8.571428571428571,97.48151083296312,72,6,0,0,157.48000000000002,24.0,0,0
2.17,8.571428571428571,97.45712216718759,73,6,0,0,171.79000000000002,27.0,0,0
2.17,8.571428571428571,97.4584067282372,73,6,0,0,186.10000000000002,30.0,0,0
2.17,8.571428571428571,97.47872795273895,73,6,0,0,200.40999999999997,33.0,0,0
2.17,8.571428571428571,97.48814404473315,73,6,0,0,214.71999999999997,36.0,0,0
2.17,8.571428571428571,97.51881499042604,73,6,0,0,229.03000000000003,39.0,0,0
2.18,8.571428571428571,97.52549438285435,73,6,0,0,243.34000000000003,42.00000000000001,0,0
2.18,8.571428571428571,97.53717994262308,73,6,0,0,257.65000000000003,45.00000000000001,0,0
2.18,8.571428571428571,97.54951892604262,73,6,0,0,271.96000000000004,48.00000000000001,0,0
2.18,8.571428571428571,97.57989728960376,73,6,0,0,286.27000000000004,51.00000000000001,0,0
2.18,8.571428571428571,97.62524644325693,73,6,0,0,300.58000000000004,54.00000000000001,0,0
2.18,8.571428571428571,97.69209362376861,73,6,0,0,314.89000000000004,57.000000000000014,0,0
2.18,8.571428571428571,97.72804518860686,73,6,0,0,329.20000000000005,60.00000000000001,0,0
2.18,8.571428571428571,97.75852478847177,73,6,0,0,343.51,63.0,0,0
2.18,8.571428571428571,97.78732881820106,73,6,0,0,357.82,66.0,0,0
2.18,8.571428571428571,97.85193100604054,73,6,0,0,372.13,69.0,0,0
2.20,8.571428571428571,97.92851827390267,73,6,0,0,386.44,72.0,0,0
2.20,8.571428571428571,97.98429006323055,73,6,0,0,400.75,75.0,0,0
2.20,8.571428571428571,98.06470861641478,73,6,0,0,415.06,78.0,0,0
2.20,8.571428571428571,98.12698783627148,73,6,0,0,429.37,81.0,0,0
2.20,8.571428571428571,98.19837044802269,73,6,0,0,443.68,84.0,0,0
2.20,8.571428571428571,98.23613307310882,73,6,0,0,457.99,87.0,0,0
2.20,8.571428571428571,98.27406056805994,73,7,0,0,472.3,90.0,0,0
2.20,8.571428571428571,98.33546458571465,73,7,0,0,486.61,93.0,0,0
2.20,8.571428571428571,98.40274032017545,73,7,0,0,500.92,96.0,0,0
2.20,8.571428571428571,98.42276271728298,73,7,0,0,515.23,99.0,0,0
2.22,8.571428571428571,98.46641075742956,73,7,0,0,520,100.0,0,0
2.22,8.571428571428571,98.4177563206345,73,7,0,0,505.69,97.0,0,0
2.22,8.571428571428571,98.40755863575755,73,7,0,0,491.38,94.0,0,0
2.22,8.571428571428571,98.3740820018374,73,7,0,0,477.07,91.0,0,0
2.22,8.571428571428571,98.34373710421458,73,7,0,0,462.76,88.0,0,0
2.22,8.571428571428571,98.31067508542729,73,7,0,0,448.45,85.0,0,0
2.22,8.571428571428571,98.25857469812932,74,7,0,0,434.14,82.0,0,0
2.22,8.571428571428571,98.22098511215692,74,7,0,0,419.83,79.0,0,0
2.22,8.571428571428571,98.18548645573395,74,7,0,0,405.52,76.0,0,0
2.22,8.571428571428571,98.1614765257811,74,7,0,0,391.21,73.0,0,0
2.23,8.571428571428571,98.13231612525185,74,7,0,0,376.9,70.0,0,0
2.23,8.571428571428571,98.0958070587171,74,7,0,0,362.59000000000003,67.0,0,0
2.23,8.571428571428571,98.0650377705853,74,7,0,0,348.28,63.99999999999999,0,0
2.23,8.571428571428571,98.04885152252189,74,7,0,0,333.96999999999997,60.99999999999999,0,0
2.23,8.571428571428571,98.03220457131586,74,7,0,0,319.65999999999997,57.99999999999999,0,0
2.23,8.571428571428571,97.99372877095155,74,7,0,0,305.34999999999997,54.99999999999999,0,0
2.23,8.571428571428571,97.95637930560434,74,7,0,0,291.03999999999996,51.99999999999999,0,0
2.23,8.571428571428571,97.89744390867494,75,7,0,0,276.7299999999999,48.99999999999998,0,0
2.23,8.571428571428571,97.85266579210624,75,7,0,0,262.4199999999999,45.99999999999997,0,0
2.23,8.571428571428571,97.83804419299956,75,7,0,0,248.10999999999984,42.99999999999997,0,0
2.25,8.571428571428571,97.80356167664245,75,7,0,0,233.79999999999984,39.99999999999997,0,0
2.25,8.571428571428571,97.76690218938721,75,7,0,0,219.48999999999984,36.999999999999964,0,0
2.25,8.571428571428571,97.7244964382489,75,7,0,0,205.1799999999999,33.99999999999997,0,0
2.25,8.571428571428571,97.7040328583752,75,7,0,0,190.8699999999999,30.99999999999997,0,0
2.25,8.571428571428571,97.7024151687472,75,7,0,0,176.55999999999983,27.99999999999997,0,0
2.25,8.571428571428571,97.67776608350943,75,7,0,0,162.24999999999983,24.99999999999997,0,0
2.25,8.571428571428571,97.66233856498704,75,7,0,0,147.93999999999988,21.99999999999997,0,0
2.25,8.571428571428571,97.6236186044772,75,7,0,0,133.62999999999988,18.99999999999997,0,0
2.25,8.571428571428571,97.60779061029453,75,7,0,0,119.31999999999988,15.999999999999972,0,0
2.25,8.571428571428571,97.58867486029101,75,7,0,0,105.00999999999982,12.999999999999972,0,0
2.27,8.571428571428571,97.56185038559032,75,7,0,0,90.69999999999987,9.999999999999972,0,0
2.27,8.571428571428571,97.54455527823123,75,7,0,0,76.38999999999987,6.999999999999972,0,0
2.27,8.571428571428571,97.49772466070281,75,7,0,0,62.07999999999987,3.9999999999999716,0,0
2.27,8.571428571428571,97.46320672303813,75,7,0,0,47.76999999999987,0.9999999999999716,0,0
2.27,8.571428571428571,97.42818023689526,75,7,0,0,43,0.0,0,0
2.27,8.571428571428571,97.4615970519831,75,7,0,0,57.31,3.0,0,0
2.27,8.571428571428571,97.49146176181934,75,7,0,0,71.62,6.0,0,0
2.27,8.571428571428571,97.51993987698748,75,7,0,0,85.93,9.0,0,0
2.27,8.571428571428571,97.52564301863217,75,7,0,0,100.24000000000001,12.0,0,0
2.27,8.571428571428571,97.54897688613144,75,7,0,0,114.55000000000001,15.0,0,0
2.28,8.571428571428571,97.57169805285538,75,7,0,0,128.86,18.0,0,0
2.28,8.571428571428571,97.59804722141051,75,7,0,0,143.16999999999996,21.0,0,0
2.28,8.571428571428571,97.61776307355065,75,7,0,0,157.48000000000002,24.0,0,0
2.28,8.571428571428571,97.64742881882859,75,7,0,0,171.79000000000002,27.0,0,0
2.28,8.571428571428571,97.67299924450526,75,7,0,0,186.10000000000002,30.0,0,0
2.28,8.571428571428571,97.66286064038759,75,7,0,0,200.40999999999997,33.0,0,0
2.28,8.571428571428571,97.67114385030321,75,7,0,0,214.71999999999997,36.0,0,0
2.28,8.571428571428571,97.67146749163787,75,7,0,0,229.03000000000003,39.0,0,0
2.28,8.571428571428571,97.67389730744239,75,7,0,0,243.34000000000003,42.00000000000001,0,0
2.28,8.571428571428571,97.69041492450057,75,7,0,0,257.65000000000003,45.00000000000001,0,0
2.30,8.571428571428571,97.71332425627544,75,7,0,0,271.96000000000004,48.00000000000001,0,0
2.30,8.571428571428571,97.73865866258213,75,7,0,0,286.27000000000004,51.00000000000001,0,0
2.30,8.571428571428571,97.81444165358691,75,7,0,0,300.58000000000004,54.00000000000001,0,0
2.30,8.571428571428571,97.8361263549955,75,7,0,0,314.89000000000004,57.000000000000014,0,0
2.30,8.571428571428571,97.88595108471891,75,7,0,0,329.20000000000005,60.00000000000001,0,0
2.30,8.571428571428571,97.95183338449571,75,7,0,0,343.51,63.0,0,0
2.30,8.571428571428571,98.02866631097338,75,7,0,0,357.82,66.0,0,0
2.30,8.571428571428571,98.10319735467013,76,7,0,0,372.13,69.0,0,0
2.30,8.571428571428571,98.10787571130771,76,7,0,0,386.44,72.0,0,0
2.30,8.571428571428571,98.14801389408794,76,7,0,0,400.75,75.0,0,0
2.32,8.571428571428571,98.20106010543614,76,7,0,0,415.06,78.0,0,0
2.32,8.571428571428571,98.25925908994395,77,7,0,0,429.37,81.0,0,0
2.32,8.571428571428571,98.31423622642387,77,7,0,0,443.68,84.0,0,0
2.32,8.571428571428571,98.34115235528057,77,7,0,0,457.99,87.0,0,0
2.32,8.571428571428571,98.34809368010062,77,7,0,0,472.3,90.0,0,0
2.32,8.571428571428571,98.41943703730873,77,7,0,0,486.61,93.0,0,0
2.32,8.571428571428571,98.47785329283278,77,7,0,0,500.92,96.0,0,0
2.32,8.571428571428571,98.54162776936282,77,7,0,0,515.23,99.0,0,0
2.32,8.571428571428571,98.56625598521686,78,7,0,0,520,100.0,0,0
2.32,8.571428571428571,98.51850559113839,78,7,0,0,505.69,97.0,0,0
2.33,8.571428571428571,98.49903978021001,78,7,0,0,491.38,94.0,0,0
2.33,8.571428571428571,98.44724957767309,78,7,0,0,477.07,91.0,0,0
2.33,8.571428571428571,98.41583389420835,79,7,0,0,462.76,88.0,0,0
2.33,8.571428571428571,98.40546109209919,79,7,0,0,448.45,85.0,0,0
2.33,8.571428571428571,98.37562823194928,79,7,0,0,434.14,82.0,0,0
2.33,8.571428571428571,98.36245679512265,79,7,0,0,419.83,79.0,0,0
2.33,8.571428571428571,98.34547087064057,79,7,0,0,405.52,76.0,0,0
2.33,8.571428571428571,98.32569309982428,79,7,0,0,391.21,73.0,0,0
2.33,8.571428571428571,98.2925934196523,79,7,0,0,376.9,70.0,0,0
2.33,8.571428571428571,98.28066726159614,79,7,0,0,362.59000000000003,67.0,0,0
2.35,8.571428571428571,98.24419251511577,79,7,0,0,348.28,63.99999999999999,0,0
2.35,8.571428571428571,98.21917917240079,79,7,0,0,333.96999999999997,60.99999999999999,0,0
2.35,8.571428571428571,98.19015073730479,79,7,0,0,319.65999999999997,57.99999999999999,0,0
2.35,8.571428571428571,98.14636411107014,79,7,0,0,305.34999999999997,54.99999999999999,0,0
2.35,8.571428571428571,98.12177348264923,79,7,0,0,291.03999999999996,51.99999999999999,0,0
2.35,8.571428571428571,98.08669929818491,79,7,0,0,276.7299999999999,48.99999999999998,0,0
2.35,8.571428571428571,98.04384300925797,79,7,0,0,262.4199999999999,45.99999999999997,0,0
2.35,8.571428571428571,98.02212547448835,79,7,0,0,248.10999999999984,42.99999999999997,0,0
2.35,8.571428571428571,97.99776208392045,79,7,0,0,233.79999999999984,39.99999999999997,0,0
2.35,8.571428571428571,97.97416929710074,79,7,0,0,219.48999999999984,36.999999999999964,0,0
2.37,8.571428571428571,97.95318150128087,79,7,0,0,205.1799999999999,33.99999999999997,0,0
2.37,8.571428571428571,97.92644177664282,79,7,0,0,190.8699999999999,30.99999999999997,0,0
2.37,8.571428571428571,97.9097937903261,80,7,0,0,176.55999999999983,27.99999999999997,0,0
2.37,8.571428571428571,97.87191031397452,80,7,0,0,162.24999999999983,24.99999999999997,0,0
2.37,8.571428571428571,97.85802130212888,80,7,0,0,147.93999999999988,21.99999999999997,0,0
2.37,8.571428571428571,97.83251390756769,80,7,0,0,133.62999999999988,18.99999999999997,0,0
2.37,8.571428571428571,97.79786117407657,80,7,0,0,119.31999999999988,15.999999999999972,0,0
2.37,8.571428571428571,97.77235044816547,80,7,0,0,105.00999999999982,12.999999999999972,0,0
2.37,8.571428571428571,97.74174884901522,80,7,0,0,90.69999999999987,9.999999999999972,0,0
2.37,8.571428571428571,97.7214665408095,80,7,0,0,76.38999999999987,6.999999999999972,0,0
2.38,8.571428571428571,97.66356058091654,80,7,0,0,62.07999999999987,3.9999999999999716,0,0
2.38,8.571428571428571,97.61940135590264,80,7,0,0,47.76999999999987,0.9999999999999716,0,0
2.38,8.571428571428571,97.57878601214077,80,7,0,0,43,0.0,0,0
2.38,8.571428571428571,97.60220454638493,80,7,0,0,57.31,3.0,0,0
2.38,8.571428571428571,97.58571188326923,80,7,0,0,71.62,6.0,0,0
2.38,8.571428571428571,97.62494777063458,80,7,0,0,85.93,9.0,0,0
2.38,8.571428571428571,97.65035248037059,80,7,0,0,100.24000000000001,12.0,0,0
2.38,8.571428571428571,97.67968133120517,81,7,0,0,114.55000000000001,15.0,0,0
2.38,8.571428571428571,97.6913444911245,81,7,0,0,128.86,18.0,0,0
2.38,8.571428571428571,97.68938891044523,81,7,0,0,143.16999999999996,21.0,0,0
2.40,8.571428571428571,97.68332984982491,81,7,0,0,157.48000000000002,24.0,0,0
2.40,8.571428571428571,97.69605417194538,81,7,0,0,171.79000000000002,27.0,0,0
2.40,8.571428571428571,97.70237143932079,81,7,0,0,186.10000000000002,30.0,0,0
2.40,8.571428571428571,97.72546387497673,81,7,0,0,200.40999999999997,33.0,0,0
2.40,8.571428571428571,97.7384620050133,81,7,0,0,214.71999999999997,36.0,0,0
2.40,8.571428571428571,97.75410888968716,81,7,0,0,229.03000000000003,39.0,0,0
2.40,8.571428571428571,97.77814482500759,81,7,0,0,243.34000000000003,42.00000000000001,0,0
2.40,8.571428571428571,97.80664969917608,81,7,0,0,257.65000000000003,45.00000000000001,0,0
2.40,8.571428571428571,97.80741707993785,81,7,0,0,271.96000000000004,48.00000000000001,0,0
2.40,8.571428571428571,97.82028418719226,81,7,0,0,286.27000000000004,51.00000000000001,0,0
2.42,8.571428571428571,97.86088901428482,82,7,0,0,300.58000000000004,54.00000000000001,0,0
2.42,8.571428571428571,97.93116195273596,82,7,0,0,314.89000000000004,57.000000000000014,0,0
2.42,8.571428571428571,97.93502010974018,82,7,0,0,329.20000000000005,60.00000000000001,0,0
2.42,8.571428571428571,98.00215428925739,82,7,0,0,343.51,63.0,0,0
2.42,8.571428571428571,98.05426840278768,82,7,0,0,357.82,66.0,0,0
2.42,8.571428571428571,98.07570550221173,82,7,0,0,372.13,69.0,0,0
2.42,8.571428571428571,98.1402663105449,82,7,0,0,386.44,72.0,0,0
2.42,8.571428571428571,98.15903034695948,82,7,0,0,400.75,75.0,0,0
2.42,8.571428571428571,98.20381475064717,82,7,0,0,415.06,78.0,0,0
2.42,8.571428571428571,98.21543028375746,82,7,0,0,429.37,81.0,0,0
2.43,8.571428571428571,98.27561856519286,82,7,0,0,443.68,84.0,0,0
2.43,8.571428571428571,98.32064522239675,82,7,0,0,457.99,87.0,0,0
2.43,8.571428571428571,98.32390187400527,82,7,0,0,472.3,90.0,0,0
2.43,8.571428571428571,98.39572704745976,82,7,0,0,486.61,93.0,0,0
2.43,8.571428571428571,98.42347800383041,82,7,0,0,500.92,96.0,0,0
2.43,8.571428571428571,98.49896705140276,82,7,0,0,515.23,99.0,0,0
2.43,8.571428571428571,98.54146543850311,82,7,0,0,520,100.0,0,0
2.43,8.571428571428571,98.51146471216938,82,7,0,0,505.69,97.0,0,0
2.43,8.571428571428571,98.47656262972704,82,7,0,0,491.38,94.0,0,0
2.43,8.571428571428571,98.46338663983039,82,7,0,0,477.07,91.0,0,0
2.45,8.571428571428571,98.44251913441038,82,7,0,0,462.76,88.0,0,0
2.45,8.571428571428571,98.43284912641565,82,7,0,0,448.45,85.0,0,0
2.45,8.571428571428571,98.38912264547041,82,7,0,0,434.14,82.0,0,0
2.45,8.571428571428571,98.37383077947105,82,7,0,0,419.83,79.0,0,0
2.45,8.571428571428571,98.35565812597532,82,7,0,0,405.52,76.0,0,0
2.45,8.571428571428571,98.30918916874354,82,7,0,0,391.21,73.0,0,0
2.45,8.571428571428571,98.28823239296926,82,7,0,0,376.9,70.0,0,0
2.45,8.571428571428571,98.26187069945928,82,7,0,0,362.59000000000003,67.0,0,0
2.45,8.571428571428571,98.24637553240699,82,7,0,0,348.28,63.99999999999999,0,0
2.45,8.571428571428571,98.22664864523738,82,7,0,0,333.96999999999997,60.99999999999999,0,0
2.47,8.571428571428571,98.19049894522169,82,7,0,0,319.65999999999997,57.99999999999999,0,0
2.47,8.571428571428571,98.15900390668503,82,7,0,0,305.34999999999997,54.99999999999999,0,0
2.47,8.571428571428571,98.11316438262638,82,7,0,0,291.03999999999996,51.99999999999999,0,0
2.47,8.571428571428571,98.08840539885124,82,7,0,0,276.7299999999999,48.99999999999998,0,0
2.47,8.571428571428571,98.04774523621913,82,7,0,0,262.4199999999999,45.99999999999997,0,0
2.47,8.571428571428571,98.02543097333547,82,7,0,0,248.10999999999984,42.99999999999997,0,0
2.47,8.571428571428571,98.00100087790545,82,7,0,0,233.79999999999984,39.99999999999997,0,0
2.47,8.571428571428571,97.94886503548757,82,7,0,0,219.48999999999984,36.999999999999964,0,0
2.47,8.571428571428571,97.91796857868832,82,7,0,0,205.1799999999999,33.99999999999997,0,0
2.47,8.571428571428571,97.87883765865979,82,7,0,0,190.8699999999999,30.99999999999997,0,0
2.48,8.571428571428571,97.87483132087742,82,7,0,0,176.55999999999983,27.99999999999997,0,0
2.48,8.571428571428571,97.84788687026187,82,7,0,0,162.24999999999983,24.99999999999997,0,0
2.48,8.571428571428571,97.83494109184028,82,7,0,0,147.93999999999988,21.99999999999997,0,0
2.48,8.571428571428571,97.78617325153363,82,7,0,0,133.62999999999988,18.99999999999997,0,0
2.48,8.571428571428571,97.75856759567135,82,7,0,0,119.31999999999988,15.999999999999972,0,0
2.48,8.571428571428571,97.72788577931469,82,7,0,0,105.00999999999982,12.999999999999972,0,0
2.48,8.571428571428571,97.71539650694794,82,7,0,0,90.69999999999987,9.999999999999972,0,0
2.48,8.571428571428571,97.67128892062858,82,7,0,0,76.38999999999987,6.999999999999972,0,0
2.48,8.571428571428571,97.6287901851928,82,7,0,0,62.07999999999987,3.9999999999999716,0,0
2.48,8.571428571428571,97.60405631594647,82,7,0,0,47.76999999999987,0.9999999999999716,0,0
2.50,8.571428571428571,97.56363244934195,82,7,0,0,43,0.0,0,0
2.50,8.571428571428571,97.57993446580907,82,7,0,0,57.31,3.0,0,0
2.50,8.571428571428571,97.5960795006687,82,7,0,0,71.62,6.0,0,0
2.50,8.571428571428571,97.6143589337639,82,7,0,0,85.93,9.0,0,0
2.50,8.571428571428571,97.61017965067775,82,7,0,0,100.24000000000001,12.0,0,0
2.50,8.571428571428571,97.63170941673908,82,7,0,0,114.55000000000001,15.0,0,0
2.50,8.571428571428571,97.6577755405224,82,7,0,0,128.86,18.0,0,0
2.50,8.571428571428571,97.67545524816245,82,7,0,0,143.16999999999996,21.0,0,0
2.50,8.571428571428571,97.6740239141684,82,7,0,0,157.48000000000002,24.0,0,0
2.50,8.571428571428571,97.7104643593636,82,7,0,0,171.79000000000002,27.0,0,0
2.52,8.571428571428571,97.7103836443727,83,7,0,0,186.10000000000002,30.0,0,0
2.52,8.571428571428571,97.72932733415176,83,7,0,0,200.40999999999997,33.0,0,0
2.52,8.571428571428571,97.73669255511031,83,7,0,0,214.71999999999997,36.0,0,0
2.52,8.571428571428571,97.73553434346769,83,7,0,0,229.03000000000003,39.0,0,0
2.52,8.571428571428571,97.76082260363536,83,7,0,0,243.34000000000003,42.00000000000001,0,0
2.52,8.571428571428571,97.75971968023363,83,7,0,0,257.65000000000003,45.00000000000001,0,0
2.52,8.571428571428571,97.7474775192672,83,7,0,0,271.96000000000004,48.00000000000001,0,0
2.52,8.571428571428571,97.78069892392982,83,7,0,0,286.27000000000004,51.00000000000001,0,0
2.52,8.571428571428571,97.79298408487976,83,7,0,0,300.58000000000004,54.00000000000001,0,0
2.52,8.571428571428571,97.8447018271578,83,7,0,0,314.89000000000004,57.000000000000014,0,0
2.53,8.571428571428571,97.89860954380366,83,7,0,0,329.20000000000005,60.00000000000001,0,0
2.53,8.571428571428571,97.93304143266326,83,7,0,0,343.51,63.0,0,0
2.53,8.571428571428571,97.99304270363812,83,7,0,0,357.82,66.0,0,0
2.53,8.571428571428571,98.06326955649969,83,7,0,0,372.13,69.0,0,0
2.53,8.571428571428571,98.11940104802359,83,7,0,0,386.44,72.0,0,0
2.53,8.571428571428571,98.13331713474217,83,7,0,0,400.75,75.0,0,0
2.53,8.571428571428571,98.16369032922708,83,7,0,0,415.06,78.0,0,0
2.53,8.571428571428571,98.22647532766328,83,7,0,0,429.37,81.0,0,0
2.53,8.571428571428571,98.26547108943949,83,7,0,0,443.68,84.0,0,0
2.53,8.571428571428571,98.30358898917814,83,7,0,0,457.99,87.0,0,0
2.55,8.571428571428571,98.32416819696289,83,7,0,0,472.3,90.0,0,0
2.55,8.571428571428571,98.36975892931729,83,7,0,0,486.61,93.0,0,0
2.55,8.571428571428571,98.41659857476397,83,7,0,0,500.92,96.0,0,0
2.55,8.571428571428571,98.45783545859106,83,7,0,0,515.23,99.0,0,0
2.55,8.571428571428571,98.50324266376101,83,7,0,0,520,100.0,0,0
2.55,8.571428571428571,98.4825295863108,83,7,0,0,505.69,97.0,0,0
2.55,8.571428571428571,98.4547305617175,83,7,0,0,491.38,94.0,0,0
2.55,8.571428571428571,98.42449401185976,83,7,0,0,477.07,91.0,0,0
2.55,8.571428571428571,98.39740795831916,83,7,0,0,462.76,88.0,0,0
2.55,8.571428571428571,98.3756494539127,83,7,0,0,448.45,85.0,0,0
2.57,8.571428571428571,98.32858686160826,83,7,0,0,434.14,82.0,0,0
2.57,8.571428571428571,98.30318271171333,83,7,0,0,419.83,79.0,0,0
2.57,8.571428571428571,98.28253036127307,83,7,0,0,405.52,76.0,0,0
2.57,8.571428571428571,98.2693459109794,83,7,0,0,391.21,73.0,0,0
2.57,8.571428571428571,98.25136327238111,83,7,0,0,376.9,70.0,0,0
2.57,8.571428571428571,98.2193367667511,83,7,0,0,362.59000000000003,67.0,0,0
2.57,8.571428571428571,98.19642708765674,83,7,0,0,348.28,63.99999999999999,0,0
2.57,8.571428571428571,98.15247396928682,83,7,0,0,333.96999999999997,60.99999999999999,0,0
2.57,8.571428571428571,98.12034546471655,83,7,0,0,319.65999999999997,57.99999999999999,0,0
2.57,8.571428571428571,98.10902629418837,83,7,0,0,305.34999999999997,54.99999999999999,0,0
2.58,8.571428571428571,98.07770522495936,83,7,0,0,291.03999999999996,51.99999999999999,0,0
2.58,8.571428571428571,98.05077909052017,83,7,0,0,276.7299999999999,48.99999999999998,0,0
2.58,8.571428571428571,98.02034041690641,83,7,0,0,262.4199999999999,45.99999999999997,0,0
2.58,8.571428571428571,98.01205745319793,83,7,0,0,248.10999999999984,42.99999999999997,0,0
2.58,8.571428571428571,97.98297416072498,83,7,0,0,233.79999999999984,39.99999999999997,0,0
2.58,8.571428571428571,97.95485554210781,83,7,0,0,219.48999999999984,36.999999999999964,0,0
2.58,8.571428571428571,97.9107279438443,83,7,0,0,205.1799999999999,33.99999999999997,0,0
2.58,8.571428571428571,97.8882152265497,83,7,0,0,190.8699999999999,30.99999999999997,0,0
2.58,8.571428571428571,97.84612814017169,83,7,0,0,176.55999999999983,27.99999999999997,0,0
2.58,8.571428571428571,97.81425368676535,83,7,0,0,162.24999999999983,24.99999999999997,0,0
2.60,8.571428571428571,97.80847140459744,83,7,0,0,147.93999999999988,21.99999999999997,0,0
2.60,8.571428571428571,97.77541768081784,83,7,0,0,133.62999999999988,18.99999999999997,0,0
2.60,8.571428571428571,97.769198135121,84,7,0,0,119.31999999999988,15.999999999999972,0,0
2.60,8.571428571428571,97.7450648078873,84,7,0,0,105.00999999999982,12.999999999999972,0,0
2.60,8.571428571428571,97.72370786921107,84,7,0,0,90.69999999999987,9.999999999999972,0,0
2.60,8.571428571428571,97.70921882232868,84,7,0,0,76.38999999999987,6.999999999999972,0,0
2.60,8.571428571428571,97.68554004786861,84,7,0,0,62.07999999999987,3.9999999999999716,0,0
2.60,8.571428571428571,97.65958402173169,84,7,0,0,47.76999999999987,0.9999999999999716,0,0
2.60,8.571428571428571,97.62605990454266,84,7,0,0,43,0.0,0,0
2.60,8.571428571428571,97.62132207105844,84,7,0,0,57.31,3.0,0,0
2.62,8.571428571428571,97.63913695728634,84,7,0,0,71.62,6.0,0,0
2.62,8.571428571428571,97.66859317659416,84,7,0,0,85.93,9.0,0,0
2.62,8.571428571428571,97.66463170771878,84,7,0,0,100.24000000000001,12.0,0,0
2.62,8.571428571428571,97.6965413000689,84,7,0,0,114.55000000000001,15.0,0,0
2.62,8.571428571428571,97.72679642853807,84,7,0,0,128.86,18.0,0,0
2.62,8.571428571428571,97.73487734124747,84,7,0,0,143.16999999999996,21.0,0,0
2.62,8.571428571428571,97.74612448633548,84,7,0,0,157.48000000000002,24.0,0,0
2.62,8.571428571428571,97.73592481881805,84,7,0,0,171.79000000000002,27.0,0,0
2.62,8.571428571428571,97.74453933054343,84,7,0,0,186.10000000000002,30.0,0,0
2.62,8.571428571428571,97.76826556037075,84,7,0,0,200.40999999999997,33.0,0,0
2.63,8.571428571428571,97.77876911292365,84,7,0,0,214.71999999999997,36.0,0,0
2.63,8.571428571428571,97.790037065833,84,7,0,0,229.03000000000003,39.0,0,0
2.63,8.571428571428571,97.81664712985456,84,7,0,0,243.34000000000003,42.00000000000001,0,0
2.63,8.571428571428571,97.81964507885218,84,7,0,0,257.65000000000003,45.00000000000001,0,0
2.63,8.571428571428571,97.82469084412806,84,7,0,0,271.96000000000004,48.00000000000001,0,0
2.63,8.571428571428571,97.89343364625616,84,7,0,0,286.27000000000004,51.00000000000001,0,0
2.63,8.571428571428571,97.95888219908649,84,7,0,0,300.58000000000004,54.00000000000001,0,0
2.63,8.571428571428571,97.98129061270377,84,7,0,0,314.89000000000004,57.000000000000014,0,0
2.63,8.571428571428571,98.03746586215033,84,7,0,0,329.20000000000005,60.00000000000001,0,0
2.63,8.571428571428571,98.09681608312134,84,7,0,0,343.51,63.0,0,0
2.65,8.571428571428571,98.11466937684169,84,7,0,0,357.82,66.0,0,0
2.65,8.571428571428571,98.1286838290648,84,7,0,0,372.13,69.0,0,0
2.65,8.571428571428571,98.13725814987282,84,7,0,0,386.44,72.0,0,0
2.65,8.571428571428571,98.20523004973695,84,7,0,0,400.75,75.0,0,0
2.65,8.571428571428571,98.23489786634224,84,7,0,0,415.06,78.0,0,0
2.65,8.571428571428571,98.29793146578439,84,7,0,0,429.37,81.0,0,0
2.65,8.571428571428571,98.33361417870395,84,7,0,0,443.68,84.0,0,0
2.65,8.571428571428571,98.40066591353114,84,7,0,0,457.99,87.0,0,0
2.65,8.571428571428571,98.46302693695084,84,7,0,0,472.3,90.0,0,0
2.65,8.571428571428571,98.48406456276345,84,7,0,0,486.61,93.0,0,0
2.67,8.571428571428571,98.52194148224629,84,7,0,0,500.92,96.0,0,0
2.67,8.571428571428571,98.57422519577916,84,7,0,0,515.23,99.0,0,0
2.67,8.571428571428571,98.61226624633647,84,7,0,0,520,100.0,0,0
2.67,8.571428571428571,98.60393579310424,84,7,0,0,505.69,97.0,0,0
2.67,8.571428571428571,98.58251194660484,84,7,0,0,491.38,94.0,0,0
2.67,8.571428571428571,98.54646772256358,84,7,0,0,477.07,91.0,0,0
2.67,8.571428571428571,98.50319026029608,84,7,0,0,462.76,88.0,0,0
2.67,8.571428571428571,98.47474170772566,84,7,0,0,448.45,85.0,0,0
2.67,8.571428571428571,98.45088393597258,84,7,0,0,434.14,82.0,0,0
2.67,8.571428571428571,98.42874229379044,84,7,0,0,419.83,79.0,0,0
2.68,8.571428571428571,98.40310204125197,84,7,0,0,405.52,76.0,0,0
2.68,8.571428571428571,98.3737742774723,84,7,0,0,391.21,73.0,0,0
2.68,8.571428571428571,98.33381003860913,84,7,0,0,376.9,70.0,0,0
2.68,8.571428571428571,98.30316090652445,84,7,0,0,362.59000000000003,67.0,0,0
2.68,8.571428571428571,98.2769044383198,84,7,0,0,348.28,63.99999999999999,0,0
2.68,8.571428571428571,98.26973281769995,84,7,0,0,333.96999999999997,60.99999999999999,0,0
2.68,8.571428571428571,98.264282470084,84,7,0,0,319.65999999999997,57.99999999999999,0,0
2.68,8.571428571428571,98.21364178549027,84,7,0,0,305.34999999999997,54.99999999999999,0,0
2.68,8.571428571428571,98.18873277472139,84,7,0,0,291.03999999999996,51.99999999999999,0,0
2.68,8.571428571428571,98.1818761826952,84,7,0,0,276.7299999999999,48.99999999999998,0,0
2.70,8.571428571428571,98.16442885661145,84,7,0,0,262.4199999999999,45.99999999999997,0,0
2.70,8.571428571428571,98.12938828646217,84,7,0,0,248.10999999999984,42.99999999999997,0,0
2.70,8.571428571428571,98.08187657155199,85,7,0,0,233.79999999999984,39.99999999999997,0,0
2.70,8.571428571428571,98.06236891617493,85,7,0,0,219.48999999999984,36.999999999999964,0,0
2.70,8.571428571428571,98.0348708034238,85,7,0,0,205.1799999999999,33.99999999999997,0,0
2.70,8.571428571428571,98.01244283656237,85,7,0,0,190.8699999999999,30.99999999999997,0,0
2.70,8.571428571428571,97.99442531016567,85,7,0,0,176.55999999999983,27.99999999999997,0,0
2.70,8.571428571428571,97.95729448225113,85,7,0,0,162.24999999999983,24.99999999999997,0,0
2.70,8.571428571428571,97.92387899544319,85,7,0,0,147.93999999999988,21.99999999999997,0,0
2.70,8.571428571428571,97.88178574568913,85,7,0,0,133.62999999999988,18.99999999999997,0,0
2.72,8.571428571428571,97.8542935902237,86,7,0,0,119.31999999999988,15.999999999999972,0,0
2.72,8.571428571428571,97.84376495347101,87,7,0,0,105.00999999999982,12.999999999999972,0,0
2.72,8.571428571428571,97.81487846088368,87,7,0,0,90.69999999999987,9.999999999999972,0,0
2.72,8.571428571428571,97.77261053538226,87,7,0,0,76.38999999999987,6.999999999999972,0,0
2.72,8.571428571428571,97.72811394936424,87,7,0,0,62.07999999999987,3.9999999999999716,0,0
2.72,8.571428571428571,97.72193884296685,87,7,0,0,47.76999999999987,0.9999999999999716,0,0
2.72,8.571428571428571,97.6877835230705,87,7,0,0,43,0.0,0,0
2.72,8.571428571428571,97.68187417689968,87,7,0,0,57.31,3.0,0,0
2.72,8.571428571428571,97.68865465717164,87,7,0,0,71.62,6.0,0,0
2.72,8.571428571428571,97.69573338708963,87,7,0,0,85.93,9.0,0,0
2.73,8.571428571428571,97.70055916273067,87,7,0,0,100.24000000000001,12.0,0,0
2.73,8.571428571428571,97.71509029798536,87,7,0,0,114.55000000000001,15.0,0,0
2.73,8.571428571428571,97.7167685728743,87,7,0,0,128.86,18.0,0,0
2.73,8.571428571428571,97.74443116476317,87,7,0,0,143.16999999999996,21.0,0,0
2.73,8.571428571428571,97.74483975463293,87,7,0,0,157.48000000000002,24.0,0,0
2.73,8.571428571428571,97.76038284120936,87,7,0,0,171.79000000000002,27.0,0,0
2.73,8.571428571428571,97.79698895092349,87,7,0,0,186.10000000000002,30.0,0,0
2.73,8.571428571428571,97.81440597441893,87,7,0,0,200.40999999999997,33.0,0,0
2.73,8.571428571428571,97.82911370757999,87,7,0,0,214.71999999999997,36.0,0,0
2.73,8.571428571428571,97.82160156806205,87,7,0,0,229.03000000000003,39.0,0,0
2.75,8.571428571428571,97.83692614933655,87,7,0,0,243.34000000000003,42.00000000000001,0,0
2.75,8.571428571428571,97.83231571702997,87,7,0,0,257.65000000000003,45.00000000000001,0,0
2.75,8.571428571428571,97.83413929443472,87,7,0,0,271.96000000000004,48.00000000000001,0,0
2.75,8.571428571428571,97.88312354243305,87,7,0,0,286.27000000000004,51.00000000000001,0,0
2.75,8.571428571428571,97.92021421867248,87,7,0,0,300.58000000000004,54.00000000000001,0,0
2.75,8.571428571428571,97.94793979659089,87,7,0,0,314.89000000000004,57.000000000000014,0,0
2.75,8.571428571428571,97.99524046845312,87,7,0,0,329.20000000000005,60.00000000000001,0,0
2.75,8.571428571428571,98.03259465033652,87,7,0,0,343.51,63.0,0,0
2.75,8.571428571428571,98.09015993376447,87,7,0,0,357.82,66.0,0,0
2.75,8.571428571428571,98.11140688411582,87,7,0,0,372.13,69.0,0,0
2.77,8.571428571428571,98.14548087062457,87,7,0,0,386.44,72.0,0,0
2.77,8.571428571428571,98.1954355549843,87,7,0,0,400.75,75.0,0,0
2.77,8.571428571428571,98.24135328929428,87,7,0,0,415.06,78.0,0,0
2.77,8.571428571428571,98.29343623895366,87,7,0,0,429.37,81.0,0,0
2.77,8.571428571428571,98.31802242094075,87,7,0,0,443.68,84.0,0,0
2.77,8.571428571428571,98.3360439356359,87,7,0,0,457.99,87.0,0,0
2.77,8.571428571428571,98.37801258345809,87,7,0,0,472.3,90.0,0,0
2.77,8.571428571428571,98.39296840989515,87,7,0,0,486.61,93.0,0,0
2.77,8.571428571428571,98.4370755612996,87,7,0,0,500.92,96.0,0,0
2.77,8.571428571428571,98.45840655761826,87,7,0,0,515.23,99.0,0,0
2.78,8.571428571428571,98.48634916313159,87,7,0,0,520,100.0,0,0
2.78,8.571428571428571,98.45123573675365,87,7,0,0,505.69,97.0,0,0
2.78,8.571428571428571,98.42141129466023,87,7,0,0,491.38,94.0,0,0
2.78,8.571428571428571,98.38608750788885,87,7,0,0,477.07,91.0,0,0
2.78,8.571428571428571,98.36627729880237,87,7,0,0,462.76,88.0,0,0
2.78,8.571428571428571,98.33297618358718,87,7,0,0,448.45,85.0,0,0
2.78,8.571428571428571,98.28734889605154,87,7,0,0,434.14,82.0,0,0
2.78,8.571428571428571,98.26406184329517,87,7,0,0,419.83,79.0,0,0
2.78,8.571428571428571,98.21284457085332,87,7,0,0,405.52,76.0,0,0
2.78,8.571428571428571,98.18478455578689,87,7,0,0,391.21,73.0,0,0
2.80,8.571428571428571,98.16395374224598,87,7,0,0,376.9,70.0,0,0
2.80,8.571428571428571,98.13377440494412,87,7,0,0,362.59000000000003,67.0,0,0
2.80,8.571428571428571,98.1268268116015,87,7,0,0,348.28,63.99999999999999,0,0
2.80,8.571428571428571,98.08643336610679,88,7,0,0,333.96999999999997,60.99999999999999,0,0
2.80,8.571428571428571,98.06996152967182,88,7,0,0,319.65999999999997,57.99999999999999,0,0
2.80,8.571428571428571,98.03778492576848,88,7,0,0,305.34999999999997,54.99999999999999,0,0
2.80,8.571428571428571,98.00231612303091,88,7,0,0,291.03999999999996,51.99999999999999,0,0
2.80,8.571428571428571,97.96763177082916,88,7,0,0,276.7299999999999,48.99999999999998,0,0
2.80,8.571428571428571,97.94168538605702,88,7,0,0,262.4199999999999,45.99999999999997,0,0
2.80,8.571428571428571,97.91776939924624,88,7,0,0,248.10999999999984,42.99999999999997,0,0
2.82,8.571428571428571,97.89632697940795,88,7,0,0,233.79999999999984,39.99999999999997,0,0
2.82,8.571428571428571,97.8697210469781,88,7,0,0,219.48999999999984,36.999999999999964,0,0
2.82,8.571428571428571,97.85807319125334,88,7,0,0,205.1799999999999,33.99999999999997,0,0
2.82,8.571428571428571,97.83339047573932,88,7,0,0,190.8699999999999,30.99999999999997,0,0
2.82,8.571428571428571,97.80904304998808,88,7,0,0,176.55999999999983,27.99999999999997,0,0
2.82,8.571428571428571,97.76883355833145,88,7,0,0,162.24999999999983,24.99999999999997,0,0
2.82,8.571428571428571,97.75291175892765,88,7,0,0,147.93999999999988,21.99999999999997,0,0
2.82,8.571428571428571,97.72909596302162,88,7,0,0,133.62999999999988,18.99999999999997,0,0
2.82,8.571428571428571,97.71835302376205,88,7,0,0,119.31999999999988,15.999999999999972,0,0
2.82,8.571428571428571,97.70519762549714,88,7,0,0,105.00999999999982,12.999999999999972,0,0
2.83,8.571428571428571,97.68799378903906,88,7,0,0,90.69999999999987,9.999999999999972,0,0
2.83,8.571428571428571,97.6555903310041,88,7,0,0,76.38999999999987,6.999999999999972,0,0
2.83,8.571428571428571,97.6204901593685,89,7,0,0,62.07999999999987,3.9999999999999716,0,0
2.83,8.571428571428571,97.61151987825208,89,7,0,0,47.76999999999987,0.9999999999999716,0,0
2.83,8.571428571428571,97.59108271135483,89,7,0,0,43,0.0,0,0
2.83,8.571428571428571,97.58404428472669,89,7,0,0,57.31,3.0,0,0
2.83,8.571428571428571,97.60101724574994,89,7,0,0,71.62,6.0,0,0
2.83,8.571428571428571,97.58524082945263,89,7,0,0,85.93,9.0,0,0
2.83,8.571428571428571,97.61079177946179,89,7,0,0,100.24000000000001,12.0,0,0
2.83,8.571428571428571,97.61658300564967,89,7,0,0,114.55000000000001,15.0,0,0
2.85,8.571428571428571,97.61184444803219,89,7,0,0,128.86,18.0,0,0
2.85,8.571428571428571,97.64718091558642,89,7,0,0,143.16999999999996,21.0,0,0
2.85,8.571428571428571,97.64896169675531,89,7,0,0,157.48000000000002,24.0,0,0
2.85,8.571428571428571,97.67959477646042,89,7,0,0,171.79000000000002,27.0,0,0
2.85,8.571428571428571,97.69574052585556,89,7,0,0,186.10000000000002,30.0,0,0
2.85,8.571428571428571,97.69176402945938,89,7,0,0,200.40999999999997,33.0,0,0
2.85,8.571428571428571,97.69731622784353,89,7,0,0,214.71999999999997,36.0,0,0
2.85,8.571428571428571,97.70453465035028,90,7,0,0,229.03000000000003,39.0,0,0
2.85,8.571428571428571,97.72461858878606,90,7,0,0,243.34000000000003,42.00000000000001,0,0
2.85,8.571428571428571,97.73127760396068,90,7,0,0,257.65000000000003,45.00000000000001,0,0
2.87,8.571428571428571,97.72767344498632,90,7,0,0,271.96000000000004,48.00000000000001,0,0
2.87,8.571428571428571,97.77514146937348,90,7,0,0,286.27000000000004,51.00000000000001,0,0
2.87,8.571428571428571,97.81946805785446,90,7,0,0,300.58000000000004,54.00000000000001,0,0
2.87,8.571428571428571,97.84931921229344,90,7,0,0,314.89000000000004,57.000000000000014,0,0
2.87,8.571428571428571,97.88603952643223,90,7,0,0,329.20000000000005,60.00000000000001,0,0
2.87,8.571428571428571,97.91119665849428,91,7,0,0,343.51,63.0,0,0
2.87,8.571428571428571,97.92839806266304,91,7,0,0,357.82,66.0,0,0
2.87,8.571428571428571,97.98980835199872,91,7,0,0,372.13,69.0,0,0
2.87,8.571428571428571,98.05539705657328,91,7,0,0,386.44,72.0,0,0
2.88,8.571428571428571,98.08938510312015,91,7,0,0,400.75,75.0,0,0
2.88,8.571428571428571,98.13078708714984,91,7,0,0,415.06,78.0,0,0
2.88,8.571428571428571,98.13843102029385,91,7,0,0,429.37,81.0,0,0
2.88,8.571428571428571,98.18752750282627,91,7,0,0,443.68,84.0,0,0
2.88,8.571428571428571,98.23506572738593,91,7,0,0,457.99,87.0,0,0
2.88,8.571428571428571,98.27638991245652,91,7,0,0,472.3,90.0,0,0
2.88,8.571428571428571,98.31891528553264,91,7,0,0,486.61,93.0,0,0
2.88,8.571428571428571,98.3640467986893,91,7,0,0,500.92,96.0,0,0
2.88,8.571428571428571,98.42021686521932,91,7,0,0,515.23,99.0,0,0
2.88,8.571428571428571,98.4443627302329,91,7,0,0,520,100.0,0,0
2.90,8.571428571428571,98.40426155613417,91,7,0,0,505.69,97.0,0,0
2.90,8.571428571428571,98.39490841577243,91,7,0,0,491.38,94.0,0,0
2.90,8.571428571428571,98.35310796460001,91,7,0,0,477.07,91.0,0,0
2.90,8.571428571428571,98.34624893825828,91,7,0,0,462.76,88.0,0,0
2.90,8.571428571428571,98.32547585657083,91,7,0,0,448.45,85.0,0,0
2.90,8.571428571428571,98.28701599387131,91,7,0,0,434.14,82.0,0,0
2.90,8.571428571428571,98.25304740530603,91,7,0,0,419.83,79.0,0,0
2.90,8.571428571428571,98.21971372405538,91,7,0,0,405.52,76.0,0,0
2.90,8.571428571428571,98.21222012075518,91,7,0,0,391.21,73.0,0,0
2.90,8.571428571428571,98.18134416071085,91,7,0,0,376.9,70.0,0,0
2.92,8.571428571428571,98.17192939692242,91,7,0,0,362.59000000000003,67.0,0,0
2.92,8.571428571428571,98.12571309574155,91,7,0,0,348.28,63.99999999999999,0,0
2.92,8.571428571428571,98.09649461413046,91,7,0,0,333.96999999999997,60.99999999999999,0,0
2.92,8.571428571428571,98.08123153386956,91,7,0,0,319.65999999999997,57.99999999999999,0,0
2.92,8.571428571428571,98.07123543916069,91,7,0,0,305.34999999999997,54.99999999999999,0,0
2.92,8.571428571428571,98.05162152642494,91,7,0,0,291.03999999999996,51.99999999999999,0,0
2.92,8.571428571428571,98.04038220429676,91,7,0,0,276.7299999999999,48.99999999999998,0,0
2.92,8.571428571428571,98.03208395505786,92,7,0,0,262.4199999999999,45.99999999999997,0,0
2.92,8.571428571428571,98.01601776448605,92,7,0,0,248.10999999999984,42.99999999999997,0,0
2.92,8.571428571428571,97.98270476803634,92,7,0,0,233.79999999999984,39.99999999999997,0,0
2.93,8.571428571428571,97.97091478985884,92,7,0,0,219.48999999999984,36.999999999999964,0,0
2.93,8.571428571428571,97.93904830287431,92,7,0,0,205.1799999999999,33.99999999999997,0,0
2.93,8.571428571428571,97.90962068588357,92,7,0,0,190.8699999999999,30.99999999999997,0,0
2.93,8.571428571428571,97.86858652087308,92,7,0,0,176.55999999999983,27.99999999999997,0,0
2.93,8.571428571428571,97.84526687615076,92,7,0,0,162.24999999999983,24.99999999999997,0,0
2.93,8.571428571428571,97.81989545816045,92,7,0,0,147.93999999999988,21.99999999999997,0,0
2.93,8.571428571428571,97.8003365402028,92,7,0,0,133.62999999999988,18.99999999999997,0,0
2.93,8.571428571428571,97.76416845747708,92,7,0,0,119.31999999999988,15.999999999999972,0,0
2.93,8.571428571428571,97.7423777207316,92,7,0,0,105.00999999999982,12.999999999999972,0,0
2.93,8.571428571428571,97.72122091512001,92,7,0,0,90.69999999999987,9.999999999999972,0,0
2.95,8.571428571428571,97.71425935100544,92,7,0,0,76.38999999999987,6.999999999999972,0,0
2.95,8.571428571428571,97.69897766033058,92,7,0,0,62.07999999999987,3.9999999999999716,0,0
2.95,8.571428571428571,97.67466991821374,92,7,0,0,47.76999999999987,0.9999999999999716,0,0
2.95,8.571428571428571,97.63910162440162,92,7,0,0,43,0.0,0,0
2.95,8.571428571428571,97.63991234822804,92,7,0,0,57.31,3.0,0,0
2.95,8.571428571428571,97.66573267083704,92,7,0,0,71.62,6.0,0,0
2.95,8.571428571428571,97.6842209551393,92,7,0,0,85.93,9.0,0,0
2.95,8.571428571428571,97.69774498553792,92,7,0,0,100.24000000000001,12.0,0,0
2.95,8.571428571428571,97.69444035215444,92,7,0,0,114.55000000000001,15.0,0,0
2.95,8.571428571428571,97.69490157871479,92,7,0,0,128.86,18.0,0,0
2.97,8.571428571428571,97.72371091617477,92,7,0,0,143.16999999999996,21.0,0,0
2.97,8.571428571428571,97.73969598997316,92,7,0,0,157.48000000000002,24.0,0,0
2.97,8.571428571428571,97.76123050141221,92,7,0,0,171.79000000000002,27.0,0,0
2.97,8.571428571428571,97.78187766726352,92,7,0,0,186.10000000000002,30.0,0,0
2.97,8.571428571428571,97.79122189823597,92,7,0,0,200.40999999999997,33.0,0,0
2.97,8.571428571428571,97.80325979049647,92,7,0,0,214.71999999999997,36.0,0,0
2.97,8.571428571428571,97.8146554395065,92,7,0,0,229.03000000000003,39.0,0,0
2.97,8.571428571428571,97.82392955682315,92,7,0,0,243.34000000000003,42.00000000000001,0,0
2.97,8.571428571428571,97.82914316785097,92,7,0,0,257.65000000000003,45.00000000000001,0,0
2.97,8.571428571428571,97.81075580289773,92,7,0,0,271.96000000000004,48.00000000000001,0,0
2.98,8.571428571428571,97.85506869115872,92,7,0,0,286.27000000000004,51.00000000000001,0,0
2.98,8.571428571428571,97.90295888812967,92,7,0,0,300.58000000000004,54.00000000000001,0,0
2.98,8.571428571428571,97.92881084888181,92,7,0,0,314.89000000000004,57.000000000000014,0,0
2.98,8.571428571428571,97.97947487545429,92,7,0,0,329.20000000000005,60.00000000000001,0,0
2.98,8.571428571428571,98.00167134377375,92,7,0,0,343.51,63.0,0,0
2.98,8.571428571428571,98.05650235483898,92,7,0,0,357.82,66.0,0,0
2.98,8.571428571428571,98.11172249258476,92,7,0,0,372.13,69.0,0,0
2.98,8.571428571428571,98.173882611861,92,8,0,0,386.44,72.0,0,0
2.98,8.571428571428571,98.19956859027646,92,8,0,0,400.75,75.0,0,0
2.98,8.571428571428571,98.25579305094313,92,8,0,0,415.06,78.0,0,0
3.00,8.571428571428571,98.2924167417728,92,8,0,0,429.37,81.0,0,0
3.00,8.571428571428571,98.34227510154139,92,8,0,0,443.68,84.0,0,0
3.00,8.571428571428571,98.36742906435917,92,8,0,0,457.99,87.0,0,0
3.00,8.571428571428571,98.41185940783082,92,8,0,0,472.3,90.0,0,0
3.00,8.571428571428571,98.46318045344887,92,8,0,0,486.61,93.0,0,0
3.00,8.571428571428571,98.52365512864915,92,8,0,0,500.92,96.0,0,0
3.00,8.571428571428571,98.55051006685105,92,8,0,0,515.23,99.0,0,0
3.00,8.571428571428571,98.61168571082742,92,8,0,0,520,100.0,0,0
3.00,8.571428571428571,98.57940269284332,92,8,0,0,505.69,97.0,0,0
3.00,8.571428571428571,98.55568206500982,92,8,0,0,491.38,94.0,0,0
3.02,8.571428571428571,98.5453327458846,92,8,0,0,477.07,91.0,0,0
3.02,8.571428571428571,98.52168407451587,92,8,0,0,462.76,88.0,0,0
3.02,8.571428571428571,98.5024841630926,92,8,0,0,448.45,85.0,0,0
3.02,8.571428571428571,98.4659089703129,92,8,0,0,434.14,82.0,0,0
3.02,8.571428571428571,98.45953250552013,92,8,0,0,419.83,79.0,0,0
3.02,8.571428571428571,98.44893374570935,92,8,0,0,405.52,76.0,0,0
3.02,8.571428571428571,98.41510691954227,92,8,0,0,391.21,73.0,0,0
3.02,8.571428571428571,98.39304639593105,92,8,0,0,376.9,70.0,0,0
3.02,8.571428571428571,98.36684195357995,93,8,0,0,362.59000000000003,67.0,0,0
3.02,8.571428571428571,98.33849144466004,93,8,0,0,348.28,63.99999999999999,0,0
3.03,8.571428571428571,98.3087697275324,93,8,0,0,333.96999999999997,60.99999999999999,0,0
3.03,8.571428571428571,98.29153834949291,93,8,0,0,319.65999999999997,57.99999999999999,0,0
3.03,8.571428571428571,98.26040924919084,93,8,0,0,305.34999999999997,54.99999999999999,0,0
3.03,8.571428571428571,98.25341872690345,93,8,0,0,291.03999999999996,51.99999999999999,0,0
3.03,8.571428571428571,98.24227363656934,93,8,0,0,276.7299999999999,48.99999999999998,0,0
3.03,8.571428571428571,98.21660209110436,93,8,0,0,262.4199999999999,45.99999999999997,0,0
3.03,8.571428571428571,98.18354198574312,93,8,0,0,248.10999999999984,42.99999999999997,0,0
3.03,8.571428571428571,98.17128761850311,93,8,0,0,233.79999999999984,39.99999999999997,0,0
3.03,8.571428571428571,98.15503958146729,93,8,0,0,219.48999999999984,36.999999999999964,0,0
3.03,8.571428571428571,98.1420991667596,93,8,0,0,205.1799999999999,33.99999999999997,0,0
3.05,8.571428571428571,98.11386331009513,93,8,0,0,190.8699999999999,30.99999999999997,0,0
3.05,8.571428571428571,98.08829826143199,93,8,0,0,176.55999999999983,27.99999999999997,0,0
3.05,8.571428571428571,98.07536915147666,93,8,0,0,162.24999999999983,24.99999999999997,0,0
3.05,8.571428571428571,98.05372111910854,93,8,0,0,147.93999999999988,21.99999999999997,0,0
3.05,8.571428571428571,98.01748048091486,93,8,0,0,133.62999999999988,18.99999999999997,0,0
3.05,8.571428571428571,97.99266352072037,93,8,0,0,119.31999999999988,15.999999999999972,0,0
3.05,8.571428571428571,97.96013925034492,93,8,0,0,105.00999999999982,12.999999999999972,0,0
3.05,8.571428571428571,97.93027416414873,93,8,0,0,90.69999999999987,9.999999999999972,0,0
3.05,8.571428571428571,97.91759815108928,93,8,0,0,76.38999999999987,6.999999999999972,0,0
3.05,8.571428571428571,97.88242164315166,93,8,0,0,62.07999999999987,3.9999999999999716,0,0
3.07,8.571428571428571,97.87455384919353,93,8,0,0,47.76999999999987,0.9999999999999716,0,0
3.07,8.571428571428571,97.86084491737863,93,8,0,0,43,0.0,0,0
3.07,8.571428571428571,97.85209857217083,93,8,0,0,57.31,3.0,0,0
3.07,8.571428571428571,97.87607007434175,93,8,0,0,71.62,6.0,0,0
3.07,8.571428571428571,97.88402376869183,93,8,0,0,85.93,9.0,0,0
3.07,8.571428571428571,97.90783228576946,93,8,0,0,100.24000000000001,12.0,0,0
3.07,8.571428571428571,97.8969943529926,93,8,0,0,114.55000000000001,15.0,0,0
3.07,8.571428571428571,97.91640169155242,93,8,0,0,128.86,18.0,0,0
3.07,8.571428571428571,97.91767189598873,93,8,0,0,143.16999999999996,21.0,0,0
3.07,8.571428571428571,97.94289805350668,93,8,0,0,157.48000000000002,24.0,0,0
3.08,8.571428571428571,97.95283512860391,93,8,0,0,171.79000000000002,27.0,0,0
3.08,8.571428571428571,97.95085705625036,93,8,0,0,186.10000000000002,30.0,0,0
3.08,8.571428571428571,97.96195348597946,93,8,0,0,200.40999999999997,33.0,0,0
3.08,8.571428571428571,97.96412065054572,93,8,0,0,214.71999999999997,36.0,0,0
3.08,8.571428571428571,97.97416243499298,93,8,0,0,229.03000000000003,39.0,0,0
3.08,8.571428571428571,98.00952738902045,93,8,0,0,243.34000000000003,42.00000000000001,0,0
3.08,8.571428571428571,98.00737548618939,93,8,0,0,257.65000000000003,45.00000000000001,0,0
3.08,8.571428571428571,98.00196429674664,93,8,0,0,271.96000000000004,48.00000000000001,0,0
3.08,8.571428571428571,98.05224852931613,93,8,0,0,286.27000000000004,51.00000000000001,0,0
3.08,8.571428571428571,98.08647182620594,93,8,0,0,300.58000000000004,54.00000000000001,0,0
3.10,8.571428571428571,98.10092433728647,93,8,0,0,314.89000000000004,57.000000000000014,0,0
3.10,8.571428571428571,98.14964081660135,93,8,0,0,329.20000000000005,60.00000000000001,0,0
3.10,8.571428571428571,98.17497772613596,93,8,0,0,343.51,63.0,0,0
3.10,8.571428571428571,98.21455580918882,93,8,0,0,357.82,66.0,0,0
3.10,8.571428571428571,98.24560845109443,93,8,0,0,372.13,69.0,0,0
3.10,8.571428571428571,98.26928891506604,93,8,0,0,386.44,72.0,0,0
3.10,8.571428571428571,98.30149172967761,93,8,0,0,400.75,75.0,0,0
3.10,8.571428571428571,98.33293015054429,93,8,0,0,415.06,78.0,0,0
3.10,8.571428571428571,98.37047793566988,93,8,0,0,429.37,81.0,0,0
3.12,8.571428571428571,98.38068165942285,93,8,0,0,443.68,84.0,0,0
3.12,8.571428571428571,98.40270126073628,93,9,0,0,457.99,87.0,0,0
3.12,8.571428571428571,98.4174912563879,93,9,0,0,472.3,90.0,0,0
3.12,8.571428571428571,98.44187360487823,93,9,0,0,486.61,93.0,0,0
3.12,8.571428571428571,98.45773012103349,93,9,0,0,500.92,96.0,0,0
3.12,8.571428571428571,98.50107157916726,93,9,0,0,515.23,99.0,0,0
3.12,8.571428571428571,98.52055703126008,93,9,0,0,520,100.0,0,0
3.12,8.571428571428571,98.49315224884629,93,9,0,0,505.69,97.0,0,0
3.12,8.571428571428571,98.45222415050499,93,9,0,0,491.38,94.0,0,0
3.12,8.571428571428571,98.44512797852548,93,9,0,0,477.07,91.0,0,0
3.13,8.571428571428571,98.43150470808357,93,9,0,0,462.76,88.0,0,0
3.13,8.571428571428571,98.41320133899731,93,9,0,0,448.45,85.0,0,0
3.13,8.571428571428571,98.38730173121495,93,9,0,0,434.14,82.0,0,0
3.13,8.571428571428571,98.37150119600642,93,9,0,0,419.83,79.0,0,0
3.13,8.571428571428571,98.34993363303963,93,9,0,0,405.52,76.0,0,0
3.13,8.571428571428571,98.34362526088128,93,9,0,0,391.21,73.0,0,0
3.13,8.571428571428571,98.30392962541863,93,9,0,0,376.9,70.0,0,0
3.13,8.571428571428571,98.26455417434666,93,9,0,0,362.59000000000003,67.0,0,0
3.13,8.571428571428571,98.2351122993556,93,9,0,0,348.28,63.99999999999999,0,0
3.13,8.571428571428571,98.21779378759442,93,9,0,0,333.96999999999997,60.99999999999999,0,0
3.15,8.571428571428571,98.18470029613437,93,9,0,0,319.65999999999997,57.99999999999999,0,0
3.15,8.571428571428571,98.15845348515379,93,9,0,0,305.34999999999997,54.99999999999999,0,0
3.15,8.571428571428571,98.13888711912357,93,9,0,0,291.03999999999996,51.99999999999999,0,0
3.15,8.571428571428571,98.1080345910462,93,9,0,0,276.7299999999999,48.99999999999998,0,0
3.15,8.571428571428571,98.09780607459919,93,10,0,0,262.4199999999999,45.99999999999997,0,0
3.15,8.571428571428571,98.09258421513108,93,10,0,0,248.10999999999984,42.99999999999997,0,0
3.15,8.571428571428571,98.0586093326207,93,11,0,0,233.79999999999984,39.99999999999997,0,0
3.15,8.571428571428571,98.04406850533611,93,11,0,0,219.48999999999984,36.999999999999964,0,0
3.15,8.571428571428571,98.00339442096097,93,11,0,0,205.1799999999999,33.99999999999997,0,0
3.15,8.571428571428571,97.97812801655033,94,11,0,0,190.8699999999999,30.99999999999997,0,0
3.17,8.571428571428571,97.9580720177166,94,11,0,0,176.55999999999983,27.99999999999997,0,0
3.17,8.571428571428571,97.9482447450284,94,11,0,0,162.24999999999983,24.99999999999997,0,0
3.17,8.571428571428571,97.91062731456209,94,11,0,0,147.93999999999988,21.99999999999997,0,0
3.17,8.571428571428571,97.8953974457126,94,11,0,0,133.62999999999988,18.99999999999997,0,0
3.17,8.571428571428571,97.86824048163126,94,11,0,0,119.31999999999988,15.999999999999972,0,0
3.17,8.571428571428571,97.84738674047163,94,11,0,0,105.00999999999982,12.999999999999972,0,0
3.17,8.571428571428571,97.81247245062737,94,11,0,0,90.69999999999987,9.999999999999972,0,0
3.17,8.571428571428571,97.80818974480265,94,11,0,0,76.38999999999987,6.999999999999972,0,0
3.17,8.571428571428571,97.77651404146842,94,11,0,0,62.07999999999987,3.9999999999999716,0,0
3.17,8.571428571428571,97.74490136258144,95,11,0,0,47.76999999999987,0.9999999999999716,0,0
3.18,8.571428571428571,97.72933810747553,95,11,0,0,43,0.0,0,0
3.18,8.571428571428571,97.71574494753806,95,11,0,0,57.31,3.0,0,0
3.18,8.571428571428571,97.72140338241124,95,11,0,0,71.62,6.0,0,0
3.18,8.571428571428571,97.74419188068143,95,11,0,0,85.93,9.0,0,0
3.18,8.571428571428571,97.74658411500458,95,11,0,0,100.24000000000001,12.0,0,0
3.18,8.571428571428571,97.76685392031558,95,11,0,0,114.55000000000001,15.0,0,0
3.18,8.571428571428571,97.78688121165692,95,11,0,0,128.86,18.0,0,0
3.18,8.571428571428571,97.79345101191846,95,11,0,0,143.16999999999996,21.0,0,0
3.18,8.571428571428571,97.77689993272001,95,11,0,0,157.48000000000002,24.0,0,0
3.18,8.571428571428571,97.79470882092139,95,11,0,0,171.79000000000002,27.0,0,0
3.20,8.571428571428571,97.80408805379541,95,11,0,0,186.10000000000002,30.0,0,0
3.20,8.571428571428571,97.79051745661141,96,11,0,0,200.40999999999997,33.0,0,0
3.20,8.571428571428571,97.8097062397714,96,11,0,0,214.71999999999997,36.0,0,0
3.20,8.571428571428571,97.81799602700292,96,11,0,0,229.03000000000003,39.0,0,0
3.20,8.571428571428571,97.83105565391254,96,11,0,0,243.34000000000003,42.00000000000001,0,0
3.20,8.571428571428571,97.85217232556143,96,11,0,0,257.65000000000003,45.00000000000001,0,0
3.20,8.571428571428571,97.86060905524693,96,11,0,0,271.96000000000004,48.00000000000001,0,0
3.20,8.571428571428571,97.9058782889571,96,11,0,0,286.27000000000004,51.00000000000001,0,0
3.20,8.571428571428571,97.93384633550329,96,11,0,0,300.58000000000004,54.00000000000001,0,0
3.20,8.571428571428571,97.94880235861602,96,11,0,0,314.89000000000004,57.000000000000014,0,0
3.22,8.571428571428571,97.97795384189146,96,11,0,0,329.20000000000005,60.00000000000001,0,0
3.22,8.571428571428571,97.99734745801544,96,11,0,0,343.51,63.0,0,0
3.22,8.571428571428571,98.01416850627396,96,11,0,0,357.82,66.0,0,0
3.22,8.571428571428571,98.03890366653222,96,11,0,0,372.13,69.0,0,0
3.22,8.571428571428571,98.06101545933537,96,11,0,0,386.44,72.0,0,0
3.22,8.571428571428571,98.1099320731803,96,11,0,0,400.75,75.0,0,0
3.22,8.571428571428571,98.12579686474866,96,11,0,0,415.06,78.0,0,0
3.22,8.571428571428571,98.16320478567202,96,11,0,0,429.37,81.0,0,0
3.22,8.571428571428571,98.19317058282977,96,11,0,0,443.68,84.0,0,0
3.22,8.571428571428571,98.22361000439737,97,11,0,0,457.99,87.0,0,0
3.23,8.571428571428571,98.25018523484961,97,11,0,0,472.3,90.0,0,0
3.23,8.571428571428571,98.26846670441924,97,11,0,0,486.61,93.0,0,0
3.23,8.571428571428571,98.31061004047575,97,11,0,0,500.92,96.0,0,0
3.23,8.571428571428571,98.31665018968629,98,11,0,0,515.23,99.0,0,0
3.23,8.571428571428571,98.34569584429464,98,11,0,0,520,100.0,0,0
3.23,8.571428571428571,98.32667424577252,98,11,0,0,505.69,97.0,0,0
3.23,8.571428571428571,98.2993448788401,98,11,0,0,491.38,94.0,0,0
3.23,8.571428571428571,98.27354875171054,98,11,0,0,477.07,91.0,0,0
3.23,8.571428571428571,98.23808683478013,98,11,0,0,462.76,88.0,0,0
3.23,8.571428571428571,98.22419807523775,98,11,0,0,448.45,85.0,0,0
3.25,8.571428571428571,98.18836846700404,98,11,0,0,434.14,82.0,0,0
3.25,8.571428571428571,98.17497802560324,98,11,0,0,419.83,79.0,0,0
3.25,8.571428571428571,98.15740751119725,98,11,0,0,405.52,76.0,0,0
3.25,8.571428571428571,98.13897137772226,98,11,0,0,391.21,73.0,0,0
3.25,8.571428571428571,98.11651661971837,98,11,0,0,376.9,70.0,0,0
3.25,8.571428571428571,98.105347234969,98,11,0,0,362.59000000000003,67.0,0,0
3.25,8.571428571428571,98.08885270988792,98,11,0,0,348.28,63.99999999999999,0,0
3.25,8.571428571428571,98.0630127669413,98,11,0,0,333.96999999999997,60.99999999999999,0,0
3.25,8.571428571428571,98.04197283432737,98,11,0,0,319.65999999999997,57.99999999999999,0,0
3.25,8.571428571428571,97.99995804316323,98,11,0,0,305.34999999999997,54.99999999999999,0,0
3.27,8.571428571428571,97.96527564867914,98,11,0,0,291.03999999999996,51.99999999999999,0,0
3.27,8.571428571428571,97.926685508658,98,11,0,0,276.7299999999999,48.99999999999998,0,0
3.27,8.571428571428571,97.89282586477265,98,11,0,0,262.4199999999999,45.99999999999997,0,0
3.27,8.571428571428571,97.87018471522909,98,11,0,0,248.10999999999984,42.99999999999997,0,0
3.27,8.571428571428571,97.85876848010645,98,11,0,0,233.79999999999984,39.99999999999997,0,0
3.27,8.571428571428571,97.84276830324075,98,11,0,0,219.48999999999984,36.999999999999964,0,0
3.27,8.571428571428571,97.8084652053909,98,11,0,0,205.1799999999999,33.99999999999997,0,0
3.27,8.571428571428571,97.7995655165294,98,11,0,0,190.8699999999999,30.99999999999997,0,0
3.27,8.571428571428571,97.77937860081124,98,11,0,0,176.55999999999983,27.99999999999997,0,0
3.27,8.571428571428571,97.75670006153892,98,11,0,0,162.24999999999983,24.99999999999997,0,0
3.28,8.571428571428571,97.7325040155884,98,11,0,0,147.93999999999988,21.99999999999997,0,0
3.28,8.571428571428571,97.71151563818675,99,11,0,0,133.62999999999988,18.99999999999997,0,0
3.28,8.571428571428571,97.68789326326538,99,11,0,0,119.31999999999988,15.999999999999972,0,0
3.28,8.571428571428571,97.68665746100952,99,11,0,0,105.00999999999982,12.999999999999972,0,0
3.28,8.571428571428571,97.6543120394102,99,11,0,0,90.69999999999987,9.999999999999972,0,0
3.28,8.571428571428571,97.64082279433951,99,11,0,0,76.38999999999987,6.999999999999972,0,0
3.28,8.571428571428571,97.63024546065814,99,11,0,0,62.07999999999987,3.9999999999999716,0,0
3.28,8.571428571428571,97.6232309228512,99,11,0,0,47.76999999999987,0.9999999999999716,0,0
3.28,8.571428571428571,97.58749041891618,99,11,0,0,43,0.0,0,0
3.28,8.571428571428571,97.57231822645676,99,11,0,0,57.31,3.0,0,0
3.30,8.571428571428571,97.56851646127224,99,11,0,0,71.62,6.0,0,0
3.30,8.571428571428571,97.55763883447663,99,11,0,0,85.93,9.0,0,0
3.30,8.571428571428571,97.58593330967891,99,11,0,0,100.24000000000001,12.0,0,0
3.30,8.571428571428571,97.58149827701706,99,11,0,0,114.55000000000001,15.0,0,0
3.30,8.571428571428571,97.57727506292504,99,11,0,0,128.86,18.0,0,0
3.30,8.571428571428571,97.57034842131006,99,11,0,0,143.16999999999996,21.0,0,0
3.30,8.571428571428571,97.55301704377153,99,11,0,0,157.48000000000002,24.0,0,0
3.30,8.571428571428571,97.54914027498614,99,11,0,0,171.79000000000002,27.0,0,0
3.30,8.571428571428571,97.54732944539782,99,11,0,0,186.10000000000002,30.0,0,0
3.30,8.571428571428571,97.57770120519794,99,11,0,0,200.40999999999997,33.0,0,0
3.32,8.571428571428571,97.589866220964,99,11,0,0,214.71999999999997,36.0,0,0
3.32,8.571428571428571,97.59852037462694,99,11,0,0,229.03000000000003,39.0,0,0
3.32,8.571428571428571,97.62323063876774,99,11,0,0,243.34000000000003,42.00000000000001,0,0
3.32,8.571428571428571,97.62641139810793,99,11,0,0,257.65000000000003,45.00000000000001,0,0
3.32,8.571428571428571,97.64869501233534,99,11,0,0,271.96000000000004,48.00000000000001,0,0
3.32,8.571428571428571,97.67581799852744,99,11,0,0,286.27000000000004,51.00000000000001,0,0
3.32,8.571428571428571,97.71808547444373,99,11,0,0,300.58000000000004,54.00000000000001,0,0
3.32,8.571428571428571,97.73297234859973,99,11,0,0,314.89000000000004,57.000000000000014,0,0
3.32,8.571428571428571,97.78388518778583,99,11,0,0,329.20000000000005,60.00000000000001,0,0
3.32,8.571428571428571,97.81599457217605,99,11,0,0,343.51,63.0,0,0
3.33,8.571428571428571,97.83068668093617,99,11,0,0,357.82,66.0,0,0
3.33,8.571428571428571,97.8459259315101,99,11,0,0,372.13,69.0,0,0
3.33,8.571428571428571,97.87807592452019,99,11,0,0,386.44,72.0,0,0
3.33,8.571428571428571,97.92408004555055,99,11,0,0,400.75,75.0,0,0
3.33,8.571428571428571,97.96775882536281,99,11,0,0,415.06,78.0,0,0
3.33,8.571428571428571,98.01624013789673,99,11,0,0,429.37,81.0,0,0
3.33,8.571428571428571,98.0468660118717,99,11,0,0,443.68,84.0,0,0
3.33,8.571428571428571,98.08475834912117,99,11,0,0,457.99,87.0,0,0
3.33,8.571428571428571,98.1010727449876,99,11,0,0,472.3,90.0,0,0
3.33,8.571428571428571,98.12028865970746,99,11,0,0,486.61,93.0,0,0
3.35,8.571428571428571,98.16671140530951,99,11,0,0,500.92,96.0,0,0
3.35,8.571428571428571,98.21386984009654,99,11,0,0,515.23,99.0,0,0
3.35,8.571428571428571,98.22698845152249,99,11,0,0,520,100.0,0,0
3.35,8.571428571428571,98.20131066638972,99,11,0,0,505.69,97.0,0,0
3.35,8.571428571428571,98.17688165115607,100,11,0,0,491.38,94.0,0,0
3.35,8.571428571428571,98.17156888919706,100,11,0,0,477.07,91.0,0,0
3.35,8.571428571428571,98.16224838110872,100,11,0,0,462.76,88.0,0,0
3.35,8.571428571428571,98.14236979679094,100,11,0,0,448.45,85.0,0,0
3.35,8.571428571428571,98.12367070434267,100,11,0,0,434.14,82.0,0,0
3.35,8.571428571428571,98.10868267324676,100,11,0,0,419.83,79.0,0,0
3.37,8.571428571428571,98.09622272640974,100,11,0,0,405.52,76.0,0,0
3.37,8.571428571428571,98.07382550096648,100,11,0,0,391.21,73.0,0,0
3.37,8.571428571428571,98.04753562279986,100,11,0,0,376.9,70.0,0,0
3.37,8.571428571428571,98.02644635939987,100,11,0,0,362.59000000000003,67.0,0,0
3.37,8.571428571428571,98.00664427274444,101,11,0,0,348.28,63.99999999999999,0,0
3.37,8.571428571428571,97.99021780305502,101,11,0,0,333.96999999999997,60.99999999999999,0,0
3.37,8.571428571428571,97.98707867924689,101,11,0,0,319.65999999999997,57.99999999999999,0,0
3.37,8.571428571428571,97.98653007628454,101,11,0,0,305.34999999999997,54.99999999999999,0,0
3.37,8.571428571428571,97.97567081268471,101,11,0,0,291.03999999999996,51.99999999999999,0,0
3.37,8.571428571428571,97.93835108645338,101,11,0,0,276.7299999999999,48.99999999999998,0,0
3.38,8.571428571428571,97.91172988163116,101,11,0,0,262.4199999999999,45.99999999999997,0,0
3.38,8.571428571428571,97.90668978728857,101,11,0,0,248.10999999999984,42.99999999999997,0,0
3.38,8.571428571428571,97.87868530456194,102,11,0,0,233.79999999999984,39.99999999999997,0,0
3.38,8.571428571428571,97.86496842284241,102,11,0,0,219.48999999999984,36.999999999999964,0,0
3.38,8.571428571428571,97.8494273308649,102,11,0,0,205.1799999999999,33.99999999999997,0,0
3.38,8.571428571428571,97.83377441486498,102,11,0,0,190.8699999999999,30.99999999999997,0,0
3.38,8.571428571428571,97.80361723906263,102,11,0,0,176.55999999999983,27.99999999999997,0,0
3.38,8.571428571428571,97.78434904412944,102,11,0,0,162.24999999999983,24.99999999999997,0,0
3.38,8.571428571428571,97.75972626718817,102,11,0,0,147.93999999999988,21.99999999999997,0,0
3.38,8.571428571428571,97.73675930034007,102,11,0,0,133.62999999999988,18.99999999999997,0,0
3.40,8.571428571428571,97.70880519554345,102,11,0,0,119.31999999999988,15.999999999999972,0,0
3.40,8.571428571428571,97.68741754853089,102,11,0,0,105.00999999999982,12.999999999999972,0,0
3.40,8.571428571428571,97.66635664983495,102,11,0,0,90.69999999999987,9.999999999999972,0,0
3.40,8.571428571428571,97.63792457198096,102,11,0,0,76.38999999999987,6.999999999999972,0,0
3.40,8.571428571428571,97.61186376683055,102,11,0,0,62.07999999999987,3.9999999999999716,0,0
3.40,8.571428571428571,97.58428943988066,102,11,0,0,47.76999999999987,0.9999999999999716,0,0
3.40,8.571428571428571,97.57240162643232,102,11,0,0,43,0.0,0,0
3.40,8.571428571428571,97.57043111098892,102,11,0,0,57.31,3.0,0,0
3.40,8.571428571428571,97.59202370247426,102,11,0,0,71.62,6.0,0,0
3.40,8.571428571428571,97.6103493388297,102,11,0,0,85.93,9.0,0,0
3.42,8.571428571428571,97.60977992929102,102,11,0,0,100.24000000000001,12.0,0,0
3.42,8.571428571428571,97.60376440354283,103,11,0,0,114.55000000000001,15.0,0,0
3.42,8.571428571428571,97.62806052534756,103,11,0,0,128.86,18.0,0,0
3.42,8.571428571428571,97.64118900060305,104,11,0,0,143.16999999999996,21.0,0,0
3.42,8.571428571428571,97.63047087311806,104,11,0,0,157.48000000000002,24.0,0,0
3.42,8.571428571428571,97.6340635667044,104,11,0,0,171.79000000000002,27.0,0,0
3.42,8.571428571428571,97.6222908852053,104,11,0,0,186.10000000000002,30.0,0,0
3.42,8.571428571428571,97.6351037429406,104,11,0,0,200.40999999999997,33.0,0,0
3.42,8.571428571428571,97.62861619393831,104,11,0,0,214.71999999999997,36.0,0,0
3.42,8.571428571428571,97.62791218914707,104,11,0,0,229.03000000000003,39.0,0,0
3.43,8.571428571428571,97.65203530859114,104,11,0,0,243.34000000000003,42.00000000000001,0,0
3.43,8.571428571428571,97.67717359885313,104,11,0,0,257.65000000000003,45.00000000000001,0,0
3.43,8.571428571428571,97.70927049274955,104,11,0,0,271.96000000000004,48.00000000000001,0,0
3.43,8.571428571428571,97.7610393406818,104,11,0,0,286.27000000000004,51.00000000000001,0,0
3.43,8.571428571428571,97.76641603204632,104,11,0,0,300.58000000000004,54.00000000000001,0,0
3.43,8.571428571428571,97.80227770201351,104,11,0,0,314.89000000000004,57.000000000000014,0,0
3.43,8.571428571428571,97.8342567304676,104,11,0,0,329.20000000000005,60.00000000000001,0,0
3.43,8.571428571428571,97.88278474634119,104,11,0,0,343.51,63.0,0,0
3.43,8.571428571428571,97.90012185048498,104,11,0,0,357.82,66.0,0,0
3.43,8.571428571428571,97.94633395273137,104,11,0,0,372.13,69.0,0,0
3.45,8.571428571428571,97.99231273919528,104,11,0,0,386.44,72.0,0,0
3.45,8.571428571428571,98.00533263694852,104,11,0,0,400.75,75.0,0,0
3.45,8.571428571428571,98.02862712708111,104,11,0,0,415.06,78.0,0,0
3.45,8.571428571428571,98.05112745885162,104,11,0,0,429.37,81.0,0,0
3.45,8.571428571428571,98.06524561719257,104,11,0,0,443.68,84.0,0,0
3.45,8.571428571428571,98.08497865913911,105,11,0,0,457.99,87.0,0,0
3.45,8.571428571428571,98.13018623187207,105,11,0,0,472.3,90.0,0,0
3.45,8.571428571428571,98.17694677080068,105,11,0,0,486.61,93.0,0,0
3.45,8.571428571428571,98.22415630303071,105,11,0,0,500.92,96.0,0,0
3.45,8.571428571428571,98.2667786679788,105,11,0,0,515.23,99.0,0,0
3.47,8.571428571428571,98.3137217086396,105,11,0,0,520,100.0,0,0
3.47,8.571428571428571,98.28005746308958,105,11,0,0,505.69,97.0,0,0
3.47,8.571428571428571,98.2549264338794,105,11,0,0,491.38,94.0,0,0
3.47,8.571428571428571,98.23892473437292,105,11,0,0,477.07,91.0,0,0
3.47,8.571428571428571,98.22475484662839,105,11,0,0,462.76,88.0,0,0
3.47,8.571428571428571,98.19738987906933,105,11,0,0,448.45,85.0,0,0
3.47,8.571428571428571,98.16114980034237,105,11,0,0,434.14,82.0,0,0
3.47,8.571428571428571,98.13758684615456,105,11,0,0,419.83,79.0,0,0
3.47,8.571428571428571,98.115315405515,105,11,0,0,405.52,76.0,0,0
3.47,8.571428571428571,98.09001852159749,105,11,0,0,391.21,73.0,0,0
3.48,8.571428571428571,98.07106685941267,105,11,0,0,376.9,70.0,0,0
3.48,8.571428571428571,98.05847557244003,105,11,0,0,362.59000000000003,67.0,0,0
3.48,8.571428571428571,98.02987824386442,105,11,0,0,348.28,63.99999999999999,0,0
3.48,8.571428571428571,98.01018033138328,105,11,0,0,333.96999999999997,60.99999999999999,0,0
3.48,8.571428571428571,97.98216183113365,105,11,0,0,319.65999999999997,57.99999999999999,0,0
3.48,8.571428571428571,97.96864695755635,105,11,0,0,305.34999999999997,54.99999999999999,0,0
3.48,8.571428571428571,97.93882727885915,105,11,0,0,291.03999999999996,51.99999999999999,0,0
3.48,8.571428571428571,97.9180311716975,105,11,0,0,276.7299999999999,48.99999999999998,0,0
3.48,8.571428571428571,97.89992726393302,105,11,0,0,262.4199999999999,45.99999999999997,0,0
3.48,8.571428571428571,97.8930538326911,105,11,0,0,248.10999999999984,42.99999999999997,0,0
3.50,8.571428571428571,97.88040442240448,105,11,0,0,233.79999999999984,39.99999999999997,0,0
3.50,8.571428571428571,97.86249261654181,105,11,0,0,219.48999999999984,36.999999999999964,0,0
3.50,8.571428571428571,97.83477133509366,105,11,0,0,205.1799999999999,33.99999999999997,0,0
3.50,8.571428571428571,97.82065340479946,105,11,0,0,190.8699999999999,30.99999999999997,0,0
3.50,8.571428571428571,97.79026510960595,105,11,0,0,176.55999999999983,27.99999999999997,0,0
3.50,8.571428571428571,97.76693888917227,105,11,0,0,162.24999999999983,24.99999999999997,0,0
3.50,8.571428571428571,97.74438112986283,105,11,0,0,147.93999999999988,21.99999999999997,0,0
3.50,8.571428571428571,97.70363519119468,105,11,0,0,133.62999999999988,18.99999999999997,0,0
3.50,8.571428571428571,97.69874151736063,106,11,0,0,119.31999999999988,15.999999999999972,0,0
3.50,8.571428571428571,97.66962780472723,106,11,0,0,105.00999999999982,12.999999999999972,0,0
3.52,8.571428571428571,97.65437743173995,106,11,0,0,90.69999999999987,9.999999999999972,0,0
3.52,8.571428571428571,97.6361763675888,106,11,0,0,76.38999999999987,6.999999999999972,0,0
3.52,8.571428571428571,97.60509871431246,106,11,0,0,62.07999999999987,3.9999999999999716,0,0
3.52,8.571428571428571,97.59171646781434,106,11,0,0,47.76999999999987,0.9999999999999716,0,0
3.52,8.571428571428571,97.56385866378439,107,11,0,0,43,0.0,0,0
3.52,8.571428571428571,97.57556352304866,107,11,0,0,57.31,3.0,0,0
3.52,8.571428571428571,97.59080737804508,107,11,0,0,71.62,6.0,0,0
3.52,8.571428571428571,97.58319271861613,107,11,0,0,85.93,9.0,0,0
3.52,8.571428571428571,97.58205509957955,107,11,0,0,100.24000000000001,12.0,0,0
3.52,8.571428571428571,97.58250841020678,107,11,0,0,114.55000000000001,15.0,0,0
3.53,8.571428571428571,97.60689244178182,107,11,0,0,128.86,18.0,0,0
3.53,8.571428571428571,97.60417861929841,107,11,0,0,143.16999999999996,21.0,0,0
3.53,8.571428571428571,97.62176599906779,107,11,0,0,157.48000000000002,24.0,0,0
3.53,8.571428571428571,97.62527599459519,107,11,0,0,171.79000000000002,27.0,0,0
3.53,8.571428571428571,97.63629977736635,107,11,0,0,186.10000000000002,30.0,0,0
3.53,8.571428571428571,97.62908623485173,107,11,0,0,200.40999999999997,33.0,0,0
3.53,8.571428571428571,97.63549509462095,107,11,0,0,214.71999999999997,36.0,0,0
3.53,8.571428571428571,97.64040085924698,107,11,0,0,229.03000000000003,39.0,0,0
3.53,8.571428571428571,97.64255999808974,107,11,0,0,243.34000000000003,42.00000000000001,0,0
3.53,8.571428571428571,97.63633634232795,107,11,0,0,257.65000000000003,45.00000000000001,0,0
3.55,8.571428571428571,97.6371534074915,107,11,0,0,271.96000000000004,48.00000000000001,0,0
3.55,8.571428571428571,97.66594434745417,107,11,0,0,286.27000000000004,51.00000000000001,0,0
3.55,8.571428571428571,97.68330971968555,107,11,0,0,300.58000000000004,54.00000000000001,0,0
3.55,8.571428571428571,97.69646750057441,107,11,0,0,314.89000000000004,57.000000000000014,0,0
3.55,8.571428571428571,97.71942693297186,107,11,0,0,329.20000000000005,60.00000000000001,0,0
3.55,8.571428571428571,97.7305604495369,107,11,0,0,343.51,63.0,0,0
3.55,8.571428571428571,97.76319120277402,107,11,0,0,357.82,66.0,0,0
3.55,8.571428571428571,97.78053281010803,107,11,0,0,372.13,69.0,0,0
3.55,8.571428571428571,97.82599169926657,108,11,0,0,386.44,72.0,0,0
3.55,8.571428571428571,97.85162984870635,108,11,0,0,400.75,75.0,0,0
3.57,8.571428571428571,97.86823410479901,108,11,0,0,415.06,78.0,0,0
3.57,8.571428571428571,97.90681646812556,108,11,0,0,429.37,81.0,0,0
3.57,8.571428571428571,97.950065070429,108,11,0,0,443.68,84.0,0,0
3.57,8.571428571428571,97.99064102127919,108,11,0,0,457.99,87.0,0,0
3.57,8.571428571428571,98.00623213529883,108,11,0,0,472.3,90.0,0,0
3.57,8.571428571428571,98.02652823157615,108,11,0,0,486.61,93.0,0,0
3.57,8.571428571428571,98.07596824827147,108,11,0,0,500.92,96.0,0,0
3.57,8.571428571428571,98.11343879106697,108,11,0,0,515.23,99.0,0,0
3.57,8.571428571428571,98.13955723429167,108,11,0,0,520,100.0,0,0
3.57,8.571428571428571,98.12320214598165,108,11,0,0,505.69,97.0,0,0
3.58,8.571428571428571,98.0997288607827,108,11,0,0,491.38,94.0,0,0
3.58,8.571428571428571,98.07068952668885,108,11,0,0,477.07,91.0,0,0
3.58,8.571428571428571,98.05611291170274,108,11,0,0,462.76,88.0,0,0
3.58,8.571428571428571,98.04468696879937,108,11,0,0,448.45,85.0,0,0
3.58,8.571428571428571,98.03167155293679,108,11,0,0,434.14,82.0,0,0
3.58,8.571428571428571,98.00286198159695,108,11,0,0,419.83,79.0,0,0
3.58,8.571428571428571,97.99346089406829,108,11,0,0,405.52,76.0,0,0
3.58,8.571428571428571,97.96575772005848,108,11,0,0,391.21,73.0,0,0
3.58,8.571428571428571,97.92961603963448,108,11,0,0,376.9,70.0,0,0
3.58,8.571428571428571,97.91335771631948,108,11,0,0,362.59000000000003,67.0,0,0
3.60,8.571428571428571,97.90018409507017,108,11,0,0,348.28,63.99999999999999,0,0
3.60,8.571428571428571,97.88658361240516,109,11,0,0,333.96999999999997,60.99999999999999,0,0
3.60,8.571428571428571,97.87315528201557,109,11,0,0,319.65999999999997,57.99999999999999,0,0
3.60,8.571428571428571,97.85639689673916,109,11,0,0,305.34999999999997,54.99999999999999,0,0
3.60,8.571428571428571,97.81904122845326,109,11,0,0,291.03999999999996,51.99999999999999,0,0
3.60,8.571428571428571,97.79314708434084,109,11,0,0,276.7299999999999,48.99999999999998,0,0
3.60,8.571428571428571,97.76978546460097,109,11,0,0,262.4199999999999,45.99999999999997,0,0
3.60,8.571428571428571,97.75948821254649,109,11,0,0,248.10999999999984,42.99999999999997,0,0
3.60,8.571428571428571,97.75346577404378,109,11,0,0,233.79999999999984,39.99999999999997,0,0
3.60,8.571428571428571,97.74608687841526,109,11,0,0,219.48999999999984,36.999999999999964,0,0
3.62,8.571428571428571,97.71898322897108,109,11,0,0,205.1799999999999,33.99999999999997,0,0
3.62,8.571428571428571,97.70350593814885,109,11,0,0,190.8699999999999,30.99999999999997,0,0
3.62,8.571428571428571,97.69129185711952,110,11,0,0,176.55999999999983,27.99999999999997,0,0
3.62,8.571428571428571,97.68084419218602,110,11,0,0,162.24999999999983,24.99999999999997,0,0
3.62,8.571428571428571,97.67046239595179,110,11,0,0,147.93999999999988,21.99999999999997,0,0
3.62,8.571428571428571,97.65441116344678,110,11,0,0,133.62999999999988,18.99999999999997,0,0
3.62,8.571428571428571,97.64180079218596,110,11,0,0,119.31999999999988,15.999999999999972,0,0
3.62,8.571428571428571,97.63039585581195,110,11,0,0,105.00999999999982,12.999999999999972,0,0
3.62,8.571428571428571,97.61359017398117,110,11,0,0,90.69999999999987,9.999999999999972,0,0
3.62,8.571428571428571,97.58836167001384,110,11,0,0,76.38999999999987,6.999999999999972,0,0
3.63,8.571428571428571,97.56590444622668,110,11,0,0,62.07999999999987,3.9999999999999716,0,0
3.63,8.571428571428571,97.52853809523708,110,11,0,0,47.76999999999987,0.9999999999999716,0,0
3.63,8.571428571428571,97.51907452691815,110,11,0,0,43,0.0,0,0
3.63,8.571428571428571,97.54156902665422,110,11,0,0,57.31,3.0,0,0
3.63,8.571428571428571,97.54175576115603,110,11,0,0,71.62,6.0,0,0
3.63,8.571428571428571,97.5341810542815,110,11,0,0,85.93,9.0,0,0
3.63,8.571428571428571,97.56026434281249,110,11,0,0,100.24000000000001,12.0,0,0
3.63,8.571428571428571,97.57827390873258,110,11,0,0,114.55000000000001,15.0,0,0
3.63,8.571428571428571,97.57840495692015,110,11,0,0,128.86,18.0,0,0
3.63,8.571428571428571,97.57260055003273,110,11,0,0,143.16999999999996,21.0,0,0
3.65,8.571428571428571,97.58403979212767,110,11,0,0,157.48000000000002,24.0,0,0
3.65,8.571428571428571,97.58694411352812,110,12,0,0,171.79000000000002,27.0,0,0
3.65,8.571428571428571,97.60651410650561,111,12,0,0,186.10000000000002,30.0,0,0
3.65,8.571428571428571,97.61914529593712,111,12,0,0,200.40999999999997,33.0,0,0
3.65,8.571428571428571,97.62824258999397,111,12,0,0,214.71999999999997,36.0,0,0
3.65,8.571428571428571,97.64358822319461,111,12,0,0,229.03000000000003,39.0,0,0
3.65,8.571428571428571,97.66310396930467,111,12,0,0,243.34000000000003,42.00000000000001,0,0
3.65,8.571428571428571,97.67499952649455,111,12,0,0,257.65000000000003,45.00000000000001,0,0
3.65,8.571428571428571,97.68372767622557,111,12,0,0,271.96000000000004,48.00000000000001,0,0
3.65,8.571428571428571,97.7175264576793,111,12,0,0,286.27000000000004,51.00000000000001,0,0
3.67,8.571428571428571,97.75458527738489,111,12,0,0,300.58000000000004,54.00000000000001,0,0
3.67,8.571428571428571,97.79794610358071,111,12,0,0,314.89000000000004,57.000000000000014,0,0
3.67,8.571428571428571,97.80749487537894,111,12,0,0,329.20000000000005,60.00000000000001,0,0
3.67,8.571428571428571,97.83495264531724,111,12,0,0,343.51,63.0,0,0
3.67,8.571428571428571,97.84373842818906,111,12,0,0,357.82,66.0,0,0
3.67,8.571428571428571,97.88842164427912,111,12,0,0,372.13,69.0,0,0
3.67,8.571428571428571,97.90566734271944,111,12,0,0,386.44,72.0,0,0
3.67,8.571428571428571,97.9351575183465,111,12,0,0,400.75,75.0,0,0
3.67,8.571428571428571,97.94236306922895,111,12,0,0,415.06,78.0,0,0
3.67,8.571428571428571,97.95718785199452,111,12,0,0,429.37,81.0,0,0
3.68,8.571428571428571,98.00186486508098,111,12,0,0,443.68,84.0,0,0
3.68,8.571428571428571,98.03610666700729,111,12,0,0,457.99,87.0,0,0
3.68,8.571428571428571,98.05798107971027,111,12,0,0,472.3,90.0,0,0
3.68,8.571428571428571,98.07083431229803,111,12,0,0,486.61,93.0,0,0
3.68,8.571428571428571,98.09003415178498,111,12,0,0,500.92,96.0,0,0
3.68,8.571428571428571,98.11690154736097,111,12,0,0,515.23,99.0,0,0
3.68,8.571428571428571,98.14897896641268,111,12,0,0,520,100.0,0,0
3.68,8.571428571428571,98.14462638494142,111,12,0,0,505.69,97.0,0,0
3.68,8.571428571428571,98.12023999924597,111,12,0,0,491.38,94.0,0,0
3.68,8.571428571428571,98.10246699786819,111,12,0,0,477.07,91.0,0,0
3.70,8.571428571428571,98.0828104781804,111,12,0,0,462.76,88.0,0,0
3.70,8.571428571428571,98.06676232086278,111,12,0,0,448.45,85.0,0,0
3.70,8.571428571428571,98.04073630724301,111,12,0,0,434.14,82.0,0,0
3.70,8.571428571428571,98.009846415903,111,12,0,0,419.83,79.0,0,0
3.70,8.571428571428571,97.98714565323833,111,12,0,0,405.52,76.0,0,0
3.70,8.571428571428571,97.96915027245906,111,12,0,0,391.21,73.0,0,0
3.70,8.571428571428571,97.93694981052043,111,12,0,0,376.9,70.0,0,0
3.70,8.571428571428571,97.9062500987271,111,12,0,0,362.59000000000003,67.0,0,0
3.70,8.571428571428571,97.88804358750969,111,12,0,0,348.28,63.99999999999999,0,0
3.70,8.571428571428571,97.87196364470606,111,12,0,0,333.96999999999997,60.99999999999999,0,0
3.72,8.571428571428571,97.85241016122978,112,12,0,0,319.65999999999997,57.99999999999999,0,0
3.72,8.571428571428571,97.83384469057553,113,12,0,0,305.34999999999997,54.99999999999999,0,0
3.72,8.571428571428571,97.82887309726857,113,12,0,0,291.03999999999996,51.99999999999999,0,0
3.72,8.571428571428571,97.79872772854816,113,12,0,0,276.7299999999999,48.99999999999998,0,0
3.72,8.571428571428571,97.78047326524171,113,12,0,0,262.4199999999999,45.99999999999997,0,0
3.72,8.571428571428571,97.74774011975356,113,12,0,0,248.10999999999984,42.99999999999997,0,0
3.72,8.571428571428571,97.73975618199003,113,12,0,0,233.79999999999984,39.99999999999997,0,0
3.72,8.571428571428571,97.72394078603351,113,12,0,0,219.48999999999984,36.999999999999964,0,0
3.72,8.571428571428571,97.71596281252904,113,12,0,0,205.1799999999999,33.99999999999997,0,0
3.72,8.571428571428571,97.69239766545559,113,12,0,0,190.8699999999999,30.99999999999997,0,0
3.73,8.571428571428571,97.67244234854603,113,12,0,0,176.55999999999983,27.99999999999997,0,0
3.73,8.571428571428571,97.66768381065675,113,12,0,0,162.24999999999983,24.99999999999997,0,0
3.73,8.571428571428571,97.63833673468457,114,12,0,0,147.93999999999988,21.99999999999997,0,0
3.73,8.571428571428571,97.62339410539838,114,12,0,0,133.62999999999988,18.99999999999997,0,0
3.73,8.571428571428571,97.60907226356643,114,12,0,0,119.31999999999988,15.999999999999972,0,0
3.73,8.571428571428571,97.6000000808845,114,12,0,0,105.00999999999982,12.999999999999972,0,0
3.73,8.571428571428571,97.57861263005938,114,12,0,0,90.69999999999987,9.999999999999972,0,0
3.73,8.571428571428571,97.56950476259993,114,12,0,0,76.38999999999987,6.999999999999972,0,0
3.73,8.571428571428571,97.559899324109,114,12,0,0,62.07999999999987,3.9999999999999716,0,0
3.73,8.571428571428571,97.54287597215765,114,12,0,0,47.76999999999987,0.9999999999999716,0,0
3.75,8.571428571428571,97.53361761110972,114,12,0,0,43,0.0,0,0
3.75,8.571428571428571,97.52269988149156,114,12,0,0,57.31,3.0,0,0
3.75,8.571428571428571,97.53383641357712,115,12,0,0,71.62,6.0,0,0
3.75,8.571428571428571,97.54001114647721,115,12,0,0,85.93,9.0,0,0
3.75,8.571428571428571,97.55531476303106,115,12,0,0,100.24000000000001,12.0,0,0
3.75,8.571428571428571,97.5701593822699,115,12,0,0,114.55000000000001,15.0,0,0
3.75,8.571428571428571,97.56462784398673,115,12,0,0,128.86,18.0,0,0
3.75,8.571428571428571,97.55659672043018,115,12,0,0,143.16999999999996,21.0,0,0
3.75,8.571428571428571,97.5797411851175,115,12,0,0,157.48000000000002,24.0,0,0
3.75,8.571428571428571,97.58552400599764,115,12,0,0,171.79000000000002,27.0,0,0
3.77,8.571428571428571,97.61258958851494,115,12,0,0,186.10000000000002,30.0,0,0
3.77,8.571428571428571,97.6076408595892,115,13,0,0,200.40999999999997,33.0,0,0
3.77,8.571428571428571,97.61403033510584,115,13,0,0,214.71999999999997,36.0,0,0
3.77,8.571428571428571,97.60615924813483,115,13,0,0,229.03000000000003,39.0,0,0
3.77,8.571428571428571,97.6159110454445,115,13,0,0,243.34000000000003,42.00000000000001,0,0
3.77,8.571428571428571,97.6126750907545,115,13,0,0,257.65000000000003,45.00000000000001,0,0
3.77,8.571428571428571,97.61483473966095,115,13,0,0,271.96000000000004,48.00000000000001,0,0
3.77,8.571428571428571,97.64699367435459,115,13,0,0,286.27000000000004,51.00000000000001,0,0
3.77,8.571428571428571,97.67796333796765,115,13,0,0,300.58000000000004,54.00000000000001,0,0
3.77,8.571428571428571,97.69380512056253,115,13,0,0,314.89000000000004,57.000000000000014,0,0
3.78,8.571428571428571,97.71741934607262,115,13,0,0,329.20000000000005,60.00000000000001,0,0
3.78,8.571428571428571,97.73325948537071,115,13,0,0,343.51,63.0,0,0
3.78,8.571428571428571,97.75352704410868,115,13,0,0,357.82,66.0,0,0
3.78,8.571428571428571,97.7782610800095,115,13,0,0,372.13,69.0,0,0
3.78,8.571428571428571,97.80485989406199,115,13,0,0,386.44,72.0,0,0
3.78,8.571428571428571,97.83481053488467,115,13,0,0,400.75,75.0,0,0
3.78,8.571428571428571,97.87227677948708,115,13,0,0,415.06,78.0,0,0
3.78,8.571428571428571,97.90716243485537,115,13,0,0,429.37,81.0,0,0
3.78,8.571428571428571,97.93766721000483,115,13,0,0,443.68,84.0,0,0
3.78,8.571428571428571,97.95975944090799,115,13,0,0,457.99,87.0,0,0
3.80,8.571428571428571,97.98381954742092,115,13,0,0,472.3,90.0,0,0
3.80,8.571428571428571,98.02329242624275,115,13,0,0,486.61,93.0,0,0
3.80,8.571428571428571,98.04256973547369,115,13,0,0,500.92,96.0,0,0
3.80,8.571428571428571,98.08563418869173,115,13,0,0,515.23,99.0,0,0
3.80,8.571428571428571,98.13592816785052,115,13,0,0,520,100.0,0,0
3.80,8.571428571428571,98.11373542620554,115,13,0,0,505.69,97.0,0,0
3.80,8.571428571428571,98.09470559445876,115,13,0,0,491.38,94.0,0,0
3.80,8.571428571428571,98.08254374606483,115,13,0,0,477.07,91.0,0,0
3.80,8.571428571428571,98.06152030655929,115,13,0,0,462.76,88.0,0,0
3.80,8.571428571428571,98.03617880208145,115,13,0,0,448.45,85.0,0,0
3.82,8.571428571428571,98.01127514806491,115,13,0,0,434.14,82.0,0,0
3.82,8.571428571428571,98.00204317444295,115,13,0,0,419.83,79.0,0,0
3.82,8.571428571428571,97.98091745915856,115,13,0,0,405.52,76.0,0,0
3.82,8.571428571428571,97.96069436811028,115,13,0,0,391.21,73.0,0,0
3.82,8.571428571428571,97.94928040685677,116,13,0,0,376.9,70.0,0,0
3.82,8.571428571428571,97.93655868930246,116,13,0,0,362.59000000000003,67.0,0,0
3.82,8.571428571428571,97.92641040003234,116,13,0,0,348.28,63.99999999999999,0,0
3.82,8.571428571428571,97.90282304539971,116,13,0,0,333.96999999999997,60.99999999999999,0,0
3.82,8.571428571428571,97.87645379006268,116,13,0,0,319.65999999999997,57.99999999999999,0,0
3.82,8.571428571428571,97.84786699934902,116,13,0,0,305.34999999999997,54.99999999999999,0,0
3.83,8.571428571428571,97.83559948663849,116,13,0,0,291.03999999999996,51.99999999999999,0,0
3.83,8.571428571428571,97.80443887144666,116,13,0,0,276.7299999999999,48.99999999999998,0,0
3.83,8.571428571428571,97.77655150630173,116,13,0,0,262.4199999999999,45.99999999999997,0,0
3.83,8.571428571428571,97.77339956207287,116,13,0,0,248.10999999999984,42.99999999999997,0,0
3.83,8.571428571428571,97.74100759047676,117,13,0,0,233.79999999999984,39.99999999999997,0,0
3.83,8.571428571428571,97.71377564024887,117,13,0,0,219.48999999999984,36.999999999999964,0,0
3.83,8.571428571428571,97.69219292933352,117,13,0,0,205.1799999999999,33.99999999999997,0,0
3.83,8.571428571428571,97.67941365912719,117,13,0,0,190.8699999999999,30.99999999999997,0,0
3.83,8.571428571428571,97.65889129244121,117,13,0,0,176.55999999999983,27.99999999999997,0,0
3.83,8.571428571428571,97.64723425316826,117,13,0,0,162.24999999999983,24.99999999999997,0,0
3.85,8.571428571428571,97.63439764856577,117,13,0,0,147.93999999999988,21.99999999999997,0,0
3.85,8.571428571428571,97.60479466192912,117,13,0,0,133.62999999999988,18.99999999999997,0,0
3.85,8.571428571428571,97.58894823048706,118,13,0,0,119.31999999999988,15.999999999999972,0,0
3.85,8.571428571428571,97.56256193431246,118,13,0,0,105.00999999999982,12.999999999999972,0,0
3.85,8.571428571428571,97.55404485680728,118,13,0,0,90.69999999999987,9.999999999999972,0,0
3.85,8.571428571428571,97.54023329788113,118,13,0,0,76.38999999999987,6.999999999999972,0,0
3.85,8.571428571428571,97.52288204730046,118,13,0,0,62.07999999999987,3.9999999999999716,0,0
3.85,8.571428571428571,97.50560898419826,118,13,0,0,47.76999999999987,0.9999999999999716,0,0
3.85,8.571428571428571,97.49301589453682,118,13,0,0,43,0.0,0,0
3.85,8.571428571428571,97.5123185458837,118,13,0,0,57.31,3.0,0,0
3.87,8.571428571428571,97.52541431340788,118,13,0,0,71.62,6.0,0,0
3.87,8.571428571428571,97.53145655779696,118,13,0,0,85.93,9.0,0,0
3.87,8.571428571428571,97.53990493296116,118,13,0,0,100.24000000000001,12.0,0,0
3.87,8.571428571428571,97.54215272204638,118,13,0,0,114.55000000000001,15.0,0,0
3.87,8.571428571428571,97.53911077491458,118,13,0,0,128.86,18.0,0,0
3.87,8.571428571428571,97.54498450368521,118,13,0,0,143.16999999999996,21.0,0,0
3.87,8.571428571428571,97.56790895291122,118,13,0,0,157.48000000000002,24.0,0,0
3.87,8.571428571428571,97.5755474423568,118,13,0,0,171.79000000000002,27.0,0,0
3.87,8.571428571428571,97.58567760986496,118,13,0,0,186.10000000000002,30.0,0,0
3.87,8.571428571428571,97.59636700034201,118,13,0,0,200.40999999999997,33.0,0,0
3.88,8.571428571428571,97.62171164666347,118,13,0,0,214.71999999999997,36.0,0,0
3.88,8.571428571428571,97.63706624613098,118,13,0,0,229.03000000000003,39.0,0,0
3.88,8.571428571428571,97.63759916268144,118,13,0,0,243.34000000000003,42.00000000000001,0,0
3.88,8.571428571428571,97.6574584818019,118,13,0,0,257.65000000000003,45.00000000000001,0,0
3.88,8.571428571428571,97.65173132658991,118,13,0,0,271.96000000000004,48.00000000000001,0,0
3.88,8.571428571428571,97.6836457889475,118,13,0,0,286.27000000000004,51.00000000000001,0,0
3.88,8.571428571428571,97.71569919524995,118,13,0,0,300.58000000000004,54.00000000000001,0,0
3.88,8.571428571428571,97.74736520054024,118,13,0,0,314.89000000000004,57.000000000000014,0,0
3.88,8.571428571428571,97.75336360994379,118,13,0,0,329.20000000000005,60.00000000000001,0,0
3.90,8.571428571428571,97.76419810608895,118,13,0,0,343.51,63.0,0,0
3.90,8.571428571428571,97.81241867361499,118,13,0,0,357.82,66.0,0,0
3.90,8.571428571428571,97.85775748391129,119,13,0,0,372.13,69.0,0,0
3.90,8.571428571428571,97.90640453473375,119,13,0,0,386.44,72.0,0,0
3.90,8.571428571428571,97.92273614075526,119,13,0,0,400.75,75.0,0,0
3.90,8.571428571428571,97.96930694273237,119,13,0,0,415.06,78.0,0,0
3.90,8.571428571428571,98.00607661423852,119,13,0,0,429.37,81.0,0,0
3.90,8.571428571428571,98.05050066865995,119,13,0,0,443.68,84.0,0,0
3.90,8.571428571428571,98.08293184108234,119,13,0,0,457.99,87.0,0,0
3.90,8.571428571428571,98.09934697393282,119,13,0,0,472.3,90.0,0,0
3.92,8.571428571428571,98.13530952754483,119,13,0,0,486.61,93.0,0,0
3.92,8.571428571428571,98.15724946209973,119,13,0,0,500.92,96.0,0,0
3.92,8.571428571428571,98.19144873444542,119,13,0,0,515.23,99.0,0,0
3.92,8.571428571428571,98.19562206133436,119,13,0,0,520,100.0,0,0
3.92,8.571428571428571,98.1819488444496,119,13,0,0,505.69,97.0,0,0
3.92,8.571428571428571,98.1589495555072,119,13,0,0,491.38,94.0,0,0
3.92,8.571428571428571,98.15576021823263,119,13,0,0,477.07,91.0,0,0
3.92,8.571428571428571,98.13322509304237,119,13,0,0,462.76,88.0,0,0
3.92,8.571428571428571,98.09914421769362,119,13,0,0,448.45,85.0,0,0
3.93,8.571428571428571,98.06985091188322,119,13,0,0,434.14,82.0,0,0
3.93,8.571428571428571,98.06237616004896,119,13,0,0,419.83,79.0,0,0
3.93,8.571428571428571,98.05117774294328,119,13,0,0,405.52,76.0,0,0
3.93,8.571428571428571,98.0358347434333,120,13,0,0,391.21,73.0,0,0
3.93,8.571428571428571,98.01004288139151,120,13,0,0,376.9,70.0,0,0
3.93,8.571428571428571,97.98980018631522,121,13,0,0,362.59000000000003,67.0,0,0
3.93,8.571428571428571,97.9848288525767,122,13,0,0,348.28,63.99999999999999,0,0
3.93,8.571428571428571,97.97150409266847,122,13,0,0,333.96999999999997,60.99999999999999,0,0
3.93,8.571428571428571,97.95471889239602,122,13,0,0,319.65999999999997,57.99999999999999,0,0
3.93,8.571428571428571,97.93656097177264,122,13,0,0,305.34999999999997,54.99999999999999,0,0
3.95,8.571428571428571,97.92190905649201,122,13,0,0,291.03999999999996,51.99999999999999,0,0
3.95,8.571428571428571,97.89989287938916,122,13,0,0,276.7299999999999,48.99999999999998,0,0
3.95,8.571428571428571,97.89779170659143,122,13,0,0,262.4199999999999,45.99999999999997,0,0
3.95,8.571428571428571,97.87780143703408,123,13,0,0,248.10999999999984,42.99999999999997,0,0
3.95,8.571428571428571,97.85584762620194,123,13,0,0,233.79999999999984,39.99999999999997,0,0
3.95,8.571428571428571,97.82501884503525,123,13,0,0,219.48999999999984,36.999999999999964,0,0
3.95,8.571428571428571,97.80119254937703,123,13,0,0,205.1799999999999,33.99999999999997,0,0
3.95,8.571428571428571,97.79435192804496,123,13,0,0,190.8699999999999,30.99999999999997,0,0
3.95,8.571428571428571,97.7732559134786,123,13,0,0,176.55999999999983,27.99999999999997,0,0
3.95,8.571428571428571,97.75949780771523,123,13,0,0,162.24999999999983,24.99999999999997,0,0
3.97,8.571428571428571,97.74117084789256,123,13,0,0,147.93999999999988,21.99999999999997,0,0
3.97,8.571428571428571,97.71134286723355,123,13,0,0,133.62999999999988,18.99999999999997,0,0
3.97,8.571428571428571,97.70184369344025,123,13,0,0,119.31999999999988,15.999999999999972,0,0
3.97,8.571428571428571,97.6766993391193,123,13,0,0,105.00999999999982,12.999999999999972,0,0
3.97,8.571428571428571,97.65597232151748,123,13,0,0,90.69999999999987,9.999999999999972,0,0
3.97,8.571428571428571,97.63238314044686,124,13,0,0,76.38999999999987,6.999999999999972,0,0
3.97,8.571428571428571,97.60799785504483,124,13,0,0,62.07999999999987,3.9999999999999716,0,0
3.97,8.571428571428571,97.575146618534,124,13,0,0,47.76999999999987,0.9999999999999716,0,0
3.97,8.571428571428571,97.55356384531977,124,13,0,0,43,0.0,0,0
3.97,8.571428571428571,97.57348757268116,124,13,0,0,57.31,3.0,0,0
3.98,8.571428571428571,97.59592770691155,124,13,0,0,71.62,6.0,0,0
3.98,8.571428571428571,97.60748522008547,124,13,0,0,85.93,9.0,0,0
3.98,8.571428571428571,97.59847318332363,124,13,0,0,100.24000000000001,12.0,0,0
3.98,8.571428571428571,97.59510177396429,124,13,0,0,114.55000000000001,15.0,0,0
3.98,8.571428571428571,97.60444526779752,124,13,0,0,128.86,18.0,0,0
3.98,8.571428571428571,97.59902790089014,124,13,0,0,143.16999999999996,21.0,0,0
3.98,8.571428571428571,97.60801482697119,124,13,0,0,157.48000000000002,24.0,0,0
3.98,8.571428571428571,97.60482657284467,124,13,0,0,171.79000000000002,27.0,0,0
3.98,8.571428571428571,97.61045386012678,124,13,0,0,186.10000000000002,30.0,0,0
3.98,8.571428571428571,97.61195552991111,124,13,0,0,200.40999999999997,33.0,0,0
4.00,8.571428571428571,97.6080043911927,124,13,0,0,214.71999999999997,36.0,0,0
4.00,8.571428571428571,97.61722967470926,124,13,0,0,229.03000000000003,39.0,0,0
4.00,8.571428571428571,97.63473851352143,124,13,0,0,243.34000000000003,42.00000000000001,0,0
4.00,8.571428571428571,97.63146110905564,124,13,0,0,257.65000000000003,45.00000000000001,0,0
4.00,8.571428571428571,97.62333724973202,125,13,0,0,271.96000000000004,48.00000000000001,0,0
4.00,8.571428571428571,97.64716921302585,125,13,0,0,286.27000000000004,51.00000000000001,0,0
4.00,8.571428571428571,97.69336236007412,125,13,0,0,300.58000000000004,54.00000000000001,0,0
4.00,8.571428571428571,97.71034860971915,126,13,0,0,314.89000000000004,57.000000000000014,0,0
4.00,8.571428571428571,97.73853610697104,126,13,0,0,329.20000000000005,60.00000000000001,0,0
4.00,8.571428571428571,97.7728403859249,126,13,0,0,343.51,63.0,0,0
4.02,8.571428571428571,97.78477615779002,126,13,0,0,357.82,66.0,0,0
4.02,8.571428571428571,97.80623722572798,126,13,0,0,372.13,69.0,0,0
4.02,8.571428571428571,97.84186418622384,126,13,0,0,386.44,72.0,0,0
4.02,8.571428571428571,97.865812563814,126,13,0,0,400.75,75.0,0,0
4.02,8.571428571428571,97.87200606508532,126,13,0,0,415.06,78.0,0,0
4.02,8.571428571428571,97.89072659697715,126,13,0,0,429.37,81.0,0,0
4.02,8.571428571428571,97.90907341333342,126,13,0,0,443.68,84.0,0,0
4.02,8.571428571428571,97.94440851359741,126,13,0,0,457.99,87.0,0,0
4.02,8.571428571428571,97.97001262467535,126,13,0,0,472.3,90.0,0,0
4.02,8.571428571428571,97.99166612955814,126,13,0,0,486.61,93.0,0,0
4.03,8.571428571428571,98.01524887730224,126,13,0,0,500.92,96.0,0,0
4.03,8.571428571428571,98.03163196103971,126,13,0,0,515.23,99.0,0,0
4.03,8.571428571428571,98.05450298662724,126,13,0,0,520,100.0,0,0
4.03,8.571428571428571,98.04085914782273,126,13,0,0,505.69,97.0,0,0
4.03,8.571428571428571,98.0319606901758,126,14,0,0,491.38,94.0,0,0
4.03,8.571428571428571,98.02792895617054,126,14,0,0,477.07,91.0,0,0
4.03,8.571428571428571,98.00494670909849,126,14,0,0,462.76,88.0,0,0
4.03,8.571428571428571,97.97502712397915,126,14,0,0,448.45,85.0,0,0
4.03,8.571428571428571,97.95197311778117,126,14,0,0,434.14,82.0,0,0
4.03,8.571428571428571,97.9340309046127,127,14,0,0,419.83,79.0,0,0
4.05,8.571428571428571,97.90315470051384,127,14,0,0,405.52,76.0,0,0
4.05,8.571428571428571,97.8920726358935,127,14,0,0,391.21,73.0,0,0
4.05,8.571428571428571,97.87104261908236,127,14,0,0,376.9,70.0,0,0
4.05,8.571428571428571,97.85189481384771,127,14,0,0,362.59000000000003,67.0,0,0
4.05,8.571428571428571,97.84290175496221,127,14,0,0,348.28,63.99999999999999,0,0
4.05,8.571428571428571,97.82106122944563,127,14,0,0,333.96999999999997,60.99999999999999,0,0
4.05,8.571428571428571,97.8096393334557,127,14,0,0,319.65999999999997,57.99999999999999,0,0
4.05,8.571428571428571,97.79324027585628,127,14,0,0,305.34999999999997,54.99999999999999,0,0
4.05,8.571428571428571,97.77571176097393,127,14,0,0,291.03999999999996,51.99999999999999,0,0
4.05,8.571428571428571,97.74951577252493,127,14,0,0,276.7299999999999,48.99999999999998,0,0
4.07,8.571428571428571,97.73104669357858,127,14,0,0,262.4199999999999,45.99999999999997,0,0
4.07,8.571428571428571,97.71429092012939,127,14,0,0,248.10999999999984,42.99999999999997,0,0
4.07,8.571428571428571,97.70262331723286,127,14,0,0,233.79999999999984,39.99999999999997,0,0
4.07,8.571428571428571,97.68683216699294,127,14,0,0,219.48999999999984,36.999999999999964,0,0
4.07,8.571428571428571,97.675825225149,127,14,0,0,205.1799999999999,33.99999999999997,0,0
4.07,8.571428571428571,97.65007509233085,127,14,0,0,190.8699999999999,30.99999999999997,0,0
4.07,8.571428571428571,97.63070357013437,127,14,0,0,176.55999999999983,27.99999999999997,0,0
4.07,8.571428571428571,97.60793077480216,127,14,0,0,162.24999999999983,24.99999999999997,0,0
4.07,8.571428571428571,97.59109215955472,127,14,0,0,147.93999999999988,21.99999999999997,0,0
4.07,8.571428571428571,97.58527400127169,127,14,0,0,133.62999999999988,18.99999999999997,0,0
4.08,8.571428571428571,97.58006468232678,127,14,0,0,119.31999999999988,15.999999999999972,0,0
4.08,8.571428571428571,97.56845531199723,127,14,0,0,105.00999999999982,12.999999999999972,0,0
4.08,8.571428571428571,97.54163742032868,127,14,0,0,90.69999999999987,9.999999999999972,0,0
4.08,8.571428571428571,97.51366196664847,127,14,0,0,76.38999999999987,6.999999999999972,0,0
4.08,8.571428571428571,97.49830757972363,127,14,0,0,62.07999999999987,3.9999999999999716,0,0
4.08,8.571428571428571,97.46933562586354,127,14,0,0,47.76999999999987,0.9999999999999716,0,0
4.08,8.571428571428571,97.44377287617111,127,14,0,0,43,0.0,0,0
4.08,8.571428571428571,97.44612172888458,127,14,0,0,57.31,3.0,0,0
4.08,8.571428571428571,97.44161763852534,127,14,0,0,71.62,6.0,0,0
4.08,8.571428571428571,97.46316778290118,127,14,0,0,85.93,9.0,0,0
4.10,8.571428571428571,97.47586007592007,127,14,0,0,100.24000000000001,12.0,0,0
4.10,8.571428571428571,97.48022332152406,127,14,0,0,114.55000000000001,15.0,0,0
4.10,8.571428571428571,97.4756747011253,127,14,0,0,128.86,18.0,0,0
4.10,8.571428571428571,97.48360394510992,127,14,0,0,143.16999999999996,21.0,0,0
4.10,8.571428571428571,97.48445870477305,127,14,0,0,157.48000000000002,24.0,0,0
4.10,8.571428571428571,97.49460465475526,127,14,0,0,171.79000000000002,27.0,0,0
4.10,8.571428571428571,97.50451720418711,127,14,0,0,186.10000000000002,30.0,0,0
4.10,8.571428571428571,97.49594604060938,127,14,0,0,200.40999999999997,33.0,0,0
4.10,8.571428571428571,97.49104184282393,127,15,0,0,214.71999999999997,36.0,0,0
4.10,8.571428571428571,97.50270835826767,127,15,0,0,229.03000000000003,39.0,0,0
4.12,8.571428571428571,97.51906708861652,127,15,0,0,243.34000000000003,42.00000000000001,0,0
4.12,8.571428571428571,97.54373538510433,127,15,0,0,257.65000000000003,45.00000000000001,0,0
4.12,8.571428571428571,97.56662968522723,128,15,0,0,271.96000000000004,48.00000000000001,0,0
4.12,8.571428571428571,97.59464233268397,128,15,0,0,286.27000000000004,51.00000000000001,0,0
4.12,8.571428571428571,97.63334388473143,128,15,0,0,300.58000000000004,54.00000000000001,0,0
4.12,8.571428571428571,97.65248082868152,128,15,0,0,314.89000000000004,57.000000000000014,0,0
4.12,8.571428571428571,97.689046357228,128,15,0,0,329.20000000000005,60.00000000000001,0,0
4.12,8.571428571428571,97.69974575757116,128,15,0,0,343.51,63.0,0,0
4.12,8.571428571428571,97.71821387155651,128,15,0,0,357.82,66.0,0,0
4.12,8.571428571428571,97.75375194402045,128,15,0,0,372.13,69.0,0,0
4.13,8.571428571428571,97.78336777627355,128,15,0,0,386.44,72.0,0,0
4.13,8.571428571428571,97.81322375024433,128,15,0,0,400.75,75.0,0,0
4.13,8.571428571428571,97.85012216798958,128,15,0,0,415.06,78.0,0,0
4.13,8.571428571428571,97.88003555801694,128,15,0,0,429.37,81.0,0,0
4.13,8.571428571428571,97.90758057880524,128,15,0,0,443.68,84.0,0,0
4.13,8.571428571428571,97.92774494970783,128,15,0,0,457.99,87.0,0,0
4.13,8.571428571428571,97.95086123269365,128,15,0,0,472.3,90.0,0,0
4.13,8.571428571428571,97.96350632039383,128,15,0,0,486.61,93.0,0,0
4.13,8.571428571428571,97.99521420270871,128,15,0,0,500.92,96.0,0,0
4.13,8.571428571428571,98.03336103317825,128,15,0,0,515.23,99.0,0,0
4.15,8.571428571428571,98.05622845287063,128,15,0,0,520,100.0,0,0
4.15,8.571428571428571,98.03869492980637,128,15,0,0,505.69,97.0,0,0
4.15,8.571428571428571,98.00997163226072,128,15,0,0,491.38,94.0,0,0
4.15,8.571428571428571,98.00295505066966,128,15,0,0,477.07,91.0,0,0
4.15,8.571428571428571,97.97719716099122,128,15,0,0,462.76,88.0,0,0
4.15,8.571428571428571,97.97161452903363,128,15,0,0,448.45,85.0,0,0
4.15,8.571428571428571,97.9401216537679,128,15,0,0,434.14,82.0,0,0
4.15,8.571428571428571,97.91683789467976,128,15,0,0,419.83,79.0,0,0
4.15,8.571428571428571,97.89587499793501,128,15,0,0,405.52,76.0,0,0
4.15,8.571428571428571,97.88188822057563,128,16,0,0,391.21,73.0,0,0
4.17,8.571428571428571,97.86804787736774,128,16,0,0,376.9,70.0,0,0
4.17,8.571428571428571,97.85036485518845,128,16,0,0,362.59000000000003,67.0,0,0
4.17,8.571428571428571,97.83465936720768,128,17,0,0,348.28,63.99999999999999,0,0
4.17,8.571428571428571,97.82419153191842,128,17,0,0,333.96999999999997,60.99999999999999,0,0
4.17,8.571428571428571,97.81676430756943,128,17,0,0,319.65999999999997,57.99999999999999,0,0
4.17,8.571428571428571,97.7962912140195,128,17,0,0,305.34999999999997,54.99999999999999,0,0
4.17,8.571428571428571,97.76730567373406,128,17,0,0,291.03999999999996,51.99999999999999,0,0
4.17,8.571428571428571,97.73815930863636,128,17,0,0,276.7299999999999,48.99999999999998,0,0
4.17,8.571428571428571,97.71953004666504,128,17,0,0,262.4199999999999,45.99999999999997,0,0
4.17,8.571428571428571,97.70427663901495,129,17,0,0,248.10999999999984,42.99999999999997,0,0
4.18,8.571428571428571,97.69391223427746,129,17,0,0,233.79999999999984,39.99999999999997,0,0
4.18,8.571428571428571,97.67739676454987,129,17,0,0,219.48999999999984,36.999999999999964,0,0
4.18,8.571428571428571,97.67236325485015,130,17,0,0,205.1799999999999,33.99999999999997,0,0
4.18,8.571428571428571,97.65666756518202,130,17,0,0,190.8699999999999,30.99999999999997,0,0
4.18,8.571428571428571,97.65402418039679,130,17,0,0,176.55999999999983,27.99999999999997,0,0
4.18,8.571428571428571,97.63396383863052,130,17,0,0,162.24999999999983,24.99999999999997,0,0
4.18,8.571428571428571,97.61972382669775,130,17,0,0,147.93999999999988,21.99999999999997,0,0
4.18,8.571428571428571,97.60767695416904,130,17,0,0,133.62999999999988,18.99999999999997,0,0
4.18,8.571428571428571,97.59377372355665,130,17,0,0,119.31999999999988,15.999999999999972,0,0
4.18,8.571428571428571,97.58164973154584,130,18,0,0,105.00999999999982,12.999999999999972,0,0
4.20,8.571428571428571,97.55904967493765,130,18,0,0,90.69999999999987,9.999999999999972,0,0
4.20,8.571428571428571,97.53402507525821,130,18,0,0,76.38999999999987,6.999999999999972,0,0
4.20,8.571428571428571,97.5229657661336,130,18,0,0,62.07999999999987,3.9999999999999716,0,0
4.20,8.571428571428571,97.51542129614069,130,18,0,0,47.76999999999987,0.9999999999999716,0,0
4.20,8.571428571428571,97.49722336426802,130,18,0,0,43,0.0,0,0
4.20,8.571428571428571,97.50644909921823,130,18,0,0,57.31,3.0,0,0
4.20,8.571428571428571,97.50882502327684,130,18,0,0,71.62,6.0,0,0
4.20,8.571428571428571,97.5113540939451,130,18,0,0,85.93,9.0,0,0
4.20,8.571428571428571,97.50844703210016,130,18,0,0,100.24000000000001,12.0,0,0
4.20,8.571428571428571,97.51975635290161,130,18,0,0,114.55000000000001,15.0,0,0
4.22,8.571428571428571,97.52793579811924,130,18,0,0,128.86,18.0,0,0
4.22,8.571428571428571,97.52626009325176,130,18,0,0,143.16999999999996,21.0,0,0
4.22,8.571428571428571,97.53132741876806,130,18,0,0,157.48000000000002,24.0,0,0
4.22,8.571428571428571,97.54667168857631,130,18,0,0,171.79000000000002,27.0,0,0
4.22,8.571428571428571,97.55219331056017,130,18,0,0,186.10000000000002,30.0,0,0
4.22,8.571428571428571,97.55663500512229,130,18,0,0,200.40999999999997,33.0,0,0
4.22,8.571428571428571,97.5496793187531,130,18,0,0,214.71999999999997,36.0,0,0
4.22,8.571428571428571,97.54902364740404,130,18,0,0,229.03000000000003,39.0,0,0
4.22,8.571428571428571,97.5573153533058,130,18,0,0,243.34000000000003,42.00000000000001,0,0
4.22,8.571428571428571,97.58055588149934,130,18,0,0,257.65000000000003,45.00000000000001,0,0
4.23,8.571428571428571,97.60221055893277,130,18,0,0,271.96000000000004,48.00000000000001,0,0
4.23,8.571428571428571,97.61506210536949,130,18,0,0,286.27000000000004,51.00000000000001,0,0
4.23,8.571428571428571,97.63167749863534,130,18,0,0,300.58000000000004,54.00000000000001,0,0
4.23,8.571428571428571,97.63932227717528,130,18,0,0,314.89000000000004,57.000000000000014,0,0
4.23,8.571428571428571,97.6535745426483,130,18,0,0,329.20000000000005,60.00000000000001,0,0
4.23,8.571428571428571,97.67764902259793,130,18,0,0,343.51,63.0,0,0
4.23,8.571428571428571,97.713639452035,131,18,0,0,357.82,66.0,0,0
4.23,8.571428571428571,97.72530715687844,131,18,0,0,372.13,69.0,0,0
4.23,8.571428571428571,97.76826118215163,131,18,0,0,386.44,72.0,0,0
4.23,8.571428571428571,97.78110452645524,132,18,0,0,400.75,75.0,0,0
4.25,8.571428571428571,97.81157824694664,133,18,0,0,415.06,78.0,0,0
4.25,8.571428571428571,97.84630502534728,134,18,0,0,429.37,81.0,0,0
4.25,8.571428571428571,97.88810038607578,134,18,0,0,443.68,84.0,0,0
4.25,8.571428571428571,97.91999490898975,134,18,0,0,457.99,87.0,0,0
4.25,8.571428571428571,97.94848451702973,134,18,0,0,472.3,90.0,0,0
4.25,8.571428571428571,97.97118758806182,134,18,0,0,486.61,93.0,0,0
4.25,8.571428571428571,97.97547620347237,134,18,0,0,500.92,96.0,0,0
4.25,8.571428571428571,98.00252678711657,134,18,0,0,515.23,99.0,0,0
4.25,8.571428571428571,98.03456315242482,134,18,0,0,520,100.0,0,0
4.25,8.571428571428571,98.01843399195114,135,18,0,0,505.69,97.0,0,0
4.27,8.571428571428571,97.99697855797143,135,18,0,0,491.38,94.0,0,0
4.27,8.571428571428571,97.99268062090307,135,18,0,0,477.07,91.0,0,0
4.27,8.571428571428571,97.96066416065632,135,18,0,0,462.76,88.0,0,0
4.27,8.571428571428571,97.94348811884497,135,18,0,0,448.45,85.0,0,0
4.27,8.571428571428571,97.92083713829446,135,18,0,0,434.14,82.0,0,0
4.27,8.571428571428571,97.9020054809497,135,18,0,0,419.83,79.0,0,0
4.27,8.571428571428571,97.86919094744947,135,19,0,0,405.52,76.0,0,0
4.27,8.571428571428571,97.84760864500419,135,19,0,0,391.21,73.0,0,0
4.27,8.571428571428571,97.83076710861158,135,19,0,0,376.9,70.0,0,0
4.27,8.571428571428571,97.81825777062211,136,19,0,0,362.59000000000003,67.0,0,0
4.28,8.571428571428571,97.7988852325051,136,19,0,0,348.28,63.99999999999999,0,0
4.28,8.571428571428571,97.77038771532972,136,19,0,0,333.96999999999997,60.99999999999999,0,0
4.28,8.571428571428571,97.7560739166167,136,19,0,0,319.65999999999997,57.99999999999999,0,0
4.28,8.571428571428571,97.73985159110052,136,19,0,0,305.34999999999997,54.99999999999999,0,0
4.28,8.571428571428571,97.72177325118008,136,19,0,0,291.03999999999996,51.99999999999999,0,0
4.28,8.571428571428571,97.70741076047807,136,19,0,0,276.7299999999999,48.99999999999998,0,0
4.28,8.571428571428571,97.68830342451577,136,19,0,0,262.4199999999999,45.99999999999997,0,0
4.28,8.571428571428571,97.67028040457856,136,19,0,0,248.10999999999984,42.99999999999997,0,0
4.28,8.571428571428571,97.6597962553857,137,19,0,0,233.79999999999984,39.99999999999997,0,0
4.28,8.571428571428571,97.6548643636544,137,19,0,0,219.48999999999984,36.999999999999964,0,0
4.30,8.571428571428571,97.64811164839755,137,19,0,0,205.1799999999999,33.99999999999997,0,0
4.30,8.571428571428571,97.62387684234795,137,19,0,0,190.8699999999999,30.99999999999997,0,0
4.30,8.571428571428571,97.60714752748174,137,19,0,0,176.55999999999983,27.99999999999997,0,0
4.30,8.571428571428571,97.59666197063959,137,19,0,0,162.24999999999983,24.99999999999997,0,0
4.30,8.571428571428571,97.57831816438453,137,19,0,0,147.93999999999988,21.99999999999997,0,0
4.30,8.571428571428571,97.55604753073648,137,19,0,0,133.62999999999988,18.99999999999997,0,0
4.30,8.571428571428571,97.54490141109306,137,19,0,0,119.31999999999988,15.999999999999972,0,0
4.30,8.571428571428571,97.51359484862212,137,19,0,0,105.00999999999982,12.999999999999972,0,0
4.30,8.571428571428571,97.4982139830389,137,19,0,0,90.69999999999987,9.999999999999972,0,0
4.30,8.571428571428571,97.47151303446279,137,19,0,0,76.38999999999987,6.999999999999972,0,0
4.32,8.571428571428571,97.45814540438894,137,19,0,0,62.07999999999987,3.9999999999999716,0,0
4.32,8.571428571428571,97.44279977746757,137,19,0,0,47.76999999999987,0.9999999999999716,0,0
4.32,8.571428571428571,97.42390361566225,137,19,0,0,43,0.0,0,0
4.32,8.571428571428571,97.41954328592372,137,19,0,0,57.31,3.0,0,0
4.32,8.571428571428571,97.43682433633872,137,19,0,0,71.62,6.0,0,0
4.32,8.571428571428571,97.45647942821432,137,19,0,0,85.93,9.0,0,0
4.32,8.571428571428571,97.45534884497067,137,19,0,0,100.24000000000001,12.0,0,0
4.32,8.571428571428571,97.44695885038507,137,19,0,0,114.55000000000001,15.0,0,0
4.32,8.571428571428571,97.4491093322661,137,19,0,0,128.86,18.0,0,0
4.32,8.571428571428571,97.44131578884372,137,19,0,0,143.16999999999996,21.0,0,0
4.33,8.571428571428571,97.45600475326381,137,19,0,0,157.48000000000002,24.0,0,0
4.33,8.571428571428571,97.46962782409382,137,19,0,0,171.79000000000002,27.0,0,0
4.33,8.571428571428571,97.46677297526121,137,19,0,0,186.10000000000002,30.0,0,0
4.33,8.571428571428571,97.47282044759575,137,19,0,0,200.40999999999997,33.0,0,0
4.33,8.571428571428571,97.47340078839434,137,19,0,0,214.71999999999997,36.0,0,0
4.33,8.571428571428571,97.47061379208056,137,19,0,0,229.03000000000003,39.0,0,0
4.33,8.571428571428571,97.46830236742385,137,19,0,0,243.34000000000003,42.00000000000001,0,0
4.33,8.571428571428571,97.46251187526705,137,19,0,0,257.65000000000003,45.00000000000001,0,0
4.33,8.571428571428571,97.453244987787,137,19,0,0,271.96000000000004,48.00000000000001,0,0
4.33,8.571428571428571,97.48687078011952,137,19,0,0,286.27000000000004,51.00000000000001,0,0
4.35,8.571428571428571,97.5106092255881,137,19,0,0,300.58000000000004,54.00000000000001,0,0
4.35,8.571428571428571,97.54238060218826,137,19,0,0,314.89000000000004,57.000000000000014,0,0
4.35,8.571428571428571,97.57689011408844,137,19,0,0,329.20000000000005,60.00000000000001,0,0
4.35,8.571428571428571,97.61020388525596,137,19,0,0,343.51,63.0,0,0
4.35,8.571428571428571,97.64383019237548,137,19,0,0,357.82,66.0,0,0
4.35,8.571428571428571,97.677441496467,137,19,0,0,372.13,69.0,0,0
4.35,8.571428571428571,97.69105786872605,137,19,0,0,386.44,72.0,0,0
4.35,8.571428571428571,97.69545865091811,137,19,0,0,400.75,75.0,0,0
4.35,8.571428571428571,97.72287332718643,137,19,0,0,415.06,78.0,0,0
4.35,8.571428571428571,97.74094808858007,137,19,0,0,429.37,81.0,0,0
4.37,8.571428571428571,97.7651086025188,137,19,0,0,443.68,84.0,0,0
4.37,8.571428571428571,97.77851012505513,137,19,0,0,457.99,87.0,0,0
4.37,8.571428571428571,97.78721341933415,137,19,0,0,472.3,90.0,0,0
4.37,8.571428571428571,97.82181332702933,137,19,0,0,486.61,93.0,0,0
4.37,8.571428571428571,97.85818994959664,137,19,0,0,500.92,96.0,0,0
4.37,8.571428571428571,97.88023008539992,137,19,0,0,515.23,99.0,0,0
4.37,8.571428571428571,97.91271507629976,137,19,0,0,520,100.0,0,0
4.37,8.571428571428571,97.89599477794418,137,19,0,0,505.69,97.0,0,0
4.37,8.571428571428571,97.87934976196034,137,19,0,0,491.38,94.0,0,0
4.37,8.571428571428571,97.86179345511633,137,19,0,0,477.07,91.0,0,0
4.38,8.571428571428571,97.85209751259688,137,19,0,0,462.76,88.0,0,0
4.38,8.571428571428571,97.82986090673941,137,19,0,0,448.45,85.0,0,0
4.38,8.571428571428571,97.80954083394518,137,19,0,0,434.14,82.0,0,0
4.38,8.571428571428571,97.79117290062695,137,19,0,0,419.83,79.0,0,0
4.38,8.571428571428571,97.7831754835062,137,19,0,0,405.52,76.0,0,0
4.38,8.571428571428571,97.76216469246106,137,19,0,0,391.21,73.0,0,0
4.38,8.571428571428571,97.74928051824669,137,19,0,0,376.9,70.0,0,0
4.38,8.571428571428571,97.72989929301826,137,19,0,0,362.59000000000003,67.0,0,0
4.38,8.571428571428571,97.70987875394512,137,19,0,0,348.28,63.99999999999999,0,0
4.38,8.571428571428571,97.69290581443417,137,19,0,0,333.96999999999997,60.99999999999999,0,0
4.40,8.571428571428571,97.69015135987937,137,19,0,0,319.65999999999997,57.99999999999999,0,0
4.40,8.571428571428571,97.66809782300955,138,19,0,0,305.34999999999997,54.99999999999999,0,0
4.40,8.571428571428571,97.66715662020009,138,19,0,0,291.03999999999996,51.99999999999999,0,0
4.40,8.571428571428571,97.65189433982823,138,19,0,0,276.7299999999999,48.99999999999998,0,0
4.40,8.571428571428571,97.6361234240433,138,19,0,0,262.4199999999999,45.99999999999997,0,0
4.40,8.571428571428571,97.60646685484573,138,19,0,0,248.10999999999984,42.99999999999997,0,0
4.40,8.571428571428571,97.59775131181546,138,19,0,0,233.79999999999984,39.99999999999997,0,0
4.40,8.571428571428571,97.58110667298965,139,19,0,0,219.48999999999984,36.999999999999964,0,0
4.40,8.571428571428571,97.55519223616619,139,19,0,0,205.1799999999999,33.99999999999997,0,0
4.40,8.571428571428571,97.53522258506459,139,19,0,0,190.8699999999999,30.99999999999997,0,0
4.42,8.571428571428571,97.5138214515381,139,19,0,0,176.55999999999983,27.99999999999997,0,0
4.42,8.571428571428571,97.50139363110736,139,19,0,0,162.24999999999983,24.99999999999997,0,0
4.42,8.571428571428571,97.4833062065462,139,19,0,0,147.93999999999988,21.99999999999997,0,0
4.42,8.571428571428571,97.47538047758957,139,19,0,0,133.62999999999988,18.99999999999997,0,0
4.42,8.571428571428571,97.46020463091783,139,19,0,0,119.31999999999988,15.999999999999972,0,0
4.42,8.571428571428571,97.4418093300153,139,19,0,0,105.00999999999982,12.999999999999972,0,0
4.42,8.571428571428571,97.414955261636,139,19,0,0,90.69999999999987,9.999999999999972,0,0
4.42,8.571428571428571,97.39359643204449,139,19,0,0,76.38999999999987,6.999999999999972,0,0
4.42,8.571428571428571,97.36680487191379,140,19,0,0,62.07999999999987,3.9999999999999716,0,0
4.42,8.571428571428571,97.34943847174368,141,19,0,0,47.76999999999987,0.9999999999999716,0,0
4.43,8.571428571428571,97.32636910920826,141,19,0,0,43,0.0,0,0
4.43,8.571428571428571,97.32950335928221,141,19,0,0,57.31,3.0,0,0
4.43,8.571428571428571,97.34626798421715,141,19,0,0,71.62,6.0,0,0
4.43,8.571428571428571,97.34956068575875,141,19,0,0,85.93,9.0,0,0
4.43,8.571428571428571,97.3533336997567,141,19,0,0,100.24000000000001,12.0,0,0
4.43,8.571428571428571,97.36938136913484,141,19,0,0,114.55000000000001,15.0,0,0
4.43,8.571428571428571,97.37972875718046,142,19,0,0,128.86,18.0,0,0
4.43,8.571428571428571,97.39097974974987,142,19,0,0,143.16999999999996,21.0,0,0
4.43,8.571428571428571,97.3852049461265,142,19,0,0,157.48000000000002,24.0,0,0
4.43,8.571428571428571,97.40063545826607,142,19,0,0,171.79000000000002,27.0,0,0
4.45,8.571428571428571,97.41706645476253,142,19,0,0,186.10000000000002,30.0,0,0
4.45,8.571428571428571,97.41727977661176,142,19,0,0,200.40999999999997,33.0,0,0
4.45,8.571428571428571,97.4238257678479,142,19,0,0,214.71999999999997,36.0,0,0
4.45,8.571428571428571,97.42502472555233,142,19,0,0,229.03000000000003,39.0,0,0
4.45,8.571428571428571,97.42395536147461,142,19,0,0,243.34000000000003,42.00000000000001,0,0
4.45,8.571428571428571,97.4328672841804,142,19,0,0,257.65000000000003,45.00000000000001,0,0
4.45,8.571428571428571,97.44631165026149,142,19,0,0,271.96000000000004,48.00000000000001,0,0
4.45,8.571428571428571,97.48675781186971,142,19,0,0,286.27000000000004,51.00000000000001,0,0
4.45,8.571428571428571,97.52612759350477,142,19,0,0,300.58000000000004,54.00000000000001,0,0
4.45,8.571428571428571,97.54511310302627,143,19,0,0,314.89000000000004,57.000000000000014,0,0
4.47,8.571428571428571,97.56077711697249,143,19,0,0,329.20000000000005,60.00000000000001,0,0
4.47,8.571428571428571,97.58033043553823,143,19,0,0,343.51,63.0,0,0
4.47,8.571428571428571,97.61150484087494,143,19,0,0,357.82,66.0,0,0
4.47,8.571428571428571,97.63652194218987,143,19,0,0,372.13,69.0,0,0
4.47,8.571428571428571,97.655121284591,143,19,0,0,386.44,72.0,0,0
4.47,8.571428571428571,97.68666464517061,143,19,0,0,400.75,75.0,0,0
4.47,8.571428571428571,97.70073572597715,143,19,0,0,415.06,78.0,0,0
4.47,8.571428571428571,97.73138830627782,143,19,0,0,429.37,81.0,0,0
4.47,8.571428571428571,97.77026845456801,143,19,0,0,443.68,84.0,0,0
4.47,8.571428571428571,97.79315906595991,143,19,0,0,457.99,87.0,0,0
4.48,8.571428571428571,97.80472849632689,143,19,0,0,472.3,90.0,0,0
4.48,8.571428571428571,97.81498794192578,143,19,0,0,486.61,93.0,0,0
4.48,8.571428571428571,97.84431574973388,143,19,0,0,500.92,96.0,0,0
4.48,8.571428571428571,97.8702555478602,143,19,0,0,515.23,99.0,0,0
4.48,8.571428571428571,97.90431495408109,143,19,0,0,520,100.0,0,0
4.48,8.571428571428571,97.87828027951937,143,19,0,0,505.69,97.0,0,0
4.48,8.571428571428571,97.86342582466943,143,19,0,0,491.38,94.0,0,0
4.48,8.571428571428571,97.83622125456175,143,19,0,0,477.07,91.0,0,0
4.48,8.571428571428571,97.82871907380523,143,19,0,0,462.76,88.0,0,0
4.48,8.571428571428571,97.81097153604762,143,19,0,0,448.45,85.0,0,0
4.50,8.571428571428571,97.80143081106841,143,19,0,0,434.14,82.0,0,0
4.50,8.571428571428571,97.78993142685563,143,19,0,0,419.83,79.0,0,0
4.50,8.571428571428571,97.76857364182678,143,19,0,0,405.52,76.0,0,0
4.50,8.571428571428571,97.75155666114786,143,19,0,0,391.21,73.0,0,0
4.50,8.571428571428571,97.73787033252168,143,19,0,0,376.9,70.0,0,0
4.50,8.571428571428571,97.72042018971524,143,19,0,0,362.59000000000003,67.0,0,0
4.50,8.571428571428571,97.71112745949857,143,19,0,0,348.28,63.99999999999999,0,0
4.50,8.571428571428571,97.70246307132521,143,19,0,0,333.96999999999997,60.99999999999999,0,0
4.50,8.571428571428571,97.681568076371,143,19,0,0,319.65999999999997,57.99999999999999,0,0
4.50,8.571428571428571,97.65804714887352,143,19,0,0,305.34999999999997,54.99999999999999,0,0
4.52,8.571428571428571,97.63545640631963,143,19,0,0,291.03999999999996,51.99999999999999,0,0
4.52,8.571428571428571,97.61283043095429,143,19,0,0,276.7299999999999,48.99999999999998,0,0
4.52,8.571428571428571,97.59156298523975,143,19,0,0,262.4199999999999,45.99999999999997,0,0
4.52,8.571428571428571,97.57290709281702,143,19,0,0,248.10999999999984,42.99999999999997,0,0
4.52,8.571428571428571,97.5565062167543,143,19,0,0,233.79999999999984,39.99999999999997,0,0
4.52,8.571428571428571,97.54572090793751,143,19,0,0,219.48999999999984,36.999999999999964,0,0
4.52,8.571428571428571,97.52263132422256,143,19,0,0,205.1799999999999,33.99999999999997,0,0
4.52,8.571428571428571,97.49642195926944,144,19,0,0,190.8699999999999,30.99999999999997,0,0
4.52,8.571428571428571,97.48829599878104,144,19,0,0,176.55999999999983,27.99999999999997,0,0
4.52,8.571428571428571,97.46230194011456,144,19,0,0,162.24999999999983,24.99999999999997,0,0
4.53,8.571428571428571,97.44017692023723,145,19,0,0,147.93999999999988,21.99999999999997,0,0
4.53,8.571428571428571,97.41423879854982,146,19,0,0,133.62999999999988,18.99999999999997,0,0
4.53,8.571428571428571,97.39901096284743,146,19,0,0,119.31999999999988,15.999999999999972,0,0
4.53,8.571428571428571,97.39033204863325,146,19,0,0,105.00999999999982,12.999999999999972,0,0
4.53,8.571428571428571,97.37025239131664,146,19,0,0,90.69999999999987,9.999999999999972,0,0
4.53,8.571428571428571,97.36333879567074,146,19,0,0,76.38999999999987,6.999999999999972,0,0
4.53,8.571428571428571,97.34413108274596,146,19,0,0,62.07999999999987,3.9999999999999716,0,0
4.53,8.571428571428571,97.3167133874969,146,19,0,0,47.76999999999987,0.9999999999999716,0,0
4.53,8.571428571428571,97.30789625972939,146,19,0,0,43,0.0,0,0
4.53,8.571428571428571,97.31735184522871,146,19,0,0,57.31,3.0,0,0
4.55,8.571428571428571,97.3245612700378,146,19,0,0,71.62,6.0,0,0
4.55,8.571428571428571,97.32434551926613,146,19,0,0,85.93,9.0,0,0
4.55,8.571428571428571,97.3257870665149,146,19,0,0,100.24000000000001,12.0,0,0
4.55,8.571428571428571,97.33053532748424,146,19,0,0,114.55000000000001,15.0,0,0
4.55,8.571428571428571,97.33023174707625,146,19,0,0,128.86,18.0,0,0
4.55,8.571428571428571,97.33594217481017,146,19,0,0,143.16999999999996,21.0,0,0
4.55,8.571428571428571,97.33765445488275,146,19,0,0,157.48000000000002,24.0,0,0
4.55,8.571428571428571,97.33589583331437,146,19,0,0,171.79000000000002,27.0,0,0
4.55,8.571428571428571,97.32659082477295,146,19,0,0,186.10000000000002,30.0,0,0
4.55,8.571428571428571,97.33261008962175,146,19,0,0,200.40999999999997,33.0,0,0
4.57,8.571428571428571,97.33824465211077,146,19,0,0,214.71999999999997,36.0,0,0
4.57,8.571428571428571,97.33215475871683,146,19,0,0,229.03000000000003,39.0,0,0
4.57,8.571428571428571,97.33491544893504,146,19,0,0,243.34000000000003,42.00000000000001,0,0
4.57,8.571428571428571,97.33952242673482,146,19,0,0,257.65000000000003,45.00000000000001,0,0
4.57,8.571428571428571,97.34306940749097,146,19,0,0,271.96000000000004,48.00000000000001,0,0
4.57,8.571428571428571,97.38044189554532,146,19,0,0,286.27000000000004,51.00000000000001,0,0
4.57,8.571428571428571,97.40900068676129,146,19,0,0,300.58000000000004,54.00000000000001,0,0
4.57,8.571428571428571,97.41844077378548,146,19,0,0,314.89000000000004,57.000000000000014,0,0
4.57,8.571428571428571,97.44689108938508,146,19,0,0,329.20000000000005,60.00000000000001,0,0
4.57,8.571428571428571,97.48403369856301,146,19,0,0,343.51,63.0,0,0
4.58,8.571428571428571,97.52460075563053,146,19,0,0,357.82,66.0,0,0
4.58,8.571428571428571,97.5475311037991,146,19,0,0,372.13,69.0,0,0
4.58,8.571428571428571,97.58947127770213,146,19,0,0,386.44,72.0,0,0
4.58,8.571428571428571,97.59726870499293,146,19,0,0,400.75,75.0,0,0
4.58,8.571428571428571,97.62439849992444,147,19,0,0,415.06,78.0,0,0
4.58,8.571428571428571,97.65933917310763,147,19,0,0,429.37,81.0,0,0
4.58,8.571428571428571,97.67743258635413,147,19,0,0,443.68,84.0,0,0
4.58,8.571428571428571,97.70422080854006,147,19,0,0,457.99,87.0,0,0
4.58,8.571428571428571,97.73666539808728,147,19,0,0,472.3,90.0,0,0
4.58,8.571428571428571,97.77152571701887,147,19,0,0,486.61,93.0,0,0
4.60,8.571428571428571,97.7861511706976,147,19,0,0,500.92,96.0,0,0
4.60,8.571428571428571,97.81351655990024,147,19,0,0,515.23,99.0,0,0
4.60,8.571428571428571,97.8273146994794,147,19,0,0,520,100.0,0,0
4.60,8.571428571428571,97.82335016580512,147,19,0,0,505.69,97.0,0,0
4.60,8.571428571428571,97.81115239457617,147,19,0,0,491.38,94.0,0,0
4.60,8.571428571428571,97.81056060819468,147,19,0,0,477.07,91.0,0,0
4.60,8.571428571428571,97.79574746417941,147,19,0,0,462.76,88.0,0,0
4.60,8.571428571428571,97.76710146362144,147,19,0,0,448.45,85.0,0,0
4.60,8.571428571428571,97.74151692251857,147,19,0,0,434.14,82.0,0,0
4.60,8.571428571428571,97.7381123049384,147,19,0,0,419.83,79.0,0,0
4.62,8.571428571428571,97.71923327370519,147,19,0,0,405.52,76.0,0,0
4.62,8.571428571428571,97.69905107874372,148,19,0,0,391.21,73.0,0,0
4.62,8.571428571428571,97.68923411039574,148,19,0,0,376.9,70.0,0,0
4.62,8.571428571428571,97.66896688035939,148,19,0,0,362.59000000000003,67.0,0,0
4.62,8.571428571428571,97.64587565953495,148,19,0,0,348.28,63.99999999999999,0,0
4.62,8.571428571428571,97.63482140660227,148,19,0,0,333.96999999999997,60.99999999999999,0,0
4.62,8.571428571428571,97.62252849188863,148,19,0,0,319.65999999999997,57.99999999999999,0,0
4.62,8.571428571428571,97.60811919050005,148,19,0,0,305.34999999999997,54.99999999999999,0,0
4.62,8.571428571428571,97.59265353571482,148,19,0,0,291.03999999999996,51.99999999999999,0,0
4.62,8.571428571428571,97.57907476249571,148,19,0,0,276.7299999999999,48.99999999999998,0,0
4.63,8.571428571428571,97.57233637323019,148,19,0,0,262.4199999999999,45.99999999999997,0,0
4.63,8.571428571428571,97.55538308472838,148,19,0,0,248.10999999999984,42.99999999999997,0,0
4.63,8.571428571428571,97.53472818742958,148,19,0,0,233.79999999999984,39.99999999999997,0,0
4.63,8.571428571428571,97.51896380105265,148,19,0,0,219.48999999999984,36.999999999999964,0,0
4.63,8.571428571428571,97.5143693117312,148,19,0,0,205.1799999999999,33.99999999999997,0,0
4.63,8.571428571428571,97.50498689185109,148,19,0,0,190.8699999999999,30.99999999999997,0,0
4.63,8.571428571428571,97.5007638717428,148,19,0,0,176.55999999999983,27.99999999999997,0,0
4.63,8.571428571428571,97.49495222781985,148,19,0,0,162.24999999999983,24.99999999999997,0,0
4.63,8.571428571428571,97.46939271488536,148,19,0,0,147.93999999999988,21.99999999999997,0,0
4.63,8.571428571428571,97.46481773958203,148,19,0,0,133.62999999999988,18.99999999999997,0,0
4.65,8.571428571428571,97.45752343904601,148,19,0,0,119.31999999999988,15.999999999999972,0,0
4.65,8.571428571428571,97.43656674909056,148,19,0,0,105.00999999999982,12.999999999999972,0,0
4.65,8.571428571428571,97.42012107391646,148,19,0,0,90.69999999999987,9.999999999999972,0,0
4.65,8.571428571428571,97.40427974105579,148,19,0,0,76.38999999999987,6.999999999999972,0,0
4.65,8.571428571428571,97.3971094027407,148,20,0,0,62.07999999999987,3.9999999999999716,0,0
4.65,8.571428571428571,97.3931879863079,148,20,0,0,47.76999999999987,0.9999999999999716,0,0
4.65,8.571428571428571,97.37453311112522,148,20,0,0,43,0.0,0,0
4.65,8.571428571428571,97.384542345913,148,20,0,0,57.31,3.0,0,0
4.65,8.571428571428571,97.38641234306415,148,20,0,0,71.62,6.0,0,0
4.65,8.571428571428571,97.40307725931382,148,20,0,0,85.93,9.0,0,0
4.67,8.571428571428571,97.42003919121758,148,20,0,0,100.24000000000001,12.0,0,0
4.67,8.571428571428571,97.4129745821344,148,20,0,0,114.55000000000001,15.0,0,0
4.67,8.571428571428571,97.43008030654575,148,20,0,0,128.86,18.0,0,0
4.67,8.571428571428571,97.43485538538246,148,20,0,0,143.16999999999996,21.0,0,0
4.67,8.571428571428571,97.4538973478884,148,20,0,0,157.48000000000002,24.0,0,0
4.67,8.571428571428571,97.46114448266465,148,20,0,0,171.79000000000002,27.0,0,0
4.67,8.571428571428571,97.47859196031766,148,20,0,0,186.10000000000002,30.0,0,0
4.67,8.571428571428571,97.4816723298277,148,20,0,0,200.40999999999997,33.0,0,0
4.67,8.571428571428571,97.50032357564012,148,20,0,0,214.71999999999997,36.0,0,0
4.67,8.571428571428571,97.50097527528472,148,20,0,0,229.03000000000003,39.0,0,0
4.68,8.571428571428571,97.51775053708332,148,20,0,0,243.34000000000003,42.00000000000001,0,0
4.68,8.571428571428571,97.52104576785337,148,20,0,0,257.65000000000003,45.00000000000001,0,0
4.68,8.571428571428571,97.52941676108198,148,20,0,0,271.96000000000004,48.00000000000001,0,0
4.68,8.571428571428571,97.54662515358619,148,20,0,0,286.27000000000004,51.00000000000001,0,0
4.68,8.571428571428571,97.57820064036201,148,20,0,0,300.58000000000004,54.00000000000001,0,0
4.68,8.571428571428571,97.60701997751475,148,20,0,0,314.89000000000004,57.000000000000014,0,0
4.68,8.571428571428571,97.6377849276589,148,20,0,0,329.20000000000005,60.00000000000001,0,0
4.68,8.571428571428571,97.66849779789057,148,20,0,0,343.51,63.0,0,0
4.68,8.571428571428571,97.68397280032785,148,20,0,0,357.82,66.0,0,0
4.68,8.571428571428571,97.71727767222328,148,20,0,0,372.13,69.0,0,0
4.70,8.571428571428571,97.74218023782062,148,20,0,0,386.44,72.0,0,0
4.70,8.571428571428571,97.75655577287806,148,20,0,0,400.75,75.0,0,0
4.70,8.571428571428571,97.76855813488962,148,20,0,0,415.06,78.0,0,0
4.70,8.571428571428571,97.79138786327461,148,20,0,0,429.37,81.0,0,0
4.70,8.571428571428571,97.80266295051437,148,20,0,0,443.68,84.0,0,0
4.70,8.571428571428571,97.83191392884216,148,20,0,0,457.99,87.0,0,0
4.70,8.571428571428571,97.84593546363693,149,20,0,0,472.3,90.0,0,0
4.70,8.571428571428571,97.87540276092145,149,20,0,0,486.61,93.0,0,0
4.70,8.571428571428571,97.89879582501668,149,20,0,0,500.92,96.0,0,0
4.70,8.571428571428571,97.91646304850177,149,20,0,0,515.23,99.0,0,0
4.72,8.571428571428571,97.94703556536064,149,20,0,0,520,100.0,0,0
4.72,8.571428571428571,97.94035894551607,149,20,0,0,505.69,97.0,0,0
4.72,8.571428571428571,97.92294752459637,149,20,0,0,491.38,94.0,0,0
4.72,8.571428571428571,97.90010221713767,150,20,0,0,477.07,91.0,0,0
4.72,8.571428571428571,97.87482280549615,150,20,0,0,462.76,88.0,0,0
4.72,8.571428571428571,97.86748061599627,150,20,0,0,448.45,85.0,0,0
4.72,8.571428571428571,97.84189225673965,150,20,0,0,434.14,82.0,0,0
4.72,8.571428571428571,97.82988639997228,150,20,0,0,419.83,79.0,0,0
4.72,8.571428571428571,97.81417072695905,150,20,0,0,405.52,76.0,0,0
4.72,8.571428571428571,97.79686694258963,150,20,0,0,391.21,73.0,0,0
4.73,8.571428571428571,97.78934041312502,151,20,0,0,376.9,70.0,0,0
4.73,8.571428571428571,97.76651411186782,151,20,0,0,362.59000000000003,67.0,0,0
4.73,8.571428571428571,97.76516934901372,151,20,0,0,348.28,63.99999999999999,0,0
4.73,8.571428571428571,97.75822460518003,151,20,0,0,333.96999999999997,60.99999999999999,0,0
4.73,8.571428571428571,97.74564737270066,151,20,0,0,319.65999999999997,57.99999999999999,0,0
4.73,8.571428571428571,97.71807923192254,151,20,0,0,305.34999999999997,54.99999999999999,0,0
4.73,8.571428571428571,97.69496601055609,151,20,0,0,291.03999999999996,51.99999999999999,0,0
4.73,8.571428571428571,97.67858686305262,151,20,0,0,276.7299999999999,48.99999999999998,0,0
4.73,8.571428571428571,97.67237808119725,151,20,0,0,262.4199999999999,45.99999999999997,0,0
4.73,8.571428571428571,97.66400853766388,151,20,0,0,248.10999999999984,42.99999999999997,0,0
4.75,8.571428571428571,97.65563465700559,151,20,0,0,233.79999999999984,39.99999999999997,0,0
4.75,8.571428571428571,97.64038593732565,151,20,0,0,219.48999999999984,36.999999999999964,0,0
4.75,8.571428571428571,97.61436211153679,151,20,0,0,205.1799999999999,33.99999999999997,0,0
4.75,8.571428571428571,97.60777929464724,151,20,0,0,190.8699999999999,30.99999999999997,0,0
4.75,8.571428571428571,97.59828993182828,151,20,0,0,176.55999999999983,27.99999999999997,0,0
4.75,8.571428571428571,97.59012200493424,151,20,0,0,162.24999999999983,24.99999999999997,0,0
4.75,8.571428571428571,97.57633162998694,151,20,0,0,147.93999999999988,21.99999999999997,0,0
4.75,8.571428571428571,97.56022363352578,151,20,0,0,133.62999999999988,18.99999999999997,0,0
4.75,8.571428571428571,97.5474263834928,151,20,0,0,119.31999999999988,15.999999999999972,0,0
4.75,8.571428571428571,97.5405976040903,151,20,0,0,105.00999999999982,12.999999999999972,0,0
4.77,8.571428571428571,97.52362311001433,151,20,0,0,90.69999999999987,9.999999999999972,0,0
4.77,8.571428571428571,97.51486934558257,151,20,0,0,76.38999999999987,6.999999999999972,0,0
4.77,8.571428571428571,97.49977504293659,151,20,0,0,62.07999999999987,3.9999999999999716,0,0
4.77,8.571428571428571,97.4810634970963,151,20,0,0,47.76999999999987,0.9999999999999716,0,0
4.77,8.571428571428571,97.46441144621548,151,20,0,0,43,0.0,0,0
4.77,8.571428571428571,97.46735927790876,151,20,0,0,57.31,3.0,0,0
4.77,8.571428571428571,97.47405473780384,151,20,0,0,71.62,6.0,0,0
4.77,8.571428571428571,97.4856825847397,151,20,0,0,85.93,9.0,0,0
4.77,8.571428571428571,97.49009313616959,151,20,0,0,100.24000000000001,12.0,0,0
4.77,8.571428571428571,97.49763738726915,151,20,0,0,114.55000000000001,15.0,0,0
4.78,8.571428571428571,97.49217180187581,151,20,0,0,128.86,18.0,0,0
4.78,8.571428571428571,97.51403254623779,151,20,0,0,143.16999999999996,21.0,0,0
4.78,8.571428571428571,97.51243867102353,151,20,0,0,157.48000000000002,24.0,0,0
4.78,8.571428571428571,97.52309791562548,151,20,0,0,171.79000000000002,27.0,0,0
4.78,8.571428571428571,97.5168490892211,151,20,0,0,186.10000000000002,30.0,0,0
4.78,8.571428571428571,97.52967120323709,151,20,0,0,200.40999999999997,33.0,0,0
4.78,8.571428571428571,97.54251803361521,151,20,0,0,214.71999999999997,36.0,0,0
4.78,8.571428571428571,97.54866370233933,151,20,0,0,229.03000000000003,39.0,0,0
4.78,8.571428571428571,97.56814330099331,151,20,0,0,243.34000000000003,42.00000000000001,0,0
4.78,8.571428571428571,97.56681623646087,151,21,0,0,257.65000000000003,45.00000000000001,0,0
4.80,8.571428571428571,97.58266471184076,151,21,0,0,271.96000000000004,48.00000000000001,0,0
4.80,8.571428571428571,97.59621510823463,151,21,0,0,286.27000000000004,51.00000000000001,0,0
4.80,8.571428571428571,97.62002996607956,151,21,0,0,300.58000000000004,54.00000000000001,0,0
4.80,8.571428571428571,97.64287938576877,151,21,0,0,314.89000000000004,57.000000000000014,0,0
4.80,8.571428571428571,97.68184602949242,151,21,0,0,329.20000000000005,60.00000000000001,0,0
4.80,8.571428571428571,97.70664679587384,151,21,0,0,343.51,63.0,0,0
4.80,8.571428571428571,97.7351307166353,151,21,0,0,357.82,66.0,0,0
4.80,8.571428571428571,97.76150420782234,151,21,0,0,372.13,69.0,0,0
4.80,8.571428571428571,97.77586487750695,151,21,0,0,386.44,72.0,0,0
4.80,8.571428571428571,97.78394012915513,151,21,0,0,400.75,75.0,0,0
4.82,8.571428571428571,97.81135864234695,151,21,0,0,415.06,78.0,0,0
4.82,8.571428571428571,97.8170169163785,151,21,0,0,429.37,81.0,0,0
4.82,8.571428571428571,97.85347639360806,151,21,0,0,443.68,84.0,0,0
4.82,8.571428571428571,97.87942947373224,151,21,0,0,457.99,87.0,0,0
4.82,8.571428571428571,97.91206266930672,151,21,0,0,472.3,90.0,0,0
4.82,8.571428571428571,97.93668759849884,151,21,0,0,486.61,93.0,0,0
4.82,8.571428571428571,97.96328910554284,151,21,0,0,500.92,96.0,0,0
4.82,8.571428571428571,97.98702064142158,151,21,0,0,515.23,99.0,0,0
4.82,8.571428571428571,98.0092740750864,151,21,0,0,520,100.0,0,0
4.82,8.571428571428571,97.9872041245719,151,21,0,0,505.69,97.0,0,0
4.83,8.571428571428571,97.95901789536855,151,21,0,0,491.38,94.0,0,0
4.83,8.571428571428571,97.94457668227922,151,21,0,0,477.07,91.0,0,0
4.83,8.571428571428571,97.9438483270073,151,21,0,0,462.76,88.0,0,0
4.83,8.571428571428571,97.93191047027955,151,21,0,0,448.45,85.0,0,0
4.83,8.571428571428571,97.92625741056125,151,21,0,0,434.14,82.0,0,0
4.83,8.571428571428571,97.9200004090752,151,21,0,0,419.83,79.0,0,0
4.83,8.571428571428571,97.91433068174607,152,21,0,0,405.52,76.0,0,0
4.83,8.571428571428571,97.89772369380276,152,21,0,0,391.21,73.0,0,0
4.83,8.571428571428571,97.88480076784204,152,21,0,0,376.9,70.0,0,0
4.83,8.571428571428571,97.87579368601001,152,21,0,0,362.59000000000003,67.0,0,0
4.85,8.571428571428571,97.86449309410256,152,21,0,0,348.28,63.99999999999999,0,0
4.85,8.571428571428571,97.84624103602395,152,21,0,0,333.96999999999997,60.99999999999999,0,0
4.85,8.571428571428571,97.830707658541,152,21,0,0,319.65999999999997,57.99999999999999,0,0
4.85,8.571428571428571,97.8196374325049,152,21,0,0,305.34999999999997,54.99999999999999,0,0
4.85,8.571428571428571,97.8115557268074,152,22,0,0,291.03999999999996,51.99999999999999,0,0
4.85,8.571428571428571,97.7995971612216,152,22,0,0,276.7299999999999,48.99999999999998,0,0
4.85,8.571428571428571,97.77908839641631,152,22,0,0,262.4199999999999,45.99999999999997,0,0
4.85,8.571428571428571,97.77060405856344,152,23,0,0,248.10999999999984,42.99999999999997,0,0
4.85,8.571428571428571,97.7510733249788,152,23,0,0,233.79999999999984,39.99999999999997,0,0
4.85,8.571428571428571,97.75090180408736,152,23,0,0,219.48999999999984,36.999999999999964,0,0
4.87,8.571428571428571,97.74060373251007,152,23,0,0,205.1799999999999,33.99999999999997,0,0
4.87,8.571428571428571,97.71705021502947,152,23,0,0,190.8699999999999,30.99999999999997,0,0
4.87,8.571428571428571,97.69933290254104,152,23,0,0,176.55999999999983,27.99999999999997,0,0
4.87,8.571428571428571,97.67219671660851,152,23,0,0,162.24999999999983,24.99999999999997,0,0
4.87,8.571428571428571,97.65906607459829,152,23,0,0,147.93999999999988,21.99999999999997,0,0
4.87,8.571428571428571,97.64665533491628,152,23,0,0,133.62999999999988,18.99999999999997,0,0
4.87,8.571428571428571,97.6331032080991,152,23,0,0,119.31999999999988,15.999999999999972,0,0
4.87,8.571428571428571,97.62494339834578,153,23,0,0,105.00999999999982,12.999999999999972,0,0
4.87,8.571428571428571,97.61112844749239,153,23,0,0,90.69999999999987,9.999999999999972,0,0
4.87,8.571428571428571,97.58926514634838,154,23,0,0,76.38999999999987,6.999999999999972,0,0
4.88,8.571428571428571,97.57049966153508,154,23,0,0,62.07999999999987,3.9999999999999716,0,0
4.88,8.571428571428571,97.56149394670338,154,23,0,0,47.76999999999987,0.9999999999999716,0,0
4.88,8.571428571428571,97.56041995645148,154,23,0,0,43,0.0,0,0
4.88,8.571428571428571,97.5600850197171,154,23,0,0,57.31,3.0,0,0
4.88,8.571428571428571,97.57508553616437,154,23,0,0,71.62,6.0,0,0
4.88,8.571428571428571,97.57402165666063,154,23,0,0,85.93,9.0,0,0
4.88,8.571428571428571,97.57667632960984,154,23,0,0,100.24000000000001,12.0,0,0
4.88,8.571428571428571,97.59456440410096,154,23,0,0,114.55000000000001,15.0,0,0
4.88,8.571428571428571,97.60054186297533,154,23,0,0,128.86,18.0,0,0
4.88,8.571428571428571,97.62170363748888,154,23,0,0,143.16999999999996,21.0,0,0
4.90,8.571428571428571,97.63660241075696,154,23,0,0,157.48000000000002,24.0,0,0
4.90,8.571428571428571,97.63516940061142,154,23,0,0,171.79000000000002,27.0,0,0
4.90,8.571428571428571,97.64024385175404,154,23,0,0,186.10000000000002,30.0,0,0
4.90,8.571428571428571,97.64587438265369,154,23,0,0,200.40999999999997,33.0,0,0
4.90,8.571428571428571,97.65280119454621,154,23,0,0,214.71999999999997,36.0,0,0
4.90,8.571428571428571,97.6441636449522,154,23,0,0,229.03000000000003,39.0,0,0
4.90,8.571428571428571,97.64588611356962,154,23,0,0,243.34000000000003,42.00000000000001,0,0
4.90,8.571428571428571,97.63965716299477,154,23,0,0,257.65000000000003,45.00000000000001,0,0
4.90,8.571428571428571,97.64380322670993,154,23,0,0,271.96000000000004,48.00000000000001,0,0
4.90,8.571428571428571,97.65041087872663,154,23,0,0,286.27000000000004,51.00000000000001,0,0
4.92,8.571428571428571,97.67426095943438,154,23,0,0,300.58000000000004,54.00000000000001,0,0
4.92,8.571428571428571,97.67906182186681,154,23,0,0,314.89000000000004,57.000000000000014,0,0
4.92,8.571428571428571,97.70261926878092,154,23,0,0,329.20000000000005,60.00000000000001,0,0
4.92,8.571428571428571,97.73626461054855,154,23,0,0,343.51,63.0,0,0
4.92,8.571428571428571,97.76278514182584,154,23,0,0,357.82,66.0,0,0
4.92,8.571428571428571,97.77668067763307,154,23,0,0,372.13,69.0,0,0
4.92,8.571428571428571,97.81289428750405,154,23,0,0,386.44,72.0,0,0
4.92,8.571428571428571,97.82937807732357,154,23,0,0,400.75,75.0,0,0
4.92,8.571428571428571,97.85502215324117,154,23,0,0,415.06,78.0,0,0
4.92,8.571428571428571,97.86251382289326,154,23,0,0,429.37,81.0,0,0
4.93,8.571428571428571,97.88896329247677,154,23,0,0,443.68,84.0,0,0
4.93,8.571428571428571,97.91102031954938,154,23,0,0,457.99,87.0,0,0
4.93,8.571428571428571,97.94554559185585,154,23,0,0,472.3,90.0,0,0
4.93,8.571428571428571,97.95416479414833,154,23,0,0,486.61,93.0,0,0
4.93,8.571428571428571,97.97127133078943,154,23,0,0,500.92,96.0,0,0
4.93,8.571428571428571,97.98909350691339,154,23,0,0,515.23,99.0,0,0
4.93,8.571428571428571,98.00314570389938,154,23,0,0,520,100.0,0,0
4.93,8.571428571428571,97.98715606703416,154,23,0,0,505.69,97.0,0,0
4.93,8.571428571428571,97.971575621395,154,23,0,0,491.38,94.0,0,0
4.93,8.571428571428571,97.94431985195965,154,23,0,0,477.07,91.0,0,0
4.95,8.571428571428571,97.93461966528524,154,23,0,0,462.76,88.0,0,0
4.95,8.571428571428571,97.92013374827323,154,23,0,0,448.45,85.0,0,0
4.95,8.571428571428571,97.8973026495234,154,23,0,0,434.14,82.0,0,0
4.95,8.571428571428571,97.8899285524344,155,23,0,0,419.83,79.0,0,0
4.95,8.571428571428571,97.88227130629294,155,23,0,0,405.52,76.0,0,0
4.95,8.571428571428571,97.86572159275697,155,23,0,0,391.21,73.0,0,0
4.95,8.571428571428571,97.84025100680611,155,23,0,0,376.9,70.0,0,0
4.95,8.571428571428571,97.83551547199706,155,23,0,0,362.59000000000003,67.0,0,0
4.95,8.571428571428571,97.81992411432506,155,23,0,0,348.28,63.99999999999999,0,0
4.95,8.571428571428571,97.81714562218104,155,23,0,0,333.96999999999997,60.99999999999999,0,0
4.97,8.571428571428571,97.79640159841055,155,23,0,0,319.65999999999997,57.99999999999999,0,0
4.97,8.571428571428571,97.78373344173399,155,23,0,0,305.34999999999997,54.99999999999999,0,0
4.97,8.571428571428571,97.76673269442885,155,23,0,0,291.03999999999996,51.99999999999999,0,0
4.97,8.571428571428571,97.75416794348747,155,23,0,0,276.7299999999999,48.99999999999998,0,0
4.97,8.571428571428571,97.7396936418191,155,23,0,0,262.4199999999999,45.99999999999997,0,0
4.97,8.571428571428571,97.7238645237374,155,23,0,0,248.10999999999984,42.99999999999997,0,0
4.97,8.571428571428571,97.70395160600683,155,23,0,0,233.79999999999984,39.99999999999997,0,0
4.97,8.571428571428571,97.6841663466329,155,23,0,0,219.48999999999984,36.999999999999964,0,0
4.97,8.571428571428571,97.65798578702898,156,23,0,0,205.1799999999999,33.99999999999997,0,0
4.97,8.571428571428571,97.6378742406453,156,23,0,0,190.8699999999999,30.99999999999997,0,0
4.98,8.571428571428571,97.61950849408942,156,23,0,0,176.55999999999983,27.99999999999997,0,0
4.98,8.571428571428571,97.60600292541318,156,23,0,0,162.24999999999983,24.99999999999997,0,0
4.98,8.571428571428571,97.58111410664489,156,23,0,0,147.93999999999988,21.99999999999997,0,0
4.98,8.571428571428571,97.57170965045897,156,23,0,0,133.62999999999988,18.99999999999997,0,0
4.98,8.571428571428571,97.5529020646695,156,23,0,0,119.31999999999988,15.999999999999972,0,0
4.98,8.571428571428571,97.5365368809761,156,23,0,0,105.00999999999982,12.999999999999972,0,0
4.98,8.571428571428571,97.52430287135587,156,23,0,0,90.69999999999987,9.999999999999972,0,0
4.98,8.571428571428571,97.50454989902393,156,23,0,0,76.38999999999987,6.999999999999972,0,0
4.98,8.571428571428571,97.48723662107537,156,23,0,0,62.07999999999987,3.9999999999999716,0,0
4.98,8.571428571428571,97.47272453277188,156,23,0,0,47.76999999999987,0.9999999999999716,0,0
5.00,8.571428571428571,97.45194652830007,156,23,0,0,43,0.0,0,0
5.00,8.571428571428571,97.45435882970145,156,23,0,0,57.31,3.0,0,0
5.00,8.571428571428571,97.46205864669474,156,23,0,0,71.62,6.0,0,0
5.00,8.571428571428571,97.46934426259547,156,23,0,0,85.93,9.0,0,0
5.00,8.571428571428571,97.46481113708505,156,23,0,0,100.24000000000001,12.0,0,0
5.00,8.571428571428571,97.46205017608993,156,23,0,0,114.55000000000001,15.0,0,0
5.00,8.571428571428571,97.48173638345766,156,23,0,0,128.86,18.0,0,0
5.00,8.571428571428571,97.50253248801906,156,23,0,0,143.16999999999996,21.0,0,0
5.00,8.571428571428571,97.50837947403565,156,23,0,0,157.48000000000002,24.0,0,0
5.00,8.571428571428571,97.50768356815466,156,23,0,0,171.79000000000002,27.0,0,0
5.02,8.571428571428571,97.51763395569203,156,23,0,0,186.10000000000002,30.0,0,0
5.02,8.571428571428571,97.53414434984185,156,23,0,0,200.40999999999997,33.0,0,0
5.02,8.571428571428571,97.5496518430214,156,24,0,0,214.71999999999997,36.0,0,0
5.02,8.571428571428571,97.56415369244709,157,24,0,0,229.03000000000003,39.0,0,0
5.02,8.571428571428571,97.5743236876028,157,24,0,0,243.34000000000003,42.00000000000001,0,0
5.02,8.571428571428571,97.57641021963616,157,24,0,0,257.65000000000003,45.00000000000001,0,0
5.02,8.571428571428571,97.56999489459287,157,24,0,0,271.96000000000004,48.00000000000001,0,0
5.02,8.571428571428571,97.59102666478285,157,24,0,0,286.27000000000004,51.00000000000001,0,0
5.02,8.571428571428571,97.61875689241177,157,24,0,0,300.58000000000004,54.00000000000001,0,0
5.02,8.571428571428571,97.63605015204078,158,24,0,0,314.89000000000004,57.000000000000014,0,0
5.03,8.571428571428571,97.65388108043167,158,24,0,0,329.20000000000005,60.00000000000001,0,0
5.03,8.571428571428571,97.6549489689734,158,24,0,0,343.51,63.0,0,0
5.03,8.571428571428571,97.67219500085659,158,24,0,0,357.82,66.0,0,0
5.03,8.571428571428571,97.70987772818305,158,24,0,0,372.13,69.0,0,0
5.03,8.571428571428571,97.720071932592,158,24,0,0,386.44,72.0,0,0
5.03,8.571428571428571,97.74244858046173,158,24,0,0,400.75,75.0,0,0
5.03,8.571428571428571,97.77482902656311,158,24,0,0,415.06,78.0,0,0
5.03,8.571428571428571,97.80003805481054,158,24,0,0,429.37,81.0,0,0
5.03,8.571428571428571,97.82229943598465,158,24,0,0,443.68,84.0,0,0
5.03,8.571428571428571,97.84264473041848,158,24,0,0,457.99,87.0,0,0
5.05,8.571428571428571,97.8742622505182,159,24,0,0,472.3,90.0,0,0
5.05,8.571428571428571,97.89939925785832,159,24,0,0,486.61,93.0,0,0
5.05,8.571428571428571,97.93586001499739,160,24,0,0,500.92,96.0,0,0
5.05,8.571428571428571,97.9647254237311,160,24,0,0,515.23,99.0,0,0
5.05,8.571428571428571,97.99759776799837,160,24,0,0,520,100.0,0,0
5.05,8.571428571428571,97.992600752354,160,24,0,0,505.69,97.0,0,0
5.05,8.571428571428571,97.98562816776587,160,24,0,0,491.38,94.0,0,0
5.05,8.571428571428571,97.9761927580269,160,24,0,0,477.07,91.0,0,0
5.05,8.571428571428571,97.96296757037148,160,24,0,0,462.76,88.0,0,0
5.05,8.571428571428571,97.94828800163728,160,24,0,0,448.45,85.0,0,0
5.07,8.571428571428571,97.93167315670816,160,24,0,0,434.14,82.0,0,0
5.07,8.571428571428571,97.91838712995559,160,24,0,0,419.83,79.0,0,0
5.07,8.571428571428571,97.90884512840609,160,24,0,0,405.52,76.0,0,0
5.07,8.571428571428571,97.89573988780582,160,24,0,0,391.21,73.0,0,0
5.07,8.571428571428571,97.88617313342166,160,24,0,0,376.9,70.0,0,0
5.07,8.571428571428571,97.8758540330471,160,24,0,0,362.59000000000003,67.0,0,0
5.07,8.571428571428571,97.85103434592841,160,24,0,0,348.28,63.99999999999999,0,0
5.07,8.571428571428571,97.83882405954466,160,24,0,0,333.96999999999997,60.99999999999999,0,0
5.07,8.571428571428571,97.81475829101565,160,24,0,0,319.65999999999997,57.99999999999999,0,0
5.07,8.571428571428571,97.80832852951575,160,24,0,0,305.34999999999997,54.99999999999999,0,0
5.08,8.571428571428571,97.80777572591006,160,24,0,0,291.03999999999996,51.99999999999999,0,0
5.08,8.571428571428571,97.80358386353164,160,24,0,0,276.7299999999999,48.99999999999998,0,0
5.08,8.571428571428571,97.79299056306195,160,24,0,0,262.4199999999999,45.99999999999997,0,0
5.08,8.571428571428571,97.77643814825632,160,24,0,0,248.10999999999984,42.99999999999997,0,0
5.08,8.571428571428571,97.760451644234,160,24,0,0,233.79999999999984,39.99999999999997,0,0
5.08,8.571428571428571,97.74564377394383,160,24,0,0,219.48999999999984,36.999999999999964,0,0
5.08,8.571428571428571,97.72310129552515,160,24,0,0,205.1799999999999,33.99999999999997,0,0
5.08,8.571428571428571,97.71933433706701,160,24,0,0,190.8699999999999,30.99999999999997,0,0
5.08,8.571428571428571,97.70091335840884,160,24,0,0,176.55999999999983,27.99999999999997,0,0
5.08,8.571428571428571,97.67903588980789,160,24,0,0,162.24999999999983,24.99999999999997,0,0
5.10,8.571428571428571,97.67555061057047,160,24,0,0,147.93999999999988,21.99999999999997,0,0
5.10,8.571428571428571,97.66275367300608,160,24,0,0,133.62999999999988,18.99999999999997,0,0
5.10,8.571428571428571,97.65652388052959,160,24,0,0,119.31999999999988,15.999999999999972,0,0
5.10,8.571428571428571,97.64608377398666,160,24,0,0,105.00999999999982,12.999999999999972,0,0
5.10,8.571428571428571,97.63638033493402,160,24,0,0,90.69999999999987,9.999999999999972,0,0
5.10,8.571428571428571,97.62760857290685,160,24,0,0,76.38999999999987,6.999999999999972,0,0
5.10,8.571428571428571,97.62330762135329,160,24,0,0,62.07999999999987,3.9999999999999716,0,0
5.10,8.571428571428571,97.60501075361401,160,24,0,0,47.76999999999987,0.9999999999999716,0,0
5.10,8.571428571428571,97.59430849971328,160,24,0,0,43,0.0,0,0
5.10,8.571428571428571,97.60000778429753,160,25,0,0,57.31,3.0,0,0
5.12,8.571428571428571,97.61070925666067,160,25,0,0,71.62,6.0,0,0
5.12,8.571428571428571,97.62863425901051,160,25,0,0,85.93,9.0,0,0
5.12,8.571428571428571,97.62805124854283,160,25,0,0,100.24000000000001,12.0,0,0
5.12,8.571428571428571,97.63086068575161,160,25,0,0,114.55000000000001,15.0,0,0
5.12,8.571428571428571,97.63847980691146,160,25,0,0,128.86,18.0,0,0
5.12,8.571428571428571,97.63960462418437,160,25,0,0,143.16999999999996,21.0,0,0
5.12,8.571428571428571,97.64026076451262,160,25,0,0,157.48000000000002,24.0,0,0
5.12,8.571428571428571,97.64611417025607,160,25,0,0,171.79000000000002,27.0,0,0
5.12,8.571428571428571,97.65411754799716,160,25,0,0,186.10000000000002,30.0,0,0
5.12,8.571428571428571,97.65976787633184,160,25,0,0,200.40999999999997,33.0,0,0
5.13,8.571428571428571,97.67729069469256,160,25,0,0,214.71999999999997,36.0,0,0
5.13,8.571428571428571,97.67958036787732,160,25,0,0,229.03000000000003,39.0,0,0
5.13,8.571428571428571,97.6928155897904,160,25,0,0,243.34000000000003,42.00000000000001,0,0
5.13,8.571428571428571,97.68779489596125,160,25,0,0,257.65000000000003,45.00000000000001,0,0
5.13,8.571428571428571,97.70406820193219,160,25,0,0,271.96000000000004,48.00000000000001,0,0
5.13,8.571428571428571,97.72115849077868,160,25,0,0,286.27000000000004,51.00000000000001,0,0
5.13,8.571428571428571,97.730623655262,160,25,0,0,300.58000000000004,54.00000000000001,0,0
5.13,8.571428571428571,97.75628814055825,160,25,0,0,314.89000000000004,57.000000000000014,0,0
5.13,8.571428571428571,97.77477899806776,160,25,0,0,329.20000000000005,60.00000000000001,0,0
5.13,8.571428571428571,97.78767846839465,160,25,0,0,343.51,63.0,0,0
5.15,8.571428571428571,97.82293321293692,160,25,0,0,357.82,66.0,0,0
5.15,8.571428571428571,97.83699567323663,160,25,0,0,372.13,69.0,0,0
5.15,8.571428571428571,97.84216391284114,160,25,0,0,386.44,72.0,0,0
5.15,8.571428571428571,97.87108890166809,160,25,0,0,400.75,75.0,0,0
5.15,8.571428571428571,97.88848461074197,160,25,0,0,415.06,78.0,0,0
5.15,8.571428571428571,97.90282015067307,160,25,0,0,429.37,81.0,0,0
5.15,8.571428571428571,97.92098004679755,160,25,0,0,443.68,84.0,0,0
5.15,8.571428571428571,97.93713152930242,160,25,0,0,457.99,87.0,0,0
5.15,8.571428571428571,97.95214747005691,160,25,0,0,472.3,90.0,0,0
5.15,8.571428571428571,97.96459881439593,160,25,0,0,486.61,93.0,0,0
5.17,8.571428571428571,97.9924050509701,160,25,0,0,500.92,96.0,0,0
5.17,8.571428571428571,97.99908580841733,160,25,0,0,515.23,99.0,0,0
5.17,8.571428571428571,98.01365398385843,160,25,0,0,520,100.0,0,0
5.17,8.571428571428571,97.99095693797304,160,25,0,0,505.69,97.0,0,0
5.17,8.571428571428571,97.97065248046864,160,25,0,0,491.38,94.0,0,0
5.17,8.571428571428571,97.96155819095183,160,25,0,0,477.07,91.0,0,0
5.17,8.571428571428571,97.95219812137299,160,25,0,0,462.76,88.0,0,0
5.17,8.571428571428571,97.94302790405663,160,25,0,0,448.45,85.0,0,0
5.17,8.571428571428571,97.91818299977223,160,25,0,0,434.14,82.0,0,0
5.17,8.571428571428571,97.90416476318082,160,25,0,0,419.83,79.0,0,0
5.18,8.571428571428571,97.89729959640833,160,25,0,0,405.52,76.0,0,0
5.18,8.571428571428571,97.88146868928573,160,25,0,0,391.21,73.0,0,0
5.18,8.571428571428571,97.87196047532223,160,25,0,0,376.9,70.0,0,0
5.18,8.571428571428571,97.86876312924883,160,25,0,0,362.59000000000003,67.0,0,0
5.18,8.571428571428571,97.85511781458196,160,25,0,0,348.28,63.99999999999999,0,0
5.18,8.571428571428571,97.839178233493,160,25,0,0,333.96999999999997,60.99999999999999,0,0
5.18,8.571428571428571,97.81801673594448,160,25,0,0,319.65999999999997,57.99999999999999,0,0
5.18,8.571428571428571,97.80858818794256,160,25,0,0,305.34999999999997,54.99999999999999,0,0
5.18,8.571428571428571,97.78675091328732,161,25,0,0,291.03999999999996,51.99999999999999,0,0
5.18,8.571428571428571,97.77259392912931,161,25,0,0,276.7299999999999,48.99999999999998,0,0
5.20,8.571428571428571,97.7553396966367,161,25,0,0,262.4199999999999,45.99999999999997,0,0
5.20,8.571428571428571,97.73602543792354,161,25,0,0,248.10999999999984,42.99999999999997,0,0
5.20,8.571428571428571,97.72472286378449,161,26,0,0,233.79999999999984,39.99999999999997,0,0
5.20,8.571428571428571,97.7201454048283,161,26,0,0,219.48999999999984,36.999999999999964,0,0
5.20,8.571428571428571,97.70906573425515,161,26,0,0,205.1799999999999,33.99999999999997,0,0
5.20,8.571428571428571,97.69531070968776,161,26,0,0,190.8699999999999,30.99999999999997,0,0
5.20,8.571428571428571,97.67838612373085,161,26,0,0,176.55999999999983,27.99999999999997,0,0
5.20,8.571428571428571,97.6650153034289,161,26,0,0,162.24999999999983,24.99999999999997,0,0
5.20,8.571428571428571,97.6557984887424,161,26,0,0,147.93999999999988,21.99999999999997,0,0
5.20,8.571428571428571,97.63809726474669,161,26,0,0,133.62999999999988,18.99999999999997,0,0
5.22,8.571428571428571,97.62899413801411,161,26,0,0,119.31999999999988,15.999999999999972,0,0
5.22,8.571428571428571,97.61058582980425,161,26,0,0,105.00999999999982,12.999999999999972,0,0
5.22,8.571428571428571,97.60021261586944,161,26,0,0,90.69999999999987,9.999999999999972,0,0
5.22,8.571428571428571,97.57933260008402,161,26,0,0,76.38999999999987,6.999999999999972,0,0
5.22,8.571428571428571,97.57340946345579,161,26,0,0,62.07999999999987,3.9999999999999716,0,0
5.22,8.571428571428571,97.56670355814795,161,26,0,0,47.76999999999987,0.9999999999999716,0,0
5.22,8.571428571428571,97.5501260074355,161,26,0,0,43,0.0,0,0
5.22,8.571428571428571,97.55202265305607,161,26,0,0,57.31,3.0,0,0
5.22,8.571428571428571,97.5614298929558,161,26,0,0,71.62,6.0,0,0
5.22,8.571428571428571,97.57722085314491,161,26,0,0,85.93,9.0,0,0
5.23,8.571428571428571,97.58400760457663,161,26,0,0,100.24000000000001,12.0,0,0
5.23,8.571428571428571,97.59321733935812,161,26,0,0,114.55000000000001,15.0,0,0
5.23,8.571428571428571,97.59924899083174,161,26,0,0,128.86,18.0,0,0
5.23,8.571428571428571,97.61175323642522,161,26,0,0,143.16999999999996,21.0,0,0
5.23,8.571428571428571,97.61238511516882,162,26,0,0,157.48000000000002,24.0,0,0
5.23,8.571428571428571,97.61845674358986,162,26,0,0,171.79000000000002,27.0,0,0
5.23,8.571428571428571,97.61493771838096,162,26,0,0,186.10000000000002,30.0,0,0
5.23,8.571428571428571,97.60691672518443,162,26,0,0,200.40999999999997,33.0,0,0
5.23,8.571428571428571,97.60910138779155,162,26,0,0,214.71999999999997,36.0,0,0
5.23,8.571428571428571,97.6116696531271,162,26,0,0,229.03000000000003,39.0,0,0
5.25,8.571428571428571,97.60540178915102,162,26,0,0,243.34000000000003,42.00000000000001,0,0
5.25,8.571428571428571,97.61743204460087,162,26,0,0,257.65000000000003,45.00000000000001,0,0
5.25,8.571428571428571,97.62846849517365,162,26,0,0,271.96000000000004,48.00000000000001,0,0
5.25,8.571428571428571,97.63873797926733,162,26,0,0,286.27000000000004,51.00000000000001,0,0
5.25,8.571428571428571,97.66860930745878,162,26,0,0,300.58000000000004,54.00000000000001,0,0
5.25,8.571428571428571,97.68359437585413,162,27,0,0,314.89000000000004,57.000000000000014,0,0
5.25,8.571428571428571,97.70633170965752,162,27,0,0,329.20000000000005,60.00000000000001,0,0
5.25,8.571428571428571,97.73914904239597,162,27,0,0,343.51,63.0,0,0
5.25,8.571428571428571,97.7577446657708,162,27,0,0,357.82,66.0,0,0
5.25,8.571428571428571,97.78939772667297,162,27,0,0,372.13,69.0,0,0
5.27,8.571428571428571,97.80542940909847,162,27,0,0,386.44,72.0,0,0
5.27,8.571428571428571,97.83172564999408,162,27,0,0,400.75,75.0,0,0
5.27,8.571428571428571,97.84693881818903,162,27,0,0,415.06,78.0,0,0
5.27,8.571428571428571,97.86529103679459,162,27,0,0,429.37,81.0,0,0
5.27,8.571428571428571,97.89734595857259,162,27,0,0,443.68,84.0,0,0
5.27,8.571428571428571,97.93446502609805,162,27,0,0,457.99,87.0,0,0
5.27,8.571428571428571,97.95729008131767,162,27,0,0,472.3,90.0,0,0
5.27,8.571428571428571,97.97212343750596,162,27,0,0,486.61,93.0,0,0
5.27,8.571428571428571,97.98038451971144,162,27,0,0,500.92,96.0,0,0
5.27,8.571428571428571,97.98734613307045,162,27,0,0,515.23,99.0,0,0
5.28,8.571428571428571,98.00995402107255,162,27,0,0,520,100.0,0,0
5.28,8.571428571428571,97.99612626164594,162,27,0,0,505.69,97.0,0,0
5.28,8.571428571428571,97.98551611471039,162,27,0,0,491.38,94.0,0,0
5.28,8.571428571428571,97.97136988314949,162,27,0,0,477.07,91.0,0,0
5.28,8.571428571428571,97.95866699303627,162,27,0,0,462.76,88.0,0,0
5.28,8.571428571428571,97.95283987529388,162,27,0,0,448.45,85.0,0,0
5.28,8.571428571428571,97.92949460923171,162,27,0,0,434.14,82.0,0,0
5.28,8.571428571428571,97.92170810055713,162,27,0,0,419.83,79.0,0,0
5.28,8.571428571428571,97.90868023865013,162,27,0,0,405.52,76.0,0,0
5.28,8.571428571428571,97.8889358588058,162,27,0,0,391.21,73.0,0,0
5.30,8.571428571428571,97.88367953859428,162,27,0,0,376.9,70.0,0,0
5.30,8.571428571428571,97.87180566482806,163,27,0,0,362.59000000000003,67.0,0,0
5.30,8.571428571428571,97.85621825096221,163,27,0,0,348.28,63.99999999999999,0,0
5.30,8.571428571428571,97.83114683289577,164,27,0,0,333.96999999999997,60.99999999999999,0,0
5.30,8.571428571428571,97.82260023745741,164,27,0,0,319.65999999999997,57.99999999999999,0,0
5.30,8.571428571428571,97.81203293042948,164,27,0,0,305.34999999999997,54.99999999999999,0,0
5.30,8.571428571428571,97.79784285029072,165,27,0,0,291.03999999999996,51.99999999999999,0,0
5.30,8.571428571428571,97.7765883252175,165,27,0,0,276.7299999999999,48.99999999999998,0,0
5.30,8.571428571428571,97.76909397865582,165,27,0,0,262.4199999999999,45.99999999999997,0,0
5.30,8.571428571428571,97.75278928460692,166,27,0,0,248.10999999999984,42.99999999999997,0,0
5.32,8.571428571428571,97.73885253674268,166,27,0,0,233.79999999999984,39.99999999999997,0,0
5.32,8.571428571428571,97.72864336192463,166,27,0,0,219.48999999999984,36.999999999999964,0,0
5.32,8.571428571428571,97.70682506681476,166,27,0,0,205.1799999999999,33.99999999999997,0,0
5.32,8.571428571428571,97.69079067870717,166,27,0,0,190.8699999999999,30.99999999999997,0,0
5.32,8.571428571428571,97.67709206256802,167,27,0,0,176.55999999999983,27.99999999999997,0,0
5.32,8.571428571428571,97.66435455193027,167,27,0,0,162.24999999999983,24.99999999999997,0,0
5.32,8.571428571428571,97.64846502148548,167,27,0,0,147.93999999999988,21.99999999999997,0,0
5.32,8.571428571428571,97.64022520444819,167,27,0,0,133.62999999999988,18.99999999999997,0,0
5.32,8.571428571428571,97.62984688002635,167,27,0,0,119.31999999999988,15.999999999999972,0,0
5.32,8.571428571428571,97.61401098746425,167,27,0,0,105.00999999999982,12.999999999999972,0,0
5.33,8.571428571428571,97.60618463283757,167,27,0,0,90.69999999999987,9.999999999999972,0,0
5.33,8.571428571428571,97.58533786399587,167,27,0,0,76.38999999999987,6.999999999999972,0,0
5.33,8.571428571428571,97.5748570913161,167,27,0,0,62.07999999999987,3.9999999999999716,0,0
5.33,8.571428571428571,97.55926709693358,167,27,0,0,47.76999999999987,0.9999999999999716,0,0
5.33,8.571428571428571,97.54759710979583,167,27,0,0,43,0.0,0,0
5.33,8.571428571428571,97.53933456135654,167,27,0,0,57.31,3.0,0,0
5.33,8.571428571428571,97.53273263783808,167,27,0,0,71.62,6.0,0,0
5.33,8.571428571428571,97.5284178935788,167,27,0,0,85.93,9.0,0,0
5.33,8.571428571428571,97.52789703403977,167,27,0,0,100.24000000000001,12.0,0,0
5.33,8.571428571428571,97.53118763473744,167,27,0,0,114.55000000000001,15.0,0,0
5.35,8.571428571428571,97.53335444823554,167,27,0,0,128.86,18.0,0,0
5.35,8.571428571428571,97.53583567575552,167,27,0,0,143.16999999999996,21.0,0,0
5.35,8.571428571428571,97.5369659460726,167,27,0,0,157.48000000000002,24.0,0,0
5.35,8.571428571428571,97.53919310059207,167,27,0,0,171.79000000000002,27.0,0,0
5.35,8.571428571428571,97.55445556722803,167,27,0,0,186.10000000000002,30.0,0,0
5.35,8.571428571428571,97.56735377479525,167,27,0,0,200.40999999999997,33.0,0,0
5.35,8.571428571428571,97.56088743950093,167,27,0,0,214.71999999999997,36.0,0,0
5.35,8.571428571428571,97.57258790805078,167,27,0,0,229.03000000000003,39.0,0,0
5.35,8.571428571428571,97.5829431004717,167,28,0,0,243.34000000000003,42.00000000000001,0,0
5.35,8.571428571428571,97.57731654940127,167,28,0,0,257.65000000000003,45.00000000000001,0,0
5.37,8.571428571428571,97.58715917165371,167,28,0,0,271.96000000000004,48.00000000000001,0,0
5.37,8.571428571428571,97.6003347019528,167,28,0,0,286.27000000000004,51.00000000000001,0,0
5.37,8.571428571428571,97.60425294684943,167,28,0,0,300.58000000000004,54.00000000000001,0,0
5.37,8.571428571428571,97.63419486266467,167,28,0,0,314.89000000000004,57.000000000000014,0,0
5.37,8.571428571428571,97.65846199449048,167,28,0,0,329.20000000000005,60.00000000000001,0,0
5.37,8.571428571428571,97.67745581848907,167,28,0,0,343.51,63.0,0,0
5.37,8.571428571428571,97.70825361273307,167,28,0,0,357.82,66.0,0,0
5.37,8.571428571428571,97.72013256877989,167,28,0,0,372.13,69.0,0,0
5.37,8.571428571428571,97.75127765191094,167,28,0,0,386.44,72.0,0,0
5.38,8.571428571428571,97.78118663425113,167,28,0,0,400.75,75.0,0,0
5.38,8.571428571428571,97.81227723216878,168,28,0,0,415.06,78.0,0,0
5.38,8.571428571428571,97.82823358100669,168,28,0,0,429.37,81.0,0,0
5.38,8.571428571428571,97.83310339318155,168,28,0,0,443.68,84.0,0,0
5.38,8.571428571428571,97.83741636419738,168,28,0,0,457.99,87.0,0,0
5.38,8.571428571428571,97.86348757002456,168,28,0,0,472.3,90.0,0,0
5.38,8.571428571428571,97.87634453244253,168,28,0,0,486.61,93.0,0,0
5.38,8.571428571428571,97.90753231860425,168,28,0,0,500.92,96.0,0,0
5.38,8.571428571428571,97.9191248264289,168,28,0,0,515.23,99.0,0,0
5.38,8.571428571428571,97.93623866143491,168,28,0,0,520,100.0,0,0
5.40,8.571428571428571,97.9312632583392,168,28,0,0,505.69,97.0,0,0
5.40,8.571428571428571,97.92480802812679,168,28,0,0,491.38,94.0,0,0
5.40,8.571428571428571,97.91358512954763,168,28,0,0,477.07,91.0,0,0
5.40,8.571428571428571,97.90139639709078,168,28,0,0,462.76,88.0,0,0
5.40,8.571428571428571,97.88596542737893,168,28,0,0,448.45,85.0,0,0
5.40,8.571428571428571,97.8749815667448,168,28,0,0,434.14,82.0,0,0
5.40,8.571428571428571,97.8738590481462,168,28,0,0,419.83,79.0,0,0
5.40,8.571428571428571,97.85915345584034,168,28,0,0,405.52,76.0,0,0
5.40,8.571428571428571,97.84430689189217,168,28,0,0,391.21,73.0,0,0
5.40,8.571428571428571,97.83218366580935,168,28,0,0,376.9,70.0,0,0
5.42,8.571428571428571,97.81730723826716,168,28,0,0,362.59000000000003,67.0,0,0
5.42,8.571428571428571,97.8066237217458,168,28,0,0,348.28,63.99999999999999,0,0
5.42,8.571428571428571,97.79923361283969,168,28,0,0,333.96999999999997,60.99999999999999,0,0
5.42,8.571428571428571,97.78468797098957,168,28,0,0,319.65999999999997,57.99999999999999,0,0
5.42,8.571428571428571,97.7778544513088,168,28,0,0,305.34999999999997,54.99999999999999,0,0
5.42,8.571428571428571,97.76430524452184,168,28,0,0,291.03999999999996,51.99999999999999,0,0
5.42,8.571428571428571,97.75674479943515,168,29,0,0,276.7299999999999,48.99999999999998,0,0
5.42,8.571428571428571,97.75538026962674,168,29,0,0,262.4199999999999,45.99999999999997,0,0
5.42,8.571428571428571,97.7433921515605,168,29,0,0,248.10999999999984,42.99999999999997,0,0
5.42,8.571428571428571,97.73022472732642,168,29,0,0,233.79999999999984,39.99999999999997,0,0
5.43,8.571428571428571,97.71974388306508,168,29,0,0,219.48999999999984,36.999999999999964,0,0
5.43,8.571428571428571,97.70799847865551,169,29,0,0,205.1799999999999,33.99999999999997,0,0
5.43,8.571428571428571,97.70573631245648,169,29,0,0,190.8699999999999,30.99999999999997,0,0
5.43,8.571428571428571,97.68398540857632,169,29,0,0,176.55999999999983,27.99999999999997,0,0
5.43,8.571428571428571,97.67347846209564,169,29,0,0,162.24999999999983,24.99999999999997,0,0
5.43,8.571428571428571,97.65804315484255,169,29,0,0,147.93999999999988,21.99999999999997,0,0
5.43,8.571428571428571,97.64416858388711,169,29,0,0,133.62999999999988,18.99999999999997,0,0
5.43,8.571428571428571,97.63314360598653,169,29,0,0,119.31999999999988,15.999999999999972,0,0
5.43,8.571428571428571,97.621496105169,169,29,0,0,105.00999999999982,12.999999999999972,0,0
5.43,8.571428571428571,97.60777014029165,169,29,0,0,90.69999999999987,9.999999999999972,0,0
5.45,8.571428571428571,97.59754350922923,169,29,0,0,76.38999999999987,6.999999999999972,0,0
5.45,8.571428571428571,97.57521651490428,169,29,0,0,62.07999999999987,3.9999999999999716,0,0
5.45,8.571428571428571,97.55988824403316,169,29,0,0,47.76999999999987,0.9999999999999716,0,0
5.45,8.571428571428571,97.55087367813546,169,29,0,0,43,0.0,0,0
5.45,8.571428571428571,97.55303678691487,169,29,0,0,57.31,3.0,0,0
5.45,8.571428571428571,97.56426326338652,169,29,0,0,71.62,6.0,0,0
5.45,8.571428571428571,97.563695613843,169,29,0,0,85.93,9.0,0,0
5.45,8.571428571428571,97.56310731443875,170,29,0,0,100.24000000000001,12.0,0,0
5.45,8.571428571428571,97.56550676013674,170,29,0,0,114.55000000000001,15.0,0,0
5.45,8.571428571428571,97.56376412502586,170,29,0,0,128.86,18.0,0,0
5.47,8.571428571428571,97.5701631425271,170,29,0,0,143.16999999999996,21.0,0,0
5.47,8.571428571428571,97.57160644021856,170,29,0,0,157.48000000000002,24.0,0,0
5.47,8.571428571428571,97.58276721259476,170,29,0,0,171.79000000000002,27.0,0,0
5.47,8.571428571428571,97.5851303360816,170,29,0,0,186.10000000000002,30.0,0,0
5.47,8.571428571428571,97.60407837658529,170,29,0,0,200.40999999999997,33.0,0,0
5.47,8.571428571428571,97.60109273938295,170,29,0,0,214.71999999999997,36.0,0,0
5.47,8.571428571428571,97.6174717758031,170,29,0,0,229.03000000000003,39.0,0,0
5.47,8.571428571428571,97.61462467220542,170,29,0,0,243.34000000000003,42.00000000000001,0,0
5.47,8.571428571428571,97.62839596372177,170,29,0,0,257.65000000000003,45.00000000000001,0,0
5.47,8.571428571428571,97.63084791470484,170,29,0,0,271.96000000000004,48.00000000000001,0,0
5.48,8.571428571428571,97.64581607502572,170,29,0,0,286.27000000000004,51.00000000000001,0,0
5.48,8.571428571428571,97.67461444979364,170,29,0,0,300.58000000000004,54.00000000000001,0,0
5.48,8.571428571428571,97.68831845230098,170,29,0,0,314.89000000000004,57.000000000000014,0,0
5.48,8.571428571428571,97.69339962573201,170,29,0,0,329.20000000000005,60.00000000000001,0,0
5.48,8.571428571428571,97.70871508429947,170,29,0,0,343.51,63.0,0,0
5.48,8.571428571428571,97.73149825443788,171,29,0,0,357.82,66.0,0,0
5.48,8.571428571428571,97.75812955191367,171,29,0,0,372.13,69.0,0,0
5.48,8.571428571428571,97.78228533258827,171,29,0,0,386.44,72.0,0,0
5.48,8.571428571428571,97.79580632000048,171,29,0,0,400.75,75.0,0,0
5.48,8.571428571428571,97.7989689979436,171,29,0,0,415.06,78.0,0,0
5.50,8.571428571428571,97.80760653210676,171,29,0,0,429.37,81.0,0,0
5.50,8.571428571428571,97.83219822259724,171,29,0,0,443.68,84.0,0,0
5.50,8.571428571428571,97.85861063926276,171,29,0,0,457.99,87.0,0,0
5.50,8.571428571428571,97.8739766122935,171,29,0,0,472.3,90.0,0,0
5.50,8.571428571428571,97.89939899927612,171,29,0,0,486.61,93.0,0,0
5.50,8.571428571428571,97.92188084124723,171,29,0,0,500.92,96.0,0,0
5.50,8.571428571428571,97.94183503002294,171,29,0,0,515.23,99.0,0,0
5.50,8.571428571428571,97.94890351052719,171,29,0,0,520,100.0,0,0
5.50,8.571428571428571,97.93552645872022,171,29,0,0,505.69,97.0,0,0
5.50,8.571428571428571,97.92192582810203,171,29,0,0,491.38,94.0,0,0
5.52,8.571428571428571,97.90518764806092,171,29,0,0,477.07,91.0,0,0
5.52,8.571428571428571,97.90271509449008,171,29,0,0,462.76,88.0,0,0
5.52,8.571428571428571,97.88405051581071,171,29,0,0,448.45,85.0,0,0
5.52,8.571428571428571,97.86818885121923,171,29,0,0,434.14,82.0,0,0
5.52,8.571428571428571,97.85375980990847,171,29,0,0,419.83,79.0,0,0
5.52,8.571428571428571,97.84669029763087,171,29,0,0,405.52,76.0,0,0
5.52,8.571428571428571,97.83504837886427,171,29,0,0,391.21,73.0,0,0
5.52,8.571428571428571,97.83097121022831,171,29,0,0,376.9,70.0,0,0
5.52,8.571428571428571,97.8224486013776,171,29,0,0,362.59000000000003,67.0,0,0
5.52,8.571428571428571,97.8010229468283,171,29,0,0,348.28,63.99999999999999,0,0
5.53,8.571428571428571,97.78795286413272,171,29,0,0,333.96999999999997,60.99999999999999,0,0
5.53,8.571428571428571,97.77815421373056,171,29,0,0,319.65999999999997,57.99999999999999,0,0
5.53,8.571428571428571,97.7649567612353,171,29,0,0,305.34999999999997,54.99999999999999,0,0
5.53,8.571428571428571,97.74083699959439,171,29,0,0,291.03999999999996,51.99999999999999,0,0
5.53,8.571428571428571,97.72607497596525,171,29,0,0,276.7299999999999,48.99999999999998,0,0
5.53,8.571428571428571,97.70241177231266,171,29,0,0,262.4199999999999,45.99999999999997,0,0
5.53,8.571428571428571,97.68831907917658,171,29,0,0,248.10999999999984,42.99999999999997,0,0
5.53,8.571428571428571,97.67587351751087,171,29,0,0,233.79999999999984,39.99999999999997,0,0
5.53,8.571428571428571,97.654162094006,171,29,0,0,219.48999999999984,36.999999999999964,0,0
5.53,8.571428571428571,97.63949618467494,171,29,0,0,205.1799999999999,33.99999999999997,0,0
5.55,8.571428571428571,97.62688566316099,171,29,0,0,190.8699999999999,30.99999999999997,0,0
5.55,8.571428571428571,97.60657624698757,171,29,0,0,176.55999999999983,27.99999999999997,0,0
5.55,8.571428571428571,97.59191708969011,171,29,0,0,162.24999999999983,24.99999999999997,0,0
5.55,8.571428571428571,97.57844611280393,171,29,0,0,147.93999999999988,21.99999999999997,0,0
5.55,8.571428571428571,97.57566465589753,171,29,0,0,133.62999999999988,18.99999999999997,0,0
5.55,8.571428571428571,97.56185543541781,171,29,0,0,119.31999999999988,15.999999999999972,0,0
5.55,8.571428571428571,97.55801108713261,171,29,0,0,105.00999999999982,12.999999999999972,0,0
5.55,8.571428571428571,97.54399110441332,171,29,0,0,90.69999999999987,9.999999999999972,0,0
5.55,8.571428571428571,97.53193473127897,171,29,0,0,76.38999999999987,6.999999999999972,0,0
5.55,8.571428571428571,97.5263565833156,171,29,0,0,62.07999999999987,3.9999999999999716,0,0
5.57,8.571428571428571,97.51235395874542,171,29,0,0,47.76999999999987,0.9999999999999716,0,0
5.57,8.571428571428571,97.51022976290795,171,29,0,0,43,0.0,0,0
5.57,8.571428571428571,97.51321363908856,171,29,0,0,57.31,3.0,0,0
5.57,8.571428571428571,97.51040426230011,171,29,0,0,71.62,6.0,0,0
5.57,8.571428571428571,97.51660959490644,171,29,0,0,85.93,9.0,0,0
5.57,8.571428571428571,97.51315547835527,171,29,0,0,100.24000000000001,12.0,0,0
5.57,8.571428571428571,97.51512844358979,171,29,0,0,114.55000000000001,15.0,0,0
5.57,8.571428571428571,97.52452091479174,171,29,0,0,128.86,18.0,0,0
5.57,8.571428571428571,97.53803434401263,171,29,0,0,143.16999999999996,21.0,0,0
5.57,8.571428571428571,97.53729524576325,171,29,0,0,157.48000000000002,24.0,0,0
5.58,8.571428571428571,97.53715788919338,171,29,0,0,171.79000000000002,27.0,0,0
5.58,8.571428571428571,97.53550345972413,172,29,0,0,186.10000000000002,30.0,0,0
5.58,8.571428571428571,97.54990717344495,172,29,0,0,200.40999999999997,33.0,0,0
5.58,8.571428571428571,97.55396160304684,172,29,0,0,214.71999999999997,36.0,0,0
5.58,8.571428571428571,97.5659220148559,172,29,0,0,229.03000000000003,39.0,0,0
5.58,8.571428571428571,97.563094182133,172,29,0,0,243.34000000000003,42.00000000000001,0,0
5.58,8.571428571428571,97.57519452719966,172,29,0,0,257.65000000000003,45.00000000000001,0,0
5.58,8.571428571428571,97.57471872199329,172,29,0,0,271.96000000000004,48.00000000000001,0,0
5.58,8.571428571428571,97.59564899136903,172,29,0,0,286.27000000000004,51.00000000000001,0,0
5.60,8.571428571428571,97.60585554209426,172,29,0,0,300.58000000000004,54.00000000000001,0,0
5.60,8.571428571428571,97.64139768381975,172,29,0,0,314.89000000000004,57.000000000000014,0,0
5.60,8.571428571428571,97.64857128516032,172,29,0,0,329.20000000000005,60.00000000000001,0,0
5.60,8.571428571428571,97.6638729175179,172,29,0,0,343.51,63.0,0,0
5.60,8.571428571428571,97.6856662757175,172,29,0,0,357.82,66.0,0,0
5.60,8.571428571428571,97.71657877114286,172,29,0,0,372.13,69.0,0,0
5.60,8.571428571428571,97.73583081944905,172,29,0,0,386.44,72.0,0,0
5.60,8.571428571428571,97.75837513081352,172,29,0,0,400.75,75.0,0,0
5.60,8.571428571428571,97.76636891047495,172,29,0,0,415.06,78.0,0,0
5.60,8.571428571428571,97.78319033995466,172,29,0,0,429.37,81.0,0,0
5.62,8.571428571428571,97.8029033746296,172,29,0,0,443.68,84.0,0,0
5.62,8.571428571428571,97.81381771622416,172,29,0,0,457.99,87.0,0,0
5.62,8.571428571428571,97.82971537652622,172,29,0,0,472.3,90.0,0,0
5.62,8.571428571428571,97.84358268785982,172,29,0,0,486.61,93.0,0,0
5.62,8.571428571428571,97.85489034789339,172,29,0,0,500.92,96.0,0,0
5.62,8.571428571428571,97.8599013145738,172,29,0,0,515.23,99.0,0,0
5.62,8.571428571428571,97.88757628104652,172,29,0,0,520,100.0,0,0
5.62,8.571428571428571,97.8803846021727,172,29,0,0,505.69,97.0,0,0
5.62,8.571428571428571,97.86543389224451,172,29,0,0,491.38,94.0,0,0
5.62,8.571428571428571,97.85292294990185,172,29,0,0,477.07,91.0,0,0
5.63,8.571428571428571,97.83259164315625,172,29,0,0,462.76,88.0,0,0
5.63,8.571428571428571,97.82074408823199,172,29,0,0,448.45,85.0,0,0
5.63,8.571428571428571,97.81490084668137,173,29,0,0,434.14,82.0,0,0
5.63,8.571428571428571,97.80002841807409,173,29,0,0,419.83,79.0,0,0
5.63,8.571428571428571,97.79418996939248,173,29,0,0,405.52,76.0,0,0
5.63,8.571428571428571,97.78699504478953,173,29,0,0,391.21,73.0,0,0
5.63,8.571428571428571,97.7788443456168,173,29,0,0,376.9,70.0,0,0
5.63,8.571428571428571,97.76001659565709,173,29,0,0,362.59000000000003,67.0,0,0
5.63,8.571428571428571,97.74773011713219,173,29,0,0,348.28,63.99999999999999,0,0
5.63,8.571428571428571,97.73113003866968,173,29,0,0,333.96999999999997,60.99999999999999,0,0
5.65,8.571428571428571,97.72249646293315,173,29,0,0,319.65999999999997,57.99999999999999,0,0
5.65,8.571428571428571,97.71295347772976,173,29,0,0,305.34999999999997,54.99999999999999,0,0
5.65,8.571428571428571,97.69976900563795,173,29,0,0,291.03999999999996,51.99999999999999,0,0
5.65,8.571428571428571,97.68224351445232,173,29,0,0,276.7299999999999,48.99999999999998,0,0
5.65,8.571428571428571,97.66156502151887,173,29,0,0,262.4199999999999,45.99999999999997,0,0
5.65,8.571428571428571,97.64507173714101,173,29,0,0,248.10999999999984,42.99999999999997,0,0
5.65,8.571428571428571,97.62949925295007,173,29,0,0,233.79999999999984,39.99999999999997,0,0
5.65,8.571428571428571,97.61836771865832,173,29,0,0,219.48999999999984,36.999999999999964,0,0
5.65,8.571428571428571,97.59699119353542,173,29,0,0,205.1799999999999,33.99999999999997,0,0
5.65,8.571428571428571,97.5867224764548,173,29,0,0,190.8699999999999,30.99999999999997,0,0
5.67,8.571428571428571,97.56811743254096,173,29,0,0,176.55999999999983,27.99999999999997,0,0
5.67,8.571428571428571,97.56252949209834,173,29,0,0,162.24999999999983,24.99999999999997,0,0
5.67,8.571428571428571,97.53859057811508,173,29,0,0,147.93999999999988,21.99999999999997,0,0
5.67,8.571428571428571,97.52626194033317,173,29,0,0,133.62999999999988,18.99999999999997,0,0
5.67,8.571428571428571,97.50561780404607,173,29,0,0,119.31999999999988,15.999999999999972,0,0
5.67,8.571428571428571,97.49497962288223,173,29,0,0,105.00999999999982,12.999999999999972,0,0
5.67,8.571428571428571,97.48424931785864,173,29,0,0,90.69999999999987,9.999999999999972,0,0
5.67,8.571428571428571,97.4717153804529,173,29,0,0,76.38999999999987,6.999999999999972,0,0
5.67,8.571428571428571,97.45929252142965,173,29,0,0,62.07999999999987,3.9999999999999716,0,0
5.67,8.571428571428571,97.4492452167695,173,29,0,0,47.76999999999987,0.9999999999999716,0,0
5.68,8.571428571428571,97.44034392862937,173,29,0,0,43,0.0,0,0
5.68,8.571428571428571,97.43377033479022,173,29,0,0,57.31,3.0,0,0
5.68,8.571428571428571,97.4320635086873,173,29,0,0,71.62,6.0,0,0
5.68,8.571428571428571,97.44185857431417,173,29,0,0,85.93,9.0,0,0
5.68,8.571428571428571,97.43955441238627,173,29,0,0,100.24000000000001,12.0,0,0
5.68,8.571428571428571,97.45141269842821,173,29,0,0,114.55000000000001,15.0,0,0
5.68,8.571428571428571,97.45669512658914,173,29,0,0,128.86,18.0,0,0
5.68,8.571428571428571,97.46626433902492,173,29,0,0,143.16999999999996,21.0,0,0
5.68,8.571428571428571,97.47312056657029,173,29,0,0,157.48000000000002,24.0,0,0
5.68,8.571428571428571,97.46655784170603,173,29,0,0,171.79000000000002,27.0,0,0
5.70,8.571428571428571,97.48259024596837,173,29,0,0,186.10000000000002,30.0,0,0
5.70,8.571428571428571,97.50108209317246,173,29,0,0,200.40999999999997,33.0,0,0
5.70,8.571428571428571,97.500761574386,173,29,0,0,214.71999999999997,36.0,0,0
5.70,8.571428571428571,97.49805969113368,173,29,0,0,229.03000000000003,39.0,0,0
5.70,8.571428571428571,97.51465664240196,173,29,0,0,243.34000000000003,42.00000000000001,0,0
5.70,8.571428571428571,97.51911545807341,173,29,0,0,257.65000000000003,45.00000000000001,0,0
5.70,8.571428571428571,97.52058019896859,173,29,0,0,271.96000000000004,48.00000000000001,0,0
5.70,8.571428571428571,97.5403559655692,173,29,0,0,286.27000000000004,51.00000000000001,0,0
5.70,8.571428571428571,97.56190586967035,173,29,0,0,300.58000000000004,54.00000000000001,0,0
5.70,8.571428571428571,97.5722299737203,173,29,0,0,314.89000000000004,57.000000000000014,0,0
5.72,8.571428571428571,97.5836600995851,173,29,0,0,329.20000000000005,60.00000000000001,0,0
5.72,8.571428571428571,97.61085584487881,173,29,0,0,343.51,63.0,0,0
5.72,8.571428571428571,97.62319864539413,173,29,0,0,357.82,66.0,0,0
5.72,8.571428571428571,97.65537932134555,173,29,0,0,372.13,69.0,0,0
5.72,8.571428571428571,97.67551725707527,173,29,0,0,386.44,72.0,0,0
5.72,8.571428571428571,97.70157786400912,173,29,0,0,400.75,75.0,0,0
5.72,8.571428571428571,97.71187291278355,173,29,0,0,415.06,78.0,0,0
5.72,8.571428571428571,97.71852721103544,173,29,0,0,429.37,81.0,0,0
5.72,8.571428571428571,97.74402480016165,173,29,0,0,443.68,84.0,0,0
5.72,8.571428571428571,97.76240626886162,173,29,0,0,457.99,87.0,0,0
5.73,8.571428571428571,97.78539842009181,173,29,0,0,472.3,90.0,0,0
5.73,8.571428571428571,97.80547854167598,173,29,0,0,486.61,93.0,0,0
5.73,8.571428571428571,97.82441875772517,173,29,0,0,500.92,96.0,0,0
5.73,8.571428571428571,97.8350299092383,173,29,0,0,515.23,99.0,0,0
5.73,8.571428571428571,97.85946084009191,173,29,0,0,520,100.0,0,0
5.73,8.571428571428571,97.84469082255796,173,29,0,0,505.69,97.0,0,0
5.73,8.571428571428571,97.83960422282195,173,29,0,0,491.38,94.0,0,0
5.73,8.571428571428571,97.82457412668404,173,29,0,0,477.07,91.0,0,0
5.73,8.571428571428571,97.8109104665644,173,29,0,0,462.76,88.0,0,0
5.73,8.571428571428571,97.78932335664658,173,29,0,0,448.45,85.0,0,0
5.75,8.571428571428571,97.7763662459918,173,29,0,0,434.14,82.0,0,0
5.75,8.571428571428571,97.76626268106436,173,29,0,0,419.83,79.0,0,0
5.75,8.571428571428571,97.75314142118224,173,29,0,0,405.52,76.0,0,0
5.75,8.571428571428571,97.73462014493806,173,29,0,0,391.21,73.0,0,0
5.75,8.571428571428571,97.7164184986233,173,29,0,0,376.9,70.0,0,0
5.75,8.571428571428571,97.7013780596488,173,29,0,0,362.59000000000003,67.0,0,0
5.75,8.571428571428571,97.68422712903593,173,29,0,0,348.28,63.99999999999999,0,0
5.75,8.571428571428571,97.66985367730305,173,29,0,0,333.96999999999997,60.99999999999999,0,0
5.75,8.571428571428571,97.66528410862001,173,29,0,0,319.65999999999997,57.99999999999999,0,0
5.75,8.571428571428571,97.65117202443511,173,30,0,0,305.34999999999997,54.99999999999999,0,0
5.77,8.571428571428571,97.63555354803358,173,30,0,0,291.03999999999996,51.99999999999999,0,0
5.77,8.571428571428571,97.62447093625995,173,30,0,0,276.7299999999999,48.99999999999998,0,0
5.77,8.571428571428571,97.61028673236846,173,30,0,0,262.4199999999999,45.99999999999997,0,0
5.77,8.571428571428571,97.60280250391439,173,30,0,0,248.10999999999984,42.99999999999997,0,0
5.77,8.571428571428571,97.58785313603374,173,30,0,0,233.79999999999984,39.99999999999997,0,0
5.77,8.571428571428571,97.56368414226966,173,30,0,0,219.48999999999984,36.999999999999964,0,0
5.77,8.571428571428571,97.55087895435672,173,30,0,0,205.1799999999999,33.99999999999997,0,0
5.77,8.571428571428571,97.54557924646473,173,30,0,0,190.8699999999999,30.99999999999997,0,0
5.77,8.571428571428571,97.5327084489595,173,30,0,0,176.55999999999983,27.99999999999997,0,0
5.77,8.571428571428571,97.51963377948861,173,30,0,0,162.24999999999983,24.99999999999997,0,0
5.78,8.571428571428571,97.50395160537191,173,30,0,0,147.93999999999988,21.99999999999997,0,0
5.78,8.571428571428571,97.49163925551277,173,30,0,0,133.62999999999988,18.99999999999997,0,0
5.78,8.571428571428571,97.48454331618689,173,30,0,0,119.31999999999988,15.999999999999972,0,0
5.78,8.571428571428571,97.48176506391033,173,30,0,0,105.00999999999982,12.999999999999972,0,0
5.78,8.571428571428571,97.46775690528784,173,30,0,0,90.69999999999987,9.999999999999972,0,0
5.78,8.571428571428571,97.45193768954834,173,30,0,0,76.38999999999987,6.999999999999972,0,0
5.78,8.571428571428571,97.44842381276153,173,30,0,0,62.07999999999987,3.9999999999999716,0,0
5.78,8.571428571428571,97.43707288542184,173,30,0,0,47.76999999999987,0.9999999999999716,0,0
5.78,8.571428571428571,97.43127850901367,173,30,0,0,43,0.0,0,0
5.78,8.571428571428571,97.43872891109491,173,30,0,0,57.31,3.0,0,0
5.80,8.571428571428571,97.43660530942316,173,30,0,0,71.62,6.0,0,0
5.80,8.571428571428571,97.45513532859222,173,30,0,0,85.93,9.0,0,0
5.80,8.571428571428571,97.46914516692509,173,30,0,0,100.24000000000001,12.0,0,0
5.80,8.571428571428571,97.47357756221732,173,30,0,0,114.55000000000001,15.0,0,0
5.80,8.571428571428571,97.47712326851523,173,30,0,0,128.86,18.0,0,0
5.80,8.571428571428571,97.48527174376508,173,30,0,0,143.16999999999996,21.0,0,0
5.80,8.571428571428571,97.48087034514697,173,30,0,0,157.48000000000002,24.0,0,0
5.80,8.571428571428571,97.49029044180324,173,30,0,0,171.79000000000002,27.0,0,0
5.80,8.571428571428571,97.50018697097586,173,30,0,0,186.10000000000002,30.0,0,0
5.80,8.571428571428571,97.5044704995033,173,30,0,0,200.40999999999997,33.0,0,0
5.82,8.571428571428571,97.52305846401637,173,30,0,0,214.71999999999997,36.0,0,0
5.82,8.571428571428571,97.53083050463682,173,30,0,0,229.03000000000003,39.0,0,0
5.82,8.571428571428571,97.52976938683523,173,31,0,0,243.34000000000003,42.00000000000001,0,0
5.82,8.571428571428571,97.5456448953197,173,31,0,0,257.65000000000003,45.00000000000001,0,0
5.82,8.571428571428571,97.555432717987,173,31,0,0,271.96000000000004,48.00000000000001,0,0
5.82,8.571428571428571,97.55676547535752,173,31,0,0,286.27000000000004,51.00000000000001,0,0
5.82,8.571428571428571,97.57283981888615,173,31,0,0,300.58000000000004,54.00000000000001,0,0
5.82,8.571428571428571,97.58682601770934,173,32,0,0,314.89000000000004,57.000000000000014,0,0
5.82,8.571428571428571,97.6125449581708,173,32,0,0,329.20000000000005,60.00000000000001,0,0
5.82,8.571428571428571,97.61673791551212,173,32,0,0,343.51,63.0,0,0
5.83,8.571428571428571,97.63777086668655,173,32,0,0,357.82,66.0,0,0
5.83,8.571428571428571,97.66482186088676,173,32,0,0,372.13,69.0,0,0
5.83,8.571428571428571,97.69640856415778,173,32,0,0,386.44,72.0,0,0
5.83,8.571428571428571,97.72212624150504,173,32,0,0,400.75,75.0,0,0
5.83,8.571428571428571,97.75106348159272,173,32,0,0,415.06,78.0,0,0
5.83,8.571428571428571,97.7644185545553,173,32,0,0,429.37,81.0,0,0
5.83,8.571428571428571,97.79014964449817,173,32,0,0,443.68,84.0,0,0
5.83,8.571428571428571,97.81850234505389,173,32,0,0,457.99,87.0,0,0
5.83,8.571428571428571,97.84120374416405,173,32,0,0,472.3,90.0,0,0
5.83,8.571428571428571,97.85219073172294,173,32,0,0,486.61,93.0,0,0
5.85,8.571428571428571,97.86892825325997,173,32,0,0,500.92,96.0,0,0
5.85,8.571428571428571,97.87687190316102,173,32,0,0,515.23,99.0,0,0
5.85,8.571428571428571,97.90110881455061,173,32,0,0,520,100.0,0,0
5.85,8.571428571428571,97.894509010559,173,32,0,0,505.69,97.0,0,0
5.85,8.571428571428571,97.88255979052109,173,32,0,0,491.38,94.0,0,0
5.85,8.571428571428571,97.86762020969816,173,32,0,0,477.07,91.0,0,0
5.85,8.571428571428571,97.86053553800132,173,32,0,0,462.76,88.0,0,0
5.85,8.571428571428571,97.84133266199889,173,32,0,0,448.45,85.0,0,0
5.85,8.571428571428571,97.83164996269916,173,32,0,0,434.14,82.0,0,0
5.85,8.571428571428571,97.82281687129873,173,32,0,0,419.83,79.0,0,0
5.87,8.571428571428571,97.8023544077217,173,32,0,0,405.52,76.0,0,0
5.87,8.571428571428571,97.79719353326902,173,32,0,0,391.21,73.0,0,0
5.87,8.571428571428571,97.78361879464458,173,32,0,0,376.9,70.0,0,0
5.87,8.571428571428571,97.77340021015148,173,32,0,0,362.59000000000003,67.0,0,0
5.87,8.571428571428571,97.76312696372914,173,32,0,0,348.28,63.99999999999999,0,0
5.87,8.571428571428571,97.74245170058575,173,32,0,0,333.96999999999997,60.99999999999999,0,0
5.87,8.571428571428571,97.72680618095046,173,32,0,0,319.65999999999997,57.99999999999999,0,0
5.87,8.571428571428571,97.7224103796619,173,32,0,0,305.34999999999997,54.99999999999999,0,0
5.87,8.571428571428571,97.70689352979873,173,32,0,0,291.03999999999996,51.99999999999999,0,0
5.87,8.571428571428571,97.70164179071153,173,32,0,0,276.7299999999999,48.99999999999998,0,0
5.88,8.571428571428571,97.69483130638852,173,32,0,0,262.4199999999999,45.99999999999997,0,0
5.88,8.571428571428571,97.67626832668427,173,32,0,0,248.10999999999984,42.99999999999997,0,0
5.88,8.571428571428571,97.66381013377284,173,32,0,0,233.79999999999984,39.99999999999997,0,0
5.88,8.571428571428571,97.66173888266205,173,32,0,0,219.48999999999984,36.999999999999964,0,0
5.88,8.571428571428571,97.64541585224651,173,32,0,0,205.1799999999999,33.99999999999997,0,0
5.88,8.571428571428571,97.63036625735245,173,32,0,0,190.8699999999999,30.99999999999997,0,0
5.88,8.571428571428571,97.62690541109296,173,32,0,0,176.55999999999983,27.99999999999997,0,0
5.88,8.571428571428571,97.60898346532504,173,32,0,0,162.24999999999983,24.99999999999997,0,0
5.88,8.571428571428571,97.60354541101461,173,32,0,0,147.93999999999988,21.99999999999997,0,0
5.88,8.571428571428571,97.58615787473985,173,32,0,0,133.62999999999988,18.99999999999997,0,0
5.90,8.571428571428571,97.5744188245471,173,32,0,0,119.31999999999988,15.999999999999972,0,0
5.90,8.571428571428571,97.55758367181333,173,32,0,0,105.00999999999982,12.999999999999972,0,0
5.90,8.571428571428571,97.54673978549314,173,32,0,0,90.69999999999987,9.999999999999972,0,0
5.90,8.571428571428571,97.53290160721764,173,32,0,0,76.38999999999987,6.999999999999972,0,0
5.90,8.571428571428571,97.51722522691857,173,32,0,0,62.07999999999987,3.9999999999999716,0,0
5.90,8.571428571428571,97.51473287033724,173,32,0,0,47.76999999999987,0.9999999999999716,0,0
5.90,8.571428571428571,97.49971252473297,173,32,0,0,43,0.0,0,0
5.90,8.571428571428571,97.50818073885699,173,32,0,0,57.31,3.0,0,0
5.90,8.571428571428571,97.52356192782783,173,32,0,0,71.62,6.0,0,0
5.90,8.571428571428571,97.53017973494289,173,32,0,0,85.93,9.0,0,0
5.92,8.571428571428571,97.53291790761118,173,32,0,0,100.24000000000001,12.0,0,0
5.92,8.571428571428571,97.5435477557692,173,32,0,0,114.55000000000001,15.0,0,0
5.92,8.571428571428571,97.55982779025474,173,32,0,0,128.86,18.0,0,0
5.92,8.571428571428571,97.5731785014791,173,32,0,0,143.16999999999996,21.0,0,0
5.92,8.571428571428571,97.5872368860373,173,32,0,0,157.48000000000002,24.0,0,0
5.92,8.571428571428571,97.59704174114962,173,32,0,0,171.79000000000002,27.0,0,0
5.92,8.571428571428571,97.61090581673932,173,32,0,0,186.10000000000002,30.0,0,0
5.92,8.571428571428571,97.6218897215816,173,32,0,0,200.40999999999997,33.0,0,0
5.92,8.571428571428571,97.62412532711211,173,32,0,0,214.71999999999997,36.0,0,0
5.92,8.571428571428571,97.63926486719832,173,32,0,0,229.03000000000003,39.0,0,0
5.93,8.571428571428571,97.64019689414314,173,32,0,0,243.34000000000003,42.00000000000001,0,0
5.93,8.571428571428571,97.64300924535488,173,32,0,0,257.65000000000003,45.00000000000001,0,0
5.93,8.571428571428571,97.64064993893385,173,32,0,0,271.96000000000004,48.00000000000001,0,0
5.93,8.571428571428571,97.66828821013381,173,32,0,0,286.27000000000004,51.00000000000001,0,0
5.93,8.571428571428571,97.68334730433746,173,32,0,0,300.58000000000004,54.00000000000001,0,0
5.93,8.571428571428571,97.69755511024869,173,32,0,0,314.89000000000004,57.000000000000014,0,0
5.93,8.571428571428571,97.71681862633798,174,32,0,0,329.20000000000005,60.00000000000001,0,0
5.93,8.571428571428571,97.7343335949676,174,32,0,0,343.51,63.0,0,0
5.93,8.571428571428571,97.74758423091845,174,32,0,0,357.82,66.0,0,0
5.93,8.571428571428571,97.75193416724146,174,32,0,0,372.13,69.0,0,0
5.95,8.571428571428571,97.76934847911407,174,32,0,0,386.44,72.0,0,0
5.95,8.571428571428571,97.79199184064419,174,32,0,0,400.75,75.0,0,0
5.95,8.571428571428571,97.81276962988555,174,32,0,0,415.06,78.0,0,0
5.95,8.571428571428571,97.8333329800354,174,32,0,0,429.37,81.0,0,0
5.95,8.571428571428571,97.84960924016242,174,32,0,0,443.68,84.0,0,0
5.95,8.571428571428571,97.85653890278425,175,32,0,0,457.99,87.0,0,0
5.95,8.571428571428571,97.86323145844288,175,32,0,0,472.3,90.0,0,0
5.95,8.571428571428571,97.87196513202367,175,32,0,0,486.61,93.0,0,0
5.95,8.571428571428571,97.8801403749643,175,32,0,0,500.92,96.0,0,0
5.95,8.571428571428571,97.8895178295126,175,32,0,0,515.23,99.0,0,0
5.97,8.571428571428571,97.9033352929979,175,32,0,0,520,100.0,0,0
5.97,8.571428571428571,97.87942919522901,175,32,0,0,505.69,97.0,0,0
5.97,8.571428571428571,97.8691480422945,175,32,0,0,491.38,94.0,0,0
5.97,8.571428571428571,97.86243998014899,175,32,0,0,477.07,91.0,0,0
5.97,8.571428571428571,97.85467503079845,175,32,0,0,462.76,88.0,0,0
5.97,8.571428571428571,97.85042080774197,175,32,0,0,448.45,85.0,0,0
5.97,8.571428571428571,97.84530550380273,175,32,0,0,434.14,82.0,0,0
5.97,8.571428571428571,97.83586809168965,175,32,0,0,419.83,79.0,0,0
5.97,8.571428571428571,97.83004427730955,175,32,0,0,405.52,76.0,0,0
5.98,8.571428571428571,97.81870354667213,175,32,0,0,391.21,73.0,0,0
5.98,8.571428571428571,97.81046972963756,175,32,0,0,376.9,70.0,0,0
5.98,8.571428571428571,97.79190296607605,175,32,0,0,362.59000000000003,67.0,0,0
5.98,8.571428571428571,97.78006644091829,175,32,0,0,348.28,63.99999999999999,0,0
5.98,8.571428571428571,97.76782594532324,175,32,0,0,333.96999999999997,60.99999999999999,0,0
5.98,8.571428571428571,97.74395093517748,175,32,0,0,319.65999999999997,57.99999999999999,0,0
5.98,8.571428571428571,97.740742372556,175,32,0,0,305.34999999999997,54.99999999999999,0,0
5.98,8.571428571428571,97.73112488881951,175,32,0,0,291.03999999999996,51.99999999999999,0,0
5.98,8.571428571428571,97.71715913660103,175,32,0,0,276.7299999999999,48.99999999999998,0,0
5.98,8.571428571428571,97.7135509169654,175,32,0,0,262.4199999999999,45.99999999999997,0,0
6.00,8.571428571428571,97.70595795278031,175,32,0,0,248.10999999999984,42.99999999999997,0,0
6.00,8.571428571428571,97.70158539156768,175,32,0,0,233.79999999999984,39.99999999999997,0,0
6.00,8.571428571428571,97.68699389127755,175,32,0,0,219.48999999999984,36.999999999999964,0,0
6.00,8.571428571428571,97.67240896052768,175,32,0,0,205.1799999999999,33.99999999999997,0,0
6.00,8.571428571428571,97.66909218039095,175,32,0,0,190.8699999999999,30.99999999999997,0,0
6.00,8.571428571428571,97.65583561973004,175,32,0,0,176.55999999999983,27.99999999999997,0,0
6.00,8.571428571428571,97.64517366426007,175,32,0,0,162.24999999999983,24.99999999999997,0,0
6.00,8.571428571428571,97.63217452131042,175,32,0,0,147.93999999999988,21.99999999999997,0,0
6.00,8.571428571428571,97.62639553349375,175,32,0,0,133.62999999999988,18.99999999999997,0,0
6.00,8.571428571428571,97.61326331371129,175,32,0,0,119.31999999999988,15.999999999999972,0,0
6.02,8.571428571428571,97.59608958336264,175,32,0,0,105.00999999999982,12.999999999999972,0,0
6.02,8.571428571428571,97.58529239419441,175,32,0,0,90.69999999999987,9.999999999999972,0,0
6.02,8.571428571428571,97.56699620339285,175,32,0,0,76.38999999999987,6.999999999999972,0,0
6.02,8.571428571428571,97.55219389159832,175,32,0,0,62.07999999999987,3.9999999999999716,0,0
6.02,8.571428571428571,97.53583311894312,176,32,0,0,47.76999999999987,0.9999999999999716,0,0
6.02,8.571428571428571,97.52196484021411,176,32,0,0,43,0.0,0,0
6.02,8.571428571428571,97.52466766608178,176,32,0,0,57.31,3.0,0,0
6.02,8.571428571428571,97.53220371181511,176,32,0,0,71.62,6.0,0,0
6.02,8.571428571428571,97.52414699683806,176,32,0,0,85.93,9.0,0,0
6.02,8.571428571428571,97.54182590391167,176,32,0,0,100.24000000000001,12.0,0,0
6.03,8.571428571428571,97.53635772242356,176,32,0,0,114.55000000000001,15.0,0,0
6.03,8.571428571428571,97.54663024262354,176,32,0,0,128.86,18.0,0,0
6.03,8.571428571428571,97.55801283348306,176,32,0,0,143.16999999999996,21.0,0,0
6.03,8.571428571428571,97.56145038018035,176,32,0,0,157.48000000000002,24.0,0,0
6.03,8.571428571428571,97.55440599833452,176,32,0,0,171.79000000000002,27.0,0,0
6.03,8.571428571428571,97.55531788247717,176,32,0,0,186.10000000000002,30.0,0,0
6.03,8.571428571428571,97.56296727843778,176,32,0,0,200.40999999999997,33.0,0,0
6.03,8.571428571428571,97.57008613502188,176,32,0,0,214.71999999999997,36.0,0,0
6.03,8.571428571428571,97.57763899406031,176,32,0,0,229.03000000000003,39.0,0,0
6.03,8.571428571428571,97.58184989647238,176,32,0,0,243.34000000000003,42.00000000000001,0,0
6.05,8.571428571428571,97.5862048164405,176,32,0,0,257.65000000000003,45.00000000000001,0,0
6.05,8.571428571428571,97.58006749525049,176,32,0,0,271.96000000000004,48.00000000000001,0,0
6.05,8.571428571428571,97.59336112971636,176,32,0,0,286.27000000000004,51.00000000000001,0,0
6.05,8.571428571428571,97.60319708873807,176,32,0,0,300.58000000000004,54.00000000000001,0,0
6.05,8.571428571428571,97.63223743466806,176,32,0,0,314.89000000000004,57.000000000000014,0,0
6.05,8.571428571428571,97.66047226027149,176,32,0,0,329.20000000000005,60.00000000000001,0,0
6.05,8.571428571428571,97.67837318231065,176,32,0,0,343.51,63.0,0,0
6.05,8.571428571428571,97.69083555234741,176,32,0,0,357.82,66.0,0,0
6.05,8.571428571428571,97.7137253825266,176,32,0,0,372.13,69.0,0,0
6.05,8.571428571428571,97.73913537291179,176,32,0,0,386.44,72.0,0,0
6.07,8.571428571428571,97.75122776600693,176,32,0,0,400.75,75.0,0,0
6.07,8.571428571428571,97.76703769998294,176,33,0,0,415.06,78.0,0,0
6.07,8.571428571428571,97.79161160475363,176,33,0,0,429.37,81.0,0,0
6.07,8.571428571428571,97.81241818381368,176,33,0,0,443.68,84.0,0,0
6.07,8.571428571428571,97.8248669233773,176,33,0,0,457.99,87.0,0,0
6.07,8.571428571428571,97.83242132660077,176,34,0,0,472.3,90.0,0,0
6.07,8.571428571428571,97.84728796647296,176,34,0,0,486.61,93.0,0,0
6.07,8.571428571428571,97.8629829854943,176,34,0,0,500.92,96.0,0,0
6.07,8.571428571428571,97.87104795445389,176,34,0,0,515.23,99.0,0,0
6.07,8.571428571428571,97.88207956034361,177,34,0,0,520,100.0,0,0
6.08,8.571428571428571,97.86508118724154,177,34,0,0,505.69,97.0,0,0
6.08,8.571428571428571,97.85455208649337,177,34,0,0,491.38,94.0,0,0
6.08,8.571428571428571,97.84359968199762,177,34,0,0,477.07,91.0,0,0
6.08,8.571428571428571,97.83730004120861,177,34,0,0,462.76,88.0,0,0
6.08,8.571428571428571,97.81901803714321,177,34,0,0,448.45,85.0,0,0
6.08,8.571428571428571,97.80809547003939,177,34,0,0,434.14,82.0,0,0
6.08,8.571428571428571,97.79544523198487,177,34,0,0,419.83,79.0,0,0
6.08,8.571428571428571,97.78278657163308,177,34,0,0,405.52,76.0,0,0
6.08,8.571428571428571,97.76707828739598,177,34,0,0,391.21,73.0,0,0
6.08,8.571428571428571,97.74607137876224,177,34,0,0,376.9,70.0,0,0
6.10,8.571428571428571,97.72609683153547,177,34,0,0,362.59000000000003,67.0,0,0
6.10,8.571428571428571,97.71871269828645,177,34,0,0,348.28,63.99999999999999,0,0
6.10,8.571428571428571,97.71104667988384,177,34,0,0,333.96999999999997,60.99999999999999,0,0
6.10,8.571428571428571,97.71071572439693,177,34,0,0,319.65999999999997,57.99999999999999,0,0
6.10,8.571428571428571,97.6938439909148,177,34,0,0,305.34999999999997,54.99999999999999,0,0
6.10,8.571428571428571,97.68638665350534,177,34,0,0,291.03999999999996,51.99999999999999,0,0
6.10,8.571428571428571,97.67519285528807,177,34,0,0,276.7299999999999,48.99999999999998,0,0
6.10,8.571428571428571,97.65734161504102,177,34,0,0,262.4199999999999,45.99999999999997,0,0
6.10,8.571428571428571,97.64445970821218,177,34,0,0,248.10999999999984,42.99999999999997,0,0
6.10,8.571428571428571,97.62146542057219,177,34,0,0,233.79999999999984,39.99999999999997,0,0
6.12,8.571428571428571,97.60986332074233,177,34,0,0,219.48999999999984,36.999999999999964,0,0
6.12,8.571428571428571,97.59904073825854,177,34,0,0,205.1799999999999,33.99999999999997,0,0
6.12,8.571428571428571,97.57824454127653,177,34,0,0,190.8699999999999,30.99999999999997,0,0
6.12,8.571428571428571,97.57174275581818,178,34,0,0,176.55999999999983,27.99999999999997,0,0
6.12,8.571428571428571,97.55321556394912,178,34,0,0,162.24999999999983,24.99999999999997,0,0
6.12,8.571428571428571,97.54837497407284,178,34,0,0,147.93999999999988,21.99999999999997,0,0
6.12,8.571428571428571,97.53845674030033,178,34,0,0,133.62999999999988,18.99999999999997,0,0
6.12,8.571428571428571,97.52468124649555,178,34,0,0,119.31999999999988,15.999999999999972,0,0
6.12,8.571428571428571,97.51762429742466,178,34,0,0,105.00999999999982,12.999999999999972,0,0
6.12,8.571428571428571,97.50677352138135,179,34,0,0,90.69999999999987,9.999999999999972,0,0
6.13,8.571428571428571,97.4919434841423,179,34,0,0,76.38999999999987,6.999999999999972,0,0
6.13,8.571428571428571,97.47778227261657,179,34,0,0,62.07999999999987,3.9999999999999716,0,0
6.13,8.571428571428571,97.46468672279165,179,34,0,0,47.76999999999987,0.9999999999999716,0,0
6.13,8.571428571428571,97.45645749566454,179,34,0,0,43,0.0,0,0
6.13,8.571428571428571,97.45671783926926,179,34,0,0,57.31,3.0,0,0
6.13,8.571428571428571,97.4736493834858,179,34,0,0,71.62,6.0,0,0
6.13,8.571428571428571,97.48081689399748,179,34,0,0,85.93,9.0,0,0
6.13,8.571428571428571,97.49010853747865,179,34,0,0,100.24000000000001,12.0,0,0
6.13,8.571428571428571,97.48746597265215,179,34,0,0,114.55000000000001,15.0,0,0
6.13,8.571428571428571,97.50356411592949,179,34,0,0,128.86,18.0,0,0
6.15,8.571428571428571,97.50239827145943,179,34,0,0,143.16999999999996,21.0,0,0
6.15,8.571428571428571,97.51091803771098,179,34,0,0,157.48000000000002,24.0,0,0
6.15,8.571428571428571,97.50561147351839,179,34,0,0,171.79000000000002,27.0,0,0
6.15,8.571428571428571,97.50519930990436,179,34,0,0,186.10000000000002,30.0,0,0
6.15,8.571428571428571,97.51312795626656,179,34,0,0,200.40999999999997,33.0,0,0
6.15,8.571428571428571,97.51334198793745,179,34,0,0,214.71999999999997,36.0,0,0
6.15,8.571428571428571,97.52077335179725,179,34,0,0,229.03000000000003,39.0,0,0
6.15,8.571428571428571,97.52530840695582,179,34,0,0,243.34000000000003,42.00000000000001,0,0
6.15,8.571428571428571,97.53113371581823,179,34,0,0,257.65000000000003,45.00000000000001,0,0
6.15,8.571428571428571,97.54326073853757,179,34,0,0,271.96000000000004,48.00000000000001,0,0
6.17,8.571428571428571,97.56722429363688,179,34,0,0,286.27000000000004,51.00000000000001,0,0
6.17,8.571428571428571,97.59711716503732,179,34,0,0,300.58000000000004,54.00000000000001,0,0
6.17,8.571428571428571,97.62320881990858,179,34,0,0,314.89000000000004,57.000000000000014,0,0
6.17,8.571428571428571,97.64505548668646,179,34,0,0,329.20000000000005,60.00000000000001,0,0
6.17,8.571428571428571,97.65485795302965,179,34,0,0,343.51,63.0,0,0
6.17,8.571428571428571,97.6705014381058,179,34,0,0,357.82,66.0,0,0
6.17,8.571428571428571,97.6964855900369,179,34,0,0,372.13,69.0,0,0
6.17,8.571428571428571,97.71158504276454,179,34,0,0,386.44,72.0,0,0
6.17,8.571428571428571,97.7285894892112,179,34,0,0,400.75,75.0,0,0
6.17,8.571428571428571,97.74342557414619,179,34,0,0,415.06,78.0,0,0
6.18,8.571428571428571,97.7680173844621,179,34,0,0,429.37,81.0,0,0
6.18,8.571428571428571,97.7916653036101,179,34,0,0,443.68,84.0,0,0
6.18,8.571428571428571,97.81352703570758,179,34,0,0,457.99,87.0,0,0
6.18,8.571428571428571,97.83740247641572,179,34,0,0,472.3,90.0,0,0
6.18,8.571428571428571,97.85938958420724,179,34,0,0,486.61,93.0,0,0
6.18,8.571428571428571,97.87090998155685,179,34,0,0,500.92,96.0,0,0
6.18,8.571428571428571,97.88739702228953,179,34,0,0,515.23,99.0,0,0
6.18,8.571428571428571,97.90308394976385,179,34,0,0,520,100.0,0,0
6.18,8.571428571428571,97.89527850078558,179,34,0,0,505.69,97.0,0,0
6.18,8.571428571428571,97.87810554175933,179,34,0,0,491.38,94.0,0,0
6.20,8.571428571428571,97.86783307241407,179,34,0,0,477.07,91.0,0,0
6.20,8.571428571428571,97.8608427074747,179,34,0,0,462.76,88.0,0,0
6.20,8.571428571428571,97.85037838560315,179,34,0,0,448.45,85.0,0,0
6.20,8.571428571428571,97.84422734649932,179,34,0,0,434.14,82.0,0,0
6.20,8.571428571428571,97.83214488040734,179,34,0,0,419.83,79.0,0,0
6.20,8.571428571428571,97.81960238650795,179,34,0,0,405.52,76.0,0,0
6.20,8.571428571428571,97.80341792166664,179,34,0,0,391.21,73.0,0,0
6.20,8.571428571428571,97.78413272672412,179,34,0,0,376.9,70.0,0,0
6.20,8.571428571428571,97.76906557362115,179,34,0,0,362.59000000000003,67.0,0,0
6.20,8.571428571428571,97.755798152657,179,34,0,0,348.28,63.99999999999999,0,0
6.22,8.571428571428571,97.74791576770761,179,34,0,0,333.96999999999997,60.99999999999999,0,0
6.22,8.571428571428571,97.74027512277218,179,34,0,0,319.65999999999997,57.99999999999999,0,0
6.22,8.571428571428571,97.72370855259601,179,34,0,0,305.34999999999997,54.99999999999999,0,0
6.22,8.571428571428571,97.71950419466307,179,34,0,0,291.03999999999996,51.99999999999999,0,0
6.22,8.571428571428571,97.70840017233338,179,34,0,0,276.7299999999999,48.99999999999998,0,0
6.22,8.571428571428571,97.69594951411008,179,34,0,0,262.4199999999999,45.99999999999997,0,0
6.22,8.571428571428571,97.68103843724117,179,34,0,0,248.10999999999984,42.99999999999997,0,0
6.22,8.571428571428571,97.6705469810481,179,34,0,0,233.79999999999984,39.99999999999997,0,0
6.22,8.571428571428571,97.66192581596468,179,34,0,0,219.48999999999984,36.999999999999964,0,0
6.22,8.571428571428571,97.65290312888501,179,34,0,0,205.1799999999999,33.99999999999997,0,0
6.23,8.571428571428571,97.63746949989235,179,34,0,0,190.8699999999999,30.99999999999997,0,0
6.23,8.571428571428571,97.62073476177136,179,34,0,0,176.55999999999983,27.99999999999997,0,0
6.23,8.571428571428571,97.61555082618315,179,34,0,0,162.24999999999983,24.99999999999997,0,0
6.23,8.571428571428571,97.60804173267736,179,34,0,0,147.93999999999988,21.99999999999997,0,0
6.23,8.571428571428571,97.59238782786295,179,34,0,0,133.62999999999988,18.99999999999997,0,0
6.23,8.571428571428571,97.58250740556613,179,34,0,0,119.31999999999988,15.999999999999972,0,0
6.23,8.571428571428571,97.5741436943509,179,34,0,0,105.00999999999982,12.999999999999972,0,0
6.23,8.571428571428571,97.56527052077405,179,34,0,0,90.69999999999987,9.999999999999972,0,0
6.23,8.571428571428571,97.55352717488496,179,34,0,0,76.38999999999987,6.999999999999972,0,0
6.23,8.571428571428571,97.54903988559136,179,34,0,0,62.07999999999987,3.9999999999999716,0,0
6.25,8.571428571428571,97.53506997125041,179,34,0,0,47.76999999999987,0.9999999999999716,0,0
6.25,8.571428571428571,97.52414719380344,179,34,0,0,43,0.0,0,0
6.25,8.571428571428571,97.53859354432755,179,34,0,0,57.31,3.0,0,0
6.25,8.571428571428571,97.55012777805109,179,34,0,0,71.62,6.0,0,0
6.25,8.571428571428571,97.55764837806956,179,34,0,0,85.93,9.0,0,0
6.25,8.571428571428571,97.56039626015014,179,34,0,0,100.24000000000001,12.0,0,0
6.25,8.571428571428571,97.56882221172604,179,34,0,0,114.55000000000001,15.0,0,0
6.25,8.571428571428571,97.57114317017195,179,34,0,0,128.86,18.0,0,0
6.25,8.571428571428571,97.56873229196549,179,34,0,0,143.16999999999996,21.0,0,0
6.25,8.571428571428571,97.57299486123388,179,34,0,0,157.48000000000002,24.0,0,0
6.27,8.571428571428571,97.57769519478461,179,34,0,0,171.79000000000002,27.0,0,0
6.27,8.571428571428571,97.56920484468905,179,34,0,0,186.10000000000002,30.0,0,0
6.27,8.571428571428571,97.57258737486507,179,34,0,0,200.40999999999997,33.0,0,0
6.27,8.571428571428571,97.58661899137742,179,34,0,0,214.71999999999997,36.0,0,0
6.27,8.571428571428571,97.58719449504419,179,34,0,0,229.03000000000003,39.0,0,0
6.27,8.571428571428571,97.59628920404829,179,34,0,0,243.34000000000003,42.00000000000001,0,0
6.27,8.571428571428571,97.59836094774009,179,34,0,0,257.65000000000003,45.00000000000001,0,0
6.27,8.571428571428571,97.59082619235802,179,34,0,0,271.96000000000004,48.00000000000001,0,0
6.27,8.571428571428571,97.60917323862824,179,34,0,0,286.27000000000004,51.00000000000001,0,0
6.27,8.571428571428571,97.6241540210785,179,34,0,0,300.58000000000004,54.00000000000001,0,0
6.28,8.571428571428571,97.64378514858065,179,34,0,0,314.89000000000004,57.000000000000014,0,0
6.28,8.571428571428571,97.66618133196201,179,34,0,0,329.20000000000005,60.00000000000001,0,0
6.28,8.571428571428571,97.67157992143044,179,34,0,0,343.51,63.0,0,0
6.28,8.571428571428571,97.6799307901112,179,34,0,0,357.82,66.0,0,0
6.28,8.571428571428571,97.69767484398645,179,34,0,0,372.13,69.0,0,0
6.28,8.571428571428571,97.7253285893742,179,34,0,0,386.44,72.0,0,0
6.28,8.571428571428571,97.75641448808733,179,34,0,0,400.75,75.0,0,0
6.28,8.571428571428571,97.77995331757249,179,34,0,0,415.06,78.0,0,0
6.28,8.571428571428571,97.79273370791523,179,34,0,0,429.37,81.0,0,0
6.28,8.571428571428571,97.80746038278222,179,34,0,0,443.68,84.0,0,0
6.30,8.571428571428571,97.81353231044164,179,34,0,0,457.99,87.0,0,0
6.30,8.571428571428571,97.82787041189651,179,34,0,0,472.3,90.0,0,0
6.30,8.571428571428571,97.84574211100272,179,34,0,0,486.61,93.0,0,0
6.30,8.571428571428571,97.85637725843787,179,34,0,0,500.92,96.0,0,0
6.30,8.571428571428571,97.86635274329377,179,34,0,0,515.23,99.0,0,0
6.30,8.571428571428571,97.88536226400558,179,34,0,0,520,100.0,0,0
6.30,8.571428571428571,97.87537253005083,179,34,0,0,505.69,97.0,0,0
6.30,8.571428571428571,97.86412387301264,179,34,0,0,491.38,94.0,0,0
6.30,8.571428571428571,97.85067637124094,179,34,0,0,477.07,91.0,0,0
6.30,8.571428571428571,97.8398876386997,179,34,0,0,462.76,88.0,0,0
6.32,8.571428571428571,97.82946001703573,179,34,0,0,448.45,85.0,0,0
6.32,8.571428571428571,97.81677485279353,179,34,0,0,434.14,82.0,0,0
6.32,8.571428571428571,97.80328536065011,179,34,0,0,419.83,79.0,0,0
6.32,8.571428571428571,97.78410997526387,180,34,0,0,405.52,76.0,0,0
6.32,8.571428571428571,97.77910898098735,180,34,0,0,391.21,73.0,0,0
6.32,8.571428571428571,97.76507439556087,181,34,0,0,376.9,70.0,0,0
6.32,8.571428571428571,97.75884191215546,181,34,0,0,362.59000000000003,67.0,0,0
6.32,8.571428571428571,97.74943837521892,181,34,0,0,348.28,63.99999999999999,0,0
6.32,8.571428571428571,97.7357562006103,181,34,0,0,333.96999999999997,60.99999999999999,0,0
6.32,8.571428571428571,97.7222732239124,181,34,0,0,319.65999999999997,57.99999999999999,0,0
6.33,8.571428571428571,97.71002483208086,181,34,0,0,305.34999999999997,54.99999999999999,0,0
6.33,8.571428571428571,97.69287396329918,181,34,0,0,291.03999999999996,51.99999999999999,0,0
6.33,8.571428571428571,97.68266091115461,181,34,0,0,276.7299999999999,48.99999999999998,0,0
6.33,8.571428571428571,97.6742639472208,181,34,0,0,262.4199999999999,45.99999999999997,0,0
6.33,8.571428571428571,97.66466688725738,181,34,0,0,248.10999999999984,42.99999999999997,0,0
6.33,8.571428571428571,97.65900741260326,181,34,0,0,233.79999999999984,39.99999999999997,0,0
6.33,8.571428571428571,97.64752613775103,181,34,0,0,219.48999999999984,36.999999999999964,0,0
6.33,8.571428571428571,97.63505261195368,181,34,0,0,205.1799999999999,33.99999999999997,0,0
6.33,8.571428571428571,97.63240597410025,181,34,0,0,190.8699999999999,30.99999999999997,0,0
6.33,8.571428571428571,97.613662895887,181,34,0,0,176.55999999999983,27.99999999999997,0,0
6.35,8.571428571428571,97.60230513735958,181,34,0,0,162.24999999999983,24.99999999999997,0,0
6.35,8.571428571428571,97.59210971606306,181,34,0,0,147.93999999999988,21.99999999999997,0,0
6.35,8.571428571428571,97.58087868927248,181,34,0,0,133.62999999999988,18.99999999999997,0,0
6.35,8.571428571428571,97.5613642879804,181,34,0,0,119.31999999999988,15.999999999999972,0,0
6.35,8.571428571428571,97.55510426872462,181,34,0,0,105.00999999999982,12.999999999999972,0,0
6.35,8.571428571428571,97.55100547862395,181,34,0,0,90.69999999999987,9.999999999999972,0,0
6.35,8.571428571428571,97.53477073262995,181,34,0,0,76.38999999999987,6.999999999999972,0,0
6.35,8.571428571428571,97.5254787781683,181,34,0,0,62.07999999999987,3.9999999999999716,0,0
6.35,8.571428571428571,97.51329410517695,181,34,0,0,47.76999999999987,0.9999999999999716,0,0
6.35,8.571428571428571,97.5035011829091,181,34,0,0,43,0.0,0,0
6.37,8.571428571428571,97.51884535017292,181,34,0,0,57.31,3.0,0,0
6.37,8.571428571428571,97.52251436670083,181,34,0,0,71.62,6.0,0,0
6.37,8.571428571428571,97.53567908318088,181,34,0,0,85.93,9.0,0,0
6.37,8.571428571428571,97.53952104250689,182,34,0,0,100.24000000000001,12.0,0,0
6.37,8.571428571428571,97.55241917614245,182,34,0,0,114.55000000000001,15.0,0,0
6.37,8.571428571428571,97.56603898576785,182,34,0,0,128.86,18.0,0,0
6.37,8.571428571428571,97.57587936213159,182,34,0,0,143.16999999999996,21.0,0,0
6.37,8.571428571428571,97.57918897946043,182,34,0,0,157.48000000000002,24.0,0,0
6.37,8.571428571428571,97.59122497130934,182,34,0,0,171.79000000000002,27.0,0,0
6.37,8.571428571428571,97.6043319779453,182,34,0,0,186.10000000000002,30.0,0,0
6.38,8.571428571428571,97.61479414828756,182,34,0,0,200.40999999999997,33.0,0,0
6.38,8.571428571428571,97.62443813203524,182,34,0,0,214.71999999999997,36.0,0,0
6.38,8.571428571428571,97.63208642903568,182,34,0,0,229.03000000000003,39.0,0,0
6.38,8.571428571428571,97.64127797079533,182,34,0,0,243.34000000000003,42.00000000000001,0,0
6.38,8.571428571428571,97.6487911256625,182,34,0,0,257.65000000000003,45.00000000000001,0,0
6.38,8.571428571428571,97.6510882434041,182,34,0,0,271.96000000000004,48.00000000000001,0,0
6.38,8.571428571428571,97.67046411256221,182,34,0,0,286.27000000000004,51.00000000000001,0,0
6.38,8.571428571428571,97.6832278992274,182,34,0,0,300.58000000000004,54.00000000000001,0,0
6.38,8.571428571428571,97.69741627602102,182,34,0,0,314.89000000000004,57.000000000000014,0,0
6.38,8.571428571428571,97.71357156448586,182,34,0,0,329.20000000000005,60.00000000000001,0,0
6.40,8.571428571428571,97.73737652267481,182,34,0,0,343.51,63.0,0,0
6.40,8.571428571428571,97.75114882565444,182,34,0,0,357.82,66.0,0,0
6.40,8.571428571428571,97.77268723518382,183,34,0,0,372.13,69.0,0,0
6.40,8.571428571428571,97.7923871584719,183,34,0,0,386.44,72.0,0,0
6.40,8.571428571428571,97.80311677536753,183,34,0,0,400.75,75.0,0,0
6.40,8.571428571428571,97.81919776953582,183,34,0,0,415.06,78.0,0,0
6.40,8.571428571428571,97.83226495820652,183,34,0,0,429.37,81.0,0,0
6.40,8.571428571428571,97.8484777755016,183,34,0,0,443.68,84.0,0,0
6.40,8.571428571428571,97.87194972387245,183,34,0,0,457.99,87.0,0,0
6.40,8.571428571428571,97.89331621577571,183,34,0,0,472.3,90.0,0,0
6.42,8.571428571428571,97.89612070517491,183,34,0,0,486.61,93.0,0,0
6.42,8.571428571428571,97.90109098549688,183,34,0,0,500.92,96.0,0,0
6.42,8.571428571428571,97.9196189266603,183,34,0,0,515.23,99.0,0,0
6.42,8.571428571428571,97.93098669172738,183,34,0,0,520,100.0,0,0
6.42,8.571428571428571,97.91518123487218,183,34,0,0,505.69,97.0,0,0
6.42,8.571428571428571,97.90685165905731,183,34,0,0,491.38,94.0,0,0
6.42,8.571428571428571,97.89693519504463,184,34,0,0,477.07,91.0,0,0
6.42,8.571428571428571,97.88135676193231,184,34,0,0,462.76,88.0,0,0
6.42,8.571428571428571,97.85916532133106,184,34,0,0,448.45,85.0,0,0
6.42,8.571428571428571,97.84749058847486,184,34,0,0,434.14,82.0,0,0
6.43,8.571428571428571,97.84187595195853,184,34,0,0,419.83,79.0,0,0
6.43,8.571428571428571,97.82591252100666,184,35,0,0,405.52,76.0,0,0
6.43,8.571428571428571,97.80506092976061,184,35,0,0,391.21,73.0,0,0
6.43,8.571428571428571,97.79948663100598,184,35,0,0,376.9,70.0,0,0
6.43,8.571428571428571,97.79468641876377,184,35,0,0,362.59000000000003,67.0,0,0
6.43,8.571428571428571,97.78239677502921,184,35,0,0,348.28,63.99999999999999,0,0
6.43,8.571428571428571,97.77253247886051,184,35,0,0,333.96999999999997,60.99999999999999,0,0
6.43,8.571428571428571,97.75376549672669,184,35,0,0,319.65999999999997,57.99999999999999,0,0
6.43,8.571428571428571,97.74728964402249,184,35,0,0,305.34999999999997,54.99999999999999,0,0
6.43,8.571428571428571,97.7358788748099,184,35,0,0,291.03999999999996,51.99999999999999,0,0
6.45,8.571428571428571,97.71526621992552,185,35,0,0,276.7299999999999,48.99999999999998,0,0
6.45,8.571428571428571,97.69634751445831,185,35,0,0,262.4199999999999,45.99999999999997,0,0
6.45,8.571428571428571,97.68753888445117,185,35,0,0,248.10999999999984,42.99999999999997,0,0
6.45,8.571428571428571,97.66697637633251,185,35,0,0,233.79999999999984,39.99999999999997,0,0
6.45,8.571428571428571,97.66158972693388,185,35,0,0,219.48999999999984,36.999999999999964,0,0
6.45,8.571428571428571,97.6492506712329,185,35,0,0,205.1799999999999,33.99999999999997,0,0
6.45,8.571428571428571,97.63780564591615,185,35,0,0,190.8699999999999,30.99999999999997,0,0
6.45,8.571428571428571,97.62196514382028,185,35,0,0,176.55999999999983,27.99999999999997,0,0
6.45,8.571428571428571,97.60816888931666,185,35,0,0,162.24999999999983,24.99999999999997,0,0
6.45,8.571428571428571,97.5978926358628,185,35,0,0,147.93999999999988,21.99999999999997,0,0
6.47,8.571428571428571,97.58299099822351,185,35,0,0,133.62999999999988,18.99999999999997,0,0
6.47,8.571428571428571,97.57466750892124,185,35,0,0,119.31999999999988,15.999999999999972,0,0
6.47,8.571428571428571,97.56707756030946,185,35,0,0,105.00999999999982,12.999999999999972,0,0
6.47,8.571428571428571,97.5517384514855,185,35,0,0,90.69999999999987,9.999999999999972,0,0
6.47,8.571428571428571,97.53833712406986,185,35,0,0,76.38999999999987,6.999999999999972,0,0
6.47,8.571428571428571,97.52605590728987,185,35,0,0,62.07999999999987,3.9999999999999716,0,0
6.47,8.571428571428571,97.51742340642058,185,35,0,0,47.76999999999987,0.9999999999999716,0,0
6.47,8.571428571428571,97.50634216551904,185,35,0,0,43,0.0,0,0
6.47,8.571428571428571,97.5152706500138,185,35,0,0,57.31,3.0,0,0
6.47,8.571428571428571,97.5174958332021,185,35,0,0,71.62,6.0,0,0
6.48,8.571428571428571,97.51805736206363,185,35,0,0,85.93,9.0,0,0
6.48,8.571428571428571,97.52193191095576,185,35,0,0,100.24000000000001,12.0,0,0
6.48,8.571428571428571,97.52001184180685,185,35,0,0,114.55000000000001,15.0,0,0
6.48,8.571428571428571,97.53193927689018,186,35,0,0,128.86,18.0,0,0
6.48,8.571428571428571,97.53865105947287,186,35,0,0,143.16999999999996,21.0,0,0
6.48,8.571428571428571,97.55516367934875,186,35,0,0,157.48000000000002,24.0,0,0
6.48,8.571428571428571,97.56091196244984,186,35,0,0,171.79000000000002,27.0,0,0
6.48,8.571428571428571,97.56788945847357,186,35,0,0,186.10000000000002,30.0,0,0
6.48,8.571428571428571,97.56746416115168,186,35,0,0,200.40999999999997,33.0,0,0
6.48,8.571428571428571,97.56518512818653,186,35,0,0,214.71999999999997,36.0,0,0
6.50,8.571428571428571,97.56883175778336,187,35,0,0,229.03000000000003,39.0,0,0
6.50,8.571428571428571,97.58103419522422,187,35,0,0,243.34000000000003,42.00000000000001,0,0
6.50,8.571428571428571,97.57380681819811,187,35,0,0,257.65000000000003,45.00000000000001,0,0
6.50,8.571428571428571,97.58216915802267,187,35,0,0,271.96000000000004,48.00000000000001,0,0
6.50,8.571428571428571,97.6037087401623,187,35,0,0,286.27000000000004,51.00000000000001,0,0
6.50,8.571428571428571,97.6198839356968,187,35,0,0,300.58000000000004,54.00000000000001,0,0
6.50,8.571428571428571,97.62872690701334,187,35,0,0,314.89000000000004,57.000000000000014,0,0
6.50,8.571428571428571,97.63403514409126,187,35,0,0,329.20000000000005,60.00000000000001,0,0
6.50,8.571428571428571,97.65491322739766,187,35,0,0,343.51,63.0,0,0
6.50,8.571428571428571,97.68439180881411,187,35,0,0,357.82,66.0,0,0
6.52,8.571428571428571,97.70055639655723,187,35,0,0,372.13,69.0,0,0
6.52,8.571428571428571,97.72561949558482,187,35,0,0,386.44,72.0,0,0
6.52,8.571428571428571,97.73562510586162,187,35,0,0,400.75,75.0,0,0
6.52,8.571428571428571,97.74094338025253,187,35,0,0,415.06,78.0,0,0
6.52,8.571428571428571,97.75234400627275,187,35,0,0,429.37,81.0,0,0
6.52,8.571428571428571,97.77171424628524,188,35,0,0,443.68,84.0,0,0
6.52,8.571428571428571,97.78784606866132,188,35,0,0,457.99,87.0,0,0
6.52,8.571428571428571,97.79220448875063,188,35,0,0,472.3,90.0,0,0
6.52,8.571428571428571,97.79836640811745,188,35,0,0,486.61,93.0,0,0
6.52,8.571428571428571,97.81679881352814,188,35,0,0,500.92,96.0,0,0
6.53,8.571428571428571,97.83359467209533,188,35,0,0,515.23,99.0,0,0
6.53,8.571428571428571,97.8359289165893,188,35,0,0,520,100.0,0,0
6.53,8.571428571428571,97.82495520603072,188,35,0,0,505.69,97.0,0,0
6.53,8.571428571428571,97.80746479177456,188,35,0,0,491.38,94.0,0,0
6.53,8.571428571428571,97.79390632224755,188,35,0,0,477.07,91.0,0,0
6.53,8.571428571428571,97.78044826642636,188,35,0,0,462.76,88.0,0,0
6.53,8.571428571428571,97.76835125693532,188,35,0,0,448.45,85.0,0,0
6.53,8.571428571428571,97.7574538665461,188,35,0,0,434.14,82.0,0,0
6.53,8.571428571428571,97.75231357365584,188,35,0,0,419.83,79.0,0,0
6.53,8.571428571428571,97.74849442907644,188,35,0,0,405.52,76.0,0,0
6.55,8.571428571428571,97.73367111551717,188,35,0,0,391.21,73.0,0,0
6.55,8.571428571428571,97.71583398301765,188,35,0,0,376.9,70.0,0,0
6.55,8.571428571428571,97.69655011065235,188,35,0,0,362.59000000000003,67.0,0,0
6.55,8.571428571428571,97.68076138976696,188,35,0,0,348.28,63.99999999999999,0,0
6.55,8.571428571428571,97.6742034338444,188,35,0,0,333.96999999999997,60.99999999999999,0,0
6.55,8.571428571428571,97.66428902637236,188,35,0,0,319.65999999999997,57.99999999999999,0,0
6.55,8.571428571428571,97.65707838619255,189,35,0,0,305.34999999999997,54.99999999999999,0,0
6.55,8.571428571428571,97.65199589038656,189,35,0,0,291.03999999999996,51.99999999999999,0,0
6.55,8.571428571428571,97.6404795029621,189,35,0,0,276.7299999999999,48.99999999999998,0,0
6.55,8.571428571428571,97.62796957459172,189,35,0,0,262.4199999999999,45.99999999999997,0,0
6.57,8.571428571428571,97.62428461958079,189,35,0,0,248.10999999999984,42.99999999999997,0,0
6.57,8.571428571428571,97.61268620950415,189,35,0,0,233.79999999999984,39.99999999999997,0,0
6.57,8.571428571428571,97.60746065789657,189,35,0,0,219.48999999999984,36.999999999999964,0,0
6.57,8.571428571428571,97.59044939791269,189,35,0,0,205.1799999999999,33.99999999999997,0,0
6.57,8.571428571428571,97.58245739081396,189,35,0,0,190.8699999999999,30.99999999999997,0,0
6.57,8.571428571428571,97.57606550727702,189,35,0,0,176.55999999999983,27.99999999999997,0,0
6.57,8.571428571428571,97.56257601206852,189,35,0,0,162.24999999999983,24.99999999999997,0,0
6.57,8.571428571428571,97.55075381335759,189,35,0,0,147.93999999999988,21.99999999999997,0,0
6.57,8.571428571428571,97.53641157591365,189,35,0,0,133.62999999999988,18.99999999999997,0,0
6.57,8.571428571428571,97.52648218279111,189,35,0,0,119.31999999999988,15.999999999999972,0,0
6.58,8.571428571428571,97.51839727386513,189,35,0,0,105.00999999999982,12.999999999999972,0,0
6.58,8.571428571428571,97.50317215017573,189,35,0,0,90.69999999999987,9.999999999999972,0,0
6.58,8.571428571428571,97.49609481966228,189,35,0,0,76.38999999999987,6.999999999999972,0,0
6.58,8.571428571428571,97.48625765910052,189,35,0,0,62.07999999999987,3.9999999999999716,0,0
6.58,8.571428571428571,97.46821456157137,189,35,0,0,47.76999999999987,0.9999999999999716,0,0
6.58,8.571428571428571,97.45684715531816,189,35,0,0,43,0.0,0,0
6.58,8.571428571428571,97.45731680972294,189,35,0,0,57.31,3.0,0,0
6.58,8.571428571428571,97.46566264692218,189,35,0,0,71.62,6.0,0,0
6.58,8.571428571428571,97.47802459952584,189,35,0,0,85.93,9.0,0,0
6.58,8.571428571428571,97.47930643902552,189,35,0,0,100.24000000000001,12.0,0,0
6.60,8.571428571428571,97.47404625041463,189,35,0,0,114.55000000000001,15.0,0,0
6.60,8.571428571428571,97.48032461023531,189,35,0,0,128.86,18.0,0,0
6.60,8.571428571428571,97.48755561992958,189,35,0,0,143.16999999999996,21.0,0,0
6.60,8.571428571428571,97.48371986079692,189,35,0,0,157.48000000000002,24.0,0,0
6.60,8.571428571428571,97.48260707640313,189,35,0,0,171.79000000000002,27.0,0,0
6.60,8.571428571428571,97.4862025942271,189,35,0,0,186.10000000000002,30.0,0,0
6.60,8.571428571428571,97.49459255345293,189,35,0,0,200.40999999999997,33.0,0,0
6.60,8.571428571428571,97.49135703085759,189,35,0,0,214.71999999999997,36.0,0,0
6.60,8.571428571428571,97.49465878437245,189,35,0,0,229.03000000000003,39.0,0,0
6.60,8.571428571428571,97.49678615063596,189,35,0,0,243.34000000000003,42.00000000000001,0,0
6.62,8.571428571428571,97.4962892722148,189,35,0,0,257.65000000000003,45.00000000000001,0,0
6.62,8.571428571428571,97.49719283191241,189,35,0,0,271.96000000000004,48.00000000000001,0,0
6.62,8.571428571428571,97.50560849123288,189,35,0,0,286.27000000000004,51.00000000000001,0,0
6.62,8.571428571428571,97.5124105217187,189,35,0,0,300.58000000000004,54.00000000000001,0,0
6.62,8.571428571428571,97.53237973084107,189,35,0,0,314.89000000000004,57.000000000000014,0,0
6.62,8.571428571428571,97.55214539684222,189,35,0,0,329.20000000000005,60.00000000000001,0,0
6.62,8.571428571428571,97.55804649904697,189,35,0,0,343.51,63.0,0,0
6.62,8.571428571428571,97.57100671203358,189,35,0,0,357.82,66.0,0,0
6.62,8.571428571428571,97.59474646356213,189,35,0,0,372.13,69.0,0,0
6.62,8.571428571428571,97.6119222308506,189,35,0,0,386.44,72.0,0,0
6.63,8.571428571428571,97.61600329053064,189,35,0,0,400.75,75.0,0,0
6.63,8.571428571428571,97.62469933519549,189,35,0,0,415.06,78.0,0,0
6.63,8.571428571428571,97.64629307943021,189,35,0,0,429.37,81.0,0,0
6.63,8.571428571428571,97.67031789101466,190,35,0,0,443.68,84.0,0,0
6.63,8.571428571428571,97.67628787008837,190,35,0,0,457.99,87.0,0,0
6.63,8.571428571428571,97.69487693297833,190,35,0,0,472.3,90.0,0,0
6.63,8.571428571428571,97.71838613358852,190,35,0,0,486.61,93.0,0,0
6.63,8.571428571428571,97.72828642160334,190,35,0,0,500.92,96.0,0,0
6.63,8.571428571428571,97.73637721485714,190,35,0,0,515.23,99.0,0,0
6.63,8.571428571428571,97.75449257055698,190,35,0,0,520,100.0,0,0
6.65,8.571428571428571,97.74091996222296,190,35,0,0,505.69,97.0,0,0
6.65,8.571428571428571,97.7260370827852,190,35,0,0,491.38,94.0,0,0
6.65,8.571428571428571,97.71256843368398,190,35,0,0,477.07,91.0,0,0
6.65,8.571428571428571,97.69424973637331,190,35,0,0,462.76,88.0,0,0
6.65,8.571428571428571,97.68305812362416,190,35,0,0,448.45,85.0,0,0
6.65,8.571428571428571,97.67209598323629,190,35,0,0,434.14,82.0,0,0
6.65,8.571428571428571,97.66667806218156,190,35,0,0,419.83,79.0,0,0
6.65,8.571428571428571,97.65919364074968,190,35,0,0,405.52,76.0,0,0
6.65,8.571428571428571,97.63856873054714,190,35,0,0,391.21,73.0,0,0
6.65,8.571428571428571,97.61955109164374,190,35,0,0,376.9,70.0,0,0
6.67,8.571428571428571,97.61731214565586,190,35,0,0,362.59000000000003,67.0,0,0
6.67,8.571428571428571,97.60625182113633,190,35,0,0,348.28,63.99999999999999,0,0
6.67,8.571428571428571,97.59632489038121,190,35,0,0,333.96999999999997,60.99999999999999,0,0
6.67,8.571428571428571,97.59556636213202,190,36,0,0,319.65999999999997,57.99999999999999,0,0
6.67,8.571428571428571,97.57767718878983,190,36,0,0,305.34999999999997,54.99999999999999,0,0
6.67,8.571428571428571,97.56535814158048,190,36,0,0,291.03999999999996,51.99999999999999,0,0
6.67,8.571428571428571,97.55356698679269,190,36,0,0,276.7299999999999,48.99999999999998,0,0
6.67,8.571428571428571,97.53762847200706,190,36,0,0,262.4199999999999,45.99999999999997,0,0
6.67,8.571428571428571,97.5303543154206,190,36,0,0,248.10999999999984,42.99999999999997,0,0
6.67,8.571428571428571,97.51148417636912,190,36,0,0,233.79999999999984,39.99999999999997,0,0
6.68,8.571428571428571,97.50748404689003,190,36,0,0,219.48999999999984,36.999999999999964,0,0
6.68,8.571428571428571,97.49308462236638,190,36,0,0,205.1799999999999,33.99999999999997,0,0
6.68,8.571428571428571,97.48926807289406,190,36,0,0,190.8699999999999,30.99999999999997,0,0
6.68,8.571428571428571,97.48225545957723,190,36,0,0,176.55999999999983,27.99999999999997,0,0
6.68,8.571428571428571,97.47619549684335,190,36,0,0,162.24999999999983,24.99999999999997,0,0
6.68,8.571428571428571,97.4704935484284,190,36,0,0,147.93999999999988,21.99999999999997,0,0
6.68,8.571428571428571,97.4542878616068,190,36,0,0,133.62999999999988,18.99999999999997,0,0
6.68,8.571428571428571,97.44665355644749,190,36,0,0,119.31999999999988,15.999999999999972,0,0
6.68,8.571428571428571,97.44126988865136,190,36,0,0,105.00999999999982,12.999999999999972,0,0
6.70,8.571428571428571,97.43179563733419,190,36,0,0,90.69999999999987,9.999999999999972,0,0
6.70,8.571428571428571,97.42065216477137,190,36,0,0,76.38999999999987,6.999999999999972,0,0
6.70,8.571428571428571,97.40246318433921,190,36,0,0,62.07999999999987,3.9999999999999716,0,0
6.70,8.571428571428571,97.39633271360246,190,36,0,0,47.76999999999987,0.9999999999999716,0,0
6.70,8.571428571428571,97.38816566781964,190,36,0,0,43,0.0,0,0
6.70,8.571428571428571,97.39561976507083,190,36,0,0,57.31,3.0,0,0
6.70,8.571428571428571,97.40472987671669,190,36,0,0,71.62,6.0,0,0
6.70,8.571428571428571,97.40289023837293,190,36,0,0,85.93,9.0,0,0
6.70,8.571428571428571,97.41773952770328,190,36,0,0,100.24000000000001,12.0,0,0
6.70,8.571428571428571,97.42672268777415,190,36,0,0,114.55000000000001,15.0,0,0
6.72,8.571428571428571,97.43204520936257,190,36,0,0,128.86,18.0,0,0
6.72,8.571428571428571,97.43307571440792,190,36,0,0,143.16999999999996,21.0,0,0
6.72,8.571428571428571,97.43897788361343,190,36,0,0,157.48000000000002,24.0,0,0
6.72,8.571428571428571,97.44160077075475,190,36,0,0,171.79000000000002,27.0,0,0
6.72,8.571428571428571,97.44752290313478,190,36,0,0,186.10000000000002,30.0,0,0
6.72,8.571428571428571,97.45076228552104,190,36,0,0,200.40999999999997,33.0,0,0
6.72,8.571428571428571,97.45487410851872,190,36,0,0,214.71999999999997,36.0,0,0
6.72,8.571428571428571,97.45985623215208,190,36,0,0,229.03000000000003,39.0,0,0
6.72,8.571428571428571,97.47316576298483,190,36,0,0,243.34000000000003,42.00000000000001,0,0
6.72,8.571428571428571,97.47394653783375,190,36,0,0,257.65000000000003,45.00000000000001,0,0
6.73,8.571428571428571,97.47421222765324,190,36,0,0,271.96000000000004,48.00000000000001,0,0
6.73,8.571428571428571,97.49240096466977,190,36,0,0,286.27000000000004,51.00000000000001,0,0
6.73,8.571428571428571,97.50727275447869,190,36,0,0,300.58000000000004,54.00000000000001,0,0
6.73,8.571428571428571,97.52721219000775,190,36,0,0,314.89000000000004,57.000000000000014,0,0
6.73,8.571428571428571,97.5400808500936,190,36,0,0,329.20000000000005,60.00000000000001,0,0
6.73,8.571428571428571,97.56460482917251,190,36,0,0,343.51,63.0,0,0
6.73,8.571428571428571,97.58694380438543,190,36,0,0,357.82,66.0,0,0
6.73,8.571428571428571,97.6063626002642,190,36,0,0,372.13,69.0,0,0
6.73,8.571428571428571,97.62867973616851,191,36,0,0,386.44,72.0,0,0
6.73,8.571428571428571,97.64268053955192,191,36,0,0,400.75,75.0,0,0
6.75,8.571428571428571,97.66522290147742,191,36,0,0,415.06,78.0,0,0
6.75,8.571428571428571,97.68791539156784,191,36,0,0,429.37,81.0,0,0
6.75,8.571428571428571,97.71192771479821,191,36,0,0,443.68,84.0,0,0
6.75,8.571428571428571,97.73155427731781,192,36,0,0,457.99,87.0,0,0
6.75,8.571428571428571,97.75347543270559,192,36,0,0,472.3,90.0,0,0
6.75,8.571428571428571,97.76542246718263,192,36,0,0,486.61,93.0,0,0
6.75,8.571428571428571,97.77785389564743,192,36,0,0,500.92,96.0,0,0
6.75,8.571428571428571,97.80461521964561,192,36,0,0,515.23,99.0,0,0
6.75,8.571428571428571,97.81534452063492,192,36,0,0,520,100.0,0,0
6.75,8.571428571428571,97.80686262285677,192,36,0,0,505.69,97.0,0,0
6.77,8.571428571428571,97.79898674089027,192,36,0,0,491.38,94.0,0,0
6.77,8.571428571428571,97.78915780984279,192,36,0,0,477.07,91.0,0,0
6.77,8.571428571428571,97.78256643159155,192,36,0,0,462.76,88.0,0,0
6.77,8.571428571428571,97.76279097837515,192,36,0,0,448.45,85.0,0,0
6.77,8.571428571428571,97.74761097806132,192,36,0,0,434.14,82.0,0,0
6.77,8.571428571428571,97.733939105296,192,36,0,0,419.83,79.0,0,0
6.77,8.571428571428571,97.7220084147043,192,36,0,0,405.52,76.0,0,0
6.77,8.571428571428571,97.70695184352762,192,36,0,0,391.21,73.0,0,0
6.77,8.571428571428571,97.69244340383656,192,36,0,0,376.9,70.0,0,0
6.77,8.571428571428571,97.684590086828,192,36,0,0,362.59000000000003,67.0,0,0
6.78,8.571428571428571,97.66848582626706,192,36,0,0,348.28,63.99999999999999,0,0
6.78,8.571428571428571,97.65925484325659,192,36,0,0,333.96999999999997,60.99999999999999,0,0
6.78,8.571428571428571,97.6425760438401,192,36,0,0,319.65999999999997,57.99999999999999,0,0
6.78,8.571428571428571,97.63563019104224,192,36,0,0,305.34999999999997,54.99999999999999,0,0
6.78,8.571428571428571,97.63207495203392,192,36,0,0,291.03999999999996,51.99999999999999,0,0
6.78,8.571428571428571,97.62317080607843,192,36,0,0,276.7299999999999,48.99999999999998,0,0
6.78,8.571428571428571,97.61203539187315,192,36,0,0,262.4199999999999,45.99999999999997,0,0
6.78,8.571428571428571,97.59684008420561,192,36,0,0,248.10999999999984,42.99999999999997,0,0
6.78,8.571428571428571,97.59238915331282,192,36,0,0,233.79999999999984,39.99999999999997,0,0
6.78,8.571428571428571,97.57996070694699,192,36,0,0,219.48999999999984,36.999999999999964,0,0
6.80,8.571428571428571,97.56904146920093,192,36,0,0,205.1799999999999,33.99999999999997,0,0
6.80,8.571428571428571,97.55107683068354,192,36,0,0,190.8699999999999,30.99999999999997,0,0
6.80,8.571428571428571,97.5420198128391,192,36,0,0,176.55999999999983,27.99999999999997,0,0
6.80,8.571428571428571,97.53052829148973,192,36,0,0,162.24999999999983,24.99999999999997,0,0
6.80,8.571428571428571,97.52381737307573,192,36,0,0,147.93999999999988,21.99999999999997,0,0
6.80,8.571428571428571,97.51779394129841,192,36,0,0,133.62999999999988,18.99999999999997,0,0
6.80,8.571428571428571,97.5085111925098,192,36,0,0,119.31999999999988,15.999999999999972,0,0
6.80,8.571428571428571,97.4981967765724,192,36,0,0,105.00999999999982,12.999999999999972,0,0
6.80,8.571428571428571,97.48780249144724,192,36,0,0,90.69999999999987,9.999999999999972,0,0
6.82,8.571428571428571,97.48020696097193,192,36,0,0,76.38999999999987,6.999999999999972,0,0
6.82,8.571428571428571,97.4744854684938,192,36,0,0,62.07999999999987,3.9999999999999716,0,0
6.82,8.571428571428571,97.45608494706129,193,36,0,0,47.76999999999987,0.9999999999999716,0,0
6.82,8.571428571428571,97.44213471412026,193,36,0,0,43,0.0,0,0
6.82,8.571428571428571,97.4495282717875,193,36,0,0,57.31,3.0,0,0
6.82,8.571428571428571,97.45631866440445,193,36,0,0,71.62,6.0,0,0
6.82,8.571428571428571,97.45406639581589,193,36,0,0,85.93,9.0,0,0
6.82,8.571428571428571,97.45673611861928,193,36,0,0,100.24000000000001,12.0,0,0
6.82,8.571428571428571,97.46008758109984,193,36,0,0,114.55000000000001,15.0,0,0
6.82,8.571428571428571,97.4679613267166,193,36,0,0,128.86,18.0,0,0
6.83,8.571428571428571,97.47450043477549,193,36,0,0,143.16999999999996,21.0,0,0
6.83,8.571428571428571,97.48181223476315,193,36,0,0,157.48000000000002,24.0,0,0
6.83,8.571428571428571,97.47606384855978,193,36,0,0,171.79000000000002,27.0,0,0
6.83,8.571428571428571,97.4844656806779,193,36,0,0,186.10000000000002,30.0,0,0
6.83,8.571428571428571,97.48550814869178,193,36,0,0,200.40999999999997,33.0,0,0
6.83,8.571428571428571,97.48793173187744,194,36,0,0,214.71999999999997,36.0,0,0
6.83,8.571428571428571,97.48404384695174,194,36,0,0,229.03000000000003,39.0,0,0
6.83,8.571428571428571,97.47847155370603,194,36,0,0,243.34000000000003,42.00000000000001,0,0
6.83,8.571428571428571,97.47958303462569,194,36,0,0,257.65000000000003,45.00000000000001,0,0
6.83,8.571428571428571,97.48110083058086,194,36,0,0,271.96000000000004,48.00000000000001,0,0
6.85,8.571428571428571,97.48910691661104,194,36,0,0,286.27000000000004,51.00000000000001,0,0
6.85,8.571428571428571,97.50129165205935,194,36,0,0,300.58000000000004,54.00000000000001,0,0
6.85,8.571428571428571,97.51223223891972,194,36,0,0,314.89000000000004,57.000000000000014,0,0
6.85,8.571428571428571,97.5221343193326,194,36,0,0,329.20000000000005,60.00000000000001,0,0
6.85,8.571428571428571,97.52910416476392,194,36,0,0,343.51,63.0,0,0
6.85,8.571428571428571,97.54942711042972,194,36,0,0,357.82,66.0,0,0
6.85,8.571428571428571,97.56377633050215,194,36,0,0,372.13,69.0,0,0
6.85,8.571428571428571,97.58105916536296,194,36,0,0,386.44,72.0,0,0
6.85,8.571428571428571,97.60916387475514,194,36,0,0,400.75,75.0,0,0
6.85,8.571428571428571,97.63552600030789,194,36,0,0,415.06,78.0,0,0
6.87,8.571428571428571,97.64988991521572,194,36,0,0,429.37,81.0,0,0
6.87,8.571428571428571,97.65760669576797,194,36,0,0,443.68,84.0,0,0
6.87,8.571428571428571,97.67107269564326,194,36,0,0,457.99,87.0,0,0
6.87,8.571428571428571,97.6909241120043,194,36,0,0,472.3,90.0,0,0
6.87,8.571428571428571,97.69254861056422,194,36,0,0,486.61,93.0,0,0
6.87,8.571428571428571,97.71800075654512,194,36,0,0,500.92,96.0,0,0
6.87,8.571428571428571,97.73810632785629,194,36,0,0,515.23,99.0,0,0
6.87,8.571428571428571,97.75289751243726,194,36,0,0,520,100.0,0,0
6.87,8.571428571428571,97.74092039774125,194,36,0,0,505.69,97.0,0,0
6.88,8.571428571428571,97.73367479848629,194,36,0,0,491.38,94.0,0,0
6.88,8.571428571428571,97.71691347125862,194,36,0,0,477.07,91.0,0,0
6.88,8.571428571428571,97.70755483545496,194,36,0,0,462.76,88.0,0,0
6.88,8.571428571428571,97.69704145588679,194,36,0,0,448.45,85.0,0,0
6.88,8.571428571428571,97.68101695611773,194,36,0,0,434.14,82.0,0,0
6.88,8.571428571428571,97.66932658533992,194,36,0,0,419.83,79.0,0,0
6.88,8.571428571428571,97.65920595571815,194,36,0,0,405.52,76.0,0,0
6.88,8.571428571428571,97.64724704763123,194,36,0,0,391.21,73.0,0,0
6.88,8.571428571428571,97.63688346956101,194,36,0,0,376.9,70.0,0,0
6.88,8.571428571428571,97.62405114834783,194,36,0,0,362.59000000000003,67.0,0,0
6.90,8.571428571428571,97.61471679305481,195,36,0,0,348.28,63.99999999999999,0,0
6.90,8.571428571428571,97.61283981522575,195,36,0,0,333.96999999999997,60.99999999999999,0,0
6.90,8.571428571428571,97.60234268873126,195,36,0,0,319.65999999999997,57.99999999999999,0,0
6.90,8.571428571428571,97.58740422679708,195,36,0,0,305.34999999999997,54.99999999999999,0,0
6.90,8.571428571428571,97.57547149423804,195,36,0,0,291.03999999999996,51.99999999999999,0,0
6.90,8.571428571428571,97.57114822193748,195,36,0,0,276.7299999999999,48.99999999999998,0,0
6.90,8.571428571428571,97.55501521375116,195,36,0,0,262.4199999999999,45.99999999999997,0,0
6.90,8.571428571428571,97.53715324108376,195,36,0,0,248.10999999999984,42.99999999999997,0,0
6.90,8.571428571428571,97.52177749605625,195,36,0,0,233.79999999999984,39.99999999999997,0,0
6.90,8.571428571428571,97.51344179990384,195,36,0,0,219.48999999999984,36.999999999999964,0,0
6.92,8.571428571428571,97.49896000891705,195,36,0,0,205.1799999999999,33.99999999999997,0,0
6.92,8.571428571428571,97.4932458920898,195,36,0,0,190.8699999999999,30.99999999999997,0,0
6.92,8.571428571428571,97.48156443535616,195,36,0,0,176.55999999999983,27.99999999999997,0,0
6.92,8.571428571428571,97.4696388968979,195,36,0,0,162.24999999999983,24.99999999999997,0,0
6.92,8.571428571428571,97.46200996144572,195,36,0,0,147.93999999999988,21.99999999999997,0,0
6.92,8.571428571428571,97.44956537293412,195,36,0,0,133.62999999999988,18.99999999999997,0,0
6.92,8.571428571428571,97.44190416164071,195,36,0,0,119.31999999999988,15.999999999999972,0,0
6.92,8.571428571428571,97.43247255170961,195,37,0,0,105.00999999999982,12.999999999999972,0,0
6.92,8.571428571428571,97.4231956936914,195,37,0,0,90.69999999999987,9.999999999999972,0,0
6.92,8.571428571428571,97.42009664940926,195,37,0,0,76.38999999999987,6.999999999999972,0,0
6.93,8.571428571428571,97.40729533032771,196,37,0,0,62.07999999999987,3.9999999999999716,0,0
6.93,8.571428571428571,97.40000171348206,196,37,0,0,47.76999999999987,0.9999999999999716,0,0
6.93,8.571428571428571,97.3859636223079,196,37,0,0,43,0.0,0,0
6.93,8.571428571428571,97.39738093537302,196,37,0,0,57.31,3.0,0,0
6.93,8.571428571428571,97.40085913451352,196,37,0,0,71.62,6.0,0,0
6.93,8.571428571428571,97.39716603755961,196,37,0,0,85.93,9.0,0,0
6.93,8.571428571428571,97.41043271209459,196,37,0,0,100.24000000000001,12.0,0,0
6.93,8.571428571428571,97.41292493171288,196,37,0,0,114.55000000000001,15.0,0,0
6.93,8.571428571428571,97.42287309430235,196,37,0,0,128.86,18.0,0,0
6.93,8.571428571428571,97.4331555801202,196,37,0,0,143.16999999999996,21.0,0,0
6.95,8.571428571428571,97.43382959585013,196,37,0,0,157.48000000000002,24.0,0,0
6.95,8.571428571428571,97.43511404095918,196,37,0,0,171.79000000000002,27.0,0,0
6.95,8.571428571428571,97.44383847854343,196,37,0,0,186.10000000000002,30.0,0,0
6.95,8.571428571428571,97.44067197125051,196,37,0,0,200.40999999999997,33.0,0,0
6.95,8.571428571428571,97.45703913460862,196,37,0,0,214.71999999999997,36.0,0,0
6.95,8.571428571428571,97.4587323316514,196,37,0,0,229.03000000000003,39.0,0,0
6.95,8.571428571428571,97.45659580752462,196,37,0,0,243.34000000000003,42.00000000000001,0,0
6.95,8.571428571428571,97.47078302291575,196,37,0,0,257.65000000000003,45.00000000000001,0,0
6.95,8.571428571428571,97.47018794454422,196,37,0,0,271.96000000000004,48.00000000000001,0,0
6.95,8.571428571428571,97.48750403569176,196,37,0,0,286.27000000000004,51.00000000000001,0,0
6.97,8.571428571428571,97.49726802334257,196,37,0,0,300.58000000000004,54.00000000000001,0,0
6.97,8.571428571428571,97.51279665475977,196,37,0,0,314.89000000000004,57.000000000000014,0,0
6.97,8.571428571428571,97.52412260289009,196,37,0,0,329.20000000000005,60.00000000000001,0,0
6.97,8.571428571428571,97.5355467991336,196,37,0,0,343.51,63.0,0,0
6.97,8.571428571428571,97.55565641737493,196,37,0,0,357.82,66.0,0,0
6.97,8.571428571428571,97.57517177849972,196,37,0,0,372.13,69.0,0,0
6.97,8.571428571428571,97.596773513865,196,37,0,0,386.44,72.0,0,0
6.97,8.571428571428571,97.6069175334141,196,37,0,0,400.75,75.0,0,0
6.97,8.571428571428571,97.62836931923366,196,37,0,0,415.06,78.0,0,0
6.97,8.571428571428571,97.64417226113522,196,37,0,0,429.37,81.0,0,0
6.98,8.571428571428571,97.66455916824879,196,37,0,0,443.68,84.0,0,0
6.98,8.571428571428571,97.67834768560358,196,37,0,0,457.99,87.0,0,0
6.98,8.571428571428571,97.69027669315393,196,37,0,0,472.3,90.0,0,0
6.98,8.571428571428571,97.71077644391882,196,37,0,0,486.61,93.0,0,0
6.98,8.571428571428571,97.72835095676281,196,37,0,0,500.92,96.0,0,0
6.98,8.571428571428571,97.74383083034185,196,37,0,0,515.23,99.0,0,0
6.98,8.571428571428571,97.76143019632032,196,37,0,0,520,100.0,0,0
6.98,8.571428571428571,97.75517783392625,196,37,0,0,505.69,97.0,0,0
6.98,8.571428571428571,97.74168556191484,196,37,0,0,491.38,94.0,0,0
6.98,8.571428571428571,97.7319561465785,196,37,0,0,477.07,91.0,0,0
7.00,8.571428571428571,97.73058141520833,196,37,0,0,462.76,88.0,0,0
7.00,8.571428571428571,97.72634497401482,196,37,0,0,448.45,85.0,0,0
7.00,8.571428571428571,97.71135731944254,196,37,0,0,434.14,82.0,0,0
7.00,8.571428571428571,97.70216170935925,196,37,0,0,419.83,79.0,0,0
7.00,8.571428571428571,97.69999516713172,196,37,0,0,405.52,76.0,0,0
7.00,8.571428571428571,97.69069916847661,196,37,0,0,391.21,73.0,0,0
7.00,8.571428571428571,97.68521110486482,196,37,0,0,376.9,70.0,0,0
7.00,8.571428571428571,97.67054850130906,196,37,0,0,362.59000000000003,67.0,0,0
7.00,8.571428571428571,97.66059760174711,196,37,0,0,348.28,63.99999999999999,0,0
7.00,8.571428571428571,97.64642897766122,196,37,0,0,333.96999999999997,60.99999999999999,0,0
7.02,8.571428571428571,97.63736830827986,196,37,0,0,319.65999999999997,57.99999999999999,0,0
7.02,8.571428571428571,97.62769128925369,196,37,0,0,305.34999999999997,54.99999999999999,0,0
7.02,8.571428571428571,97.62023351267685,196,37,0,0,291.03999999999996,51.99999999999999,0,0
7.02,8.571428571428571,97.61498149574969,196,37,0,0,276.7299999999999,48.99999999999998,0,0
7.02,8.571428571428571,97.606979204067,196,37,0,0,262.4199999999999,45.99999999999997,0,0
7.02,8.571428571428571,97.60261078841637,197,37,0,0,248.10999999999984,42.99999999999997,0,0
7.02,8.571428571428571,97.59155677633818,197,37,0,0,233.79999999999984,39.99999999999997,0,0
7.02,8.571428571428571,97.58808849005618,197,37,0,0,219.48999999999984,36.999999999999964,0,0
7.02,8.571428571428571,97.57897635060498,198,37,0,0,205.1799999999999,33.99999999999997,0,0
7.03,8.571428571428571,97.56931150136481,198,37,0,0,190.8699999999999,30.99999999999997,0,0
7.03,8.571428571428571,97.55350456043942,198,37,0,0,176.55999999999983,27.99999999999997,0,0
7.03,8.571428571428571,97.54656434425473,198,37,0,0,162.24999999999983,24.99999999999997,0,0
7.03,8.571428571428571,97.54260694341703,198,37,0,0,147.93999999999988,21.99999999999997,0,0
7.03,8.571428571428571,97.53375664484035,198,37,0,0,133.62999999999988,18.99999999999997,0,0
7.03,8.571428571428571,97.51688342455604,198,37,0,0,119.31999999999988,15.999999999999972,0,0
7.03,8.571428571428571,97.50842449011863,198,37,0,0,105.00999999999982,12.999999999999972,0,0
7.03,8.571428571428571,97.49503217555674,198,37,0,0,90.69999999999987,9.999999999999972,0,0
7.03,8.571428571428571,97.48155543172199,198,37,0,0,76.38999999999987,6.999999999999972,0,0
7.03,8.571428571428571,97.47195784195672,198,37,0,0,62.07999999999987,3.9999999999999716,0,0
7.05,8.571428571428571,97.46723279591667,198,37,0,0,47.76999999999987,0.9999999999999716,0,0
7.05,8.571428571428571,97.46118433233957,198,37,0,0,43,0.0,0,0
7.05,8.571428571428571,97.47075225249257,198,37,0,0,57.31,3.0,0,0
7.05,8.571428571428571,97.46444849738259,198,37,0,0,71.62,6.0,0,0
7.05,8.571428571428571,97.46625316789772,198,37,0,0,85.93,9.0,0,0
7.05,8.571428571428571,97.48208543266703,199,37,0,0,100.24000000000001,12.0,0,0
7.05,8.571428571428571,97.47797461030146,199,37,0,0,114.55000000000001,15.0,0,0
7.05,8.571428571428571,97.47847102409936,199,37,0,0,128.86,18.0,0,0
7.05,8.571428571428571,97.48376009272091,199,37,0,0,143.16999999999996,21.0,0,0
7.05,8.571428571428571,97.48719159250884,199,37,0,0,157.48000000000002,24.0,0,0
7.07,8.571428571428571,97.49607163472871,199,37,0,0,171.79000000000002,27.0,0,0
7.07,8.571428571428571,97.4996873747614,199,37,0,0,186.10000000000002,30.0,0,0
7.07,8.571428571428571,97.50552967919333,199,37,0,0,200.40999999999997,33.0,0,0
7.07,8.571428571428571,97.50772030244131,199,37,0,0,214.71999999999997,36.0,0,0
7.07,8.571428571428571,97.51744241071508,199,37,0,0,229.03000000000003,39.0,0,0
7.07,8.571428571428571,97.51755557333406,200,37,0,0,243.34000000000003,42.00000000000001,0,0
7.07,8.571428571428571,97.52741489064468,200,37,0,0,257.65000000000003,45.00000000000001,0,0
7.07,8.571428571428571,97.54101202230122,200,37,0,0,271.96000000000004,48.00000000000001,0,0
7.07,8.571428571428571,97.5562665091525,200,37,0,0,286.27000000000004,51.00000000000001,0,0
7.07,8.571428571428571,97.56988471835517,200,37,0,0,300.58000000000004,54.00000000000001,0,0
7.08,8.571428571428571,97.58383677087059,200,37,0,0,314.89000000000004,57.000000000000014,0,0
7.08,8.571428571428571,97.59211759468926,200,37,0,0,329.20000000000005,60.00000000000001,0,0
7.08,8.571428571428571,97.61483673885296,201,37,0,0,343.51,63.0,0,0
7.08,8.571428571428571,97.63106129225272,201,37,0,0,357.82,66.0,0,0
7.08,8.571428571428571,97.6368565812373,201,37,0,0,372.13,69.0,0,0
7.08,8.571428571428571,97.64401567834324,201,37,0,0,386.44,72.0,0,0
7.08,8.571428571428571,97.6633292120263,201,37,0,0,400.75,75.0,0,0
7.08,8.571428571428571,97.66755202395585,201,37,0,0,415.06,78.0,0,0
7.08,8.571428571428571,97.67461300151511,201,37,0,0,429.37,81.0,0,0
7.10,8.571428571428571,97.69324583532325,201,37,0,0,443.68,84.0,0,0
7.10,8.571428571428571,97.71216583044821,201,37,0,0,457.99,87.0,0,0
7.10,8.571428571428571,97.72356880918441,202,37,0,0,472.3,90.0,0,0
7.10,8.571428571428571,97.73560774957234,202,37,0,0,486.61,93.0,0,0
7.10,8.571428571428571,97.75852913115922,202,37,0,0,500.92,96.0,0,0
7.10,8.571428571428571,97.76624356980372,202,37,0,0,515.23,99.0,0,0
7.10,8.571428571428571,97.78496581271976,202,37,0,0,520,100.0,0,0
7.10,8.571428571428571,97.77695551496289,202,37,0,0,505.69,97.0,0,0
7.10,8.571428571428571,97.76409985658856,202,37,0,0,491.38,94.0,0,0
7.10,8.571428571428571,97.7454958858158,202,37,0,0,477.07,91.0,0,0
7.12,8.571428571428571,97.73331885401724,202,37,0,0,462.76,88.0,0,0
7.12,8.571428571428571,97.72333363893873,202,37,0,0,448.45,85.0,0,0
7.12,8.571428571428571,97.7129196690001,202,37,0,0,434.14,82.0,0,0
7.12,8.571428571428571,97.70879031327155,202,37,0,0,419.83,79.0,0,0
7.12,8.571428571428571,97.70234659021207,202,37,0,0,405.52,76.0,0,0
7.12,8.571428571428571,97.6963261644515,202,37,0,0,391.21,73.0,0,0
7.12,8.571428571428571,97.68221154018286,202,37,0,0,376.9,70.0,0,0
7.12,8.571428571428571,97.67447075521048,202,37,0,0,362.59000000000003,67.0,0,0
7.12,8.571428571428571,97.66573036516485,202,37,0,0,348.28,63.99999999999999,0,0
7.12,8.571428571428571,97.65373431459334,202,37,0,0,333.96999999999997,60.99999999999999,0,0
7.13,8.571428571428571,97.64188148089761,202,37,0,0,319.65999999999997,57.99999999999999,0,0
7.13,8.571428571428571,97.62815471010663,202,37,0,0,305.34999999999997,54.99999999999999,0,0
7.13,8.571428571428571,97.61404927326353,202,37,0,0,291.03999999999996,51.99999999999999,0,0
7.13,8.571428571428571,97.60675177420521,202,37,0,0,276.7299999999999,48.99999999999998,0,0
7.13,8.571428571428571,97.59231193001823,202,37,0,0,262.4199999999999,45.99999999999997,0,0
7.13,8.571428571428571,97.57974722576658,202,38,0,0,248.10999999999984,42.99999999999997,0,0
7.13,8.571428571428571,97.57747833056213,202,38,0,0,233.79999999999984,39.99999999999997,0,0
7.13,8.571428571428571,97.5671890876644,202,38,0,0,219.48999999999984,36.999999999999964,0,0
7.13,8.571428571428571,97.55832106210462,202,38,0,0,205.1799999999999,33.99999999999997,0,0
7.13,8.571428571428571,97.55346974896564,202,38,0,0,190.8699999999999,30.99999999999997,0,0
7.15,8.571428571428571,97.54646035603893,202,38,0,0,176.55999999999983,27.99999999999997,0,0
7.15,8.571428571428571,97.54578836351241,202,38,0,0,162.24999999999983,24.99999999999997,0,0
7.15,8.571428571428571,97.53748035911778,202,38,0,0,147.93999999999988,21.99999999999997,0,0
7.15,8.571428571428571,97.53158884481441,202,38,0,0,133.62999999999988,18.99999999999997,0,0
7.15,8.571428571428571,97.52714688200987,202,38,0,0,119.31999999999988,15.999999999999972,0,0
7.15,8.571428571428571,97.52450918208012,202,38,0,0,105.00999999999982,12.999999999999972,0,0
7.15,8.571428571428571,97.51579521920647,202,38,0,0,90.69999999999987,9.999999999999972,0,0
7.15,8.571428571428571,97.50988760665547,202,38,0,0,76.38999999999987,6.999999999999972,0,0
7.15,8.571428571428571,97.49504506927576,202,38,0,0,62.07999999999987,3.9999999999999716,0,0
7.15,8.571428571428571,97.48490053417429,202,38,0,0,47.76999999999987,0.9999999999999716,0,0
7.17,8.571428571428571,97.479685615541,202,38,0,0,43,0.0,0,0
7.17,8.571428571428571,97.47509034297356,202,38,0,0,57.31,3.0,0,0
7.17,8.571428571428571,97.48296007299379,202,38,0,0,71.62,6.0,0,0
7.17,8.571428571428571,97.49616015035328,202,38,0,0,85.93,9.0,0,0
7.17,8.571428571428571,97.49222640382365,202,38,0,0,100.24000000000001,12.0,0,0
7.17,8.571428571428571,97.49904773006452,202,38,0,0,114.55000000000001,15.0,0,0
7.17,8.571428571428571,97.4982681334984,202,38,0,0,128.86,18.0,0,0
7.17,8.571428571428571,97.50585633254641,202,38,0,0,143.16999999999996,21.0,0,0
7.17,8.571428571428571,97.50788923107498,202,38,0,0,157.48000000000002,24.0,0,0
7.17,8.571428571428571,97.51276033253627,203,38,0,0,171.79000000000002,27.0,0,0
7.18,8.571428571428571,97.51300571818294,203,38,0,0,186.10000000000002,30.0,0,0
7.18,8.571428571428571,97.518397287298,203,38,0,0,200.40999999999997,33.0,0,0
7.18,8.571428571428571,97.52421562007557,203,38,0,0,214.71999999999997,36.0,0,0
7.18,8.571428571428571,97.52463915747114,203,38,0,0,229.03000000000003,39.0,0,0
7.18,8.571428571428571,97.53936496102344,203,38,0,0,243.34000000000003,42.00000000000001,0,0
7.18,8.571428571428571,97.55219196256623,203,38,0,0,257.65000000000003,45.00000000000001,0,0
7.18,8.571428571428571,97.5653333247981,203,38,0,0,271.96000000000004,48.00000000000001,0,0
7.18,8.571428571428571,97.58683677033103,203,38,0,0,286.27000000000004,51.00000000000001,0,0
7.18,8.571428571428571,97.60085910577921,203,38,0,0,300.58000000000004,54.00000000000001,0,0
7.18,8.571428571428571,97.60612220259196,203,38,0,0,314.89000000000004,57.000000000000014,0,0
7.20,8.571428571428571,97.62332470056789,203,38,0,0,329.20000000000005,60.00000000000001,0,0
7.20,8.571428571428571,97.63541712520916,203,38,0,0,343.51,63.0,0,0
7.20,8.571428571428571,97.65649075811037,203,38,0,0,357.82,66.0,0,0
7.20,8.571428571428571,97.66449132184245,203,38,0,0,372.13,69.0,0,0
7.20,8.571428571428571,97.67801667858664,203,38,0,0,386.44,72.0,0,0
7.20,8.571428571428571,97.69282502322879,203,38,0,0,400.75,75.0,0,0
7.20,8.571428571428571,97.70106687954538,203,38,0,0,415.06,78.0,0,0
7.20,8.571428571428571,97.72632077307745,203,39,0,0,429.37,81.0,0,0
7.20,8.571428571428571,97.74385714878247,203,39,0,0,443.68,84.0,0,0
7.22,8.571428571428571,97.75014367421223,203,39,0,0,457.99,87.0,0,0
7.22,8.571428571428571,97.76466618390076,203,39,0,0,472.3,90.0,0,0
7.22,8.571428571428571,97.77808838963269,203,39,0,0,486.61,93.0,0,0
7.22,8.571428571428571,97.7835522829165,203,39,0,0,500.92,96.0,0,0
7.22,8.571428571428571,97.79590294045657,203,39,0,0,515.23,99.0,0,0
7.22,8.571428571428571,97.80800657334161,203,39,0,0,520,100.0,0,0
7.22,8.571428571428571,97.79365785900308,203,39,0,0,505.69,97.0,0,0
7.22,8.571428571428571,97.78413999876182,203,39,0,0,491.38,94.0,0,0
7.22,8.571428571428571,97.77233558766135,203,39,0,0,477.07,91.0,0,0
7.23,8.571428571428571,97.75319385674334,203,40,0,0,462.76,88.0,0,0
7.23,8.571428571428571,97.74226231658682,203,40,0,0,448.45,85.0,0,0
7.23,8.571428571428571,97.7363817678485,203,40,0,0,434.14,82.0,0,0
7.23,8.571428571428571,97.72785445970425,203,40,0,0,419.83,79.0,0,0
7.23,8.571428571428571,97.71665293693272,203,40,0,0,405.52,76.0,0,0
7.23,8.571428571428571,97.70009390220618,203,40,0,0,391.21,73.0,0,0
7.23,8.571428571428571,97.68198162576194,203,40,0,0,376.9,70.0,0,0
7.23,8.571428571428571,97.67543417709884,203,40,0,0,362.59000000000003,67.0,0,0
7.23,8.571428571428571,97.66813264299107,203,40,0,0,348.28,63.99999999999999,0,0
7.23,8.571428571428571,97.66053967478331,203,40,0,0,333.96999999999997,60.99999999999999,0,0
7.25,8.571428571428571,97.65464175132604,203,40,0,0,319.65999999999997,57.99999999999999,0,0
7.25,8.571428571428571,97.65231290379734,203,40,0,0,305.34999999999997,54.99999999999999,0,0
7.25,8.571428571428571,97.6434196765834,203,40,0,0,291.03999999999996,51.99999999999999,0,0
7.25,8.571428571428571,97.63034157120094,203,40,0,0,276.7299999999999,48.99999999999998,0,0
7.25,8.571428571428571,97.6148635700711,203,40,0,0,262.4199999999999,45.99999999999997,0,0
7.25,8.571428571428571,97.59776919206627,203,40,0,0,248.10999999999984,42.99999999999997,0,0
7.25,8.571428571428571,97.58394829587897,203,40,0,0,233.79999999999984,39.99999999999997,0,0
7.25,8.571428571428571,97.57929058970166,203,40,0,0,219.48999999999984,36.999999999999964,0,0
7.25,8.571428571428571,97.56776863047854,203,40,0,0,205.1799999999999,33.99999999999997,0,0
7.25,8.571428571428571,97.55645500368844,203,40,0,0,190.8699999999999,30.99999999999997,0,0
7.27,8.571428571428571,97.5528198647209,203,40,0,0,176.55999999999983,27.99999999999997,0,0
7.27,8.571428571428571,97.54121389957032,203,40,0,0,162.24999999999983,24.99999999999997,0,0
7.27,8.571428571428571,97.53051667676645,203,40,0,0,147.93999999999988,21.99999999999997,0,0
7.27,8.571428571428571,97.52159179735337,203,40,0,0,133.62999999999988,18.99999999999997,0,0
7.27,8.571428571428571,97.50904339173013,203,40,0,0,119.31999999999988,15.999999999999972,0,0
7.27,8.571428571428571,97.49698315521995,203,40,0,0,105.00999999999982,12.999999999999972,0,0
7.27,8.571428571428571,97.49110225216566,203,40,0,0,90.69999999999987,9.999999999999972,0,0
7.27,8.571428571428571,97.48451149592434,203,40,0,0,76.38999999999987,6.999999999999972,0,0
7.27,8.571428571428571,97.47345055948574,203,40,0,0,62.07999999999987,3.9999999999999716,0,0
7.27,8.571428571428571,97.46076294644152,203,40,0,0,47.76999999999987,0.9999999999999716,0,0
7.28,8.571428571428571,97.4506640822824,203,40,0,0,43,0.0,0,0
7.28,8.571428571428571,97.44367259767733,203,40,0,0,57.31,3.0,0,0
7.28,8.571428571428571,97.44586787888501,203,40,0,0,71.62,6.0,0,0
7.28,8.571428571428571,97.44296371565817,203,40,0,0,85.93,9.0,0,0
7.28,8.571428571428571,97.44328240219761,203,40,0,0,100.24000000000001,12.0,0,0
7.28,8.571428571428571,97.451148911305,203,40,0,0,114.55000000000001,15.0,0,0
7.28,8.571428571428571,97.44987176366477,203,40,0,0,128.86,18.0,0,0
7.28,8.571428571428571,97.45422661198104,204,40,0,0,143.16999999999996,21.0,0,0
7.28,8.571428571428571,97.45516461534292,204,40,0,0,157.48000000000002,24.0,0,0
7.28,8.571428571428571,97.45362815414859,204,40,0,0,171.79000000000002,27.0,0,0
7.30,8.571428571428571,97.44796584444147,204,40,0,0,186.10000000000002,30.0,0,0
7.30,8.571428571428571,97.45252929842951,204,40,0,0,200.40999999999997,33.0,0,0
7.30,8.571428571428571,97.45463529954314,204,40,0,0,214.71999999999997,36.0,0,0
7.30,8.571428571428571,97.46171084652796,205,40,0,0,229.03000000000003,39.0,0,0
7.30,8.571428571428571,97.46159693520525,205,40,0,0,243.34000000000003,42.00000000000001,0,0
7.30,8.571428571428571,97.46970253932226,205,40,0,0,257.65000000000003,45.00000000000001,0,0
7.30,8.571428571428571,97.47543617907468,205,40,0,0,271.96000000000004,48.00000000000001,0,0
7.30,8.571428571428571,97.49210906205566,205,40,0,0,286.27000000000004,51.00000000000001,0,0
7.30,8.571428571428571,97.51149514067136,205,40,0,0,300.58000000000004,54.00000000000001,0,0
7.30,8.571428571428571,97.53278096088573,205,40,0,0,314.89000000000004,57.000000000000014,0,0
7.32,8.571428571428571,97.55952508796904,205,40,0,0,329.20000000000005,60.00000000000001,0,0
7.32,8.571428571428571,97.57952562329106,205,40,0,0,343.51,63.0,0,0
7.32,8.571428571428571,97.5967697036465,206,40,0,0,357.82,66.0,0,0
7.32,8.571428571428571,97.62057413764917,206,40,0,0,372.13,69.0,0,0
7.32,8.571428571428571,97.63685890592977,206,40,0,0,386.44,72.0,0,0
7.32,8.571428571428571,97.64370031028518,207,40,0,0,400.75,75.0,0,0
7.32,8.571428571428571,97.65295029552897,207,40,0,0,415.06,78.0,0,0
7.32,8.571428571428571,97.67629545326182,207,40,0,0,429.37,81.0,0,0
7.32,8.571428571428571,97.68798011611109,207,40,0,0,443.68,84.0,0,0
7.32,8.571428571428571,97.71040094153702,207,40,0,0,457.99,87.0,0,0
7.33,8.571428571428571,97.73060611781045,207,40,0,0,472.3,90.0,0,0
7.33,8.571428571428571,97.74155826445181,207,40,0,0,486.61,93.0,0,0
7.33,8.571428571428571,97.74905710024495,207,40,0,0,500.92,96.0,0,0
7.33,8.571428571428571,97.76319961334475,207,40,0,0,515.23,99.0,0,0
7.33,8.571428571428571,97.77418798836182,207,40,0,0,520,100.0,0,0
7.33,8.571428571428571,97.76912746990014,207,40,0,0,505.69,97.0,0,0
7.33,8.571428571428571,97.7612297213077,207,40,0,0,491.38,94.0,0,0
7.33,8.571428571428571,97.75006733323924,207,40,0,0,477.07,91.0,0,0
7.33,8.571428571428571,97.73809993277908,207,40,0,0,462.76,88.0,0,0
7.33,8.571428571428571,97.73142395540172,207,40,0,0,448.45,85.0,0,0
7.35,8.571428571428571,97.7257258674293,207,40,0,0,434.14,82.0,0,0
7.35,8.571428571428571,97.71186072002641,207,40,0,0,419.83,79.0,0,0
7.35,8.571428571428571,97.70197277605426,207,40,0,0,405.52,76.0,0,0
7.35,8.571428571428571,97.68526055038359,207,40,0,0,391.21,73.0,0,0
7.35,8.571428571428571,97.66698128901143,207,40,0,0,376.9,70.0,0,0
7.35,8.571428571428571,97.65018245956402,207,40,0,0,362.59000000000003,67.0,0,0
7.35,8.571428571428571,97.63530399425515,208,40,0,0,348.28,63.99999999999999,0,0
7.35,8.571428571428571,97.62482022568844,208,40,0,0,333.96999999999997,60.99999999999999,0,0
7.35,8.571428571428571,97.61460428722147,208,40,0,0,319.65999999999997,57.99999999999999,0,0
7.35,8.571428571428571,97.6036128127408,208,40,0,0,305.34999999999997,54.99999999999999,0,0
7.37,8.571428571428571,97.586808360873,208,40,0,0,291.03999999999996,51.99999999999999,0,0
7.37,8.571428571428571,97.57378541399389,208,40,0,0,276.7299999999999,48.99999999999998,0,0
7.37,8.571428571428571,97.56274389556214,208,40,0,0,262.4199999999999,45.99999999999997,0,0
7.37,8.571428571428571,97.55734593727287,208,40,0,0,248.10999999999984,42.99999999999997,0,0
7.37,8.571428571428571,97.5517148442722,208,40,0,0,233.79999999999984,39.99999999999997,0,0
7.37,8.571428571428571,97.54246056513793,208,40,0,0,219.48999999999984,36.999999999999964,0,0
7.37,8.571428571428571,97.5293236735049,208,40,0,0,205.1799999999999,33.99999999999997,0,0
7.37,8.571428571428571,97.51962978950286,208,40,0,0,190.8699999999999,30.99999999999997,0,0
7.37,8.571428571428571,97.51618453517419,208,40,0,0,176.55999999999983,27.99999999999997,0,0
7.37,8.571428571428571,97.50819093847865,208,40,0,0,162.24999999999983,24.99999999999997,0,0
7.38,8.571428571428571,97.4939751952962,208,40,0,0,147.93999999999988,21.99999999999997,0,0
7.38,8.571428571428571,97.48419920915916,208,40,0,0,133.62999999999988,18.99999999999997,0,0
7.38,8.571428571428571,97.47813092290387,208,40,0,0,119.31999999999988,15.999999999999972,0,0
7.38,8.571428571428571,97.46902029553179,208,40,0,0,105.00999999999982,12.999999999999972,0,0
7.38,8.571428571428571,97.46236302893995,208,40,0,0,90.69999999999987,9.999999999999972,0,0
7.38,8.571428571428571,97.45371160116964,208,40,0,0,76.38999999999987,6.999999999999972,0,0
7.38,8.571428571428571,97.44523250910164,208,40,0,0,62.07999999999987,3.9999999999999716,0,0
7.38,8.571428571428571,97.43639645505766,208,40,0,0,47.76999999999987,0.9999999999999716,0,0
7.38,8.571428571428571,97.4287257403508,208,40,0,0,43,0.0,0,0
7.38,8.571428571428571,97.43651741628264,208,40,0,0,57.31,3.0,0,0
7.40,8.571428571428571,97.44220874554516,208,40,0,0,71.62,6.0,0,0
7.40,8.571428571428571,97.45109099219287,208,40,0,0,85.93,9.0,0,0
7.40,8.571428571428571,97.44896502995046,208,40,0,0,100.24000000000001,12.0,0,0
7.40,8.571428571428571,97.46154962051425,208,40,0,0,114.55000000000001,15.0,0,0
7.40,8.571428571428571,97.46995607324929,208,41,0,0,128.86,18.0,0,0
7.40,8.571428571428571,97.47465178643738,208,41,0,0,143.16999999999996,21.0,0,0
7.40,8.571428571428571,97.48191087502434,208,41,0,0,157.48000000000002,24.0,0,0
7.40,8.571428571428571,97.48559144421051,208,41,0,0,171.79000000000002,27.0,0,0
7.40,8.571428571428571,97.48076906574339,208,41,0,0,186.10000000000002,30.0,0,0
7.40,8.571428571428571,97.49096708104348,208,41,0,0,200.40999999999997,33.0,0,0
7.42,8.571428571428571,97.48749748257147,208,41,0,0,214.71999999999997,36.0,0,0
7.42,8.571428571428571,97.48924035168419,208,41,0,0,229.03000000000003,39.0,0,0
7.42,8.571428571428571,97.48994685692152,208,41,0,0,243.34000000000003,42.00000000000001,0,0
7.42,8.571428571428571,97.48847239488936,208,41,0,0,257.65000000000003,45.00000000000001,0,0
7.42,8.571428571428571,97.49586082805781,208,41,0,0,271.96000000000004,48.00000000000001,0,0
7.42,8.571428571428571,97.49900907893596,208,41,0,0,286.27000000000004,51.00000000000001,0,0
7.42,8.571428571428571,97.51501670999889,208,41,0,0,300.58000000000004,54.00000000000001,0,0
7.42,8.571428571428571,97.51967619398917,208,41,0,0,314.89000000000004,57.000000000000014,0,0
7.42,8.571428571428571,97.5337470017858,208,41,0,0,329.20000000000005,60.00000000000001,0,0
7.42,8.571428571428571,97.54163946577178,208,41,0,0,343.51,63.0,0,0
7.43,8.571428571428571,97.5635429549657,208,41,0,0,357.82,66.0,0,0
7.43,8.571428571428571,97.58515572251693,208,41,0,0,372.13,69.0,0,0
7.43,8.571428571428571,97.58951580604455,208,41,0,0,386.44,72.0,0,0
7.43,8.571428571428571,97.59199962496652,208,41,0,0,400.75,75.0,0,0
7.43,8.571428571428571,97.60508228016619,208,41,0,0,415.06,78.0,0,0
7.43,8.571428571428571,97.61188082647361,208,41,0,0,429.37,81.0,0,0
7.43,8.571428571428571,97.62348373987729,208,41,0,0,443.68,84.0,0,0
7.43,8.571428571428571,97.63181650541269,208,41,0,0,457.99,87.0,0,0
7.43,8.571428571428571,97.65188014242749,208,41,0,0,472.3,90.0,0,0
7.45,8.571428571428571,97.66850539223665,208,41,0,0,486.61,93.0,0,0
7.45,8.571428571428571,97.6716096824953,208,41,0,0,500.92,96.0,0,0
7.45,8.571428571428571,97.68220485050696,208,41,0,0,515.23,99.0,0,0
7.45,8.571428571428571,97.69771228030964,208,41,0,0,520,100.0,0,0
7.45,8.571428571428571,97.69149856731174,208,41,0,0,505.69,97.0,0,0
7.45,8.571428571428571,97.67812440023658,208,41,0,0,491.38,94.0,0,0
7.45,8.571428571428571,97.67245815133668,208,41,0,0,477.07,91.0,0,0
7.45,8.571428571428571,97.65960169477803,208,41,0,0,462.76,88.0,0,0
7.45,8.571428571428571,97.64640028479697,208,41,0,0,448.45,85.0,0,0
7.45,8.571428571428571,97.64009382676069,208,41,0,0,434.14,82.0,0,0
7.47,8.571428571428571,97.62923427942692,208,41,0,0,419.83,79.0,0,0
7.47,8.571428571428571,97.62491322819805,208,41,0,0,405.52,76.0,0,0
7.47,8.571428571428571,97.62536919236967,208,41,0,0,391.21,73.0,0,0
7.47,8.571428571428571,97.62126251720123,208,41,0,0,376.9,70.0,0,0
7.47,8.571428571428571,97.60552066584341,208,41,0,0,362.59000000000003,67.0,0,0
7.47,8.571428571428571,97.59301739120322,208,41,0,0,348.28,63.99999999999999,0,0
7.47,8.571428571428571,97.58027532790318,208,41,0,0,333.96999999999997,60.99999999999999,0,0
7.47,8.571428571428571,97.56468749148884,208,41,0,0,319.65999999999997,57.99999999999999,0,0
7.47,8.571428571428571,97.56059754356673,208,41,0,0,305.34999999999997,54.99999999999999,0,0
7.47,8.571428571428571,97.5508135521752,208,41,0,0,291.03999999999996,51.99999999999999,0,0
7.48,8.571428571428571,97.54469094832736,208,41,0,0,276.7299999999999,48.99999999999998,0,0
7.48,8.571428571428571,97.54266455541847,208,41,0,0,262.4199999999999,45.99999999999997,0,0
7.48,8.571428571428571,97.53871092800522,208,41,0,0,248.10999999999984,42.99999999999997,0,0
7.48,8.571428571428571,97.53225463394553,208,41,0,0,233.79999999999984,39.99999999999997,0,0
7.48,8.571428571428571,97.52668801520898,208,41,0,0,219.48999999999984,36.999999999999964,0,0
7.48,8.571428571428571,97.51076537902847,208,41,0,0,205.1799999999999,33.99999999999997,0,0
7.48,8.571428571428571,97.5019490133629,208,41,0,0,190.8699999999999,30.99999999999997,0,0
7.48,8.571428571428571,97.49538349806676,208,41,0,0,176.55999999999983,27.99999999999997,0,0
7.48,8.571428571428571,97.48493215722941,208,41,0,0,162.24999999999983,24.99999999999997,0,0
7.48,8.571428571428571,97.47620035596972,208,41,0,0,147.93999999999988,21.99999999999997,0,0
7.50,8.571428571428571,97.46359825672296,208,41,0,0,133.62999999999988,18.99999999999997,0,0
7.50,8.571428571428571,97.45590130294656,208,41,0,0,119.31999999999988,15.999999999999972,0,0
7.50,8.571428571428571,97.44242029204034,208,41,0,0,105.00999999999982,12.999999999999972,0,0
7.50,8.571428571428571,97.43340700199441,208,41,0,0,90.69999999999987,9.999999999999972,0,0
7.50,8.571428571428571,97.41519210913322,208,41,0,0,76.38999999999987,6.999999999999972,0,0
7.50,8.571428571428571,97.40352835842823,208,41,0,0,62.07999999999987,3.9999999999999716,0,0
7.50,8.571428571428571,97.39200834224278,208,41,0,0,47.76999999999987,0.9999999999999716,0,0
7.50,8.571428571428571,97.38192479926991,208,41,0,0,43,0.0,0,0
7.50,8.571428571428571,97.37710665320951,208,41,0,0,57.31,3.0,0,0
7.50,8.571428571428571,97.370186213753,208,41,0,0,71.62,6.0,0,0
7.52,8.571428571428571,97.37497962488504,208,41,0,0,85.93,9.0,0,0
7.52,8.571428571428571,97.37049701694967,208,41,0,0,100.24000000000001,12.0,0,0
7.52,8.571428571428571,97.37281476740574,208,41,0,0,114.55000000000001,15.0,0,0
7.52,8.571428571428571,97.37597309875042,208,41,0,0,128.86,18.0,0,0
7.52,8.571428571428571,97.37845348853735,208,41,0,0,143.16999999999996,21.0,0,0
7.52,8.571428571428571,97.38261154243571,208,41,0,0,157.48000000000002,24.0,0,0
7.52,8.571428571428571,97.38533106718751,208,41,0,0,171.79000000000002,27.0,0,0
7.52,8.571428571428571,97.3906965147305,208,41,0,0,186.10000000000002,30.0,0,0
7.52,8.571428571428571,97.39661817715627,208,41,0,0,200.40999999999997,33.0,0,0
7.52,8.571428571428571,97.4066207763955,208,41,0,0,214.71999999999997,36.0,0,0
7.53,8.571428571428571,97.40786862668305,208,41,0,0,229.03000000000003,39.0,0,0
7.53,8.571428571428571,97.41247023715498,208,41,0,0,243.34000000000003,42.00000000000001,0,0
7.53,8.571428571428571,97.40847025119578,208,41,0,0,257.65000000000003,45.00000000000001,0,0
7.53,8.571428571428571,97.41593484389081,208,41,0,0,271.96000000000004,48.00000000000001,0,0
7.53,8.571428571428571,97.42972025992381,208,41,0,0,286.27000000000004,51.00000000000001,0,0
7.53,8.571428571428571,97.45588739864452,208,41,0,0,300.58000000000004,54.00000000000001,0,0
7.53,8.571428571428571,97.46128917046288,208,41,0,0,314.89000000000004,57.000000000000014,0,0
7.53,8.571428571428571,97.47595125930326,208,41,0,0,329.20000000000005,60.00000000000001,0,0
7.53,8.571428571428571,97.49418641082148,208,41,0,0,343.51,63.0,0,0
7.53,8.571428571428571,97.50434103795561,208,41,0,0,357.82,66.0,0,0
7.55,8.571428571428571,97.50654184472204,208,41,0,0,372.13,69.0,0,0
7.55,8.571428571428571,97.52236704528939,208,41,0,0,386.44,72.0,0,0
7.55,8.571428571428571,97.53236733754976,208,41,0,0,400.75,75.0,0,0
7.55,8.571428571428571,97.55754748309236,208,41,0,0,415.06,78.0,0,0
7.55,8.571428571428571,97.57885623475336,208,41,0,0,429.37,81.0,0,0
7.55,8.571428571428571,97.59589314561781,208,41,0,0,443.68,84.0,0,0
7.55,8.571428571428571,97.61061850090137,208,41,0,0,457.99,87.0,0,0
7.55,8.571428571428571,97.6294780252854,208,41,0,0,472.3,90.0,0,0
7.55,8.571428571428571,97.64330385306468,208,41,0,0,486.61,93.0,0,0
7.55,8.571428571428571,97.66233953717469,208,41,0,0,500.92,96.0,0,0
7.57,8.571428571428571,97.68737646525135,208,41,0,0,515.23,99.0,0,0
7.57,8.571428571428571,97.70219965251829,208,41,0,0,520,100.0,0,0
7.57,8.571428571428571,97.69159969361078,208,41,0,0,505.69,97.0,0,0
7.57,8.571428571428571,97.67621120768325,208,41,0,0,491.38,94.0,0,0
7.57,8.571428571428571,97.66793820568496,208,41,0,0,477.07,91.0,0,0
7.57,8.571428571428571,97.66079790750727,208,41,0,0,462.76,88.0,0,0
7.57,8.571428571428571,97.64416070829171,208,41,0,0,448.45,85.0,0,0
7.57,8.571428571428571,97.62872168320027,208,41,0,0,434.14,82.0,0,0
7.57,8.571428571428571,97.6200817754307,208,41,0,0,419.83,79.0,0,0
7.57,8.571428571428571,97.61107131118968,208,41,0,0,405.52,76.0,0,0
7.58,8.571428571428571,97.60039545542776,208,41,0,0,391.21,73.0,0,0
7.58,8.571428571428571,97.59893209633329,208,41,0,0,376.9,70.0,0,0
7.58,8.571428571428571,97.59096198406317,208,41,0,0,362.59000000000003,67.0,0,0
7.58,8.571428571428571,97.58413580907252,208,41,0,0,348.28,63.99999999999999,0,0
7.58,8.571428571428571,97.57201984763788,208,41,0,0,333.96999999999997,60.99999999999999,0,0
7.58,8.571428571428571,97.56496855574319,208,41,0,0,319.65999999999997,57.99999999999999,0,0
7.58,8.571428571428571,97.55923501519051,208,41,0,0,305.34999999999997,54.99999999999999,0,0
7.58,8.571428571428571,97.5525981153663,208,41,0,0,291.03999999999996,51.99999999999999,0,0
7.58,8.571428571428571,97.54489705034514,208,41,0,0,276.7299999999999,48.99999999999998,0,0
7.58,8.571428571428571,97.53122967513431,208,41,0,0,262.4199999999999,45.99999999999997,0,0
7.60,8.571428571428571,97.52020690525663,208,41,0,0,248.10999999999984,42.99999999999997,0,0
7.60,8.571428571428571,97.50645188053639,208,41,0,0,233.79999999999984,39.99999999999997,0,0
7.60,8.571428571428571,97.50110013222414,208,41,0,0,219.48999999999984,36.999999999999964,0,0
7.60,8.571428571428571,97.49506037001825,208,41,0,0,205.1799999999999,33.99999999999997,0,0
7.60,8.571428571428571,97.47904090638151,208,41,0,0,190.8699999999999,30.99999999999997,0,0
7.60,8.571428571428571,97.4696285421808,208,41,0,0,176.55999999999983,27.99999999999997,0,0
7.60,8.571428571428571,97.4542484902987,208,41,0,0,162.24999999999983,24.99999999999997,0,0
7.60,8.571428571428571,97.44958807288882,208,41,0,0,147.93999999999988,21.99999999999997,0,0
7.60,8.571428571428571,97.44284549682382,208,41,0,0,133.62999999999988,18.99999999999997,0,0
7.60,8.571428571428571,97.43391858679017,208,41,0,0,119.31999999999988,15.999999999999972,0,0
7.62,8.571428571428571,97.42363889997986,208,41,0,0,105.00999999999982,12.999999999999972,0,0
7.62,8.571428571428571,97.40557281724797,208,41,0,0,90.69999999999987,9.999999999999972,0,0
7.62,8.571428571428571,97.40352087735462,208,41,0,0,76.38999999999987,6.999999999999972,0,0
7.62,8.571428571428571,97.400139432972,208,41,0,0,62.07999999999987,3.9999999999999716,0,0
7.62,8.571428571428571,97.39565288878936,208,41,0,0,47.76999999999987,0.9999999999999716,0,0
7.62,8.571428571428571,97.38104843370748,208,41,0,0,43,0.0,0,0
7.62,8.571428571428571,97.38398145242051,208,41,0,0,57.31,3.0,0,0
7.62,8.571428571428571,97.38270899860879,208,41,0,0,71.62,6.0,0,0
7.62,8.571428571428571,97.38021614935627,208,41,0,0,85.93,9.0,0,0
7.62,8.571428571428571,97.38487146532121,208,41,0,0,100.24000000000001,12.0,0,0
7.63,8.571428571428571,97.38869973365783,208,41,0,0,114.55000000000001,15.0,0,0
7.63,8.571428571428571,97.39694043350222,208,41,0,0,128.86,18.0,0,0
7.63,8.571428571428571,97.39591996546812,208,41,0,0,143.16999999999996,21.0,0,0
7.63,8.571428571428571,97.40715961310123,208,41,0,0,157.48000000000002,24.0,0,0
7.63,8.571428571428571,97.41670172288146,208,41,0,0,171.79000000000002,27.0,0,0
7.63,8.571428571428571,97.41776312737663,208,41,0,0,186.10000000000002,30.0,0,0
7.63,8.571428571428571,97.41986530197242,208,41,0,0,200.40999999999997,33.0,0,0
7.63,8.571428571428571,97.42454109490988,208,41,0,0,214.71999999999997,36.0,0,0
7.63,8.571428571428571,97.42356197791536,208,41,0,0,229.03000000000003,39.0,0,0
7.63,8.571428571428571,97.42622483706344,208,41,0,0,243.34000000000003,42.00000000000001,0,0
7.65,8.571428571428571,97.42445174631263,208,41,0,0,257.65000000000003,45.00000000000001,0,0
7.65,8.571428571428571,97.42798415921843,208,41,0,0,271.96000000000004,48.00000000000001,0,0
7.65,8.571428571428571,97.45046700483603,208,41,0,0,286.27000000000004,51.00000000000001,0,0
7.65,8.571428571428571,97.47557630501572,208,41,0,0,300.58000000000004,54.00000000000001,0,0
7.65,8.571428571428571,97.48854243533113,209,41,0,0,314.89000000000004,57.000000000000014,0,0
7.65,8.571428571428571,97.51259138617174,210,41,0,0,329.20000000000005,60.00000000000001,0,0
7.65,8.571428571428571,97.52093883875345,210,41,0,0,343.51,63.0,0,0
7.65,8.571428571428571,97.53433632040078,210,41,0,0,357.82,66.0,0,0
7.65,8.571428571428571,97.55296143149792,210,41,0,0,372.13,69.0,0,0
7.65,8.571428571428571,97.57541859120452,210,41,0,0,386.44,72.0,0,0
7.67,8.571428571428571,97.59114749873045,210,41,0,0,400.75,75.0,0,0
7.67,8.571428571428571,97.61131875013444,210,41,0,0,415.06,78.0,0,0
7.67,8.571428571428571,97.62848275737133,210,42,0,0,429.37,81.0,0,0
7.67,8.571428571428571,97.6440198260042,210,42,0,0,443.68,84.0,0,0
7.67,8.571428571428571,97.6517534019585,211,42,0,0,457.99,87.0,0,0
7.67,8.571428571428571,97.66891011047525,211,42,0,0,472.3,90.0,0,0
7.67,8.571428571428571,97.67892136611219,211,42,0,0,486.61,93.0,0,0
7.67,8.571428571428571,97.69228126417516,211,42,0,0,500.92,96.0,0,0
7.68,8.571428571428571,97.69587171208639,211,42,0,0,515.23,99.0,0,0
7.68,8.571428571428571,97.7068268165056,211,42,0,0,520,100.0,0,0
7.68,8.571428571428571,97.6934092551137,211,42,0,0,505.69,97.0,0,0
7.68,8.571428571428571,97.68767763197874,211,42,0,0,491.38,94.0,0,0
7.68,8.571428571428571,97.68270077390088,211,42,0,0,477.07,91.0,0,0
7.68,8.571428571428571,97.66512963253665,211,42,0,0,462.76,88.0,0,0
7.68,8.571428571428571,97.65777790690503,211,42,0,0,448.45,85.0,0,0
7.68,8.571428571428571,97.64889726005595,211,42,0,0,434.14,82.0,0,0
7.68,8.571428571428571,97.64371861527445,211,42,0,0,419.83,79.0,0,0
7.68,8.571428571428571,97.63207644233881,211,42,0,0,405.52,76.0,0,0
7.70,8.571428571428571,97.62331681314774,211,42,0,0,391.21,73.0,0,0
7.70,8.571428571428571,97.6127127740191,211,42,0,0,376.9,70.0,0,0
7.70,8.571428571428571,97.59812585872672,211,42,0,0,362.59000000000003,67.0,0,0
7.70,8.571428571428571,97.59402513957357,211,42,0,0,348.28,63.99999999999999,0,0
7.70,8.571428571428571,97.58397861563552,211,42,0,0,333.96999999999997,60.99999999999999,0,0
7.70,8.571428571428571,97.57850179570008,211,42,0,0,319.65999999999997,57.99999999999999,0,0
7.70,8.571428571428571,97.5688079891174,211,42,0,0,305.34999999999997,54.99999999999999,0,0
7.70,8.571428571428571,97.55525708773179,211,42,0,0,291.03999999999996,51.99999999999999,0,0
7.70,8.571428571428571,97.54540027978979,211,42,0,0,276.7299999999999,48.99999999999998,0,0
7.70,8.571428571428571,97.53691455605312,211,42,0,0,262.4199999999999,45.99999999999997,0,0
7.72,8.571428571428571,97.52007759685526,211,42,0,0,248.10999999999984,42.99999999999997,0,0
7.72,8.571428571428571,97.51636591195991,211,42,0,0,233.79999999999984,39.99999999999997,0,0
7.72,8.571428571428571,97.50257791354996,211,42,0,0,219.48999999999984,36.999999999999964,0,0
7.72,8.571428571428571,97.49218796612541,211,42,0,0,205.1799999999999,33.99999999999997,0,0
7.72,8.571428571428571,97.48937618902339,211,42,0,0,190.8699999999999,30.99999999999997,0,0
7.72,8.571428571428571,97.47406448868107,212,42,0,0,176.55999999999983,27.99999999999997,0,0
7.72,8.571428571428571,97.46110128708956,212,42,0,0,162.24999999999983,24.99999999999997,0,0
7.72,8.571428571428571,97.44731127916778,212,42,0,0,147.93999999999988,21.99999999999997,0,0
7.72,8.571428571428571,97.43836535437754,212,42,0,0,133.62999999999988,18.99999999999997,0,0
7.72,8.571428571428571,97.42488986113078,212,42,0,0,119.31999999999988,15.999999999999972,0,0
7.73,8.571428571428571,97.41148967877282,212,42,0,0,105.00999999999982,12.999999999999972,0,0
7.73,8.571428571428571,97.3986710045182,212,42,0,0,90.69999999999987,9.999999999999972,0,0
7.73,8.571428571428571,97.39124596258081,212,42,0,0,76.38999999999987,6.999999999999972,0,0
7.73,8.571428571428571,97.37620461860087,212,42,0,0,62.07999999999987,3.9999999999999716,0,0
7.73,8.571428571428571,97.35935843471604,212,42,0,0,47.76999999999987,0.9999999999999716,0,0
7.73,8.571428571428571,97.35526296170518,212,42,0,0,43,0.0,0,0
7.73,8.571428571428571,97.36689109643339,212,42,0,0,57.31,3.0,0,0
7.73,8.571428571428571,97.37221205024339,212,42,0,0,71.62,6.0,0,0
7.73,8.571428571428571,97.3739159872538,212,42,0,0,85.93,9.0,0,0
7.73,8.571428571428571,97.38408226530757,212,42,0,0,100.24000000000001,12.0,0,0
7.75,8.571428571428571,97.38568306998059,212,42,0,0,114.55000000000001,15.0,0,0
7.75,8.571428571428571,97.3959140278049,212,42,0,0,128.86,18.0,0,0
7.75,8.571428571428571,97.39912917050351,212,42,0,0,143.16999999999996,21.0,0,0
7.75,8.571428571428571,97.41234129323799,212,43,0,0,157.48000000000002,24.0,0,0
7.75,8.571428571428571,97.41438180617942,212,43,0,0,171.79000000000002,27.0,0,0
7.75,8.571428571428571,97.41050547762887,212,43,0,0,186.10000000000002,30.0,0,0
7.75,8.571428571428571,97.409383893946,212,43,0,0,200.40999999999997,33.0,0,0
7.75,8.571428571428571,97.40444097796552,212,43,0,0,214.71999999999997,36.0,0,0
7.75,8.571428571428571,97.40534433828095,212,43,0,0,229.03000000000003,39.0,0,0
7.75,8.571428571428571,97.40164184641883,212,43,0,0,243.34000000000003,42.00000000000001,0,0
7.77,8.571428571428571,97.40626353194672,212,43,0,0,257.65000000000003,45.00000000000001,0,0
7.77,8.571428571428571,97.40639962519147,212,43,0,0,271.96000000000004,48.00000000000001,0,0
7.77,8.571428571428571,97.41265775396516,212,43,0,0,286.27000000000004,51.00000000000001,0,0
7.77,8.571428571428571,97.42798802160358,212,43,0,0,300.58000000000004,54.00000000000001,0,0
7.77,8.571428571428571,97.44425856117184,212,43,0,0,314.89000000000004,57.000000000000014,0,0
7.77,8.571428571428571,97.45725307072111,212,43,0,0,329.20000000000005,60.00000000000001,0,0
7.77,8.571428571428571,97.47200692280161,212,43,0,0,343.51,63.0,0,0
7.77,8.571428571428571,97.49570811652251,212,43,0,0,357.82,66.0,0,0
7.77,8.571428571428571,97.51401835137167,212,43,0,0,372.13,69.0,0,0
7.77,8.571428571428571,97.52379673510278,212,43,0,0,386.44,72.0,0,0
7.78,8.571428571428571,97.54517740944316,212,43,0,0,400.75,75.0,0,0
7.78,8.571428571428571,97.55111287479278,212,43,0,0,415.06,78.0,0,0
7.78,8.571428571428571,97.56835812219187,212,43,0,0,429.37,81.0,0,0
7.78,8.571428571428571,97.58442742061456,212,43,0,0,443.68,84.0,0,0
7.78,8.571428571428571,97.60117639718996,213,43,0,0,457.99,87.0,0,0
7.78,8.571428571428571,97.60380573516395,213,43,0,0,472.3,90.0,0,0
7.78,8.571428571428571,97.6194855253637,213,43,0,0,486.61,93.0,0,0
7.78,8.571428571428571,97.6357632698367,213,43,0,0,500.92,96.0,0,0
7.78,8.571428571428571,97.64604272022103,213,43,0,0,515.23,99.0,0,0
7.78,8.571428571428571,97.66185010614907,213,43,0,0,520,100.0,0,0
7.80,8.571428571428571,97.65158901840294,213,43,0,0,505.69,97.0,0,0
7.80,8.571428571428571,97.64197658482762,213,43,0,0,491.38,94.0,0,0
7.80,8.571428571428571,97.63975177263418,213,43,0,0,477.07,91.0,0,0
7.80,8.571428571428571,97.63925359141113,213,43,0,0,462.76,88.0,0,0
7.80,8.571428571428571,97.62846091059649,213,43,0,0,448.45,85.0,0,0
7.80,8.571428571428571,97.61548766013289,213,43,0,0,434.14,82.0,0,0
7.80,8.571428571428571,97.60714449607222,213,43,0,0,419.83,79.0,0,0
7.80,8.571428571428571,97.60511648791592,213,43,0,0,405.52,76.0,0,0
7.80,8.571428571428571,97.59839416841399,213,43,0,0,391.21,73.0,0,0
7.80,8.571428571428571,97.58911915163303,213,43,0,0,376.9,70.0,0,0
7.82,8.571428571428571,97.5741696761523,213,43,0,0,362.59000000000003,67.0,0,0
7.82,8.571428571428571,97.56370158277377,213,44,0,0,348.28,63.99999999999999,0,0
7.82,8.571428571428571,97.55928065942253,213,44,0,0,333.96999999999997,60.99999999999999,0,0
7.82,8.571428571428571,97.54547519399327,213,44,0,0,319.65999999999997,57.99999999999999,0,0
7.82,8.571428571428571,97.53538069644131,213,44,0,0,305.34999999999997,54.99999999999999,0,0
7.82,8.571428571428571,97.5194218686922,213,44,0,0,291.03999999999996,51.99999999999999,0,0
7.82,8.571428571428571,97.51699071086178,213,44,0,0,276.7299999999999,48.99999999999998,0,0
7.82,8.571428571428571,97.51211776995983,213,44,0,0,262.4199999999999,45.99999999999997,0,0
7.82,8.571428571428571,97.49827991629503,213,44,0,0,248.10999999999984,42.99999999999997,0,0
7.82,8.571428571428571,97.49824543377545,213,44,0,0,233.79999999999984,39.99999999999997,0,0
7.83,8.571428571428571,97.49312366518423,213,44,0,0,219.48999999999984,36.999999999999964,0,0
7.83,8.571428571428571,97.48238842446041,213,44,0,0,205.1799999999999,33.99999999999997,0,0
7.83,8.571428571428571,97.46940834931063,213,44,0,0,190.8699999999999,30.99999999999997,0,0
7.83,8.571428571428571,97.45559127602417,213,44,0,0,176.55999999999983,27.99999999999997,0,0
7.83,8.571428571428571,97.44313907781894,213,44,0,0,162.24999999999983,24.99999999999997,0,0
7.83,8.571428571428571,97.42912278241113,213,44,0,0,147.93999999999988,21.99999999999997,0,0
7.83,8.571428571428571,97.42456025225549,213,44,0,0,133.62999999999988,18.99999999999997,0,0
7.83,8.571428571428571,97.41557649386115,213,44,0,0,119.31999999999988,15.999999999999972,0,0
7.83,8.571428571428571,97.41068286587067,213,44,0,0,105.00999999999982,12.999999999999972,0,0
7.85,8.571428571428571,97.4038829543227,213,44,0,0,90.69999999999987,9.999999999999972,0,0
7.85,8.571428571428571,97.390619194521,213,44,0,0,76.38999999999987,6.999999999999972,0,0
7.85,8.571428571428571,97.39066932831287,213,44,0,0,62.07999999999987,3.9999999999999716,0,0
7.85,8.571428571428571,97.38756372753983,213,44,0,0,47.76999999999987,0.9999999999999716,0,0
7.85,8.571428571428571,97.36993290106814,213,44,0,0,43,0.0,0,0
7.85,8.571428571428571,97.37201186297459,213,44,0,0,57.31,3.0,0,0
7.85,8.571428571428571,97.38231229323043,213,44,0,0,71.62,6.0,0,0
7.85,8.571428571428571,97.38456072585518,213,44,0,0,85.93,9.0,0,0
7.85,8.571428571428571,97.38736753966757,213,44,0,0,100.24000000000001,12.0,0,0
7.87,8.571428571428571,97.3860095203644,213,44,0,0,114.55000000000001,15.0,0,0
7.87,8.571428571428571,97.38089687457297,213,44,0,0,128.86,18.0,0,0
7.87,8.571428571428571,97.38777271696708,213,44,0,0,143.16999999999996,21.0,0,0
7.87,8.571428571428571,97.40062339078582,213,44,0,0,157.48000000000002,24.0,0,0
7.87,8.571428571428571,97.40706590155882,213,44,0,0,171.79000000000002,27.0,0,0
7.87,8.571428571428571,97.40932038411519,213,44,0,0,186.10000000000002,30.0,0,0
7.87,8.571428571428571,97.41528702792397,213,44,0,0,200.40999999999997,33.0,0,0
7.87,8.571428571428571,97.41795729431306,213,44,0,0,214.71999999999997,36.0,0,0
7.88,8.571428571428571,97.42424628954507,213,44,0,0,229.03000000000003,39.0,0,0
7.88,8.571428571428571,97.42686629653083,213,44,0,0,243.34000000000003,42.00000000000001,0,0
7.88,8.571428571428571,97.43199292931826,213,44,0,0,257.65000000000003,45.00000000000001,0,0
7.88,8.571428571428571,97.43138686436988,214,44,0,0,271.96000000000004,48.00000000000001,0,0
7.88,8.571428571428571,97.44158086663442,214,44,0,0,286.27000000000004,51.00000000000001,0,0
7.88,8.571428571428571,97.44885136463257,214,44,0,0,300.58000000000004,54.00000000000001,0,0
7.90,8.571428571428571,97.46077032083508,214,44,0,0,314.89000000000004,57.000000000000014,0,0
7.90,8.571428571428571,97.4759496322439,214,44,0,0,329.20000000000005,60.00000000000001,0,0
7.90,8.571428571428571,97.49591122118427,214,44,0,0,343.51,63.0,0,0
7.90,8.571428571428571,97.51426035947904,214,44,0,0,357.82,66.0,0,0
7.90,8.571428571428571,97.5366262009561,214,44,0,0,372.13,69.0,0,0
7.90,8.571428571428571,97.55374325954514,214,44,0,0,386.44,72.0,0,0
7.90,8.571428571428571,97.57631860913388,214,44,0,0,400.75,75.0,0,0
7.90,8.571428571428571,97.5997336398289,214,45,0,0,415.06,78.0,0,0
7.90,8.571428571428571,97.61701992817213,214,45,0,0,429.37,81.0,0,0
7.90,8.571428571428571,97.62555245563846,214,45,0,0,443.68,84.0,0,0
7.92,8.571428571428571,97.64698716021444,214,45,0,0,457.99,87.0,0,0
7.92,8.571428571428571,97.66957713413625,214,45,0,0,472.3,90.0,0,0
7.92,8.571428571428571,97.684579754327,214,45,0,0,486.61,93.0,0,0
7.92,8.571428571428571,97.6894477290357,214,45,0,0,500.92,96.0,0,0
7.92,8.571428571428571,97.71119847489611,214,45,0,0,515.23,99.0,0,0
7.92,7.5,97.72038587281062,214,45,0,0,520,100.0,0,0
7.92,7.5,97.70475500294275,214,45,0,0,505.69,97.0,0,0
7.92,7.5,97.69235810585634,214,45,0,0,491.38,94.0,0,0
7.92,7.5,97.6874189389219,214,45,0,0,477.07,91.0,0,0
7.92,7.5,97.6812928852769,214,45,0,0,462.76,88.0,0,0
7.93,7.5,97.66939778045496,214,45,0,0,448.45,85.0,0,0
7.93,7.5,97.65740842439159,214,45,0,0,434.14,82.0,0,0
7.93,7.5,97.65023532726542,214,45,0,0,419.83,79.0,0,0
7.93,7.5,97.63881322766608,214,45,0,0,405.52,76.0,0,0
7.93,7.5,97.62730767129078,214,45,0,0,391.21,73.0,0,0
7.93,7.5,97.6218603495631,214,45,0,0,376.9,70.0,0,0
7.93,7.5,97.60937631117983,214,45,0,0,362.59000000000003,67.0,0,0
7.93,7.5,97.59816837826705,214,45,0,0,348.28,63.99999999999999,0,0
7.93,7.5,97.59334760770706,214,45,0,0,333.96999999999997,60.99999999999999,0,0
7.93,7.5,97.58066825962595,214,45,0,0,319.65999999999997,57.99999999999999,0,0
7.95,7.5,97.57647504397548,214,45,0,0,305.34999999999997,54.99999999999999,0,0
7.95,7.5,97.56575497690905,214,45,0,0,291.03999999999996,51.99999999999999,0,0
7.95,7.5,97.55372350026437,214,45,0,0,276.7299999999999,48.99999999999998,0,0
7.95,7.5,97.54030484506777,214,45,0,0,262.4199999999999,45.99999999999997,0,0
7.95,7.5,97.52616160673362,214,45,0,0,248.10999999999984,42.99999999999997,0,0
7.95,7.5,97.51936474498085,214,45,0,0,233.79999999999984,39.99999999999997,0,0
7.95,7.5,97.50823071132999,214,45,0,0,219.48999999999984,36.999999999999964,0,0
7.95,7.5,97.5043886348837,214,45,0,0,205.1799999999999,33.99999999999997,0,0
7.95,7.5,97.50112031102898,214,45,0,0,190.8699999999999,30.99999999999997,0,0
7.95,7.5,97.49139957144149,214,45,0,0,176.55999999999983,27.99999999999997,0,0
7.97,7.5,97.48252412995849,214,45,0,0,162.24999999999983,24.99999999999997,0,0
7.97,7.5,97.480140304416,214,45,0,0,147.93999999999988,21.99999999999997,0,0
7.97,7.5,97.47584985809155,214,45,0,0,133.62999999999988,18.99999999999997,0,0
7.97,7.5,97.46745683060075,214,45,0,0,119.31999999999988,15.999999999999972,0,0
7.97,7.5,97.45962376316692,214,45,0,0,105.00999999999982,12.999999999999972,0,0
7.97,7.5,97.4490617929844,214,46,0,0,90.69999999999987,9.999999999999972,0,0
7.97,7.5,97.44051843990168,214,46,0,0,76.38999999999987,6.999999999999972,0,0
7.97,7.5,97.43331976751153,214,46,0,0,62.07999999999987,3.9999999999999716,0,0
7.97,7.5,97.42619509399424,214,46,0,0,47.76999999999987,0.9999999999999716,0,0
7.97,7.5,97.41443936113853,214,46,0,0,43,0.0,0,0
7.98,7.5,97.4225775928319,214,46,0,0,57.31,3.0,0,0
7.98,7.5,97.42813092113818,214,46,0,0,71.62,6.0,0,0
7.98,7.5,97.4307450442651,214,46,0,0,85.93,9.0,0,0
7.98,7.5,97.42761339716937,214,46,0,0,100.24000000000001,12.0,0,0
7.98,7.5,97.43285580139307,214,46,0,0,114.55000000000001,15.0,0,0
7.98,7.5,97.42939009423517,214,46,0,0,128.86,18.0,0,0
7.98,7.5,97.43191983445197,214,46,0,0,143.16999999999996,21.0,0,0
7.98,7.5,97.4341160518334,214,46,0,0,157.48000000000002,24.0,0,0
7.98,7.5,97.4282038188382,214,46,0,0,171.79000000000002,27.0,0,0
7.98,7.5,97.4271075983564,214,46,0,0,186.10000000000002,30.0,0,0
8.00,7.5,97.43457795440575,214,46,0,0,200.40999999999997,33.0,0,0
8.00,7.5,97.43832732416446,214,46,0,0,214.71999999999997,36.0,0,0
8.00,7.5,97.44086837951039,214,46,0,0,229.03000000000003,39.0,0,0
8.00,7.5,97.44826384167973,214,46,0,0,243.34000000000003,42.00000000000001,0,0
8.00,7.5,97.4502600668607,214,46,0,0,257.65000000000003,45.00000000000001,0,0
8.00,7.5,97.45263876375654,214,46,0,0,271.96000000000004,48.00000000000001,0,0
8.00,7.5,97.47208361316184,214,46,0,0,286.27000000000004,51.00000000000001,0,0
8.00,7.5,97.48596074063934,214,46,0,0,300.58000000000004,54.00000000000001,0,0
8.00,7.5,97.49917654635722,214,46,0,0,314.89000000000004,57.000000000000014,0,0
8.00,7.5,97.51121244076583,214,46,0,0,329.20000000000005,60.00000000000001,0,0
8.02,7.5,97.53214528750584,214,46,0,0,343.51,63.0,0,0
8.02,7.5,97.55315296076307,214,46,0,0,357.82,66.0,0,0
8.02,7.5,97.5707430215443,214,46,0,0,372.13,69.0,0,0
8.02,7.5,97.58499678789273,214,46,0,0,386.44,72.0,0,0
8.02,7.5,97.60564497920447,214,46,0,0,400.75,75.0,0,0
8.02,7.5,97.62261408754121,214,46,0,0,415.06,78.0,0,0
8.02,7.5,97.6404934978009,214,46,0,0,429.37,81.0,0,0
8.02,7.5,97.66159641002577,214,46,0,0,443.68,84.0,0,0
8.02,7.5,97.66549677842217,214,46,0,0,457.99,87.0,0,0
8.02,7.5,97.6766146193579,214,46,0,0,472.3,90.0,0,0
8.03,7.5,97.69629924715221,214,46,0,0,486.61,93.0,0,0
8.03,7.5,97.70079929302554,214,46,0,0,500.92,96.0,0,0
8.03,7.5,97.71519122613545,214,46,0,0,515.23,99.0,0,0
8.03,8.571428571428571,97.72631005148202,214,46,0,0,520,100.0,0,0
8.03,8.571428571428571,97.72055640592635,214,46,0,0,505.69,97.0,0,0
8.03,8.571428571428571,97.70978484086582,214,46,0,0,491.38,94.0,0,0
8.03,8.571428571428571,97.70291653944716,214,46,0,0,477.07,91.0,0,0
8.03,8.571428571428571,97.68695181289284,214,46,0,0,462.76,88.0,0,0
8.03,8.571428571428571,97.68242405517405,214,46,0,0,448.45,85.0,0,0
8.03,8.571428571428571,97.67005000304503,215,46,0,0,434.14,82.0,0,0
8.05,8.571428571428571,97.6570663237476,216,46,0,0,419.83,79.0,0,0
8.05,8.571428571428571,97.64887284835714,216,46,0,0,405.52,76.0,0,0
8.05,8.571428571428571,97.63147797116147,216,46,0,0,391.21,73.0,0,0
8.05,8.571428571428571,97.62010041415775,216,46,0,0,376.9,70.0,0,0
8.05,8.571428571428571,97.61609818343065,216,46,0,0,362.59000000000003,67.0,0,0
8.05,8.571428571428571,97.60845446965673,216,46,0,0,348.28,63.99999999999999,0,0
8.05,8.571428571428571,97.60072701198837,216,46,0,0,333.96999999999997,60.99999999999999,0,0
8.05,8.571428571428571,97.58950293375612,216,46,0,0,319.65999999999997,57.99999999999999,0,0
8.05,8.571428571428571,97.5762674273075,216,46,0,0,305.34999999999997,54.99999999999999,0,0
8.05,8.571428571428571,97.5677052561158,216,46,0,0,291.03999999999996,51.99999999999999,0,0
8.07,8.571428571428571,97.55699342121108,216,46,0,0,276.7299999999999,48.99999999999998,0,0
8.07,8.571428571428571,97.54795408257776,216,46,0,0,262.4199999999999,45.99999999999997,0,0
8.07,8.571428571428571,97.541239974606,216,46,0,0,248.10999999999984,42.99999999999997,0,0
8.07,8.571428571428571,97.53290144840322,216,46,0,0,233.79999999999984,39.99999999999997,0,0
8.07,8.571428571428571,97.52675844953163,216,46,0,0,219.48999999999984,36.999999999999964,0,0
8.07,8.571428571428571,97.52043560943146,216,46,0,0,205.1799999999999,33.99999999999997,0,0
8.07,8.571428571428571,97.51106123797881,216,46,0,0,190.8699999999999,30.99999999999997,0,0
8.07,8.571428571428571,97.49716749719887,216,46,0,0,176.55999999999983,27.99999999999997,0,0
8.07,8.571428571428571,97.48894678157892,216,46,0,0,162.24999999999983,24.99999999999997,0,0
8.07,8.571428571428571,97.47560126701886,216,46,0,0,147.93999999999988,21.99999999999997,0,0
8.08,8.571428571428571,97.46587375610605,216,46,0,0,133.62999999999988,18.99999999999997,0,0
8.08,8.571428571428571,97.45683642829889,216,46,0,0,119.31999999999988,15.999999999999972,0,0
8.08,8.571428571428571,97.4433283311812,216,46,0,0,105.00999999999982,12.999999999999972,0,0
8.08,8.571428571428571,97.4328036246208,216,46,0,0,90.69999999999987,9.999999999999972,0,0
8.08,8.571428571428571,97.42004698052546,216,46,0,0,76.38999999999987,6.999999999999972,0,0
8.08,8.571428571428571,97.41717884667125,216,46,0,0,62.07999999999987,3.9999999999999716,0,0
8.08,8.571428571428571,97.40625892289563,216,46,0,0,47.76999999999987,0.9999999999999716,0,0
8.08,8.571428571428571,97.39281901219566,216,46,0,0,43,0.0,0,0
8.08,8.571428571428571,97.39888529465819,216,46,0,0,57.31,3.0,0,0
8.08,8.571428571428571,97.3990635086785,216,46,0,0,71.62,6.0,0,0
8.10,8.571428571428571,97.40228341540872,216,46,0,0,85.93,9.0,0,0
8.10,8.571428571428571,97.40069885123077,216,46,0,0,100.24000000000001,12.0,0,0
8.10,8.571428571428571,97.40080277860775,217,46,0,0,114.55000000000001,15.0,0,0
8.10,8.571428571428571,97.40285488409559,217,46,0,0,128.86,18.0,0,0
8.10,8.571428571428571,97.40133208417883,217,46,0,0,143.16999999999996,21.0,0,0
8.10,8.571428571428571,97.39825310106104,217,46,0,0,157.48000000000002,24.0,0,0
8.10,8.571428571428571,97.40066376608247,217,46,0,0,171.79000000000002,27.0,0,0
8.10,8.571428571428571,97.40009779928124,217,46,0,0,186.10000000000002,30.0,0,0
8.10,8.571428571428571,97.4037488920118,217,46,0,0,200.40999999999997,33.0,0,0
8.10,8.571428571428571,97.40576447123824,217,46,0,0,214.71999999999997,36.0,0,0
8.12,8.571428571428571,97.40516241587264,217,46,0,0,229.03000000000003,39.0,0,0
8.12,8.571428571428571,97.39967298750416,217,46,0,0,243.34000000000003,42.00000000000001,0,0
8.12,8.571428571428571,97.39848164952241,217,46,0,0,257.65000000000003,45.00000000000001,0,0
8.12,8.571428571428571,97.39853839317209,217,46,0,0,271.96000000000004,48.00000000000001,0,0
8.12,8.571428571428571,97.41276837499586,217,46,0,0,286.27000000000004,51.00000000000001,0,0
8.12,8.571428571428571,97.43106700727793,217,46,0,0,300.58000000000004,54.00000000000001,0,0
8.12,8.571428571428571,97.43340462528872,217,46,0,0,314.89000000000004,57.000000000000014,0,0
8.12,8.571428571428571,97.44486937858393,217,46,0,0,329.20000000000005,60.00000000000001,0,0
8.12,8.571428571428571,97.46688476461681,217,46,0,0,343.51,63.0,0,0
8.12,8.571428571428571,97.47345927086286,217,46,0,0,357.82,66.0,0,0
8.13,8.571428571428571,97.49720013793771,217,46,0,0,372.13,69.0,0,0
8.13,8.571428571428571,97.50396451929086,218,46,0,0,386.44,72.0,0,0
8.13,8.571428571428571,97.51900220370237,218,46,0,0,400.75,75.0,0,0
8.13,8.571428571428571,97.53873135399903,218,46,0,0,415.06,78.0,0,0
8.13,8.571428571428571,97.54650040682249,218,46,0,0,429.37,81.0,0,0
8.13,8.571428571428571,97.55243139908227,218,46,0,0,443.68,84.0,0,0
8.13,8.571428571428571,97.57247339241044,218,46,0,0,457.99,87.0,0,0
8.13,8.571428571428571,97.58063455169864,218,46,0,0,472.3,90.0,0,0
8.13,8.571428571428571,97.59832400247349,218,46,0,0,486.61,93.0,0,0
8.13,8.571428571428571,97.60661865533751,218,46,0,0,500.92,96.0,0,0
8.15,8.571428571428571,97.61778411601887,218,46,0,0,515.23,99.0,0,0
8.15,8.571428571428571,97.62816402903259,218,46,0,0,520,100.0,0,0
8.15,8.571428571428571,97.61698539369813,218,46,0,0,505.69,97.0,0,0
8.15,8.571428571428571,97.60313234106152,218,46,0,0,491.38,94.0,0,0
8.15,8.571428571428571,97.5990724329801,218,46,0,0,477.07,91.0,0,0
8.15,8.571428571428571,97.59333424099077,218,46,0,0,462.76,88.0,0,0
8.15,8.571428571428571,97.58614182377572,218,46,0,0,448.45,85.0,0,0
8.15,8.571428571428571,97.5756770114065,218,46,0,0,434.14,82.0,0,0
8.15,8.571428571428571,97.56261705064057,218,46,0,0,419.83,79.0,0,0
8.15,8.571428571428571,97.55363130785564,218,46,0,0,405.52,76.0,0,0
8.17,8.571428571428571,97.54531422495776,218,46,0,0,391.21,73.0,0,0
8.17,8.571428571428571,97.53914480983963,218,46,0,0,376.9,70.0,0,0
8.17,8.571428571428571,97.53182234845683,218,46,0,0,362.59000000000003,67.0,0,0
8.17,8.571428571428571,97.52225704676259,218,46,0,0,348.28,63.99999999999999,0,0
8.17,8.571428571428571,97.51168843263791,218,46,0,0,333.96999999999997,60.99999999999999,0,0
8.17,8.571428571428571,97.505361151647,218,46,0,0,319.65999999999997,57.99999999999999,0,0
8.17,8.571428571428571,97.49863219034677,218,46,0,0,305.34999999999997,54.99999999999999,0,0
8.17,8.571428571428571,97.49120182889762,218,46,0,0,291.03999999999996,51.99999999999999,0,0
8.17,8.571428571428571,97.47780853837097,218,46,0,0,276.7299999999999,48.99999999999998,0,0
8.17,8.571428571428571,97.47288381956741,218,46,0,0,262.4199999999999,45.99999999999997,0,0
8.18,8.571428571428571,97.46589588244674,218,46,0,0,248.10999999999984,42.99999999999997,0,0
8.18,8.571428571428571,97.45734280010066,219,46,0,0,233.79999999999984,39.99999999999997,0,0
8.18,8.571428571428571,97.44734542767158,219,46,0,0,219.48999999999984,36.999999999999964,0,0
8.18,8.571428571428571,97.43437819010298,220,46,0,0,205.1799999999999,33.99999999999997,0,0
8.18,8.571428571428571,97.42845328061249,220,46,0,0,190.8699999999999,30.99999999999997,0,0
8.18,8.571428571428571,97.41568789508509,220,46,0,0,176.55999999999983,27.99999999999997,0,0
8.18,8.571428571428571,97.40188526069082,220,46,0,0,162.24999999999983,24.99999999999997,0,0
8.18,8.571428571428571,97.39414741484619,220,46,0,0,147.93999999999988,21.99999999999997,0,0
8.18,8.571428571428571,97.3890517229147,220,46,0,0,133.62999999999988,18.99999999999997,0,0
8.18,8.571428571428571,97.38470426564676,220,46,0,0,119.31999999999988,15.999999999999972,0,0
8.20,8.571428571428571,97.38159384957886,220,46,0,0,105.00999999999982,12.999999999999972,0,0
8.20,8.571428571428571,97.36417503187332,220,46,0,0,90.69999999999987,9.999999999999972,0,0
8.20,8.571428571428571,97.35229885360705,220,46,0,0,76.38999999999987,6.999999999999972,0,0
8.20,8.571428571428571,97.34828007765552,220,46,0,0,62.07999999999987,3.9999999999999716,0,0
8.20,8.571428571428571,97.33705191479442,220,46,0,0,47.76999999999987,0.9999999999999716,0,0
8.20,8.571428571428571,97.32963674556548,220,46,0,0,43,0.0,0,0
8.20,8.571428571428571,97.33889307318296,220,46,0,0,57.31,3.0,0,0
8.20,8.571428571428571,97.34884150682382,220,46,0,0,71.62,6.0,0,0
8.20,8.571428571428571,97.34639194674574,220,46,0,0,85.93,9.0,0,0
8.20,8.571428571428571,97.35210105148228,220,46,0,0,100.24000000000001,12.0,0,0
8.22,8.571428571428571,97.3548246363676,220,46,0,0,114.55000000000001,15.0,0,0
8.22,8.571428571428571,97.35506861202755,220,46,0,0,128.86,18.0,0,0
8.22,8.571428571428571,97.34921405474073,220,46,0,0,143.16999999999996,21.0,0,0
8.22,8.571428571428571,97.35580956987606,220,46,0,0,157.48000000000002,24.0,0,0
8.22,8.571428571428571,97.360441445576,220,46,0,0,171.79000000000002,27.0,0,0
8.22,8.571428571428571,97.3635478609368,220,46,0,0,186.10000000000002,30.0,0,0
8.22,8.571428571428571,97.35846479995367,220,46,0,0,200.40999999999997,33.0,0,0
8.22,8.571428571428571,97.35277618315278,220,46,0,0,214.71999999999997,36.0,0,0
8.22,8.571428571428571,97.35731843649587,221,46,0,0,229.03000000000003,39.0,0,0
8.22,8.571428571428571,97.35413714127144,221,46,0,0,243.34000000000003,42.00000000000001,0,0
8.23,8.571428571428571,97.35136158526267,221,46,0,0,257.65000000000003,45.00000000000001,0,0
8.23,8.571428571428571,97.35036616553381,221,46,0,0,271.96000000000004,48.00000000000001,0,0
8.23,8.571428571428571,97.3572695951261,221,46,0,0,286.27000000000004,51.00000000000001,0,0
8.23,8.571428571428571,97.36571588794666,221,46,0,0,300.58000000000004,54.00000000000001,0,0
8.23,8.571428571428571,97.37122750893681,221,46,0,0,314.89000000000004,57.000000000000014,0,0
8.23,8.571428571428571,97.38055642192231,221,46,0,0,329.20000000000005,60.00000000000001,0,0
8.23,8.571428571428571,97.39112293717353,221,46,0,0,343.51,63.0,0,0
8.23,8.571428571428571,97.39786279827993,221,46,0,0,357.82,66.0,0,0
8.23,8.571428571428571,97.41473186719284,221,46,0,0,372.13,69.0,0,0
8.23,8.571428571428571,97.43196703818502,221,46,0,0,386.44,72.0,0,0
8.25,8.571428571428571,97.44026158724321,221,46,0,0,400.75,75.0,0,0
8.25,8.571428571428571,97.45482742535066,221,46,0,0,415.06,78.0,0,0
8.25,8.571428571428571,97.46348499880568,221,46,0,0,429.37,81.0,0,0
8.25,8.571428571428571,97.47042415120792,221,46,0,0,443.68,84.0,0,0
8.25,8.571428571428571,97.4903328318304,221,46,0,0,457.99,87.0,0,0
8.25,8.571428571428571,97.50913082018307,221,46,0,0,472.3,90.0,0,0
8.25,8.571428571428571,97.52277681684775,221,46,0,0,486.61,93.0,0,0
8.25,8.571428571428571,97.53164529223734,221,46,0,0,500.92,96.0,0,0
8.25,8.571428571428571,97.54585003815123,221,46,0,0,515.23,99.0,0,0
8.25,8.571428571428571,97.55041778395761,221,46,0,0,520,100.0,0,0
8.27,8.571428571428571,97.53692292072462,221,46,0,0,505.69,97.0,0,0
8.27,8.571428571428571,97.53350482858119,221,46,0,0,491.38,94.0,0,0
8.27,8.571428571428571,97.52565653493758,221,46,0,0,477.07,91.0,0,0
8.27,8.571428571428571,97.51972102363526,221,46,0,0,462.76,88.0,0,0
8.27,8.571428571428571,97.51413559696263,221,46,0,0,448.45,85.0,0,0
8.27,8.571428571428571,97.50814205712325,221,46,0,0,434.14,82.0,0,0
8.27,8.571428571428571,97.49716283984016,221,46,0,0,419.83,79.0,0,0
8.27,8.571428571428571,97.49652373847252,221,46,0,0,405.52,76.0,0,0
8.27,8.571428571428571,97.49225311560762,221,46,0,0,391.21,73.0,0,0
8.27,8.571428571428571,97.49022278135502,221,46,0,0,376.9,70.0,0,0
8.28,8.571428571428571,97.4828115898865,222,46,0,0,362.59000000000003,67.0,0,0
8.28,8.571428571428571,97.4754753545848,222,46,0,0,348.28,63.99999999999999,0,0
8.28,8.571428571428571,97.46878453645542,222,46,0,0,333.96999999999997,60.99999999999999,0,0
8.28,8.571428571428571,97.46448100502322,222,46,0,0,319.65999999999997,57.99999999999999,0,0
8.28,8.571428571428571,97.45583939079305,222,46,0,0,305.34999999999997,54.99999999999999,0,0
8.28,8.571428571428571,97.43969941836609,222,46,0,0,291.03999999999996,51.99999999999999,0,0
8.28,8.571428571428571,97.4295107212363,223,46,0,0,276.7299999999999,48.99999999999998,0,0
8.28,8.571428571428571,97.422228159073,223,46,0,0,262.4199999999999,45.99999999999997,0,0
8.28,8.571428571428571,97.41907756486793,223,46,0,0,248.10999999999984,42.99999999999997,0,0
8.28,8.571428571428571,97.40954347054841,223,46,0,0,233.79999999999984,39.99999999999997,0,0
8.30,8.571428571428571,97.39572646370137,223,46,0,0,219.48999999999984,36.999999999999964,0,0
8.30,8.571428571428571,97.39046490356887,223,46,0,0,205.1799999999999,33.99999999999997,0,0
8.30,8.571428571428571,97.38391634541593,223,46,0,0,190.8699999999999,30.99999999999997,0,0
8.30,8.571428571428571,97.37831289206588,223,46,0,0,176.55999999999983,27.99999999999997,0,0
8.30,8.571428571428571,97.37614696218712,223,46,0,0,162.24999999999983,24.99999999999997,0,0
8.30,8.571428571428571,97.36322053830057,223,46,0,0,147.93999999999988,21.99999999999997,0,0
8.30,8.571428571428571,97.35978301834133,223,46,0,0,133.62999999999988,18.99999999999997,0,0
8.30,8.571428571428571,97.35185932902998,223,46,0,0,119.31999999999988,15.999999999999972,0,0
8.30,8.571428571428571,97.33868866249003,223,46,0,0,105.00999999999982,12.999999999999972,0,0
8.30,8.571428571428571,97.3351063654783,223,46,0,0,90.69999999999987,9.999999999999972,0,0
8.32,8.571428571428571,97.33068247802882,223,46,0,0,76.38999999999987,6.999999999999972,0,0
8.32,8.571428571428571,97.32698959801749,223,46,0,0,62.07999999999987,3.9999999999999716,0,0
8.32,8.571428571428571,97.31382802579411,223,46,0,0,47.76999999999987,0.9999999999999716,0,0
8.32,8.571428571428571,97.30720958423632,223,46,0,0,43,0.0,0,0
8.32,8.571428571428571,97.30963274309755,223,46,0,0,57.31,3.0,0,0
8.32,8.571428571428571,97.30928972929578,223,46,0,0,71.62,6.0,0,0
8.32,8.571428571428571,97.31537408105832,223,46,0,0,85.93,9.0,0,0
8.32,8.571428571428571,97.32108500463063,223,46,0,0,100.24000000000001,12.0,0,0
8.32,8.571428571428571,97.3328011640686,223,46,0,0,114.55000000000001,15.0,0,0
8.32,8.571428571428571,97.33236664950124,223,46,0,0,128.86,18.0,0,0
8.33,8.571428571428571,97.33638595003725,223,46,0,0,143.16999999999996,21.0,0,0
8.33,8.571428571428571,97.33039885395455,223,46,0,0,157.48000000000002,24.0,0,0
8.33,8.571428571428571,97.33817076145985,223,46,0,0,171.79000000000002,27.0,0,0
8.33,8.571428571428571,97.33692658475158,223,46,0,0,186.10000000000002,30.0,0,0
8.33,8.571428571428571,97.34220877645727,223,46,0,0,200.40999999999997,33.0,0,0
8.33,8.571428571428571,97.3475458223669,223,46,0,0,214.71999999999997,36.0,0,0
8.33,8.571428571428571,97.34773029607892,223,46,0,0,229.03000000000003,39.0,0,0
8.33,8.571428571428571,97.35233076197973,223,46,0,0,243.34000000000003,42.00000000000001,0,0
8.33,8.571428571428571,97.35503647898483,224,46,0,0,257.65000000000003,45.00000000000001,0,0
8.33,8.571428571428571,97.36033075948689,224,46,0,0,271.96000000000004,48.00000000000001,0,0
8.35,8.571428571428571,97.36915595383783,224,46,0,0,286.27000000000004,51.00000000000001,0,0
8.35,8.571428571428571,97.37739140806124,224,46,0,0,300.58000000000004,54.00000000000001,0,0
8.35,8.571428571428571,97.3883742374586,224,46,0,0,314.89000000000004,57.000000000000014,0,0
8.35,8.571428571428571,97.40338564866836,224,46,0,0,329.20000000000005,60.00000000000001,0,0
8.35,8.571428571428571,97.41662645132386,224,46,0,0,343.51,63.0,0,0
8.35,8.571428571428571,97.42432774941749,224,46,0,0,357.82,66.0,0,0
8.35,8.571428571428571,97.4320923409453,224,46,0,0,372.13,69.0,0,0
8.35,8.571428571428571,97.45125897424298,224,46,0,0,386.44,72.0,0,0
8.35,8.571428571428571,97.46591803715447,224,46,0,0,400.75,75.0,0,0
8.35,8.571428571428571,97.47527870373007,224,46,0,0,415.06,78.0,0,0
8.37,8.571428571428571,97.49166061887398,224,46,0,0,429.37,81.0,0,0
8.37,8.571428571428571,97.49933364977699,224,46,0,0,443.68,84.0,0,0
8.37,8.571428571428571,97.50401031088157,224,46,0,0,457.99,87.0,0,0
8.37,8.571428571428571,97.51655363748947,224,46,0,0,472.3,90.0,0,0
8.37,8.571428571428571,97.52655213749156,224,46,0,0,486.61,93.0,0,0
8.37,8.571428571428571,97.54123520516617,224,47,0,0,500.92,96.0,0,0
8.37,8.571428571428571,97.56124499881867,224,47,0,0,515.23,99.0,0,0
8.37,8.571428571428571,97.56426926742037,224,47,0,0,520,100.0,0,0
8.37,8.571428571428571,97.56176680540662,224,47,0,0,505.69,97.0,0,0
8.37,8.571428571428571,97.55114128869546,224,47,0,0,491.38,94.0,0,0
8.38,8.571428571428571,97.55024473495502,224,47,0,0,477.07,91.0,0,0
8.38,8.571428571428571,97.54029708825105,225,47,0,0,462.76,88.0,0,0
8.38,8.571428571428571,97.53528908979895,225,47,0,0,448.45,85.0,0,0
8.38,8.571428571428571,97.52698637080194,225,47,0,0,434.14,82.0,0,0
8.38,8.571428571428571,97.52077035625904,225,47,0,0,419.83,79.0,0,0
8.38,8.571428571428571,97.5086059952128,225,47,0,0,405.52,76.0,0,0
8.38,8.571428571428571,97.5048437602814,225,47,0,0,391.21,73.0,0,0
8.38,8.571428571428571,97.49488579146181,225,47,0,0,376.9,70.0,0,0
8.38,8.571428571428571,97.48912385248676,225,47,0,0,362.59000000000003,67.0,0,0
8.38,8.571428571428571,97.48498812164426,225,47,0,0,348.28,63.99999999999999,0,0
8.40,8.571428571428571,97.47985272916875,225,47,0,0,333.96999999999997,60.99999999999999,0,0
8.40,8.571428571428571,97.47113970779172,225,47,0,0,319.65999999999997,57.99999999999999,0,0
8.40,8.571428571428571,97.46215677357337,225,47,0,0,305.34999999999997,54.99999999999999,0,0
8.40,8.571428571428571,97.45435086836487,225,47,0,0,291.03999999999996,51.99999999999999,0,0
8.40,8.571428571428571,97.44076329084226,225,47,0,0,276.7299999999999,48.99999999999998,0,0
8.40,8.571428571428571,97.43088562209627,225,47,0,0,262.4199999999999,45.99999999999997,0,0
8.40,8.571428571428571,97.41930049608644,225,47,0,0,248.10999999999984,42.99999999999997,0,0
8.40,8.571428571428571,97.41161223138863,225,47,0,0,233.79999999999984,39.99999999999997,0,0
8.40,8.571428571428571,97.40883090123158,225,47,0,0,219.48999999999984,36.999999999999964,0,0
8.40,8.571428571428571,97.39747953547584,225,47,0,0,205.1799999999999,33.99999999999997,0,0
8.42,8.571428571428571,97.39355886667701,225,47,0,0,190.8699999999999,30.99999999999997,0,0
8.42,8.571428571428571,97.38335617397975,225,47,0,0,176.55999999999983,27.99999999999997,0,0
8.42,8.571428571428571,97.37992641881729,225,47,0,0,162.24999999999983,24.99999999999997,0,0
8.42,8.571428571428571,97.37215201854873,225,47,0,0,147.93999999999988,21.99999999999997,0,0
8.42,8.571428571428571,97.35554209148434,225,47,0,0,133.62999999999988,18.99999999999997,0,0
8.42,8.571428571428571,97.34472584723059,225,47,0,0,119.31999999999988,15.999999999999972,0,0
8.42,8.571428571428571,97.33690782965444,225,47,0,0,105.00999999999982,12.999999999999972,0,0
8.42,8.571428571428571,97.33067650407084,225,47,0,0,90.69999999999987,9.999999999999972,0,0
8.42,8.571428571428571,97.32155618801907,225,47,0,0,76.38999999999987,6.999999999999972,0,0
8.42,8.571428571428571,97.30576031806171,225,47,0,0,62.07999999999987,3.9999999999999716,0,0
8.43,8.571428571428571,97.30265843462196,225,47,0,0,47.76999999999987,0.9999999999999716,0,0
8.43,8.571428571428571,97.29677934937702,225,47,0,0,43,0.0,0,0
8.43,8.571428571428571,97.30204929461816,225,47,0,0,57.31,3.0,0,0
8.43,8.571428571428571,97.30458928779301,225,47,0,0,71.62,6.0,0,0
8.43,8.571428571428571,97.3108361197535,225,47,0,0,85.93,9.0,0,0
8.43,8.571428571428571,97.31188418544244,225,47,0,0,100.24000000000001,12.0,0,0
8.43,8.571428571428571,97.31452288274406,225,47,0,0,114.55000000000001,15.0,0,0
8.43,8.571428571428571,97.31809916417603,225,47,0,0,128.86,18.0,0,0
8.43,8.571428571428571,97.33015437331345,225,47,0,0,143.16999999999996,21.0,0,0
8.43,8.571428571428571,97.33491800095506,225,47,0,0,157.48000000000002,24.0,0,0
8.45,8.571428571428571,97.33427880446222,225,47,0,0,171.79000000000002,27.0,0,0
8.45,8.571428571428571,97.34113722869549,225,47,0,0,186.10000000000002,30.0,0,0
8.45,8.571428571428571,97.3485798919101,225,47,0,0,200.40999999999997,33.0,0,0
8.45,8.571428571428571,97.35606986705645,225,47,0,0,214.71999999999997,36.0,0,0
8.45,8.571428571428571,97.36090697380955,226,47,0,0,229.03000000000003,39.0,0,0
8.45,8.571428571428571,97.36405826396101,226,47,0,0,243.34000000000003,42.00000000000001,0,0
8.45,8.571428571428571,97.36653885925278,226,47,0,0,257.65000000000003,45.00000000000001,0,0
8.45,8.571428571428571,97.37205235600723,226,47,0,0,271.96000000000004,48.00000000000001,0,0
8.45,8.571428571428571,97.39309070937811,226,48,0,0,286.27000000000004,51.00000000000001,0,0
8.45,8.571428571428571,97.39841720041943,226,48,0,0,300.58000000000004,54.00000000000001,0,0
8.47,8.571428571428571,97.40491261533383,226,48,0,0,314.89000000000004,57.000000000000014,0,0
8.47,8.571428571428571,97.41973495051926,226,48,0,0,329.20000000000005,60.00000000000001,0,0
8.47,8.571428571428571,97.42734948439451,226,48,0,0,343.51,63.0,0,0
8.47,8.571428571428571,97.43589717470145,226,48,0,0,357.82,66.0,0,0
8.47,8.571428571428571,97.44381824968508,226,48,0,0,372.13,69.0,0,0
8.48,8.571428571428571,97.4613342412725,226,48,0,0,386.44,72.0,0,0
8.48,8.571428571428571,97.46480421618786,226,48,0,0,400.75,75.0,0,0
8.48,8.571428571428571,97.47253874156121,226,48,0,0,415.06,78.0,0,0
8.48,8.571428571428571,97.49083023449457,226,48,0,0,429.37,81.0,0,0
8.48,8.571428571428571,97.50196348346742,226,48,0,0,443.68,84.0,0,0
8.52,8.571428571428571,97.51123486429668,226,48,0,0,457.99,87.0,0,0
8.52,8.571428571428571,97.5256426302159,227,48,0,0,472.3,90.0,0,0
8.53,8.571428571428571,97.53833959165594,227,48,0,0,486.61,93.0,0,0
8.53,8.571428571428571,97.54976575460756,227,48,0,0,500.92,96.0,0,0
8.53,8.571428571428571,97.55527788179054,227,48,0,0,515.23,99.0,0,0
8.53,6.0,97.57380268773647,227,48,0,0,520,100.0,0,0
8.53,6.0,97.57107473463009,227,48,0,0,505.69,97.0,0,0
8.55,6.0,97.56811950594394,227,48,0,0,491.38,94.0,0,0
8.55,6.0,97.56382084420225,227,48,0,0,477.07,91.0,0,0
8.55,6.0,97.55442793067094,227,48,0,0,462.76,88.0,0,0
8.58,6.0,97.54211918544833,227,48,0,0,448.45,85.0,0,0
8.58,6.0,97.53241437702607,227,48,0,0,434.14,82.0,0,0
8.58,6.0,97.52444644820726,227,48,0,0,419.83,79.0,0,0
8.58,6.0,97.52123164688516,227,48,0,0,405.52,76.0,0,0
8.58,6.0,97.50728628461884,227,48,0,0,391.21,73.0,0,0
8.58,6.0,97.50336099703235,227,48,0,0,376.9,70.0,0,0
8.58,6.0,97.49082636950575,228,48,0,0,362.59000000000003,67.0,0,0
8.58,6.0,97.48201250414775,228,48,0,0,348.28,63.99999999999999,0,0
8.60,6.0,97.47742801260846,228,48,0,0,333.96999999999997,60.99999999999999,0,0
8.60,6.0,97.47149414092998,228,48,0,0,319.65999999999997,57.99999999999999,0,0
8.60,6.0,97.46606033219567,228,48,0,0,305.34999999999997,54.99999999999999,0,0
8.62,6.0,97.4598652409665,228,48,0,0,291.03999999999996,51.99999999999999,0,0
8.62,6.0,97.44592542236074,228,48,0,0,276.7299999999999,48.99999999999998,0,0
8.62,6.0,97.43800942121656,228,48,0,0,262.4199999999999,45.99999999999997,0,0
8.62,6.0,97.42998071372955,228,48,0,0,248.10999999999984,42.99999999999997,0,0
8.62,6.0,97.4250548907638,228,48,0,0,233.79999999999984,39.99999999999997,0,0
8.62,6.0,97.41400420615048,228,48,0,0,219.48999999999984,36.999999999999964,0,0
8.62,6.0,97.40458729265232,228,48,0,0,205.1799999999999,33.99999999999997,0,0
8.62,6.0,97.39413467839762,228,48,0,0,190.8699999999999,30.99999999999997,0,0
8.63,6.0,97.38882688324288,228,48,0,0,176.55999999999983,27.99999999999997,0,0
8.67,6.0,97.38495074769683,228,48,0,0,162.24999999999983,24.99999999999997,0,0
8.67,6.0,97.3737353531174,228,48,0,0,147.93999999999988,21.99999999999997,0,0
8.67,6.0,97.36752351147496,228,48,0,0,133.62999999999988,18.99999999999997,0,0
8.67,6.0,97.35916030509362,228,48,0,0,119.31999999999988,15.999999999999972,0,0
8.68,6.0,97.35094101018113,228,48,0,0,105.00999999999982,12.999999999999972,0,0
8.68,6.0,97.3372995616886,228,48,0,0,90.69999999999987,9.999999999999972,0,0
8.68,6.0,97.33063404810694,228,48,0,0,76.38999999999987,6.999999999999972,0,0
8.68,6.0,97.32672854675126,228,48,0,0,62.07999999999987,3.9999999999999716,0,0
8.68,6.0,97.31997058058751,228,48,0,0,47.76999999999987,0.9999999999999716,0,0
8.70,6.0,97.30768955480346,228,48,0,0,43,0.0,0,0
8.70,6.0,97.30581813984438,228,48,0,0,57.31,3.0,0,0
8.70,6.0,97.30259751037161,228,48,0,0,71.62,6.0,0,0
8.72,6.0,97.31273504857315,228,48,0,0,85.93,9.0,0,0
8.72,6.0,97.31254895351894,228,48,0,0,100.24000000000001,12.0,0,0
8.72,6.0,97.31251253579717,228,48,0,0,114.55000000000001,15.0,0,0
8.72,6.0,97.31477889393338,228,48,0,0,128.86,18.0,0,0
8.72,6.0,97.31886185784325,228,48,0,0,143.16999999999996,21.0,0,0
8.73,6.0,97.31635009477641,228,48,0,0,157.48000000000002,24.0,0,0
8.73,6.0,97.32276851339786,228,48,0,0,171.79000000000002,27.0,0,0
8.73,6.0,97.32778633800409,228,48,0,0,186.10000000000002,30.0,0,0
8.73,6.0,97.33119982214512,228,48,0,0,200.40999999999997,33.0,0,0
8.73,6.0,97.33784429334325,228,48,0,0,214.71999999999997,36.0,0,0
8.75,6.0,97.34402213640588,228,48,0,0,229.03000000000003,39.0,0,0
8.75,6.0,97.35050897619024,228,48,0,0,243.34000000000003,42.00000000000001,0,0
8.75,6.0,97.36108935515301,228,48,0,0,257.65000000000003,45.00000000000001,0,0
8.75,6.0,97.3645809017852,228,48,0,0,271.96000000000004,48.00000000000001,0,0
8.75,6.0,97.38180442040974,228,48,0,0,286.27000000000004,51.00000000000001,0,0
8.75,6.0,97.38596079710798,228,48,0,0,300.58000000000004,54.00000000000001,0,0
8.77,6.0,97.40107770028139,228,48,0,0,314.89000000000004,57.000000000000014,0,0
8.77,6.0,97.41602258240376,228,48,0,0,329.20000000000005,60.00000000000001,0,0
8.77,6.0,97.43424001809403,228,48,0,0,343.51,63.0,0,0
8.77,6.0,97.44996614865886,228,48,0,0,357.82,66.0,0,0
8.77,6.0,97.45775449893327,228,48,0,0,372.13,69.0,0,0
8.77,6.0,97.47041249334232,228,48,0,0,386.44,72.0,0,0
8.77,6.0,97.47733536970651,228,48,0,0,400.75,75.0,0,0
8.78,6.0,97.48190920984628,228,48,0,0,415.06,78.0,0,0
8.78,6.0,97.4956501355511,228,48,0,0,429.37,81.0,0,0
8.78,6.0,97.50258774082555,228,48,0,0,443.68,84.0,0,0
8.80,6.0,97.51580065145056,228,48,0,0,457.99,87.0,0,0
8.82,6.0,97.53133359456896,228,48,0,0,472.3,90.0,0,0
8.82,6.0,97.55029296433304,228,48,0,0,486.61,93.0,0,0
8.82,6.0,97.57068712018359,228,48,0,0,500.92,96.0,0,0
8.82,6.0,97.57980973420048,228,48,0,0,515.23,99.0,0,0
8.82,3.5294117647058822,97.59048535591741,228,48,0,0,520,100.0,0,0
8.82,3.5294117647058822,97.58459076000676,228,48,0,0,505.69,97.0,0,0
8.82,3.5294117647058822,97.57813019123408,228,48,0,0,491.38,94.0,0,0
8.82,3.5294117647058822,97.5635583964726,228,48,0,0,477.07,91.0,0,0
8.83,3.5294117647058822,97.55831420998365,228,48,0,0,462.76,88.0,0,0
8.83,3.5294117647058822,97.55026482795873,228,48,0,0,448.45,85.0,0,0
8.83,3.5294117647058822,97.54112367183579,228,48,0,0,434.14,82.0,0,0
8.83,3.5294117647058822,97.53828931989041,228,48,0,0,419.83,79.0,0,0
8.83,3.5294117647058822,97.52790737479407,228,48,0,0,405.52,76.0,0,0
8.83,3.5294117647058822,97.52222449146784,228,48,0,0,391.21,73.0,0,0
8.83,3.5294117647058822,97.51177947827958,228,48,0,0,376.9,70.0,0,0
8.83,3.5294117647058822,97.50339575593938,228,48,0,0,362.59000000000003,67.0,0,0
8.83,3.5294117647058822,97.49535509734301,228,48,0,0,348.28,63.99999999999999,0,0
8.83,3.5294117647058822,97.48621415458095,228,48,0,0,333.96999999999997,60.99999999999999,0,0
8.85,3.5294117647058822,97.48433133123304,228,48,0,0,319.65999999999997,57.99999999999999,0,0
8.85,3.5294117647058822,97.47545920797324,228,48,0,0,305.34999999999997,54.99999999999999,0,0
8.85,3.5294117647058822,97.46205895528354,228,48,0,0,291.03999999999996,51.99999999999999,0,0
8.85,3.5294117647058822,97.45359334516175,228,48,0,0,276.7299999999999,48.99999999999998,0,0
8.85,3.5294117647058822,97.44383867673807,228,48,0,0,262.4199999999999,45.99999999999997,0,0
8.85,3.5294117647058822,97.43592020874348,228,48,0,0,248.10999999999984,42.99999999999997,0,0
8.85,3.5294117647058822,97.43289288229235,228,48,0,0,233.79999999999984,39.99999999999997,0,0
8.85,3.5294117647058822,97.41973229161653,228,48,0,0,219.48999999999984,36.999999999999964,0,0
8.85,3.5294117647058822,97.4073407083264,228,48,0,0,205.1799999999999,33.99999999999997,0,0
8.85,3.5294117647058822,97.39406940536634,228,48,0,0,190.8699999999999,30.99999999999997,0,0
8.87,3.5294117647058822,97.38311515160066,228,48,0,0,176.55999999999983,27.99999999999997,0,0
8.87,3.5294117647058822,97.3720817362609,228,48,0,0,162.24999999999983,24.99999999999997,0,0
8.87,3.5294117647058822,97.37082368965507,228,48,0,0,147.93999999999988,21.99999999999997,0,0
8.87,3.5294117647058822,97.3591869026523,228,48,0,0,133.62999999999988,18.99999999999997,0,0
8.87,3.5294117647058822,97.35057475947238,228,48,0,0,119.31999999999988,15.999999999999972,0,0
8.87,3.5294117647058822,97.3357918073311,228,48,0,0,105.00999999999982,12.999999999999972,0,0
8.87,3.5294117647058822,97.33114518383573,228,48,0,0,90.69999999999987,9.999999999999972,0,0
8.87,3.5294117647058822,97.31919363786531,228,48,0,0,76.38999999999987,6.999999999999972,0,0
8.87,3.5294117647058822,97.30906827515219,228,48,0,0,62.07999999999987,3.9999999999999716,0,0
8.88,3.5294117647058822,97.29946260946203,229,48,0,0,47.76999999999987,0.9999999999999716,0,0
8.88,3.5294117647058822,97.28865970784202,229,48,0,0,43,0.0,0,0
8.88,3.5294117647058822,97.28244701687554,229,48,0,0,57.31,3.0,0,0
8.88,3.5294117647058822,97.28678178929661,229,48,0,0,71.62,6.0,0,0
8.88,3.5294117647058822,97.28784569868678,229,48,0,0,85.93,9.0,0,0
8.88,3.5294117647058822,97.28952141427975,229,48,0,0,100.24000000000001,12.0,0,0
8.88,3.5294117647058822,97.29595126615328,229,48,0,0,114.55000000000001,15.0,0,0
8.88,3.5294117647058822,97.29015060427064,229,48,0,0,128.86,18.0,0,0
8.88,3.5294117647058822,97.29777101582681,229,48,0,0,143.16999999999996,21.0,0,0
8.88,3.5294117647058822,97.29815474404248,229,48,0,0,157.48000000000002,24.0,0,0
8.90,3.5294117647058822,97.29809472021765,229,48,0,0,171.79000000000002,27.0,0,0
8.90,3.5294117647058822,97.30511720998727,229,49,0,0,186.10000000000002,30.0,0,0
8.90,3.5294117647058822,97.31302951545734,229,49,0,0,200.40999999999997,33.0,0,0
8.90,3.5294117647058822,97.3191244041304,229,49,0,0,214.71999999999997,36.0,0,0
8.90,3.5294117647058822,97.32650165592146,229,49,0,0,229.03000000000003,39.0,0,0
8.90,3.5294117647058822,97.32976485132326,229,49,0,0,243.34000000000003,42.00000000000001,0,0
8.90,3.5294117647058822,97.33428982814559,229,49,0,0,257.65000000000003,45.00000000000001,0,0
8.90,3.5294117647058822,97.33306117703924,229,49,0,0,271.96000000000004,48.00000000000001,0,0
8.90,3.5294117647058822,97.34158580062963,229,49,0,0,286.27000000000004,51.00000000000001,0,0
8.90,3.5294117647058822,97.34882575132858,229,49,0,0,300.58000000000004,54.00000000000001,0,0
8.92,3.5294117647058822,97.3582952671088,229,49,0,0,314.89000000000004,57.000000000000014,0,0
8.92,3.5294117647058822,97.36631799593371,229,49,0,0,329.20000000000005,60.00000000000001,0,0
8.92,3.5294117647058822,97.38351909025526,229,49,0,0,343.51,63.0,0,0
8.92,3.5294117647058822,97.39315756806259,229,49,0,0,357.82,66.0,0,0
8.92,3.5294117647058822,97.41127812334206,229,49,0,0,372.13,69.0,0,0
8.92,3.5294117647058822,97.42549091038175,229,49,0,0,386.44,72.0,0,0
8.92,3.5294117647058822,97.43228969933077,229,49,0,0,400.75,75.0,0,0
8.92,3.5294117647058822,97.44712573090055,229,49,0,0,415.06,78.0,0,0
8.92,3.5294117647058822,97.45158668391417,229,49,0,0,429.37,81.0,0,0
8.92,3.5294117647058822,97.45947162129325,229,49,0,0,443.68,84.0,0,0
8.93,3.5294117647058822,97.46505206016376,230,49,0,0,457.99,87.0,0,0
8.93,3.5294117647058822,97.47621139401076,230,49,0,0,472.3,90.0,0,0
8.93,3.5294117647058822,97.48185585829319,230,49,0,0,486.61,93.0,0,0
8.93,3.5294117647058822,97.48943882021108,230,49,0,0,500.92,96.0,0,0
8.93,3.5294117647058822,97.50421703094608,230,49,0,0,515.23,99.0,0,0
8.93,8.571428571428571,97.5204596899488,230,49,0,0,520,100.0,0,0
8.93,8.571428571428571,97.51189366210798,230,49,0,0,505.69,97.0,0,0
8.93,8.571428571428571,97.50237757300022,230,49,0,0,491.38,94.0,0,0
8.93,8.571428571428571,97.49116360989107,230,49,0,0,477.07,91.0,0,0
8.93,8.571428571428571,97.48447581500284,230,49,0,0,462.76,88.0,0,0
8.95,8.571428571428571,97.47837148393505,230,49,0,0,448.45,85.0,0,0
8.95,8.571428571428571,97.4726108359863,230,49,0,0,434.14,82.0,0,0
8.95,8.571428571428571,97.46571271895793,230,49,0,0,419.83,79.0,0,0
8.95,8.571428571428571,97.4575966616206,230,49,0,0,405.52,76.0,0,0
8.95,8.571428571428571,97.44413674064648,230,49,0,0,391.21,73.0,0,0
8.95,8.571428571428571,97.43242778645596,230,49,0,0,376.9,70.0,0,0
8.95,8.571428571428571,97.42320075463626,230,49,0,0,362.59000000000003,67.0,0,0
8.95,8.571428571428571,97.40764223487501,230,49,0,0,348.28,63.99999999999999,0,0
8.95,8.571428571428571,97.40047922803063,230,49,0,0,333.96999999999997,60.99999999999999,0,0
8.95,8.571428571428571,97.39009731274659,230,49,0,0,319.65999999999997,57.99999999999999,0,0
8.97,8.571428571428571,97.38438400849176,230,49,0,0,305.34999999999997,54.99999999999999,0,0
8.97,8.571428571428571,97.3776942117102,230,49,0,0,291.03999999999996,51.99999999999999,0,0
8.97,8.571428571428571,97.36851286997616,230,49,0,0,276.7299999999999,48.99999999999998,0,0
8.97,8.571428571428571,97.35899852033597,230,49,0,0,262.4199999999999,45.99999999999997,0,0
8.97,8.571428571428571,97.34859259636613,230,49,0,0,248.10999999999984,42.99999999999997,0,0
8.97,8.571428571428571,97.34188619620986,230,49,0,0,233.79999999999984,39.99999999999997,0,0
8.97,8.571428571428571,97.33927803484976,230,49,0,0,219.48999999999984,36.999999999999964,0,0
8.97,8.571428571428571,97.33418452650572,230,49,0,0,205.1799999999999,33.99999999999997,0,0
8.97,8.571428571428571,97.33133456702339,230,49,0,0,190.8699999999999,30.99999999999997,0,0
8.97,8.571428571428571,97.31958366154183,230,49,0,0,176.55999999999983,27.99999999999997,0,0
8.98,8.571428571428571,97.31381678912007,230,49,0,0,162.24999999999983,24.99999999999997,0,0
8.98,8.571428571428571,97.3044333168983,230,49,0,0,147.93999999999988,21.99999999999997,0,0
8.98,8.571428571428571,97.29655775984894,230,49,0,0,133.62999999999988,18.99999999999997,0,0
8.98,8.571428571428571,97.28260597207326,230,49,0,0,119.31999999999988,15.999999999999972,0,0
8.98,8.571428571428571,97.27259863817996,230,49,0,0,105.00999999999982,12.999999999999972,0,0
8.98,8.571428571428571,97.26867814965996,230,49,0,0,90.69999999999987,9.999999999999972,0,0
8.98,8.571428571428571,97.26097690050275,230,49,0,0,76.38999999999987,6.999999999999972,0,0
8.98,8.571428571428571,97.24929116050833,230,49,0,0,62.07999999999987,3.9999999999999716,0,0
8.98,8.571428571428571,97.23958832263011,230,49,0,0,47.76999999999987,0.9999999999999716,0,0
8.98,8.571428571428571,97.22599784784367,230,49,0,0,43,0.0,0,0
9.00,8.571428571428571,97.22031265513947,230,49,0,0,57.31,3.0,0,0
9.00,8.571428571428571,97.2184324722879,231,49,0,0,71.62,6.0,0,0
9.00,8.571428571428571,97.22594085166607,231,49,0,0,85.93,9.0,0,0
9.00,8.571428571428571,97.22971620682225,231,49,0,0,100.24000000000001,12.0,0,0
9.00,8.571428571428571,97.2296499222504,231,49,0,0,114.55000000000001,15.0,0,0
9.00,8.571428571428571,97.23136135238421,231,49,0,0,128.86,18.0,0,0
9.00,8.571428571428571,97.23435445448379,231,49,0,0,143.16999999999996,21.0,0,0
9.00,8.571428571428571,97.23565926303617,231,49,0,0,157.48000000000002,24.0,0,0
9.00,8.571428571428571,97.24094714617827,231,49,0,0,171.79000000000002,27.0,0,0
9.00,8.571428571428571,97.2344717494838,231,49,0,0,186.10000000000002,30.0,0,0
9.02,8.571428571428571,97.238880200468,231,49,0,0,200.40999999999997,33.0,0,0
9.02,8.571428571428571,97.23843178423142,231,49,0,0,214.71999999999997,36.0,0,0
9.02,8.571428571428571,97.23865468501195,231,49,0,0,229.03000000000003,39.0,0,0
9.02,8.571428571428571,97.24391092682404,231,49,0,0,243.34000000000003,42.00000000000001,0,0
9.02,8.571428571428571,97.250158057577,231,49,0,0,257.65000000000003,45.00000000000001,0,0
9.02,8.571428571428571,97.24884106348605,231,49,0,0,271.96000000000004,48.00000000000001,0,0
9.02,8.571428571428571,97.26323720519215,231,49,0,0,286.27000000000004,51.00000000000001,0,0
9.02,8.571428571428571,97.27413108250575,231,49,0,0,300.58000000000004,54.00000000000001,0,0
9.02,8.571428571428571,97.28475607502197,231,49,0,0,314.89000000000004,57.000000000000014,0,0
9.02,8.571428571428571,97.30180205487078,231,49,0,0,329.20000000000005,60.00000000000001,0,0
9.03,8.571428571428571,97.30721547049617,231,49,0,0,343.51,63.0,0,0
9.03,8.571428571428571,97.31671945606512,231,49,0,0,357.82,66.0,0,0
9.03,8.571428571428571,97.33104878829732,231,49,0,0,372.13,69.0,0,0
9.03,8.571428571428571,97.34364590651555,231,49,0,0,386.44,72.0,0,0
9.03,8.571428571428571,97.35655301755106,231,49,0,0,400.75,75.0,0,0
9.03,8.571428571428571,97.36962963517638,231,49,0,0,415.06,78.0,0,0
9.03,8.571428571428571,97.38599759545843,231,49,0,0,429.37,81.0,0,0
9.03,8.571428571428571,97.3904855180164,231,49,0,0,443.68,84.0,0,0
9.03,8.571428571428571,97.40857523615212,231,49,0,0,457.99,87.0,0,0
9.03,8.571428571428571,97.42487047525277,231,49,0,0,472.3,90.0,0,0
9.05,8.571428571428571,97.44259955489179,231,49,0,0,486.61,93.0,0,0
9.05,8.571428571428571,97.45659378239996,231,49,0,0,500.92,96.0,0,0
9.05,8.571428571428571,97.459985761358,231,49,0,0,515.23,99.0,0,0
9.05,8.571428571428571,97.4732225110973,231,49,0,0,520,100.0,0,0
9.05,8.571428571428571,97.46488853167257,231,49,0,0,505.69,97.0,0,0
9.05,8.571428571428571,97.45806984537087,231,49,0,0,491.38,94.0,0,0
9.05,8.571428571428571,97.44749767885274,231,49,0,0,477.07,91.0,0,0
9.05,8.571428571428571,97.43280790077635,231,49,0,0,462.76,88.0,0,0
9.05,8.571428571428571,97.42181168180988,231,49,0,0,448.45,85.0,0,0
9.05,8.571428571428571,97.40687627686567,231,49,0,0,434.14,82.0,0,0
9.07,8.571428571428571,97.39286803984011,231,49,0,0,419.83,79.0,0,0
9.07,8.571428571428571,97.39018199991284,231,49,0,0,405.52,76.0,0,0
9.07,8.571428571428571,97.3834048857627,231,49,0,0,391.21,73.0,0,0
9.07,8.571428571428571,97.37213019786267,231,49,0,0,376.9,70.0,0,0
9.07,8.571428571428571,97.37102531011948,231,49,0,0,362.59000000000003,67.0,0,0
9.07,8.571428571428571,97.36378157143086,231,49,0,0,348.28,63.99999999999999,0,0
9.07,8.571428571428571,97.36192094375566,231,49,0,0,333.96999999999997,60.99999999999999,0,0
9.07,8.571428571428571,97.35582986314768,231,49,0,0,319.65999999999997,57.99999999999999,0,0
9.07,8.571428571428571,97.34460091302167,231,49,0,0,305.34999999999997,54.99999999999999,0,0
9.07,8.571428571428571,97.33105006225456,231,49,0,0,291.03999999999996,51.99999999999999,0,0
9.08,8.571428571428571,97.32292568137007,231,49,0,0,276.7299999999999,48.99999999999998,0,0
9.08,8.571428571428571,97.32145777545077,231,49,0,0,262.4199999999999,45.99999999999997,0,0
9.08,8.571428571428571,97.30999436506129,231,49,0,0,248.10999999999984,42.99999999999997,0,0
9.08,8.571428571428571,97.29730577203193,231,49,0,0,233.79999999999984,39.99999999999997,0,0
9.08,8.571428571428571,97.28804509639104,231,49,0,0,219.48999999999984,36.999999999999964,0,0
9.08,8.571428571428571,97.28058631910753,231,49,0,0,205.1799999999999,33.99999999999997,0,0
9.08,8.571428571428571,97.26908795182489,231,49,0,0,190.8699999999999,30.99999999999997,0,0
9.08,8.571428571428571,97.25484054801014,231,49,0,0,176.55999999999983,27.99999999999997,0,0
9.08,8.571428571428571,97.25230783721452,231,49,0,0,162.24999999999983,24.99999999999997,0,0
9.08,8.571428571428571,97.23879006788722,231,49,0,0,147.93999999999988,21.99999999999997,0,0
9.10,8.571428571428571,97.22773456919671,231,49,0,0,133.62999999999988,18.99999999999997,0,0
9.10,8.571428571428571,97.22028260770261,232,49,0,0,119.31999999999988,15.999999999999972,0,0
9.10,8.571428571428571,97.21692425539189,232,49,0,0,105.00999999999982,12.999999999999972,0,0
9.10,8.571428571428571,97.20711914992273,232,49,0,0,90.69999999999987,9.999999999999972,0,0
9.10,8.571428571428571,97.19956353805635,232,49,0,0,76.38999999999987,6.999999999999972,0,0
9.10,8.571428571428571,97.188787934998,232,49,0,0,62.07999999999987,3.9999999999999716,0,0
9.10,8.571428571428571,97.17453805426294,232,49,0,0,47.76999999999987,0.9999999999999716,0,0
9.10,8.571428571428571,97.16323602839377,232,49,0,0,43,0.0,0,0
9.10,8.571428571428571,97.16416530444086,232,49,0,0,57.31,3.0,0,0
9.10,8.571428571428571,97.17201415069218,232,49,0,0,71.62,6.0,0,0
9.12,8.571428571428571,97.17773806654445,232,49,0,0,85.93,9.0,0,0
9.12,8.571428571428571,97.18494581253023,232,49,0,0,100.24000000000001,12.0,0,0
9.12,8.571428571428571,97.1860179063282,232,49,0,0,114.55000000000001,15.0,0,0
9.12,8.571428571428571,97.18407336874637,232,49,0,0,128.86,18.0,0,0
9.12,8.571428571428571,97.18206912199553,232,49,0,0,143.16999999999996,21.0,0,0
9.12,8.571428571428571,97.17878535261879,232,49,0,0,157.48000000000002,24.0,0,0
9.12,8.571428571428571,97.18599973675312,232,49,0,0,171.79000000000002,27.0,0,0
9.12,8.571428571428571,97.19730918839628,232,49,0,0,186.10000000000002,30.0,0,0
9.12,8.571428571428571,97.19887404752942,232,49,0,0,200.40999999999997,33.0,0,0
9.12,8.571428571428571,97.2021544745528,232,49,0,0,214.71999999999997,36.0,0,0
9.13,8.571428571428571,97.21097842512587,233,49,0,0,229.03000000000003,39.0,0,0
9.13,8.571428571428571,97.21378093070875,233,49,0,0,243.34000000000003,42.00000000000001,0,0
9.13,8.571428571428571,97.21203913282986,233,49,0,0,257.65000000000003,45.00000000000001,0,0
9.13,8.571428571428571,97.21721794780356,233,49,0,0,271.96000000000004,48.00000000000001,0,0
9.13,8.571428571428571,97.2276493492538,233,49,0,0,286.27000000000004,51.00000000000001,0,0
9.13,8.571428571428571,97.23037830248671,233,49,0,0,300.58000000000004,54.00000000000001,0,0
9.13,8.571428571428571,97.2374475497657,233,49,0,0,314.89000000000004,57.000000000000014,0,0
9.13,8.571428571428571,97.24724026358747,233,49,0,0,329.20000000000005,60.00000000000001,0,0
9.13,8.571428571428571,97.26284347608582,233,49,0,0,343.51,63.0,0,0
9.13,8.571428571428571,97.26829531771035,233,49,0,0,357.82,66.0,0,0
9.15,8.571428571428571,97.28635713681714,233,49,0,0,372.13,69.0,0,0
9.15,8.571428571428571,97.30246183021625,233,49,0,0,386.44,72.0,0,0
9.15,8.571428571428571,97.32099614736786,233,49,0,0,400.75,75.0,0,0
9.15,8.571428571428571,97.33086438583886,233,49,0,0,415.06,78.0,0,0
9.15,8.571428571428571,97.34248030452316,233,49,0,0,429.37,81.0,0,0
9.15,8.571428571428571,97.35173953088112,233,49,0,0,443.68,84.0,0,0
9.15,8.571428571428571,97.36626914747241,233,49,0,0,457.99,87.0,0,0
9.15,8.571428571428571,97.37918379688941,233,49,0,0,472.3,90.0,0,0
9.15,8.571428571428571,97.3957173827042,233,49,0,0,486.61,93.0,0,0
9.15,8.571428571428571,97.40472600670451,233,49,0,0,500.92,96.0,0,0
9.17,8.571428571428571,97.41646881879664,233,49,0,0,515.23,99.0,0,0
9.17,8.571428571428571,97.42562010493783,233,49,0,0,520,100.0,0,0
9.17,8.571428571428571,97.41703595426253,233,49,0,0,505.69,97.0,0,0
9.17,8.571428571428571,97.40954567817565,233,49,0,0,491.38,94.0,0,0
9.17,8.571428571428571,97.40355224719404,233,49,0,0,477.07,91.0,0,0
9.17,8.571428571428571,97.39027644439527,233,49,0,0,462.76,88.0,0,0
9.17,8.571428571428571,97.38841069585793,233,49,0,0,448.45,85.0,0,0
9.17,8.571428571428571,97.37590187608465,233,49,0,0,434.14,82.0,0,0
9.17,8.571428571428571,97.36645696690789,233,49,0,0,419.83,79.0,0,0
9.17,8.571428571428571,97.35607026958435,233,49,0,0,405.52,76.0,0,0
9.18,8.571428571428571,97.35229305192553,233,49,0,0,391.21,73.0,0,0
9.18,8.571428571428571,97.34913392190849,233,49,0,0,376.9,70.0,0,0
9.18,8.571428571428571,97.34120911812023,233,49,0,0,362.59000000000003,67.0,0,0
9.18,8.571428571428571,97.33439968568223,233,49,0,0,348.28,63.99999999999999,0,0
9.18,8.571428571428571,97.33180204724681,233,49,0,0,333.96999999999997,60.99999999999999,0,0
9.18,8.571428571428571,97.32216432655858,233,49,0,0,319.65999999999997,57.99999999999999,0,0
9.18,8.571428571428571,97.3133018374543,233,49,0,0,305.34999999999997,54.99999999999999,0,0
9.18,8.571428571428571,97.30405207888086,233,49,0,0,291.03999999999996,51.99999999999999,0,0
9.18,8.571428571428571,97.29539926074655,233,49,0,0,276.7299999999999,48.99999999999998,0,0
9.18,8.571428571428571,97.28230689533973,233,49,0,0,262.4199999999999,45.99999999999997,0,0
9.20,8.571428571428571,97.27317476030669,233,49,0,0,248.10999999999984,42.99999999999997,0,0
9.20,8.571428571428571,97.26079105149147,234,49,0,0,233.79999999999984,39.99999999999997,0,0
9.20,8.571428571428571,97.25683483628603,234,49,0,0,219.48999999999984,36.999999999999964,0,0
9.20,8.571428571428571,97.25086098129472,234,49,0,0,205.1799999999999,33.99999999999997,0,0
9.20,8.571428571428571,97.24246476523858,234,49,0,0,190.8699999999999,30.99999999999997,0,0
9.20,8.571428571428571,97.23677875652709,234,49,0,0,176.55999999999983,27.99999999999997,0,0
9.20,8.571428571428571,97.22973990014735,234,49,0,0,162.24999999999983,24.99999999999997,0,0
9.20,8.571428571428571,97.22457166929614,234,49,0,0,147.93999999999988,21.99999999999997,0,0
9.20,8.571428571428571,97.21665045177049,234,49,0,0,133.62999999999988,18.99999999999997,0,0
9.20,8.571428571428571,97.20726958022344,234,49,0,0,119.31999999999988,15.999999999999972,0,0
9.22,8.571428571428571,97.19495580054117,234,49,0,0,105.00999999999982,12.999999999999972,0,0
9.22,8.571428571428571,97.1836824712362,234,49,0,0,90.69999999999987,9.999999999999972,0,0
9.22,8.571428571428571,97.17478918456591,234,49,0,0,76.38999999999987,6.999999999999972,0,0
9.22,8.571428571428571,97.16990149826151,235,49,0,0,62.07999999999987,3.9999999999999716,0,0
9.22,8.571428571428571,97.16429091806984,235,49,0,0,47.76999999999987,0.9999999999999716,0,0
9.22,8.571428571428571,97.15598582087664,235,49,0,0,43,0.0,0,0
9.22,8.571428571428571,97.16330563037184,235,49,0,0,57.31,3.0,0,0
9.22,8.571428571428571,97.16862794067988,235,49,0,0,71.62,6.0,0,0
9.22,8.571428571428571,97.17557168062673,235,49,0,0,85.93,9.0,0,0
9.23,8.571428571428571,97.17615999966634,235,49,0,0,100.24000000000001,12.0,0,0
9.23,8.571428571428571,97.18743917202443,235,49,0,0,114.55000000000001,15.0,0,0
9.23,8.571428571428571,97.19131663954019,235,49,0,0,128.86,18.0,0,0
9.23,8.571428571428571,97.19318324901982,235,49,0,0,143.16999999999996,21.0,0,0
9.23,8.571428571428571,97.19106659607492,235,49,0,0,157.48000000000002,24.0,0,0
9.23,8.571428571428571,97.19932997394156,235,49,0,0,171.79000000000002,27.0,0,0
9.23,8.571428571428571,97.20122802786071,235,49,0,0,186.10000000000002,30.0,0,0
9.23,8.571428571428571,97.21205563994704,235,49,0,0,200.40999999999997,33.0,0,0
9.23,8.571428571428571,97.20632924228977,235,49,0,0,214.71999999999997,36.0,0,0
9.23,8.571428571428571,97.21442005115496,235,49,0,0,229.03000000000003,39.0,0,0
9.25,8.571428571428571,97.21490235225185,235,49,0,0,243.34000000000003,42.00000000000001,0,0
9.25,8.571428571428571,97.22099592879223,235,49,0,0,257.65000000000003,45.00000000000001,0,0
9.25,8.571428571428571,97.22466347221541,235,49,0,0,271.96000000000004,48.00000000000001,0,0
9.25,8.571428571428571,97.24057508979418,235,49,0,0,286.27000000000004,51.00000000000001,0,0
9.25,8.571428571428571,97.24964758566377,235,49,0,0,300.58000000000004,54.00000000000001,0,0
9.25,8.571428571428571,97.25599556670616,235,49,0,0,314.89000000000004,57.000000000000014,0,0
9.25,8.571428571428571,97.27059241488436,235,49,0,0,329.20000000000005,60.00000000000001,0,0
9.25,8.571428571428571,97.27674287503952,235,49,0,0,343.51,63.0,0,0
9.25,8.571428571428571,97.28893360913185,235,49,0,0,357.82,66.0,0,0
9.25,8.571428571428571,97.29996052287981,235,49,0,0,372.13,69.0,0,0
9.27,8.571428571428571,97.31443579188488,235,49,0,0,386.44,72.0,0,0
9.27,8.571428571428571,97.32615652487098,235,49,0,0,400.75,75.0,0,0
9.27,8.571428571428571,97.3397666806017,235,49,0,0,415.06,78.0,0,0
9.27,8.571428571428571,97.35131143087808,235,49,0,0,429.37,81.0,0,0
9.27,8.571428571428571,97.36147030924265,235,49,0,0,443.68,84.0,0,0
9.27,8.571428571428571,97.37182561267709,235,49,0,0,457.99,87.0,0,0
9.27,8.571428571428571,97.38744766543289,235,49,0,0,472.3,90.0,0,0
9.27,8.571428571428571,97.40505265771252,235,49,0,0,486.61,93.0,0,0
9.27,8.571428571428571,97.41121576800894,235,49,0,0,500.92,96.0,0,0
9.27,8.571428571428571,97.4196930327788,235,49,0,0,515.23,99.0,0,0
9.28,8.571428571428571,97.42854829297823,235,49,0,0,520,100.0,0,0
9.28,8.571428571428571,97.42792691761814,235,49,0,0,505.69,97.0,0,0
9.28,8.571428571428571,97.4176263472202,235,49,0,0,491.38,94.0,0,0
9.28,8.571428571428571,97.40995672207126,235,49,0,0,477.07,91.0,0,0
9.28,8.571428571428571,97.4052588787625,235,49,0,0,462.76,88.0,0,0
9.28,8.571428571428571,97.39425843404602,235,49,0,0,448.45,85.0,0,0
9.28,8.571428571428571,97.38351345609557,235,49,0,0,434.14,82.0,0,0
9.28,8.571428571428571,97.37997399411312,235,49,0,0,419.83,79.0,0,0
9.28,8.571428571428571,97.36631082034661,235,49,0,0,405.52,76.0,0,0
9.28,8.571428571428571,97.36113161118267,235,49,0,0,391.21,73.0,0,0
9.30,8.571428571428571,97.35199295111292,235,49,0,0,376.9,70.0,0,0
9.30,8.571428571428571,97.34130095419684,235,49,0,0,362.59000000000003,67.0,0,0
9.30,8.571428571428571,97.33243901964674,235,49,0,0,348.28,63.99999999999999,0,0
9.30,8.571428571428571,97.32485190413223,235,49,0,0,333.96999999999997,60.99999999999999,0,0
9.30,8.571428571428571,97.31638189393648,235,49,0,0,319.65999999999997,57.99999999999999,0,0
9.30,8.571428571428571,97.30760499966517,236,49,0,0,305.34999999999997,54.99999999999999,0,0
9.30,8.571428571428571,97.2956778664556,236,49,0,0,291.03999999999996,51.99999999999999,0,0
9.30,8.571428571428571,97.28765446292677,236,49,0,0,276.7299999999999,48.99999999999998,0,0
9.30,8.571428571428571,97.27981116832412,236,49,0,0,262.4199999999999,45.99999999999997,0,0
9.30,8.571428571428571,97.27378675300547,236,50,0,0,248.10999999999984,42.99999999999997,0,0
9.32,8.571428571428571,97.26667540325904,236,50,0,0,233.79999999999984,39.99999999999997,0,0
9.32,8.571428571428571,97.26525372736263,236,50,0,0,219.48999999999984,36.999999999999964,0,0
9.32,8.571428571428571,97.25549907881476,236,50,0,0,205.1799999999999,33.99999999999997,0,0
9.32,8.571428571428571,97.24749482913602,236,50,0,0,190.8699999999999,30.99999999999997,0,0
9.32,8.571428571428571,97.24701941060356,236,50,0,0,176.55999999999983,27.99999999999997,0,0
9.32,8.571428571428571,97.23936349958022,236,50,0,0,162.24999999999983,24.99999999999997,0,0
9.32,8.571428571428571,97.23809760537716,236,50,0,0,147.93999999999988,21.99999999999997,0,0
9.32,8.571428571428571,97.22530911664612,236,50,0,0,133.62999999999988,18.99999999999997,0,0
9.32,8.571428571428571,97.2169408061042,236,50,0,0,119.31999999999988,15.999999999999972,0,0
9.32,8.571428571428571,97.21254643774681,236,50,0,0,105.00999999999982,12.999999999999972,0,0
9.33,8.571428571428571,97.20085568573134,236,50,0,0,90.69999999999987,9.999999999999972,0,0
9.33,8.571428571428571,97.18994101743658,236,50,0,0,76.38999999999987,6.999999999999972,0,0
9.33,8.571428571428571,97.17846654516036,236,50,0,0,62.07999999999987,3.9999999999999716,0,0
9.33,8.571428571428571,97.1666089193438,237,50,0,0,47.76999999999987,0.9999999999999716,0,0
9.33,8.571428571428571,97.1633777466022,237,50,0,0,43,0.0,0,0
9.33,8.571428571428571,97.16975206524882,237,50,0,0,57.31,3.0,0,0
9.33,8.571428571428571,97.17625221295418,237,50,0,0,71.62,6.0,0,0
9.33,8.571428571428571,97.17621535968365,237,50,0,0,85.93,9.0,0,0
9.33,8.571428571428571,97.18453465334603,237,50,0,0,100.24000000000001,12.0,0,0
9.33,8.571428571428571,97.1912934506409,237,50,0,0,114.55000000000001,15.0,0,0
9.35,8.571428571428571,97.18836879385037,237,50,0,0,128.86,18.0,0,0
9.35,8.571428571428571,97.18822082990447,237,50,0,0,143.16999999999996,21.0,0,0
9.35,8.571428571428571,97.18631791225077,237,50,0,0,157.48000000000002,24.0,0,0
9.35,8.571428571428571,97.19109600352387,237,50,0,0,171.79000000000002,27.0,0,0
9.35,8.571428571428571,97.19659092685102,237,50,0,0,186.10000000000002,30.0,0,0
9.35,8.571428571428571,97.20090643188733,238,50,0,0,200.40999999999997,33.0,0,0
9.35,8.571428571428571,97.21124056325318,238,50,0,0,214.71999999999997,36.0,0,0
9.35,8.571428571428571,97.21197934453458,238,50,0,0,229.03000000000003,39.0,0,0
9.35,8.571428571428571,97.2189915104569,238,50,0,0,243.34000000000003,42.00000000000001,0,0
9.35,8.571428571428571,97.2177836440605,238,50,0,0,257.65000000000003,45.00000000000001,0,0
9.37,8.571428571428571,97.22025837295634,238,50,0,0,271.96000000000004,48.00000000000001,0,0
9.37,8.571428571428571,97.23087650422886,238,50,0,0,286.27000000000004,51.00000000000001,0,0
9.37,8.571428571428571,97.24374935948136,238,50,0,0,300.58000000000004,54.00000000000001,0,0
9.37,8.571428571428571,97.2529954656056,238,50,0,0,314.89000000000004,57.000000000000014,0,0
9.37,8.571428571428571,97.2726662336873,238,50,0,0,329.20000000000005,60.00000000000001,0,0
9.37,8.571428571428571,97.29045122495864,238,50,0,0,343.51,63.0,0,0
9.37,8.571428571428571,97.30567584053317,238,50,0,0,357.82,66.0,0,0
9.37,8.571428571428571,97.31519484640158,238,50,0,0,372.13,69.0,0,0
9.38,8.571428571428571,97.32140102914455,238,50,0,0,386.44,72.0,0,0
9.38,8.571428571428571,97.33031340680567,238,50,0,0,400.75,75.0,0,0
9.38,8.571428571428571,97.34647335442185,238,50,0,0,415.06,78.0,0,0
9.38,8.571428571428571,97.36146824995411,238,50,0,0,429.37,81.0,0,0
9.38,8.571428571428571,97.37389673399987,238,50,0,0,443.68,84.0,0,0
9.38,8.571428571428571,97.3824828264968,238,50,0,0,457.99,87.0,0,0
9.38,8.571428571428571,97.39523762360487,238,50,0,0,472.3,90.0,0,0
9.38,8.571428571428571,97.40386908060289,238,50,0,0,486.61,93.0,0,0
9.38,8.571428571428571,97.41297054942054,238,50,0,0,500.92,96.0,0,0
9.38,8.571428571428571,97.42200281187618,238,50,0,0,515.23,99.0,0,0
9.40,8.571428571428571,97.43466640865324,239,50,0,0,520,100.0,0,0
9.40,8.571428571428571,97.42637637263564,239,50,0,0,505.69,97.0,0,0
9.40,8.571428571428571,97.42061782741779,239,50,0,0,491.38,94.0,0,0
9.40,8.571428571428571,97.41107520965679,239,50,0,0,477.07,91.0,0,0
9.40,8.571428571428571,97.4022347305446,239,50,0,0,462.76,88.0,0,0
9.40,8.571428571428571,97.39171354487756,239,50,0,0,448.45,85.0,0,0
9.40,8.571428571428571,97.3856037393766,239,50,0,0,434.14,82.0,0,0
9.40,8.571428571428571,97.38206552921815,239,50,0,0,419.83,79.0,0,0
9.40,8.571428571428571,97.37526225038519,239,50,0,0,405.52,76.0,0,0
9.40,8.571428571428571,97.36403068556619,239,50,0,0,391.21,73.0,0,0
9.42,8.571428571428571,97.35585582967781,239,50,0,0,376.9,70.0,0,0
9.42,8.571428571428571,97.34406835918281,239,50,0,0,362.59000000000003,67.0,0,0
9.42,8.571428571428571,97.33834197806917,239,50,0,0,348.28,63.99999999999999,0,0
9.42,8.571428571428571,97.33032057961165,239,50,0,0,333.96999999999997,60.99999999999999,0,0
9.42,8.571428571428571,97.32313124460686,239,50,0,0,319.65999999999997,57.99999999999999,0,0
9.42,8.571428571428571,97.31987929416407,239,50,0,0,305.34999999999997,54.99999999999999,0,0
9.42,8.571428571428571,97.31569775218753,239,50,0,0,291.03999999999996,51.99999999999999,0,0
9.42,8.571428571428571,97.3152932934833,239,50,0,0,276.7299999999999,48.99999999999998,0,0
9.42,8.571428571428571,97.30885616122103,239,50,0,0,262.4199999999999,45.99999999999997,0,0
9.42,8.571428571428571,97.3028528342216,239,50,0,0,248.10999999999984,42.99999999999997,0,0
9.43,8.571428571428571,97.29560365173958,239,50,0,0,233.79999999999984,39.99999999999997,0,0
9.43,8.571428571428571,97.28804011524613,239,50,0,0,219.48999999999984,36.999999999999964,0,0
9.43,8.571428571428571,97.28551499880673,239,50,0,0,205.1799999999999,33.99999999999997,0,0
9.43,8.571428571428571,97.27412445136099,239,50,0,0,190.8699999999999,30.99999999999997,0,0
9.43,8.571428571428571,97.27017668348165,239,50,0,0,176.55999999999983,27.99999999999997,0,0
9.43,8.571428571428571,97.25764453556997,239,50,0,0,162.24999999999983,24.99999999999997,0,0
9.43,8.571428571428571,97.25152825937754,239,50,0,0,147.93999999999988,21.99999999999997,0,0
9.43,8.571428571428571,97.24736110396806,239,50,0,0,133.62999999999988,18.99999999999997,0,0
9.43,8.571428571428571,97.24433533514474,239,50,0,0,119.31999999999988,15.999999999999972,0,0
9.43,8.571428571428571,97.2334711603636,239,50,0,0,105.00999999999982,12.999999999999972,0,0
9.45,8.571428571428571,97.22084484818872,239,50,0,0,90.69999999999987,9.999999999999972,0,0
9.45,8.571428571428571,97.20815376400141,239,50,0,0,76.38999999999987,6.999999999999972,0,0
9.45,8.571428571428571,97.20470912946332,239,50,0,0,62.07999999999987,3.9999999999999716,0,0
9.45,8.571428571428571,97.19046499434768,239,50,0,0,47.76999999999987,0.9999999999999716,0,0
9.45,8.571428571428571,97.18247601222059,239,50,0,0,43,0.0,0,0
9.45,8.571428571428571,97.1834131319054,239,50,0,0,57.31,3.0,0,0
9.45,8.571428571428571,97.18721424669593,239,50,0,0,71.62,6.0,0,0
9.45,8.571428571428571,97.18509490126982,239,50,0,0,85.93,9.0,0,0
9.45,8.571428571428571,97.19046752463116,239,50,0,0,100.24000000000001,12.0,0,0
9.45,8.571428571428571,97.19551443650833,239,50,0,0,114.55000000000001,15.0,0,0
9.47,8.571428571428571,97.19988518409647,239,50,0,0,128.86,18.0,0,0
9.47,8.571428571428571,97.2010981124148,239,50,0,0,143.16999999999996,21.0,0,0
9.47,8.571428571428571,97.21013542256303,239,50,0,0,157.48000000000002,24.0,0,0
9.47,8.571428571428571,97.2123903549356,239,50,0,0,171.79000000000002,27.0,0,0
9.47,8.571428571428571,97.21643728496217,239,50,0,0,186.10000000000002,30.0,0,0
9.47,8.571428571428571,97.21543457665938,239,50,0,0,200.40999999999997,33.0,0,0
9.47,8.571428571428571,97.21169187146518,239,50,0,0,214.71999999999997,36.0,0,0
9.47,8.571428571428571,97.21950672561175,239,50,0,0,229.03000000000003,39.0,0,0
9.47,8.571428571428571,97.22852216313254,239,50,0,0,243.34000000000003,42.00000000000001,0,0
9.47,8.571428571428571,97.23056805677228,239,51,0,0,257.65000000000003,45.00000000000001,0,0
9.48,8.571428571428571,97.23239534732573,239,51,0,0,271.96000000000004,48.00000000000001,0,0
9.48,8.571428571428571,97.24247824028417,239,51,0,0,286.27000000000004,51.00000000000001,0,0
9.48,8.571428571428571,97.25954260032857,239,51,0,0,300.58000000000004,54.00000000000001,0,0
9.48,8.571428571428571,97.27322099217365,239,51,0,0,314.89000000000004,57.000000000000014,0,0
9.48,8.571428571428571,97.28670265539196,239,51,0,0,329.20000000000005,60.00000000000001,0,0
9.48,8.571428571428571,97.30755785216706,239,51,0,0,343.51,63.0,0,0
9.48,8.571428571428571,97.3100713875266,239,51,0,0,357.82,66.0,0,0
9.48,8.571428571428571,97.31916597052158,239,51,0,0,372.13,69.0,0,0
9.48,8.571428571428571,97.32412737291227,239,51,0,0,386.44,72.0,0,0
9.48,8.571428571428571,97.33390208208273,239,51,0,0,400.75,75.0,0,0
9.50,8.571428571428571,97.34682883717025,239,51,0,0,415.06,78.0,0,0
9.50,8.571428571428571,97.36115532173261,239,51,0,0,429.37,81.0,0,0
9.50,8.571428571428571,97.36574504812734,239,51,0,0,443.68,84.0,0,0
9.50,8.571428571428571,97.37513401580794,239,51,0,0,457.99,87.0,0,0
9.50,8.571428571428571,97.39316293614348,239,51,0,0,472.3,90.0,0,0
9.50,8.571428571428571,97.40387687520598,239,51,0,0,486.61,93.0,0,0
9.50,8.571428571428571,97.41391243376623,239,51,0,0,500.92,96.0,0,0
9.50,8.571428571428571,97.4240951798965,239,51,0,0,515.23,99.0,0,0
9.50,8.571428571428571,97.43374960054464,239,51,0,0,520,100.0,0,0
9.50,8.571428571428571,97.42234711481473,239,51,0,0,505.69,97.0,0,0
9.52,8.571428571428571,97.41679758410677,239,51,0,0,491.38,94.0,0,0
9.52,8.571428571428571,97.40984222584079,239,51,0,0,477.07,91.0,0,0
9.52,8.571428571428571,97.39847778430826,239,51,0,0,462.76,88.0,0,0
9.52,8.571428571428571,97.39180582522866,239,51,0,0,448.45,85.0,0,0
9.52,8.571428571428571,97.38389142063079,239,51,0,0,434.14,82.0,0,0
9.52,8.571428571428571,97.37696614758522,239,51,0,0,419.83,79.0,0,0
9.52,8.571428571428571,97.37037179731519,239,51,0,0,405.52,76.0,0,0
9.52,8.571428571428571,97.35618251902727,239,51,0,0,391.21,73.0,0,0
9.52,8.571428571428571,97.34764271937827,239,51,0,0,376.9,70.0,0,0
9.52,8.571428571428571,97.34060987605451,239,51,0,0,362.59000000000003,67.0,0,0
9.53,8.571428571428571,97.32806871551928,239,51,0,0,348.28,63.99999999999999,0,0
9.53,8.571428571428571,97.31370402993315,239,51,0,0,333.96999999999997,60.99999999999999,0,0
9.53,8.571428571428571,97.30231789308853,239,51,0,0,319.65999999999997,57.99999999999999,0,0
9.53,8.571428571428571,97.2970027115641,239,51,0,0,305.34999999999997,54.99999999999999,0,0
9.53,8.571428571428571,97.2848488715986,239,51,0,0,291.03999999999996,51.99999999999999,0,0
9.53,8.571428571428571,97.27616549481047,239,51,0,0,276.7299999999999,48.99999999999998,0,0
9.53,8.571428571428571,97.2688295489568,240,51,0,0,262.4199999999999,45.99999999999997,0,0
9.53,8.571428571428571,97.25920060385317,240,51,0,0,248.10999999999984,42.99999999999997,0,0
9.53,8.571428571428571,97.24988085254827,240,51,0,0,233.79999999999984,39.99999999999997,0,0
9.53,8.571428571428571,97.24405023700247,240,51,0,0,219.48999999999984,36.999999999999964,0,0
9.55,8.571428571428571,97.23169717135998,240,51,0,0,205.1799999999999,33.99999999999997,0,0
9.55,8.571428571428571,97.22420134478106,240,51,0,0,190.8699999999999,30.99999999999997,0,0
9.55,8.571428571428571,97.2185881937569,240,51,0,0,176.55999999999983,27.99999999999997,0,0
9.55,8.571428571428571,97.21316533646517,240,51,0,0,162.24999999999983,24.99999999999997,0,0
9.55,8.571428571428571,97.19927092926191,240,51,0,0,147.93999999999988,21.99999999999997,0,0
9.55,8.571428571428571,97.18712343605885,240,51,0,0,133.62999999999988,18.99999999999997,0,0
9.55,8.571428571428571,97.18406734149053,240,51,0,0,119.31999999999988,15.999999999999972,0,0
9.55,8.571428571428571,97.18127379847783,240,51,0,0,105.00999999999982,12.999999999999972,0,0
9.55,8.571428571428571,97.17349981890999,240,51,0,0,90.69999999999987,9.999999999999972,0,0
9.55,8.571428571428571,97.15983278694497,240,51,0,0,76.38999999999987,6.999999999999972,0,0
9.57,8.571428571428571,97.14651568636633,240,51,0,0,62.07999999999987,3.9999999999999716,0,0
9.57,8.571428571428571,97.13498270234074,240,51,0,0,47.76999999999987,0.9999999999999716,0,0
9.57,8.571428571428571,97.12128050049822,240,51,0,0,43,0.0,0,0
9.57,8.571428571428571,97.12843475909241,240,51,0,0,57.31,3.0,0,0
9.57,8.571428571428571,97.12653881743616,240,51,0,0,71.62,6.0,0,0
9.57,8.571428571428571,97.13323738047781,240,51,0,0,85.93,9.0,0,0
9.57,8.571428571428571,97.13658547914088,240,51,0,0,100.24000000000001,12.0,0,0
9.57,8.571428571428571,97.13239425875804,240,51,0,0,114.55000000000001,15.0,0,0
9.57,8.571428571428571,97.14151189322712,240,51,0,0,128.86,18.0,0,0
9.57,8.571428571428571,97.14611527655306,240,51,0,0,143.16999999999996,21.0,0,0
9.58,8.571428571428571,97.14624686083613,240,51,0,0,157.48000000000002,24.0,0,0
9.58,8.571428571428571,97.14692649559883,240,51,0,0,171.79000000000002,27.0,0,0
9.58,8.571428571428571,97.14225529677314,240,51,0,0,186.10000000000002,30.0,0,0
9.58,8.571428571428571,97.14013217181,240,51,0,0,200.40999999999997,33.0,0,0
9.58,8.571428571428571,97.14021579005548,240,51,0,0,214.71999999999997,36.0,0,0
9.58,8.571428571428571,97.13583294497822,240,51,0,0,229.03000000000003,39.0,0,0
9.58,8.571428571428571,97.14201837839937,240,51,0,0,243.34000000000003,42.00000000000001,0,0
9.58,8.571428571428571,97.14590425822932,240,51,0,0,257.65000000000003,45.00000000000001,0,0
9.58,8.571428571428571,97.15110887717,240,51,0,0,271.96000000000004,48.00000000000001,0,0
9.58,8.571428571428571,97.15744506526161,240,51,0,0,286.27000000000004,51.00000000000001,0,0
9.60,8.571428571428571,97.16816404547677,240,51,0,0,300.58000000000004,54.00000000000001,0,0
9.60,8.571428571428571,97.17985479995514,240,51,0,0,314.89000000000004,57.000000000000014,0,0
9.60,8.571428571428571,97.19742529296103,240,51,0,0,329.20000000000005,60.00000000000001,0,0
9.60,8.571428571428571,97.21309508339857,240,51,0,0,343.51,63.0,0,0
9.60,8.571428571428571,97.23313801263166,240,51,0,0,357.82,66.0,0,0
9.60,8.571428571428571,97.24659528530385,240,51,0,0,372.13,69.0,0,0
9.60,8.571428571428571,97.25541291659327,240,51,0,0,386.44,72.0,0,0
9.60,8.571428571428571,97.25975259053496,240,51,0,0,400.75,75.0,0,0
9.60,8.571428571428571,97.27078157801932,240,51,0,0,415.06,78.0,0,0
9.60,8.571428571428571,97.27937141260706,240,51,0,0,429.37,81.0,0,0
9.62,8.571428571428571,97.29441747499926,241,51,0,0,443.68,84.0,0,0
9.62,8.571428571428571,97.29819473076073,241,51,0,0,457.99,87.0,0,0
9.62,8.571428571428571,97.31376901306082,241,51,0,0,472.3,90.0,0,0
9.62,8.571428571428571,97.32805644194613,241,51,0,0,486.61,93.0,0,0
9.62,8.571428571428571,97.33738632135179,241,51,0,0,500.92,96.0,0,0
9.62,8.571428571428571,97.35335070987935,241,51,0,0,515.23,99.0,0,0
9.62,8.571428571428571,97.3647567002272,241,51,0,0,520,100.0,0,0
9.62,8.571428571428571,97.35580422049674,241,51,0,0,505.69,97.0,0,0
9.62,8.571428571428571,97.35267462937509,241,51,0,0,491.38,94.0,0,0
9.62,8.571428571428571,97.34158705306241,241,51,0,0,477.07,91.0,0,0
9.63,8.571428571428571,97.33113577850136,241,51,0,0,462.76,88.0,0,0
9.63,8.571428571428571,97.3229793819784,241,51,0,0,448.45,85.0,0,0
9.63,8.571428571428571,97.312290156332,241,51,0,0,434.14,82.0,0,0
9.63,8.571428571428571,97.3027937580253,241,51,0,0,419.83,79.0,0,0
9.63,8.571428571428571,97.29040057745662,241,51,0,0,405.52,76.0,0,0
9.63,8.571428571428571,97.28837090407578,241,51,0,0,391.21,73.0,0,0
9.63,8.571428571428571,97.28377952151621,241,51,0,0,376.9,70.0,0,0
9.63,8.571428571428571,97.27226146145259,241,52,0,0,362.59000000000003,67.0,0,0
9.63,8.571428571428571,97.26212655282639,241,52,0,0,348.28,63.99999999999999,0,0
9.63,8.571428571428571,97.25595845775608,241,52,0,0,333.96999999999997,60.99999999999999,0,0
9.65,8.571428571428571,97.25249590738953,241,52,0,0,319.65999999999997,57.99999999999999,0,0
9.65,8.571428571428571,97.25007344578928,241,52,0,0,305.34999999999997,54.99999999999999,0,0
9.65,8.571428571428571,97.24199277972579,241,52,0,0,291.03999999999996,51.99999999999999,0,0
9.65,8.571428571428571,97.23632041626435,241,52,0,0,276.7299999999999,48.99999999999998,0,0
9.65,8.571428571428571,97.23072331830055,241,52,0,0,262.4199999999999,45.99999999999997,0,0
9.65,8.571428571428571,97.22320370385674,241,52,0,0,248.10999999999984,42.99999999999997,0,0
9.65,8.571428571428571,97.21944116066034,241,52,0,0,233.79999999999984,39.99999999999997,0,0
9.65,8.571428571428571,97.21022000944689,241,52,0,0,219.48999999999984,36.999999999999964,0,0
9.65,8.571428571428571,97.20541531872989,241,52,0,0,205.1799999999999,33.99999999999997,0,0
9.65,8.571428571428571,97.1944488173881,241,52,0,0,190.8699999999999,30.99999999999997,0,0
9.67,8.571428571428571,97.19363736317987,241,52,0,0,176.55999999999983,27.99999999999997,0,0
9.67,8.571428571428571,97.18001506954043,241,52,0,0,162.24999999999983,24.99999999999997,0,0
9.67,8.571428571428571,97.17126935130318,241,52,0,0,147.93999999999988,21.99999999999997,0,0
9.67,8.571428571428571,97.1570096706173,241,52,0,0,133.62999999999988,18.99999999999997,0,0
9.67,8.571428571428571,97.14577504704407,241,52,0,0,119.31999999999988,15.999999999999972,0,0
9.67,8.571428571428571,97.14315787988593,242,52,0,0,105.00999999999982,12.999999999999972,0,0
9.67,8.571428571428571,97.14061893248729,242,52,0,0,90.69999999999987,9.999999999999972,0,0
9.67,8.571428571428571,97.1293355599595,242,52,0,0,76.38999999999987,6.999999999999972,0,0
9.67,8.571428571428571,97.12450775262577,242,52,0,0,62.07999999999987,3.9999999999999716,0,0
9.68,8.571428571428571,97.11787812046799,242,52,0,0,47.76999999999987,0.9999999999999716,0,0
9.68,8.571428571428571,97.11438539953373,242,52,0,0,43,0.0,0,0
9.68,8.571428571428571,97.11475643507649,242,52,0,0,57.31,3.0,0,0
9.68,8.571428571428571,97.11690008215996,242,52,0,0,71.62,6.0,0,0
9.68,8.571428571428571,97.11886860924005,242,52,0,0,85.93,9.0,0,0
9.68,8.571428571428571,97.12122261059758,242,52,0,0,100.24000000000001,12.0,0,0
9.68,8.571428571428571,97.11677539490005,242,52,0,0,114.55000000000001,15.0,0,0
9.68,8.571428571428571,97.12222585189468,242,52,0,0,128.86,18.0,0,0
9.68,8.571428571428571,97.12201882580773,242,52,0,0,143.16999999999996,21.0,0,0
9.68,8.571428571428571,97.1270963213433,242,52,0,0,157.48000000000002,24.0,0,0
9.70,8.571428571428571,97.13587630694846,242,52,0,0,171.79000000000002,27.0,0,0
9.70,8.571428571428571,97.13817005961029,242,52,0,0,186.10000000000002,30.0,0,0
9.70,8.571428571428571,97.13544069514406,242,52,0,0,200.40999999999997,33.0,0,0
9.70,8.571428571428571,97.14237923774421,242,52,0,0,214.71999999999997,36.0,0,0
9.70,8.571428571428571,97.14483806273269,242,52,0,0,229.03000000000003,39.0,0,0
9.70,8.571428571428571,97.14754332445183,242,52,0,0,243.34000000000003,42.00000000000001,0,0
9.70,8.571428571428571,97.14612820023736,242,52,0,0,257.65000000000003,45.00000000000001,0,0
9.70,8.571428571428571,97.14837496386811,242,52,0,0,271.96000000000004,48.00000000000001,0,0
9.70,8.571428571428571,97.16191514840466,242,52,0,0,286.27000000000004,51.00000000000001,0,0
9.70,8.571428571428571,97.17334232962948,242,52,0,0,300.58000000000004,54.00000000000001,0,0
9.72,8.571428571428571,97.17909786333053,242,52,0,0,314.89000000000004,57.000000000000014,0,0
9.72,8.571428571428571,97.1895373804047,242,52,0,0,329.20000000000005,60.00000000000001,0,0
9.72,8.571428571428571,97.20517520882899,243,52,0,0,343.51,63.0,0,0
9.72,8.571428571428571,97.21395240665568,243,52,0,0,357.82,66.0,0,0
9.72,8.571428571428571,97.22256284368103,243,52,0,0,372.13,69.0,0,0
9.72,8.571428571428571,97.2382170705182,243,52,0,0,386.44,72.0,0,0
9.72,8.571428571428571,97.2523556693005,243,52,0,0,400.75,75.0,0,0
9.72,8.571428571428571,97.26169334502333,243,52,0,0,415.06,78.0,0,0
9.72,8.571428571428571,97.27110666086251,243,52,0,0,429.37,81.0,0,0
9.72,8.571428571428571,97.27829704086851,243,52,0,0,443.68,84.0,0,0
9.73,8.571428571428571,97.29658595930718,243,52,0,0,457.99,87.0,0,0
9.73,8.571428571428571,97.31035646046416,243,52,0,0,472.3,90.0,0,0
9.73,8.571428571428571,97.3156160285951,243,52,0,0,486.61,93.0,0,0
9.73,8.571428571428571,97.324419527054,243,52,0,0,500.92,96.0,0,0
9.73,8.571428571428571,97.33694570262064,243,52,0,0,515.23,99.0,0,0
9.73,8.571428571428571,97.34980816580844,243,52,0,0,520,100.0,0,0
9.73,8.571428571428571,97.34709738359851,243,52,0,0,505.69,97.0,0,0
9.73,8.571428571428571,97.3393237252109,243,52,0,0,491.38,94.0,0,0
9.73,8.571428571428571,97.33845322425746,243,52,0,0,477.07,91.0,0,0
9.73,8.571428571428571,97.33250050073202,243,52,0,0,462.76,88.0,0,0
9.75,8.571428571428571,97.32689646414536,243,52,0,0,448.45,85.0,0,0
9.75,8.571428571428571,97.31371688371628,243,52,0,0,434.14,82.0,0,0
9.75,8.571428571428571,97.30550966564523,243,52,0,0,419.83,79.0,0,0
9.75,8.571428571428571,97.2999632181426,243,52,0,0,405.52,76.0,0,0
9.75,8.571428571428571,97.28624919063056,243,52,0,0,391.21,73.0,0,0
9.75,8.571428571428571,97.28034788639884,243,52,0,0,376.9,70.0,0,0
9.75,8.571428571428571,97.2692225213842,244,52,0,0,362.59000000000003,67.0,0,0
9.75,8.571428571428571,97.26419179917296,244,52,0,0,348.28,63.99999999999999,0,0
9.75,8.571428571428571,97.25806933620335,244,52,0,0,333.96999999999997,60.99999999999999,0,0
9.75,8.571428571428571,97.24783735313441,244,52,0,0,319.65999999999997,57.99999999999999,0,0
9.77,8.571428571428571,97.24399971415836,244,52,0,0,305.34999999999997,54.99999999999999,0,0
9.77,8.571428571428571,97.22949708597609,244,52,0,0,291.03999999999996,51.99999999999999,0,0
9.77,8.571428571428571,97.22311952447328,244,52,0,0,276.7299999999999,48.99999999999998,0,0
9.77,8.571428571428571,97.21771445302495,244,52,0,0,262.4199999999999,45.99999999999997,0,0
9.77,8.571428571428571,97.20985108216153,244,52,0,0,248.10999999999984,42.99999999999997,0,0
9.77,8.571428571428571,97.20750262397495,244,52,0,0,233.79999999999984,39.99999999999997,0,0
9.77,8.571428571428571,97.20179198158671,244,52,0,0,219.48999999999984,36.999999999999964,0,0
9.77,8.571428571428571,97.19365883929106,244,52,0,0,205.1799999999999,33.99999999999997,0,0
9.77,8.571428571428571,97.1848079001788,244,52,0,0,190.8699999999999,30.99999999999997,0,0
9.77,8.571428571428571,97.17530218641849,244,52,0,0,176.55999999999983,27.99999999999997,0,0
9.78,8.571428571428571,97.17359765710468,244,52,0,0,162.24999999999983,24.99999999999997,0,0
9.78,8.571428571428571,97.16580391546086,244,52,0,0,147.93999999999988,21.99999999999997,0,0
9.78,8.571428571428571,97.15629988802084,244,52,0,0,133.62999999999988,18.99999999999997,0,0
9.78,8.571428571428571,97.15548407799831,244,52,0,0,119.31999999999988,15.999999999999972,0,0
9.78,8.571428571428571,97.14762093692079,244,53,0,0,105.00999999999982,12.999999999999972,0,0
9.78,8.571428571428571,97.13925880852625,244,53,0,0,90.69999999999987,9.999999999999972,0,0
9.78,8.571428571428571,97.1356488678987,244,53,0,0,76.38999999999987,6.999999999999972,0,0
9.78,8.571428571428571,97.13035649938358,244,53,0,0,62.07999999999987,3.9999999999999716,0,0
9.78,8.571428571428571,97.1180372325966,244,53,0,0,47.76999999999987,0.9999999999999716,0,0
9.78,8.571428571428571,97.11371240030502,244,53,0,0,43,0.0,0,0
9.80,8.571428571428571,97.11198392572189,244,53,0,0,57.31,3.0,0,0
9.80,8.571428571428571,97.11122840583793,244,53,0,0,71.62,6.0,0,0
9.80,8.571428571428571,97.11958958013369,244,53,0,0,85.93,9.0,0,0
9.80,8.571428571428571,97.11928811946015,244,53,0,0,100.24000000000001,12.0,0,0
9.80,8.571428571428571,97.1252674177936,244,53,0,0,114.55000000000001,15.0,0,0
9.80,8.571428571428571,97.13211796728388,244,53,0,0,128.86,18.0,0,0
9.80,8.571428571428571,97.14253317446799,244,53,0,0,143.16999999999996,21.0,0,0
9.80,8.571428571428571,97.14883179512422,244,53,0,0,157.48000000000002,24.0,0,0
9.80,8.571428571428571,97.15222502005915,244,53,0,0,171.79000000000002,27.0,0,0
9.80,8.571428571428571,97.15236608438907,244,53,0,0,186.10000000000002,30.0,0,0
9.82,8.571428571428571,97.15772783086486,244,53,0,0,200.40999999999997,33.0,0,0
9.82,8.571428571428571,97.16087517828134,244,53,0,0,214.71999999999997,36.0,0,0
9.82,8.571428571428571,97.16402311599954,244,53,0,0,229.03000000000003,39.0,0,0
9.82,8.571428571428571,97.16831432277141,244,53,0,0,243.34000000000003,42.00000000000001,0,0
9.82,8.571428571428571,97.17557066983426,244,53,0,0,257.65000000000003,45.00000000000001,0,0
9.82,8.571428571428571,97.1705431140874,244,53,0,0,271.96000000000004,48.00000000000001,0,0
9.82,8.571428571428571,97.17889151843883,244,53,0,0,286.27000000000004,51.00000000000001,0,0
9.82,8.571428571428571,97.18121622084996,244,53,0,0,300.58000000000004,54.00000000000001,0,0
9.82,8.571428571428571,97.19968733331518,244,53,0,0,314.89000000000004,57.000000000000014,0,0
9.82,8.571428571428571,97.20878320884114,244,53,0,0,329.20000000000005,60.00000000000001,0,0
9.83,8.571428571428571,97.22613056204987,244,53,0,0,343.51,63.0,0,0
9.83,8.571428571428571,97.24271642056546,244,53,0,0,357.82,66.0,0,0
9.83,8.571428571428571,97.2622628851639,244,53,0,0,372.13,69.0,0,0
9.83,8.571428571428571,97.27703531457517,244,53,0,0,386.44,72.0,0,0
9.83,8.571428571428571,97.28505012225314,244,53,0,0,400.75,75.0,0,0
9.83,8.571428571428571,97.29800700304223,244,53,0,0,415.06,78.0,0,0
9.83,8.571428571428571,97.30704258762177,244,53,0,0,429.37,81.0,0,0
9.83,8.571428571428571,97.31825829877353,244,53,0,0,443.68,84.0,0,0
9.83,8.571428571428571,97.33084823631941,244,53,0,0,457.99,87.0,0,0
9.83,8.571428571428571,97.34356934011184,244,53,0,0,472.3,90.0,0,0
9.85,8.571428571428571,97.34920329878813,244,53,0,0,486.61,93.0,0,0
9.85,8.571428571428571,97.35716568413775,244,53,0,0,500.92,96.0,0,0
9.85,8.571428571428571,97.37221744107435,244,53,0,0,515.23,99.0,0,0
9.85,8.571428571428571,97.37697647134185,244,53,0,0,520,100.0,0,0
9.85,8.571428571428571,97.37449507944396,244,53,0,0,505.69,97.0,0,0
9.85,8.571428571428571,97.37104596347676,244,53,0,0,491.38,94.0,0,0
9.85,8.571428571428571,97.3617342621753,244,53,0,0,477.07,91.0,0,0
9.85,8.571428571428571,97.35469214229767,244,53,0,0,462.76,88.0,0,0
9.85,8.571428571428571,97.34890224053414,244,53,0,0,448.45,85.0,0,0
9.85,8.571428571428571,97.34489184097785,244,53,0,0,434.14,82.0,0,0
9.87,8.571428571428571,97.33700278627532,245,53,0,0,419.83,79.0,0,0
9.87,8.571428571428571,97.32940928521451,245,53,0,0,405.52,76.0,0,0
9.87,8.571428571428571,97.32011857702842,245,53,0,0,391.21,73.0,0,0
9.87,8.571428571428571,97.31402484418578,245,53,0,0,376.9,70.0,0,0
9.87,8.571428571428571,97.30783576784737,245,53,0,0,362.59000000000003,67.0,0,0
9.87,8.571428571428571,97.30114000179897,245,53,0,0,348.28,63.99999999999999,0,0
9.87,8.571428571428571,97.29321974738203,245,53,0,0,333.96999999999997,60.99999999999999,0,0
9.87,8.571428571428571,97.28698610568888,245,53,0,0,319.65999999999997,57.99999999999999,0,0
9.87,8.571428571428571,97.27354030117947,245,53,0,0,305.34999999999997,54.99999999999999,0,0
9.87,8.571428571428571,97.26643309108769,245,53,0,0,291.03999999999996,51.99999999999999,0,0
9.88,8.571428571428571,97.25697896466001,245,53,0,0,276.7299999999999,48.99999999999998,0,0
9.88,8.571428571428571,97.25032972033333,245,53,0,0,262.4199999999999,45.99999999999997,0,0
9.88,8.571428571428571,97.24468171104702,245,53,0,0,248.10999999999984,42.99999999999997,0,0
9.88,8.571428571428571,97.24224241522946,245,53,0,0,233.79999999999984,39.99999999999997,0,0
9.88,8.571428571428571,97.24198368629075,245,53,0,0,219.48999999999984,36.999999999999964,0,0
9.88,8.571428571428571,97.23494445273025,245,53,0,0,205.1799999999999,33.99999999999997,0,0
9.88,8.571428571428571,97.22671664422924,245,53,0,0,190.8699999999999,30.99999999999997,0,0
9.88,8.571428571428571,97.21614712313227,245,53,0,0,176.55999999999983,27.99999999999997,0,0
9.88,8.571428571428571,97.21470004605996,245,53,0,0,162.24999999999983,24.99999999999997,0,0
9.88,8.571428571428571,97.20355893205003,245,53,0,0,147.93999999999988,21.99999999999997,0,0
9.90,8.571428571428571,97.20023740721221,245,53,0,0,133.62999999999988,18.99999999999997,0,0
9.90,8.571428571428571,97.18750052182872,245,53,0,0,119.31999999999988,15.999999999999972,0,0
9.90,8.571428571428571,97.1751935853815,245,53,0,0,105.00999999999982,12.999999999999972,0,0
9.90,8.571428571428571,97.16984053013837,245,53,0,0,90.69999999999987,9.999999999999972,0,0
9.90,8.571428571428571,97.16141059094585,245,53,0,0,76.38999999999987,6.999999999999972,0,0
9.90,8.571428571428571,97.15184270226503,245,53,0,0,62.07999999999987,3.9999999999999716,0,0
9.90,8.571428571428571,97.14365490811815,245,53,0,0,47.76999999999987,0.9999999999999716,0,0
9.90,8.571428571428571,97.1351488113345,245,53,0,0,43,0.0,0,0
9.90,8.571428571428571,97.1327380415553,245,53,0,0,57.31,3.0,0,0
9.90,8.571428571428571,97.1369185842698,245,53,0,0,71.62,6.0,0,0
9.92,8.571428571428571,97.13864131108708,245,53,0,0,85.93,9.0,0,0
9.92,8.571428571428571,97.13809265760669,245,53,0,0,100.24000000000001,12.0,0,0
9.92,8.571428571428571,97.1406941983021,245,53,0,0,114.55000000000001,15.0,0,0
9.92,8.571428571428571,97.14047135328214,245,53,0,0,128.86,18.0,0,0
9.92,8.571428571428571,97.14795395026462,245,53,0,0,143.16999999999996,21.0,0,0
9.92,8.571428571428571,97.15295781310085,245,53,0,0,157.48000000000002,24.0,0,0
9.92,8.571428571428571,97.15211596687499,245,53,0,0,171.79000000000002,27.0,0,0
9.92,8.571428571428571,97.15225701842716,245,53,0,0,186.10000000000002,30.0,0,0
9.92,8.571428571428571,97.15099023802975,245,53,0,0,200.40999999999997,33.0,0,0
9.92,8.571428571428571,97.15064991968765,245,53,0,0,214.71999999999997,36.0,0,0
9.93,8.571428571428571,97.16202305663052,245,53,0,0,229.03000000000003,39.0,0,0
9.93,8.571428571428571,97.16712555097389,245,53,0,0,243.34000000000003,42.00000000000001,0,0
9.93,8.571428571428571,97.17108985602519,245,53,0,0,257.65000000000003,45.00000000000001,0,0
9.93,8.571428571428571,97.16650449791653,245,53,0,0,271.96000000000004,48.00000000000001,0,0
9.93,8.571428571428571,97.17375458678008,245,53,0,0,286.27000000000004,51.00000000000001,0,0
9.93,8.571428571428571,97.17714921717737,245,53,0,0,300.58000000000004,54.00000000000001,0,0
9.93,8.571428571428571,97.18976054066907,245,53,0,0,314.89000000000004,57.000000000000014,0,0
9.93,8.571428571428571,97.19767370241048,246,53,0,0,329.20000000000005,60.00000000000001,0,0
9.93,8.571428571428571,97.20175965381678,246,53,0,0,343.51,63.0,0,0
9.93,8.571428571428571,97.21402127003478,246,53,0,0,357.82,66.0,0,0
9.95,8.571428571428571,97.2283475516023,246,53,0,0,372.13,69.0,0,0
9.95,8.571428571428571,97.23058958353771,246,53,0,0,386.44,72.0,0,0
9.95,8.571428571428571,97.25015206975144,247,53,0,0,400.75,75.0,0,0
9.95,8.571428571428571,97.26634394077438,247,53,0,0,415.06,78.0,0,0
9.95,8.571428571428571,97.27800979843157,247,53,0,0,429.37,81.0,0,0
9.95,8.571428571428571,97.28862267604528,247,53,0,0,443.68,84.0,0,0
9.95,8.571428571428571,97.30098193311036,247,53,0,0,457.99,87.0,0,0
9.95,8.571428571428571,97.31795766569174,247,53,0,0,472.3,90.0,0,0
9.95,8.571428571428571,97.33175430664431,247,53,0,0,486.61,93.0,0,0
9.95,8.571428571428571,97.34527429587025,247,53,0,0,500.92,96.0,0,0
9.97,8.571428571428571,97.35604844746669,247,53,0,0,515.23,99.0,0,0
9.97,8.571428571428571,97.36268918444905,247,53,0,0,520,100.0,0,0
9.97,8.571428571428571,97.36034136946478,247,53,0,0,505.69,97.0,0,0
9.97,8.571428571428571,97.35620395375324,247,53,0,0,491.38,94.0,0,0
9.97,8.571428571428571,97.3492645548505,247,53,0,0,477.07,91.0,0,0
9.97,8.571428571428571,97.34359567003244,247,53,0,0,462.76,88.0,0,0
9.97,8.571428571428571,97.3303580567471,247,53,0,0,448.45,85.0,0,0
9.97,8.571428571428571,97.32444241039582,247,53,0,0,434.14,82.0,0,0
9.97,8.571428571428571,97.31766305628291,247,53,0,0,419.83,79.0,0,0
9.97,8.571428571428571,97.30896590330939,247,53,0,0,405.52,76.0,0,0
9.98,8.571428571428571,97.30724804549284,247,53,0,0,391.21,73.0,0,0
9.98,8.571428571428571,97.30345814285319,247,53,0,0,376.9,70.0,0,0
9.98,8.571428571428571,97.29536726705085,247,53,0,0,362.59000000000003,67.0,0,0
9.98,8.571428571428571,97.2869298907436,247,53,0,0,348.28,63.99999999999999,0,0
9.98,8.571428571428571,97.27878907937819,247,53,0,0,333.96999999999997,60.99999999999999,0,0
9.98,8.571428571428571,97.27195507224141,247,53,0,0,319.65999999999997,57.99999999999999,0,0
9.98,8.571428571428571,97.26306553162377,247,53,0,0,305.34999999999997,54.99999999999999,0,0
9.98,8.571428571428571,97.25417106289437,247,53,0,0,291.03999999999996,51.99999999999999,0,0
9.98,8.571428571428571,97.24714974838545,247,53,0,0,276.7299999999999,48.99999999999998,0,0
9.98,8.571428571428571,97.23951359593082,247,53,0,0,262.4199999999999,45.99999999999997,0,0
10.00,8.571428571428571,97.23118287282841,247,53,0,0,248.10999999999984,42.99999999999997,0,0
10.00,8.571428571428571,97.2248414309257,247,53,0,0,233.79999999999984,39.99999999999997,0,0
10.00,8.571428571428571,97.21922746863373,247,53,0,0,219.48999999999984,36.999999999999964,0,0
10.00,8.571428571428571,97.21490734588782,247,53,0,0,205.1799999999999,33.99999999999997,0,0
10.00,8.571428571428571,97.20506570480599,247,53,0,0,190.8699999999999,30.99999999999997,0,0
10.00,8.571428571428571,97.1969515634623,247,53,0,0,176.55999999999983,27.99999999999997,0,0
10.00,8.571428571428571,97.19262653390656,247,53,0,0,162.24999999999983,24.99999999999997,0,0
10.00,8.571428571428571,97.18468087613182,247,53,0,0,147.93999999999988,21.99999999999997,0,0
10.00,8.571428571428571,97.17867208946717,247,54,0,0,133.62999999999988,18.99999999999997,0,0
10.00,8.571428571428571,97.16749181769626,247,54,0,0,119.31999999999988,15.999999999999972,0,0
10.02,8.571428571428571,97.15383413109495,247,54,0,0,105.00999999999982,12.999999999999972,0,0
10.02,8.571428571428571,97.14363203728409,247,54,0,0,90.69999999999987,9.999999999999972,0,0
10.02,8.571428571428571,97.13633016234145,247,54,0,0,76.38999999999987,6.999999999999972,0,0
10.02,8.571428571428571,97.13233115764865,247,54,0,0,62.07999999999987,3.9999999999999716,0,0
10.02,8.571428571428571,97.12435846920081,247,54,0,0,47.76999999999987,0.9999999999999716,0,0
10.02,8.571428571428571,97.11674537736202,247,54,0,0,43,0.0,0,0
10.02,8.571428571428571,97.12029211988927,247,54,0,0,57.31,3.0,0,0
10.02,8.571428571428571,97.12451100524709,247,54,0,0,71.62,6.0,0,0
10.02,8.571428571428571,97.12647113890199,247,54,0,0,85.93,9.0,0,0
10.02,8.571428571428571,97.13230046134656,247,54,0,0,100.24000000000001,12.0,0,0
10.03,8.571428571428571,97.13646111177644,247,54,0,0,114.55000000000001,15.0,0,0
10.03,8.571428571428571,97.14218214725842,247,54,0,0,128.86,18.0,0,0
10.03,8.571428571428571,97.14133504406855,247,54,0,0,143.16999999999996,21.0,0,0
10.03,8.571428571428571,97.14370463924654,247,54,0,0,157.48000000000002,24.0,0,0
10.03,8.571428571428571,97.1511192143945,247,54,0,0,171.79000000000002,27.0,0,0
10.03,8.571428571428571,97.15634692123122,247,54,0,0,186.10000000000002,30.0,0,0
10.03,8.571428571428571,97.16395805033716,247,54,0,0,200.40999999999997,33.0,0,0
10.03,8.571428571428571,97.16765608783238,247,54,0,0,214.71999999999997,36.0,0,0
10.03,8.571428571428571,97.16736070881413,247,54,0,0,229.03000000000003,39.0,0,0
10.03,8.571428571428571,97.17363079520958,247,54,0,0,243.34000000000003,42.00000000000001,0,0
10.05,8.571428571428571,97.18116794249026,247,54,0,0,257.65000000000003,45.00000000000001,0,0
10.05,8.571428571428571,97.18656759814209,247,54,0,0,271.96000000000004,48.00000000000001,0,0
10.05,8.571428571428571,97.1927122915351,247,54,0,0,286.27000000000004,51.00000000000001,0,0
10.05,8.571428571428571,97.199899152413,247,54,0,0,300.58000000000004,54.00000000000001,0,0
10.05,8.571428571428571,97.21762550108868,247,54,0,0,314.89000000000004,57.000000000000014,0,0
10.05,8.571428571428571,97.22397392265967,247,54,0,0,329.20000000000005,60.00000000000001,0,0
10.05,8.571428571428571,97.23028924881056,247,54,0,0,343.51,63.0,0,0
10.05,8.571428571428571,97.23696918936082,247,54,0,0,357.82,66.0,0,0
10.05,8.571428571428571,97.25292110862134,247,54,0,0,372.13,69.0,0,0
10.05,8.571428571428571,97.26498894361933,247,54,0,0,386.44,72.0,0,0
10.07,8.571428571428571,97.27645276847322,247,54,0,0,400.75,75.0,0,0
10.07,8.571428571428571,97.2859156710324,247,54,0,0,415.06,78.0,0,0
10.07,8.571428571428571,97.29411398437782,247,54,0,0,429.37,81.0,0,0
10.07,8.571428571428571,97.29916179093067,247,54,0,0,443.68,84.0,0,0
10.07,8.571428571428571,97.31473184668917,247,54,0,0,457.99,87.0,0,0
10.07,8.571428571428571,97.324133920071,247,54,0,0,472.3,90.0,0,0
10.07,8.571428571428571,97.3428344699345,247,54,0,0,486.61,93.0,0,0
10.07,8.571428571428571,97.3522704770507,247,54,0,0,500.92,96.0,0,0
10.07,8.571428571428571,97.36666716585395,247,54,0,0,515.23,99.0,0,0
10.07,8.571428571428571,97.37914506024379,247,54,0,0,520,100.0,0,0
10.08,8.571428571428571,97.37391914672884,248,54,0,0,505.69,97.0,0,0
10.08,8.571428571428571,97.36218536626323,248,54,0,0,491.38,94.0,0,0
10.08,8.571428571428571,97.35516213022797,248,54,0,0,477.07,91.0,0,0
10.08,8.571428571428571,97.34229609151907,248,54,0,0,462.76,88.0,0,0
10.08,8.571428571428571,97.34051242974357,248,54,0,0,448.45,85.0,0,0
10.08,8.571428571428571,97.33118085346356,248,54,0,0,434.14,82.0,0,0
10.08,8.571428571428571,97.32609380123026,248,54,0,0,419.83,79.0,0,0
10.08,8.571428571428571,97.32259613527185,248,54,0,0,405.52,76.0,0,0
10.08,8.571428571428571,97.31511764725869,248,54,0,0,391.21,73.0,0,0
10.08,8.571428571428571,97.30689055204579,248,54,0,0,376.9,70.0,0,0
10.10,8.571428571428571,97.30348814302047,248,54,0,0,362.59000000000003,67.0,0,0
10.10,8.571428571428571,97.30084909329332,248,54,0,0,348.28,63.99999999999999,0,0
10.10,8.571428571428571,97.29773446153942,248,54,0,0,333.96999999999997,60.99999999999999,0,0
10.10,8.571428571428571,97.29727073482303,248,54,0,0,319.65999999999997,57.99999999999999,0,0
10.10,8.571428571428571,97.28474888758275,248,54,0,0,305.34999999999997,54.99999999999999,0,0
10.10,8.571428571428571,97.2813518772086,248,54,0,0,291.03999999999996,51.99999999999999,0,0
10.10,8.571428571428571,97.27950351575356,248,54,0,0,276.7299999999999,48.99999999999998,0,0
10.10,8.571428571428571,97.27104319570577,248,54,0,0,262.4199999999999,45.99999999999997,0,0
10.10,8.571428571428571,97.26171285086947,248,54,0,0,248.10999999999984,42.99999999999997,0,0
10.10,8.571428571428571,97.25658334984058,248,54,0,0,233.79999999999984,39.99999999999997,0,0
10.12,8.571428571428571,97.25643615873564,249,54,0,0,219.48999999999984,36.999999999999964,0,0
10.12,8.571428571428571,97.25098212055529,249,54,0,0,205.1799999999999,33.99999999999997,0,0
10.12,8.571428571428571,97.24436484233162,249,54,0,0,190.8699999999999,30.99999999999997,0,0
10.12,8.571428571428571,97.23390757868387,249,54,0,0,176.55999999999983,27.99999999999997,0,0
10.12,8.571428571428571,97.23244824399566,250,54,0,0,162.24999999999983,24.99999999999997,0,0
10.12,8.571428571428571,97.22589405369811,250,54,0,0,147.93999999999988,21.99999999999997,0,0
10.12,8.571428571428571,97.22060260124653,250,54,0,0,133.62999999999988,18.99999999999997,0,0
10.12,8.571428571428571,97.21334069701795,250,55,0,0,119.31999999999988,15.999999999999972,0,0
10.12,8.571428571428571,97.20774649568685,250,55,0,0,105.00999999999982,12.999999999999972,0,0
10.12,8.571428571428571,97.2026428853103,250,55,0,0,90.69999999999987,9.999999999999972,0,0
10.13,8.571428571428571,97.19864076895993,250,55,0,0,76.38999999999987,6.999999999999972,0,0
10.13,8.571428571428571,97.19204251030087,250,55,0,0,62.07999999999987,3.9999999999999716,0,0
10.13,8.571428571428571,97.18236828117394,250,55,0,0,47.76999999999987,0.9999999999999716,0,0
10.13,8.571428571428571,97.17634401852168,250,55,0,0,43,0.0,0,0
10.13,8.571428571428571,97.17552137661716,250,55,0,0,57.31,3.0,0,0
10.13,8.571428571428571,97.17230101950257,250,55,0,0,71.62,6.0,0,0
10.13,8.571428571428571,97.17727903720143,250,55,0,0,85.93,9.0,0,0
10.13,8.571428571428571,97.1749124070059,250,55,0,0,100.24000000000001,12.0,0,0
10.13,8.571428571428571,97.17559835699552,250,55,0,0,114.55000000000001,15.0,0,0
10.15,8.571428571428571,97.17707728314338,250,55,0,0,128.86,18.0,0,0
10.15,8.571428571428571,97.17861859357488,250,55,0,0,143.16999999999996,21.0,0,0
10.15,8.571428571428571,97.18945368234318,250,55,0,0,157.48000000000002,24.0,0,0
10.15,8.571428571428571,97.19407243908786,250,55,0,0,171.79000000000002,27.0,0,0
10.15,8.571428571428571,97.19838957043923,250,55,0,0,186.10000000000002,30.0,0,0
10.15,8.571428571428571,97.20718915159497,250,55,0,0,200.40999999999997,33.0,0,0
10.15,8.571428571428571,97.21138278540003,251,55,0,0,214.71999999999997,36.0,0,0
10.15,8.571428571428571,97.21016820571434,252,55,0,0,229.03000000000003,39.0,0,0
10.15,8.571428571428571,97.2129253225726,252,55,0,0,243.34000000000003,42.00000000000001,0,0
10.15,8.571428571428571,97.21317897411029,252,55,0,0,257.65000000000003,45.00000000000001,0,0
10.17,8.571428571428571,97.21535373226554,252,55,0,0,271.96000000000004,48.00000000000001,0,0
10.17,8.571428571428571,97.2242014572106,252,55,0,0,286.27000000000004,51.00000000000001,0,0
10.17,8.571428571428571,97.22856959976467,252,55,0,0,300.58000000000004,54.00000000000001,0,0
10.17,8.571428571428571,97.23924582307015,252,55,0,0,314.89000000000004,57.000000000000014,0,0
10.17,8.571428571428571,97.25154829682151,252,55,0,0,329.20000000000005,60.00000000000001,0,0
10.17,8.571428571428571,97.26331498826666,252,55,0,0,343.51,63.0,0,0
10.17,8.571428571428571,97.27573499275508,252,55,0,0,357.82,66.0,0,0
10.17,8.571428571428571,97.29193669943139,252,55,0,0,372.13,69.0,0,0
10.17,8.571428571428571,97.30477564273284,252,55,0,0,386.44,72.0,0,0
10.17,8.571428571428571,97.3183430580183,252,55,0,0,400.75,75.0,0,0
10.18,8.571428571428571,97.33126109765048,252,55,0,0,415.06,78.0,0,0
10.18,8.571428571428571,97.34184277424703,252,55,0,0,429.37,81.0,0,0
10.18,8.571428571428571,97.35556902561704,252,55,0,0,443.68,84.0,0,0
10.18,8.571428571428571,97.36706678027618,252,55,0,0,457.99,87.0,0,0
10.18,8.571428571428571,97.38009599629794,252,55,0,0,472.3,90.0,0,0
10.18,8.571428571428571,97.38342108523798,252,55,0,0,486.61,93.0,0,0
10.18,8.571428571428571,97.39426264592862,252,55,0,0,500.92,96.0,0,0
10.18,8.571428571428571,97.4018338540301,252,55,0,0,515.23,99.0,0,0
10.18,8.571428571428571,97.40856737978214,252,55,0,0,520,100.0,0,0
10.18,8.571428571428571,97.40034070858204,252,55,0,0,505.69,97.0,0,0
10.20,8.571428571428571,97.3916643019512,252,55,0,0,491.38,94.0,0,0
10.20,8.571428571428571,97.38629170768664,252,55,0,0,477.07,91.0,0,0
10.20,8.571428571428571,97.38050345484126,252,55,0,0,462.76,88.0,0,0
10.20,8.571428571428571,97.37010239175478,252,55,0,0,448.45,85.0,0,0
10.20,8.571428571428571,97.35825121682912,252,55,0,0,434.14,82.0,0,0
10.20,8.571428571428571,97.35211817991608,252,55,0,0,419.83,79.0,0,0
10.20,8.571428571428571,97.34401991124594,252,55,0,0,405.52,76.0,0,0
10.20,8.571428571428571,97.33923469852749,252,55,0,0,391.21,73.0,0,0
10.20,8.571428571428571,97.32721798658771,252,55,0,0,376.9,70.0,0,0
10.20,8.571428571428571,97.32560311970428,252,55,0,0,362.59000000000003,67.0,0,0
10.22,8.571428571428571,97.31778194441202,252,55,0,0,348.28,63.99999999999999,0,0
10.22,8.571428571428571,97.31386844067619,253,55,0,0,333.96999999999997,60.99999999999999,0,0
10.22,8.571428571428571,97.30407745426695,253,55,0,0,319.65999999999997,57.99999999999999,0,0
10.22,8.571428571428571,97.29678581172136,253,55,0,0,305.34999999999997,54.99999999999999,0,0
10.22,8.571428571428571,97.2916031035462,253,55,0,0,291.03999999999996,51.99999999999999,0,0
10.22,8.571428571428571,97.28295522583198,253,55,0,0,276.7299999999999,48.99999999999998,0,0
10.22,8.571428571428571,97.27119164372691,253,55,0,0,262.4199999999999,45.99999999999997,0,0
10.22,8.571428571428571,97.26775535441165,253,55,0,0,248.10999999999984,42.99999999999997,0,0
10.22,8.571428571428571,97.26101665124277,253,55,0,0,233.79999999999984,39.99999999999997,0,0
10.22,8.571428571428571,97.25464105159034,253,55,0,0,219.48999999999984,36.999999999999964,0,0
10.23,8.571428571428571,97.24770284554339,253,55,0,0,205.1799999999999,33.99999999999997,0,0
10.23,8.571428571428571,97.23841479305669,253,55,0,0,190.8699999999999,30.99999999999997,0,0
10.23,8.571428571428571,97.23237132049712,253,55,0,0,176.55999999999983,27.99999999999997,0,0
10.23,8.571428571428571,97.23099064345256,253,55,0,0,162.24999999999983,24.99999999999997,0,0
10.23,8.571428571428571,97.21837124931727,253,55,0,0,147.93999999999988,21.99999999999997,0,0
10.23,8.571428571428571,97.20707747216645,253,55,0,0,133.62999999999988,18.99999999999997,0,0
10.23,8.571428571428571,97.19586375147819,253,55,0,0,119.31999999999988,15.999999999999972,0,0
10.23,8.571428571428571,97.18829738699405,253,55,0,0,105.00999999999982,12.999999999999972,0,0
10.23,8.571428571428571,97.18402809634915,253,55,0,0,90.69999999999987,9.999999999999972,0,0
10.23,8.571428571428571,97.18167972000309,253,55,0,0,76.38999999999987,6.999999999999972,0,0
10.25,8.571428571428571,97.17145433610075,253,55,0,0,62.07999999999987,3.9999999999999716,0,0
10.25,8.571428571428571,97.16691366349801,253,55,0,0,47.76999999999987,0.9999999999999716,0,0
10.25,8.571428571428571,97.16247609049296,253,55,0,0,43,0.0,0,0
10.25,8.571428571428571,97.16591957819821,253,55,0,0,57.31,3.0,0,0
10.25,8.571428571428571,97.17293073448542,253,55,0,0,71.62,6.0,0,0
10.25,8.571428571428571,97.18134651944348,253,55,0,0,85.93,9.0,0,0
10.25,8.571428571428571,97.17660415311359,253,55,0,0,100.24000000000001,12.0,0,0
10.25,8.571428571428571,97.1835232779637,253,55,0,0,114.55000000000001,15.0,0,0
10.25,8.571428571428571,97.18266911697408,253,55,0,0,128.86,18.0,0,0
10.25,8.571428571428571,97.1854266150717,253,55,0,0,143.16999999999996,21.0,0,0
10.27,8.571428571428571,97.19628896518918,254,55,0,0,157.48000000000002,24.0,0,0
10.27,8.571428571428571,97.20010197172856,254,55,0,0,171.79000000000002,27.0,0,0
10.27,8.571428571428571,97.19703280067584,254,55,0,0,186.10000000000002,30.0,0,0
10.27,8.571428571428571,97.20174472868915,254,55,0,0,200.40999999999997,33.0,0,0
10.27,8.571428571428571,97.20372236189354,254,55,0,0,214.71999999999997,36.0,0,0
10.27,8.571428571428571,97.21068541714621,254,55,0,0,229.03000000000003,39.0,0,0
10.27,8.571428571428571,97.21437937838968,254,55,0,0,243.34000000000003,42.00000000000001,0,0
10.27,8.571428571428571,97.21356392336112,254,55,0,0,257.65000000000003,45.00000000000001,0,0
10.27,8.571428571428571,97.20852857630759,254,55,0,0,271.96000000000004,48.00000000000001,0,0
10.27,8.571428571428571,97.21902659722824,254,55,0,0,286.27000000000004,51.00000000000001,0,0
10.28,8.571428571428571,97.2290895069725,254,55,0,0,300.58000000000004,54.00000000000001,0,0
10.28,8.571428571428571,97.24004382212054,254,55,0,0,314.89000000000004,57.000000000000014,0,0
10.28,8.571428571428571,97.25230650614071,254,55,0,0,329.20000000000005,60.00000000000001,0,0
10.28,8.571428571428571,97.25645806095058,254,55,0,0,343.51,63.0,0,0
10.28,8.571428571428571,97.26364678996198,254,55,0,0,357.82,66.0,0,0
10.28,8.571428571428571,97.27477464070544,254,55,0,0,372.13,69.0,0,0
10.28,8.571428571428571,97.29042965193631,254,55,0,0,386.44,72.0,0,0
10.28,8.571428571428571,97.30329675764622,254,55,0,0,400.75,75.0,0,0
10.28,8.571428571428571,97.30503720848101,254,55,0,0,415.06,78.0,0,0
10.28,8.571428571428571,97.31063956213853,254,55,0,0,429.37,81.0,0,0
10.30,8.571428571428571,97.32282545411685,254,55,0,0,443.68,84.0,0,0
10.30,8.571428571428571,97.33007979137605,254,55,0,0,457.99,87.0,0,0
10.30,8.571428571428571,97.34151793801917,254,55,0,0,472.3,90.0,0,0
10.30,8.571428571428571,97.35097663004365,254,55,0,0,486.61,93.0,0,0
10.30,8.571428571428571,97.36483654990552,254,55,0,0,500.92,96.0,0,0
10.30,8.571428571428571,97.37344022503319,254,55,0,0,515.23,99.0,0,0
10.30,8.571428571428571,97.38475312334151,254,55,0,0,520,100.0,0,0
10.30,8.571428571428571,97.3792280863242,254,55,0,0,505.69,97.0,0,0
10.30,8.571428571428571,97.37379475330167,254,55,0,0,491.38,94.0,0,0
10.30,8.571428571428571,97.36751880486973,254,55,0,0,477.07,91.0,0,0
10.32,8.571428571428571,97.36550860992442,254,55,0,0,462.76,88.0,0,0
10.32,8.571428571428571,97.35396246757823,254,55,0,0,448.45,85.0,0,0
10.32,8.571428571428571,97.34876571228284,254,55,0,0,434.14,82.0,0,0
10.32,8.571428571428571,97.34060678612042,254,55,0,0,419.83,79.0,0,0
10.32,8.571428571428571,97.33115929757004,254,55,0,0,405.52,76.0,0,0
10.32,8.571428571428571,97.3241986416504,254,55,0,0,391.21,73.0,0,0
10.32,8.571428571428571,97.31519506633222,254,55,0,0,376.9,70.0,0,0
10.32,8.571428571428571,97.30866473984933,254,55,0,0,362.59000000000003,67.0,0,0
10.32,8.571428571428571,97.30060733529744,254,55,0,0,348.28,63.99999999999999,0,0
10.32,8.571428571428571,97.29107774730429,254,55,0,0,333.96999999999997,60.99999999999999,0,0
10.33,8.571428571428571,97.27994774025285,254,55,0,0,319.65999999999997,57.99999999999999,0,0
10.33,8.571428571428571,97.27029616108356,254,55,0,0,305.34999999999997,54.99999999999999,0,0
10.33,8.571428571428571,97.25900165886557,254,55,0,0,291.03999999999996,51.99999999999999,0,0
10.33,8.571428571428571,97.25317180078162,254,55,0,0,276.7299999999999,48.99999999999998,0,0
10.33,8.571428571428571,97.24059719876067,254,55,0,0,262.4199999999999,45.99999999999997,0,0
10.33,8.571428571428571,97.22909897974917,254,55,0,0,248.10999999999984,42.99999999999997,0,0
10.33,8.571428571428571,97.22417761184802,254,55,0,0,233.79999999999984,39.99999999999997,0,0
10.33,8.571428571428571,97.21296190741836,254,55,0,0,219.48999999999984,36.999999999999964,0,0
10.33,8.571428571428571,97.20554289552717,254,55,0,0,205.1799999999999,33.99999999999997,0,0
10.33,8.571428571428571,97.20007227985768,255,55,0,0,190.8699999999999,30.99999999999997,0,0
10.35,8.571428571428571,97.1957037218034,255,55,0,0,176.55999999999983,27.99999999999997,0,0
10.35,8.571428571428571,97.18722904143083,255,55,0,0,162.24999999999983,24.99999999999997,0,0
10.35,8.571428571428571,97.17763581997832,256,55,0,0,147.93999999999988,21.99999999999997,0,0
10.35,8.571428571428571,97.17027562133805,256,55,0,0,133.62999999999988,18.99999999999997,0,0
10.35,8.571428571428571,97.15911951063696,256,55,0,0,119.31999999999988,15.999999999999972,0,0
10.35,8.571428571428571,97.15412004391513,256,55,0,0,105.00999999999982,12.999999999999972,0,0
10.35,8.571428571428571,97.1405408912339,256,55,0,0,90.69999999999987,9.999999999999972,0,0
10.35,8.571428571428571,97.13369696003618,256,55,0,0,76.38999999999987,6.999999999999972,0,0
10.35,8.571428571428571,97.12971592264842,256,55,0,0,62.07999999999987,3.9999999999999716,0,0
10.37,8.571428571428571,97.12443905063918,256,55,0,0,47.76999999999987,0.9999999999999716,0,0
10.37,8.571428571428571,97.11995176453846,256,55,0,0,43,0.0,0,0
10.37,8.571428571428571,97.12139794965027,256,55,0,0,57.31,3.0,0,0
10.37,8.571428571428571,97.12081353935068,256,55,0,0,71.62,6.0,0,0
10.37,8.571428571428571,97.1244784883264,256,55,0,0,85.93,9.0,0,0
10.37,8.571428571428571,97.12477218367263,256,55,0,0,100.24000000000001,12.0,0,0
10.37,8.571428571428571,97.12756460152472,256,56,0,0,114.55000000000001,15.0,0,0
10.37,8.571428571428571,97.12669436346697,256,56,0,0,128.86,18.0,0,0
10.37,8.571428571428571,97.12779073348503,256,56,0,0,143.16999999999996,21.0,0,0
10.37,8.571428571428571,97.13349979148094,256,56,0,0,157.48000000000002,24.0,0,0
10.38,8.571428571428571,97.13414734232057,256,56,0,0,171.79000000000002,27.0,0,0
10.38,8.571428571428571,97.13019136133272,256,56,0,0,186.10000000000002,30.0,0,0
10.38,8.571428571428571,97.13268072301311,257,56,0,0,200.40999999999997,33.0,0,0
10.38,8.571428571428571,97.13324227752422,257,56,0,0,214.71999999999997,36.0,0,0
10.38,8.571428571428571,97.13727655965855,257,56,0,0,229.03000000000003,39.0,0,0
10.38,8.571428571428571,97.14315330553953,257,56,0,0,243.34000000000003,42.00000000000001,0,0
10.38,8.571428571428571,97.14790103966953,257,56,0,0,257.65000000000003,45.00000000000001,0,0
10.38,8.571428571428571,97.15320927752481,257,56,0,0,271.96000000000004,48.00000000000001,0,0
10.38,8.571428571428571,97.16989423200228,257,56,0,0,286.27000000000004,51.00000000000001,0,0
10.38,8.571428571428571,97.18712572336479,257,56,0,0,300.58000000000004,54.00000000000001,0,0
10.40,8.571428571428571,97.18833751036681,257,56,0,0,314.89000000000004,57.000000000000014,0,0
10.40,8.571428571428571,97.19836821833901,257,56,0,0,329.20000000000005,60.00000000000001,0,0
10.40,8.571428571428571,97.21788035710885,257,56,0,0,343.51,63.0,0,0
10.40,8.571428571428571,97.22974660142992,257,56,0,0,357.82,66.0,0,0
10.40,8.571428571428571,97.24638130277101,258,56,0,0,372.13,69.0,0,0
10.40,8.571428571428571,97.25064062349492,258,56,0,0,386.44,72.0,0,0
10.40,8.571428571428571,97.2643637126148,258,56,0,0,400.75,75.0,0,0
10.40,8.571428571428571,97.2762553634687,258,56,0,0,415.06,78.0,0,0
10.40,8.571428571428571,97.280549866981,258,56,0,0,429.37,81.0,0,0
10.40,8.571428571428571,97.29230911477093,258,56,0,0,443.68,84.0,0,0
10.42,8.571428571428571,97.30222699858827,258,56,0,0,457.99,87.0,0,0
10.42,8.571428571428571,97.30646995113469,258,56,0,0,472.3,90.0,0,0
10.42,8.571428571428571,97.3255674252521,258,56,0,0,486.61,93.0,0,0
10.42,8.571428571428571,97.34054860185906,258,56,0,0,500.92,96.0,0,0
10.42,8.571428571428571,97.35291479390429,258,56,0,0,515.23,99.0,0,0
10.42,8.571428571428571,97.36977574201865,258,56,0,0,520,100.0,0,0
10.42,8.571428571428571,97.36122589606518,258,56,0,0,505.69,97.0,0,0
10.42,8.571428571428571,97.35237271057551,258,56,0,0,491.38,94.0,0,0
10.42,8.571428571428571,97.34821738477966,258,56,0,0,477.07,91.0,0,0
10.42,8.571428571428571,97.34522961694519,258,56,0,0,462.76,88.0,0,0
10.43,8.571428571428571,97.34452280464932,258,56,0,0,448.45,85.0,0,0
10.43,8.571428571428571,97.33469270935785,258,56,0,0,434.14,82.0,0,0
10.43,8.571428571428571,97.327575538426,258,56,0,0,419.83,79.0,0,0
10.43,8.571428571428571,97.31763489069061,258,56,0,0,405.52,76.0,0,0
10.43,8.571428571428571,97.31132745913771,258,56,0,0,391.21,73.0,0,0
10.43,8.571428571428571,97.30720957486685,258,56,0,0,376.9,70.0,0,0
10.43,8.571428571428571,97.30080423672689,258,56,0,0,362.59000000000003,67.0,0,0
10.43,8.571428571428571,97.29081583666357,258,56,0,0,348.28,63.99999999999999,0,0
10.43,8.571428571428571,97.28322498696271,258,56,0,0,333.96999999999997,60.99999999999999,0,0
10.43,8.571428571428571,97.28079547538456,258,56,0,0,319.65999999999997,57.99999999999999,0,0
10.45,8.571428571428571,97.2735919635033,258,56,0,0,305.34999999999997,54.99999999999999,0,0
10.45,8.571428571428571,97.26676959072553,258,56,0,0,291.03999999999996,51.99999999999999,0,0
10.45,8.571428571428571,97.25514607925528,258,56,0,0,276.7299999999999,48.99999999999998,0,0
10.45,8.571428571428571,97.25095996200362,258,56,0,0,262.4199999999999,45.99999999999997,0,0
10.45,8.571428571428571,97.24308152177676,258,56,0,0,248.10999999999984,42.99999999999997,0,0
10.45,8.571428571428571,97.23654499450123,258,56,0,0,233.79999999999984,39.99999999999997,0,0
10.45,8.571428571428571,97.22437270513053,258,56,0,0,219.48999999999984,36.999999999999964,0,0
10.45,8.571428571428571,97.2139833128228,258,56,0,0,205.1799999999999,33.99999999999997,0,0
10.45,8.571428571428571,97.21192864481088,258,56,0,0,190.8699999999999,30.99999999999997,0,0
10.45,8.571428571428571,97.20625259362365,258,56,0,0,176.55999999999983,27.99999999999997,0,0
10.47,8.571428571428571,97.20049647166799,258,56,0,0,162.24999999999983,24.99999999999997,0,0
10.47,8.571428571428571,97.19326755155309,258,56,0,0,147.93999999999988,21.99999999999997,0,0
10.47,8.571428571428571,97.18475415641338,258,56,0,0,133.62999999999988,18.99999999999997,0,0
10.47,8.571428571428571,97.18224516793394,258,56,0,0,119.31999999999988,15.999999999999972,0,0
10.47,8.571428571428571,97.17126008629631,258,56,0,0,105.00999999999982,12.999999999999972,0,0
10.47,8.571428571428571,97.16292969215507,258,56,0,0,90.69999999999987,9.999999999999972,0,0
10.47,8.571428571428571,97.15747926894362,258,56,0,0,76.38999999999987,6.999999999999972,0,0
10.47,8.571428571428571,97.15154370688572,258,56,0,0,62.07999999999987,3.9999999999999716,0,0
10.47,8.571428571428571,97.14646168668469,258,56,0,0,47.76999999999987,0.9999999999999716,0,0
10.47,8.571428571428571,97.13775471881624,258,56,0,0,43,0.0,0,0
10.48,8.571428571428571,97.14057320884707,258,56,0,0,57.31,3.0,0,0
10.48,8.571428571428571,97.1437412698785,258,56,0,0,71.62,6.0,0,0
10.48,8.571428571428571,97.1416616078964,258,56,0,0,85.93,9.0,0,0
10.48,8.571428571428571,97.14003644514025,258,56,0,0,100.24000000000001,12.0,0,0
10.48,8.571428571428571,97.14544037885588,258,56,0,0,114.55000000000001,15.0,0,0
10.48,8.571428571428571,97.14808090805917,258,56,0,0,128.86,18.0,0,0
10.48,8.571428571428571,97.15110419001002,258,56,0,0,143.16999999999996,21.0,0,0
10.48,8.571428571428571,97.15935818936403,258,56,0,0,157.48000000000002,24.0,0,0
10.48,8.571428571428571,97.16152851357644,258,56,0,0,171.79000000000002,27.0,0,0
10.48,8.571428571428571,97.16310157862014,258,56,0,0,186.10000000000002,30.0,0,0
10.50,8.571428571428571,97.16472241707723,258,56,0,0,200.40999999999997,33.0,0,0
10.50,8.571428571428571,97.1723989490437,258,56,0,0,214.71999999999997,36.0,0,0
10.50,8.571428571428571,97.18021744123608,258,56,0,0,229.03000000000003,39.0,0,0
10.50,8.571428571428571,97.1853099145879,258,56,0,0,243.34000000000003,42.00000000000001,0,0
10.50,8.571428571428571,97.18716812081527,258,56,0,0,257.65000000000003,45.00000000000001,0,0
10.50,8.571428571428571,97.19121327886519,258,56,0,0,271.96000000000004,48.00000000000001,0,0
10.50,8.571428571428571,97.19931710332946,258,56,0,0,286.27000000000004,51.00000000000001,0,0
10.50,8.571428571428571,97.2177986043387,258,56,0,0,300.58000000000004,54.00000000000001,0,0
10.50,8.571428571428571,97.22686590597354,258,56,0,0,314.89000000000004,57.000000000000014,0,0
10.50,8.571428571428571,97.23523614514203,258,56,0,0,329.20000000000005,60.00000000000001,0,0
10.52,8.571428571428571,97.24422943718514,258,56,0,0,343.51,63.0,0,0
10.52,8.571428571428571,97.26183257567484,258,56,0,0,357.82,66.0,0,0
10.52,8.571428571428571,97.27059359710745,258,56,0,0,372.13,69.0,0,0
10.52,8.571428571428571,97.28053468320374,258,56,0,0,386.44,72.0,0,0
10.52,8.571428571428571,97.29250804037497,258,56,0,0,400.75,75.0,0,0
10.52,8.571428571428571,97.30327967817425,258,56,0,0,415.06,78.0,0,0
10.52,8.571428571428571,97.31331300662347,258,56,0,0,429.37,81.0,0,0
10.52,8.571428571428571,97.32852975752272,258,56,0,0,443.68,84.0,0,0
10.52,8.571428571428571,97.34568191346905,258,56,0,0,457.99,87.0,0,0
10.52,8.571428571428571,97.35822384587729,258,56,0,0,472.3,90.0,0,0
10.53,8.571428571428571,97.36909040324079,258,56,0,0,486.61,93.0,0,0
10.53,8.571428571428571,97.38086673074368,258,56,0,0,500.92,96.0,0,0
10.53,8.571428571428571,97.39965124285771,258,56,0,0,515.23,99.0,0,0
10.53,8.571428571428571,97.4096774257162,258,56,0,0,520,100.0,0,0
10.53,8.571428571428571,97.4069741517253,258,56,0,0,505.69,97.0,0,0
10.53,8.571428571428571,97.39773916091704,258,56,0,0,491.38,94.0,0,0
10.53,8.571428571428571,97.39555283889692,258,56,0,0,477.07,91.0,0,0
10.53,8.571428571428571,97.3899066348682,258,56,0,0,462.76,88.0,0,0
10.53,8.571428571428571,97.38429679597766,259,56,0,0,448.45,85.0,0,0
10.53,8.571428571428571,97.37700293429313,259,56,0,0,434.14,82.0,0,0
10.55,8.571428571428571,97.37302495689111,259,56,0,0,419.83,79.0,0,0
10.55,8.571428571428571,97.36208897148401,259,56,0,0,405.52,76.0,0,0
10.55,8.571428571428571,97.35308806507388,259,56,0,0,391.21,73.0,0,0
10.55,8.571428571428571,97.34516521549774,259,56,0,0,376.9,70.0,0,0
10.55,8.571428571428571,97.34291983348844,259,56,0,0,362.59000000000003,67.0,0,0
10.55,8.571428571428571,97.33777968029092,259,56,0,0,348.28,63.99999999999999,0,0
10.55,8.571428571428571,97.33191240248573,259,56,0,0,333.96999999999997,60.99999999999999,0,0
10.55,8.571428571428571,97.32250044707817,259,56,0,0,319.65999999999997,57.99999999999999,0,0
10.55,8.571428571428571,97.31133665471795,259,56,0,0,305.34999999999997,54.99999999999999,0,0
10.55,8.571428571428571,97.30299354895203,259,56,0,0,291.03999999999996,51.99999999999999,0,0
10.57,8.571428571428571,97.2960212856459,259,56,0,0,276.7299999999999,48.99999999999998,0,0
10.57,8.571428571428571,97.28970492186768,259,56,0,0,262.4199999999999,45.99999999999997,0,0
10.57,8.571428571428571,97.2799405534967,259,56,0,0,248.10999999999984,42.99999999999997,0,0
10.57,8.571428571428571,97.2705081117605,259,56,0,0,233.79999999999984,39.99999999999997,0,0
10.57,8.571428571428571,97.25907175464386,259,56,0,0,219.48999999999984,36.999999999999964,0,0
10.57,8.571428571428571,97.25408381332214,259,56,0,0,205.1799999999999,33.99999999999997,0,0
10.57,8.571428571428571,97.25285178584382,259,56,0,0,190.8699999999999,30.99999999999997,0,0
10.57,8.571428571428571,97.24695700700929,259,56,0,0,176.55999999999983,27.99999999999997,0,0
10.57,8.571428571428571,97.23584868510154,259,56,0,0,162.24999999999983,24.99999999999997,0,0
10.57,8.571428571428571,97.22600078849682,259,56,0,0,147.93999999999988,21.99999999999997,0,0
10.58,8.571428571428571,97.21728252964704,260,56,0,0,133.62999999999988,18.99999999999997,0,0
10.58,8.571428571428571,97.20836680016477,260,56,0,0,119.31999999999988,15.999999999999972,0,0
10.58,8.571428571428571,97.20737214632577,260,56,0,0,105.00999999999982,12.999999999999972,0,0
10.58,8.571428571428571,97.2030971593389,260,56,0,0,90.69999999999987,9.999999999999972,0,0
10.58,8.571428571428571,97.20072650218933,260,56,0,0,76.38999999999987,6.999999999999972,0,0
10.58,8.571428571428571,97.19492273956016,260,56,0,0,62.07999999999987,3.9999999999999716,0,0
10.58,8.571428571428571,97.19277985919096,260,56,0,0,47.76999999999987,0.9999999999999716,0,0
10.58,8.571428571428571,97.18751539533456,260,56,0,0,43,0.0,0,0
10.58,8.571428571428571,97.18993318495868,260,56,0,0,57.31,3.0,0,0
10.58,8.571428571428571,97.19210187796973,260,56,0,0,71.62,6.0,0,0
10.60,8.571428571428571,97.18852279295878,260,56,0,0,85.93,9.0,0,0
10.60,8.571428571428571,97.19202218565353,260,56,0,0,100.24000000000001,12.0,0,0
10.60,8.571428571428571,97.19152895866488,261,56,0,0,114.55000000000001,15.0,0,0
10.60,8.571428571428571,97.19538112680038,261,56,0,0,128.86,18.0,0,0
10.60,8.571428571428571,97.20166365235521,261,56,0,0,143.16999999999996,21.0,0,0
10.60,8.571428571428571,97.20543484494074,261,56,0,0,157.48000000000002,24.0,0,0
10.60,8.571428571428571,97.20890376310749,261,56,0,0,171.79000000000002,27.0,0,0
10.60,8.571428571428571,97.21455723329461,261,56,0,0,186.10000000000002,30.0,0,0
10.60,8.571428571428571,97.21148614807731,261,56,0,0,200.40999999999997,33.0,0,0
10.60,8.571428571428571,97.21894571232988,261,56,0,0,214.71999999999997,36.0,0,0
10.62,8.571428571428571,97.21759165169634,261,56,0,0,229.03000000000003,39.0,0,0
10.62,8.571428571428571,97.22073830185555,261,56,0,0,243.34000000000003,42.00000000000001,0,0
10.62,8.571428571428571,97.22541745378663,261,56,0,0,257.65000000000003,45.00000000000001,0,0
10.62,8.571428571428571,97.22867033497499,261,56,0,0,271.96000000000004,48.00000000000001,0,0
10.62,8.571428571428571,97.24442112852631,261,56,0,0,286.27000000000004,51.00000000000001,0,0
10.62,8.571428571428571,97.26045655065218,261,56,0,0,300.58000000000004,54.00000000000001,0,0
10.62,8.571428571428571,97.26895086870377,261,56,0,0,314.89000000000004,57.000000000000014,0,0
10.62,8.571428571428571,97.27849853007913,261,56,0,0,329.20000000000005,60.00000000000001,0,0
10.62,8.571428571428571,97.29451830141952,261,56,0,0,343.51,63.0,0,0
10.62,8.571428571428571,97.30474326834856,261,56,0,0,357.82,66.0,0,0
10.63,8.571428571428571,97.31818424857968,261,56,0,0,372.13,69.0,0,0
10.63,8.571428571428571,97.32617512796799,261,56,0,0,386.44,72.0,0,0
10.63,8.571428571428571,97.34312502993754,261,56,0,0,400.75,75.0,0,0
10.63,8.571428571428571,97.35817644517498,262,56,0,0,415.06,78.0,0,0
10.63,8.571428571428571,97.3637872119914,262,56,0,0,429.37,81.0,0,0
10.63,8.571428571428571,97.37847458747794,262,56,0,0,443.68,84.0,0,0
10.63,8.571428571428571,97.3926348068869,262,56,0,0,457.99,87.0,0,0
10.63,8.571428571428571,97.39496393843142,262,56,0,0,472.3,90.0,0,0
10.63,8.571428571428571,97.40765439713739,262,56,0,0,486.61,93.0,0,0
10.63,8.571428571428571,97.4175840647955,262,56,0,0,500.92,96.0,0,0
10.65,8.571428571428571,97.43116127589937,262,56,0,0,515.23,99.0,0,0
10.65,8.571428571428571,97.4490093575743,262,56,0,0,520,100.0,0,0
10.65,8.571428571428571,97.44281845766172,262,56,0,0,505.69,97.0,0,0
10.65,8.571428571428571,97.43348664199522,262,56,0,0,491.38,94.0,0,0
10.65,8.571428571428571,97.42528940317368,263,56,0,0,477.07,91.0,0,0
10.65,8.571428571428571,97.41922484065586,263,56,0,0,462.76,88.0,0,0
10.65,8.571428571428571,97.41544904768186,263,56,0,0,448.45,85.0,0,0
10.65,8.571428571428571,97.4116322779078,263,56,0,0,434.14,82.0,0,0
10.65,8.571428571428571,97.41034987585118,263,56,0,0,419.83,79.0,0,0
10.65,8.571428571428571,97.4020501979771,263,56,0,0,405.52,76.0,0,0
10.67,8.571428571428571,97.39134401156511,264,56,0,0,391.21,73.0,0,0
10.67,8.571428571428571,97.38478459885482,264,56,0,0,376.9,70.0,0,0
10.67,8.571428571428571,97.38001377724864,264,56,0,0,362.59000000000003,67.0,0,0
10.67,8.571428571428571,97.37309340912518,264,56,0,0,348.28,63.99999999999999,0,0
10.67,8.571428571428571,97.36946956835318,264,56,0,0,333.96999999999997,60.99999999999999,0,0
10.67,8.571428571428571,97.36039016231003,264,56,0,0,319.65999999999997,57.99999999999999,0,0
10.67,8.571428571428571,97.35362228540568,264,56,0,0,305.34999999999997,54.99999999999999,0,0
10.67,8.571428571428571,97.35062720716847,264,56,0,0,291.03999999999996,51.99999999999999,0,0
10.67,8.571428571428571,97.34037404974887,264,56,0,0,276.7299999999999,48.99999999999998,0,0
10.67,8.571428571428571,97.33247173102023,264,56,0,0,262.4199999999999,45.99999999999997,0,0
10.68,8.571428571428571,97.32690647828464,264,56,0,0,248.10999999999984,42.99999999999997,0,0
10.68,8.571428571428571,97.31803524293984,264,56,0,0,233.79999999999984,39.99999999999997,0,0
10.68,8.571428571428571,97.30769635884727,264,56,0,0,219.48999999999984,36.999999999999964,0,0
10.68,8.571428571428571,97.29821254622094,264,56,0,0,205.1799999999999,33.99999999999997,0,0
10.68,8.571428571428571,97.29304669711408,264,56,0,0,190.8699999999999,30.99999999999997,0,0
10.68,8.571428571428571,97.28703861845001,264,56,0,0,176.55999999999983,27.99999999999997,0,0
10.68,8.571428571428571,97.28246363012883,264,56,0,0,162.24999999999983,24.99999999999997,0,0
10.68,8.571428571428571,97.27778770307536,264,56,0,0,147.93999999999988,21.99999999999997,0,0
10.68,8.571428571428571,97.26869046055833,264,56,0,0,133.62999999999988,18.99999999999997,0,0
10.68,8.571428571428571,97.25888929123842,264,56,0,0,119.31999999999988,15.999999999999972,0,0
10.70,8.571428571428571,97.24880324689511,264,56,0,0,105.00999999999982,12.999999999999972,0,0
10.70,8.571428571428571,97.24365393534931,264,56,0,0,90.69999999999987,9.999999999999972,0,0
10.70,8.571428571428571,97.235043022841,264,56,0,0,76.38999999999987,6.999999999999972,0,0
10.70,8.571428571428571,97.23161771125432,264,56,0,0,62.07999999999987,3.9999999999999716,0,0
10.70,8.571428571428571,97.22505900447965,264,56,0,0,47.76999999999987,0.9999999999999716,0,0
10.70,8.571428571428571,97.22344728699619,264,56,0,0,43,0.0,0,0
10.70,8.571428571428571,97.22940882632555,264,56,0,0,57.31,3.0,0,0
10.70,8.571428571428571,97.23060106977854,264,56,0,0,71.62,6.0,0,0
10.70,8.571428571428571,97.23277865465316,264,56,0,0,85.93,9.0,0,0
10.70,8.571428571428571,97.22958739587195,264,56,0,0,100.24000000000001,12.0,0,0
10.72,8.571428571428571,97.23262888203972,264,56,0,0,114.55000000000001,15.0,0,0
10.72,8.571428571428571,97.24134518217164,265,56,0,0,128.86,18.0,0,0
10.72,8.571428571428571,97.24614033333673,265,56,0,0,143.16999999999996,21.0,0,0
10.72,8.571428571428571,97.2545860538582,265,56,0,0,157.48000000000002,24.0,0,0
10.72,8.571428571428571,97.26311451958875,265,56,0,0,171.79000000000002,27.0,0,0
10.72,8.571428571428571,97.25895553373859,265,56,0,0,186.10000000000002,30.0,0,0
10.72,8.571428571428571,97.26701093813021,265,56,0,0,200.40999999999997,33.0,0,0
10.72,8.571428571428571,97.27066386439408,265,56,0,0,214.71999999999997,36.0,0,0
10.72,8.571428571428571,97.27346496213077,265,56,0,0,229.03000000000003,39.0,0,0
10.72,8.571428571428571,97.27287230050923,265,56,0,0,243.34000000000003,42.00000000000001,0,0
10.73,8.571428571428571,97.2727575282356,265,56,0,0,257.65000000000003,45.00000000000001,0,0
10.73,8.571428571428571,97.27127096589356,265,56,0,0,271.96000000000004,48.00000000000001,0,0
10.73,8.571428571428571,97.2812496675323,265,56,0,0,286.27000000000004,51.00000000000001,0,0
10.73,8.571428571428571,97.28935532439752,265,56,0,0,300.58000000000004,54.00000000000001,0,0
10.73,8.571428571428571,97.29404075373405,265,56,0,0,314.89000000000004,57.000000000000014,0,0
10.73,8.571428571428571,97.30421005795658,265,56,0,0,329.20000000000005,60.00000000000001,0,0
10.73,8.571428571428571,97.31020965672688,265,56,0,0,343.51,63.0,0,0
10.73,8.571428571428571,97.32244529872645,265,56,0,0,357.82,66.0,0,0
10.73,8.571428571428571,97.33669872086567,265,56,0,0,372.13,69.0,0,0
10.73,8.571428571428571,97.34634488252941,265,56,0,0,386.44,72.0,0,0
10.75,8.571428571428571,97.3593636388748,265,56,0,0,400.75,75.0,0,0
10.75,8.571428571428571,97.37089216866336,265,56,0,0,415.06,78.0,0,0
10.75,8.571428571428571,97.38042212015601,265,56,0,0,429.37,81.0,0,0
10.75,8.571428571428571,97.3919468539454,265,56,0,0,443.68,84.0,0,0
10.75,8.571428571428571,97.39284130053316,265,56,0,0,457.99,87.0,0,0
10.75,8.571428571428571,97.4062314795712,266,56,0,0,472.3,90.0,0,0
10.75,8.571428571428571,97.41641851268521,266,56,0,0,486.61,93.0,0,0
10.75,8.571428571428571,97.42136512354746,266,56,0,0,500.92,96.0,0,0
10.75,8.571428571428571,97.43664549657588,266,56,0,0,515.23,99.0,0,0
10.75,8.571428571428571,97.44896940989973,266,56,0,0,520,100.0,0,0
10.77,8.571428571428571,97.44400432733602,266,56,0,0,505.69,97.0,0,0
10.77,8.571428571428571,97.4360280174919,266,56,0,0,491.38,94.0,0,0
10.77,8.571428571428571,97.42785749364965,266,56,0,0,477.07,91.0,0,0
10.77,8.571428571428571,97.41838532831446,266,56,0,0,462.76,88.0,0,0
10.77,8.571428571428571,97.40564287002742,266,56,0,0,448.45,85.0,0,0
10.77,8.571428571428571,97.39843878384468,266,56,0,0,434.14,82.0,0,0
10.77,8.571428571428571,97.3921576630195,266,56,0,0,419.83,79.0,0,0
10.77,8.571428571428571,97.38776844896041,266,56,0,0,405.52,76.0,0,0
10.77,8.571428571428571,97.3804658628863,266,56,0,0,391.21,73.0,0,0
10.77,8.571428571428571,97.37129595480697,266,56,0,0,376.9,70.0,0,0
10.78,8.571428571428571,97.36453478824262,266,56,0,0,362.59000000000003,67.0,0,0
10.78,8.571428571428571,97.3591025220102,266,56,0,0,348.28,63.99999999999999,0,0
10.78,8.571428571428571,97.3534426487883,267,56,0,0,333.96999999999997,60.99999999999999,0,0
10.78,8.571428571428571,97.35009743824972,267,56,0,0,319.65999999999997,57.99999999999999,0,0
10.78,8.571428571428571,97.33782364603859,267,56,0,0,305.34999999999997,54.99999999999999,0,0
10.78,8.571428571428571,97.33494051973764,267,56,0,0,291.03999999999996,51.99999999999999,0,0
10.78,8.571428571428571,97.33393919949302,267,56,0,0,276.7299999999999,48.99999999999998,0,0
10.78,8.571428571428571,97.32397149179035,267,56,0,0,262.4199999999999,45.99999999999997,0,0
10.78,8.571428571428571,97.31330999889654,267,56,0,0,248.10999999999984,42.99999999999997,0,0
10.78,8.571428571428571,97.30841813401443,267,56,0,0,233.79999999999984,39.99999999999997,0,0
10.80,8.571428571428571,97.29600363066614,267,56,0,0,219.48999999999984,36.999999999999964,0,0
10.80,8.571428571428571,97.29551719986337,267,56,0,0,205.1799999999999,33.99999999999997,0,0
10.80,8.571428571428571,97.2889052843832,267,56,0,0,190.8699999999999,30.99999999999997,0,0
10.80,8.571428571428571,97.28122160027054,267,56,0,0,176.55999999999983,27.99999999999997,0,0
10.80,8.571428571428571,97.27518904315087,267,56,0,0,162.24999999999983,24.99999999999997,0,0
10.80,8.571428571428571,97.27076292486878,268,56,0,0,147.93999999999988,21.99999999999997,0,0
10.80,8.571428571428571,97.26442988023082,268,56,0,0,133.62999999999988,18.99999999999997,0,0
10.80,8.571428571428571,97.25654545307306,268,56,0,0,119.31999999999988,15.999999999999972,0,0
10.80,8.571428571428571,97.25121978684012,268,56,0,0,105.00999999999982,12.999999999999972,0,0
10.80,8.571428571428571,97.2445780829185,268,56,0,0,90.69999999999987,9.999999999999972,0,0
10.82,8.571428571428571,97.23746579521456,268,56,0,0,76.38999999999987,6.999999999999972,0,0
10.82,8.571428571428571,97.2309059132807,268,56,0,0,62.07999999999987,3.9999999999999716,0,0
10.82,8.571428571428571,97.22078645474309,268,56,0,0,47.76999999999987,0.9999999999999716,0,0
10.82,8.571428571428571,97.21175814044493,268,56,0,0,43,0.0,0,0
10.82,8.571428571428571,97.20963725872959,268,56,0,0,57.31,3.0,0,0
10.82,8.571428571428571,97.2168262332151,268,56,0,0,71.62,6.0,0,0
10.82,8.571428571428571,97.22286355888886,268,56,0,0,85.93,9.0,0,0
10.82,8.571428571428571,97.22701525616354,268,56,0,0,100.24000000000001,12.0,0,0
10.82,8.571428571428571,97.23148475059641,268,56,0,0,114.55000000000001,15.0,0,0
10.82,8.571428571428571,97.23704880806673,268,56,0,0,128.86,18.0,0,0
10.83,8.571428571428571,97.23609568864626,269,56,0,0,143.16999999999996,21.0,0,0
10.83,8.571428571428571,97.2325872419969,269,56,0,0,157.48000000000002,24.0,0,0
10.83,8.571428571428571,97.22768187933463,269,56,0,0,171.79000000000002,27.0,0,0
10.83,8.571428571428571,97.23173451858342,269,56,0,0,186.10000000000002,30.0,0,0
10.83,8.571428571428571,97.23294577735484,269,56,0,0,200.40999999999997,33.0,0,0
10.83,8.571428571428571,97.22963585846365,269,56,0,0,214.71999999999997,36.0,0,0
10.83,8.571428571428571,97.23085975553997,269,56,0,0,229.03000000000003,39.0,0,0
10.83,8.571428571428571,97.23105713022933,269,56,0,0,243.34000000000003,42.00000000000001,0,0
10.83,8.571428571428571,97.2377083739193,269,56,0,0,257.65000000000003,45.00000000000001,0,0
10.83,8.571428571428571,97.24553664044029,269,56,0,0,271.96000000000004,48.00000000000001,0,0
10.85,8.571428571428571,97.25139285089408,269,56,0,0,286.27000000000004,51.00000000000001,0,0
10.85,8.571428571428571,97.26101858274374,269,56,0,0,300.58000000000004,54.00000000000001,0,0
10.85,8.571428571428571,97.2675982542155,269,56,0,0,314.89000000000004,57.000000000000014,0,0
10.85,8.571428571428571,97.28031383020682,269,56,0,0,329.20000000000005,60.00000000000001,0,0
10.85,8.571428571428571,97.28829333238531,269,56,0,0,343.51,63.0,0,0
10.85,8.571428571428571,97.29715194701403,269,56,0,0,357.82,66.0,0,0
10.85,8.571428571428571,97.30822994009758,269,56,0,0,372.13,69.0,0,0
10.85,8.571428571428571,97.31490847640903,269,56,0,0,386.44,72.0,0,0
10.85,8.571428571428571,97.32174613424844,269,56,0,0,400.75,75.0,0,0
10.85,8.571428571428571,97.3400313525683,269,56,0,0,415.06,78.0,0,0
10.87,8.571428571428571,97.34950409118485,269,56,0,0,429.37,81.0,0,0
10.87,8.571428571428571,97.3570208881147,270,56,0,0,443.68,84.0,0,0
10.87,8.571428571428571,97.37293215248182,270,56,0,0,457.99,87.0,0,0
10.87,8.571428571428571,97.37871473410632,270,56,0,0,472.3,90.0,0,0
10.87,8.571428571428571,97.39198992746599,270,56,0,0,486.61,93.0,0,0
10.87,8.571428571428571,97.40140761310795,270,56,0,0,500.92,96.0,0,0
10.87,8.571428571428571,97.41839098507657,270,56,0,0,515.23,99.0,0,0
10.87,8.571428571428571,97.42583391075432,270,56,0,0,520,100.0,0,0
10.88,8.571428571428571,97.4158401964423,270,56,0,0,505.69,97.0,0,0
10.88,8.571428571428571,97.40911379745184,270,56,0,0,491.38,94.0,0,0
10.88,8.571428571428571,97.40121395623383,271,56,0,0,477.07,91.0,0,0
10.88,8.571428571428571,97.39161563892003,271,56,0,0,462.76,88.0,0,0
10.88,8.571428571428571,97.38119714491599,271,56,0,0,448.45,85.0,0,0
10.88,8.571428571428571,97.37484767652039,271,56,0,0,434.14,82.0,0,0
10.88,8.571428571428571,97.37273856982874,271,56,0,0,419.83,79.0,0,0
10.88,8.571428571428571,97.36541658961845,271,56,0,0,405.52,76.0,0,0
10.88,8.571428571428571,97.36333403619398,271,56,0,0,391.21,73.0,0,0
10.88,8.571428571428571,97.35977702974454,271,56,0,0,376.9,70.0,0,0
10.90,8.571428571428571,97.35211145013767,271,56,0,0,362.59000000000003,67.0,0,0
10.90,8.571428571428571,97.34825859705563,271,56,0,0,348.28,63.99999999999999,0,0
10.90,8.571428571428571,97.34547261080188,271,56,0,0,333.96999999999997,60.99999999999999,0,0
10.90,8.571428571428571,97.34255524037515,271,56,0,0,319.65999999999997,57.99999999999999,0,0
10.90,8.571428571428571,97.34032366649467,271,56,0,0,305.34999999999997,54.99999999999999,0,0
10.90,8.571428571428571,97.33628717733568,271,56,0,0,291.03999999999996,51.99999999999999,0,0
10.90,8.571428571428571,97.32815564286076,271,56,0,0,276.7299999999999,48.99999999999998,0,0
10.90,8.571428571428571,97.32266167663546,271,56,0,0,262.4199999999999,45.99999999999997,0,0
10.90,8.571428571428571,97.31661816220505,271,56,0,0,248.10999999999984,42.99999999999997,0,0
10.90,8.571428571428571,97.31327632252946,271,56,0,0,233.79999999999984,39.99999999999997,0,0
10.92,8.571428571428571,97.3109387501695,271,56,0,0,219.48999999999984,36.999999999999964,0,0
10.92,8.571428571428571,97.3000922397999,271,56,0,0,205.1799999999999,33.99999999999997,0,0
10.92,8.571428571428571,97.29675337712156,271,56,0,0,190.8699999999999,30.99999999999997,0,0
10.92,8.571428571428571,97.29252372488041,271,56,0,0,176.55999999999983,27.99999999999997,0,0
10.92,8.571428571428571,97.28648474127333,271,56,0,0,162.24999999999983,24.99999999999997,0,0
10.92,8.571428571428571,97.28096872868815,271,56,0,0,147.93999999999988,21.99999999999997,0,0
10.92,8.571428571428571,97.2750456040046,271,56,0,0,133.62999999999988,18.99999999999997,0,0
10.92,8.571428571428571,97.27071349255863,271,56,0,0,119.31999999999988,15.999999999999972,0,0
10.92,8.571428571428571,97.26671616199853,271,56,0,0,105.00999999999982,12.999999999999972,0,0
10.92,8.571428571428571,97.25947185051383,271,57,0,0,90.69999999999987,9.999999999999972,0,0
10.93,8.571428571428571,97.2584190416265,271,57,0,0,76.38999999999987,6.999999999999972,0,0
10.93,8.571428571428571,97.25200175594507,271,57,0,0,62.07999999999987,3.9999999999999716,0,0
10.93,8.571428571428571,97.24607420761046,271,57,0,0,47.76999999999987,0.9999999999999716,0,0
10.93,8.571428571428571,97.23615498369638,271,57,0,0,43,0.0,0,0
10.93,8.571428571428571,97.23638406704309,271,57,0,0,57.31,3.0,0,0
10.93,8.571428571428571,97.23571592652283,271,57,0,0,71.62,6.0,0,0
10.93,8.571428571428571,97.23681071782318,271,57,0,0,85.93,9.0,0,0
10.93,8.571428571428571,97.24431496309455,271,57,0,0,100.24000000000001,12.0,0,0
10.93,8.571428571428571,97.25472403841053,271,57,0,0,114.55000000000001,15.0,0,0
10.93,8.571428571428571,97.25634058410074,271,57,0,0,128.86,18.0,0,0
10.95,8.571428571428571,97.25463173159335,271,57,0,0,143.16999999999996,21.0,0,0
10.95,8.571428571428571,97.25698760724507,271,57,0,0,157.48000000000002,24.0,0,0
10.95,8.571428571428571,97.25928973432508,271,57,0,0,171.79000000000002,27.0,0,0
10.95,8.571428571428571,97.26091841551116,271,57,0,0,186.10000000000002,30.0,0,0
10.95,8.571428571428571,97.26428798660503,271,57,0,0,200.40999999999997,33.0,0,0
10.95,8.571428571428571,97.26659939314744,271,57,0,0,214.71999999999997,36.0,0,0
10.95,8.571428571428571,97.26910102986412,271,57,0,0,229.03000000000003,39.0,0,0
10.95,8.571428571428571,97.27039131302712,271,57,0,0,243.34000000000003,42.00000000000001,0,0
10.95,8.571428571428571,97.27366662381323,271,57,0,0,257.65000000000003,45.00000000000001,0,0
10.95,8.571428571428571,97.27561527105478,271,57,0,0,271.96000000000004,48.00000000000001,0,0
10.97,8.571428571428571,97.27991325997083,271,57,0,0,286.27000000000004,51.00000000000001,0,0
10.97,8.571428571428571,97.28568582522149,271,57,0,0,300.58000000000004,54.00000000000001,0,0
10.97,8.571428571428571,97.30334683878722,271,57,0,0,314.89000000000004,57.000000000000014,0,0
10.97,8.571428571428571,97.31147292584235,271,57,0,0,329.20000000000005,60.00000000000001,0,0
10.97,8.571428571428571,97.32078069074149,271,57,0,0,343.51,63.0,0,0
10.97,8.571428571428571,97.33525381592145,271,57,0,0,357.82,66.0,0,0
10.97,8.571428571428571,97.34472499549778,271,57,0,0,372.13,69.0,0,0
10.97,8.571428571428571,97.35932159811611,271,57,0,0,386.44,72.0,0,0
10.97,8.571428571428571,97.37417937192572,271,57,0,0,400.75,75.0,0,0
10.98,8.571428571428571,97.39128919896278,271,57,0,0,415.06,78.0,0,0
10.98,8.571428571428571,97.39555677534881,271,57,0,0,429.37,81.0,0,0
10.98,8.571428571428571,97.40842758078358,272,57,0,0,443.68,84.0,0,0
10.98,8.571428571428571,97.41439913986778,272,57,0,0,457.99,87.0,0,0
10.98,8.571428571428571,97.42007165193465,272,57,0,0,472.3,90.0,0,0
10.98,8.571428571428571,97.43471065666292,272,57,0,0,486.61,93.0,0,0
10.98,8.571428571428571,97.44643416516672,273,57,0,0,500.92,96.0,0,0
10.98,8.571428571428571,97.46003836059478,273,57,0,0,515.23,99.0,0,0
10.98,8.571428571428571,97.46732655509098,273,57,0,0,520,100.0,0,0
10.98,8.571428571428571,97.4620405784871,273,57,0,0,505.69,97.0,0,0
11.00,8.571428571428571,97.45440108622739,273,57,0,0,491.38,94.0,0,0
11.00,8.571428571428571,97.4501001612215,273,57,0,0,477.07,91.0,0,0
11.00,8.571428571428571,97.44333183596586,274,57,0,0,462.76,88.0,0,0
11.00,8.571428571428571,97.44176313720986,274,57,0,0,448.45,85.0,0,0
11.00,8.571428571428571,97.43368360276077,274,57,0,0,434.14,82.0,0,0
11.00,8.571428571428571,97.43203764380534,274,57,0,0,419.83,79.0,0,0
11.00,8.571428571428571,97.42621359906646,274,57,0,0,405.52,76.0,0,0
11.00,8.571428571428571,97.42068472957692,274,57,0,0,391.21,73.0,0,0
11.00,8.571428571428571,97.41208476815196,274,57,0,0,376.9,70.0,0,0
11.00,8.571428571428571,97.40935606342883,274,57,0,0,362.59000000000003,67.0,0,0
11.02,8.571428571428571,97.40294337548505,274,57,0,0,348.28,63.99999999999999,0,0
11.02,8.571428571428571,97.39550983152233,274,57,0,0,333.96999999999997,60.99999999999999,0,0
11.02,8.571428571428571,97.38913384102639,274,57,0,0,319.65999999999997,57.99999999999999,0,0
11.02,8.571428571428571,97.38083565116067,274,57,0,0,305.34999999999997,54.99999999999999,0,0
11.02,8.571428571428571,97.37615093535096,274,57,0,0,291.03999999999996,51.99999999999999,0,0
11.02,8.571428571428571,97.36858277371213,274,57,0,0,276.7299999999999,48.99999999999998,0,0
11.02,8.571428571428571,97.35974269878393,274,57,0,0,262.4199999999999,45.99999999999997,0,0
11.02,8.571428571428571,97.35736357893694,274,57,0,0,248.10999999999984,42.99999999999997,0,0
11.02,8.571428571428571,97.34718506181723,274,57,0,0,233.79999999999984,39.99999999999997,0,0
11.02,8.571428571428571,97.33624862268755,274,57,0,0,219.48999999999984,36.999999999999964,0,0
11.03,8.571428571428571,97.32489787996833,274,57,0,0,205.1799999999999,33.99999999999997,0,0
11.03,8.571428571428571,97.31801995877424,274,57,0,0,190.8699999999999,30.99999999999997,0,0
11.03,8.571428571428571,97.31150615345376,274,57,0,0,176.55999999999983,27.99999999999997,0,0
11.03,8.571428571428571,97.30160058824548,274,57,0,0,162.24999999999983,24.99999999999997,0,0
11.03,8.571428571428571,97.2991722388967,274,57,0,0,147.93999999999988,21.99999999999997,0,0
11.03,8.571428571428571,97.29906809408688,274,57,0,0,133.62999999999988,18.99999999999997,0,0
11.03,8.571428571428571,97.28929943068661,274,57,0,0,119.31999999999988,15.999999999999972,0,0
11.03,8.571428571428571,97.28188659350032,274,57,0,0,105.00999999999982,12.999999999999972,0,0
11.03,8.571428571428571,97.27534500952589,274,57,0,0,90.69999999999987,9.999999999999972,0,0
11.03,8.571428571428571,97.27137409525116,274,57,0,0,76.38999999999987,6.999999999999972,0,0
11.05,8.571428571428571,97.26748527030344,274,57,0,0,62.07999999999987,3.9999999999999716,0,0
11.05,8.571428571428571,97.259150857108,274,57,0,0,47.76999999999987,0.9999999999999716,0,0
11.05,8.571428571428571,97.2476637445664,274,57,0,0,43,0.0,0,0
11.05,8.571428571428571,97.24508505726821,274,57,0,0,57.31,3.0,0,0
11.05,8.571428571428571,97.24459708549789,274,57,0,0,71.62,6.0,0,0
11.05,8.571428571428571,97.24215729050819,274,57,0,0,85.93,9.0,0,0
11.05,8.571428571428571,97.24429882198847,274,57,0,0,100.24000000000001,12.0,0,0
11.05,8.571428571428571,97.24329113346687,274,57,0,0,114.55000000000001,15.0,0,0
11.05,8.571428571428571,97.24157904710555,274,57,0,0,128.86,18.0,0,0
11.05,8.571428571428571,97.2494578086403,274,57,0,0,143.16999999999996,21.0,0,0
11.07,8.571428571428571,97.25419665580704,274,57,0,0,157.48000000000002,24.0,0,0
11.07,8.571428571428571,97.25111069873581,274,57,0,0,171.79000000000002,27.0,0,0
11.07,8.571428571428571,97.25085472830966,274,57,0,0,186.10000000000002,30.0,0,0
11.07,8.571428571428571,97.2506238516255,274,57,0,0,200.40999999999997,33.0,0,0
11.07,8.571428571428571,97.24893387134429,274,57,0,0,214.71999999999997,36.0,0,0
11.07,8.571428571428571,97.24484001986212,274,57,0,0,229.03000000000003,39.0,0,0
11.07,8.571428571428571,97.24419121328164,274,57,0,0,243.34000000000003,42.00000000000001,0,0
11.07,8.571428571428571,97.253140624882,274,57,0,0,257.65000000000003,45.00000000000001,0,0
11.07,8.571428571428571,97.25581583821969,274,57,0,0,271.96000000000004,48.00000000000001,0,0
11.07,8.571428571428571,97.26816819958356,274,57,0,0,286.27000000000004,51.00000000000001,0,0
11.08,8.571428571428571,97.27196793201804,274,57,0,0,300.58000000000004,54.00000000000001,0,0
11.08,8.571428571428571,97.27789501935013,274,57,0,0,314.89000000000004,57.000000000000014,0,0
11.08,8.571428571428571,97.28372313249056,274,57,0,0,329.20000000000005,60.00000000000001,0,0
11.08,8.571428571428571,97.29500088262542,274,57,0,0,343.51,63.0,0,0
11.08,8.571428571428571,97.29985547717763,274,57,0,0,357.82,66.0,0,0
11.08,8.571428571428571,97.31305979135028,275,57,0,0,372.13,69.0,0,0
11.08,8.571428571428571,97.3243565783504,275,57,0,0,386.44,72.0,0,0
11.08,8.571428571428571,97.33142981218882,275,57,0,0,400.75,75.0,0,0
11.08,8.571428571428571,97.34398082008217,275,57,0,0,415.06,78.0,0,0
11.08,8.571428571428571,97.35566059890446,275,57,0,0,429.37,81.0,0,0
11.10,8.571428571428571,97.3637724724332,275,57,0,0,443.68,84.0,0,0
11.10,8.571428571428571,97.37683354681926,276,57,0,0,457.99,87.0,0,0
11.10,8.571428571428571,97.3863491168444,276,57,0,0,472.3,90.0,0,0
11.10,8.571428571428571,97.40003371993583,276,57,0,0,486.61,93.0,0,0
11.10,8.571428571428571,97.41302393301558,276,57,0,0,500.92,96.0,0,0
11.10,8.571428571428571,97.42327771670521,276,57,0,0,515.23,99.0,0,0
11.10,8.571428571428571,97.43102056093879,276,57,0,0,520,100.0,0,0
11.10,8.571428571428571,97.42180460650462,276,57,0,0,505.69,97.0,0,0
11.10,8.571428571428571,97.41118470386012,276,57,0,0,491.38,94.0,0,0
11.10,8.571428571428571,97.40880688853711,276,57,0,0,477.07,91.0,0,0
11.12,8.571428571428571,97.40736235984596,276,57,0,0,462.76,88.0,0,0
11.12,8.571428571428571,97.40332186754299,276,57,0,0,448.45,85.0,0,0
11.12,8.571428571428571,97.40077497586188,276,57,0,0,434.14,82.0,0,0
11.12,8.571428571428571,97.39625460259012,276,57,0,0,419.83,79.0,0,0
11.12,8.571428571428571,97.3911404203963,276,57,0,0,405.52,76.0,0,0
11.12,8.571428571428571,97.38348225671884,276,57,0,0,391.21,73.0,0,0
11.12,8.571428571428571,97.37759805800809,276,57,0,0,376.9,70.0,0,0
11.13,8.571428571428571,97.37497686390336,276,57,0,0,362.59000000000003,67.0,0,0
11.13,8.571428571428571,97.36753650859546,276,57,0,0,348.28,63.99999999999999,0,0
11.13,8.571428571428571,97.36675820449457,276,57,0,0,333.96999999999997,60.99999999999999,0,0
11.13,8.571428571428571,97.36112751492011,276,57,0,0,319.65999999999997,57.99999999999999,0,0
11.13,8.571428571428571,97.35935798876694,276,57,0,0,305.34999999999997,54.99999999999999,0,0
11.13,8.571428571428571,97.35074530828481,276,57,0,0,291.03999999999996,51.99999999999999,0,0
11.13,8.571428571428571,97.34911084546928,276,57,0,0,276.7299999999999,48.99999999999998,0,0
11.13,8.571428571428571,97.34364385066216,276,57,0,0,262.4199999999999,45.99999999999997,0,0
11.13,8.571428571428571,97.33634300821774,276,57,0,0,248.10999999999984,42.99999999999997,0,0
11.13,8.571428571428571,97.33061082221106,276,57,0,0,233.79999999999984,39.99999999999997,0,0
11.15,8.571428571428571,97.32377261428205,276,57,0,0,219.48999999999984,36.999999999999964,0,0
11.15,8.571428571428571,97.31987807036555,276,57,0,0,205.1799999999999,33.99999999999997,0,0
11.15,8.571428571428571,97.31133325792827,277,57,0,0,190.8699999999999,30.99999999999997,0,0
11.15,8.571428571428571,97.30613889859515,277,57,0,0,176.55999999999983,27.99999999999997,0,0
11.15,8.571428571428571,97.30275092878115,277,57,0,0,162.24999999999983,24.99999999999997,0,0
11.15,8.571428571428571,97.29571607755594,277,57,0,0,147.93999999999988,21.99999999999997,0,0
11.15,8.571428571428571,97.29351551129986,277,57,0,0,133.62999999999988,18.99999999999997,0,0
11.15,8.571428571428571,97.2871929860288,277,57,0,0,119.31999999999988,15.999999999999972,0,0
11.15,8.571428571428571,97.27504241940244,277,57,0,0,105.00999999999982,12.999999999999972,0,0
11.15,8.571428571428571,97.26877179824076,277,57,0,0,90.69999999999987,9.999999999999972,0,0
11.17,8.571428571428571,97.25753223672899,277,57,0,0,76.38999999999987,6.999999999999972,0,0
11.17,8.571428571428571,97.24985571491393,277,57,0,0,62.07999999999987,3.9999999999999716,0,0
11.17,8.571428571428571,97.24395003946022,277,57,0,0,47.76999999999987,0.9999999999999716,0,0
11.17,8.571428571428571,97.23822586767686,277,57,0,0,43,0.0,0,0
11.17,8.571428571428571,97.2330728313835,277,57,0,0,57.31,3.0,0,0
11.17,8.571428571428571,97.23166864292513,277,57,0,0,71.62,6.0,0,0
11.17,8.571428571428571,97.23829156347179,277,57,0,0,85.93,9.0,0,0
11.17,8.571428571428571,97.2474065899225,277,57,0,0,100.24000000000001,12.0,0,0
11.17,8.571428571428571,97.2447533761641,277,57,0,0,114.55000000000001,15.0,0,0
11.17,8.571428571428571,97.24769900166719,277,57,0,0,128.86,18.0,0,0
11.18,8.571428571428571,97.24285595190612,277,57,0,0,143.16999999999996,21.0,0,0
11.18,8.571428571428571,97.24479386910309,277,57,0,0,157.48000000000002,24.0,0,0
11.18,8.571428571428571,97.24902499540457,277,57,0,0,171.79000000000002,27.0,0,0
11.18,8.571428571428571,97.24595418037882,277,57,0,0,186.10000000000002,30.0,0,0
11.18,8.571428571428571,97.24636310852162,277,57,0,0,200.40999999999997,33.0,0,0
11.18,8.571428571428571,97.25503090088267,277,57,0,0,214.71999999999997,36.0,0,0
11.18,8.571428571428571,97.2574342291023,277,57,0,0,229.03000000000003,39.0,0,0
11.18,8.571428571428571,97.25876696261867,277,57,0,0,243.34000000000003,42.00000000000001,0,0
11.18,8.571428571428571,97.25924961866906,277,57,0,0,257.65000000000003,45.00000000000001,0,0
11.18,8.571428571428571,97.25835471546235,277,57,0,0,271.96000000000004,48.00000000000001,0,0
11.20,8.571428571428571,97.26287819489633,277,57,0,0,286.27000000000004,51.00000000000001,0,0
11.20,8.571428571428571,97.27005161520589,277,57,0,0,300.58000000000004,54.00000000000001,0,0
11.20,8.571428571428571,97.28223037423912,277,57,0,0,314.89000000000004,57.000000000000014,0,0
11.20,8.571428571428571,97.29028661426567,277,57,0,0,329.20000000000005,60.00000000000001,0,0
11.20,8.571428571428571,97.30638249045634,277,57,0,0,343.51,63.0,0,0
11.20,8.571428571428571,97.32157888177883,277,57,0,0,357.82,66.0,0,0
11.20,8.571428571428571,97.33783208101386,277,57,0,0,372.13,69.0,0,0
11.20,8.571428571428571,97.34872181754841,277,57,0,0,386.44,72.0,0,0
11.20,8.571428571428571,97.35040816501997,277,57,0,0,400.75,75.0,0,0
11.20,8.571428571428571,97.36702140718657,278,57,0,0,415.06,78.0,0,0
11.22,8.571428571428571,97.37420603987198,278,57,0,0,429.37,81.0,0,0
11.22,8.571428571428571,97.38372023632056,278,57,0,0,443.68,84.0,0,0
11.22,8.571428571428571,97.38959865889551,278,57,0,0,457.99,87.0,0,0
11.22,8.571428571428571,97.4021557716105,278,57,0,0,472.3,90.0,0,0
11.22,8.571428571428571,97.41691418412127,278,57,0,0,486.61,93.0,0,0
11.22,8.571428571428571,97.4293345566243,278,57,0,0,500.92,96.0,0,0
11.22,8.571428571428571,97.44474193138615,278,57,0,0,515.23,99.0,0,0
11.22,8.571428571428571,97.45623314457488,278,57,0,0,520,100.0,0,0
11.22,8.571428571428571,97.4533182209614,278,57,0,0,505.69,97.0,0,0
11.22,8.571428571428571,97.44957126889372,278,57,0,0,491.38,94.0,0,0
11.23,8.571428571428571,97.43767158071253,278,57,0,0,477.07,91.0,0,0
11.23,8.571428571428571,97.43185875682055,278,57,0,0,462.76,88.0,0,0
11.23,8.571428571428571,97.425494879623,278,57,0,0,448.45,85.0,0,0
11.23,8.571428571428571,97.42025255319322,278,57,0,0,434.14,82.0,0,0
11.23,8.571428571428571,97.41277944524636,278,57,0,0,419.83,79.0,0,0
11.23,8.571428571428571,97.40421222821404,278,57,0,0,405.52,76.0,0,0
11.23,8.571428571428571,97.3992600835714,278,57,0,0,391.21,73.0,0,0
11.23,8.571428571428571,97.39637116036161,279,57,0,0,376.9,70.0,0,0
11.23,8.571428571428571,97.39368439781782,279,57,0,0,362.59000000000003,67.0,0,0
11.23,8.571428571428571,97.38717211097715,279,57,0,0,348.28,63.99999999999999,0,0
11.25,8.571428571428571,97.38072136974274,279,57,0,0,333.96999999999997,60.99999999999999,0,0
11.25,8.571428571428571,97.36856604759133,279,57,0,0,319.65999999999997,57.99999999999999,0,0
11.25,8.571428571428571,97.35887627746857,279,57,0,0,305.34999999999997,54.99999999999999,0,0
11.25,8.571428571428571,97.35257307482138,279,57,0,0,291.03999999999996,51.99999999999999,0,0
11.25,8.571428571428571,97.34260065421115,279,57,0,0,276.7299999999999,48.99999999999998,0,0
11.25,8.571428571428571,97.33904416373296,279,57,0,0,262.4199999999999,45.99999999999997,0,0
11.25,8.571428571428571,97.32750008812748,279,57,0,0,248.10999999999984,42.99999999999997,0,0
11.25,8.571428571428571,97.32491914231142,279,57,0,0,233.79999999999984,39.99999999999997,0,0
11.25,8.571428571428571,97.32141934358005,279,57,0,0,219.48999999999984,36.999999999999964,0,0
11.25,8.571428571428571,97.31542767304597,279,57,0,0,205.1799999999999,33.99999999999997,0,0
11.27,8.571428571428571,97.31396745836791,279,57,0,0,190.8699999999999,30.99999999999997,0,0
11.27,8.571428571428571,97.30881963357409,279,57,0,0,176.55999999999983,27.99999999999997,0,0
11.27,8.571428571428571,97.30498035026432,279,57,0,0,162.24999999999983,24.99999999999997,0,0
11.27,8.571428571428571,97.296602969841,279,57,0,0,147.93999999999988,21.99999999999997,0,0
11.27,8.571428571428571,97.29282898879593,279,57,0,0,133.62999999999988,18.99999999999997,0,0
11.27,8.571428571428571,97.2832003349823,279,57,0,0,119.31999999999988,15.999999999999972,0,0
11.27,8.571428571428571,97.28028201823635,279,57,0,0,105.00999999999982,12.999999999999972,0,0
11.27,8.571428571428571,97.27558149934777,279,57,0,0,90.69999999999987,9.999999999999972,0,0
11.27,8.571428571428571,97.26305521711348,279,57,0,0,76.38999999999987,6.999999999999972,0,0
11.27,8.571428571428571,97.25451353632461,279,57,0,0,62.07999999999987,3.9999999999999716,0,0
11.28,8.571428571428571,97.24985561391631,279,57,0,0,47.76999999999987,0.9999999999999716,0,0
11.28,8.571428571428571,97.24921135738738,279,57,0,0,43,0.0,0,0
11.28,8.571428571428571,97.24906130215177,279,57,0,0,57.31,3.0,0,0
11.28,8.571428571428571,97.25299972066398,279,57,0,0,71.62,6.0,0,0
11.28,8.571428571428571,97.26030003609628,279,57,0,0,85.93,9.0,0,0
11.28,8.571428571428571,97.26600791838818,280,57,0,0,100.24000000000001,12.0,0,0
11.28,8.571428571428571,97.26974346532656,280,57,0,0,114.55000000000001,15.0,0,0
11.28,8.571428571428571,97.27143602638711,280,57,0,0,128.86,18.0,0,0
11.28,8.571428571428571,97.27379505029835,280,57,0,0,143.16999999999996,21.0,0,0
11.28,8.571428571428571,97.28063836742713,280,57,0,0,157.48000000000002,24.0,0,0
11.30,8.571428571428571,97.28099254637303,280,57,0,0,171.79000000000002,27.0,0,0
11.30,8.571428571428571,97.2808536647376,280,57,0,0,186.10000000000002,30.0,0,0
11.30,8.571428571428571,97.27773931913602,280,57,0,0,200.40999999999997,33.0,0,0
11.30,8.571428571428571,97.285319792118,280,57,0,0,214.71999999999997,36.0,0,0
11.30,8.571428571428571,97.29156852903941,280,57,0,0,229.03000000000003,39.0,0,0
11.30,8.571428571428571,97.29334882457444,280,57,0,0,243.34000000000003,42.00000000000001,0,0
11.30,8.571428571428571,97.29067958628076,280,57,0,0,257.65000000000003,45.00000000000001,0,0
11.30,8.571428571428571,97.29592514228221,280,57,0,0,271.96000000000004,48.00000000000001,0,0
11.30,8.571428571428571,97.30540148207882,280,57,0,0,286.27000000000004,51.00000000000001,0,0
11.32,8.571428571428571,97.31815670314326,280,57,0,0,300.58000000000004,54.00000000000001,0,0
11.32,8.571428571428571,97.33156013134057,280,57,0,0,314.89000000000004,57.000000000000014,0,0
11.32,8.571428571428571,97.33817005188403,280,57,0,0,329.20000000000005,60.00000000000001,0,0
11.32,8.571428571428571,97.35011132925955,280,57,0,0,343.51,63.0,0,0
11.32,8.571428571428571,97.36464985594596,280,57,0,0,357.82,66.0,0,0
11.32,8.571428571428571,97.36607281093313,280,57,0,0,372.13,69.0,0,0
11.32,8.571428571428571,97.37235847318672,280,57,0,0,386.44,72.0,0,0
11.32,8.571428571428571,97.3841529199767,280,57,0,0,400.75,75.0,0,0
11.32,8.571428571428571,97.39022412783673,280,57,0,0,415.06,78.0,0,0
11.32,8.571428571428571,97.3989936437438,280,57,0,0,429.37,81.0,0,0
11.33,8.571428571428571,97.40386646155139,280,57,0,0,443.68,84.0,0,0
11.33,8.571428571428571,97.41088018701782,280,57,0,0,457.99,87.0,0,0
11.33,8.571428571428571,97.4165743727836,280,57,0,0,472.3,90.0,0,0
11.33,8.571428571428571,97.42211360063249,280,57,0,0,486.61,93.0,0,0
11.33,8.571428571428571,97.42567959625964,280,57,0,0,500.92,96.0,0,0
11.33,8.571428571428571,97.43973212344271,280,57,0,0,515.23,99.0,0,0
11.33,8.571428571428571,97.44309763535762,280,57,0,0,520,100.0,0,0
11.33,8.571428571428571,97.43556681737647,280,57,0,0,505.69,97.0,0,0
11.33,8.571428571428571,97.42853150162011,280,57,0,0,491.38,94.0,0,0
11.33,8.571428571428571,97.41860385895406,280,57,0,0,477.07,91.0,0,0
11.35,8.571428571428571,97.41504577423134,280,57,0,0,462.76,88.0,0,0
11.35,8.571428571428571,97.40430830573747,280,57,0,0,448.45,85.0,0,0
11.35,8.571428571428571,97.39976291030388,280,57,0,0,434.14,82.0,0,0
11.35,8.571428571428571,97.39260728347486,280,57,0,0,419.83,79.0,0,0
11.35,8.571428571428571,97.38895314546407,280,57,0,0,405.52,76.0,0,0
11.35,8.571428571428571,97.37906163176747,280,57,0,0,391.21,73.0,0,0
11.35,8.571428571428571,97.37478678258869,280,57,0,0,376.9,70.0,0,0
11.35,8.571428571428571,97.37412518690637,280,57,0,0,362.59000000000003,67.0,0,0
11.35,8.571428571428571,97.36655435613537,280,57,0,0,348.28,63.99999999999999,0,0
11.35,8.571428571428571,97.36335171516244,280,57,0,0,333.96999999999997,60.99999999999999,0,0
11.37,8.571428571428571,97.35825654962846,280,57,0,0,319.65999999999997,57.99999999999999,0,0
11.37,8.571428571428571,97.351361500551,280,57,0,0,305.34999999999997,54.99999999999999,0,0
11.37,8.571428571428571,97.34477367676155,280,57,0,0,291.03999999999996,51.99999999999999,0,0
11.37,8.571428571428571,97.34166255277407,280,57,0,0,276.7299999999999,48.99999999999998,0,0
11.37,8.571428571428571,97.33931669321831,280,57,0,0,262.4199999999999,45.99999999999997,0,0
11.37,8.571428571428571,97.32967365333094,280,57,0,0,248.10999999999984,42.99999999999997,0,0
11.37,8.571428571428571,97.32144170689561,280,57,0,0,233.79999999999984,39.99999999999997,0,0
11.37,8.571428571428571,97.31275106026555,280,57,0,0,219.48999999999984,36.999999999999964,0,0
11.37,8.571428571428571,97.31013432457716,281,57,0,0,205.1799999999999,33.99999999999997,0,0
11.37,8.571428571428571,97.30028112595686,281,57,0,0,190.8699999999999,30.99999999999997,0,0
11.38,8.571428571428571,97.29834082760902,281,57,0,0,176.55999999999983,27.99999999999997,0,0
11.38,8.571428571428571,97.28991839448794,281,57,0,0,162.24999999999983,24.99999999999997,0,0
11.38,8.571428571428571,97.28746696996888,281,57,0,0,147.93999999999988,21.99999999999997,0,0
11.38,8.571428571428571,97.2845625779495,281,57,0,0,133.62999999999988,18.99999999999997,0,0
11.38,8.571428571428571,97.2785794107692,281,57,0,0,119.31999999999988,15.999999999999972,0,0
11.38,8.571428571428571,97.26860952169629,281,57,0,0,105.00999999999982,12.999999999999972,0,0
11.38,8.571428571428571,97.26227631554715,281,57,0,0,90.69999999999987,9.999999999999972,0,0
11.38,8.571428571428571,97.25699703795195,281,57,0,0,76.38999999999987,6.999999999999972,0,0
11.38,8.571428571428571,97.25079636445096,281,57,0,0,62.07999999999987,3.9999999999999716,0,0
11.38,8.571428571428571,97.24523553086182,281,57,0,0,47.76999999999987,0.9999999999999716,0,0
11.40,8.571428571428571,97.23684126956861,281,57,0,0,43,0.0,0,0
11.40,8.571428571428571,97.24238781430047,281,57,0,0,57.31,3.0,0,0
11.40,8.571428571428571,97.24350736743575,281,57,0,0,71.62,6.0,0,0
11.40,8.571428571428571,97.2415953429171,281,57,0,0,85.93,9.0,0,0
11.40,8.571428571428571,97.23970705305065,281,57,0,0,100.24000000000001,12.0,0,0
11.40,8.571428571428571,97.24199433694915,281,57,0,0,114.55000000000001,15.0,0,0
11.40,8.571428571428571,97.23902466216873,281,57,0,0,128.86,18.0,0,0
11.40,8.571428571428571,97.23886450312727,281,57,0,0,143.16999999999996,21.0,0,0
11.40,8.571428571428571,97.24315320564314,281,57,0,0,157.48000000000002,24.0,0,0
11.40,8.571428571428571,97.24678307823514,281,57,0,0,171.79000000000002,27.0,0,0
11.42,8.571428571428571,97.2499721316188,281,57,0,0,186.10000000000002,30.0,0,0
11.42,8.571428571428571,97.25181048157023,281,57,0,0,200.40999999999997,33.0,0,0
11.42,8.571428571428571,97.2511922716808,281,57,0,0,214.71999999999997,36.0,0,0
11.42,8.571428571428571,97.25461795294557,281,57,0,0,229.03000000000003,39.0,0,0
11.42,8.571428571428571,97.2569800419041,281,57,0,0,243.34000000000003,42.00000000000001,0,0
11.42,8.571428571428571,97.25648968312318,281,57,0,0,257.65000000000003,45.00000000000001,0,0
11.42,8.571428571428571,97.25245773770334,281,57,0,0,271.96000000000004,48.00000000000001,0,0
11.42,8.571428571428571,97.26130536219337,281,57,0,0,286.27000000000004,51.00000000000001,0,0
11.42,8.571428571428571,97.26795208340724,281,57,0,0,300.58000000000004,54.00000000000001,0,0
11.42,8.571428571428571,97.27314050457665,281,57,0,0,314.89000000000004,57.000000000000014,0,0
11.43,8.571428571428571,97.28967704480118,281,57,0,0,329.20000000000005,60.00000000000001,0,0
11.43,8.571428571428571,97.29854290674294,281,57,0,0,343.51,63.0,0,0
11.43,8.571428571428571,97.31420175534423,281,57,0,0,357.82,66.0,0,0
11.43,8.571428571428571,97.32556436130729,281,57,0,0,372.13,69.0,0,0
11.43,8.571428571428571,97.3322998624347,281,57,0,0,386.44,72.0,0,0
11.43,8.571428571428571,97.3474427185479,281,57,0,0,400.75,75.0,0,0
11.43,8.571428571428571,97.35779114179824,281,57,0,0,415.06,78.0,0,0
11.43,8.571428571428571,97.37066593119035,281,57,0,0,429.37,81.0,0,0
11.43,8.571428571428571,97.38136039777756,281,57,0,0,443.68,84.0,0,0
11.45,8.571428571428571,97.39635598049573,281,57,0,0,457.99,87.0,0,0
11.45,8.571428571428571,97.410982318438,281,57,0,0,472.3,90.0,0,0
11.45,8.571428571428571,97.41562842695939,281,57,0,0,486.61,93.0,0,0
11.45,8.571428571428571,97.42402574281051,281,57,0,0,500.92,96.0,0,0
11.45,8.571428571428571,97.43131584538797,281,57,0,0,515.23,99.0,0,0
11.45,8.571428571428571,97.44144249990637,281,57,0,0,520,100.0,0,0
11.45,8.571428571428571,97.43979250906241,282,57,0,0,505.69,97.0,0,0
11.45,8.571428571428571,97.4331908933609,282,57,0,0,491.38,94.0,0,0
11.45,8.571428571428571,97.43058539542487,282,57,0,0,477.07,91.0,0,0
11.45,8.571428571428571,97.42221054313734,282,57,0,0,462.76,88.0,0,0
11.47,8.571428571428571,97.41171762553581,282,57,0,0,448.45,85.0,0,0
11.47,8.571428571428571,97.4082628582712,282,57,0,0,434.14,82.0,0,0
11.47,8.571428571428571,97.39858758562016,282,57,0,0,419.83,79.0,0,0
11.47,8.571428571428571,97.38756175334699,282,57,0,0,405.52,76.0,0,0
11.47,8.571428571428571,97.37887864784986,282,57,0,0,391.21,73.0,0,0
11.47,8.571428571428571,97.37241159514332,282,57,0,0,376.9,70.0,0,0
11.47,8.571428571428571,97.36348518109246,282,57,0,0,362.59000000000003,67.0,0,0
11.47,8.571428571428571,97.35809936832001,282,57,0,0,348.28,63.99999999999999,0,0
11.47,8.571428571428571,97.34896401444303,282,57,0,0,333.96999999999997,60.99999999999999,0,0
11.47,8.571428571428571,97.34224373281904,282,57,0,0,319.65999999999997,57.99999999999999,0,0
11.48,8.571428571428571,97.34068656294593,282,57,0,0,305.34999999999997,54.99999999999999,0,0
11.48,8.571428571428571,97.33006368500749,282,57,0,0,291.03999999999996,51.99999999999999,0,0
11.48,8.571428571428571,97.32369192956392,282,57,0,0,276.7299999999999,48.99999999999998,0,0
11.48,8.571428571428571,97.31375185438944,282,57,0,0,262.4199999999999,45.99999999999997,0,0
11.48,8.571428571428571,97.30809299299851,282,57,0,0,248.10999999999984,42.99999999999997,0,0
11.48,8.571428571428571,97.3043034636095,282,57,0,0,233.79999999999984,39.99999999999997,0,0
11.48,8.571428571428571,97.29339180182527,282,57,0,0,219.48999999999984,36.999999999999964,0,0
11.48,8.571428571428571,97.28590571793735,282,57,0,0,205.1799999999999,33.99999999999997,0,0
11.48,8.571428571428571,97.27733759810754,282,57,0,0,190.8699999999999,30.99999999999997,0,0
11.48,8.571428571428571,97.2738224905143,282,57,0,0,176.55999999999983,27.99999999999997,0,0
11.50,8.571428571428571,97.27074903931309,282,57,0,0,162.24999999999983,24.99999999999997,0,0
11.50,8.571428571428571,97.26616515362579,282,57,0,0,147.93999999999988,21.99999999999997,0,0
11.50,8.571428571428571,97.25432951091891,282,57,0,0,133.62999999999988,18.99999999999997,0,0
11.50,8.571428571428571,97.24679104254267,282,57,0,0,119.31999999999988,15.999999999999972,0,0
11.50,8.571428571428571,97.23776709234224,282,57,0,0,105.00999999999982,12.999999999999972,0,0
11.50,8.571428571428571,97.23049563438164,282,57,0,0,90.69999999999987,9.999999999999972,0,0
11.50,8.571428571428571,97.22969672621802,282,57,0,0,76.38999999999987,6.999999999999972,0,0
11.50,8.571428571428571,97.22790420199986,282,57,0,0,62.07999999999987,3.9999999999999716,0,0
11.50,8.571428571428571,97.22405400483129,282,57,0,0,47.76999999999987,0.9999999999999716,0,0
11.50,8.571428571428571,97.21290374149447,282,57,0,0,43,0.0,0,0
11.52,8.571428571428571,97.22146715522645,282,57,0,0,57.31,3.0,0,0
11.52,8.571428571428571,97.22183423423343,282,57,0,0,71.62,6.0,0,0
11.52,8.571428571428571,97.22184227931758,282,57,0,0,85.93,9.0,0,0
11.52,8.571428571428571,97.22056233481882,282,57,0,0,100.24000000000001,12.0,0,0
11.52,8.571428571428571,97.21827487956865,282,57,0,0,114.55000000000001,15.0,0,0
11.52,8.571428571428571,97.21914660026455,282,57,0,0,128.86,18.0,0,0
11.52,8.571428571428571,97.21921057644188,282,57,0,0,143.16999999999996,21.0,0,0
11.52,8.571428571428571,97.21773332723238,282,57,0,0,157.48000000000002,24.0,0,0
11.52,8.571428571428571,97.21911174882403,282,57,0,0,171.79000000000002,27.0,0,0
11.52,8.571428571428571,97.22205072417927,282,57,0,0,186.10000000000002,30.0,0,0
11.53,8.571428571428571,97.22734946901046,282,57,0,0,200.40999999999997,33.0,0,0
11.53,8.571428571428571,97.23060891126106,282,57,0,0,214.71999999999997,36.0,0,0
11.53,8.571428571428571,97.23538220673016,282,57,0,0,229.03000000000003,39.0,0,0
11.53,8.571428571428571,97.23661016879403,282,57,0,0,243.34000000000003,42.00000000000001,0,0
11.53,8.571428571428571,97.23744761908262,282,57,0,0,257.65000000000003,45.00000000000001,0,0
11.53,8.571428571428571,97.24349391928419,282,57,0,0,271.96000000000004,48.00000000000001,0,0
11.53,8.571428571428571,97.25239791456274,282,57,0,0,286.27000000000004,51.00000000000001,0,0
11.53,8.571428571428571,97.25511074596618,282,57,0,0,300.58000000000004,54.00000000000001,0,0
11.53,8.571428571428571,97.25980569884645,282,57,0,0,314.89000000000004,57.000000000000014,0,0
11.53,8.571428571428571,97.27490547053397,282,57,0,0,329.20000000000005,60.00000000000001,0,0
11.55,8.571428571428571,97.28445857906861,282,57,0,0,343.51,63.0,0,0
11.55,8.571428571428571,97.29233774038678,282,57,0,0,357.82,66.0,0,0
11.55,8.571428571428571,97.29809858340037,282,57,0,0,372.13,69.0,0,0
11.55,8.571428571428571,97.30124519982112,282,57,0,0,386.44,72.0,0,0
11.55,8.571428571428571,97.30841142125584,282,57,0,0,400.75,75.0,0,0
11.55,8.571428571428571,97.31792362840523,282,57,0,0,415.06,78.0,0,0
11.55,8.571428571428571,97.32828348900767,282,57,0,0,429.37,81.0,0,0
11.55,8.571428571428571,97.33357724055506,282,57,0,0,443.68,84.0,0,0
11.55,8.571428571428571,97.33937984315106,282,57,0,0,457.99,87.0,0,0
11.55,8.571428571428571,97.340942853712,282,57,0,0,472.3,90.0,0,0
11.57,8.571428571428571,97.3542347078038,282,57,0,0,486.61,93.0,0,0
11.57,8.571428571428571,97.36847887007916,282,57,0,0,500.92,96.0,0,0
11.57,8.571428571428571,97.37059864009173,282,57,0,0,515.23,99.0,0,0
11.57,8.571428571428571,97.3851741726205,282,57,0,0,520,100.0,0,0
11.57,8.571428571428571,97.3841333207864,282,57,0,0,505.69,97.0,0,0
11.57,8.571428571428571,97.37947217900992,282,57,0,0,491.38,94.0,0,0
11.57,8.571428571428571,97.37166019434943,282,57,0,0,477.07,91.0,0,0
11.57,8.571428571428571,97.36005902910522,282,57,0,0,462.76,88.0,0,0
11.57,8.571428571428571,97.35580485384578,282,57,0,0,448.45,85.0,0,0
11.57,8.571428571428571,97.3484873055244,283,57,0,0,434.14,82.0,0,0
11.58,8.571428571428571,97.34456616674933,283,57,0,0,419.83,79.0,0,0
11.58,8.571428571428571,97.33811720071861,283,57,0,0,405.52,76.0,0,0
11.58,8.571428571428571,97.33085359462859,283,57,0,0,391.21,73.0,0,0
11.58,8.571428571428571,97.32296241355355,283,57,0,0,376.9,70.0,0,0
11.58,8.571428571428571,97.31705692024234,283,57,0,0,362.59000000000003,67.0,0,0
11.58,8.571428571428571,97.30941776489463,283,57,0,0,348.28,63.99999999999999,0,0
11.58,8.571428571428571,97.30720061099946,283,57,0,0,333.96999999999997,60.99999999999999,0,0
11.58,8.571428571428571,97.30009596126165,283,57,0,0,319.65999999999997,57.99999999999999,0,0
11.58,8.571428571428571,97.29831368926804,283,57,0,0,305.34999999999997,54.99999999999999,0,0
11.58,8.571428571428571,97.29603894763912,283,57,0,0,291.03999999999996,51.99999999999999,0,0
11.60,8.571428571428571,97.29336746719412,283,57,0,0,276.7299999999999,48.99999999999998,0,0
11.60,8.571428571428571,97.28769178698813,283,57,0,0,262.4199999999999,45.99999999999997,0,0
11.60,8.571428571428571,97.2854383009,283,57,0,0,248.10999999999984,42.99999999999997,0,0
11.60,8.571428571428571,97.28354495239019,283,57,0,0,233.79999999999984,39.99999999999997,0,0
11.60,8.571428571428571,97.27910463722053,283,57,0,0,219.48999999999984,36.999999999999964,0,0
11.60,8.571428571428571,97.2741718434987,283,57,0,0,205.1799999999999,33.99999999999997,0,0
11.60,8.571428571428571,97.26914354150874,283,57,0,0,190.8699999999999,30.99999999999997,0,0
11.60,8.571428571428571,97.26433281292982,283,57,0,0,176.55999999999983,27.99999999999997,0,0
11.60,8.571428571428571,97.25521890423391,283,57,0,0,162.24999999999983,24.99999999999997,0,0
11.60,8.571428571428571,97.24350108739219,283,57,0,0,147.93999999999988,21.99999999999997,0,0
11.62,8.571428571428571,97.23817105654373,283,57,0,0,133.62999999999988,18.99999999999997,0,0
11.62,8.571428571428571,97.23129854362676,283,57,0,0,119.31999999999988,15.999999999999972,0,0
11.62,8.571428571428571,97.22106580360038,283,57,0,0,105.00999999999982,12.999999999999972,0,0
11.62,8.571428571428571,97.21218344481001,283,57,0,0,90.69999999999987,9.999999999999972,0,0
11.62,8.571428571428571,97.21073103992316,283,57,0,0,76.38999999999987,6.999999999999972,0,0
11.62,8.571428571428571,97.19986228952371,283,57,0,0,62.07999999999987,3.9999999999999716,0,0
11.62,8.571428571428571,97.19416704840513,283,57,0,0,47.76999999999987,0.9999999999999716,0,0
11.62,8.571428571428571,97.18172049320596,283,57,0,0,43,0.0,0,0
11.62,8.571428571428571,97.1807532807051,283,57,0,0,57.31,3.0,0,0
11.62,8.571428571428571,97.18340050480397,283,57,0,0,71.62,6.0,0,0
11.63,8.571428571428571,97.19138518307241,283,57,0,0,85.93,9.0,0,0
11.63,8.571428571428571,97.19158287635724,283,57,0,0,100.24000000000001,12.0,0,0
11.63,8.571428571428571,97.19816504720936,283,57,0,0,114.55000000000001,15.0,0,0
11.63,8.571428571428571,97.20731608683796,283,57,0,0,128.86,18.0,0,0
11.63,8.571428571428571,97.20664961619414,283,57,0,0,143.16999999999996,21.0,0,0
11.63,8.571428571428571,97.20957941246837,283,57,0,0,157.48000000000002,24.0,0,0
11.63,8.571428571428571,97.2074085847464,283,57,0,0,171.79000000000002,27.0,0,0
11.63,8.571428571428571,97.20638668099258,283,57,0,0,186.10000000000002,30.0,0,0
11.63,8.571428571428571,97.20930739694269,283,57,0,0,200.40999999999997,33.0,0,0
11.63,8.571428571428571,97.21132380898283,283,57,0,0,214.71999999999997,36.0,0,0
11.65,8.571428571428571,97.21440857897186,283,57,0,0,229.03000000000003,39.0,0,0
11.65,8.571428571428571,97.21255503513207,283,57,0,0,243.34000000000003,42.00000000000001,0,0
11.65,8.571428571428571,97.2157392708666,283,57,0,0,257.65000000000003,45.00000000000001,0,0
11.65,8.571428571428571,97.21076246926616,283,57,0,0,271.96000000000004,48.00000000000001,0,0
11.65,8.571428571428571,97.22059677365041,283,57,0,0,286.27000000000004,51.00000000000001,0,0
11.65,8.571428571428571,97.22806364181855,283,57,0,0,300.58000000000004,54.00000000000001,0,0
11.65,8.571428571428571,97.24028769939966,283,57,0,0,314.89000000000004,57.000000000000014,0,0
11.65,8.571428571428571,97.24880123948898,283,57,0,0,329.20000000000005,60.00000000000001,0,0
11.65,8.571428571428571,97.26061559512297,283,57,0,0,343.51,63.0,0,0
11.65,8.571428571428571,97.2710782283559,283,57,0,0,357.82,66.0,0,0
11.67,8.571428571428571,97.27371596214469,283,57,0,0,372.13,69.0,0,0
11.67,8.571428571428571,97.28189555137921,283,57,0,0,386.44,72.0,0,0
11.67,8.571428571428571,97.29613763858343,283,58,0,0,400.75,75.0,0,0
11.67,8.571428571428571,97.30166315180865,283,58,0,0,415.06,78.0,0,0
11.67,8.571428571428571,97.30607016356694,283,58,0,0,429.37,81.0,0,0
11.67,8.571428571428571,97.31090521678779,283,58,0,0,443.68,84.0,0,0
11.67,8.571428571428571,97.32201809346476,283,58,0,0,457.99,87.0,0,0
11.67,8.571428571428571,97.32903919707393,283,58,0,0,472.3,90.0,0,0
11.67,8.571428571428571,97.34267514081058,283,58,0,0,486.61,93.0,0,0
11.67,8.571428571428571,97.35229275685899,283,58,0,0,500.92,96.0,0,0
11.68,8.571428571428571,97.36181703229275,283,58,0,0,515.23,99.0,0,0
11.68,8.571428571428571,97.37650393412572,283,58,0,0,520,100.0,0,0
11.68,8.571428571428571,97.37071733442018,283,58,0,0,505.69,97.0,0,0
11.68,8.571428571428571,97.36901745701938,283,58,0,0,491.38,94.0,0,0
11.68,8.571428571428571,97.36316702967042,283,58,0,0,477.07,91.0,0,0
11.68,8.571428571428571,97.35689102631282,283,58,0,0,462.76,88.0,0,0
11.68,8.571428571428571,97.35422224292005,283,58,0,0,448.45,85.0,0,0
11.68,8.571428571428571,97.34410293363653,283,58,0,0,434.14,82.0,0,0
11.68,8.571428571428571,97.33795714165976,283,58,0,0,419.83,79.0,0,0
11.68,8.571428571428571,97.3326051272452,283,58,0,0,405.52,76.0,0,0
11.70,8.571428571428571,97.3266497650496,283,58,0,0,391.21,73.0,0,0
11.70,8.571428571428571,97.319181978432,283,58,0,0,376.9,70.0,0,0
11.70,8.571428571428571,97.31411295949064,284,58,0,0,362.59000000000003,67.0,0,0
11.70,8.571428571428571,97.30833798525082,284,58,0,0,348.28,63.99999999999999,0,0
11.70,8.571428571428571,97.30188669138086,284,58,0,0,333.96999999999997,60.99999999999999,0,0
11.70,8.571428571428571,97.29332957900368,284,58,0,0,319.65999999999997,57.99999999999999,0,0
11.70,8.571428571428571,97.29273684454492,284,58,0,0,305.34999999999997,54.99999999999999,0,0
11.70,8.571428571428571,97.28419520057548,284,58,0,0,291.03999999999996,51.99999999999999,0,0
11.70,8.571428571428571,97.28071289632105,285,58,0,0,276.7299999999999,48.99999999999998,0,0
11.70,8.571428571428571,97.26886370388996,285,58,0,0,262.4199999999999,45.99999999999997,0,0
11.72,8.571428571428571,97.26420888193923,285,58,0,0,248.10999999999984,42.99999999999997,0,0
11.72,8.571428571428571,97.26222395386432,285,58,0,0,233.79999999999984,39.99999999999997,0,0
11.72,8.571428571428571,97.25788279881492,285,58,0,0,219.48999999999984,36.999999999999964,0,0
11.72,8.571428571428571,97.25629933840446,285,58,0,0,205.1799999999999,33.99999999999997,0,0
11.72,8.571428571428571,97.25006508089741,285,58,0,0,190.8699999999999,30.99999999999997,0,0
11.72,8.571428571428571,97.24839803631876,285,58,0,0,176.55999999999983,27.99999999999997,0,0
11.72,8.571428571428571,97.24346840059198,285,58,0,0,162.24999999999983,24.99999999999997,0,0
11.72,8.571428571428571,97.23860173591959,285,58,0,0,147.93999999999988,21.99999999999997,0,0
11.72,8.571428571428571,97.23404433533744,285,58,0,0,133.62999999999988,18.99999999999997,0,0
11.72,8.571428571428571,97.22791080590969,285,58,0,0,119.31999999999988,15.999999999999972,0,0
11.73,8.571428571428571,97.21779430438382,285,58,0,0,105.00999999999982,12.999999999999972,0,0
11.73,8.571428571428571,97.20821825398791,285,58,0,0,90.69999999999987,9.999999999999972,0,0
11.73,8.571428571428571,97.20672516793307,285,58,0,0,76.38999999999987,6.999999999999972,0,0
11.73,8.571428571428571,97.19818057821722,285,58,0,0,62.07999999999987,3.9999999999999716,0,0
11.73,8.571428571428571,97.19358769761917,285,58,0,0,47.76999999999987,0.9999999999999716,0,0
11.73,8.571428571428571,97.18483408892938,286,58,0,0,43,0.0,0,0
11.73,8.571428571428571,97.18988613494183,286,59,0,0,57.31,3.0,0,0
11.73,8.571428571428571,97.19783082761853,286,59,0,0,71.62,6.0,0,0
11.73,8.571428571428571,97.201727915336,286,59,0,0,85.93,9.0,0,0
11.73,8.571428571428571,97.20279002685801,286,59,0,0,100.24000000000001,12.0,0,0
11.75,8.571428571428571,97.2035585247693,286,59,0,0,114.55000000000001,15.0,0,0
11.75,8.571428571428571,97.20808777636012,286,59,0,0,128.86,18.0,0,0
11.75,8.571428571428571,97.20455893733265,286,59,0,0,143.16999999999996,21.0,0,0
11.75,8.571428571428571,97.21338305377165,286,59,0,0,157.48000000000002,24.0,0,0
11.75,8.571428571428571,97.21534844778077,286,59,0,0,171.79000000000002,27.0,0,0
11.75,8.571428571428571,97.22263250094026,286,59,0,0,186.10000000000002,30.0,0,0
11.75,8.571428571428571,97.22816715685937,286,59,0,0,200.40999999999997,33.0,0,0
11.75,8.571428571428571,97.22948078004136,286,59,0,0,214.71999999999997,36.0,0,0
11.75,8.571428571428571,97.23209454713009,286,59,0,0,229.03000000000003,39.0,0,0
11.75,8.571428571428571,97.24131911532861,286,59,0,0,243.34000000000003,42.00000000000001,0,0
11.77,8.571428571428571,97.23735978047884,286,59,0,0,257.65000000000003,45.00000000000001,0,0
11.77,8.571428571428571,97.2371666841365,286,59,0,0,271.96000000000004,48.00000000000001,0,0
11.77,8.571428571428571,97.24163601471017,286,59,0,0,286.27000000000004,51.00000000000001,0,0
11.77,8.571428571428571,97.24639492556625,286,59,0,0,300.58000000000004,54.00000000000001,0,0
11.77,8.571428571428571,97.25530377455956,286,59,0,0,314.89000000000004,57.000000000000014,0,0
11.77,8.571428571428571,97.26503025646953,286,59,0,0,329.20000000000005,60.00000000000001,0,0
11.77,8.571428571428571,97.27311038914004,286,59,0,0,343.51,63.0,0,0
11.77,8.571428571428571,97.28457632736497,286,59,0,0,357.82,66.0,0,0
11.77,8.571428571428571,97.29307019355188,286,59,0,0,372.13,69.0,0,0
11.77,8.571428571428571,97.3042942086458,287,59,0,0,386.44,72.0,0,0
11.78,8.571428571428571,97.30919401246136,287,59,0,0,400.75,75.0,0,0
11.78,8.571428571428571,97.32259650749995,287,59,0,0,415.06,78.0,0,0
11.78,8.571428571428571,97.32534657635777,287,59,0,0,429.37,81.0,0,0
11.78,8.571428571428571,97.33560760126551,287,59,0,0,443.68,84.0,0,0
11.78,8.571428571428571,97.34100631251366,287,59,0,0,457.99,87.0,0,0
11.78,8.571428571428571,97.34354292720472,287,59,0,0,472.3,90.0,0,0
11.78,8.571428571428571,97.35638067273592,287,59,0,0,486.61,93.0,0,0
11.78,8.571428571428571,97.36765550724722,287,59,0,0,500.92,96.0,0,0
11.78,8.571428571428571,97.37247319881783,287,59,0,0,515.23,99.0,0,0
11.78,8.571428571428571,97.37745700951743,287,59,0,0,520,100.0,0,0
11.80,8.571428571428571,97.36871528365036,287,59,0,0,505.69,97.0,0,0
11.80,8.571428571428571,97.36129975181098,287,60,0,0,491.38,94.0,0,0
11.80,8.571428571428571,97.35220684565837,287,60,0,0,477.07,91.0,0,0
11.80,8.571428571428571,97.34634919659733,287,60,0,0,462.76,88.0,0,0
11.80,8.571428571428571,97.34230804671019,287,60,0,0,448.45,85.0,0,0
11.80,8.571428571428571,97.33804286340109,287,60,0,0,434.14,82.0,0,0
11.80,8.571428571428571,97.33187170150273,287,60,0,0,419.83,79.0,0,0
11.80,8.571428571428571,97.32748417351235,287,60,0,0,405.52,76.0,0,0
11.80,8.571428571428571,97.32513429747793,287,60,0,0,391.21,73.0,0,0
11.80,8.571428571428571,97.31509468067117,287,60,0,0,376.9,70.0,0,0
11.82,8.571428571428571,97.30618996133673,287,60,0,0,362.59000000000003,67.0,0,0
11.82,8.571428571428571,97.29915614569853,287,60,0,0,348.28,63.99999999999999,0,0
11.82,8.571428571428571,97.29225220576504,287,60,0,0,333.96999999999997,60.99999999999999,0,0
11.82,8.571428571428571,97.28659194112538,287,60,0,0,319.65999999999997,57.99999999999999,0,0
11.82,8.571428571428571,97.28219628143582,287,60,0,0,305.34999999999997,54.99999999999999,0,0
11.82,8.571428571428571,97.27547631502041,287,60,0,0,291.03999999999996,51.99999999999999,0,0
11.82,8.571428571428571,97.27174027315695,287,60,0,0,276.7299999999999,48.99999999999998,0,0
11.82,8.571428571428571,97.26164689530441,287,60,0,0,262.4199999999999,45.99999999999997,0,0
11.82,8.571428571428571,97.25882003798304,287,60,0,0,248.10999999999984,42.99999999999997,0,0
11.82,8.571428571428571,97.25455392824477,287,60,0,0,233.79999999999984,39.99999999999997,0,0
11.83,8.571428571428571,97.24406558167115,287,61,0,0,219.48999999999984,36.999999999999964,0,0
11.83,8.571428571428571,97.23879346857736,287,61,0,0,205.1799999999999,33.99999999999997,0,0
11.83,8.571428571428571,97.23391562662786,287,61,0,0,190.8699999999999,30.99999999999997,0,0
11.83,8.571428571428571,97.22859490684968,287,61,0,0,176.55999999999983,27.99999999999997,0,0
11.83,8.571428571428571,97.22292300880474,287,61,0,0,162.24999999999983,24.99999999999997,0,0
11.83,8.571428571428571,97.22136487372633,287,61,0,0,147.93999999999988,21.99999999999997,0,0
11.83,8.571428571428571,97.21181072742927,287,61,0,0,133.62999999999988,18.99999999999997,0,0
11.83,8.571428571428571,97.21129649218695,287,61,0,0,119.31999999999988,15.999999999999972,0,0
11.83,8.571428571428571,97.21052238845235,287,61,0,0,105.00999999999982,12.999999999999972,0,0
11.83,8.571428571428571,97.20466603958918,287,61,0,0,90.69999999999987,9.999999999999972,0,0
11.85,8.571428571428571,97.19979719268738,287,61,0,0,76.38999999999987,6.999999999999972,0,0
11.85,8.571428571428571,97.19407270547286,287,61,0,0,62.07999999999987,3.9999999999999716,0,0
11.85,8.571428571428571,97.19046962708298,287,61,0,0,47.76999999999987,0.9999999999999716,0,0
11.85,8.571428571428571,97.17912972408682,287,61,0,0,43,0.0,0,0
11.85,8.571428571428571,97.18860514608582,287,61,0,0,57.31,3.0,0,0
11.85,8.571428571428571,97.19122679661132,287,61,0,0,71.62,6.0,0,0
11.85,8.571428571428571,97.1896275988997,288,61,0,0,85.93,9.0,0,0
11.85,8.571428571428571,97.19368566683869,288,61,0,0,100.24000000000001,12.0,0,0
11.85,8.571428571428571,97.19231077778832,289,61,0,0,114.55000000000001,15.0,0,0
11.85,8.571428571428571,97.19616553505554,289,61,0,0,128.86,18.0,0,0
11.87,8.571428571428571,97.19822859707718,290,61,0,0,143.16999999999996,21.0,0,0
11.87,8.571428571428571,97.19682831284773,290,61,0,0,157.48000000000002,24.0,0,0
11.87,8.571428571428571,97.20262020817198,290,61,0,0,171.79000000000002,27.0,0,0
11.87,8.571428571428571,97.20375139484145,290,61,0,0,186.10000000000002,30.0,0,0
11.87,8.571428571428571,97.20933285246764,291,61,0,0,200.40999999999997,33.0,0,0
11.87,8.571428571428571,97.20980402603399,291,61,0,0,214.71999999999997,36.0,0,0
11.87,8.571428571428571,97.20959962900385,291,61,0,0,229.03000000000003,39.0,0,0
11.87,8.571428571428571,97.20826412357205,291,61,0,0,243.34000000000003,42.00000000000001,0,0
11.88,8.571428571428571,97.21145157708148,291,61,0,0,257.65000000000003,45.00000000000001,0,0
11.88,8.571428571428571,97.21154179688922,291,61,0,0,271.96000000000004,48.00000000000001,0,0
11.88,8.571428571428571,97.22482223569541,291,61,0,0,286.27000000000004,51.00000000000001,0,0
11.88,8.571428571428571,97.2382751673732,291,61,0,0,300.58000000000004,54.00000000000001,0,0
11.88,8.571428571428571,97.24781578417553,291,62,0,0,314.89000000000004,57.000000000000014,0,0
11.88,8.571428571428571,97.25665068162526,291,62,0,0,329.20000000000005,60.00000000000001,0,0
11.88,8.571428571428571,97.26804116310183,291,62,0,0,343.51,63.0,0,0
11.88,8.571428571428571,97.27282900356828,291,62,0,0,357.82,66.0,0,0
11.88,8.571428571428571,97.27535581643414,292,62,0,0,372.13,69.0,0,0
11.90,8.571428571428571,97.28813058677312,292,62,0,0,386.44,72.0,0,0
11.90,8.571428571428571,97.29568873347779,292,62,0,0,400.75,75.0,0,0
11.90,8.571428571428571,97.30901889061501,292,62,0,0,415.06,78.0,0,0
11.90,8.571428571428571,97.31314686629065,292,62,0,0,429.37,81.0,0,0
11.90,8.571428571428571,97.31923580320058,292,62,0,0,443.68,84.0,0,0
11.90,8.571428571428571,97.32766475077689,292,62,0,0,457.99,87.0,0,0
11.90,8.571428571428571,97.33350893093694,292,62,0,0,472.3,90.0,0,0
11.90,8.571428571428571,97.34728830684654,292,62,0,0,486.61,93.0,0,0
11.90,8.571428571428571,97.35053861303504,292,62,0,0,500.92,96.0,0,0
11.90,8.571428571428571,97.3555491437406,292,62,0,0,515.23,99.0,0,0
11.92,8.571428571428571,97.36496088568403,292,62,0,0,520,100.0,0,0
11.92,8.571428571428571,97.36462866523645,292,62,0,0,505.69,97.0,0,0
11.92,8.571428571428571,97.36024765197574,292,62,0,0,491.38,94.0,0,0
11.92,8.571428571428571,97.35522268519328,292,62,0,0,477.07,91.0,0,0
11.92,8.571428571428571,97.34756852517859,292,62,0,0,462.76,88.0,0,0
11.92,8.571428571428571,97.33856925924806,292,62,0,0,448.45,85.0,0,0
11.92,8.571428571428571,97.33088240541088,292,62,0,0,434.14,82.0,0,0
11.92,8.571428571428571,97.31955423896424,292,62,0,0,419.83,79.0,0,0
11.92,8.571428571428571,97.31362949552378,292,62,0,0,405.52,76.0,0,0
11.92,8.571428571428571,97.30744499381726,293,62,0,0,391.21,73.0,0,0
11.93,8.571428571428571,97.30208790993392,293,62,0,0,376.9,70.0,0,0
11.93,8.571428571428571,97.29895457160306,293,62,0,0,362.59000000000003,67.0,0,0
11.93,8.571428571428571,97.29150426450227,293,62,0,0,348.28,63.99999999999999,0,0
11.93,8.571428571428571,97.28584478128171,293,62,0,0,333.96999999999997,60.99999999999999,0,0
11.93,8.571428571428571,97.28470303447519,293,62,0,0,319.65999999999997,57.99999999999999,0,0
11.93,8.571428571428571,97.27861787424291,293,62,0,0,305.34999999999997,54.99999999999999,0,0
11.93,8.571428571428571,97.27389065846364,293,62,0,0,291.03999999999996,51.99999999999999,0,0
11.93,8.571428571428571,97.26297231569008,293,62,0,0,276.7299999999999,48.99999999999998,0,0
11.93,8.571428571428571,97.25574933452778,293,62,0,0,262.4199999999999,45.99999999999997,0,0
11.93,8.571428571428571,97.24856031843672,293,62,0,0,248.10999999999984,42.99999999999997,0,0
11.95,8.571428571428571,97.24226795824109,293,62,0,0,233.79999999999984,39.99999999999997,0,0
11.95,8.571428571428571,97.23546862748321,293,62,0,0,219.48999999999984,36.999999999999964,0,0
11.95,8.571428571428571,97.22812872856967,293,62,0,0,205.1799999999999,33.99999999999997,0,0
11.95,8.571428571428571,97.22401727147793,293,62,0,0,190.8699999999999,30.99999999999997,0,0
11.95,8.571428571428571,97.21889811172711,293,62,0,0,176.55999999999983,27.99999999999997,0,0
11.95,8.571428571428571,97.21216648862831,293,62,0,0,162.24999999999983,24.99999999999997,0,0
11.95,8.571428571428571,97.20721360661203,293,62,0,0,147.93999999999988,21.99999999999997,0,0
11.95,8.571428571428571,97.19650194773489,293,62,0,0,133.62999999999988,18.99999999999997,0,0
11.95,8.571428571428571,97.1868234760747,293,62,0,0,119.31999999999988,15.999999999999972,0,0
11.95,8.571428571428571,97.18322608941529,293,62,0,0,105.00999999999982,12.999999999999972,0,0
11.97,8.571428571428571,97.17781272285134,293,62,0,0,90.69999999999987,9.999999999999972,0,0
11.97,8.571428571428571,97.17295467314298,293,62,0,0,76.38999999999987,6.999999999999972,0,0
11.97,8.571428571428571,97.16883783038836,293,62,0,0,62.07999999999987,3.9999999999999716,0,0
11.97,8.571428571428571,97.16760583982415,293,62,0,0,47.76999999999987,0.9999999999999716,0,0
11.97,8.571428571428571,97.16518853990242,293,62,0,0,43,0.0,0,0
11.97,8.571428571428571,97.16353692884684,293,62,0,0,57.31,3.0,0,0
11.97,8.571428571428571,97.16820843217623,293,62,0,0,71.62,6.0,0,0
11.97,8.571428571428571,97.17245479678114,293,62,0,0,85.93,9.0,0,0
11.97,8.571428571428571,97.16955414776534,293,62,0,0,100.24000000000001,12.0,0,0
11.97,8.571428571428571,97.17528557178368,293,62,0,0,114.55000000000001,15.0,0,0
11.98,8.571428571428571,97.17961677130607,293,62,0,0,128.86,18.0,0,0
11.98,8.571428571428571,97.18622961045419,293,62,0,0,143.16999999999996,21.0,0,0
11.98,8.571428571428571,97.18833143870447,293,62,0,0,157.48000000000002,24.0,0,0
11.98,8.571428571428571,97.18996689295442,293,62,0,0,171.79000000000002,27.0,0,0
11.98,8.571428571428571,97.19186792424976,293,62,0,0,186.10000000000002,30.0,0,0
11.98,8.571428571428571,97.18991871151825,293,62,0,0,200.40999999999997,33.0,0,0
11.98,8.571428571428571,97.19194497117992,293,62,0,0,214.71999999999997,36.0,0,0
11.98,8.571428571428571,97.18916940408576,293,62,0,0,229.03000000000003,39.0,0,0
11.98,8.571428571428571,97.19227311386673,293,62,0,0,243.34000000000003,42.00000000000001,0,0
11.98,8.571428571428571,97.19938072361931,293,62,0,0,257.65000000000003,45.00000000000001,0,0
12.00,8.571428571428571,97.19988524659352,293,62,0,0,271.96000000000004,48.00000000000001,0,0
12.00,8.571428571428571,97.20962162940837,293,62,0,0,286.27000000000004,51.00000000000001,0,0
12.00,8.571428571428571,97.21767687874944,293,62,0,0,300.58000000000004,54.00000000000001,0,0
12.00,8.571428571428571,97.23063152866123,293,62,0,0,314.89000000000004,57.000000000000014,0,0
12.00,8.571428571428571,97.24351065210897,293,62,0,0,329.20000000000005,60.00000000000001,0,0
12.00,8.571428571428571,97.2527489171305,293,62,0,0,343.51,63.0,0,0
12.00,8.571428571428571,97.26853358372935,293,62,0,0,357.82,66.0,0,0
12.00,8.571428571428571,97.28297402544165,294,62,0,0,372.13,69.0,0,0
12.00,8.571428571428571,97.29691081547064,294,62,0,0,386.44,72.0,0,0
12.00,8.571428571428571,97.30165772884678,294,62,0,0,400.75,75.0,0,0
12.02,8.571428571428571,97.31146025442283,294,62,0,0,415.06,78.0,0,0
12.02,8.571428571428571,97.32202429702008,294,62,0,0,429.37,81.0,0,0
12.02,8.571428571428571,97.33258120951245,294,62,0,0,443.68,84.0,0,0
12.02,8.571428571428571,97.33531914167229,294,62,0,0,457.99,87.0,0,0
12.02,8.571428571428571,97.342304800484,294,62,0,0,472.3,90.0,0,0
12.02,8.571428571428571,97.34682423625084,294,62,0,0,486.61,93.0,0,0
12.02,8.571428571428571,97.35473917531361,294,62,0,0,500.92,96.0,0,0
12.02,8.571428571428571,97.37004067920181,294,62,0,0,515.23,99.0,0,0
12.02,8.571428571428571,97.37735217417499,294,62,0,0,520,100.0,0,0
12.02,8.571428571428571,97.37372331498257,294,62,0,0,505.69,97.0,0,0
12.03,8.571428571428571,97.36486932667766,294,62,0,0,491.38,94.0,0,0
12.03,8.571428571428571,97.35381799383153,294,62,0,0,477.07,91.0,0,0
12.03,8.571428571428571,97.34859007843464,294,62,0,0,462.76,88.0,0,0
12.03,8.571428571428571,97.34533061806955,294,62,0,0,448.45,85.0,0,0
12.03,8.571428571428571,97.34494951167942,294,62,0,0,434.14,82.0,0,0
12.03,8.571428571428571,97.33754877878295,294,62,0,0,419.83,79.0,0,0
12.03,8.571428571428571,97.33185940690805,294,62,0,0,405.52,76.0,0,0
12.03,8.571428571428571,97.33050377274486,294,62,0,0,391.21,73.0,0,0
12.03,8.571428571428571,97.32312082579554,294,62,0,0,376.9,70.0,0,0
12.03,8.571428571428571,97.32291949842916,294,62,0,0,362.59000000000003,67.0,0,0
12.05,8.571428571428571,97.31438507707243,294,62,0,0,348.28,63.99999999999999,0,0
12.05,8.571428571428571,97.30825756206247,294,62,0,0,333.96999999999997,60.99999999999999,0,0
12.05,8.571428571428571,97.30434962990888,294,62,0,0,319.65999999999997,57.99999999999999,0,0
12.05,8.571428571428571,97.29747297273033,294,62,0,0,305.34999999999997,54.99999999999999,0,0
12.05,8.571428571428571,97.29187045409067,294,62,0,0,291.03999999999996,51.99999999999999,0,0
12.05,8.571428571428571,97.2834982908087,294,62,0,0,276.7299999999999,48.99999999999998,0,0
12.05,8.571428571428571,97.27568274083478,294,62,0,0,262.4199999999999,45.99999999999997,0,0
12.05,8.571428571428571,97.26964855692387,294,62,0,0,248.10999999999984,42.99999999999997,0,0
12.05,8.571428571428571,97.25994101853766,294,62,0,0,233.79999999999984,39.99999999999997,0,0
12.05,8.571428571428571,97.24987572456054,294,62,0,0,219.48999999999984,36.999999999999964,0,0
12.07,8.571428571428571,97.24500795224836,294,62,0,0,205.1799999999999,33.99999999999997,0,0
12.07,8.571428571428571,97.24014126259088,294,62,0,0,190.8699999999999,30.99999999999997,0,0
12.07,8.571428571428571,97.23128059943855,294,62,0,0,176.55999999999983,27.99999999999997,0,0
12.07,8.571428571428571,97.2276184938898,295,62,0,0,162.24999999999983,24.99999999999997,0,0
12.07,8.571428571428571,97.22164579521058,295,62,0,0,147.93999999999988,21.99999999999997,0,0
12.07,8.571428571428571,97.21667641189792,295,62,0,0,133.62999999999988,18.99999999999997,0,0
12.07,8.571428571428571,97.20819598417677,295,62,0,0,119.31999999999988,15.999999999999972,0,0
12.07,8.571428571428571,97.20153952252703,295,62,0,0,105.00999999999982,12.999999999999972,0,0
12.07,8.571428571428571,97.19223001004947,295,62,0,0,90.69999999999987,9.999999999999972,0,0
12.07,8.571428571428571,97.18370823718242,295,62,0,0,76.38999999999987,6.999999999999972,0,0
12.08,8.571428571428571,97.1775822265914,295,62,0,0,62.07999999999987,3.9999999999999716,0,0
12.08,8.571428571428571,97.17004094018155,295,62,0,0,47.76999999999987,0.9999999999999716,0,0
12.08,8.571428571428571,97.16715931061644,295,62,0,0,43,0.0,0,0
12.08,8.571428571428571,97.17451886676612,295,62,0,0,57.31,3.0,0,0
12.08,8.571428571428571,97.17756672989388,295,62,0,0,71.62,6.0,0,0
12.08,8.571428571428571,97.17885498763778,296,62,0,0,85.93,9.0,0,0
12.08,8.571428571428571,97.18066841968029,296,62,0,0,100.24000000000001,12.0,0,0
12.08,8.571428571428571,97.18417565601406,296,62,0,0,114.55000000000001,15.0,0,0
12.08,8.571428571428571,97.19101076437845,296,62,0,0,128.86,18.0,0,0
12.08,8.571428571428571,97.19501862954792,296,62,0,0,143.16999999999996,21.0,0,0
12.10,8.571428571428571,97.19498824142966,296,62,0,0,157.48000000000002,24.0,0,0
12.10,8.571428571428571,97.20074093996776,296,62,0,0,171.79000000000002,27.0,0,0
12.10,8.571428571428571,97.20336233193751,296,62,0,0,186.10000000000002,30.0,0,0
12.10,8.571428571428571,97.20481234302376,296,62,0,0,200.40999999999997,33.0,0,0
12.10,8.571428571428571,97.20850274826977,296,62,0,0,214.71999999999997,36.0,0,0
12.10,8.571428571428571,97.211594281159,296,62,0,0,229.03000000000003,39.0,0,0
12.10,8.571428571428571,97.21389781949387,296,62,0,0,243.34000000000003,42.00000000000001,0,0
12.10,8.571428571428571,97.21207064646384,296,62,0,0,257.65000000000003,45.00000000000001,0,0
12.10,8.571428571428571,97.21042443444992,296,62,0,0,271.96000000000004,48.00000000000001,0,0
12.10,8.571428571428571,97.21987728084818,296,62,0,0,286.27000000000004,51.00000000000001,0,0
12.12,8.571428571428571,97.22498077483152,296,62,0,0,300.58000000000004,54.00000000000001,0,0
12.12,8.571428571428571,97.23181279869496,296,62,0,0,314.89000000000004,57.000000000000014,0,0
12.12,8.571428571428571,97.24122442422411,297,62,0,0,329.20000000000005,60.00000000000001,0,0
12.12,8.571428571428571,97.24818035475462,297,62,0,0,343.51,63.0,0,0
12.12,8.571428571428571,97.25689618983984,297,62,0,0,357.82,66.0,0,0
12.12,8.571428571428571,97.26457884770305,297,62,0,0,372.13,69.0,0,0
12.12,8.571428571428571,97.27517664956267,297,62,0,0,386.44,72.0,0,0
12.12,8.571428571428571,97.28574715601123,297,62,0,0,400.75,75.0,0,0
12.12,8.571428571428571,97.29486117893002,297,62,0,0,415.06,78.0,0,0
12.12,8.571428571428571,97.29656316776291,297,62,0,0,429.37,81.0,0,0
12.13,8.571428571428571,97.3090721124186,297,62,0,0,443.68,84.0,0,0
12.13,8.571428571428571,97.3137533430626,297,62,0,0,457.99,87.0,0,0
12.13,8.571428571428571,97.32716545823551,297,62,0,0,472.3,90.0,0,0
12.13,8.571428571428571,97.33249149978495,297,62,0,0,486.61,93.0,0,0
12.13,8.571428571428571,97.33940573996823,297,62,0,0,500.92,96.0,0,0
12.13,8.571428571428571,97.3511165628111,297,62,0,0,515.23,99.0,0,0
12.13,8.571428571428571,97.35486328606737,297,62,0,0,520,100.0,0,0
12.13,8.571428571428571,97.34851574687886,297,62,0,0,505.69,97.0,0,0
12.13,8.571428571428571,97.33879893418063,297,62,0,0,491.38,94.0,0,0
12.13,8.571428571428571,97.3361348517381,297,62,0,0,477.07,91.0,0,0
12.15,8.571428571428571,97.32561639062395,297,62,0,0,462.76,88.0,0,0
12.15,8.571428571428571,97.32044974910384,297,62,0,0,448.45,85.0,0,0
12.15,8.571428571428571,97.31683830033775,297,62,0,0,434.14,82.0,0,0
12.15,8.571428571428571,97.31375143253689,297,62,0,0,419.83,79.0,0,0
12.15,8.571428571428571,97.3083087475217,297,62,0,0,405.52,76.0,0,0
12.15,8.571428571428571,97.3003232738868,297,62,0,0,391.21,73.0,0,0
12.15,8.571428571428571,97.29369003620258,297,62,0,0,376.9,70.0,0,0
12.15,8.571428571428571,97.2896383044494,297,62,0,0,362.59000000000003,67.0,0,0
12.15,8.571428571428571,97.28206124065193,297,62,0,0,348.28,63.99999999999999,0,0
12.15,8.571428571428571,97.28093254766506,297,62,0,0,333.96999999999997,60.99999999999999,0,0
12.17,8.571428571428571,97.27358598209649,297,62,0,0,319.65999999999997,57.99999999999999,0,0
12.17,8.571428571428571,97.26263521115541,297,62,0,0,305.34999999999997,54.99999999999999,0,0
12.17,8.571428571428571,97.25302497258663,297,62,0,0,291.03999999999996,51.99999999999999,0,0
12.17,8.571428571428571,97.24746370649494,297,62,0,0,276.7299999999999,48.99999999999998,0,0
12.17,8.571428571428571,97.24127167233631,297,62,0,0,262.4199999999999,45.99999999999997,0,0
12.17,8.571428571428571,97.2333356409367,297,62,0,0,248.10999999999984,42.99999999999997,0,0
12.17,8.571428571428571,97.22669598225467,297,62,0,0,233.79999999999984,39.99999999999997,0,0
12.17,8.571428571428571,97.21866608705989,297,62,0,0,219.48999999999984,36.999999999999964,0,0
12.17,8.571428571428571,97.20857851271664,297,62,0,0,205.1799999999999,33.99999999999997,0,0
12.17,8.571428571428571,97.20400452785971,297,62,0,0,190.8699999999999,30.99999999999997,0,0
12.18,8.571428571428571,97.19789376330404,297,62,0,0,176.55999999999983,27.99999999999997,0,0
12.18,8.571428571428571,97.18767300582503,297,62,0,0,162.24999999999983,24.99999999999997,0,0
12.18,8.571428571428571,97.1816502343309,297,62,0,0,147.93999999999988,21.99999999999997,0,0
12.18,8.571428571428571,97.17579788763895,297,62,0,0,133.62999999999988,18.99999999999997,0,0
12.18,8.571428571428571,97.171456073267,297,62,0,0,119.31999999999988,15.999999999999972,0,0
12.18,8.571428571428571,97.1696619833024,297,62,0,0,105.00999999999982,12.999999999999972,0,0
12.18,8.571428571428571,97.16412482303384,297,62,0,0,90.69999999999987,9.999999999999972,0,0
12.18,8.571428571428571,97.16396110155648,297,62,0,0,76.38999999999987,6.999999999999972,0,0
12.18,8.571428571428571,97.15835716300688,297,62,0,0,62.07999999999987,3.9999999999999716,0,0
12.20,8.571428571428571,97.14924672340132,298,62,0,0,47.76999999999987,0.9999999999999716,0,0
12.20,8.571428571428571,97.14399387930753,298,62,0,0,43,0.0,0,0
12.20,8.571428571428571,97.15211142804573,298,62,0,0,57.31,3.0,0,0
12.20,8.571428571428571,97.1487322548178,298,62,0,0,71.62,6.0,0,0
12.20,8.571428571428571,97.15190758874593,298,62,0,0,85.93,9.0,0,0
12.20,8.571428571428571,97.15486496060076,298,62,0,0,100.24000000000001,12.0,0,0
12.20,8.571428571428571,97.154491573727,298,62,0,0,114.55000000000001,15.0,0,0
12.20,8.571428571428571,97.15935644747918,298,62,0,0,128.86,18.0,0,0
12.20,8.571428571428571,97.15550090751964,298,62,0,0,143.16999999999996,21.0,0,0
12.20,8.571428571428571,97.15794850542107,298,62,0,0,157.48000000000002,24.0,0,0
12.22,8.571428571428571,97.16049260210366,298,62,0,0,171.79000000000002,27.0,0,0
12.22,8.571428571428571,97.16419508669401,298,62,0,0,186.10000000000002,30.0,0,0
12.22,8.571428571428571,97.17228715387421,298,62,0,0,200.40999999999997,33.0,0,0
12.22,8.571428571428571,97.17331072217301,298,62,0,0,214.71999999999997,36.0,0,0
12.22,8.571428571428571,97.17966825113163,298,62,0,0,229.03000000000003,39.0,0,0
12.22,8.571428571428571,97.18526826538813,298,62,0,0,243.34000000000003,42.00000000000001,0,0
12.22,8.571428571428571,97.18812847862526,298,62,0,0,257.65000000000003,45.00000000000001,0,0
12.22,8.571428571428571,97.19296134099952,298,62,0,0,271.96000000000004,48.00000000000001,0,0
12.22,8.571428571428571,97.20244624297388,298,62,0,0,286.27000000000004,51.00000000000001,0,0
12.22,8.571428571428571,97.21039165284319,298,62,0,0,300.58000000000004,54.00000000000001,0,0
12.23,8.571428571428571,97.22108844093002,298,62,0,0,314.89000000000004,57.000000000000014,0,0
12.23,8.571428571428571,97.22763888503069,298,62,0,0,329.20000000000005,60.00000000000001,0,0
12.23,8.571428571428571,97.2418342736521,298,62,0,0,343.51,63.0,0,0
12.23,8.571428571428571,97.2545162206212,298,62,0,0,357.82,66.0,0,0
12.23,8.571428571428571,97.26144861329412,298,62,0,0,372.13,69.0,0,0
12.23,8.571428571428571,97.27502647167462,298,62,0,0,386.44,72.0,0,0
12.23,8.571428571428571,97.28314090100898,298,62,0,0,400.75,75.0,0,0
12.23,8.571428571428571,97.28969281317177,298,62,0,0,415.06,78.0,0,0
12.23,8.571428571428571,97.30148894556017,298,62,0,0,429.37,81.0,0,0
12.23,8.571428571428571,97.30671326269763,298,62,0,0,443.68,84.0,0,0
12.25,8.571428571428571,97.3170632275937,298,62,0,0,457.99,87.0,0,0
12.25,8.571428571428571,97.32103574514556,298,62,0,0,472.3,90.0,0,0
12.25,8.571428571428571,97.328732149797,298,62,0,0,486.61,93.0,0,0
12.25,8.571428571428571,97.3370036005902,298,62,0,0,500.92,96.0,0,0
12.25,8.571428571428571,97.34292135465581,298,63,0,0,515.23,99.0,0,0
12.25,8.571428571428571,97.35367304597743,298,63,0,0,520,100.0,0,0
12.25,8.571428571428571,97.34282955817505,298,63,0,0,505.69,97.0,0,0
12.25,8.571428571428571,97.33555266448624,298,63,0,0,491.38,94.0,0,0
12.25,8.571428571428571,97.32459755365169,298,63,0,0,477.07,91.0,0,0
12.25,8.571428571428571,97.3187490795593,298,63,0,0,462.76,88.0,0,0
12.27,8.571428571428571,97.31044926220181,298,63,0,0,448.45,85.0,0,0
12.27,8.571428571428571,97.30448824685429,298,63,0,0,434.14,82.0,0,0
12.27,8.571428571428571,97.30233793852027,298,63,0,0,419.83,79.0,0,0
12.27,8.571428571428571,97.29386357637719,298,63,0,0,405.52,76.0,0,0
12.27,8.571428571428571,97.28656890724231,298,63,0,0,391.21,73.0,0,0
12.27,8.571428571428571,97.2747888390761,298,63,0,0,376.9,70.0,0,0
12.27,8.571428571428571,97.26325841195222,298,63,0,0,362.59000000000003,67.0,0,0
12.27,8.571428571428571,97.25479406721111,298,63,0,0,348.28,63.99999999999999,0,0
12.27,8.571428571428571,97.24725140474673,298,63,0,0,333.96999999999997,60.99999999999999,0,0
12.27,8.571428571428571,97.23695763816855,298,63,0,0,319.65999999999997,57.99999999999999,0,0
12.28,8.571428571428571,97.232342740224,298,63,0,0,305.34999999999997,54.99999999999999,0,0
12.28,8.571428571428571,97.22726368103218,299,63,0,0,291.03999999999996,51.99999999999999,0,0
12.28,8.571428571428571,97.21801469356056,299,63,0,0,276.7299999999999,48.99999999999998,0,0
12.28,8.571428571428571,97.21133989966869,299,63,0,0,262.4199999999999,45.99999999999997,0,0
12.28,8.571428571428571,97.20444813398366,299,63,0,0,248.10999999999984,42.99999999999997,0,0
12.28,8.571428571428571,97.197563226132,299,63,0,0,233.79999999999984,39.99999999999997,0,0
12.28,8.571428571428571,97.19043507053892,299,63,0,0,219.48999999999984,36.999999999999964,0,0
12.28,8.571428571428571,97.18454224969827,299,63,0,0,205.1799999999999,33.99999999999997,0,0
12.28,8.571428571428571,97.17866059017554,299,63,0,0,190.8699999999999,30.99999999999997,0,0
12.28,8.571428571428571,97.17597554496994,299,63,0,0,176.55999999999983,27.99999999999997,0,0
12.30,8.571428571428571,97.16823957891863,300,63,0,0,162.24999999999983,24.99999999999997,0,0
12.30,8.571428571428571,97.16472044957412,300,63,0,0,147.93999999999988,21.99999999999997,0,0
12.30,8.571428571428571,97.15692475447277,300,63,0,0,133.62999999999988,18.99999999999997,0,0
12.30,8.571428571428571,97.1474317758279,300,63,0,0,119.31999999999988,15.999999999999972,0,0
12.30,8.571428571428571,97.14148702288026,300,63,0,0,105.00999999999982,12.999999999999972,0,0
12.30,8.571428571428571,97.13523662568844,300,63,0,0,90.69999999999987,9.999999999999972,0,0
12.30,8.571428571428571,97.12604491584891,300,63,0,0,76.38999999999987,6.999999999999972,0,0
12.30,8.571428571428571,97.11997273670306,301,63,0,0,62.07999999999987,3.9999999999999716,0,0
12.30,8.571428571428571,97.1142782911383,301,63,0,0,47.76999999999987,0.9999999999999716,0,0
12.30,8.571428571428571,97.10962096984119,301,63,0,0,43,0.0,0,0
12.32,8.571428571428571,97.11390254279478,301,63,0,0,57.31,3.0,0,0
12.32,8.571428571428571,97.11323716308956,301,63,0,0,71.62,6.0,0,0
12.32,8.571428571428571,97.11181532571764,301,63,0,0,85.93,9.0,0,0
12.32,8.571428571428571,97.11190108633258,301,63,0,0,100.24000000000001,12.0,0,0
12.32,8.571428571428571,97.11589368510599,302,63,0,0,114.55000000000001,15.0,0,0
12.32,8.571428571428571,97.11790275174306,302,63,0,0,128.86,18.0,0,0
12.32,8.571428571428571,97.12705335158172,302,63,0,0,143.16999999999996,21.0,0,0
12.32,8.571428571428571,97.13219403378771,302,63,0,0,157.48000000000002,24.0,0,0
12.32,8.571428571428571,97.13685386926664,302,63,0,0,171.79000000000002,27.0,0,0
12.32,8.571428571428571,97.13619046693238,302,63,0,0,186.10000000000002,30.0,0,0
12.33,8.571428571428571,97.14331690927102,302,63,0,0,200.40999999999997,33.0,0,0
12.33,8.571428571428571,97.14444772588641,302,63,0,0,214.71999999999997,36.0,0,0
12.33,8.571428571428571,97.14887985245947,302,63,0,0,229.03000000000003,39.0,0,0
12.33,8.571428571428571,97.15146917164398,302,63,0,0,243.34000000000003,42.00000000000001,0,0
12.33,8.571428571428571,97.14902107859906,302,63,0,0,257.65000000000003,45.00000000000001,0,0
12.33,8.571428571428571,97.14859488073932,302,63,0,0,271.96000000000004,48.00000000000001,0,0
12.33,8.571428571428571,97.15486964805375,302,63,0,0,286.27000000000004,51.00000000000001,0,0
12.33,8.571428571428571,97.16411418623589,302,63,0,0,300.58000000000004,54.00000000000001,0,0
12.33,8.571428571428571,97.17176669217481,302,63,0,0,314.89000000000004,57.000000000000014,0,0
12.33,8.571428571428571,97.17403752015886,302,63,0,0,329.20000000000005,60.00000000000001,0,0
12.35,8.571428571428571,97.18840589725745,302,63,0,0,343.51,63.0,0,0
12.35,8.571428571428571,97.19739898518425,302,63,0,0,357.82,66.0,0,0
12.35,8.571428571428571,97.20826608231634,302,63,0,0,372.13,69.0,0,0
12.35,8.571428571428571,97.21991391889932,302,63,0,0,386.44,72.0,0,0
12.35,8.571428571428571,97.22316088667674,302,63,0,0,400.75,75.0,0,0
12.35,8.571428571428571,97.22643106184812,302,63,0,0,415.06,78.0,0,0
12.35,8.571428571428571,97.23330119036211,302,63,0,0,429.37,81.0,0,0
12.35,8.571428571428571,97.24223694170264,302,63,0,0,443.68,84.0,0,0
12.35,8.571428571428571,97.25636949251528,303,63,0,0,457.99,87.0,0,0
12.35,8.571428571428571,97.2683253196465,304,63,0,0,472.3,90.0,0,0
12.37,8.571428571428571,97.27032727140964,304,63,0,0,486.61,93.0,0,0
12.37,8.571428571428571,97.2778237716924,304,63,0,0,500.92,96.0,0,0
12.37,8.571428571428571,97.28637506952848,304,63,0,0,515.23,99.0,0,0
12.37,8.571428571428571,97.29489009181943,304,63,0,0,520,100.0,0,0
12.37,8.571428571428571,97.2855354943568,304,63,0,0,505.69,97.0,0,0
12.37,8.571428571428571,97.28012993376424,304,63,0,0,491.38,94.0,0,0
12.37,8.571428571428571,97.2797005194238,304,63,0,0,477.07,91.0,0,0
12.37,8.571428571428571,97.27404801351979,304,63,0,0,462.76,88.0,0,0
12.37,8.571428571428571,97.26278306212845,304,63,0,0,448.45,85.0,0,0
12.37,8.571428571428571,97.2588447716077,304,63,0,0,434.14,82.0,0,0
12.38,8.571428571428571,97.25173889885983,304,63,0,0,419.83,79.0,0,0
12.38,8.571428571428571,97.24737258031882,304,63,0,0,405.52,76.0,0,0
12.38,8.571428571428571,97.23981313844735,304,63,0,0,391.21,73.0,0,0
12.38,8.571428571428571,97.2353869282347,304,63,0,0,376.9,70.0,0,0
12.38,8.571428571428571,97.23080244309683,304,63,0,0,362.59000000000003,67.0,0,0
12.38,8.571428571428571,97.22415779073283,304,63,0,0,348.28,63.99999999999999,0,0
12.38,8.571428571428571,97.22027998300159,304,63,0,0,333.96999999999997,60.99999999999999,0,0
12.38,8.571428571428571,97.21133344857749,304,63,0,0,319.65999999999997,57.99999999999999,0,0
12.38,8.571428571428571,97.20673356097817,304,63,0,0,305.34999999999997,54.99999999999999,0,0
12.38,8.571428571428571,97.19995645192945,304,63,0,0,291.03999999999996,51.99999999999999,0,0
12.40,8.571428571428571,97.19561709924645,304,63,0,0,276.7299999999999,48.99999999999998,0,0
12.40,8.571428571428571,97.19176259687333,305,63,0,0,262.4199999999999,45.99999999999997,0,0
12.40,8.571428571428571,97.18620024768083,305,63,0,0,248.10999999999984,42.99999999999997,0,0
12.40,8.571428571428571,97.17889249864986,305,63,0,0,233.79999999999984,39.99999999999997,0,0
12.40,8.571428571428571,97.17180762711912,305,63,0,0,219.48999999999984,36.999999999999964,0,0
12.40,8.571428571428571,97.1680574023082,305,63,0,0,205.1799999999999,33.99999999999997,0,0
12.40,8.571428571428571,97.16283547979654,305,63,0,0,190.8699999999999,30.99999999999997,0,0
12.40,8.571428571428571,97.15382022262953,305,63,0,0,176.55999999999983,27.99999999999997,0,0
12.40,8.571428571428571,97.14729523715192,305,63,0,0,162.24999999999983,24.99999999999997,0,0
12.40,8.571428571428571,97.1385137290098,305,63,0,0,147.93999999999988,21.99999999999997,0,0
12.42,8.571428571428571,97.13215445025587,305,63,0,0,133.62999999999988,18.99999999999997,0,0
12.42,8.571428571428571,97.12795568679516,305,63,0,0,119.31999999999988,15.999999999999972,0,0
12.42,8.571428571428571,97.12414155603294,305,63,0,0,105.00999999999982,12.999999999999972,0,0
12.42,8.571428571428571,97.11939995822031,305,63,0,0,90.69999999999987,9.999999999999972,0,0
12.42,8.571428571428571,97.11942156699027,305,63,0,0,76.38999999999987,6.999999999999972,0,0
12.42,8.571428571428571,97.11059201126481,305,63,0,0,62.07999999999987,3.9999999999999716,0,0
12.42,8.571428571428571,97.10407065285713,305,63,0,0,47.76999999999987,0.9999999999999716,0,0
12.42,8.571428571428571,97.09762011366547,305,63,0,0,43,0.0,0,0
12.42,8.571428571428571,97.09959623122347,305,63,0,0,57.31,3.0,0,0
12.42,8.571428571428571,97.09963735550966,305,63,0,0,71.62,6.0,0,0
12.43,8.571428571428571,97.10734594486604,305,63,0,0,85.93,9.0,0,0
12.43,8.571428571428571,97.1140559234593,305,63,0,0,100.24000000000001,12.0,0,0
12.43,8.571428571428571,97.11897048630294,305,63,0,0,114.55000000000001,15.0,0,0
12.43,8.571428571428571,97.11769584038466,305,63,0,0,128.86,18.0,0,0
12.43,8.571428571428571,97.12044737474267,305,63,0,0,143.16999999999996,21.0,0,0
12.43,8.571428571428571,97.11681401288229,305,63,0,0,157.48000000000002,24.0,0,0
12.43,8.571428571428571,97.12048324805605,305,63,0,0,171.79000000000002,27.0,0,0
12.43,8.571428571428571,97.12251627435818,305,63,0,0,186.10000000000002,30.0,0,0
12.43,8.571428571428571,97.12726752474796,305,63,0,0,200.40999999999997,33.0,0,0
12.43,8.571428571428571,97.12623090834057,305,63,0,0,214.71999999999997,36.0,0,0
12.45,8.571428571428571,97.1276246605656,305,63,0,0,229.03000000000003,39.0,0,0
12.45,8.571428571428571,97.12797185159152,305,63,0,0,243.34000000000003,42.00000000000001,0,0
12.45,8.571428571428571,97.13002205420653,305,63,0,0,257.65000000000003,45.00000000000001,0,0
12.45,8.571428571428571,97.12864100725987,305,63,0,0,271.96000000000004,48.00000000000001,0,0
12.45,8.571428571428571,97.13972008184328,305,63,0,0,286.27000000000004,51.00000000000001,0,0
12.45,8.571428571428571,97.14967605796453,305,63,0,0,300.58000000000004,54.00000000000001,0,0
12.45,8.571428571428571,97.15608080833007,305,63,0,0,314.89000000000004,57.000000000000014,0,0
12.45,8.571428571428571,97.16179378267152,305,63,0,0,329.20000000000005,60.00000000000001,0,0
12.45,8.571428571428571,97.17776258475095,305,63,0,0,343.51,63.0,0,0
12.45,8.571428571428571,97.18778480478828,306,63,0,0,357.82,66.0,0,0
12.47,8.571428571428571,97.19795166500798,306,63,0,0,372.13,69.0,0,0
12.47,8.571428571428571,97.20586139227807,306,63,0,0,386.44,72.0,0,0
12.47,8.571428571428571,97.2159031713042,306,63,0,0,400.75,75.0,0,0
12.47,8.571428571428571,97.22093437487308,306,63,0,0,415.06,78.0,0,0
12.47,8.571428571428571,97.23382268296896,306,63,0,0,429.37,81.0,0,0
12.47,8.571428571428571,97.24256821652156,306,63,0,0,443.68,84.0,0,0
12.47,8.571428571428571,97.24735712150121,306,63,0,0,457.99,87.0,0,0
12.47,8.571428571428571,97.25262432070896,306,63,0,0,472.3,90.0,0,0
12.47,8.571428571428571,97.26193369869236,306,63,0,0,486.61,93.0,0,0
12.47,8.571428571428571,97.26934074792713,307,63,0,0,500.92,96.0,0,0
12.48,8.571428571428571,97.27612351790636,307,63,0,0,515.23,99.0,0,0
12.48,8.571428571428571,97.28315750950092,307,63,0,0,520,100.0,0,0
12.48,8.571428571428571,97.27454192778441,307,63,0,0,505.69,97.0,0,0
12.48,8.571428571428571,97.26788697091108,307,63,0,0,491.38,94.0,0,0
12.48,8.571428571428571,97.2629228598084,307,63,0,0,477.07,91.0,0,0
12.48,8.571428571428571,97.25375080141131,307,63,0,0,462.76,88.0,0,0
12.48,8.571428571428571,97.24333310525793,307,63,0,0,448.45,85.0,0,0
12.48,8.571428571428571,97.2353017612366,307,63,0,0,434.14,82.0,0,0
12.48,8.571428571428571,97.23301479044599,307,63,0,0,419.83,79.0,0,0
12.48,8.571428571428571,97.22830548059767,307,63,0,0,405.52,76.0,0,0
12.50,8.571428571428571,97.21908662084066,308,63,0,0,391.21,73.0,0,0
12.50,8.571428571428571,97.2081191588003,308,63,0,0,376.9,70.0,0,0
12.50,8.571428571428571,97.20138608865646,308,63,0,0,362.59000000000003,67.0,0,0
12.50,8.571428571428571,97.19325700504467,308,63,0,0,348.28,63.99999999999999,0,0
12.50,8.571428571428571,97.19162960614915,308,63,0,0,333.96999999999997,60.99999999999999,0,0
12.50,8.571428571428571,97.18827449842937,308,63,0,0,319.65999999999997,57.99999999999999,0,0
12.50,8.571428571428571,97.17831911422918,308,63,0,0,305.34999999999997,54.99999999999999,0,0
12.50,8.571428571428571,97.17217125616502,308,63,0,0,291.03999999999996,51.99999999999999,0,0
12.50,8.571428571428571,97.16174464921127,308,64,0,0,276.7299999999999,48.99999999999998,0,0
12.50,8.571428571428571,97.1551919060013,308,64,0,0,262.4199999999999,45.99999999999997,0,0
12.52,8.571428571428571,97.14984288376158,308,64,0,0,248.10999999999984,42.99999999999997,0,0
12.52,8.571428571428571,97.14386212975789,308,64,0,0,233.79999999999984,39.99999999999997,0,0
12.52,8.571428571428571,97.13820474118491,308,64,0,0,219.48999999999984,36.999999999999964,0,0
12.52,8.571428571428571,97.12942703666741,308,64,0,0,205.1799999999999,33.99999999999997,0,0
12.52,8.571428571428571,97.12464036801953,308,64,0,0,190.8699999999999,30.99999999999997,0,0
12.52,8.571428571428571,97.11987666217229,308,64,0,0,176.55999999999983,27.99999999999997,0,0
12.52,8.571428571428571,97.11169711490288,308,64,0,0,162.24999999999983,24.99999999999997,0,0
12.52,8.571428571428571,97.10696548774192,308,64,0,0,147.93999999999988,21.99999999999997,0,0
12.52,8.571428571428571,97.10098211719843,308,64,0,0,133.62999999999988,18.99999999999997,0,0
12.52,8.571428571428571,97.09825789928625,308,64,0,0,119.31999999999988,15.999999999999972,0,0
12.53,8.571428571428571,97.08884749549863,308,64,0,0,105.00999999999982,12.999999999999972,0,0
12.53,8.571428571428571,97.08811623945755,308,64,0,0,90.69999999999987,9.999999999999972,0,0
12.53,8.571428571428571,97.08469576335023,309,64,0,0,76.38999999999987,6.999999999999972,0,0
12.53,8.571428571428571,97.08161110934908,309,64,0,0,62.07999999999987,3.9999999999999716,0,0
12.53,8.571428571428571,97.07829462398672,309,64,0,0,47.76999999999987,0.9999999999999716,0,0
12.53,8.571428571428571,97.07241889703214,309,64,0,0,43,0.0,0,0
12.53,8.571428571428571,97.07746536444789,309,64,0,0,57.31,3.0,0,0
12.53,8.571428571428571,97.07771349244932,309,64,0,0,71.62,6.0,0,0
12.53,8.571428571428571,97.08350265739165,309,64,0,0,85.93,9.0,0,0
12.53,8.571428571428571,97.08140135281245,309,64,0,0,100.24000000000001,12.0,0,0
12.55,8.571428571428571,97.08270059925609,309,64,0,0,114.55000000000001,15.0,0,0
12.55,8.571428571428571,97.08478509479595,309,64,0,0,128.86,18.0,0,0
12.55,8.571428571428571,97.08821883219987,310,64,0,0,143.16999999999996,21.0,0,0
12.55,8.571428571428571,97.09272071096275,310,64,0,0,157.48000000000002,24.0,0,0
12.55,8.571428571428571,97.09539822664847,310,64,0,0,171.79000000000002,27.0,0,0
12.55,8.571428571428571,97.10274716498364,311,64,0,0,186.10000000000002,30.0,0,0
12.55,8.571428571428571,97.09860867098973,311,64,0,0,200.40999999999997,33.0,0,0
12.55,8.571428571428571,97.1000220737665,311,64,0,0,214.71999999999997,36.0,0,0
12.55,8.571428571428571,97.10430265235043,311,64,0,0,229.03000000000003,39.0,0,0
12.55,8.571428571428571,97.11055177300439,311,64,0,0,243.34000000000003,42.00000000000001,0,0
12.57,8.571428571428571,97.11452383470619,311,64,0,0,257.65000000000003,45.00000000000001,0,0
12.57,8.571428571428571,97.11742572710908,311,64,0,0,271.96000000000004,48.00000000000001,0,0
12.57,8.571428571428571,97.13182491134437,311,64,0,0,286.27000000000004,51.00000000000001,0,0
12.57,8.571428571428571,97.14611425669294,311,64,0,0,300.58000000000004,54.00000000000001,0,0
12.57,8.571428571428571,97.15792580805575,311,64,0,0,314.89000000000004,57.000000000000014,0,0
12.57,8.571428571428571,97.16252670192077,311,64,0,0,329.20000000000005,60.00000000000001,0,0
12.57,8.571428571428571,97.17204367412634,311,64,0,0,343.51,63.0,0,0
12.57,8.571428571428571,97.1741162849067,311,64,0,0,357.82,66.0,0,0
12.57,8.571428571428571,97.18217111944362,311,64,0,0,372.13,69.0,0,0
12.58,8.571428571428571,97.19408387366164,311,64,0,0,386.44,72.0,0,0
12.58,8.571428571428571,97.20618778993496,311,64,0,0,400.75,75.0,0,0
12.58,8.571428571428571,97.21347527391565,311,64,0,0,415.06,78.0,0,0
12.58,8.571428571428571,97.22267657161362,311,64,0,0,429.37,81.0,0,0
12.58,8.571428571428571,97.23235281542482,311,64,0,0,443.68,84.0,0,0
12.58,8.571428571428571,97.24175924581311,311,64,0,0,457.99,87.0,0,0
12.58,8.571428571428571,97.24983655534466,311,64,0,0,472.3,90.0,0,0
12.58,8.571428571428571,97.2568389957917,311,64,0,0,486.61,93.0,0,0
12.58,8.571428571428571,97.26043384026359,311,64,0,0,500.92,96.0,0,0
12.58,8.571428571428571,97.2668041119628,311,64,0,0,515.23,99.0,0,0
12.60,8.571428571428571,97.27782697485023,311,64,0,0,520,100.0,0,0
12.60,8.571428571428571,97.27355894392359,311,64,0,0,505.69,97.0,0,0
12.60,8.571428571428571,97.26429555286872,311,64,0,0,491.38,94.0,0,0
12.60,8.571428571428571,97.25707883449655,311,64,0,0,477.07,91.0,0,0
12.60,8.571428571428571,97.25548188960443,311,64,0,0,462.76,88.0,0,0
12.60,8.571428571428571,97.25353384054011,311,64,0,0,448.45,85.0,0,0
12.60,8.571428571428571,97.24720160058908,311,64,0,0,434.14,82.0,0,0
12.60,8.571428571428571,97.24173154045059,311,64,0,0,419.83,79.0,0,0
12.60,8.571428571428571,97.24094267221933,311,64,0,0,405.52,76.0,0,0
12.60,8.571428571428571,97.23869846035916,311,64,0,0,391.21,73.0,0,0
12.62,8.571428571428571,97.23443384283448,311,64,0,0,376.9,70.0,0,0
12.62,8.571428571428571,97.22969922088441,311,64,0,0,362.59000000000003,67.0,0,0
12.62,8.571428571428571,97.21872444270456,311,64,0,0,348.28,63.99999999999999,0,0
12.62,8.571428571428571,97.2079263127845,311,64,0,0,333.96999999999997,60.99999999999999,0,0
12.62,8.571428571428571,97.20711952384121,311,64,0,0,319.65999999999997,57.99999999999999,0,0
12.62,8.571428571428571,97.19985563098676,311,64,0,0,305.34999999999997,54.99999999999999,0,0
12.62,8.571428571428571,97.19318263067412,311,64,0,0,291.03999999999996,51.99999999999999,0,0
12.62,8.571428571428571,97.18558284202139,311,64,0,0,276.7299999999999,48.99999999999998,0,0
12.62,8.571428571428571,97.18140390265843,311,64,0,0,262.4199999999999,45.99999999999997,0,0
12.62,8.571428571428571,97.17823139857637,311,64,0,0,248.10999999999984,42.99999999999997,0,0
12.63,8.571428571428571,97.17582727215726,311,64,0,0,233.79999999999984,39.99999999999997,0,0
12.63,8.571428571428571,97.16906541266432,311,64,0,0,219.48999999999984,36.999999999999964,0,0
12.63,8.571428571428571,97.16129380448845,311,64,0,0,205.1799999999999,33.99999999999997,0,0
12.63,8.571428571428571,97.15905823126349,311,64,0,0,190.8699999999999,30.99999999999997,0,0
12.63,8.571428571428571,97.15635283648147,311,64,0,0,176.55999999999983,27.99999999999997,0,0
12.63,8.571428571428571,97.14923816503388,311,64,0,0,162.24999999999983,24.99999999999997,0,0
12.63,8.571428571428571,97.1458109705373,311,64,0,0,147.93999999999988,21.99999999999997,0,0
12.63,8.571428571428571,97.13928248928792,311,64,0,0,133.62999999999988,18.99999999999997,0,0
12.63,8.571428571428571,97.13113346125128,311,64,0,0,119.31999999999988,15.999999999999972,0,0
12.63,8.571428571428571,97.12573088613593,311,64,0,0,105.00999999999982,12.999999999999972,0,0
12.65,8.571428571428571,97.12007899321881,312,64,0,0,90.69999999999987,9.999999999999972,0,0
12.65,8.571428571428571,97.11207191947567,312,64,0,0,76.38999999999987,6.999999999999972,0,0
12.65,8.571428571428571,97.1091013731591,312,64,0,0,62.07999999999987,3.9999999999999716,0,0
12.65,8.571428571428571,97.1025255071212,312,64,0,0,47.76999999999987,0.9999999999999716,0,0
12.65,8.571428571428571,97.09686366212098,312,64,0,0,43,0.0,0,0
12.65,8.571428571428571,97.10360020669503,312,64,0,0,57.31,3.0,0,0
12.65,8.571428571428571,97.1064974943487,312,64,0,0,71.62,6.0,0,0
12.65,8.571428571428571,97.10842583265296,312,64,0,0,85.93,9.0,0,0
12.65,8.571428571428571,97.11156213181022,312,64,0,0,100.24000000000001,12.0,0,0
12.65,8.571428571428571,97.11651152711313,312,64,0,0,114.55000000000001,15.0,0,0
12.67,8.571428571428571,97.11897695273379,312,64,0,0,128.86,18.0,0,0
12.67,8.571428571428571,97.11681069607312,312,64,0,0,143.16999999999996,21.0,0,0
12.67,8.571428571428571,97.11843115737702,312,64,0,0,157.48000000000002,24.0,0,0
12.67,8.571428571428571,97.12095445532701,312,64,0,0,171.79000000000002,27.0,0,0
12.67,8.571428571428571,97.12472847439088,312,64,0,0,186.10000000000002,30.0,0,0
12.67,8.571428571428571,97.13062460489466,312,64,0,0,200.40999999999997,33.0,0,0
12.67,8.571428571428571,97.1372653525048,312,64,0,0,214.71999999999997,36.0,0,0
12.67,8.571428571428571,97.13946038944,312,64,0,0,229.03000000000003,39.0,0,0
12.67,8.571428571428571,97.14381432288069,312,64,0,0,243.34000000000003,42.00000000000001,0,0
12.67,8.571428571428571,97.14064111318474,312,64,0,0,257.65000000000003,45.00000000000001,0,0
12.68,8.571428571428571,97.1437506517132,312,64,0,0,271.96000000000004,48.00000000000001,0,0
12.68,8.571428571428571,97.1525998625795,312,64,0,0,286.27000000000004,51.00000000000001,0,0
12.68,8.571428571428571,97.16052804465788,312,64,0,0,300.58000000000004,54.00000000000001,0,0
12.68,8.571428571428571,97.17032665537893,312,64,0,0,314.89000000000004,57.000000000000014,0,0
12.68,8.571428571428571,97.17724704505693,312,64,0,0,329.20000000000005,60.00000000000001,0,0
12.68,8.571428571428571,97.1898363234521,312,64,0,0,343.51,63.0,0,0
12.68,8.571428571428571,97.19817294183768,312,64,0,0,357.82,66.0,0,0
12.68,8.571428571428571,97.20188793148115,312,64,0,0,372.13,69.0,0,0
12.68,8.571428571428571,97.21216491530731,312,64,0,0,386.44,72.0,0,0
12.68,8.571428571428571,97.21575802495704,312,64,0,0,400.75,75.0,0,0
12.70,8.571428571428571,97.21960441113227,312,64,0,0,415.06,78.0,0,0
12.70,8.571428571428571,97.23290099789546,312,64,0,0,429.37,81.0,0,0
12.70,8.571428571428571,97.24473212093415,312,64,0,0,443.68,84.0,0,0
12.70,8.571428571428571,97.24984051181553,312,64,0,0,457.99,87.0,0,0
12.70,8.571428571428571,97.2601608031129,312,64,0,0,472.3,90.0,0,0
12.70,8.571428571428571,97.27236367925165,312,64,0,0,486.61,93.0,0,0
12.70,8.571428571428571,97.2814352756214,312,64,0,0,500.92,96.0,0,0
12.70,8.571428571428571,97.29090905507618,312,64,0,0,515.23,99.0,0,0
12.70,8.571428571428571,97.29728454162026,312,64,0,0,520,100.0,0,0
12.70,8.571428571428571,97.29366971354709,312,64,0,0,505.69,97.0,0,0
12.72,8.571428571428571,97.2908620848415,312,64,0,0,491.38,94.0,0,0
12.72,8.571428571428571,97.28714309523697,312,64,0,0,477.07,91.0,0,0
12.72,8.571428571428571,97.28293235379225,312,64,0,0,462.76,88.0,0,0
12.72,8.571428571428571,97.28076355805523,312,64,0,0,448.45,85.0,0,0
12.72,8.571428571428571,97.27619075954107,312,64,0,0,434.14,82.0,0,0
12.72,8.571428571428571,97.2715380581478,312,64,0,0,419.83,79.0,0,0
12.72,8.571428571428571,97.2677885387981,312,64,0,0,405.52,76.0,0,0
12.72,8.571428571428571,97.26162189920863,312,64,0,0,391.21,73.0,0,0
12.72,8.571428571428571,97.25204376753376,312,64,0,0,376.9,70.0,0,0
12.72,8.571428571428571,97.24258879554677,312,64,0,0,362.59000000000003,67.0,0,0
12.73,8.571428571428571,97.23597217495046,312,64,0,0,348.28,63.99999999999999,0,0
12.73,8.571428571428571,97.2281797336463,312,64,0,0,333.96999999999997,60.99999999999999,0,0
12.73,8.571428571428571,97.22258946901522,312,64,0,0,319.65999999999997,57.99999999999999,0,0
12.73,8.571428571428571,97.21842363059888,312,64,0,0,305.34999999999997,54.99999999999999,0,0
12.73,8.571428571428571,97.21329708020107,312,64,0,0,291.03999999999996,51.99999999999999,0,0
12.73,8.571428571428571,97.20782281775367,312,64,0,0,276.7299999999999,48.99999999999998,0,0
12.73,8.571428571428571,97.19861852799508,312,64,0,0,262.4199999999999,45.99999999999997,0,0
12.73,8.571428571428571,97.197263868302,312,64,0,0,248.10999999999984,42.99999999999997,0,0
12.73,8.571428571428571,97.19037107532542,312,64,0,0,233.79999999999984,39.99999999999997,0,0
12.73,8.571428571428571,97.18382778704988,312,64,0,0,219.48999999999984,36.999999999999964,0,0
12.75,8.571428571428571,97.18051579748465,312,64,0,0,205.1799999999999,33.99999999999997,0,0
12.75,8.571428571428571,97.1721148309273,312,64,0,0,190.8699999999999,30.99999999999997,0,0
12.75,8.571428571428571,97.16532397383735,312,64,0,0,176.55999999999983,27.99999999999997,0,0
12.75,8.571428571428571,97.16045032893537,312,64,0,0,162.24999999999983,24.99999999999997,0,0
12.75,8.571428571428571,97.15534883971493,312,64,0,0,147.93999999999988,21.99999999999997,0,0
12.75,8.571428571428571,97.14963376472568,312,64,0,0,133.62999999999988,18.99999999999997,0,0
12.75,8.571428571428571,97.14735818725029,312,64,0,0,119.31999999999988,15.999999999999972,0,0
12.75,8.571428571428571,97.1416890511764,312,64,0,0,105.00999999999982,12.999999999999972,0,0
12.75,8.571428571428571,97.13485342995487,312,64,0,0,90.69999999999987,9.999999999999972,0,0
