Time Elapsed (min),Stroke Rate,Average Power,Score,Misses,Handle Force (ai20),Handle Position (ai21),Raw Seat Position (ai22),Converted Seat Position,Left Foot Force (ai16),Right Foot Force (ai18)
0.00,0,0,0,0,0,0,128.86,18.0,0,0
0.00,26.517927570789276,106.9488909497475,0,0,0,0,143.16999999999996,21.0,0,0
0.00,28.480227434456065,121.18076383415489,0,0,0,0,157.48000000000002,24.0,0,0
0.00,29.78101962307381,122.21545170753329,0,0,0,0,171.79000000000002,27.0,0,0
0.00,30.022786317943122,116.86781053163209,0,0,0,0,186.10000000000002,30.0,0,0
0.00,31.305754970178253,114.37684279124532,0,0,0,0,200.40999999999997,33.0,0,0
0.00,32.13055693617413,117.50604835388799,0,0,0,0,214.71999999999997,36.0,0,0
0.00,33.08687089021067,119.00241401094354,0,0,0,0,229.03000000000003,39.0,0,0
0.00,32.81937268427945,118.28977306747753,0,0,0,0,243.34000000000003,42.00000000000001,0,0
0.00,32.46953126064779,117.97895759183157,0,0,0,0,257.65000000000003,45.00000000000001,0,0
0.02,32.43899452446927,119.58097878413756,0,0,0,0,271.96000000000004,48.00000000000001,0,0
0.02,33.78547958276947,125.34980764517543,0,0,0,0,286.27000000000004,51.00000000000001,0,0
0.02,32.77039440885536,124.49582477575413,0,0,0,0,300.58000000000004,54.00000000000001,0,0
0.02,33.93091453982954,127.12785647116303,0,0,0,0,314.89000000000004,57.000000000000014,0,0
0.02,32.66620346407276,130.5008554915707,0,0,0,0,329.20000000000005,60.00000000000001,0,0
0.02,31.279396646583322,130.55107726909787,0,0,0,0,343.51,63.0,0,0
0.02,29.933683189613227,130.08129156628195,0,0,0,0,357.82,66.0,0,0
0.02,28.039187911187458,130.7844314290422,0,0,0,0,372.13,69.0,0,0
0.02,26.346032683921777,132.11746663006363,0,0,0,0,386.44,72.0,0,0
0.02,26.044750988931053,134.01441046065028,0,0,0,0,400.75,75.0,0,0
0.03,27.149554914249567,135.29502788854577,0,0,0,0,415.06,78.0,0,0
0.03,27.47280019948794,135.56557806187243,0,0,0,0,429.37,81.0,0,0
0.03,26.707222743224836,137.1070515404518,0,0,0,0,443.68,84.0,0,0
0.03,25.75874007903873,139.00225898531863,0,0,0,0,457.99,87.0,0,0
0.03,27.566181209250377,140.4497718748717,0,0,0,0,472.3,90.0,0,0
0.03,28.434252928293837,143.30878575216994,0,0,0,0,486.61,93.0,0,0
0.03,28.969482643571926,143.04213530414927,0,0,0,0,500.92,96.0,0,0
0.03,28.47130883448168,143.00182850696973,0,0,0,0,515.23,99.0,0,0
0.03,30.000762571391494,145.2019464803659,0,0,0,0,520,100.0,0,0
0.03,28.319068268570888,142.33612142912082,0,0,0,0,505.69,97.0,0,0
0.05,28.81605879997543,139.6626043571609,0,0,0,0,491.38,94.0,0,0
0.05,27.441279151152454,138.1771078063191,0,0,0,0,477.07,91.0,0,0
0.05,26.908181961077002,135.76300049695368,0,0,0,0,462.76,88.0,0,0
0.05,28.735372220810216,132.6836914168165,0,0,0,0,448.45,85.0,0,0
0.05,28.494871100869307,130.5773113714976,1,0,0,0,434.14,82.0,0,0
0.05,26.532050919383497,127.88046295639303,1,0,0,0,419.83,79.0,0,0
0.05,27.33083069717457,125.80466741331158,1,0,0,0,405.52,76.0,0,0
0.05,26.301152825862438,123.81719433325743,1,0,0,0,391.21,73.0,0,0
0.05,25.59287864337002,122.13411884895125,1,0,0,0,376.9,70.0,0,0
0.05,26.37482963670458,120.40822316331023,1,0,0,0,362.59000000000003,67.0,0,0
0.07,28.32538131481925,118.82639312300141,1,0,0,0,348.28,63.99999999999999,0,0
0.07,26.746995233647446,117.66039579284762,1,0,0,0,333.96999999999997,60.99999999999999,0,0
0.07,25.462844329968256,116.39565960919091,1,0,0,0,319.65999999999997,57.99999999999999,0,0
0.07,26.761588832074523,115.28297917387772,1,0,0,0,305.34999999999997,54.99999999999999,0,0
0.07,25.305698889870843,113.19381540978569,1,0,0,0,291.03999999999996,51.99999999999999,0,0
0.07,23.711740456101186,111.78803851397711,1,0,0,0,276.7299999999999,48.99999999999998,0,0
0.07,24.40446501960885,109.88049708551527,1,0,0,0,262.4199999999999,45.99999999999997,0,0
0.07,26.015135089093228,108.90668197022774,1,0,0,0,248.10999999999984,42.99999999999997,0,0
0.07,26.317503531265118,108.44068061024511,1,0,0,0,233.79999999999984,39.99999999999997,0,0
0.07,27.353350537041585,107.30442154864248,1,0,0,0,219.48999999999984,36.999999999999964,0,0
0.08,26.780895286183075,106.29086573488742,1,0,0,0,205.1799999999999,33.99999999999997,0,0
0.08,26.82755252501987,105.14630774190078,1,0,0,0,190.8699999999999,30.99999999999997,0,0
0.08,27.93924509815902,104.77094292340273,1,0,0,0,176.55999999999983,27.99999999999997,0,0
0.08,27.5045868326996,103.75988201417573,1,0,0,0,162.24999999999983,24.99999999999997,0,0
0.08,28.85532112330464,102.54237815935944,1,0,0,0,147.93999999999988,21.99999999999997,0,0
0.08,26.916835689357974,101.39379920783207,2,0,0,0,133.62999999999988,18.99999999999997,0,0
0.08,25.687790129871097,100.15608641430671,2,0,0,0,119.31999999999988,15.999999999999972,0,0
0.08,27.097791699451992,99.97043101996532,2,0,0,0,105.00999999999982,12.999999999999972,0,0
0.08,27.52315070939254,99.3812680977782,2,0,0,0,90.69999999999987,9.999999999999972,0,0
0.08,27.976656587373846,98.18646527761095,2,0,0,0,76.38999999999987,6.999999999999972,0,0
0.10,28.211706487655295,97.54582110662741,2,0,0,0,62.07999999999987,3.9999999999999716,0,0
0.10,30.125034757856135,96.88961157460471,2,0,0,0,47.76999999999987,0.9999999999999716,0,0
0.10,28.602343971470997,95.99826389737345,2,0,0,0,43,0.0,0,0
0.10,29.0964480477721,96.5537547407152,3,0,0,0,57.31,3.0,0,0
0.10,28.206007513918898,96.8788873436347,3,0,0,0,71.62,6.0,0,0
0.10,27.95393560732515,96.4693846642838,3,0,0,0,85.93,9.0,0,0
0.10,26.622463815903814,96.91497770072621,3,0,0,0,100.24000000000001,12.0,0,0
0.10,28.576100302077574,97.62182892342219,3,0,0,0,114.55000000000001,15.0,0,0
0.10,29.185831717956816,97.28790528269431,3,0,0,0,128.86,18.0,0,0
0.10,28.30592104396937,97.84870735896311,3,0,0,0,143.16999999999996,21.0,0,0
0.12,28.97394669656745,98.65850464380567,3,0,0,0,157.48000000000002,24.0,0,0
0.12,28.36066783296697,98.75660825750519,3,0,0,0,171.79000000000002,27.0,0,0
0.12,26.562224212943242,99.09116125581502,3,0,0,0,186.10000000000002,30.0,0,0
0.12,27.03725079658177,99.29010905836532,3,0,0,0,200.40999999999997,33.0,0,0
0.12,25.109955829737387,99.1605295336826,3,0,0,0,214.71999999999997,36.0,0,0
0.12,23.822144272859983,99.07973143577466,3,0,0,0,229.03000000000003,39.0,0,0
0.12,25.099549828777437,99.13895724901477,3,0,0,0,243.34000000000003,42.00000000000001,0,0
0.12,24.512276276993692,99.70114593590638,3,0,0,0,257.65000000000003,45.00000000000001,0,0
0.12,25.626394987545417,99.73868912246355,3,0,0,0,271.96000000000004,48.00000000000001,0,0
0.12,24.737960905133495,100.38397821960476,3,0,0,0,286.27000000000004,51.00000000000001,0,0
0.13,24.841576706277003,101.44893076978383,3,0,0,0,300.58000000000004,54.00000000000001,0,0
0.13,23.61585698261839,102.34832326929839,3,0,0,0,314.89000000000004,57.000000000000014,0,0
0.13,23.66110311766298,103.49671147754093,3,0,0,0,329.20000000000005,60.00000000000001,0,0
0.13,24.874349660735998,104.38525235098693,3,0,0,0,343.51,63.0,0,0
0.13,24.33741900753141,104.90973732579495,3,0,0,0,357.82,66.0,0,0
0.13,23.560549158595528,105.89821457552739,3,0,0,0,372.13,69.0,0,0
0.13,23.3148385988829,106.37176460451589,3,0,0,0,386.44,72.0,0,0
0.13,22.936807343169157,107.1377850462547,3,0,0,0,400.75,75.0,0,0
0.13,22.54255810578688,107.69944261981402,3,0,0,0,415.06,78.0,0,0
0.13,23.399121090912423,108.62498100682775,3,0,0,0,429.37,81.0,0,0
0.15,22.494455119258724,109.0981133948391,3,0,0,0,443.68,84.0,0,0
0.15,20.871179101304936,109.96792208686217,3,0,0,0,457.99,87.0,0,0
0.15,22.73835923194609,110.21604806629429,3,0,0,0,472.3,90.0,0,0
0.15,22.365538344522157,110.83066393243094,3,0,0,0,486.61,93.0,0,0
0.15,23.55462743145041,111.58256499993497,3,0,0,0,500.92,96.0,0,0
0.15,23.050312427161888,112.22138062136315,3,0,0,0,515.23,99.0,0,0
0.15,8.571428571428571,112.72237104804222,3,0,0,0,520,100.0,0,0
0.15,8.571428571428571,111.90300567737594,3,0,0,0,505.69,97.0,0,0
0.15,8.571428571428571,111.22856986297339,3,0,0,0,491.38,94.0,0,0
0.15,8.571428571428571,110.93502012282477,3,0,0,0,477.07,91.0,0,0
0.17,8.571428571428571,110.33985605538835,3,0,0,0,462.76,88.0,0,0
0.17,8.571428571428571,109.50781491688078,3,0,0,0,448.45,85.0,0,0
0.17,8.571428571428571,108.98186586380315,3,0,0,0,434.14,82.0,0,0
0.17,8.571428571428571,108.74467235523827,3,0,0,0,419.83,79.0,0,0
0.17,8.571428571428571,107.92747748446612,3,0,0,0,405.52,76.0,0,0
0.17,8.571428571428571,107.79503246991455,3,0,0,0,391.21,73.0,0,0
0.17,8.571428571428571,107.34652470453638,3,0,0,0,376.9,70.0,0,0
0.17,8.571428571428571,106.7728392546702,3,0,0,0,362.59000000000003,67.0,0,0
0.17,8.571428571428571,105.98381005838621,3,0,0,0,348.28,63.99999999999999,0,0
0.17,8.571428571428571,105.72655099358835,3,0,0,0,333.96999999999997,60.99999999999999,0,0
0.18,8.571428571428571,105.51952612291748,3,0,0,0,319.65999999999997,57.99999999999999,0,0
0.18,8.571428571428571,105.10140713621772,3,0,0,0,305.34999999999997,54.99999999999999,0,0
0.18,8.571428571428571,104.80840252297587,3,0,0,0,291.03999999999996,51.99999999999999,0,0
0.18,8.571428571428571,104.49280573795347,3,0,0,0,276.7299999999999,48.99999999999998,0,0
0.18,8.571428571428571,103.95406681603997,4,0,0,0,262.4199999999999,45.99999999999997,0,0
0.18,8.571428571428571,103.68372246234922,4,0,0,0,248.10999999999984,42.99999999999997,0,0
0.18,8.571428571428571,103.16139161259233,4,0,0,0,233.79999999999984,39.99999999999997,0,0
0.18,8.571428571428571,102.75545502584829,4,0,0,0,219.48999999999984,36.999999999999964,0,0
0.18,8.571428571428571,102.54522821532538,4,0,0,0,205.1799999999999,33.99999999999997,0,0
0.18,8.571428571428571,102.4358458991151,4,0,0,0,190.8699999999999,30.99999999999997,0,0
0.20,8.571428571428571,101.84804393713468,4,0,0,0,176.55999999999983,27.99999999999997,0,0
0.20,8.571428571428571,101.40498100196967,4,0,0,0,162.24999999999983,24.99999999999997,0,0
0.20,8.571428571428571,100.96964898504177,4,0,0,0,147.93999999999988,21.99999999999997,0,0
0.20,8.571428571428571,100.48747298103213,4,0,0,0,133.62999999999988,18.99999999999997,0,0
0.20,8.571428571428571,99.92483630504992,4,0,0,0,119.31999999999988,15.999999999999972,0,0
0.20,8.571428571428571,99.68940285088716,4,0,0,0,105.00999999999982,12.999999999999972,0,0
0.20,8.571428571428571,99.55748482966722,4,0,0,0,90.69999999999987,9.999999999999972,0,0
0.20,8.571428571428571,98.94990111566287,4,0,0,0,76.38999999999987,6.999999999999972,0,0
0.20,8.571428571428571,98.62136808019004,4,0,0,0,62.07999999999987,3.9999999999999716,0,0
0.20,8.571428571428571,97.97209763592758,4,0,0,0,47.76999999999987,0.9999999999999716,0,0
0.22,8.571428571428571,97.7981682764003,4,0,0,0,43,0.0,0,0
0.22,8.571428571428571,97.70442976007195,4,0,0,0,57.31,3.0,0,0
0.22,8.571428571428571,97.96767211413182,4,0,0,0,71.62,6.0,0,0
0.22,8.571428571428571,97.97610102854306,4,0,0,0,85.93,9.0,0,0
0.22,8.571428571428571,98.14979437723875,4,0,0,0,100.24000000000001,12.0,0,0
0.22,8.571428571428571,98.14823627297763,4,0,0,0,114.55000000000001,15.0,0,0
0.22,8.571428571428571,98.10768417410885,4,0,0,0,128.86,18.0,0,0
0.22,8.571428571428571,98.04496118126578,4,0,0,0,143.16999999999996,21.0,0,0
0.22,8.571428571428571,98.22545985707515,4,0,0,0,157.48000000000002,24.0,0,0
0.22,8.571428571428571,98.49701873666474,5,0,0,0,171.79000000000002,27.0,0,0
0.23,8.571428571428571,98.7657413511897,5,0,0,0,186.10000000000002,30.0,0,0
0.23,8.571428571428571,98.91895941361518,5,0,0,0,200.40999999999997,33.0,0,0
0.23,8.571428571428571,98.87364532073018,5,0,0,0,214.71999999999997,36.0,0,0
0.23,8.571428571428571,98.75318114825704,5,0,0,0,229.03000000000003,39.0,0,0
0.23,8.571428571428571,99.03632382065612,5,0,0,0,243.34000000000003,42.00000000000001,0,0
0.23,8.571428571428571,98.96769725025258,5,0,0,0,257.65000000000003,45.00000000000001,0,0
0.23,8.571428571428571,98.91774276571944,5,0,0,0,271.96000000000004,48.00000000000001,0,0
0.23,8.571428571428571,99.28383934722555,5,0,0,0,286.27000000000004,51.00000000000001,0,0
0.23,8.571428571428571,99.5725302262293,5,0,0,0,300.58000000000004,54.00000000000001,0,0
0.23,8.571428571428571,99.85654099939481,6,0,0,0,314.89000000000004,57.000000000000014,0,0
0.25,8.571428571428571,100.4562002711354,6,0,0,0,329.20000000000005,60.00000000000001,0,0
0.25,8.571428571428571,100.72908662821554,6,0,0,0,343.51,63.0,0,0
0.25,8.571428571428571,101.24492697154913,6,0,0,0,357.82,66.0,0,0
0.25,8.571428571428571,101.61099481424311,6,1,0,0,372.13,69.0,0,0
0.25,8.571428571428571,102.28947392846837,6,1,0,0,386.44,72.0,0,0
0.25,8.571428571428571,102.49781254732278,6,1,0,0,400.75,75.0,0,0
0.25,8.571428571428571,103.18935216073092,6,1,0,0,415.06,78.0,0,0
0.25,8.571428571428571,103.60038200387643,6,1,0,0,429.37,81.0,0,0
0.25,8.571428571428571,103.82103557378623,6,1,0,0,443.68,84.0,0,0
0.25,8.571428571428571,103.97717222405117,6,1,0,0,457.99,87.0,0,0
0.27,8.571428571428571,104.33018088703068,6,1,0,0,472.3,90.0,0,0
0.27,8.571428571428571,104.66713153806735,6,1,0,0,486.61,93.0,0,0
0.27,8.571428571428571,105.02430406157119,6,1,0,0,500.92,96.0,0,0
0.27,8.571428571428571,105.36065016776138,6,1,0,0,515.23,99.0,0,0
0.27,8.571428571428571,105.56637392268014,6,1,0,0,520,100.0,0,0
0.27,8.571428571428571,105.40364090679441,6,1,0,0,505.69,97.0,0,0
0.27,8.571428571428571,105.12808015382068,6,1,0,0,491.38,94.0,0,0
0.27,8.571428571428571,104.76930876932954,7,1,0,0,477.07,91.0,0,0
0.27,8.571428571428571,104.63093505947418,7,1,0,0,462.76,88.0,0,0
0.27,8.571428571428571,104.36072095962591,7,1,0,0,448.45,85.0,0,0
0.28,8.571428571428571,104.07428718558714,7,1,0,0,434.14,82.0,0,0
0.28,8.571428571428571,103.7310758384972,7,1,0,0,419.83,79.0,0,0
0.28,8.571428571428571,103.56713669499588,7,1,0,0,405.52,76.0,0,0
0.28,8.571428571428571,103.09389504182315,7,1,0,0,391.21,73.0,0,0
0.28,8.571428571428571,102.89417683064711,7,1,0,0,376.9,70.0,0,0
0.28,8.571428571428571,102.75534359847984,7,1,0,0,362.59000000000003,67.0,0,0
0.28,8.571428571428571,102.47836145242184,7,1,0,0,348.28,63.99999999999999,0,0
0.28,8.571428571428571,101.99477421164714,7,1,0,0,333.96999999999997,60.99999999999999,0,0
0.28,8.571428571428571,101.82672832253947,7,1,0,0,319.65999999999997,57.99999999999999,0,0
0.28,8.571428571428571,101.373059804669,7,1,0,0,305.34999999999997,54.99999999999999,0,0
0.30,8.571428571428571,101.17450867799484,7,1,0,0,291.03999999999996,51.99999999999999,0,0
0.30,8.571428571428571,101.06439816049185,7,1,0,0,276.7299999999999,48.99999999999998,0,0
0.30,8.571428571428571,100.8526364546986,7,1,0,0,262.4199999999999,45.99999999999997,0,0
0.30,8.571428571428571,100.57225201392535,7,1,0,0,248.10999999999984,42.99999999999997,0,0
0.30,8.571428571428571,100.39724828693463,7,1,0,0,233.79999999999984,39.99999999999997,0,0
0.30,8.571428571428571,99.969779427047,8,1,0,0,219.48999999999984,36.999999999999964,0,0
0.30,8.571428571428571,99.81519404619186,8,1,0,0,205.1799999999999,33.99999999999997,0,0
0.30,8.571428571428571,99.63745247501485,8,1,0,0,190.8699999999999,30.99999999999997,0,0
0.30,8.571428571428571,99.40340208939142,8,1,0,0,176.55999999999983,27.99999999999997,0,0
0.30,8.571428571428571,99.15876388057089,8,1,0,0,162.24999999999983,24.99999999999997,0,0
0.32,8.571428571428571,98.88867823775855,8,1,0,0,147.93999999999988,21.99999999999997,0,0
0.32,8.571428571428571,98.57468156893322,8,1,0,0,133.62999999999988,18.99999999999997,0,0
0.32,8.571428571428571,98.20439162580662,9,1,0,0,119.31999999999988,15.999999999999972,0,0
0.32,8.571428571428571,98.0982202860948,9,1,0,0,105.00999999999982,12.999999999999972,0,0
0.32,8.571428571428571,98.03989745990032,9,1,0,0,90.69999999999987,9.999999999999972,0,0
0.32,8.571428571428571,97.92305571996583,9,1,0,0,76.38999999999987,6.999999999999972,0,0
0.32,8.571428571428571,97.6151966741226,9,1,0,0,62.07999999999987,3.9999999999999716,0,0
0.32,8.571428571428571,97.29145206011827,9,1,0,0,47.76999999999987,0.9999999999999716,0,0
0.32,8.571428571428571,97.17237771274677,9,2,0,0,43,0.0,0,0
0.32,8.571428571428571,97.19482656198022,9,2,0,0,57.31,3.0,0,0
0.33,8.571428571428571,97.38092509132515,9,2,0,0,71.62,6.0,0,0
0.33,8.571428571428571,97.64796631955593,9,2,0,0,85.93,9.0,0,0
0.33,8.571428571428571,97.64959222536399,9,2,0,0,100.24000000000001,12.0,0,0
0.33,8.571428571428571,97.65974958027819,9,2,0,0,114.55000000000001,15.0,0,0
0.33,8.571428571428571,97.52638362749154,9,2,0,0,128.86,18.0,0,0
0.33,8.571428571428571,97.63269146939159,9,2,0,0,143.16999999999996,21.0,0,0
0.33,8.571428571428571,97.65920449106517,9,2,0,0,157.48000000000002,24.0,0,0
0.33,8.571428571428571,97.73203552862711,9,2,0,0,171.79000000000002,27.0,0,0
0.33,8.571428571428571,97.76486541966376,9,2,0,0,186.10000000000002,30.0,0,0
0.33,8.571428571428571,97.7277659117682,9,2,0,0,200.40999999999997,33.0,0,0
0.35,8.571428571428571,97.83469691397892,9,2,0,0,214.71999999999997,36.0,0,0
0.35,8.571428571428571,98.15202107953232,9,2,0,0,229.03000000000003,39.0,0,0
0.35,8.571428571428571,98.18413214414731,9,2,0,0,243.34000000000003,42.00000000000001,0,0
0.35,8.571428571428571,98.03881255450497,9,2,0,0,257.65000000000003,45.00000000000001,0,0
0.35,8.571428571428571,97.99156042310035,9,2,0,0,271.96000000000004,48.00000000000001,0,0
0.35,8.571428571428571,98.29718529654195,9,2,0,0,286.27000000000004,51.00000000000001,0,0
0.35,8.571428571428571,98.56569528622639,9,2,0,0,300.58000000000004,54.00000000000001,0,0
0.35,8.571428571428571,98.76086441760384,9,2,0,0,314.89000000000004,57.000000000000014,0,0
0.35,8.571428571428571,99.00397757827669,9,2,0,0,329.20000000000005,60.00000000000001,0,0
0.35,8.571428571428571,99.21787465599587,9,2,0,0,343.51,63.0,0,0
0.37,8.571428571428571,99.32693389874684,9,2,0,0,357.82,66.0,0,0
0.37,8.571428571428571,99.52229722697197,9,2,0,0,372.13,69.0,0,0
0.37,8.571428571428571,99.75534473895657,9,2,0,0,386.44,72.0,0,0
0.37,8.571428571428571,100.12177654045767,9,2,0,0,400.75,75.0,0,0
0.37,8.571428571428571,100.49055427478413,9,2,0,0,415.06,78.0,0,0
0.37,8.571428571428571,100.93753040745761,9,2,0,0,429.37,81.0,0,0
0.37,8.571428571428571,101.28432669106685,9,2,0,0,443.68,84.0,0,0
0.37,8.571428571428571,101.74215275010853,9,2,0,0,457.99,87.0,0,0
0.37,8.571428571428571,101.85502881842362,9,2,0,0,472.3,90.0,0,0
0.37,8.571428571428571,102.2498841557369,9,2,0,0,486.61,93.0,0,0
0.38,8.571428571428571,102.56507338319365,9,2,0,0,500.92,96.0,0,0
0.38,8.571428571428571,102.91444341656164,9,2,0,0,515.23,99.0,0,0
0.38,8.571428571428571,103.11522789742517,9,2,0,0,520,100.0,0,0
0.38,8.571428571428571,102.96768040481702,9,2,0,0,505.69,97.0,0,0
0.38,8.571428571428571,102.69988224985248,9,2,0,0,491.38,94.0,0,0
0.38,8.571428571428571,102.5553570539591,9,2,0,0,477.07,91.0,0,0
0.38,8.571428571428571,102.42451004633607,9,2,0,0,462.76,88.0,0,0
0.38,8.571428571428571,102.20848777667378,9,2,0,0,448.45,85.0,0,0
0.38,8.571428571428571,101.94317637245838,9,2,0,0,434.14,82.0,0,0
0.38,8.571428571428571,101.71703388138172,10,2,0,0,419.83,79.0,0,0
0.40,8.571428571428571,101.40574406627444,10,2,0,0,405.52,76.0,0,0
0.40,8.571428571428571,101.14349424435797,10,2,0,0,391.21,73.0,0,0
0.40,8.571428571428571,101.07018742433446,10,2,0,0,376.9,70.0,0,0
0.40,8.571428571428571,100.93574527865451,10,2,0,0,362.59000000000003,67.0,0,0
0.40,8.571428571428571,100.74678210038407,10,2,0,0,348.28,63.99999999999999,0,0
0.40,8.571428571428571,100.66007540177792,10,2,0,0,333.96999999999997,60.99999999999999,0,0
0.40,8.571428571428571,100.43851262207222,10,2,0,0,319.65999999999997,57.99999999999999,0,0
0.40,8.571428571428571,100.12710264915195,10,2,0,0,305.34999999999997,54.99999999999999,0,0
0.40,8.571428571428571,99.98852335094092,10,2,0,0,291.03999999999996,51.99999999999999,0,0
0.40,8.571428571428571,99.80696428493086,10,2,0,0,276.7299999999999,48.99999999999998,0,0
0.42,8.571428571428571,99.50389366320915,10,2,0,0,262.4199999999999,45.99999999999997,0,0
0.42,8.571428571428571,99.3379462129441,10,2,0,0,248.10999999999984,42.99999999999997,0,0
0.42,8.571428571428571,99.14603087169004,10,2,0,0,233.79999999999984,39.99999999999997,0,0
0.42,8.571428571428571,99.01250053956484,10,2,0,0,219.48999999999984,36.999999999999964,0,0
0.42,8.571428571428571,98.81801386521434,10,2,0,0,205.1799999999999,33.99999999999997,0,0
0.42,8.571428571428571,98.68710659311768,10,2,0,0,190.8699999999999,30.99999999999997,0,0
0.42,8.571428571428571,98.46330891829281,10,2,0,0,176.55999999999983,27.99999999999997,0,0
0.42,8.571428571428571,98.2228600372623,10,2,0,0,162.24999999999983,24.99999999999997,0,0
0.42,8.571428571428571,98.05450165341246,10,2,0,0,147.93999999999988,21.99999999999997,0,0
0.42,8.571428571428571,97.9565881212038,10,2,0,0,133.62999999999988,18.99999999999997,0,0
0.43,8.571428571428571,97.83470507548931,10,2,0,0,119.31999999999988,15.999999999999972,0,0
0.43,8.571428571428571,97.72460700360702,10,2,0,0,105.00999999999982,12.999999999999972,0,0
0.43,8.571428571428571,97.55015954509973,10,2,0,0,90.69999999999987,9.999999999999972,0,0
0.43,8.571428571428571,97.50021032532639,10,2,0,0,76.38999999999987,6.999999999999972,0,0
0.43,8.571428571428571,97.39495090857088,10,2,0,0,62.07999999999987,3.9999999999999716,0,0
0.43,8.571428571428571,97.21862880455288,10,2,0,0,47.76999999999987,0.9999999999999716,0,0
0.43,8.571428571428571,97.14476646523626,10,2,0,0,43,0.0,0,0
0.43,8.571428571428571,97.1673875565991,10,2,0,0,57.31,3.0,0,0
0.43,8.571428571428571,97.32071486590074,10,2,0,0,71.62,6.0,0,0
0.43,8.571428571428571,97.52029545417997,10,2,0,0,85.93,9.0,0,0
0.45,8.571428571428571,97.67830597077159,10,2,0,0,100.24000000000001,12.0,0,0
0.45,8.571428571428571,97.74445026476336,10,2,0,0,114.55000000000001,15.0,0,0
0.45,8.571428571428571,97.78929946685786,10,2,0,0,128.86,18.0,0,0
0.45,8.571428571428571,97.81983434786643,10,2,0,0,143.16999999999996,21.0,0,0
0.45,8.571428571428571,97.76661695802908,10,2,0,0,157.48000000000002,24.0,0,0
0.45,8.571428571428571,97.95524098891528,10,2,0,0,171.79000000000002,27.0,0,0
0.45,8.571428571428571,98.04118247739896,10,2,0,0,186.10000000000002,30.0,0,0
0.45,8.571428571428571,98.08619791584773,10,2,0,0,200.40999999999997,33.0,0,0
0.45,8.571428571428571,98.2230138301753,11,2,0,0,214.71999999999997,36.0,0,0
0.45,8.571428571428571,98.22262831208242,11,2,0,0,229.03000000000003,39.0,0,0
0.47,8.571428571428571,98.18847344033554,11,2,0,0,243.34000000000003,42.00000000000001,0,0
0.47,8.571428571428571,98.32346546049224,11,2,0,0,257.65000000000003,45.00000000000001,0,0
0.47,8.571428571428571,98.32827369816195,11,2,0,0,271.96000000000004,48.00000000000001,0,0
0.47,8.571428571428571,98.51100843824862,11,2,0,0,286.27000000000004,51.00000000000001,0,0
0.47,8.571428571428571,98.66544760796975,11,2,0,0,300.58000000000004,54.00000000000001,0,0
0.47,8.571428571428571,98.99141438895701,11,2,0,0,314.89000000000004,57.000000000000014,0,0
0.47,8.571428571428571,99.12225099725444,11,2,0,0,329.20000000000005,60.00000000000001,0,0
0.47,8.571428571428571,99.20061578711729,11,2,0,0,343.51,63.0,0,0
0.47,8.571428571428571,99.48873826250262,12,2,0,0,357.82,66.0,0,0
0.47,8.571428571428571,99.5714100357395,12,2,0,0,372.13,69.0,0,0
0.48,8.571428571428571,99.72641335796672,12,2,0,0,386.44,72.0,0,0
0.48,8.571428571428571,99.94482466721759,12,2,0,0,400.75,75.0,0,0
0.48,8.571428571428571,100.22521395953595,12,2,0,0,415.06,78.0,0,0
0.48,8.571428571428571,100.5316617690985,12,2,0,0,429.37,81.0,0,0
0.48,8.571428571428571,100.61826707252668,12,2,0,0,443.68,84.0,0,0
0.48,8.571428571428571,100.95612846801079,12,2,0,0,457.99,87.0,0,0
0.48,8.571428571428571,101.0488953221813,12,2,0,0,472.3,90.0,0,0
0.48,8.571428571428571,101.10998575311503,12,2,0,0,486.61,93.0,0,0
0.48,8.571428571428571,101.45404625644349,12,2,0,0,500.92,96.0,0,0
0.48,8.571428571428571,101.6129923460376,12,2,0,0,515.23,99.0,0,0
0.50,8.571428571428571,101.7274125520069,12,2,0,0,520,100.0,0,0
0.50,8.571428571428571,101.56613227423001,12,2,0,0,505.69,97.0,0,0
0.50,8.571428571428571,101.44721839328592,12,2,0,0,491.38,94.0,0,0
0.50,8.571428571428571,101.30556159422083,12,2,0,0,477.07,91.0,0,0
0.50,8.571428571428571,101.09204530164737,12,2,0,0,462.76,88.0,0,0
0.50,8.571428571428571,101.02537940147187,12,2,0,0,448.45,85.0,0,0
0.50,8.571428571428571,100.77291479947121,12,2,0,0,434.14,82.0,0,0
0.50,8.571428571428571,100.66370793358533,12,2,0,0,419.83,79.0,0,0
0.50,8.571428571428571,100.47543308359481,12,2,0,0,405.52,76.0,0,0
0.50,8.571428571428571,100.23440960620012,12,2,0,0,391.21,73.0,0,0
0.52,8.571428571428571,100.10826399377352,12,2,0,0,376.9,70.0,0,0
0.52,8.571428571428571,99.8751582409379,12,2,0,0,362.59000000000003,67.0,0,0
0.52,8.571428571428571,99.77876729813926,12,2,0,0,348.28,63.99999999999999,0,0
0.52,8.571428571428571,99.67898974775872,12,2,0,0,333.96999999999997,60.99999999999999,0,0
0.52,8.571428571428571,99.6033856477865,12,2,0,0,319.65999999999997,57.99999999999999,0,0
0.52,8.571428571428571,99.56326517164884,12,2,0,0,305.34999999999997,54.99999999999999,0,0
0.52,8.571428571428571,99.36907776234364,12,2,0,0,291.03999999999996,51.99999999999999,0,0
0.52,8.571428571428571,99.26493277263636,12,2,0,0,276.7299999999999,48.99999999999998,0,0
0.52,8.571428571428571,99.14546143440803,12,2,0,0,262.4199999999999,45.99999999999997,0,0
0.52,8.571428571428571,99.03178805167946,12,2,0,0,248.10999999999984,42.99999999999997,0,0
0.53,8.571428571428571,98.8390032566238,12,2,0,0,233.79999999999984,39.99999999999997,0,0
0.53,8.571428571428571,98.5916347553155,12,2,0,0,219.48999999999984,36.999999999999964,0,0
0.53,8.571428571428571,98.55016897132995,13,2,0,0,205.1799999999999,33.99999999999997,0,0
0.53,8.571428571428571,98.31479926257985,13,2,0,0,190.8699999999999,30.99999999999997,0,0
0.53,8.571428571428571,98.12745049783287,13,3,0,0,176.55999999999983,27.99999999999997,0,0
0.53,8.571428571428571,98.12538102504234,13,3,0,0,162.24999999999983,24.99999999999997,0,0
0.53,8.571428571428571,98.02114562518558,13,3,0,0,147.93999999999988,21.99999999999997,0,0
0.53,8.571428571428571,97.9101386251009,13,3,0,0,133.62999999999988,18.99999999999997,0,0
0.53,8.571428571428571,97.82769665591636,13,3,0,0,119.31999999999988,15.999999999999972,0,0
0.53,8.571428571428571,97.7049406432766,13,3,0,0,105.00999999999982,12.999999999999972,0,0
0.55,8.571428571428571,97.58093476395035,13,3,0,0,90.69999999999987,9.999999999999972,0,0
0.55,8.571428571428571,97.4975024574701,13,3,0,0,76.38999999999987,6.999999999999972,0,0
0.55,8.571428571428571,97.34584742979592,13,3,0,0,62.07999999999987,3.9999999999999716,0,0
0.55,8.571428571428571,97.10973553630456,13,3,0,0,47.76999999999987,0.9999999999999716,0,0
0.55,8.571428571428571,97.10006083997555,13,3,0,0,43,0.0,0,0
0.55,8.571428571428571,97.17118783483977,13,3,0,0,57.31,3.0,0,0
0.55,8.571428571428571,97.24208951133508,13,3,0,0,71.62,6.0,0,0
0.55,8.571428571428571,97.2460793903317,13,3,0,0,85.93,9.0,0,0
0.55,8.571428571428571,97.25202188592378,13,3,0,0,100.24000000000001,12.0,0,0
0.55,8.571428571428571,97.19405078532192,13,3,0,0,114.55000000000001,15.0,0,0
0.57,8.571428571428571,97.30266080650425,13,3,0,0,128.86,18.0,0,0
0.57,8.571428571428571,97.45399457761238,13,3,0,0,143.16999999999996,21.0,0,0
0.57,8.571428571428571,97.49003339533083,13,3,0,0,157.48000000000002,24.0,0,0
0.57,8.571428571428571,97.49487320788721,13,3,0,0,171.79000000000002,27.0,0,0
0.57,8.571428571428571,97.62483282760431,13,3,0,0,186.10000000000002,30.0,0,0
0.57,8.571428571428571,97.63361900186312,13,3,0,0,200.40999999999997,33.0,0,0
0.57,8.571428571428571,97.75349727712089,13,3,0,0,214.71999999999997,36.0,0,0
0.57,8.571428571428571,97.78514777034829,13,3,0,0,229.03000000000003,39.0,0,0
0.57,8.571428571428571,97.81553010145223,13,3,0,0,243.34000000000003,42.00000000000001,0,0
0.57,8.571428571428571,97.8543481221119,13,3,0,0,257.65000000000003,45.00000000000001,0,0
0.58,8.571428571428571,97.92938244662083,13,3,0,0,271.96000000000004,48.00000000000001,0,0
0.58,8.571428571428571,98.02508650530486,13,3,0,0,286.27000000000004,51.00000000000001,0,0
0.58,8.571428571428571,98.26866529900909,13,3,0,0,300.58000000000004,54.00000000000001,0,0
0.58,8.571428571428571,98.28306638880403,13,3,0,0,314.89000000000004,57.000000000000014,0,0
0.58,8.571428571428571,98.57473660113214,13,3,0,0,329.20000000000005,60.00000000000001,0,0
0.58,8.571428571428571,98.72596873424524,13,3,0,0,343.51,63.0,0,0
0.58,8.571428571428571,98.94357729152436,13,3,0,0,357.82,66.0,0,0
0.58,8.571428571428571,99.14292595119241,13,3,0,0,372.13,69.0,0,0
0.58,8.571428571428571,99.38589290964174,13,3,0,0,386.44,72.0,0,0
0.58,8.571428571428571,99.67165611452583,13,3,0,0,400.75,75.0,0,0
0.60,8.571428571428571,99.9203819938873,13,3,0,0,415.06,78.0,0,0
0.60,8.571428571428571,100.08833542276906,13,3,0,0,429.37,81.0,0,0
0.60,8.571428571428571,100.21361224503082,13,3,0,0,443.68,84.0,0,0
0.60,8.571428571428571,100.40162655452518,13,3,0,0,457.99,87.0,0,0
0.60,8.571428571428571,100.58932081550692,13,3,0,0,472.3,90.0,0,0
0.60,8.571428571428571,100.77527993846799,13,3,0,0,486.61,93.0,0,0
0.60,8.571428571428571,100.90944092994614,13,3,0,0,500.92,96.0,0,0
0.60,8.571428571428571,101.1084510647674,13,3,0,0,515.23,99.0,0,0
0.60,8.571428571428571,101.27806638583108,13,3,0,0,520,100.0,0,0
0.60,8.571428571428571,101.05064201654643,13,3,0,0,505.69,97.0,0,0
0.62,8.571428571428571,100.90397053714042,13,3,0,0,491.38,94.0,0,0
0.62,8.571428571428571,100.7103028161094,13,3,0,0,477.07,91.0,0,0
0.62,8.571428571428571,100.60007744627873,13,3,0,0,462.76,88.0,0,0
0.62,8.571428571428571,100.39021547208428,13,3,0,0,448.45,85.0,0,0
0.62,8.571428571428571,100.28114040456752,13,3,0,0,434.14,82.0,0,0
0.62,8.571428571428571,100.06380382683072,13,3,0,0,419.83,79.0,0,0
0.62,8.571428571428571,99.90867004288432,13,3,0,0,405.52,76.0,0,0
0.62,8.571428571428571,99.70286623788294,13,3,0,0,391.21,73.0,0,0
0.62,8.571428571428571,99.67077654594992,13,3,0,0,376.9,70.0,0,0
0.62,8.571428571428571,99.58119283772254,13,3,0,0,362.59000000000003,67.0,0,0
0.63,8.571428571428571,99.45939597570525,13,3,0,0,348.28,63.99999999999999,0,0
0.63,8.571428571428571,99.29918342892431,13,3,0,0,333.96999999999997,60.99999999999999,0,0
0.63,8.571428571428571,99.19245806132119,13,3,0,0,319.65999999999997,57.99999999999999,0,0
0.63,8.571428571428571,99.03543326332561,13,3,0,0,305.34999999999997,54.99999999999999,0,0
0.63,8.571428571428571,98.99673786332713,13,3,0,0,291.03999999999996,51.99999999999999,0,0
0.63,8.571428571428571,98.9690032685689,13,3,0,0,276.7299999999999,48.99999999999998,0,0
0.63,8.571428571428571,98.79600448723096,13,3,0,0,262.4199999999999,45.99999999999997,0,0
0.63,8.571428571428571,98.70253837799558,13,3,0,0,248.10999999999984,42.99999999999997,0,0
0.63,8.571428571428571,98.51532982358736,13,3,0,0,233.79999999999984,39.99999999999997,0,0
0.63,8.571428571428571,98.34779732738372,13,3,0,0,219.48999999999984,36.999999999999964,0,0
0.65,8.571428571428571,98.23966498599695,13,3,0,0,205.1799999999999,33.99999999999997,0,0
0.65,8.571428571428571,98.11012208519828,13,3,0,0,190.8699999999999,30.99999999999997,0,0
0.65,8.571428571428571,98.03995588369818,13,3,0,0,176.55999999999983,27.99999999999997,0,0
0.65,8.571428571428571,97.95615565747593,13,3,0,0,162.24999999999983,24.99999999999997,0,0
0.65,8.571428571428571,97.76837565212344,13,3,0,0,147.93999999999988,21.99999999999997,0,0
0.65,8.571428571428571,97.73376049269307,13,3,0,0,133.62999999999988,18.99999999999997,0,0
0.65,8.571428571428571,97.53533483138801,13,3,0,0,119.31999999999988,15.999999999999972,0,0
0.65,8.571428571428571,97.36444055447976,13,3,0,0,105.00999999999982,12.999999999999972,0,0
0.65,8.571428571428571,97.29617554278012,13,3,0,0,90.69999999999987,9.999999999999972,0,0
0.65,8.571428571428571,97.1570498993062,13,3,0,0,76.38999999999987,6.999999999999972,0,0
0.67,8.571428571428571,97.07376824677027,13,3,0,0,62.07999999999987,3.9999999999999716,0,0
0.67,8.571428571428571,96.90026038699288,13,3,0,0,47.76999999999987,0.9999999999999716,0,0
0.67,8.571428571428571,96.75058690785828,13,3,0,0,43,0.0,0,0
0.67,8.571428571428571,96.86856756439313,13,3,0,0,57.31,3.0,0,0
0.67,8.571428571428571,96.87565208179865,13,3,0,0,71.62,6.0,0,0
0.67,8.571428571428571,96.85058482660685,13,3,0,0,85.93,9.0,0,0
0.67,8.571428571428571,96.8976216194826,13,3,0,0,100.24000000000001,12.0,0,0
0.67,8.571428571428571,96.90394322283207,13,3,0,0,114.55000000000001,15.0,0,0
0.67,8.571428571428571,96.95607031907676,13,3,0,0,128.86,18.0,0,0
0.67,8.571428571428571,97.00265299819213,13,3,0,0,143.16999999999996,21.0,0,0
0.68,8.571428571428571,97.1449853696902,13,3,0,0,157.48000000000002,24.0,0,0
0.68,8.571428571428571,97.18909122030855,13,3,0,0,171.79000000000002,27.0,0,0
0.68,8.571428571428571,97.20385948498584,13,3,0,0,186.10000000000002,30.0,0,0
0.68,8.571428571428571,97.31490700383897,13,3,0,0,200.40999999999997,33.0,0,0
0.68,8.571428571428571,97.4048151345555,13,3,0,0,214.71999999999997,36.0,0,0
0.68,8.571428571428571,97.53396998977688,13,3,0,0,229.03000000000003,39.0,0,0
0.68,8.571428571428571,97.6095634889095,13,3,0,0,243.34000000000003,42.00000000000001,0,0
0.68,8.571428571428571,97.66183328507411,13,3,0,0,257.65000000000003,45.00000000000001,0,0
0.68,8.571428571428571,97.65555518661908,13,3,0,0,271.96000000000004,48.00000000000001,0,0
0.68,8.571428571428571,97.75425342657599,13,3,0,0,286.27000000000004,51.00000000000001,0,0
0.70,8.571428571428571,97.9504962452038,13,3,0,0,300.58000000000004,54.00000000000001,0,0
0.70,8.571428571428571,98.12794937343546,13,3,0,0,314.89000000000004,57.000000000000014,0,0
0.70,8.571428571428571,98.23991081891299,14,3,0,0,329.20000000000005,60.00000000000001,0,0
0.70,8.571428571428571,98.4675384475448,14,3,0,0,343.51,63.0,0,0
0.70,8.571428571428571,98.55271503846875,14,3,0,0,357.82,66.0,0,0
0.70,8.571428571428571,98.74134344666481,14,3,0,0,372.13,69.0,0,0
0.70,8.571428571428571,98.92682856614807,14,3,0,0,386.44,72.0,0,0
0.70,8.571428571428571,99.16758493309752,14,3,0,0,400.75,75.0,0,0
0.70,8.571428571428571,99.24909816519529,14,3,0,0,415.06,78.0,0,0
0.70,8.571428571428571,99.39274205150902,14,3,0,0,429.37,81.0,0,0
0.72,8.571428571428571,99.58654641194674,14,3,0,0,443.68,84.0,0,0
0.72,8.571428571428571,99.63883689806356,14,3,0,0,457.99,87.0,0,0
0.72,8.571428571428571,99.8143857067499,14,3,0,0,472.3,90.0,0,0
0.72,8.571428571428571,100.00096980678089,14,3,0,0,486.61,93.0,0,0
0.72,8.571428571428571,100.16729484197052,15,3,0,0,500.92,96.0,0,0
0.72,8.571428571428571,100.37526522004029,15,3,0,0,515.23,99.0,0,0
0.72,8.571428571428571,100.52298567415245,15,3,0,0,520,100.0,0,0
0.72,8.571428571428571,100.41333008327567,15,3,0,0,505.69,97.0,0,0
0.72,8.571428571428571,100.26059958384936,15,3,0,0,491.38,94.0,0,0
0.72,8.571428571428571,100.12408160545218,15,3,0,0,477.07,91.0,0,0
0.73,8.571428571428571,100.09866467816826,15,3,0,0,462.76,88.0,0,0
0.73,8.571428571428571,100.0187522851394,15,3,0,0,448.45,85.0,0,0
0.73,8.571428571428571,99.90423935107535,15,3,0,0,434.14,82.0,0,0
0.73,8.571428571428571,99.88366914097735,15,3,0,0,419.83,79.0,0,0
0.73,8.571428571428571,99.81517274775106,15,3,0,0,405.52,76.0,0,0
0.73,8.571428571428571,99.74408928640011,15,3,0,0,391.21,73.0,0,0
0.73,8.571428571428571,99.65495662217451,15,3,0,0,376.9,70.0,0,0
0.73,8.571428571428571,99.47675797276702,15,3,0,0,362.59000000000003,67.0,0,0
0.73,8.571428571428571,99.36100550885206,15,3,0,0,348.28,63.99999999999999,0,0
0.73,8.571428571428571,99.2532602751853,15,3,0,0,333.96999999999997,60.99999999999999,0,0
0.75,8.571428571428571,99.17425137112488,15,3,0,0,319.65999999999997,57.99999999999999,0,0
0.75,8.571428571428571,99.0596749115115,16,3,0,0,305.34999999999997,54.99999999999999,0,0
0.75,8.571428571428571,98.99001458148894,16,3,0,0,291.03999999999996,51.99999999999999,0,0
0.75,8.571428571428571,98.86485599579002,16,3,0,0,276.7299999999999,48.99999999999998,0,0
0.75,8.571428571428571,98.83378941686424,16,3,0,0,262.4199999999999,45.99999999999997,0,0
0.75,8.571428571428571,98.79532923192394,16,3,0,0,248.10999999999984,42.99999999999997,0,0
0.75,8.571428571428571,98.7220262093454,16,3,0,0,233.79999999999984,39.99999999999997,0,0
0.75,8.571428571428571,98.6155298338037,16,3,0,0,219.48999999999984,36.999999999999964,0,0
0.75,8.571428571428571,98.43628474105444,16,3,0,0,205.1799999999999,33.99999999999997,0,0
0.75,8.571428571428571,98.3924169543249,16,3,0,0,190.8699999999999,30.99999999999997,0,0
0.77,8.571428571428571,98.3122731367095,16,3,0,0,176.55999999999983,27.99999999999997,0,0
0.77,8.571428571428571,98.21933184841009,16,3,0,0,162.24999999999983,24.99999999999997,0,0
0.77,8.571428571428571,98.05820911514833,17,3,0,0,147.93999999999988,21.99999999999997,0,0
0.77,8.571428571428571,97.96680116142358,17,3,0,0,133.62999999999988,18.99999999999997,0,0
0.77,8.571428571428571,97.83145590211349,17,3,0,0,119.31999999999988,15.999999999999972,0,0
0.77,8.571428571428571,97.72113796255331,17,3,0,0,105.00999999999982,12.999999999999972,0,0
0.77,8.571428571428571,97.63521286832545,17,3,0,0,90.69999999999987,9.999999999999972,0,0
0.77,8.571428571428571,97.5639859628126,17,3,0,0,76.38999999999987,6.999999999999972,0,0
0.77,8.571428571428571,97.46219147489184,17,3,0,0,62.07999999999987,3.9999999999999716,0,0
0.77,8.571428571428571,97.4066440243588,17,3,0,0,47.76999999999987,0.9999999999999716,0,0
0.78,8.571428571428571,97.31510988282623,18,3,0,0,43,0.0,0,0
0.78,8.571428571428571,97.2794111983061,18,3,0,0,57.31,3.0,0,0
0.78,8.571428571428571,97.39606426584871,18,3,0,0,71.62,6.0,0,0
0.78,8.571428571428571,97.522603305346,18,3,0,0,85.93,9.0,0,0
0.78,8.571428571428571,97.53624172366222,18,3,0,0,100.24000000000001,12.0,0,0
0.78,8.571428571428571,97.58485887063641,18,3,0,0,114.55000000000001,15.0,0,0
0.78,8.571428571428571,97.55753375836645,18,3,0,0,128.86,18.0,0,0
0.78,8.571428571428571,97.66319472593088,18,3,0,0,143.16999999999996,21.0,0,0
0.78,8.571428571428571,97.69607448131106,18,3,0,0,157.48000000000002,24.0,0,0
0.78,8.571428571428571,97.6979548694315,18,3,0,0,171.79000000000002,27.0,0,0
0.80,8.571428571428571,97.66233550840943,18,3,0,0,186.10000000000002,30.0,0,0
0.80,8.571428571428571,97.69457377156094,18,3,0,0,200.40999999999997,33.0,0,0
0.80,8.571428571428571,97.74441705942571,18,3,0,0,214.71999999999997,36.0,0,0
0.80,8.571428571428571,97.83226431494947,18,3,0,0,229.03000000000003,39.0,0,0
0.80,8.571428571428571,97.8763000680755,18,3,0,0,243.34000000000003,42.00000000000001,0,0
0.80,8.571428571428571,97.92897806845686,18,3,0,0,257.65000000000003,45.00000000000001,0,0
0.80,8.571428571428571,97.96737135635722,18,3,0,0,271.96000000000004,48.00000000000001,0,0
0.80,8.571428571428571,98.07483595487297,18,3,0,0,286.27000000000004,51.00000000000001,0,0
0.80,8.571428571428571,98.13567635255154,18,3,0,0,300.58000000000004,54.00000000000001,0,0
0.80,8.571428571428571,98.23343267917075,18,3,0,0,314.89000000000004,57.000000000000014,0,0
0.82,8.571428571428571,98.25178287836134,18,3,0,0,329.20000000000005,60.00000000000001,0,0
0.82,8.571428571428571,98.38229766736187,18,3,0,0,343.51,63.0,0,0
0.82,8.571428571428571,98.49592090018308,18,3,0,0,357.82,66.0,0,0
0.82,8.571428571428571,98.64084348477701,18,3,0,0,372.13,69.0,0,0
0.82,8.571428571428571,98.82424014174778,18,3,0,0,386.44,72.0,0,0
0.82,8.571428571428571,98.95239391095251,18,3,0,0,400.75,75.0,0,0
0.82,8.571428571428571,99.03049319776314,18,3,0,0,415.06,78.0,0,0
0.82,8.571428571428571,99.22304161639389,18,3,0,0,429.37,81.0,0,0
0.82,8.571428571428571,99.36959562390413,18,3,0,0,443.68,84.0,0,0
0.82,8.571428571428571,99.46432421994506,18,3,0,0,457.99,87.0,0,0
0.83,8.571428571428571,99.58185929053407,18,3,0,0,472.3,90.0,0,0
0.83,8.571428571428571,99.72697962042271,18,3,0,0,486.61,93.0,0,0
0.83,8.571428571428571,99.88339358774587,18,3,0,0,500.92,96.0,0,0
0.83,8.571428571428571,100.07570221839617,18,3,0,0,515.23,99.0,0,0
0.83,8.571428571428571,100.20231127201548,18,3,0,0,520,100.0,0,0
0.83,8.571428571428571,100.1749128473406,18,3,0,0,505.69,97.0,0,0
0.83,8.571428571428571,100.11388601150215,18,3,0,0,491.38,94.0,0,0
0.83,8.571428571428571,100.00820484631329,18,3,0,0,477.07,91.0,0,0
0.83,8.571428571428571,99.90172318209571,18,3,0,0,462.76,88.0,0,0
0.83,8.571428571428571,99.81831997126476,18,3,0,0,448.45,85.0,0,0
0.85,8.571428571428571,99.79879269727422,18,3,0,0,434.14,82.0,0,0
0.85,8.571428571428571,99.73132095957205,18,3,0,0,419.83,79.0,0,0
0.85,8.571428571428571,99.62522543079949,18,3,0,0,405.52,76.0,0,0
0.85,8.571428571428571,99.52826481779765,18,3,0,0,391.21,73.0,0,0
0.85,8.571428571428571,99.49008168905208,18,3,0,0,376.9,70.0,0,0
0.85,8.571428571428571,99.40675965423358,18,3,0,0,362.59000000000003,67.0,0,0
0.85,8.571428571428571,99.33245468856079,18,3,0,0,348.28,63.99999999999999,0,0
0.85,8.571428571428571,99.24223004971002,18,4,0,0,333.96999999999997,60.99999999999999,0,0
0.85,8.571428571428571,99.21705012136182,18,4,0,0,319.65999999999997,57.99999999999999,0,0
0.85,8.571428571428571,99.15707073069262,18,4,0,0,305.34999999999997,54.99999999999999,0,0
0.87,8.571428571428571,99.04368934889845,18,4,0,0,291.03999999999996,51.99999999999999,0,0
0.87,8.571428571428571,98.90941028082463,18,4,0,0,276.7299999999999,48.99999999999998,0,0
0.87,8.571428571428571,98.74866752374338,18,4,0,0,262.4199999999999,45.99999999999997,0,0
0.87,8.571428571428571,98.67734102165386,18,4,0,0,248.10999999999984,42.99999999999997,0,0
0.87,8.571428571428571,98.62036363375441,18,4,0,0,233.79999999999984,39.99999999999997,0,0
0.87,8.571428571428571,98.5818112824438,18,4,0,0,219.48999999999984,36.999999999999964,0,0
0.87,8.571428571428571,98.42758131346686,18,4,0,0,205.1799999999999,33.99999999999997,0,0
0.87,8.571428571428571,98.27470008210338,19,4,0,0,190.8699999999999,30.99999999999997,0,0
0.87,8.571428571428571,98.11994445706033,19,4,0,0,176.55999999999983,27.99999999999997,0,0
0.87,8.571428571428571,98.00169074450012,19,4,0,0,162.24999999999983,24.99999999999997,0,0
0.88,8.571428571428571,97.9329835804898,19,4,0,0,147.93999999999988,21.99999999999997,0,0
0.88,8.571428571428571,97.81605878412986,19,4,0,0,133.62999999999988,18.99999999999997,0,0
0.88,8.571428571428571,97.80458800543063,19,4,0,0,119.31999999999988,15.999999999999972,0,0
0.88,8.571428571428571,97.74008032850543,19,4,0,0,105.00999999999982,12.999999999999972,0,0
0.88,8.571428571428571,97.63319515429279,19,4,0,0,90.69999999999987,9.999999999999972,0,0
0.88,8.571428571428571,97.5521753451271,19,4,0,0,76.38999999999987,6.999999999999972,0,0
0.88,8.571428571428571,97.44480843922943,19,4,0,0,62.07999999999987,3.9999999999999716,0,0
0.88,8.571428571428571,97.34324338734189,19,4,0,0,47.76999999999987,0.9999999999999716,0,0
0.88,8.571428571428571,97.23989872963635,19,4,0,0,43,0.0,0,0
0.88,8.571428571428571,97.29778729150853,19,4,0,0,57.31,3.0,0,0
0.90,8.571428571428571,97.39052909383712,19,4,0,0,71.62,6.0,0,0
0.90,8.571428571428571,97.42999571562508,19,4,0,0,85.93,9.0,0,0
0.90,8.571428571428571,97.52387240938803,19,4,0,0,100.24000000000001,12.0,0,0
0.90,8.571428571428571,97.5030760465968,19,4,0,0,114.55000000000001,15.0,0,0
0.90,8.571428571428571,97.60878138915403,19,4,0,0,128.86,18.0,0,0
0.90,8.571428571428571,97.72033771748895,19,4,0,0,143.16999999999996,21.0,0,0
0.90,8.571428571428571,97.78240123365141,19,4,0,0,157.48000000000002,24.0,0,0
0.90,8.571428571428571,97.81362156737497,19,4,0,0,171.79000000000002,27.0,0,0
0.90,8.571428571428571,97.83094704091253,19,4,0,0,186.10000000000002,30.0,0,0
0.90,8.571428571428571,97.93390925501097,19,4,0,0,200.40999999999997,33.0,0,0
0.92,8.571428571428571,97.90054820784479,19,4,0,0,214.71999999999997,36.0,0,0
0.92,8.571428571428571,97.9620512565668,19,4,0,0,229.03000000000003,39.0,0,0
0.92,8.571428571428571,97.90400993067023,19,4,0,0,243.34000000000003,42.00000000000001,0,0
0.92,8.571428571428571,97.92584428751529,19,4,0,0,257.65000000000003,45.00000000000001,0,0
0.92,8.571428571428571,97.98530216288896,19,4,0,0,271.96000000000004,48.00000000000001,0,0
0.92,8.571428571428571,98.0492415827632,19,4,0,0,286.27000000000004,51.00000000000001,0,0
0.92,8.571428571428571,98.15755124128411,19,4,0,0,300.58000000000004,54.00000000000001,0,0
0.92,8.571428571428571,98.24784749457127,19,4,0,0,314.89000000000004,57.000000000000014,0,0
0.92,8.571428571428571,98.45793037992658,19,4,0,0,329.20000000000005,60.00000000000001,0,0
0.92,8.571428571428571,98.46798484736273,19,4,0,0,343.51,63.0,0,0
0.93,8.571428571428571,98.543351528299,19,4,0,0,357.82,66.0,0,0
0.93,8.571428571428571,98.68210369997591,19,4,0,0,372.13,69.0,0,0
0.93,8.571428571428571,98.80884360907721,19,4,0,0,386.44,72.0,0,0
0.93,8.571428571428571,98.97592816377454,19,4,0,0,400.75,75.0,0,0
0.93,8.571428571428571,99.17137016254983,19,4,0,0,415.06,78.0,0,0
0.93,8.571428571428571,99.31583929126586,19,4,0,0,429.37,81.0,0,0
0.93,8.571428571428571,99.42819801014139,19,4,0,0,443.68,84.0,0,0
0.93,8.571428571428571,99.51875923498581,19,4,0,0,457.99,87.0,0,0
0.93,8.571428571428571,99.61978165782874,19,4,0,0,472.3,90.0,0,0
0.93,8.571428571428571,99.66300598526782,19,4,0,0,486.61,93.0,0,0
0.95,8.571428571428571,99.75984314522584,19,5,0,0,500.92,96.0,0,0
0.95,8.571428571428571,99.91683026551172,19,5,0,0,515.23,99.0,0,0
0.95,8.571428571428571,100.06798453306699,19,5,0,0,520,100.0,0,0
0.95,8.571428571428571,100.01539636244196,19,5,0,0,505.69,97.0,0,0
0.95,8.571428571428571,99.89176264984484,19,5,0,0,491.38,94.0,0,0
0.95,8.571428571428571,99.80987426010202,19,5,0,0,477.07,91.0,0,0
0.95,8.571428571428571,99.78242117621814,19,5,0,0,462.76,88.0,0,0
0.95,8.571428571428571,99.76133012473893,19,5,0,0,448.45,85.0,0,0
0.95,8.571428571428571,99.7439195895383,19,5,0,0,434.14,82.0,0,0
0.95,8.571428571428571,99.63785151166547,19,5,0,0,419.83,79.0,0,0
0.97,8.571428571428571,99.52150908441602,19,5,0,0,405.52,76.0,0,0
0.97,8.571428571428571,99.47001120977485,19,5,0,0,391.21,73.0,0,0
0.97,8.571428571428571,99.37668074079845,19,5,0,0,376.9,70.0,0,0
0.97,8.571428571428571,99.29163320415735,19,5,0,0,362.59000000000003,67.0,0,0
0.97,8.571428571428571,99.26099725848353,19,5,0,0,348.28,63.99999999999999,0,0
0.97,8.571428571428571,99.12975219531043,19,5,0,0,333.96999999999997,60.99999999999999,0,0
0.97,8.571428571428571,99.0677310623359,19,5,0,0,319.65999999999997,57.99999999999999,0,0
0.97,8.571428571428571,99.00140106856682,19,5,0,0,305.34999999999997,54.99999999999999,0,0
0.97,8.571428571428571,98.960765917966,19,5,0,0,291.03999999999996,51.99999999999999,0,0
0.97,8.571428571428571,98.89842667378049,20,5,0,0,276.7299999999999,48.99999999999998,0,0
0.98,8.571428571428571,98.83872855240232,20,5,0,0,262.4199999999999,45.99999999999997,0,0
0.98,8.571428571428571,98.80346896146322,21,5,0,0,248.10999999999984,42.99999999999997,0,0
0.98,8.571428571428571,98.70309963783092,21,5,0,0,233.79999999999984,39.99999999999997,0,0
0.98,8.571428571428571,98.61737340275285,21,5,0,0,219.48999999999984,36.999999999999964,0,0
0.98,8.571428571428571,98.4987188210499,21,5,0,0,205.1799999999999,33.99999999999997,0,0
0.98,8.571428571428571,98.43727522760473,21,5,0,0,190.8699999999999,30.99999999999997,0,0
0.98,8.571428571428571,98.35885284552101,21,5,0,0,176.55999999999983,27.99999999999997,0,0
0.98,8.571428571428571,98.23374476749392,21,5,0,0,162.24999999999983,24.99999999999997,0,0
0.98,8.571428571428571,98.16784475221816,21,5,0,0,147.93999999999988,21.99999999999997,0,0
0.98,8.571428571428571,98.05745560363967,21,5,0,0,133.62999999999988,18.99999999999997,0,0
1.00,8.571428571428571,97.97766361094212,21,5,0,0,119.31999999999988,15.999999999999972,0,0
1.00,8.571428571428571,97.88576402666256,21,5,0,0,105.00999999999982,12.999999999999972,0,0
1.00,8.571428571428571,97.80518287924339,21,5,0,0,90.69999999999987,9.999999999999972,0,0
1.00,8.571428571428571,97.71527398164167,21,5,0,0,76.38999999999987,6.999999999999972,0,0
1.00,8.571428571428571,97.64025150655979,21,5,0,0,62.07999999999987,3.9999999999999716,0,0
1.00,8.571428571428571,97.58463814296479,21,5,0,0,47.76999999999987,0.9999999999999716,0,0
1.00,8.571428571428571,97.47765483039929,21,5,0,0,43,0.0,0,0
1.00,8.571428571428571,97.4902230397938,21,5,0,0,57.31,3.0,0,0
1.00,8.571428571428571,97.46079867608404,21,5,0,0,71.62,6.0,0,0
1.00,8.571428571428571,97.49885050447163,21,5,0,0,85.93,9.0,0,0
1.02,8.571428571428571,97.47060245529217,21,5,0,0,100.24000000000001,12.0,0,0
1.02,8.571428571428571,97.51394508783513,21,5,0,0,114.55000000000001,15.0,0,0
1.02,8.571428571428571,97.56050992668082,21,5,0,0,128.86,18.0,0,0
1.02,8.571428571428571,97.61547311816476,21,5,0,0,143.16999999999996,21.0,0,0
1.02,8.571428571428571,97.59466429606086,21,5,0,0,157.48000000000002,24.0,0,0
1.02,8.571428571428571,97.62715504149399,21,5,0,0,171.79000000000002,27.0,0,0
1.02,8.571428571428571,97.66872050816478,21,5,0,0,186.10000000000002,30.0,0,0
1.02,8.571428571428571,97.68971713424112,21,5,0,0,200.40999999999997,33.0,0,0
1.02,8.571428571428571,97.75049721867546,21,5,0,0,214.71999999999997,36.0,0,0
1.02,8.571428571428571,97.74930785443016,21,5,0,0,229.03000000000003,39.0,0,0
1.03,8.571428571428571,97.73453292708187,21,5,0,0,243.34000000000003,42.00000000000001,0,0
1.03,8.571428571428571,97.77791794710285,21,5,0,0,257.65000000000003,45.00000000000001,0,0
1.03,8.571428571428571,97.77378795575045,21,5,0,0,271.96000000000004,48.00000000000001,0,0
1.03,8.571428571428571,97.90342571341542,21,5,0,0,286.27000000000004,51.00000000000001,0,0
1.03,8.571428571428571,98.00532035605212,21,5,0,0,300.58000000000004,54.00000000000001,0,0
1.03,8.571428571428571,98.16050830507788,21,5,0,0,314.89000000000004,57.000000000000014,0,0
1.03,8.571428571428571,98.22549383428094,21,5,0,0,329.20000000000005,60.00000000000001,0,0
1.03,8.571428571428571,98.39349093457253,21,5,0,0,343.51,63.0,0,0
1.03,8.571428571428571,98.48776500367671,21,5,0,0,357.82,66.0,0,0
1.03,8.571428571428571,98.53655128784924,22,5,0,0,372.13,69.0,0,0
1.05,8.571428571428571,98.60743067913454,22,5,0,0,386.44,72.0,0,0
1.05,8.571428571428571,98.72905478101926,22,5,0,0,400.75,75.0,0,0
1.05,8.571428571428571,98.83679190207147,22,5,0,0,415.06,78.0,0,0
1.05,8.571428571428571,98.87363542115439,22,5,0,0,429.37,81.0,0,0
1.05,8.571428571428571,99.01032855910312,22,5,0,0,443.68,84.0,0,0
1.05,8.571428571428571,99.07408038700667,22,5,0,0,457.99,87.0,0,0
1.05,8.571428571428571,99.1885530993082,22,5,0,0,472.3,90.0,0,0
1.05,8.571428571428571,99.25021332184356,22,5,0,0,486.61,93.0,0,0
1.05,8.571428571428571,99.33927782253409,22,5,0,0,500.92,96.0,0,0
1.05,8.571428571428571,99.4209577844608,22,5,0,0,515.23,99.0,0,0
1.07,8.571428571428571,99.47199673833303,22,5,0,0,520,100.0,0,0
1.07,8.571428571428571,99.38193935268721,22,5,0,0,505.69,97.0,0,0
1.07,8.571428571428571,99.34700561516185,22,5,0,0,491.38,94.0,0,0
1.07,8.571428571428571,99.27377947067502,22,5,0,0,477.07,91.0,0,0
1.07,8.571428571428571,99.18990199791014,22,5,0,0,462.76,88.0,0,0
1.07,8.571428571428571,99.09450606749091,22,5,0,0,448.45,85.0,0,0
1.07,8.571428571428571,99.0089607708212,23,5,0,0,434.14,82.0,0,0
1.07,8.571428571428571,98.95379889655854,23,5,0,0,419.83,79.0,0,0
1.07,8.571428571428571,98.90236509117597,23,5,0,0,405.52,76.0,0,0
1.07,8.571428571428571,98.83033680853761,23,5,0,0,391.21,73.0,0,0
1.08,8.571428571428571,98.82495856591812,23,5,0,0,376.9,70.0,0,0
1.08,8.571428571428571,98.77825501023092,23,5,0,0,362.59000000000003,67.0,0,0
1.08,8.571428571428571,98.70154209552824,23,5,0,0,348.28,63.99999999999999,0,0
1.08,8.571428571428571,98.59254272042901,23,5,0,0,333.96999999999997,60.99999999999999,0,0
1.08,8.571428571428571,98.54840478259791,23,5,0,0,319.65999999999997,57.99999999999999,0,0
1.08,8.571428571428571,98.45867007493709,23,5,0,0,305.34999999999997,54.99999999999999,0,0
1.08,8.571428571428571,98.37421449743154,23,5,0,0,291.03999999999996,51.99999999999999,0,0
1.08,8.571428571428571,98.3012431170927,23,5,0,0,276.7299999999999,48.99999999999998,0,0
1.08,8.571428571428571,98.28931921234096,23,5,0,0,262.4199999999999,45.99999999999997,0,0
1.08,8.571428571428571,98.17790650876574,23,5,0,0,248.10999999999984,42.99999999999997,0,0
1.10,8.571428571428571,98.1205924561762,23,5,0,0,233.79999999999984,39.99999999999997,0,0
1.10,8.571428571428571,98.03794009905405,23,5,0,0,219.48999999999984,36.999999999999964,0,0
1.10,8.571428571428571,97.96971401270625,23,5,0,0,205.1799999999999,33.99999999999997,0,0
1.10,8.571428571428571,97.84664936356697,23,5,0,0,190.8699999999999,30.99999999999997,0,0
1.10,8.571428571428571,97.75254311809917,23,5,0,0,176.55999999999983,27.99999999999997,0,0
1.10,8.571428571428571,97.69071289726531,23,5,0,0,162.24999999999983,24.99999999999997,0,0
1.10,8.571428571428571,97.66271393798907,23,5,0,0,147.93999999999988,21.99999999999997,0,0
1.10,8.571428571428571,97.62579505023743,23,5,0,0,133.62999999999988,18.99999999999997,0,0
1.10,8.571428571428571,97.59091422815565,23,5,0,0,119.31999999999988,15.999999999999972,0,0
1.10,8.571428571428571,97.55872304368674,23,5,0,0,105.00999999999982,12.999999999999972,0,0
1.12,8.571428571428571,97.46113685890407,23,5,0,0,90.69999999999987,9.999999999999972,0,0
1.12,8.571428571428571,97.41298552436591,23,5,0,0,76.38999999999987,6.999999999999972,0,0
1.12,8.571428571428571,97.34085616904709,23,5,0,0,62.07999999999987,3.9999999999999716,0,0
1.12,8.571428571428571,97.33931668502962,23,5,0,0,47.76999999999987,0.9999999999999716,0,0
1.12,8.571428571428571,97.26811899482345,23,5,0,0,43,0.0,0,0
1.12,8.571428571428571,97.29226917357204,23,5,0,0,57.31,3.0,0,0
1.12,8.571428571428571,97.36849863143787,23,5,0,0,71.62,6.0,0,0
1.12,8.571428571428571,97.41524536982703,23,5,0,0,85.93,9.0,0,0
1.12,8.571428571428571,97.45425928031551,23,5,0,0,100.24000000000001,12.0,0,0
1.12,8.571428571428571,97.55387749578293,23,5,0,0,114.55000000000001,15.0,0,0
1.13,8.571428571428571,97.54610997502488,23,5,0,0,128.86,18.0,0,0
1.13,8.571428571428571,97.5790742319511,23,5,0,0,143.16999999999996,21.0,0,0
1.13,8.571428571428571,97.60360392507394,23,5,0,0,157.48000000000002,24.0,0,0
1.13,8.571428571428571,97.58371268741345,23,5,0,0,171.79000000000002,27.0,0,0
1.13,8.571428571428571,97.61264527553423,23,5,0,0,186.10000000000002,30.0,0,0
1.13,8.571428571428571,97.66581360018603,23,5,0,0,200.40999999999997,33.0,0,0
1.13,8.571428571428571,97.7061376723602,24,5,0,0,214.71999999999997,36.0,0,0
1.13,8.571428571428571,97.72863500217127,24,5,0,0,229.03000000000003,39.0,0,0
1.13,8.571428571428571,97.77444652423003,24,5,0,0,243.34000000000003,42.00000000000001,0,0
1.13,8.571428571428571,97.78670828653873,24,5,0,0,257.65000000000003,45.00000000000001,0,0
1.15,8.571428571428571,97.8277020440746,24,5,0,0,271.96000000000004,48.00000000000001,0,0
1.15,8.571428571428571,97.8410219958381,24,5,0,0,286.27000000000004,51.00000000000001,0,0
1.15,8.571428571428571,97.88506585336,24,5,0,0,300.58000000000004,54.00000000000001,0,0
1.15,8.571428571428571,97.98334316359387,24,5,0,0,314.89000000000004,57.000000000000014,0,0
1.15,8.571428571428571,98.08483660237285,24,5,0,0,329.20000000000005,60.00000000000001,0,0
1.15,8.571428571428571,98.2299989214999,24,5,0,0,343.51,63.0,0,0
1.15,8.571428571428571,98.32755091687017,24,5,0,0,357.82,66.0,0,0
1.15,8.571428571428571,98.35577265065875,24,5,0,0,372.13,69.0,0,0
1.15,8.571428571428571,98.40641394381845,24,6,0,0,386.44,72.0,0,0
1.15,8.571428571428571,98.4560464640379,24,6,0,0,400.75,75.0,0,0
1.17,8.571428571428571,98.55495256775114,25,6,0,0,415.06,78.0,0,0
1.17,8.571428571428571,98.62887405934461,25,6,0,0,429.37,81.0,0,0
1.17,8.571428571428571,98.69125460012162,25,6,0,0,443.68,84.0,0,0
1.17,8.571428571428571,98.8326824812908,25,6,0,0,457.99,87.0,0,0
1.17,8.571428571428571,98.89025886865355,25,6,0,0,472.3,90.0,0,0
1.17,8.571428571428571,98.99469732471329,25,6,0,0,486.61,93.0,0,0
1.17,8.571428571428571,99.10854478879364,25,6,0,0,500.92,96.0,0,0
1.17,8.571428571428571,99.22496880453814,25,6,0,0,515.23,99.0,0,0
1.17,8.571428571428571,99.29765941648178,25,6,0,0,520,100.0,0,0
1.17,8.571428571428571,99.25209305759732,25,6,0,0,505.69,97.0,0,0
1.18,8.571428571428571,99.17397203216656,25,6,0,0,491.38,94.0,0,0
1.18,8.571428571428571,99.09649441803664,25,6,0,0,477.07,91.0,0,0
1.18,8.571428571428571,99.0177829772254,25,6,0,0,462.76,88.0,0,0
1.18,8.571428571428571,99.00590174626915,25,6,0,0,448.45,85.0,0,0
1.18,8.571428571428571,98.97111808095698,25,6,0,0,434.14,82.0,0,0
1.18,8.571428571428571,98.86304320869465,25,6,0,0,419.83,79.0,0,0
1.18,8.571428571428571,98.8241719936118,25,6,0,0,405.52,76.0,0,0
1.18,8.571428571428571,98.7994805903649,25,6,0,0,391.21,73.0,0,0
1.18,8.571428571428571,98.72661306979124,25,6,0,0,376.9,70.0,0,0
1.18,8.571428571428571,98.67513508266038,25,6,0,0,362.59000000000003,67.0,0,0
1.20,8.571428571428571,98.63499309124983,25,6,0,0,348.28,63.99999999999999,0,0
1.20,8.571428571428571,98.57844632807438,25,6,0,0,333.96999999999997,60.99999999999999,0,0
1.20,8.571428571428571,98.55258047159583,25,6,0,0,319.65999999999997,57.99999999999999,0,0
1.20,8.571428571428571,98.50311008168454,25,6,0,0,305.34999999999997,54.99999999999999,0,0
1.20,8.571428571428571,98.4257134975277,25,6,0,0,291.03999999999996,51.99999999999999,0,0
1.20,8.571428571428571,98.41059384248732,25,6,0,0,276.7299999999999,48.99999999999998,0,0
1.20,8.571428571428571,98.3518123576192,25,6,0,0,262.4199999999999,45.99999999999997,0,0
1.20,8.571428571428571,98.28256729923,26,6,0,0,248.10999999999984,42.99999999999997,0,0
1.20,8.571428571428571,98.2458569356605,26,6,0,0,233.79999999999984,39.99999999999997,0,0
1.20,8.571428571428571,98.16271307533836,26,6,0,0,219.48999999999984,36.999999999999964,0,0
1.22,8.571428571428571,98.08600171580119,26,6,0,0,205.1799999999999,33.99999999999997,0,0
1.22,8.571428571428571,98.02520846905672,26,6,0,0,190.8699999999999,30.99999999999997,0,0
1.22,8.571428571428571,97.9777078502256,26,6,0,0,176.55999999999983,27.99999999999997,0,0
1.22,8.571428571428571,97.92041140023663,26,6,0,0,162.24999999999983,24.99999999999997,0,0
1.22,8.571428571428571,97.84354230302243,26,6,0,0,147.93999999999988,21.99999999999997,0,0
1.22,8.571428571428571,97.75781475075537,26,6,0,0,133.62999999999988,18.99999999999997,0,0
1.22,8.571428571428571,97.70495415445555,26,6,0,0,119.31999999999988,15.999999999999972,0,0
1.22,8.571428571428571,97.64727144959971,26,6,0,0,105.00999999999982,12.999999999999972,0,0
1.22,8.571428571428571,97.56958358569588,26,6,0,0,90.69999999999987,9.999999999999972,0,0
1.22,8.571428571428571,97.51398634822242,26,6,0,0,76.38999999999987,6.999999999999972,0,0
1.23,8.571428571428571,97.44749342002662,26,6,0,0,62.07999999999987,3.9999999999999716,0,0
1.23,8.571428571428571,97.3826155747743,26,6,0,0,47.76999999999987,0.9999999999999716,0,0
1.23,8.571428571428571,97.37772300603133,26,6,0,0,43,0.0,0,0
1.23,8.571428571428571,97.42948652675335,26,6,0,0,57.31,3.0,0,0
1.23,8.571428571428571,97.4495151988774,26,6,0,0,71.62,6.0,0,0
1.23,8.571428571428571,97.46763842125984,26,6,0,0,85.93,9.0,0,0
1.23,8.571428571428571,97.50896166367777,26,6,0,0,100.24000000000001,12.0,0,0
1.23,8.571428571428571,97.46621898380019,26,6,0,0,114.55000000000001,15.0,0,0
1.23,8.571428571428571,97.43041701950968,26,6,0,0,128.86,18.0,0,0
1.23,8.571428571428571,97.40372344450688,26,6,0,0,143.16999999999996,21.0,0,0
1.25,8.571428571428571,97.39554590173763,26,6,0,0,157.48000000000002,24.0,0,0
1.25,8.571428571428571,97.39582887815105,26,6,0,0,171.79000000000002,27.0,0,0
1.25,8.571428571428571,97.39116385850097,26,6,0,0,186.10000000000002,30.0,0,0
1.25,8.571428571428571,97.44937773391811,26,6,0,0,200.40999999999997,33.0,0,0
1.25,8.571428571428571,97.48242783136018,26,6,0,0,214.71999999999997,36.0,0,0
1.25,8.571428571428571,97.49837146134595,26,6,0,0,229.03000000000003,39.0,0,0
1.25,8.571428571428571,97.5465819893527,26,6,0,0,243.34000000000003,42.00000000000001,0,0
1.25,8.571428571428571,97.54893853578868,26,6,0,0,257.65000000000003,45.00000000000001,0,0
1.25,8.571428571428571,97.58459547624076,26,6,0,0,271.96000000000004,48.00000000000001,0,0
1.25,8.571428571428571,97.6415364126074,26,6,0,0,286.27000000000004,51.00000000000001,0,0
1.27,8.571428571428571,97.70212624313147,27,6,0,0,300.58000000000004,54.00000000000001,0,0
1.27,8.571428571428571,97.80850689960452,27,6,0,0,314.89000000000004,57.000000000000014,0,0
1.27,8.571428571428571,97.89924178968548,27,6,0,0,329.20000000000005,60.00000000000001,0,0
1.27,8.571428571428571,97.99603626000999,27,6,0,0,343.51,63.0,0,0
1.27,8.571428571428571,98.0713816542195,27,6,0,0,357.82,66.0,0,0
1.27,8.571428571428571,98.11623106286953,27,6,0,0,372.13,69.0,0,0
1.27,8.571428571428571,98.1874481175536,27,6,0,0,386.44,72.0,0,0
1.27,8.571428571428571,98.29730446762842,27,6,0,0,400.75,75.0,0,0
1.27,8.571428571428571,98.36338573816138,28,6,0,0,415.06,78.0,0,0
1.27,8.571428571428571,98.39164721988313,28,6,0,0,429.37,81.0,0,0
1.28,8.571428571428571,98.42952889344677,28,7,0,0,443.68,84.0,0,0
1.28,8.571428571428571,98.47472407798871,28,7,0,0,457.99,87.0,0,0
1.28,8.571428571428571,98.58427651032872,28,7,0,0,472.3,90.0,0,0
1.28,8.571428571428571,98.63821276863413,28,8,0,0,486.61,93.0,0,0
1.28,8.571428571428571,98.74237501540298,28,8,0,0,500.92,96.0,0,0
1.28,8.571428571428571,98.79195159247037,28,8,0,0,515.23,99.0,0,0
1.28,8.571428571428571,98.86168277828244,28,8,0,0,520,100.0,0,0
1.28,8.571428571428571,98.77775737655269,29,8,0,0,505.69,97.0,0,0
1.28,8.571428571428571,98.70776276433892,29,8,0,0,491.38,94.0,0,0
1.28,8.571428571428571,98.6830707869598,29,8,0,0,477.07,91.0,0,0
1.30,8.571428571428571,98.59994000473355,29,8,0,0,462.76,88.0,0,0
1.30,8.571428571428571,98.51044034499729,29,8,0,0,448.45,85.0,0,0
1.30,8.571428571428571,98.44852006757023,29,8,0,0,434.14,82.0,0,0
1.30,8.571428571428571,98.34267903594083,29,8,0,0,419.83,79.0,0,0
1.30,8.571428571428571,98.29048121901647,29,8,0,0,405.52,76.0,0,0
1.30,8.571428571428571,98.25332500072913,29,8,0,0,391.21,73.0,0,0
1.30,8.571428571428571,98.14583360059271,29,8,0,0,376.9,70.0,0,0
1.30,8.571428571428571,98.0879357762824,29,8,0,0,362.59000000000003,67.0,0,0
1.30,8.571428571428571,98.06571064230333,29,8,0,0,348.28,63.99999999999999,0,0
1.30,8.571428571428571,97.99573025961695,29,8,0,0,333.96999999999997,60.99999999999999,0,0
1.32,8.571428571428571,97.94498559539353,30,8,0,0,319.65999999999997,57.99999999999999,0,0
1.32,8.571428571428571,97.92188338440565,30,8,0,0,305.34999999999997,54.99999999999999,0,0
1.32,8.571428571428571,97.88887504292921,30,8,0,0,291.03999999999996,51.99999999999999,0,0
1.32,8.571428571428571,97.84582622765556,30,8,0,0,276.7299999999999,48.99999999999998,0,0
1.32,8.571428571428571,97.79726835589057,30,8,0,0,262.4199999999999,45.99999999999997,0,0
1.32,8.571428571428571,97.71909521037755,30,8,0,0,248.10999999999984,42.99999999999997,0,0
1.32,8.571428571428571,97.6274678566799,30,8,0,0,233.79999999999984,39.99999999999997,0,0
1.32,8.571428571428571,97.5474316690859,30,8,0,0,219.48999999999984,36.999999999999964,0,0
1.32,8.571428571428571,97.48043652551404,30,8,0,0,205.1799999999999,33.99999999999997,0,0
1.32,8.571428571428571,97.44001296336522,30,8,0,0,190.8699999999999,30.99999999999997,0,0
1.33,8.571428571428571,97.42932364413325,30,8,0,0,176.55999999999983,27.99999999999997,0,0
1.33,8.571428571428571,97.37178981560783,30,8,0,0,162.24999999999983,24.99999999999997,0,0
1.33,8.571428571428571,97.33011452328138,30,8,0,0,147.93999999999988,21.99999999999997,0,0
1.33,8.571428571428571,97.2289690849675,30,8,0,0,133.62999999999988,18.99999999999997,0,0
1.33,8.571428571428571,97.21925464345017,30,8,0,0,119.31999999999988,15.999999999999972,0,0
1.33,8.571428571428571,97.16483133521677,30,8,0,0,105.00999999999982,12.999999999999972,0,0
1.33,8.571428571428571,97.1220948678943,30,8,0,0,90.69999999999987,9.999999999999972,0,0
1.33,8.571428571428571,97.05182717784719,30,8,0,0,76.38999999999987,6.999999999999972,0,0
1.33,8.571428571428571,97.025250971017,30,8,0,0,62.07999999999987,3.9999999999999716,0,0
1.33,8.571428571428571,96.96586906344989,30,8,0,0,47.76999999999987,0.9999999999999716,0,0
1.35,8.571428571428571,96.93521753219326,30,8,0,0,43,0.0,0,0
1.35,8.571428571428571,96.97324950812438,30,8,0,0,57.31,3.0,0,0
1.35,8.571428571428571,97.01707027549283,30,8,0,0,71.62,6.0,0,0
1.35,8.571428571428571,97.05011628614609,30,8,0,0,85.93,9.0,0,0
1.35,8.571428571428571,97.04547213344932,30,8,0,0,100.24000000000001,12.0,0,0
1.35,8.571428571428571,97.04281816362402,30,8,0,0,114.55000000000001,15.0,0,0
1.35,8.571428571428571,97.05940710616682,30,8,0,0,128.86,18.0,0,0
1.35,8.571428571428571,97.11379923499419,30,8,0,0,143.16999999999996,21.0,0,0
1.35,8.571428571428571,97.09223301159064,30,8,0,0,157.48000000000002,24.0,0,0
1.35,8.571428571428571,97.10657391131275,30,8,0,0,171.79000000000002,27.0,0,0
1.37,8.571428571428571,97.10557505597598,30,8,0,0,186.10000000000002,30.0,0,0
1.37,8.571428571428571,97.1023225772957,30,8,0,0,200.40999999999997,33.0,0,0
1.37,8.571428571428571,97.1527280257072,30,8,0,0,214.71999999999997,36.0,0,0
1.37,8.571428571428571,97.14176157863335,30,8,0,0,229.03000000000003,39.0,0,0
1.37,8.571428571428571,97.17285521256098,30,8,0,0,243.34000000000003,42.00000000000001,0,0
1.37,8.571428571428571,97.16748015897498,30,8,0,0,257.65000000000003,45.00000000000001,0,0
1.37,8.571428571428571,97.16500782326108,30,8,0,0,271.96000000000004,48.00000000000001,0,0
1.37,8.571428571428571,97.2426172737338,30,8,0,0,286.27000000000004,51.00000000000001,0,0
1.37,8.571428571428571,97.30915530859012,30,9,0,0,300.58000000000004,54.00000000000001,0,0
1.37,8.571428571428571,97.40257265209988,30,9,0,0,314.89000000000004,57.000000000000014,0,0
1.38,8.571428571428571,97.52300658008082,30,9,0,0,329.20000000000005,60.00000000000001,0,0
1.38,8.571428571428571,97.56835916014577,31,9,0,0,343.51,63.0,0,0
1.38,8.571428571428571,97.66904489505471,31,9,0,0,357.82,66.0,0,0
1.38,8.571428571428571,97.77799552983097,31,9,0,0,372.13,69.0,0,0
1.38,8.571428571428571,97.84742169480097,31,9,0,0,386.44,72.0,0,0
1.38,8.571428571428571,97.94473796521552,31,9,0,0,400.75,75.0,0,0
1.38,8.571428571428571,98.00634733759682,31,9,0,0,415.06,78.0,0,0
1.38,8.571428571428571,98.10476037533634,31,9,0,0,429.37,81.0,0,0
1.38,8.571428571428571,98.23844972244015,31,9,0,0,443.68,84.0,0,0
1.38,8.571428571428571,98.27683536282852,31,9,0,0,457.99,87.0,0,0
1.40,8.571428571428571,98.40073484928823,31,9,0,0,472.3,90.0,0,0
1.40,8.571428571428571,98.47368725492599,31,9,0,0,486.61,93.0,0,0
1.40,8.571428571428571,98.59217166682478,31,9,0,0,500.92,96.0,0,0
1.40,8.571428571428571,98.70629885264191,31,9,0,0,515.23,99.0,0,0
1.40,8.571428571428571,98.72676368158243,31,9,0,0,520,100.0,0,0
1.40,8.571428571428571,98.67753259383258,31,9,0,0,505.69,97.0,0,0
1.40,8.571428571428571,98.60716597994899,32,9,0,0,491.38,94.0,0,0
1.40,8.571428571428571,98.54724650608831,32,9,0,0,477.07,91.0,0,0
1.40,8.571428571428571,98.51144452750647,32,9,0,0,462.76,88.0,0,0
1.40,8.571428571428571,98.42731530378911,32,9,0,0,448.45,85.0,0,0
1.42,8.571428571428571,98.3999712832354,32,9,0,0,434.14,82.0,0,0
1.42,8.571428571428571,98.35063583165716,32,9,0,0,419.83,79.0,0,0
1.42,8.571428571428571,98.2574660809052,32,9,0,0,405.52,76.0,0,0
1.42,8.571428571428571,98.18448545269295,32,9,0,0,391.21,73.0,0,0
1.42,8.571428571428571,98.12717846714467,32,9,0,0,376.9,70.0,0,0
1.42,8.571428571428571,98.06310716811092,32,9,0,0,362.59000000000003,67.0,0,0
1.42,8.571428571428571,97.98299513963238,32,9,0,0,348.28,63.99999999999999,0,0
1.42,8.571428571428571,97.8837233330491,32,9,0,0,333.96999999999997,60.99999999999999,0,0
1.42,8.571428571428571,97.85133951803101,32,9,0,0,319.65999999999997,57.99999999999999,0,0
1.42,8.571428571428571,97.76898905000975,32,9,0,0,305.34999999999997,54.99999999999999,0,0
1.43,8.571428571428571,97.69381832623009,32,9,0,0,291.03999999999996,51.99999999999999,0,0
1.43,8.571428571428571,97.65926981818804,32,9,0,0,276.7299999999999,48.99999999999998,0,0
1.43,8.571428571428571,97.60032642358931,32,9,0,0,262.4199999999999,45.99999999999997,0,0
1.43,8.571428571428571,97.57809106081301,32,9,0,0,248.10999999999984,42.99999999999997,0,0
1.43,8.571428571428571,97.52348096859222,33,9,0,0,233.79999999999984,39.99999999999997,0,0
1.43,8.571428571428571,97.4395021692717,33,9,0,0,219.48999999999984,36.999999999999964,0,0
1.43,8.571428571428571,97.39895853791799,33,9,0,0,205.1799999999999,33.99999999999997,0,0
1.43,8.571428571428571,97.3599026249074,34,9,0,0,190.8699999999999,30.99999999999997,0,0
1.43,8.571428571428571,97.3236363289742,34,9,0,0,176.55999999999983,27.99999999999997,0,0
1.43,8.571428571428571,97.29984875632606,34,9,0,0,162.24999999999983,24.99999999999997,0,0
1.45,8.571428571428571,97.27094128459558,34,9,0,0,147.93999999999988,21.99999999999997,0,0
1.45,8.571428571428571,97.22085296239403,34,9,0,0,133.62999999999988,18.99999999999997,0,0
1.45,8.571428571428571,97.18724664475008,34,9,0,0,119.31999999999988,15.999999999999972,0,0
1.45,8.571428571428571,97.11470200965431,34,9,0,0,105.00999999999982,12.999999999999972,0,0
1.45,8.571428571428571,97.05987089847625,34,9,0,0,90.69999999999987,9.999999999999972,0,0
1.45,8.571428571428571,96.99849701251192,34,9,0,0,76.38999999999987,6.999999999999972,0,0
1.45,8.571428571428571,96.97134446778544,34,9,0,0,62.07999999999987,3.9999999999999716,0,0
1.45,8.571428571428571,96.9446125343214,34,9,0,0,47.76999999999987,0.9999999999999716,0,0
1.45,8.571428571428571,96.91909813041758,34,9,0,0,43,0.0,0,0
1.45,8.571428571428571,96.94598062759967,34,9,0,0,57.31,3.0,0,0
1.47,8.571428571428571,96.95926573682621,34,9,0,0,71.62,6.0,0,0
1.47,8.571428571428571,96.98714513815573,34,9,0,0,85.93,9.0,0,0
1.47,8.571428571428571,97.03235579768469,34,9,0,0,100.24000000000001,12.0,0,0
1.47,8.571428571428571,97.05956195717285,35,9,0,0,114.55000000000001,15.0,0,0
1.47,8.571428571428571,97.09531204813253,35,9,0,0,128.86,18.0,0,0
1.47,8.571428571428571,97.0957827027175,35,9,0,0,143.16999999999996,21.0,0,0
1.47,8.571428571428571,97.08347551753603,35,9,0,0,157.48000000000002,24.0,0,0
1.47,8.571428571428571,97.09091080490043,35,9,0,0,171.79000000000002,27.0,0,0
1.47,8.571428571428571,97.0928180944228,35,9,0,0,186.10000000000002,30.0,0,0
1.47,8.571428571428571,97.12791363976467,35,9,0,0,200.40999999999997,33.0,0,0
1.48,8.571428571428571,97.14853076721532,35,10,0,0,214.71999999999997,36.0,0,0
1.48,8.571428571428571,97.18231022566687,35,10,0,0,229.03000000000003,39.0,0,0
1.48,8.571428571428571,97.16143861935574,35,10,0,0,243.34000000000003,42.00000000000001,0,0
1.48,8.571428571428571,97.22144885885034,35,10,0,0,257.65000000000003,45.00000000000001,0,0
1.48,8.571428571428571,97.19841935305492,36,10,0,0,271.96000000000004,48.00000000000001,0,0
1.48,8.571428571428571,97.27683916822535,36,10,0,0,286.27000000000004,51.00000000000001,0,0
1.48,8.571428571428571,97.39788983106821,36,10,0,0,300.58000000000004,54.00000000000001,0,0
1.48,8.571428571428571,97.44430128304698,36,10,0,0,314.89000000000004,57.000000000000014,0,0
1.48,8.571428571428571,97.46044491066303,36,10,0,0,329.20000000000005,60.00000000000001,0,0
1.48,8.571428571428571,97.55419337437033,36,10,0,0,343.51,63.0,0,0
1.50,8.571428571428571,97.5700950730578,36,10,0,0,357.82,66.0,0,0
1.50,8.571428571428571,97.60870722952575,37,10,0,0,372.13,69.0,0,0
1.50,8.571428571428571,97.72243791017479,37,10,0,0,386.44,72.0,0,0
1.50,8.571428571428571,97.76919147560741,37,10,0,0,400.75,75.0,0,0
1.50,8.571428571428571,97.85067980600944,37,10,0,0,415.06,78.0,0,0
1.50,8.571428571428571,97.89489413320776,37,10,0,0,429.37,81.0,0,0
1.50,8.571428571428571,97.97924785693779,37,10,0,0,443.68,84.0,0,0
1.50,8.571428571428571,98.04542403396533,38,10,0,0,457.99,87.0,0,0
1.50,8.571428571428571,98.13108400488944,38,10,0,0,472.3,90.0,0,0
1.50,8.571428571428571,98.21484891527197,38,10,0,0,486.61,93.0,0,0
1.52,8.571428571428571,98.2608618986824,38,10,0,0,500.92,96.0,0,0
1.52,8.571428571428571,98.30724523457202,38,10,0,0,515.23,99.0,0,0
1.52,8.571428571428571,98.41985058340066,38,10,0,0,520,100.0,0,0
1.52,8.571428571428571,98.35883196209078,38,10,0,0,505.69,97.0,0,0
1.52,8.571428571428571,98.27707612410643,38,10,0,0,491.38,94.0,0,0
1.52,8.571428571428571,98.20939488798687,38,10,0,0,477.07,91.0,0,0
1.52,8.571428571428571,98.1594148515755,38,10,0,0,462.76,88.0,0,0
1.52,8.571428571428571,98.10625902330585,38,10,0,0,448.45,85.0,0,0
1.52,8.571428571428571,98.0411368687371,38,10,0,0,434.14,82.0,0,0
1.52,8.571428571428571,98.03314289181527,38,10,0,0,419.83,79.0,0,0
1.53,8.571428571428571,97.98638486209315,38,10,0,0,405.52,76.0,0,0
1.53,8.571428571428571,97.9007786091882,38,10,0,0,391.21,73.0,0,0
1.53,8.571428571428571,97.83337008478797,38,10,0,0,376.9,70.0,0,0
1.53,8.571428571428571,97.82434400912456,38,10,0,0,362.59000000000003,67.0,0,0
1.53,8.571428571428571,97.78787306234895,38,10,0,0,348.28,63.99999999999999,0,0
1.53,8.571428571428571,97.71753987631368,38,10,0,0,333.96999999999997,60.99999999999999,0,0
1.53,8.571428571428571,97.66657361127197,38,10,0,0,319.65999999999997,57.99999999999999,0,0
1.53,8.571428571428571,97.59525206612635,38,10,0,0,305.34999999999997,54.99999999999999,0,0
1.53,8.571428571428571,97.52761011233342,38,10,0,0,291.03999999999996,51.99999999999999,0,0
1.53,8.571428571428571,97.50264280978436,38,10,0,0,276.7299999999999,48.99999999999998,0,0
1.55,8.571428571428571,97.44734456798108,38,10,0,0,262.4199999999999,45.99999999999997,0,0
1.55,8.571428571428571,97.41489841702308,38,10,0,0,248.10999999999984,42.99999999999997,0,0
1.55,8.571428571428571,97.34693691079832,38,10,0,0,233.79999999999984,39.99999999999997,0,0
1.55,8.571428571428571,97.31697426536809,38,10,0,0,219.48999999999984,36.999999999999964,0,0
1.55,8.571428571428571,97.26519504024985,38,10,0,0,205.1799999999999,33.99999999999997,0,0
1.55,8.571428571428571,97.24272502245535,38,10,0,0,190.8699999999999,30.99999999999997,0,0
1.55,8.571428571428571,97.19457869998564,38,10,0,0,176.55999999999983,27.99999999999997,0,0
1.55,8.571428571428571,97.12911230813356,38,10,0,0,162.24999999999983,24.99999999999997,0,0
1.55,8.571428571428571,97.08944815732583,38,10,0,0,147.93999999999988,21.99999999999997,0,0
1.55,8.571428571428571,97.05509291402286,38,10,0,0,133.62999999999988,18.99999999999997,0,0
1.57,8.571428571428571,97.01435905044124,38,10,0,0,119.31999999999988,15.999999999999972,0,0
1.57,8.571428571428571,96.94400402042064,38,10,0,0,105.00999999999982,12.999999999999972,0,0
1.57,8.571428571428571,96.92956133171795,38,10,0,0,90.69999999999987,9.999999999999972,0,0
1.57,8.571428571428571,96.86151298274166,38,10,0,0,76.38999999999987,6.999999999999972,0,0
1.57,8.571428571428571,96.84765543734987,38,10,0,0,62.07999999999987,3.9999999999999716,0,0
1.57,8.571428571428571,96.75768158163623,38,10,0,0,47.76999999999987,0.9999999999999716,0,0
1.57,8.571428571428571,96.69555653447712,38,10,0,0,43,0.0,0,0
1.57,8.571428571428571,96.69454427196132,38,10,0,0,57.31,3.0,0,0
1.57,8.571428571428571,96.73723408661102,38,10,0,0,71.62,6.0,0,0
1.57,8.571428571428571,96.71932816963103,38,10,0,0,85.93,9.0,0,0
1.58,8.571428571428571,96.71538492379266,38,10,0,0,100.24000000000001,12.0,0,0
1.58,8.571428571428571,96.72741575350152,38,10,0,0,114.55000000000001,15.0,0,0
1.58,8.571428571428571,96.75636548330169,38,10,0,0,128.86,18.0,0,0
1.58,8.571428571428571,96.78012613920023,38,10,0,0,143.16999999999996,21.0,0,0
1.58,8.571428571428571,96.75867138480152,38,10,0,0,157.48000000000002,24.0,0,0
1.58,8.571428571428571,96.76104349684348,38,10,0,0,171.79000000000002,27.0,0,0
1.58,8.571428571428571,96.77448616925238,38,10,0,0,186.10000000000002,30.0,0,0
1.58,8.571428571428571,96.7936551975542,38,10,0,0,200.40999999999997,33.0,0,0
1.58,8.571428571428571,96.82335701679938,38,10,0,0,214.71999999999997,36.0,0,0
1.58,8.571428571428571,96.8012196587011,38,10,0,0,229.03000000000003,39.0,0,0
1.60,8.571428571428571,96.82889841577044,38,10,0,0,243.34000000000003,42.00000000000001,0,0
1.60,8.571428571428571,96.80616000704306,38,10,0,0,257.65000000000003,45.00000000000001,0,0
1.60,8.571428571428571,96.858178563262,38,10,0,0,271.96000000000004,48.00000000000001,0,0
1.60,8.571428571428571,96.96328260560617,38,10,0,0,286.27000000000004,51.00000000000001,0,0
1.60,8.571428571428571,97.0460251376831,38,10,0,0,300.58000000000004,54.00000000000001,0,0
1.60,8.571428571428571,97.07261233939765,38,10,0,0,314.89000000000004,57.000000000000014,0,0
1.60,8.571428571428571,97.11013150104412,38,10,0,0,329.20000000000005,60.00000000000001,0,0
1.60,8.571428571428571,97.2084286272078,38,10,0,0,343.51,63.0,0,0
1.60,8.571428571428571,97.28714105925556,38,10,0,0,357.82,66.0,0,0
1.60,8.571428571428571,97.3455656322083,38,10,0,0,372.13,69.0,0,0
1.62,8.571428571428571,97.43622899138131,39,10,0,0,386.44,72.0,0,0
1.62,8.571428571428571,97.52495301017824,39,10,0,0,400.75,75.0,0,0
1.62,8.571428571428571,97.59829932970786,39,10,0,0,415.06,78.0,0,0
1.62,8.571428571428571,97.66116029233447,39,10,0,0,429.37,81.0,0,0
1.62,8.571428571428571,97.74199345711403,39,10,0,0,443.68,84.0,0,0
1.62,8.571428571428571,97.82620171614336,39,10,0,0,457.99,87.0,0,0
1.62,8.571428571428571,97.91883892712676,39,10,0,0,472.3,90.0,0,0
1.62,8.571428571428571,97.97236399743834,39,10,0,0,486.61,93.0,0,0
1.62,8.571428571428571,97.98839394978835,39,10,0,0,500.92,96.0,0,0
1.62,8.571428571428571,98.00686870635622,39,10,0,0,515.23,99.0,0,0
1.63,8.571428571428571,98.09914163024996,39,10,0,0,520,100.0,0,0
1.63,8.571428571428571,98.0370636208308,39,10,0,0,505.69,97.0,0,0
1.63,8.571428571428571,97.99342302946327,39,10,0,0,491.38,94.0,0,0
1.63,8.571428571428571,97.96550683376378,39,10,0,0,477.07,91.0,0,0
1.63,8.571428571428571,97.93518368018043,39,10,0,0,462.76,88.0,0,0
1.63,8.571428571428571,97.8869085603862,39,10,0,0,448.45,85.0,0,0
1.63,8.571428571428571,97.8278947027157,39,10,0,0,434.14,82.0,0,0
1.63,8.571428571428571,97.82270051768687,39,10,0,0,419.83,79.0,0,0
1.63,8.571428571428571,97.74368066752282,39,10,0,0,405.52,76.0,0,0
1.63,8.571428571428571,97.71607193889561,39,10,0,0,391.21,73.0,0,0
1.65,8.571428571428571,97.69079105000819,40,10,0,0,376.9,70.0,0,0
1.65,8.571428571428571,97.65463375962415,40,10,0,0,362.59000000000003,67.0,0,0
1.65,8.571428571428571,97.65352237591509,40,10,0,0,348.28,63.99999999999999,0,0
1.65,8.571428571428571,97.60199381431808,40,10,0,0,333.96999999999997,60.99999999999999,0,0
1.65,8.571428571428571,97.55794541572118,40,10,0,0,319.65999999999997,57.99999999999999,0,0
1.65,8.571428571428571,97.51956733616814,40,10,0,0,305.34999999999997,54.99999999999999,0,0
1.65,8.571428571428571,97.4816489672923,40,10,0,0,291.03999999999996,51.99999999999999,0,0
1.65,8.571428571428571,97.43938429091038,40,10,0,0,276.7299999999999,48.99999999999998,0,0
1.65,8.571428571428571,97.38702522751973,40,10,0,0,262.4199999999999,45.99999999999997,0,0
1.65,8.571428571428571,97.3698915912646,40,10,0,0,248.10999999999984,42.99999999999997,0,0
1.67,8.571428571428571,97.29177625476916,40,10,0,0,233.79999999999984,39.99999999999997,0,0
1.67,8.571428571428571,97.24528970097508,40,10,0,0,219.48999999999984,36.999999999999964,0,0
1.67,8.571428571428571,97.22679860794659,40,11,0,0,205.1799999999999,33.99999999999997,0,0
1.67,8.571428571428571,97.17018758619103,40,11,0,0,190.8699999999999,30.99999999999997,0,0
1.67,8.571428571428571,97.1065845362477,40,11,0,0,176.55999999999983,27.99999999999997,0,0
1.67,8.571428571428571,97.0629060411885,40,11,0,0,162.24999999999983,24.99999999999997,0,0
1.67,8.571428571428571,97.0403081420817,40,11,0,0,147.93999999999988,21.99999999999997,0,0
1.67,8.571428571428571,97.02143245359417,40,11,0,0,133.62999999999988,18.99999999999997,0,0
1.67,8.571428571428571,96.98262499178946,40,11,0,0,119.31999999999988,15.999999999999972,0,0
1.67,8.571428571428571,96.96575379522002,40,11,0,0,105.00999999999982,12.999999999999972,0,0
1.68,8.571428571428571,96.94389421301968,40,11,0,0,90.69999999999987,9.999999999999972,0,0
1.68,8.571428571428571,96.89924387861375,40,11,0,0,76.38999999999987,6.999999999999972,0,0
1.68,8.571428571428571,96.84657198555885,40,11,0,0,62.07999999999987,3.9999999999999716,0,0
1.68,8.571428571428571,96.81813579211028,40,11,0,0,47.76999999999987,0.9999999999999716,0,0
1.68,8.571428571428571,96.76222105334615,40,11,0,0,43,0.0,0,0
1.68,8.571428571428571,96.7743872260868,40,11,0,0,57.31,3.0,0,0
1.68,8.571428571428571,96.7794162196945,40,11,0,0,71.62,6.0,0,0
1.68,8.571428571428571,96.8230474049237,40,11,0,0,85.93,9.0,0,0
1.68,8.571428571428571,96.83531654089266,40,11,0,0,100.24000000000001,12.0,0,0
1.68,8.571428571428571,96.89193371214826,40,11,0,0,114.55000000000001,15.0,0,0
1.70,8.571428571428571,96.91175877279936,40,11,0,0,128.86,18.0,0,0
1.70,8.571428571428571,96.91842003512296,40,11,0,0,143.16999999999996,21.0,0,0
1.70,8.571428571428571,96.91677082154054,40,11,0,0,157.48000000000002,24.0,0,0
1.70,8.571428571428571,96.96293796129402,40,11,0,0,171.79000000000002,27.0,0,0
1.70,8.571428571428571,96.99761533639163,40,11,0,0,186.10000000000002,30.0,0,0
1.70,8.571428571428571,97.03605437362552,40,11,0,0,200.40999999999997,33.0,0,0
1.70,8.571428571428571,97.0586816522738,40,11,0,0,214.71999999999997,36.0,0,0
1.70,8.571428571428571,97.10617542349543,40,11,0,0,229.03000000000003,39.0,0,0
1.70,8.571428571428571,97.12943022767233,40,11,0,0,243.34000000000003,42.00000000000001,0,0
1.70,8.571428571428571,97.14921402235788,40,11,0,0,257.65000000000003,45.00000000000001,0,0
1.72,8.571428571428571,97.16241157092338,40,11,0,0,271.96000000000004,48.00000000000001,0,0
1.72,8.571428571428571,97.19154286267212,40,11,0,0,286.27000000000004,51.00000000000001,0,0
1.72,8.571428571428571,97.27670154306819,40,11,0,0,300.58000000000004,54.00000000000001,0,0
1.72,8.571428571428571,97.31725401979689,40,11,0,0,314.89000000000004,57.000000000000014,0,0
1.72,8.571428571428571,97.41272662618718,40,11,0,0,329.20000000000005,60.00000000000001,0,0
1.72,8.571428571428571,97.46768363053481,40,11,0,0,343.51,63.0,0,0
1.72,8.571428571428571,97.54084563121025,40,11,0,0,357.82,66.0,0,0
1.72,8.571428571428571,97.55735936969869,40,11,0,0,372.13,69.0,0,0
1.72,8.571428571428571,97.61312531598773,40,11,0,0,386.44,72.0,0,0
1.72,8.571428571428571,97.68206668462508,40,11,0,0,400.75,75.0,0,0
1.73,8.571428571428571,97.71891979325545,40,11,0,0,415.06,78.0,0,0
1.73,8.571428571428571,97.76386915938836,40,11,0,0,429.37,81.0,0,0
1.73,8.571428571428571,97.86058233283461,40,11,0,0,443.68,84.0,0,0
1.73,8.571428571428571,97.9709159677347,40,11,0,0,457.99,87.0,0,0
1.73,8.571428571428571,98.06445414683932,40,11,0,0,472.3,90.0,0,0
1.73,8.571428571428571,98.09477832667238,40,11,0,0,486.61,93.0,0,0
1.73,8.571428571428571,98.1921891555991,41,11,0,0,500.92,96.0,0,0
1.73,8.571428571428571,98.23105025646849,41,11,0,0,515.23,99.0,0,0
1.73,8.571428571428571,98.34051065170263,41,11,0,0,520,100.0,0,0
1.73,8.571428571428571,98.30835193523352,41,11,0,0,505.69,97.0,0,0
1.75,8.571428571428571,98.26178998529709,41,11,0,0,491.38,94.0,0,0
1.75,8.571428571428571,98.19782890827385,41,11,0,0,477.07,91.0,0,0
1.75,8.571428571428571,98.18017964304069,41,11,0,0,462.76,88.0,0,0
1.75,8.571428571428571,98.15998546949422,41,11,0,0,448.45,85.0,0,0
1.75,8.571428571428571,98.13080075409053,41,11,0,0,434.14,82.0,0,0
1.75,8.571428571428571,98.11075200595701,41,11,0,0,419.83,79.0,0,0
1.75,8.571428571428571,98.06048042157974,41,11,0,0,405.52,76.0,0,0
1.75,8.571428571428571,98.01627196346196,41,11,0,0,391.21,73.0,0,0
1.75,8.571428571428571,97.98039193486602,41,11,0,0,376.9,70.0,0,0
1.75,8.571428571428571,97.92161045522826,41,11,0,0,362.59000000000003,67.0,0,0
1.77,8.571428571428571,97.88315296101393,41,11,0,0,348.28,63.99999999999999,0,0
1.77,8.571428571428571,97.85226113787056,41,11,0,0,333.96999999999997,60.99999999999999,0,0
1.77,8.571428571428571,97.83402108251859,41,11,0,0,319.65999999999997,57.99999999999999,0,0
1.77,8.571428571428571,97.78870786376194,41,11,0,0,305.34999999999997,54.99999999999999,0,0
1.77,8.571428571428571,97.74396407720072,41,11,0,0,291.03999999999996,51.99999999999999,0,0
1.77,8.571428571428571,97.73280062422153,41,11,0,0,276.7299999999999,48.99999999999998,0,0
1.77,8.571428571428571,97.7014605763462,42,11,0,0,262.4199999999999,45.99999999999997,0,0
1.77,8.571428571428571,97.63959296591366,42,11,0,0,248.10999999999984,42.99999999999997,0,0
1.77,8.571428571428571,97.60987882105981,42,11,0,0,233.79999999999984,39.99999999999997,0,0
1.77,8.571428571428571,97.54522419344141,42,11,0,0,219.48999999999984,36.999999999999964,0,0
1.78,8.571428571428571,97.50200386170836,42,11,0,0,205.1799999999999,33.99999999999997,0,0
1.78,8.571428571428571,97.47038548329306,42,11,0,0,190.8699999999999,30.99999999999997,0,0
1.78,8.571428571428571,97.4135355651598,42,11,0,0,176.55999999999983,27.99999999999997,0,0
1.78,8.571428571428571,97.3546965595206,42,11,0,0,162.24999999999983,24.99999999999997,0,0
1.78,8.571428571428571,97.33623282381967,42,11,0,0,147.93999999999988,21.99999999999997,0,0
1.78,8.571428571428571,97.26995811081582,42,11,0,0,133.62999999999988,18.99999999999997,0,0
1.78,8.571428571428571,97.20985392423324,42,11,0,0,119.31999999999988,15.999999999999972,0,0
1.78,8.571428571428571,97.15377865426468,42,11,0,0,105.00999999999982,12.999999999999972,0,0
1.78,8.571428571428571,97.09374098933654,42,11,0,0,90.69999999999987,9.999999999999972,0,0
1.78,8.571428571428571,97.0202178994082,43,11,0,0,76.38999999999987,6.999999999999972,0,0
1.80,8.571428571428571,96.9600710490657,43,11,0,0,62.07999999999987,3.9999999999999716,0,0
1.80,8.571428571428571,96.89494507425985,43,11,0,0,47.76999999999987,0.9999999999999716,0,0
1.80,8.571428571428571,96.8564825355506,43,11,0,0,43,0.0,0,0
1.80,8.571428571428571,96.8491034764142,43,11,0,0,57.31,3.0,0,0
1.80,8.571428571428571,96.82393829112965,43,11,0,0,71.62,6.0,0,0
1.80,8.571428571428571,96.87868563874399,43,11,0,0,85.93,9.0,0,0
1.80,8.571428571428571,96.88426922607854,43,11,0,0,100.24000000000001,12.0,0,0
1.80,8.571428571428571,96.93176970993032,43,11,0,0,114.55000000000001,15.0,0,0
1.80,8.571428571428571,96.96689584336079,44,11,0,0,128.86,18.0,0,0
1.80,8.571428571428571,96.9952828364342,44,11,0,0,143.16999999999996,21.0,0,0
1.82,8.571428571428571,97.02889278725702,44,12,0,0,157.48000000000002,24.0,0,0
1.82,8.571428571428571,97.0456012644883,44,12,0,0,171.79000000000002,27.0,0,0
1.82,8.571428571428571,97.0564410781807,44,12,0,0,186.10000000000002,30.0,0,0
1.82,8.571428571428571,97.11831717843904,44,12,0,0,200.40999999999997,33.0,0,0
1.82,8.571428571428571,97.09535818468365,44,12,0,0,214.71999999999997,36.0,0,0
1.82,8.571428571428571,97.14264738227918,44,12,0,0,229.03000000000003,39.0,0,0
1.82,8.571428571428571,97.14556530265094,44,12,0,0,243.34000000000003,42.00000000000001,0,0
1.82,8.571428571428571,97.18526866612869,44,12,0,0,257.65000000000003,45.00000000000001,0,0
1.82,8.571428571428571,97.22213825382593,44,12,0,0,271.96000000000004,48.00000000000001,0,0
1.82,8.571428571428571,97.30522691200662,44,12,0,0,286.27000000000004,51.00000000000001,0,0
1.83,8.571428571428571,97.3485739534984,44,12,0,0,300.58000000000004,54.00000000000001,0,0
1.83,8.571428571428571,97.44982417859009,44,12,0,0,314.89000000000004,57.000000000000014,0,0
1.83,8.571428571428571,97.50172188062238,44,12,0,0,329.20000000000005,60.00000000000001,0,0
1.83,8.571428571428571,97.53730692446462,44,12,0,0,343.51,63.0,0,0
1.83,8.571428571428571,97.57021025939547,44,12,0,0,357.82,66.0,0,0
1.83,8.571428571428571,97.5867027902058,44,12,0,0,372.13,69.0,0,0
1.83,8.571428571428571,97.63543683296034,44,12,0,0,386.44,72.0,0,0
1.83,8.571428571428571,97.66288226413296,45,12,0,0,400.75,75.0,0,0
1.83,8.571428571428571,97.73297093767458,45,12,0,0,415.06,78.0,0,0
1.83,8.571428571428571,97.76968324834804,45,12,0,0,429.37,81.0,0,0
1.85,8.571428571428571,97.79353458965379,45,12,0,0,443.68,84.0,0,0
1.85,8.571428571428571,97.80315868102396,45,12,0,0,457.99,87.0,0,0
1.85,8.571428571428571,97.86427008052789,45,12,0,0,472.3,90.0,0,0
1.85,8.571428571428571,97.92059846234697,45,12,0,0,486.61,93.0,0,0
1.85,8.571428571428571,97.94252638576518,45,12,0,0,500.92,96.0,0,0
1.85,8.571428571428571,97.99675093695143,45,12,0,0,515.23,99.0,0,0
1.85,8.571428571428571,98.05159884768752,45,12,0,0,520,100.0,0,0
1.85,8.571428571428571,98.02194262614331,45,12,0,0,505.69,97.0,0,0
1.85,8.571428571428571,98.01186096856846,45,12,0,0,491.38,94.0,0,0
1.85,8.571428571428571,97.95578286346037,45,12,0,0,477.07,91.0,0,0
1.87,8.571428571428571,97.93428103720997,45,12,0,0,462.76,88.0,0,0
1.87,8.571428571428571,97.88715834234856,45,12,0,0,448.45,85.0,0,0
1.87,8.571428571428571,97.84884119365385,45,12,0,0,434.14,82.0,0,0
1.87,8.571428571428571,97.83338003176225,45,12,0,0,419.83,79.0,0,0
1.87,8.571428571428571,97.79519184919788,45,12,0,0,405.52,76.0,0,0
1.87,8.571428571428571,97.79047935631958,45,12,0,0,391.21,73.0,0,0
1.87,8.571428571428571,97.749501036171,45,12,0,0,376.9,70.0,0,0
1.87,8.571428571428571,97.70351532348096,45,12,0,0,362.59000000000003,67.0,0,0
1.87,8.571428571428571,97.65302383093942,45,12,0,0,348.28,63.99999999999999,0,0
1.87,8.571428571428571,97.60651257490257,45,12,0,0,333.96999999999997,60.99999999999999,0,0
1.88,8.571428571428571,97.5633822948363,45,12,0,0,319.65999999999997,57.99999999999999,0,0
1.88,8.571428571428571,97.52387737223471,45,12,0,0,305.34999999999997,54.99999999999999,0,0
1.88,8.571428571428571,97.48059526198242,45,12,0,0,291.03999999999996,51.99999999999999,0,0
1.88,8.571428571428571,97.44272294413837,45,12,0,0,276.7299999999999,48.99999999999998,0,0
1.88,8.571428571428571,97.40693228528725,45,12,0,0,262.4199999999999,45.99999999999997,0,0
1.88,8.571428571428571,97.38150206460972,46,12,0,0,248.10999999999984,42.99999999999997,0,0
1.88,8.571428571428571,97.33835588659436,46,12,0,0,233.79999999999984,39.99999999999997,0,0
1.88,8.571428571428571,97.3104356126382,46,12,0,0,219.48999999999984,36.999999999999964,0,0
1.88,8.571428571428571,97.25721952154782,46,13,0,0,205.1799999999999,33.99999999999997,0,0
1.88,8.571428571428571,97.20453146138952,46,13,0,0,190.8699999999999,30.99999999999997,0,0
1.90,8.571428571428571,97.14785598952902,46,13,0,0,176.55999999999983,27.99999999999997,0,0
1.90,8.571428571428571,97.1436443577367,46,13,0,0,162.24999999999983,24.99999999999997,0,0
1.90,8.571428571428571,97.10138280552735,46,13,0,0,147.93999999999988,21.99999999999997,0,0
1.90,8.571428571428571,97.07814396878996,46,14,0,0,133.62999999999988,18.99999999999997,0,0
1.90,8.571428571428571,97.0249277262452,46,14,0,0,119.31999999999988,15.999999999999972,0,0
1.90,8.571428571428571,96.97647421854201,46,14,0,0,105.00999999999982,12.999999999999972,0,0
1.90,8.571428571428571,96.92906888886797,46,14,0,0,90.69999999999987,9.999999999999972,0,0
1.90,8.571428571428571,96.88459314108498,46,14,0,0,76.38999999999987,6.999999999999972,0,0
1.90,8.571428571428571,96.84512930369687,46,14,0,0,62.07999999999987,3.9999999999999716,0,0
1.90,8.571428571428571,96.82125228938467,46,14,0,0,47.76999999999987,0.9999999999999716,0,0
1.92,8.571428571428571,96.78691887582393,46,14,0,0,43,0.0,0,0
1.92,8.571428571428571,96.77646668693143,46,14,0,0,57.31,3.0,0,0
1.92,8.571428571428571,96.80772326308158,46,14,0,0,71.62,6.0,0,0
1.92,8.571428571428571,96.8422754712711,46,14,0,0,85.93,9.0,0,0
1.92,8.571428571428571,96.85721436387934,46,14,0,0,100.24000000000001,12.0,0,0
1.92,8.571428571428571,96.86266547412406,46,14,0,0,114.55000000000001,15.0,0,0
1.92,8.571428571428571,96.84187084486511,46,14,0,0,128.86,18.0,0,0
1.92,8.571428571428571,96.8416615625237,46,14,0,0,143.16999999999996,21.0,0,0
1.92,8.571428571428571,96.84023217528221,46,14,0,0,157.48000000000002,24.0,0,0
1.92,8.571428571428571,96.84181540871107,46,14,0,0,171.79000000000002,27.0,0,0
1.93,8.571428571428571,96.86924853613654,46,14,0,0,186.10000000000002,30.0,0,0
1.93,8.571428571428571,96.89235862906216,46,14,0,0,200.40999999999997,33.0,0,0
1.93,8.571428571428571,96.90001627204654,46,14,0,0,214.71999999999997,36.0,0,0
1.93,8.571428571428571,96.92930018265183,46,14,0,0,229.03000000000003,39.0,0,0
1.93,8.571428571428571,96.92722407812819,46,14,0,0,243.34000000000003,42.00000000000001,0,0
1.93,8.571428571428571,96.95108626372394,46,14,0,0,257.65000000000003,45.00000000000001,0,0
1.93,8.571428571428571,96.97515015000671,46,14,0,0,271.96000000000004,48.00000000000001,0,0
1.93,8.571428571428571,97.05581260451582,46,14,0,0,286.27000000000004,51.00000000000001,0,0
1.93,8.571428571428571,97.11731031973191,46,14,0,0,300.58000000000004,54.00000000000001,0,0
1.93,8.571428571428571,97.14982554405175,46,14,0,0,314.89000000000004,57.000000000000014,0,0
1.95,8.571428571428571,97.16458338697701,46,14,0,0,329.20000000000005,60.00000000000001,0,0
1.95,8.571428571428571,97.19916669826372,46,14,0,0,343.51,63.0,0,0
1.95,8.571428571428571,97.23821881641118,46,14,0,0,357.82,66.0,0,0
1.95,8.571428571428571,97.30009569345437,46,14,0,0,372.13,69.0,0,0
1.95,8.571428571428571,97.3130659967443,46,14,0,0,386.44,72.0,0,0
1.95,8.571428571428571,97.40293715148135,46,14,0,0,400.75,75.0,0,0
1.95,8.571428571428571,97.48962210042032,46,14,0,0,415.06,78.0,0,0
1.95,8.571428571428571,97.53937530096509,46,14,0,0,429.37,81.0,0,0
1.95,8.571428571428571,97.5898142453136,46,14,0,0,443.68,84.0,0,0
1.95,8.571428571428571,97.64087062805935,46,14,0,0,457.99,87.0,0,0
1.97,8.571428571428571,97.69492786187548,46,14,0,0,472.3,90.0,0,0
1.97,8.571428571428571,97.76230400463639,46,14,0,0,486.61,93.0,0,0
1.97,8.571428571428571,97.82072454998378,46,14,0,0,500.92,96.0,0,0
1.97,8.571428571428571,97.88627751911912,46,15,0,0,515.23,99.0,0,0
1.97,8.571428571428571,97.90923791839371,46,15,0,0,520,100.0,0,0
1.97,8.571428571428571,97.87252609247999,46,15,0,0,505.69,97.0,0,0
1.97,8.571428571428571,97.84748119753371,46,15,0,0,491.38,94.0,0,0
1.97,8.571428571428571,97.80949327646972,46,15,0,0,477.07,91.0,0,0
1.97,8.571428571428571,97.76938534446555,47,15,0,0,462.76,88.0,0,0
1.97,8.571428571428571,97.74502136794958,47,15,0,0,448.45,85.0,0,0
1.98,8.571428571428571,97.74063139605154,47,15,0,0,434.14,82.0,0,0
1.98,8.571428571428571,97.70228815073946,47,15,0,0,419.83,79.0,0,0
1.98,8.571428571428571,97.69016650909468,47,15,0,0,405.52,76.0,0,0
1.98,8.571428571428571,97.67474008057745,47,15,0,0,391.21,73.0,0,0
1.98,8.571428571428571,97.62801057965314,47,15,0,0,376.9,70.0,0,0
1.98,8.571428571428571,97.59455636850738,47,15,0,0,362.59000000000003,67.0,0,0
1.98,8.571428571428571,97.56103796619323,47,15,0,0,348.28,63.99999999999999,0,0
1.98,8.571428571428571,97.51512781317642,47,15,0,0,333.96999999999997,60.99999999999999,0,0
1.98,8.571428571428571,97.4495035451338,47,15,0,0,319.65999999999997,57.99999999999999,0,0
1.98,8.571428571428571,97.38810107122859,47,15,0,0,305.34999999999997,54.99999999999999,0,0
2.00,8.571428571428571,97.32730542702998,47,15,0,0,291.03999999999996,51.99999999999999,0,0
2.00,8.571428571428571,97.30654450857296,47,15,0,0,276.7299999999999,48.99999999999998,0,0
2.00,8.571428571428571,97.28168362173672,47,15,0,0,262.4199999999999,45.99999999999997,0,0
2.00,8.571428571428571,97.22365788831105,47,15,0,0,248.10999999999984,42.99999999999997,0,0
2.00,8.571428571428571,97.16984415237239,47,15,0,0,233.79999999999984,39.99999999999997,0,0
2.00,8.571428571428571,97.11305361986159,47,15,0,0,219.48999999999984,36.999999999999964,0,0
2.00,8.571428571428571,97.06589424306746,47,15,0,0,205.1799999999999,33.99999999999997,0,0
2.00,8.571428571428571,97.02022093508482,47,15,0,0,190.8699999999999,30.99999999999997,0,0
2.00,8.571428571428571,96.99057310920278,47,15,0,0,176.55999999999983,27.99999999999997,0,0
2.00,8.571428571428571,96.95774636757413,47,15,0,0,162.24999999999983,24.99999999999997,0,0
2.02,8.571428571428571,96.91010017066968,47,15,0,0,147.93999999999988,21.99999999999997,0,0
2.02,8.571428571428571,96.87817846825706,47,15,0,0,133.62999999999988,18.99999999999997,0,0
2.02,8.571428571428571,96.85945170707372,47,16,0,0,119.31999999999988,15.999999999999972,0,0
2.02,8.571428571428571,96.81982163975455,47,16,0,0,105.00999999999982,12.999999999999972,0,0
2.02,8.571428571428571,96.76751154249196,47,16,0,0,90.69999999999987,9.999999999999972,0,0
2.02,8.571428571428571,96.76909947053441,47,16,0,0,76.38999999999987,6.999999999999972,0,0
2.02,8.571428571428571,96.7312528174065,47,16,0,0,62.07999999999987,3.9999999999999716,0,0
2.02,8.571428571428571,96.72815743247232,47,16,0,0,47.76999999999987,0.9999999999999716,0,0
2.02,8.571428571428571,96.68864211230364,47,16,0,0,43,0.0,0,0
2.02,8.571428571428571,96.73107483865027,47,16,0,0,57.31,3.0,0,0
2.03,8.571428571428571,96.75061696918755,47,16,0,0,71.62,6.0,0,0
2.03,8.571428571428571,96.78534145124105,47,16,0,0,85.93,9.0,0,0
2.03,8.571428571428571,96.78946998981203,47,16,0,0,100.24000000000001,12.0,0,0
2.03,8.571428571428571,96.7914045365117,47,16,0,0,114.55000000000001,15.0,0,0
2.03,8.571428571428571,96.8404181594957,47,16,0,0,128.86,18.0,0,0
2.03,8.571428571428571,96.83263288547973,47,16,0,0,143.16999999999996,21.0,0,0
2.03,8.571428571428571,96.83844989240305,47,16,0,0,157.48000000000002,24.0,0,0
2.03,8.571428571428571,96.85371739754459,47,16,0,0,171.79000000000002,27.0,0,0
2.03,8.571428571428571,96.83655055048474,47,16,0,0,186.10000000000002,30.0,0,0
2.03,8.571428571428571,96.82570417820705,47,16,0,0,200.40999999999997,33.0,0,0
2.05,8.571428571428571,96.84178344914747,48,16,0,0,214.71999999999997,36.0,0,0
2.05,8.571428571428571,96.83203245105814,48,16,0,0,229.03000000000003,39.0,0,0
2.05,8.571428571428571,96.87674364889429,48,16,0,0,243.34000000000003,42.00000000000001,0,0
2.05,8.571428571428571,96.89906320249243,48,16,0,0,257.65000000000003,45.00000000000001,0,0
2.05,8.571428571428571,96.90680857206658,48,16,0,0,271.96000000000004,48.00000000000001,0,0
2.05,8.571428571428571,96.96674666070983,48,16,0,0,286.27000000000004,51.00000000000001,0,0
2.05,8.571428571428571,96.991349655913,48,16,0,0,300.58000000000004,54.00000000000001,0,0
2.05,8.571428571428571,97.05432958800286,48,16,0,0,314.89000000000004,57.000000000000014,0,0
2.05,8.571428571428571,97.11598512265479,48,16,0,0,329.20000000000005,60.00000000000001,0,0
2.05,8.571428571428571,97.1511259224667,48,16,0,0,343.51,63.0,0,0
2.07,8.571428571428571,97.2160714805676,48,16,0,0,357.82,66.0,0,0
2.07,8.571428571428571,97.23488311570229,48,16,0,0,372.13,69.0,0,0
2.07,8.571428571428571,97.25524720412572,48,16,0,0,386.44,72.0,0,0
2.07,8.571428571428571,97.32208384644679,48,16,0,0,400.75,75.0,0,0
2.07,8.571428571428571,97.36854070764485,48,16,0,0,415.06,78.0,0,0
2.07,8.571428571428571,97.44248161176142,48,16,0,0,429.37,81.0,0,0
2.07,8.571428571428571,97.50292698941271,48,16,0,0,443.68,84.0,0,0
2.07,8.571428571428571,97.52305148335937,48,16,0,0,457.99,87.0,0,0
2.07,8.571428571428571,97.56867162248109,48,16,0,0,472.3,90.0,0,0
2.07,8.571428571428571,97.64129257318461,48,16,0,0,486.61,93.0,0,0
2.08,8.571428571428571,97.72699985539391,48,16,0,0,500.92,96.0,0,0
2.08,8.571428571428571,97.76639251963235,48,16,0,0,515.23,99.0,0,0
2.08,8.571428571428571,97.80138235943099,48,16,0,0,520,100.0,0,0
2.08,8.571428571428571,97.76456730446709,48,16,0,0,505.69,97.0,0,0
2.08,8.571428571428571,97.75629155424602,48,16,0,0,491.38,94.0,0,0
2.08,8.571428571428571,97.72780537120758,48,16,0,0,477.07,91.0,0,0
2.08,8.571428571428571,97.69191236903595,48,16,0,0,462.76,88.0,0,0
2.08,8.571428571428571,97.67797829272476,48,16,0,0,448.45,85.0,0,0
2.08,8.571428571428571,97.64579828038907,48,16,0,0,434.14,82.0,0,0
2.08,8.571428571428571,97.59497113821232,48,16,0,0,419.83,79.0,0,0
2.10,8.571428571428571,97.56477273128867,48,16,0,0,405.52,76.0,0,0
2.10,8.571428571428571,97.52875449449203,48,16,0,0,391.21,73.0,0,0
2.10,8.571428571428571,97.48960843897929,48,16,0,0,376.9,70.0,0,0
2.10,8.571428571428571,97.4507675253439,48,16,0,0,362.59000000000003,67.0,0,0
2.10,8.571428571428571,97.42238459233104,49,16,0,0,348.28,63.99999999999999,0,0
2.10,8.571428571428571,97.39239756013382,49,16,0,0,333.96999999999997,60.99999999999999,0,0
2.10,8.571428571428571,97.33501124607771,49,16,0,0,319.65999999999997,57.99999999999999,0,0
2.10,8.571428571428571,97.28380645579338,49,16,0,0,305.34999999999997,54.99999999999999,0,0
2.10,8.571428571428571,97.27449407186093,49,16,0,0,291.03999999999996,51.99999999999999,0,0
2.10,8.571428571428571,97.2319946081361,49,16,0,0,276.7299999999999,48.99999999999998,0,0
2.12,8.571428571428571,97.21340632155344,50,16,0,0,262.4199999999999,45.99999999999997,0,0
2.12,8.571428571428571,97.17950503856255,50,16,0,0,248.10999999999984,42.99999999999997,0,0
2.12,8.571428571428571,97.15751958203889,50,16,0,0,233.79999999999984,39.99999999999997,0,0
2.12,8.571428571428571,97.12663930035222,50,16,0,0,219.48999999999984,36.999999999999964,0,0
2.12,8.571428571428571,97.08935915989545,50,16,0,0,205.1799999999999,33.99999999999997,0,0
2.12,8.571428571428571,97.02868567579361,50,16,0,0,190.8699999999999,30.99999999999997,0,0
2.12,8.571428571428571,97.02094028435152,50,16,0,0,176.55999999999983,27.99999999999997,0,0
2.12,8.571428571428571,96.98792820242213,50,16,0,0,162.24999999999983,24.99999999999997,0,0
2.12,8.571428571428571,96.93166413480698,50,16,0,0,147.93999999999988,21.99999999999997,0,0
2.12,8.571428571428571,96.89078364042118,50,16,0,0,133.62999999999988,18.99999999999997,0,0
2.13,8.571428571428571,96.84195308849516,50,16,0,0,119.31999999999988,15.999999999999972,0,0
2.13,8.571428571428571,96.79489880515142,50,16,0,0,105.00999999999982,12.999999999999972,0,0
2.13,8.571428571428571,96.7778962033768,50,16,0,0,90.69999999999987,9.999999999999972,0,0
2.13,8.571428571428571,96.74770399205518,50,16,0,0,76.38999999999987,6.999999999999972,0,0
2.13,8.571428571428571,96.68449564869744,50,16,0,0,62.07999999999987,3.9999999999999716,0,0
2.13,8.571428571428571,96.65272983362537,50,16,0,0,47.76999999999987,0.9999999999999716,0,0
2.13,8.571428571428571,96.61220233276273,50,16,0,0,43,0.0,0,0
2.13,8.571428571428571,96.62682436472885,50,16,0,0,57.31,3.0,0,0
2.13,8.571428571428571,96.64621371888187,50,16,0,0,71.62,6.0,0,0
2.13,8.571428571428571,96.66053964253143,50,16,0,0,85.93,9.0,0,0
2.15,8.571428571428571,96.67936416888644,50,16,0,0,100.24000000000001,12.0,0,0
2.15,8.571428571428571,96.73536491247755,50,16,0,0,114.55000000000001,15.0,0,0
2.15,8.571428571428571,96.72727604279251,50,17,0,0,128.86,18.0,0,0
2.15,8.571428571428571,96.76784045622391,50,17,0,0,143.16999999999996,21.0,0,0
2.15,8.571428571428571,96.77378910387655,50,17,0,0,157.48000000000002,24.0,0,0
2.15,8.571428571428571,96.762557696505,50,17,0,0,171.79000000000002,27.0,0,0
2.15,8.571428571428571,96.75928045665731,50,17,0,0,186.10000000000002,30.0,0,0
2.15,8.571428571428571,96.78280736427233,51,17,0,0,200.40999999999997,33.0,0,0
2.15,8.571428571428571,96.77319195519812,51,17,0,0,214.71999999999997,36.0,0,0
2.15,8.571428571428571,96.77846218351203,51,17,0,0,229.03000000000003,39.0,0,0
2.17,8.571428571428571,96.76427594237732,51,17,0,0,243.34000000000003,42.00000000000001,0,0
2.17,8.571428571428571,96.7794398056064,51,17,0,0,257.65000000000003,45.00000000000001,0,0
2.17,8.571428571428571,96.80257522381405,51,17,0,0,271.96000000000004,48.00000000000001,0,0
2.17,8.571428571428571,96.89077762411853,51,17,0,0,286.27000000000004,51.00000000000001,0,0
2.17,8.571428571428571,96.9750507092653,52,17,0,0,300.58000000000004,54.00000000000001,0,0
2.17,8.571428571428571,97.021794593743,52,17,0,0,314.89000000000004,57.000000000000014,0,0
2.17,8.571428571428571,97.08488809578549,52,17,0,0,329.20000000000005,60.00000000000001,0,0
2.17,8.571428571428571,97.16075459266513,52,17,0,0,343.51,63.0,0,0
2.17,8.571428571428571,97.21225641765716,52,17,0,0,357.82,66.0,0,0
2.17,8.571428571428571,97.23998154256999,52,17,0,0,372.13,69.0,0,0
2.18,8.571428571428571,97.26114946380356,52,17,0,0,386.44,72.0,0,0
2.18,8.571428571428571,97.28117341652485,52,17,0,0,400.75,75.0,0,0
2.18,8.571428571428571,97.33892904603842,52,17,0,0,415.06,78.0,0,0
2.18,8.571428571428571,97.41122974685618,52,17,0,0,429.37,81.0,0,0
2.18,8.571428571428571,97.42786348638165,52,17,0,0,443.68,84.0,0,0
2.18,8.571428571428571,97.43782567041708,52,17,0,0,457.99,87.0,0,0
2.18,8.571428571428571,97.50537516981893,52,17,0,0,472.3,90.0,0,0
2.18,8.571428571428571,97.5492365086428,52,18,0,0,486.61,93.0,0,0
2.18,8.571428571428571,97.59124192980627,52,18,0,0,500.92,96.0,0,0
2.18,8.571428571428571,97.64579981005232,52,18,0,0,515.23,99.0,0,0
2.20,8.571428571428571,97.73373415127352,53,18,0,0,520,100.0,0,0
2.20,8.571428571428571,97.6987493956443,53,18,0,0,505.69,97.0,0,0
2.20,8.571428571428571,97.69118857156859,53,18,0,0,491.38,94.0,0,0
2.20,8.571428571428571,97.64179046626111,53,18,0,0,477.07,91.0,0,0
2.20,8.571428571428571,97.63254560409074,53,18,0,0,462.76,88.0,0,0
2.20,8.571428571428571,97.60008535206386,53,19,0,0,448.45,85.0,0,0
2.20,8.571428571428571,97.57067154548133,53,19,0,0,434.14,82.0,0,0
2.20,8.571428571428571,97.54848237544755,53,19,0,0,419.83,79.0,0,0
2.20,8.571428571428571,97.5140982759304,53,19,0,0,405.52,76.0,0,0
2.20,8.571428571428571,97.50142956052778,53,19,0,0,391.21,73.0,0,0
2.22,8.571428571428571,97.48335669678808,53,19,0,0,376.9,70.0,0,0
2.22,8.571428571428571,97.42686599033442,53,19,0,0,362.59000000000003,67.0,0,0
2.22,8.571428571428571,97.40173317438308,53,19,0,0,348.28,63.99999999999999,0,0
2.22,8.571428571428571,97.37909126179895,53,19,0,0,333.96999999999997,60.99999999999999,0,0
2.22,8.571428571428571,97.36182805002105,53,19,0,0,319.65999999999997,57.99999999999999,0,0
2.22,8.571428571428571,97.33660900429858,53,19,0,0,305.34999999999997,54.99999999999999,0,0
2.22,8.571428571428571,97.30165573179175,53,19,0,0,291.03999999999996,51.99999999999999,0,0
2.22,8.571428571428571,97.28351019758449,53,19,0,0,276.7299999999999,48.99999999999998,0,0
2.22,8.571428571428571,97.2498235955714,53,19,0,0,262.4199999999999,45.99999999999997,0,0
2.22,8.571428571428571,97.2063629260057,53,19,0,0,248.10999999999984,42.99999999999997,0,0
2.23,8.571428571428571,97.15551330418243,53,19,0,0,233.79999999999984,39.99999999999997,0,0
2.23,8.571428571428571,97.12225158547095,53,19,0,0,219.48999999999984,36.999999999999964,0,0
2.23,8.571428571428571,97.1029873127799,53,19,0,0,205.1799999999999,33.99999999999997,0,0
2.23,8.571428571428571,97.08242533214164,53,20,0,0,190.8699999999999,30.99999999999997,0,0
2.23,8.571428571428571,97.0427762824824,53,20,0,0,176.55999999999983,27.99999999999997,0,0
2.23,8.571428571428571,96.99232143530523,53,20,0,0,162.24999999999983,24.99999999999997,0,0
2.23,8.571428571428571,96.94557023555802,53,20,0,0,147.93999999999988,21.99999999999997,0,0
2.23,8.571428571428571,96.92557608474867,53,20,0,0,133.62999999999988,18.99999999999997,0,0
2.23,8.571428571428571,96.9062868252406,53,20,0,0,119.31999999999988,15.999999999999972,0,0
2.23,8.571428571428571,96.87948861505959,53,20,0,0,105.00999999999982,12.999999999999972,0,0
2.25,8.571428571428571,96.86796750435983,53,20,0,0,90.69999999999987,9.999999999999972,0,0
2.25,8.571428571428571,96.83083562498886,53,20,0,0,76.38999999999987,6.999999999999972,0,0
2.25,8.571428571428571,96.77812924975296,53,20,0,0,62.07999999999987,3.9999999999999716,0,0
2.25,8.571428571428571,96.74591767507229,53,20,0,0,47.76999999999987,0.9999999999999716,0,0
2.25,8.571428571428571,96.73086494673586,53,20,0,0,43,0.0,0,0
2.25,8.571428571428571,96.75296103042402,53,21,0,0,57.31,3.0,0,0
2.25,8.571428571428571,96.78478811576093,53,21,0,0,71.62,6.0,0,0
2.25,8.571428571428571,96.78460934446338,53,21,0,0,85.93,9.0,0,0
2.25,8.571428571428571,96.76716222188098,53,21,0,0,100.24000000000001,12.0,0,0
2.25,8.571428571428571,96.77399744897379,53,21,0,0,114.55000000000001,15.0,0,0
2.27,8.571428571428571,96.79613362040398,53,21,0,0,128.86,18.0,0,0
2.27,8.571428571428571,96.79778574879339,53,21,0,0,143.16999999999996,21.0,0,0
2.27,8.571428571428571,96.78569815343626,53,21,0,0,157.48000000000002,24.0,0,0
2.27,8.571428571428571,96.80128189137868,53,21,0,0,171.79000000000002,27.0,0,0
2.27,8.571428571428571,96.82695817693161,53,21,0,0,186.10000000000002,30.0,0,0
2.27,8.571428571428571,96.87082573541436,53,21,0,0,200.40999999999997,33.0,0,0
2.27,8.571428571428571,96.88765326115835,53,21,0,0,214.71999999999997,36.0,0,0
2.27,8.571428571428571,96.90906514152282,53,21,0,0,229.03000000000003,39.0,0,0
2.27,8.571428571428571,96.93110420909545,53,21,0,0,243.34000000000003,42.00000000000001,0,0
2.27,8.571428571428571,96.91576035697585,53,21,0,0,257.65000000000003,45.00000000000001,0,0
2.28,8.571428571428571,96.93377481199808,53,21,0,0,271.96000000000004,48.00000000000001,0,0
2.28,8.571428571428571,96.97658474777886,53,21,0,0,286.27000000000004,51.00000000000001,0,0
2.28,8.571428571428571,97.05817528396479,53,21,0,0,300.58000000000004,54.00000000000001,0,0
2.28,8.571428571428571,97.10477161072554,53,21,0,0,314.89000000000004,57.000000000000014,0,0
2.28,8.571428571428571,97.13829776040856,53,21,0,0,329.20000000000005,60.00000000000001,0,0
2.28,8.571428571428571,97.1890200750569,53,21,0,0,343.51,63.0,0,0
2.28,8.571428571428571,97.25059017131514,53,21,0,0,357.82,66.0,0,0
2.28,8.571428571428571,97.27359041601261,53,21,0,0,372.13,69.0,0,0
2.28,8.571428571428571,97.33102385101233,53,21,0,0,386.44,72.0,0,0
2.28,8.571428571428571,97.39876937359851,53,21,0,0,400.75,75.0,0,0
2.30,8.571428571428571,97.4461730133397,53,21,0,0,415.06,78.0,0,0
2.30,8.571428571428571,97.49100759557157,53,21,0,0,429.37,81.0,0,0
2.30,8.571428571428571,97.56960259238214,53,21,0,0,443.68,84.0,0,0
2.30,8.571428571428571,97.640484128157,53,21,0,0,457.99,87.0,0,0
2.30,8.571428571428571,97.69350715484882,53,21,0,0,472.3,90.0,0,0
2.30,8.571428571428571,97.75250965139728,53,21,0,0,486.61,93.0,0,0
2.30,8.571428571428571,97.80646933380756,53,21,0,0,500.92,96.0,0,0
2.30,8.571428571428571,97.82702734033991,53,21,0,0,515.23,99.0,0,0
2.30,8.571428571428571,97.85934419333944,53,21,0,0,520,100.0,0,0
2.30,8.571428571428571,97.82510872254262,53,21,0,0,505.69,97.0,0,0
2.32,8.571428571428571,97.78718886022139,53,21,0,0,491.38,94.0,0,0
2.32,8.571428571428571,97.77658470636416,53,21,0,0,477.07,91.0,0,0
2.32,8.571428571428571,97.73921057626218,53,21,0,0,462.76,88.0,0,0
2.32,8.571428571428571,97.70730944331751,53,21,0,0,448.45,85.0,0,0
2.32,8.571428571428571,97.69343119345022,53,21,0,0,434.14,82.0,0,0
2.32,8.571428571428571,97.66895895772625,53,21,0,0,419.83,79.0,0,0
2.32,8.571428571428571,97.6259993999643,53,21,0,0,405.52,76.0,0,0
2.32,8.571428571428571,97.60066148802844,53,21,0,0,391.21,73.0,0,0
2.32,8.571428571428571,97.58711104447794,53,21,0,0,376.9,70.0,0,0
2.32,8.571428571428571,97.5586674657174,54,21,0,0,362.59000000000003,67.0,0,0
2.33,8.571428571428571,97.54429318259196,54,21,0,0,348.28,63.99999999999999,0,0
2.33,8.571428571428571,97.51966398494588,54,21,0,0,333.96999999999997,60.99999999999999,0,0
2.33,8.571428571428571,97.49364376121206,54,21,0,0,319.65999999999997,57.99999999999999,0,0
2.33,8.571428571428571,97.45120994261646,54,21,0,0,305.34999999999997,54.99999999999999,0,0
2.33,8.571428571428571,97.42012736098843,54,21,0,0,291.03999999999996,51.99999999999999,0,0
2.33,8.571428571428571,97.37693988282882,54,21,0,0,276.7299999999999,48.99999999999998,0,0
2.33,8.571428571428571,97.33957389052213,54,21,0,0,262.4199999999999,45.99999999999997,0,0
2.33,8.571428571428571,97.30481942939795,54,21,0,0,248.10999999999984,42.99999999999997,0,0
2.33,8.571428571428571,97.2739454548266,54,21,0,0,233.79999999999984,39.99999999999997,0,0
2.33,8.571428571428571,97.22841591678784,54,21,0,0,219.48999999999984,36.999999999999964,0,0
2.35,8.571428571428571,97.18573490626056,54,21,0,0,205.1799999999999,33.99999999999997,0,0
2.35,8.571428571428571,97.14322367394654,54,21,0,0,190.8699999999999,30.99999999999997,0,0
2.35,8.571428571428571,97.11517240609932,54,21,0,0,176.55999999999983,27.99999999999997,0,0
2.35,8.571428571428571,97.0919724174018,54,21,0,0,162.24999999999983,24.99999999999997,0,0
2.35,8.571428571428571,97.05593593309304,54,21,0,0,147.93999999999988,21.99999999999997,0,0
2.35,8.571428571428571,97.0366359166665,54,21,0,0,133.62999999999988,18.99999999999997,0,0
2.35,8.571428571428571,97.03518327066277,54,21,0,0,119.31999999999988,15.999999999999972,0,0
2.35,8.571428571428571,97.03368960707643,54,21,0,0,105.00999999999982,12.999999999999972,0,0
2.35,8.571428571428571,97.01754939747623,54,21,0,0,90.69999999999987,9.999999999999972,0,0
2.35,8.571428571428571,97.00719353801,54,21,0,0,76.38999999999987,6.999999999999972,0,0
2.37,8.571428571428571,96.99690378857878,54,21,0,0,62.07999999999987,3.9999999999999716,0,0
2.37,8.571428571428571,96.96924831550487,54,21,0,0,47.76999999999987,0.9999999999999716,0,0
2.37,8.571428571428571,96.9182830575022,54,21,0,0,43,0.0,0,0
2.37,8.571428571428571,96.93856607415238,54,21,0,0,57.31,3.0,0,0
2.37,8.571428571428571,96.92386098938536,54,21,0,0,71.62,6.0,0,0
2.37,8.571428571428571,96.94410625695579,54,21,0,0,85.93,9.0,0,0
2.37,8.571428571428571,96.98197126253818,54,21,0,0,100.24000000000001,12.0,0,0
2.37,8.571428571428571,96.97528150758636,54,21,0,0,114.55000000000001,15.0,0,0
2.37,8.571428571428571,96.98838285373324,54,21,0,0,128.86,18.0,0,0
2.37,8.571428571428571,96.99339020260366,54,21,0,0,143.16999999999996,21.0,0,0
2.38,8.571428571428571,97.00858893204001,54,21,0,0,157.48000000000002,24.0,0,0
2.38,8.571428571428571,97.01526188700555,54,21,0,0,171.79000000000002,27.0,0,0
2.38,8.571428571428571,97.04251307930586,54,21,0,0,186.10000000000002,30.0,0,0
2.38,8.571428571428571,97.0728020218406,54,21,0,0,200.40999999999997,33.0,0,0
2.38,8.571428571428571,97.0749857660822,54,21,0,0,214.71999999999997,36.0,0,0
2.38,8.571428571428571,97.08907130612555,54,21,0,0,229.03000000000003,39.0,0,0
2.38,8.571428571428571,97.10596362294518,54,21,0,0,243.34000000000003,42.00000000000001,0,0
2.38,8.571428571428571,97.08904379797649,54,21,0,0,257.65000000000003,45.00000000000001,0,0
2.38,8.571428571428571,97.10697841709171,54,21,0,0,271.96000000000004,48.00000000000001,0,0
2.38,8.571428571428571,97.15909229947833,54,21,0,0,286.27000000000004,51.00000000000001,0,0
2.40,8.571428571428571,97.20812632897056,54,21,0,0,300.58000000000004,54.00000000000001,0,0
2.40,8.571428571428571,97.27050690315788,54,21,0,0,314.89000000000004,57.000000000000014,0,0
2.40,8.571428571428571,97.34242912169857,54,21,0,0,329.20000000000005,60.00000000000001,0,0
2.40,8.571428571428571,97.41375129494337,54,22,0,0,343.51,63.0,0,0
2.40,8.571428571428571,97.4349403842955,54,22,0,0,357.82,66.0,0,0
2.40,8.571428571428571,97.46430584640032,54,22,0,0,372.13,69.0,0,0
2.40,8.571428571428571,97.50226700242268,54,22,0,0,386.44,72.0,0,0
2.40,8.571428571428571,97.55386564308986,54,22,0,0,400.75,75.0,0,0
2.40,8.571428571428571,97.62303849859309,55,22,0,0,415.06,78.0,0,0
2.40,8.571428571428571,97.68037273344179,55,22,0,0,429.37,81.0,0,0
2.42,8.571428571428571,97.7302328150698,55,22,0,0,443.68,84.0,0,0
2.42,8.571428571428571,97.80196617879993,55,22,0,0,457.99,87.0,0,0
2.42,8.571428571428571,97.86347206937943,55,22,0,0,472.3,90.0,0,0
2.42,8.571428571428571,97.90273021866682,55,22,0,0,486.61,93.0,0,0
2.42,8.571428571428571,97.92900148970296,55,22,0,0,500.92,96.0,0,0
2.42,8.571428571428571,97.98848925357315,56,22,0,0,515.23,99.0,0,0
2.42,8.571428571428571,98.02321696118783,56,22,0,0,520,100.0,0,0
2.42,8.571428571428571,97.99939409014611,56,22,0,0,505.69,97.0,0,0
2.42,8.571428571428571,97.9469373597912,56,22,0,0,491.38,94.0,0,0
2.42,8.571428571428571,97.92281441868076,56,22,0,0,477.07,91.0,0,0
2.43,8.571428571428571,97.89453993439268,56,22,0,0,462.76,88.0,0,0
2.43,8.571428571428571,97.86622551641436,56,22,0,0,448.45,85.0,0,0
2.43,8.571428571428571,97.83532942823382,56,22,0,0,434.14,82.0,0,0
2.43,8.571428571428571,97.79597050325893,56,22,0,0,419.83,79.0,0,0
2.43,8.571428571428571,97.75384519898121,56,22,0,0,405.52,76.0,0,0
2.43,8.571428571428571,97.73315329586457,56,22,0,0,391.21,73.0,0,0
2.43,8.571428571428571,97.7080910907029,56,22,0,0,376.9,70.0,0,0
2.43,8.571428571428571,97.69731616354488,56,22,0,0,362.59000000000003,67.0,0,0
2.43,8.571428571428571,97.66858597377202,56,22,0,0,348.28,63.99999999999999,0,0
2.43,8.571428571428571,97.63731485478236,56,22,0,0,333.96999999999997,60.99999999999999,0,0
2.45,8.571428571428571,97.61928838929782,56,22,0,0,319.65999999999997,57.99999999999999,0,0
2.45,8.571428571428571,97.59543031924937,56,22,0,0,305.34999999999997,54.99999999999999,0,0
2.45,8.571428571428571,97.56032059046085,56,22,0,0,291.03999999999996,51.99999999999999,0,0
2.45,8.571428571428571,97.55342952560775,56,22,0,0,276.7299999999999,48.99999999999998,0,0
2.45,8.571428571428571,97.52920087755012,56,22,0,0,262.4199999999999,45.99999999999997,0,0
2.45,8.571428571428571,97.50657213203533,56,22,0,0,248.10999999999984,42.99999999999997,0,0
2.45,8.571428571428571,97.45536323882054,56,22,0,0,233.79999999999984,39.99999999999997,0,0
2.45,8.571428571428571,97.40450207921137,56,22,0,0,219.48999999999984,36.999999999999964,0,0
2.45,8.571428571428571,97.39492242350403,56,22,0,0,205.1799999999999,33.99999999999997,0,0
2.45,8.571428571428571,97.35708810164834,56,22,0,0,190.8699999999999,30.99999999999997,0,0
2.47,8.571428571428571,97.316377058231,56,22,0,0,176.55999999999983,27.99999999999997,0,0
2.47,8.571428571428571,97.29771968308178,56,22,0,0,162.24999999999983,24.99999999999997,0,0
2.47,8.571428571428571,97.27294205471088,56,22,0,0,147.93999999999988,21.99999999999997,0,0
2.47,8.571428571428571,97.23371133622712,56,22,0,0,133.62999999999988,18.99999999999997,0,0
2.47,8.571428571428571,97.20003560029869,56,22,0,0,119.31999999999988,15.999999999999972,0,0
2.47,8.571428571428571,97.15655718501368,56,22,0,0,105.00999999999982,12.999999999999972,0,0
2.47,8.571428571428571,97.14512629598157,56,22,0,0,90.69999999999987,9.999999999999972,0,0
2.47,8.571428571428571,97.12364917227646,56,22,0,0,76.38999999999987,6.999999999999972,0,0
2.47,8.571428571428571,97.09109898393284,56,22,0,0,62.07999999999987,3.9999999999999716,0,0
2.47,8.571428571428571,97.06615184271064,56,22,0,0,47.76999999999987,0.9999999999999716,0,0
2.48,8.571428571428571,97.05252923005398,56,22,0,0,43,0.0,0,0
2.48,8.571428571428571,97.06212614278365,56,22,0,0,57.31,3.0,0,0
2.48,8.571428571428571,97.05417294167212,56,22,0,0,71.62,6.0,0,0
2.48,8.571428571428571,97.033682164097,56,22,0,0,85.93,9.0,0,0
2.48,8.571428571428571,97.04701865426557,56,22,0,0,100.24000000000001,12.0,0,0
2.48,8.571428571428571,97.02666025664223,56,22,0,0,114.55000000000001,15.0,0,0
2.48,8.571428571428571,97.01940441585151,56,22,0,0,128.86,18.0,0,0
2.48,8.571428571428571,97.05644031349777,56,22,0,0,143.16999999999996,21.0,0,0
2.48,8.571428571428571,97.058081404693,56,22,0,0,157.48000000000002,24.0,0,0
2.48,8.571428571428571,97.0645710990601,56,22,0,0,171.79000000000002,27.0,0,0
2.50,8.571428571428571,97.09263505001233,56,22,0,0,186.10000000000002,30.0,0,0
2.50,8.571428571428571,97.11977953535924,56,22,0,0,200.40999999999997,33.0,0,0
2.50,8.571428571428571,97.13048352774243,56,22,0,0,214.71999999999997,36.0,0,0
2.50,8.571428571428571,97.14181431560326,56,22,0,0,229.03000000000003,39.0,0,0
2.50,8.571428571428571,97.14194948598481,56,22,0,0,243.34000000000003,42.00000000000001,0,0
2.50,8.571428571428571,97.1666671846218,56,22,0,0,257.65000000000003,45.00000000000001,0,0
2.50,8.571428571428571,97.19819681603639,56,22,0,0,271.96000000000004,48.00000000000001,0,0
2.50,8.571428571428571,97.24354985995403,56,22,0,0,286.27000000000004,51.00000000000001,0,0
2.50,8.571428571428571,97.2740936187358,56,22,0,0,300.58000000000004,54.00000000000001,0,0
2.50,8.571428571428571,97.3062210234029,56,22,0,0,314.89000000000004,57.000000000000014,0,0
2.52,8.571428571428571,97.35879803342358,56,22,0,0,329.20000000000005,60.00000000000001,0,0
2.52,8.571428571428571,97.40562584860517,56,22,0,0,343.51,63.0,0,0
2.52,8.571428571428571,97.46657144162938,56,22,0,0,357.82,66.0,0,0
2.52,8.571428571428571,97.47465613588774,57,22,0,0,372.13,69.0,0,0
2.52,8.571428571428571,97.50482079846903,57,22,0,0,386.44,72.0,0,0
2.52,8.571428571428571,97.52994685952264,57,22,0,0,400.75,75.0,0,0
2.52,8.571428571428571,97.58724902463369,57,22,0,0,415.06,78.0,0,0
2.52,8.571428571428571,97.60407266226507,57,22,0,0,429.37,81.0,0,0
2.52,8.571428571428571,97.65375443435575,57,22,0,0,443.68,84.0,0,0
2.52,8.571428571428571,97.68171213841329,57,22,0,0,457.99,87.0,0,0
2.53,8.571428571428571,97.72232972956708,57,22,0,0,472.3,90.0,0,0
2.53,8.571428571428571,97.78134764601114,57,22,0,0,486.61,93.0,0,0
2.53,8.571428571428571,97.84215182687787,57,22,0,0,500.92,96.0,0,0
2.53,8.571428571428571,97.87787104921138,57,22,0,0,515.23,99.0,0,0
2.53,8.571428571428571,97.9163288603441,57,22,0,0,520,100.0,0,0
2.53,8.571428571428571,97.86927815115602,57,22,0,0,505.69,97.0,0,0
2.53,8.571428571428571,97.83588357601731,57,22,0,0,491.38,94.0,0,0
2.53,8.571428571428571,97.8070542352545,57,22,0,0,477.07,91.0,0,0
2.53,8.571428571428571,97.75854970693162,57,22,0,0,462.76,88.0,0,0
2.53,8.571428571428571,97.74364843823008,57,22,0,0,448.45,85.0,0,0
2.55,8.571428571428571,97.71911994685017,57,22,0,0,434.14,82.0,0,0
2.55,8.571428571428571,97.70906848545853,57,22,0,0,419.83,79.0,0,0
2.55,8.571428571428571,97.66855797462875,57,22,0,0,405.52,76.0,0,0
2.55,8.571428571428571,97.64004186250143,57,22,0,0,391.21,73.0,0,0
2.55,8.571428571428571,97.60314314817204,57,22,0,0,376.9,70.0,0,0
2.55,8.571428571428571,97.5893383645457,57,22,0,0,362.59000000000003,67.0,0,0
2.55,8.571428571428571,97.58914981372972,57,22,0,0,348.28,63.99999999999999,0,0
2.55,8.571428571428571,97.56796824292186,57,22,0,0,333.96999999999997,60.99999999999999,0,0
2.55,8.571428571428571,97.54084136397272,57,22,0,0,319.65999999999997,57.99999999999999,0,0
2.55,8.571428571428571,97.52337535475296,57,22,0,0,305.34999999999997,54.99999999999999,0,0
2.57,8.571428571428571,97.48583339860498,57,22,0,0,291.03999999999996,51.99999999999999,0,0
2.57,8.571428571428571,97.47683424915067,57,22,0,0,276.7299999999999,48.99999999999998,0,0
2.57,8.571428571428571,97.44433397931435,57,23,0,0,262.4199999999999,45.99999999999997,0,0
2.57,8.571428571428571,97.40101243059506,57,23,0,0,248.10999999999984,42.99999999999997,0,0
2.57,8.571428571428571,97.38978037237763,57,23,0,0,233.79999999999984,39.99999999999997,0,0
2.57,8.571428571428571,97.38043299573144,57,23,0,0,219.48999999999984,36.999999999999964,0,0
2.57,8.571428571428571,97.35488181807494,57,23,0,0,205.1799999999999,33.99999999999997,0,0
2.57,8.571428571428571,97.34271531893334,57,23,0,0,190.8699999999999,30.99999999999997,0,0
2.57,8.571428571428571,97.32337430090772,57,23,0,0,176.55999999999983,27.99999999999997,0,0
2.57,8.571428571428571,97.31126399916461,57,23,0,0,162.24999999999983,24.99999999999997,0,0
2.58,8.571428571428571,97.29379159896374,57,23,0,0,147.93999999999988,21.99999999999997,0,0
2.58,8.571428571428571,97.27891617685759,57,23,0,0,133.62999999999988,18.99999999999997,0,0
2.58,8.571428571428571,97.24194321205466,57,23,0,0,119.31999999999988,15.999999999999972,0,0
2.58,8.571428571428571,97.20206074597988,57,23,0,0,105.00999999999982,12.999999999999972,0,0
2.58,8.571428571428571,97.1755935629571,57,23,0,0,90.69999999999987,9.999999999999972,0,0
2.58,8.571428571428571,97.16195306808342,57,23,0,0,76.38999999999987,6.999999999999972,0,0
2.58,8.571428571428571,97.16001677943079,58,23,0,0,62.07999999999987,3.9999999999999716,0,0
2.58,8.571428571428571,97.14375066067457,58,23,0,0,47.76999999999987,0.9999999999999716,0,0
2.58,8.571428571428571,97.11680470570235,58,23,0,0,43,0.0,0,0
2.58,8.571428571428571,97.12205835743367,58,23,0,0,57.31,3.0,0,0
2.60,8.571428571428571,97.11905926568693,58,23,0,0,71.62,6.0,0,0
2.60,8.571428571428571,97.11920137752406,58,23,0,0,85.93,9.0,0,0
2.60,8.571428571428571,97.11233138802095,58,23,0,0,100.24000000000001,12.0,0,0
2.60,8.571428571428571,97.11670660999745,58,23,0,0,114.55000000000001,15.0,0,0
2.60,8.571428571428571,97.11580802816236,58,23,0,0,128.86,18.0,0,0
2.60,8.571428571428571,97.11891643859138,58,23,0,0,143.16999999999996,21.0,0,0
2.60,8.571428571428571,97.10504848543937,58,23,0,0,157.48000000000002,24.0,0,0
2.60,8.571428571428571,97.13023219690264,58,23,0,0,171.79000000000002,27.0,0,0
2.60,8.571428571428571,97.14123382930505,58,23,0,0,186.10000000000002,30.0,0,0
2.60,8.571428571428571,97.12263716852104,58,23,0,0,200.40999999999997,33.0,0,0
