Time Elapsed (min),Stroke Rate,Average Power,Score,Misses,Handle Force (ai20),Handle Position (ai21),Raw Seat Position (ai22),Converted Seat Position,Left Foot Force (ai16),Right Foot Force (ai18)
0.00,0,0,0,0,0,0,505.69,97.0,0,0
0.00,23.67793595030672,79.04169663957292,0,0,0,0,491.38,94.0,0,0
0.00,24.967264030971265,58.376841637811076,0,0,0,0,477.07,91.0,0,0
0.00,25.250736993372346,59.33216304774195,0,0,0,0,462.76,88.0,0,0
0.00,23.448783978070566,52.914927561236325,0,0,0,0,448.45,85.0,0,0
0.00,22.793914261431503,51.00343746887612,0,0,0,0,434.14,82.0,0,0
0.00,21.32505440386465,53.115039747931746,1,0,0,0,419.83,79.0,0,0
0.00,23.055919407058134,54.14822378929486,1,0,0,0,405.52,76.0,0,0
0.00,23.25724036928202,56.57765110336108,1,0,0,0,391.21,73.0,0,0
0.00,25.06020142549407,57.706158614244416,1,0,0,0,376.9,70.0,0,0
0.02,26.397781858069894,56.46938079993911,1,0,0,0,362.59000000000003,67.0,0,0
0.02,25.53518194980626,56.05306001775721,1,0,0,0,348.28,63.99999999999999,0,0
0.02,25.666240697844938,55.159021008422926,1,0,0,0,333.96999999999997,60.99999999999999,0,0
0.02,26.32059889293078,52.90029364801354,1,0,0,0,319.65999999999997,57.99999999999999,0,0
0.02,24.644921130401887,51.63815686355489,1,0,0,0,305.34999999999997,54.99999999999999,0,0
0.02,25.169929270555933,51.40040378877044,1,0,0,0,291.03999999999996,51.99999999999999,0,0
0.02,25.172144923756676,51.51468691653212,1,0,0,0,276.7299999999999,48.99999999999998,0,0
0.02,26.3131533883101,51.712065943104335,1,0,0,0,262.4199999999999,45.99999999999997,0,0
0.02,24.5632024161727,51.007375024834296,1,0,0,0,248.10999999999984,42.99999999999997,0,0
0.02,23.766357001322827,52.213246685365085,1,0,0,0,233.79999999999984,39.99999999999997,0,0
0.03,24.642130925703796,51.19552575616293,1,0,0,0,219.48999999999984,36.999999999999964,0,0
0.03,24.59270050533605,52.25644831119139,2,0,0,0,205.1799999999999,33.99999999999997,0,0
0.03,23.46023362072933,52.904212127257594,2,0,0,0,190.8699999999999,30.99999999999997,0,0
0.03,22.537703436056756,51.71209301590515,2,0,0,0,176.55999999999983,27.99999999999997,0,0
0.03,22.657756211221695,52.1536522974542,2,0,0,0,162.24999999999983,24.99999999999997,0,0
0.03,23.00887106528902,52.22625458477551,2,0,0,0,147.93999999999988,21.99999999999997,0,0
0.03,21.243698601487775,51.22164965967158,2,0,0,0,133.62999999999988,18.99999999999997,0,0
0.03,21.141054934465835,50.1662696417457,2,0,0,0,119.31999999999988,15.999999999999972,0,0
0.03,21.25273357499513,50.2654976708362,2,0,0,0,105.00999999999982,12.999999999999972,0,0
0.03,20.304695990862573,49.12750991886728,2,0,0,0,90.69999999999987,9.999999999999972,0,0
0.05,21.04111463074931,48.98792930504989,2,0,0,0,76.38999999999987,6.999999999999972,0,0
0.05,20.86447468723315,48.05669294717688,2,0,0,0,62.07999999999987,3.9999999999999716,0,0
0.05,20.244699585176892,47.60237348346622,2,0,0,0,47.76999999999987,0.9999999999999716,0,0
0.05,21.520998446453966,47.37343022396815,2,0,0,0,43,0.0,0,0
0.05,21.18638420671176,48.74413664359614,2,0,0,0,57.31,3.0,0,0
0.05,22.767100119573023,50.179912428455985,2,0,0,0,71.62,6.0,0,0
0.05,21.717562594920132,51.72825152190386,2,0,0,0,85.93,9.0,0,0
0.05,20.107662594736723,53.087384349615455,2,0,0,0,100.24000000000001,12.0,0,0
0.05,20.38132173719131,54.51300815642365,2,0,0,0,114.55000000000001,15.0,0,0
0.05,20.744504210061926,55.76679852406268,2,0,0,0,128.86,18.0,0,0
0.07,22.29259115817155,57.80149420195548,2,0,0,0,143.16999999999996,21.0,0,0
0.07,20.64347352047878,59.63471849531118,3,0,0,0,157.48000000000002,24.0,0,0
0.07,21.864643087262536,61.68418984135429,3,0,0,0,171.79000000000002,27.0,0,0
0.07,20.349260040969025,63.303253347442165,3,0,0,0,186.10000000000002,30.0,0,0
0.07,18.586284453533327,64.7729015880457,3,0,0,0,200.40999999999997,33.0,0,0
0.07,20.131212744501973,66.27627380267779,3,0,0,0,214.71999999999997,36.0,0,0
0.07,20.798767687842194,68.31768029589256,3,0,0,0,229.03000000000003,39.0,0,0
0.07,19.18905025162591,68.96332675680286,3,0,0,0,243.34000000000003,42.00000000000001,0,0
0.07,18.06150149963797,70.05613152378936,3,0,0,0,257.65000000000003,45.00000000000001,0,0
0.07,18.364025466523714,71.19355187898717,3,0,0,0,271.96000000000004,48.00000000000001,0,0
0.08,18.857304286857413,73.86594824822699,3,0,0,0,286.27000000000004,51.00000000000001,0,0
0.08,20.081287579595607,75.50988984948422,3,0,0,0,300.58000000000004,54.00000000000001,0,0
0.08,20.981677199111342,76.5596112582507,3,0,0,0,314.89000000000004,57.000000000000014,0,0
0.08,20.345101657795382,78.4507073865726,3,0,0,0,329.20000000000005,60.00000000000001,0,0
0.08,18.419172007017337,80.44229030524693,3,0,0,0,343.51,63.0,0,0
0.08,18,81.70746542801712,3,0,0,0,357.82,66.0,0,0
0.08,18,82.730506886056,3,0,0,0,372.13,69.0,0,0
0.08,18.68752289759217,83.80023835621917,3,0,0,0,386.44,72.0,0,0
0.08,20.379206841769548,84.68096876318953,3,0,0,0,400.75,75.0,0,0
0.08,21.59408291137644,85.95190547533805,3,0,0,0,415.06,78.0,0,0
0.10,22.657944788870633,86.64341537589183,3,0,0,0,429.37,81.0,0,0
0.10,22.69448646037295,87.4703061368157,3,0,0,0,443.68,84.0,0,0
0.10,22.02269628340543,88.56575306890961,3,0,0,0,457.99,87.0,0,0
0.10,23.542823085439846,89.40560566623554,3,0,0,0,472.3,90.0,0,0
0.10,25.34704539679796,90.05515061270532,3,0,0,0,486.61,93.0,0,0
0.10,26.306920981757155,90.75911784621181,3,0,0,0,500.92,96.0,0,0
0.10,27.94007362311973,91.23382452797499,3,0,0,0,515.23,99.0,0,0
0.10,28.42910715019724,92.56061934130446,3,0,0,0,520,100.0,0,0
0.10,26.548776812164594,92.06304200024773,3,0,0,0,505.69,97.0,0,0
0.10,25.23894254442448,91.45517263840024,3,0,0,0,491.38,94.0,0,0
0.12,26.87490593609375,90.972855225486,3,0,0,0,477.07,91.0,0,0
0.12,25.51673467693647,90.91869242904072,3,0,0,0,462.76,88.0,0,0
0.12,26.969780088136293,90.11637822499848,3,0,0,0,448.45,85.0,0,0
0.12,28.476996532162076,89.45408423028621,3,0,0,0,434.14,82.0,0,0
0.12,27.473247085057242,89.09468130738773,3,0,0,0,419.83,79.0,0,0
0.12,29.073793333185435,88.67409301039275,3,0,0,0,405.52,76.0,0,0
0.12,27.394194680794985,88.20347553570716,4,0,0,0,391.21,73.0,0,0
0.12,27.40682450421911,87.84412229301151,4,0,0,0,376.9,70.0,0,0
0.12,29.031182492811464,87.16262130843468,4,0,0,0,362.59000000000003,67.0,0,0
0.12,30.842124970494208,86.3679176014962,4,0,0,0,348.28,63.99999999999999,0,0
0.13,30.573906118223977,85.71064403321398,4,0,0,0,333.96999999999997,60.99999999999999,0,0
0.13,31.85066112052357,85.22595939925161,4,0,0,0,319.65999999999997,57.99999999999999,0,0
0.13,30.012500000889663,84.59336217409478,4,0,0,0,305.34999999999997,54.99999999999999,0,0
0.13,31.491260738266362,83.74676012631156,4,0,0,0,291.03999999999996,51.99999999999999,0,0
0.13,30.835129773264285,83.72895589316754,4,0,0,0,276.7299999999999,48.99999999999998,0,0
0.13,30.35706141790817,83.30581479601149,4,0,0,0,262.4199999999999,45.99999999999997,0,0
0.13,29.351312155544157,82.80441845036967,4,0,0,0,248.10999999999984,42.99999999999997,0,0
0.13,31.105124594590947,82.5182065460184,4,0,0,0,233.79999999999984,39.99999999999997,0,0
0.13,32.25601049627878,82.12515424647596,4,0,0,0,219.48999999999984,36.999999999999964,0,0
0.13,32.04789909709662,81.94846546959674,4,0,0,0,205.1799999999999,33.99999999999997,0,0
0.15,31.47763667366632,81.83254528774762,4,0,0,0,190.8699999999999,30.99999999999997,0,0
0.15,31.70324419749072,81.30887107515314,4,0,0,0,176.55999999999983,27.99999999999997,0,0
0.15,30.713664345227393,81.10044387635028,4,0,0,0,162.24999999999983,24.99999999999997,0,0
0.15,32.51644023489108,80.8928733361069,4,0,0,0,147.93999999999988,21.99999999999997,0,0
0.15,34.361440700413205,80.50182791164686,4,0,0,0,133.62999999999988,18.99999999999997,0,0
0.15,33.149436596167085,79.97206540789452,4,0,0,0,119.31999999999988,15.999999999999972,0,0
0.15,32.12132808631854,79.79224637872494,4,0,0,0,105.00999999999982,12.999999999999972,0,0
0.15,33.39674032694215,79.2371284715342,4,0,0,0,90.69999999999987,9.999999999999972,0,0
0.15,33.47104599308403,78.8114692709022,4,0,0,0,76.38999999999987,6.999999999999972,0,0
0.15,34.61684987785608,78.75047463834291,4,0,0,0,62.07999999999987,3.9999999999999716,0,0
0.17,33.6663207560202,78.37338955880656,4,0,0,0,47.76999999999987,0.9999999999999716,0,0
0.17,34.08624397429557,78.41338620432653,4,0,0,0,43,0.0,0,0
0.17,35,78.74903779488365,4,0,0,0,57.31,3.0,0,0
0.17,35,78.98606554904511,4,0,0,0,71.62,6.0,0,0
0.17,33.87230590452169,79.06351351727851,4,0,0,0,85.93,9.0,0,0
0.17,32.2869208393194,79.3130903848698,4,0,0,0,100.24000000000001,12.0,0,0
0.17,31.76014889661893,79.84311609095006,4,0,0,0,114.55000000000001,15.0,0,0
0.17,32.330384930436665,79.86891550683102,4,0,0,0,128.86,18.0,0,0
0.17,32.25186465273252,80.38817850755619,4,0,0,0,143.16999999999996,21.0,0,0
0.17,34.16320730863979,80.43552741743119,4,0,0,0,157.48000000000002,24.0,0,0
0.18,32.61494242533527,80.46679470709145,4,0,0,0,171.79000000000002,27.0,0,0
0.18,33.64241299205052,80.8796837336658,4,0,0,0,186.10000000000002,30.0,0,0
0.18,35,81.02787035139124,5,0,0,0,200.40999999999997,33.0,0,0
0.18,35,81.34364661398772,5,0,0,0,214.71999999999997,36.0,0,0
0.18,33.11145038939964,81.49857100612262,5,0,0,0,229.03000000000003,39.0,0,0
0.18,31.24941569591935,81.97625896799066,5,0,0,0,243.34000000000003,42.00000000000001,0,0
0.18,31.57516213245578,82.23614469897068,5,0,0,0,257.65000000000003,45.00000000000001,0,0
0.18,32.96427512923553,82.7209901821943,5,0,0,0,271.96000000000004,48.00000000000001,0,0
0.18,32.504197091999636,83.15886131985646,5,0,0,0,286.27000000000004,51.00000000000001,0,0
0.18,31.50432703631519,84.02963933607046,5,0,0,0,300.58000000000004,54.00000000000001,0,0
0.20,32.10798655032796,84.25528414769187,5,0,0,0,314.89000000000004,57.000000000000014,0,0
0.20,31.179392543050053,85.01674989081312,5,0,0,0,329.20000000000005,60.00000000000001,0,0
0.20,32.2143361464973,85.7367561414992,5,0,0,0,343.51,63.0,0,0
0.20,33.0940268598216,86.30501921851457,5,0,0,0,357.82,66.0,0,0
0.20,34.612957399862964,86.81198159209727,5,0,0,0,372.13,69.0,0,0
0.20,32.7326442062094,87.78467136018084,5,0,0,0,386.44,72.0,0,0
0.20,34.36690236564058,88.65045740237801,5,0,0,0,400.75,75.0,0,0
0.20,32.531131733182,89.18915583051503,5,0,0,0,415.06,78.0,0,0
0.20,33.76821453498734,89.77327931378903,5,0,0,0,429.37,81.0,0,0
0.20,34.78663746832475,90.13101861281288,5,0,0,0,443.68,84.0,0,0
0.22,35,91.00452967832496,5,0,0,0,457.99,87.0,0,0
0.22,35,91.50866366332723,5,0,0,0,472.3,90.0,0,0
0.22,35,92.24783061819029,5,0,0,0,486.61,93.0,0,0
0.22,35,92.46102032352141,5,0,0,0,500.92,96.0,0,0
0.22,35,93.14118069237968,5,0,0,0,515.23,99.0,0,0
0.22,8.571428571428571,93.4281603704971,5,0,0,0,520,100.0,0,0
0.22,8.571428571428571,93.2421186925862,5,0,0,0,505.69,97.0,0,0
0.22,8.571428571428571,92.7519861575682,5,0,0,0,491.38,94.0,0,0
0.22,8.571428571428571,92.48106550494404,5,0,0,0,477.07,91.0,0,0
0.22,8.571428571428571,92.26546683397953,5,0,0,0,462.76,88.0,0,0
0.23,8.571428571428571,92.04870159998738,5,0,0,0,448.45,85.0,0,0
0.23,8.571428571428571,91.92106754080062,5,0,0,0,434.14,82.0,0,0
0.23,8.571428571428571,91.69599430870899,5,0,0,0,419.83,79.0,0,0
0.23,8.571428571428571,91.54928250672462,5,0,0,0,405.52,76.0,0,0
0.23,8.571428571428571,91.48108542651258,5,0,0,0,391.21,73.0,0,0
0.23,8.571428571428571,91.27640367435484,5,0,0,0,376.9,70.0,0,0
0.23,8.571428571428571,90.92125857745532,5,0,0,0,362.59000000000003,67.0,0,0
0.23,8.571428571428571,90.52448966280222,5,0,0,0,348.28,63.99999999999999,0,0
0.23,8.571428571428571,90.48375188375012,5,0,0,0,333.96999999999997,60.99999999999999,0,0
0.23,8.571428571428571,90.23020075652957,5,0,0,0,319.65999999999997,57.99999999999999,0,0
0.25,8.571428571428571,90.01363256275799,6,0,0,0,305.34999999999997,54.99999999999999,0,0
0.25,8.571428571428571,89.76273348430185,6,0,0,0,291.03999999999996,51.99999999999999,0,0
0.25,8.571428571428571,89.3732489700319,6,0,0,0,276.7299999999999,48.99999999999998,0,0
0.25,8.571428571428571,89.25756555066337,6,0,0,0,262.4199999999999,45.99999999999997,0,0
0.25,8.571428571428571,89.20313452678208,6,0,0,0,248.10999999999984,42.99999999999997,0,0
0.25,8.571428571428571,89.08526327216977,6,0,0,0,233.79999999999984,39.99999999999997,0,0
0.25,8.571428571428571,88.81270644173156,6,0,0,0,219.48999999999984,36.999999999999964,0,0
0.25,8.571428571428571,88.72576668114606,6,0,0,0,205.1799999999999,33.99999999999997,0,0
0.25,8.571428571428571,88.56476707774918,6,0,0,0,190.8699999999999,30.99999999999997,0,0
0.25,8.571428571428571,88.21732698985608,6,0,0,0,176.55999999999983,27.99999999999997,0,0
0.27,8.571428571428571,88.12438629647467,6,0,0,0,162.24999999999983,24.99999999999997,0,0
0.27,8.571428571428571,87.8996946675801,6,0,0,0,147.93999999999988,21.99999999999997,0,0
0.27,8.571428571428571,87.86509254687012,6,0,0,0,133.62999999999988,18.99999999999997,0,0
0.27,8.571428571428571,87.54531297624284,6,0,0,0,119.31999999999988,15.999999999999972,0,0
0.27,8.571428571428571,87.29849805126581,6,0,0,0,105.00999999999982,12.999999999999972,0,0
0.27,8.571428571428571,86.93859219772862,6,0,0,0,90.69999999999987,9.999999999999972,0,0
0.27,8.571428571428571,86.5679520320678,6,0,0,0,76.38999999999987,6.999999999999972,0,0
0.27,8.571428571428571,86.4008021808788,6,0,0,0,62.07999999999987,3.9999999999999716,0,0
0.27,8.571428571428571,86.40995429780608,6,0,0,0,47.76999999999987,0.9999999999999716,0,0
0.27,8.571428571428571,86.38817045140514,6,0,0,0,43,0.0,0,0
0.28,8.571428571428571,86.6883423454939,6,0,0,0,57.31,3.0,0,0
0.28,8.571428571428571,86.76932471740261,6,0,0,0,71.62,6.0,0,0
0.28,8.571428571428571,86.87474926414237,6,0,0,0,85.93,9.0,0,0
0.28,8.571428571428571,87.00558869715279,6,0,0,0,100.24000000000001,12.0,0,0
0.28,8.571428571428571,87.10859853418359,6,0,0,0,114.55000000000001,15.0,0,0
0.28,8.571428571428571,87.19018718261299,6,0,0,0,128.86,18.0,0,0
0.28,8.571428571428571,87.31123866572209,6,0,0,0,143.16999999999996,21.0,0,0
0.28,8.571428571428571,87.39518832446394,6,0,0,0,157.48000000000002,24.0,0,0
0.28,8.571428571428571,87.4916722382237,6,0,0,0,171.79000000000002,27.0,0,0
0.28,8.571428571428571,87.42019614127831,6,0,0,0,186.10000000000002,30.0,0,0
0.30,8.571428571428571,87.50471445381916,6,0,0,0,200.40999999999997,33.0,0,0
0.30,8.571428571428571,87.84057615823514,6,0,0,0,214.71999999999997,36.0,0,0
0.30,8.571428571428571,87.97946117560957,6,0,0,0,229.03000000000003,39.0,0,0
0.30,8.571428571428571,88.10251671298568,6,0,0,0,243.34000000000003,42.00000000000001,0,0
0.30,8.571428571428571,88.37372592207517,6,0,0,0,257.65000000000003,45.00000000000001,0,0
0.30,8.571428571428571,88.64179903687477,6,0,0,0,271.96000000000004,48.00000000000001,0,0
0.30,8.571428571428571,89.18724530003291,6,0,0,0,286.27000000000004,51.00000000000001,0,0
0.30,8.571428571428571,89.59200841654179,6,0,0,0,300.58000000000004,54.00000000000001,0,0
0.30,8.571428571428571,90.08072338781402,6,0,0,0,314.89000000000004,57.000000000000014,0,0
0.30,8.571428571428571,90.5838943115847,6,0,0,0,329.20000000000005,60.00000000000001,0,0
0.32,8.571428571428571,90.79963314034757,6,0,0,0,343.51,63.0,0,0
0.32,8.571428571428571,91.44485409819195,6,0,0,0,357.82,66.0,0,0
0.32,8.571428571428571,91.57243684697119,6,1,0,0,372.13,69.0,0,0
0.32,8.571428571428571,92.01622594850754,6,1,0,0,386.44,72.0,0,0
0.32,8.571428571428571,92.4249227990515,6,1,0,0,400.75,75.0,0,0
0.32,8.571428571428571,92.65070403576819,6,1,0,0,415.06,78.0,0,0
0.32,8.571428571428571,92.93239154408033,6,1,0,0,429.37,81.0,0,0
0.32,8.571428571428571,93.24487081921666,6,1,0,0,443.68,84.0,0,0
0.32,8.571428571428571,93.47219499324171,6,1,0,0,457.99,87.0,0,0
0.32,8.571428571428571,93.93135709193328,6,1,0,0,472.3,90.0,0,0
0.33,8.571428571428571,94.263233874952,6,1,0,0,486.61,93.0,0,0
0.33,8.571428571428571,94.4752071159035,6,1,0,0,500.92,96.0,0,0
0.33,8.571428571428571,94.69500399105787,6,1,0,0,515.23,99.0,0,0
0.33,8.571428571428571,95.13580873454113,6,1,0,0,520,100.0,0,0
0.33,8.571428571428571,94.86013798038297,6,1,0,0,505.69,97.0,0,0
0.33,8.571428571428571,94.60518052449297,6,1,0,0,491.38,94.0,0,0
0.33,8.571428571428571,94.40048643333525,6,1,0,0,477.07,91.0,0,0
0.33,8.571428571428571,94.33743233018846,6,1,0,0,462.76,88.0,0,0
0.33,8.571428571428571,94.019558197875,6,1,0,0,448.45,85.0,0,0
0.33,8.571428571428571,93.7118966907174,6,1,0,0,434.14,82.0,0,0
0.35,8.571428571428571,93.65471736465311,6,1,0,0,419.83,79.0,0,0
0.35,8.571428571428571,93.42084034668545,6,1,0,0,405.52,76.0,0,0
0.35,8.571428571428571,93.06960734072334,6,1,0,0,391.21,73.0,0,0
0.35,8.571428571428571,92.89291462196395,6,1,0,0,376.9,70.0,0,0
0.35,8.571428571428571,92.6556747834506,6,1,0,0,362.59000000000003,67.0,0,0
0.35,8.571428571428571,92.48953829156848,6,1,0,0,348.28,63.99999999999999,0,0
0.35,8.571428571428571,92.49421681565426,7,1,0,0,333.96999999999997,60.99999999999999,0,0
0.35,8.571428571428571,92.46843182175299,7,1,0,0,319.65999999999997,57.99999999999999,0,0
0.35,8.571428571428571,92.31947930007428,7,1,0,0,305.34999999999997,54.99999999999999,0,0
0.35,8.571428571428571,92.07302536593289,7,1,0,0,291.03999999999996,51.99999999999999,0,0
0.37,8.571428571428571,91.94297102858278,7,1,0,0,276.7299999999999,48.99999999999998,0,0
0.37,8.571428571428571,91.70794570288749,7,1,0,0,262.4199999999999,45.99999999999997,0,0
0.37,8.571428571428571,91.50626752915205,7,1,0,0,248.10999999999984,42.99999999999997,0,0
0.37,8.571428571428571,91.34009508956835,7,1,0,0,233.79999999999984,39.99999999999997,0,0
0.37,8.571428571428571,91.12257556399494,7,1,0,0,219.48999999999984,36.999999999999964,0,0
0.37,8.571428571428571,90.95128526106906,7,1,0,0,205.1799999999999,33.99999999999997,0,0
0.37,8.571428571428571,90.65399974775251,7,1,0,0,190.8699999999999,30.99999999999997,0,0
0.37,8.571428571428571,90.52421056122076,7,1,0,0,176.55999999999983,27.99999999999997,0,0
0.37,8.571428571428571,90.47748389275127,7,1,0,0,162.24999999999983,24.99999999999997,0,0
0.37,8.571428571428571,90.26757419842338,8,1,0,0,147.93999999999988,21.99999999999997,0,0
0.38,8.571428571428571,90.13620963537625,8,1,0,0,133.62999999999988,18.99999999999997,0,0
0.38,8.571428571428571,89.97147316792021,8,1,0,0,119.31999999999988,15.999999999999972,0,0
0.38,8.571428571428571,89.79957206243456,8,1,0,0,105.00999999999982,12.999999999999972,0,0
0.38,8.571428571428571,89.71727672031918,9,1,0,0,90.69999999999987,9.999999999999972,0,0
0.38,8.571428571428571,89.59010784859706,9,1,0,0,76.38999999999987,6.999999999999972,0,0
0.38,8.571428571428571,89.4690894045047,9,1,0,0,62.07999999999987,3.9999999999999716,0,0
0.38,8.571428571428571,89.37743595676515,9,1,0,0,47.76999999999987,0.9999999999999716,0,0
0.38,8.571428571428571,89.06096284155788,10,1,0,0,43,0.0,0,0
0.38,8.571428571428571,89.06465678448507,10,1,0,0,57.31,3.0,0,0
0.38,8.571428571428571,89.0461216215264,10,1,0,0,71.62,6.0,0,0
0.40,8.571428571428571,89.19749929041782,10,1,0,0,85.93,9.0,0,0
0.40,8.571428571428571,89.28716122570705,10,1,0,0,100.24000000000001,12.0,0,0
0.40,8.571428571428571,89.54031603292476,10,1,0,0,114.55000000000001,15.0,0,0
0.40,8.571428571428571,89.52170723172632,11,1,0,0,128.86,18.0,0,0
0.40,8.571428571428571,89.6330378200595,11,1,0,0,143.16999999999996,21.0,0,0
0.40,8.571428571428571,89.55603857889948,11,1,0,0,157.48000000000002,24.0,0,0
0.40,8.571428571428571,89.76114214118111,11,1,0,0,171.79000000000002,27.0,0,0
0.40,8.571428571428571,89.83574616917713,11,1,0,0,186.10000000000002,30.0,0,0
0.40,8.571428571428571,90.07036928653635,11,1,0,0,200.40999999999997,33.0,0,0
0.40,8.571428571428571,90.18305460047682,11,2,0,0,214.71999999999997,36.0,0,0
0.42,8.571428571428571,90.38945365621946,11,2,0,0,229.03000000000003,39.0,0,0
0.42,8.571428571428571,90.2754603733688,11,2,0,0,243.34000000000003,42.00000000000001,0,0
0.42,8.571428571428571,90.48590291518015,11,2,0,0,257.65000000000003,45.00000000000001,0,0
0.42,8.571428571428571,90.66937863465876,11,2,0,0,271.96000000000004,48.00000000000001,0,0
0.42,8.571428571428571,91.1049911315045,11,2,0,0,286.27000000000004,51.00000000000001,0,0
0.42,8.571428571428571,91.35508612398509,11,2,0,0,300.58000000000004,54.00000000000001,0,0
0.42,8.571428571428571,91.63026020942641,11,2,0,0,314.89000000000004,57.000000000000014,0,0
0.42,8.571428571428571,91.70833833184358,11,2,0,0,329.20000000000005,60.00000000000001,0,0
0.42,8.571428571428571,92.03378547871128,11,2,0,0,343.51,63.0,0,0
0.42,8.571428571428571,92.25014684399203,11,2,0,0,357.82,66.0,0,0
0.43,8.571428571428571,92.49073304145637,11,2,0,0,372.13,69.0,0,0
0.43,8.571428571428571,92.84618429839489,11,2,0,0,386.44,72.0,0,0
0.43,8.571428571428571,93.2339726932415,11,2,0,0,400.75,75.0,0,0
0.43,8.571428571428571,93.41087896307153,11,2,0,0,415.06,78.0,0,0
0.43,8.571428571428571,93.5337472244518,11,2,0,0,429.37,81.0,0,0
0.43,8.571428571428571,93.89197372429285,11,2,0,0,443.68,84.0,0,0
0.43,8.571428571428571,94.24699005593757,11,2,0,0,457.99,87.0,0,0
0.43,8.571428571428571,94.48532218842581,11,2,0,0,472.3,90.0,0,0
0.43,8.571428571428571,94.70928625624688,11,2,0,0,486.61,93.0,0,0
0.43,8.571428571428571,94.90192486809812,11,2,0,0,500.92,96.0,0,0
0.45,8.571428571428571,95.27544071637926,11,2,0,0,515.23,99.0,0,0
0.45,8.571428571428571,95.65423881082616,11,2,0,0,520,100.0,0,0
0.45,8.571428571428571,95.5085770658479,11,2,0,0,505.69,97.0,0,0
0.45,8.571428571428571,95.43181512042636,11,2,0,0,491.38,94.0,0,0
0.45,8.571428571428571,95.30300949192188,11,2,0,0,477.07,91.0,0,0
0.45,8.571428571428571,95.0418249213277,11,2,0,0,462.76,88.0,0,0
0.45,8.571428571428571,94.85889161637995,11,2,0,0,448.45,85.0,0,0
0.45,8.571428571428571,94.803632969976,11,2,0,0,434.14,82.0,0,0
0.45,8.571428571428571,94.56351985903736,11,2,0,0,419.83,79.0,0,0
0.45,8.571428571428571,94.3785969930842,11,3,0,0,405.52,76.0,0,0
0.47,8.571428571428571,94.29587807556854,11,3,0,0,391.21,73.0,0,0
0.47,8.571428571428571,94.22623142305197,11,3,0,0,376.9,70.0,0,0
0.47,8.571428571428571,94.01836601879907,11,3,0,0,362.59000000000003,67.0,0,0
0.47,8.571428571428571,93.91486813594287,11,3,0,0,348.28,63.99999999999999,0,0
0.47,8.571428571428571,93.78503767844015,11,3,0,0,333.96999999999997,60.99999999999999,0,0
0.47,8.571428571428571,93.61464484367188,11,3,0,0,319.65999999999997,57.99999999999999,0,0
0.47,8.571428571428571,93.55604786597947,12,3,0,0,305.34999999999997,54.99999999999999,0,0
0.47,8.571428571428571,93.38188614649987,12,3,0,0,291.03999999999996,51.99999999999999,0,0
0.47,8.571428571428571,93.20022369817836,12,3,0,0,276.7299999999999,48.99999999999998,0,0
0.47,8.571428571428571,93.19579995583662,12,3,0,0,262.4199999999999,45.99999999999997,0,0
0.48,8.571428571428571,93.04097815491016,12,3,0,0,248.10999999999984,42.99999999999997,0,0
0.48,8.571428571428571,92.92815300963636,12,3,0,0,233.79999999999984,39.99999999999997,0,0
0.48,8.571428571428571,92.73088157460907,13,3,0,0,219.48999999999984,36.999999999999964,0,0
0.48,8.571428571428571,92.60059523582119,13,3,0,0,205.1799999999999,33.99999999999997,0,0
0.48,8.571428571428571,92.39221368331998,13,3,0,0,190.8699999999999,30.99999999999997,0,0
0.48,8.571428571428571,92.3448856055007,13,3,0,0,176.55999999999983,27.99999999999997,0,0
0.48,8.571428571428571,92.13339467458911,13,3,0,0,162.24999999999983,24.99999999999997,0,0
0.48,8.571428571428571,92.04899398294515,13,3,0,0,147.93999999999988,21.99999999999997,0,0
0.48,8.571428571428571,91.88544944713001,13,3,0,0,133.62999999999988,18.99999999999997,0,0
0.48,8.571428571428571,91.70311442966477,13,3,0,0,119.31999999999988,15.999999999999972,0,0
0.50,8.571428571428571,91.62023505554487,13,3,0,0,105.00999999999982,12.999999999999972,0,0
0.50,8.571428571428571,91.47490618941322,13,3,0,0,90.69999999999987,9.999999999999972,0,0
0.50,8.571428571428571,91.41637912388148,13,3,0,0,76.38999999999987,6.999999999999972,0,0
0.50,8.571428571428571,91.34018034392757,13,3,0,0,62.07999999999987,3.9999999999999716,0,0
0.50,8.571428571428571,91.26022725777291,13,3,0,0,47.76999999999987,0.9999999999999716,0,0
0.50,8.571428571428571,91.0693712652255,13,3,0,0,43,0.0,0,0
0.50,8.571428571428571,91.12262925798616,13,3,0,0,57.31,3.0,0,0
0.50,8.571428571428571,91.0623225271782,13,3,0,0,71.62,6.0,0,0
0.50,8.571428571428571,91.22209881890441,13,3,0,0,85.93,9.0,0,0
0.50,8.571428571428571,91.20213094349829,13,3,0,0,100.24000000000001,12.0,0,0
0.52,8.571428571428571,91.24165735878024,13,3,0,0,114.55000000000001,15.0,0,0
0.52,8.571428571428571,91.36780017119257,13,3,0,0,128.86,18.0,0,0
0.52,8.571428571428571,91.53727669431922,13,3,0,0,143.16999999999996,21.0,0,0
0.52,8.571428571428571,91.54283941763028,13,3,0,0,157.48000000000002,24.0,0,0
0.52,8.571428571428571,91.53730414960525,13,3,0,0,171.79000000000002,27.0,0,0
0.52,8.571428571428571,91.52931505483141,13,3,0,0,186.10000000000002,30.0,0,0
0.52,8.571428571428571,91.68884043383277,13,3,0,0,200.40999999999997,33.0,0,0
0.52,8.571428571428571,91.82130857458053,13,3,0,0,214.71999999999997,36.0,0,0
0.52,8.571428571428571,91.98886417491323,13,3,0,0,229.03000000000003,39.0,0,0
0.52,8.571428571428571,92.01775840814423,13,3,0,0,243.34000000000003,42.00000000000001,0,0
0.53,8.571428571428571,92.11720333640771,13,3,0,0,257.65000000000003,45.00000000000001,0,0
0.53,8.571428571428571,92.12307782508032,13,3,0,0,271.96000000000004,48.00000000000001,0,0
0.53,8.571428571428571,92.32165782424546,13,3,0,0,286.27000000000004,51.00000000000001,0,0
0.53,8.571428571428571,92.48522730286489,13,3,0,0,300.58000000000004,54.00000000000001,0,0
0.53,8.571428571428571,92.59458813846555,13,3,0,0,314.89000000000004,57.000000000000014,0,0
0.53,8.571428571428571,92.70784722783488,13,3,0,0,329.20000000000005,60.00000000000001,0,0
0.53,8.571428571428571,92.82694191090866,13,3,0,0,343.51,63.0,0,0
0.53,8.571428571428571,93.16964219410258,13,3,0,0,357.82,66.0,0,0
0.53,8.571428571428571,93.40133743476963,13,3,0,0,372.13,69.0,0,0
0.53,8.571428571428571,93.65379791295312,13,3,0,0,386.44,72.0,0,0
0.55,8.571428571428571,93.91561874608384,13,3,0,0,400.75,75.0,0,0
0.55,8.571428571428571,94.06533117587918,13,3,0,0,415.06,78.0,0,0
0.55,8.571428571428571,94.19724033188507,13,3,0,0,429.37,81.0,0,0
0.55,8.571428571428571,94.4035268293089,13,3,0,0,443.68,84.0,0,0
0.55,8.571428571428571,94.72344514032181,13,3,0,0,457.99,87.0,0,0
0.55,8.571428571428571,94.96490401844792,13,3,0,0,472.3,90.0,0,0
0.55,8.571428571428571,95.12256215726107,13,3,0,0,486.61,93.0,0,0
0.55,8.571428571428571,95.32168171816537,13,3,0,0,500.92,96.0,0,0
0.55,8.571428571428571,95.55630900438385,13,3,0,0,515.23,99.0,0,0
0.55,8.571428571428571,95.84201722086566,13,3,0,0,520,100.0,0,0
0.57,8.571428571428571,95.67241132345737,13,3,0,0,505.69,97.0,0,0
0.57,8.571428571428571,95.56269621011747,13,3,0,0,491.38,94.0,0,0
0.57,8.571428571428571,95.39872840496768,13,3,0,0,477.07,91.0,0,0
0.57,8.571428571428571,95.24224903761622,13,3,0,0,462.76,88.0,0,0
0.57,8.571428571428571,95.02881691808209,13,3,0,0,448.45,85.0,0,0
0.57,8.571428571428571,94.90968799348495,13,3,0,0,434.14,82.0,0,0
0.57,8.571428571428571,94.75034553549912,13,3,0,0,419.83,79.0,0,0
0.57,8.571428571428571,94.62289920009415,13,3,0,0,405.52,76.0,0,0
0.57,8.571428571428571,94.56927852242994,13,3,0,0,391.21,73.0,0,0
0.57,8.571428571428571,94.48816920702504,13,3,0,0,376.9,70.0,0,0
0.58,8.571428571428571,94.34109741027508,13,3,0,0,362.59000000000003,67.0,0,0
0.58,8.571428571428571,94.28979070740938,13,3,0,0,348.28,63.99999999999999,0,0
0.58,8.571428571428571,94.23950330917134,13,3,0,0,333.96999999999997,60.99999999999999,0,0
0.58,8.571428571428571,94.15165150843225,13,3,0,0,319.65999999999997,57.99999999999999,0,0
0.58,8.571428571428571,94.03233322332024,13,3,0,0,305.34999999999997,54.99999999999999,0,0
0.58,8.571428571428571,93.86921962846924,13,3,0,0,291.03999999999996,51.99999999999999,0,0
0.58,8.571428571428571,93.72643408804701,13,3,0,0,276.7299999999999,48.99999999999998,0,0
0.58,8.571428571428571,93.58374159906636,13,3,0,0,262.4199999999999,45.99999999999997,0,0
0.58,8.571428571428571,93.47177423057101,13,3,0,0,248.10999999999984,42.99999999999997,0,0
0.58,8.571428571428571,93.39147373419247,13,3,0,0,233.79999999999984,39.99999999999997,0,0
0.60,8.571428571428571,93.29043307834341,13,3,0,0,219.48999999999984,36.999999999999964,0,0
0.60,8.571428571428571,93.25842601148229,13,3,0,0,205.1799999999999,33.99999999999997,0,0
0.60,8.571428571428571,93.16566779305242,13,3,0,0,190.8699999999999,30.99999999999997,0,0
0.60,8.571428571428571,93.05017923489198,13,3,0,0,176.55999999999983,27.99999999999997,0,0
0.60,8.571428571428571,92.93730661879857,13,3,0,0,162.24999999999983,24.99999999999997,0,0
0.60,8.571428571428571,92.85177227453511,13,3,0,0,147.93999999999988,21.99999999999997,0,0
0.60,8.571428571428571,92.73825492944893,13,3,0,0,133.62999999999988,18.99999999999997,0,0
0.60,8.571428571428571,92.6669663215814,13,3,0,0,119.31999999999988,15.999999999999972,0,0
0.60,8.571428571428571,92.5525851908247,13,3,0,0,105.00999999999982,12.999999999999972,0,0
0.60,8.571428571428571,92.47247824519599,13,3,0,0,90.69999999999987,9.999999999999972,0,0
0.62,8.571428571428571,92.32979592262873,13,3,0,0,76.38999999999987,6.999999999999972,0,0
0.62,8.571428571428571,92.26592808987112,14,3,0,0,62.07999999999987,3.9999999999999716,0,0
0.62,8.571428571428571,92.12028018579606,14,3,0,0,47.76999999999987,0.9999999999999716,0,0
0.62,8.571428571428571,92.04131565485402,14,3,0,0,43,0.0,0,0
0.62,8.571428571428571,91.98017840547986,14,3,0,0,57.31,3.0,0,0
0.62,8.571428571428571,92.0721355011297,14,3,0,0,71.62,6.0,0,0
0.62,8.571428571428571,92.05613645737569,14,3,0,0,85.93,9.0,0,0
0.62,8.571428571428571,92.12780037917112,14,3,0,0,100.24000000000001,12.0,0,0
0.62,8.571428571428571,92.21341762786197,14,3,0,0,114.55000000000001,15.0,0,0
0.62,8.571428571428571,92.20708315671071,14,3,0,0,128.86,18.0,0,0
0.63,8.571428571428571,92.28743708088047,14,3,0,0,143.16999999999996,21.0,0,0
0.63,8.571428571428571,92.44160540330951,14,3,0,0,157.48000000000002,24.0,0,0
0.63,8.571428571428571,92.43463483752737,14,3,0,0,171.79000000000002,27.0,0,0
0.63,8.571428571428571,92.6047989296423,14,3,0,0,186.10000000000002,30.0,0,0
0.63,8.571428571428571,92.72949596986177,14,3,0,0,200.40999999999997,33.0,0,0
0.63,8.571428571428571,92.83474756335549,15,3,0,0,214.71999999999997,36.0,0,0
0.63,8.571428571428571,92.93218998103627,16,3,0,0,229.03000000000003,39.0,0,0
0.63,8.571428571428571,92.93549211331563,16,3,0,0,243.34000000000003,42.00000000000001,0,0
0.63,8.571428571428571,92.97793754580252,16,3,0,0,257.65000000000003,45.00000000000001,0,0
0.63,8.571428571428571,92.97167820001185,16,3,0,0,271.96000000000004,48.00000000000001,0,0
0.65,8.571428571428571,93.1688010094394,16,3,0,0,286.27000000000004,51.00000000000001,0,0
0.65,8.571428571428571,93.25168097479981,16,3,0,0,300.58000000000004,54.00000000000001,0,0
0.65,8.571428571428571,93.34476549155023,16,3,0,0,314.89000000000004,57.000000000000014,0,0
0.65,8.571428571428571,93.4331588498565,16,3,0,0,329.20000000000005,60.00000000000001,0,0
0.65,8.571428571428571,93.56003624182532,16,3,0,0,343.51,63.0,0,0
0.65,8.571428571428571,93.70579394878199,16,3,0,0,357.82,66.0,0,0
0.65,8.571428571428571,93.76583705009138,16,3,0,0,372.13,69.0,0,0
0.65,8.571428571428571,93.95927043238537,16,3,0,0,386.44,72.0,0,0
0.65,8.571428571428571,94.14079355153899,16,3,0,0,400.75,75.0,0,0
0.65,8.571428571428571,94.33800548475416,16,3,0,0,415.06,78.0,0,0
0.67,8.571428571428571,94.52269439959872,16,3,0,0,429.37,81.0,0,0
0.67,8.571428571428571,94.65175494918395,16,3,0,0,443.68,84.0,0,0
0.67,8.571428571428571,94.85544973402315,16,3,0,0,457.99,87.0,0,0
0.67,8.571428571428571,95.05011231669982,16,3,0,0,472.3,90.0,0,0
0.67,8.571428571428571,95.30813377014223,16,3,0,0,486.61,93.0,0,0
0.67,8.571428571428571,95.4982495139276,16,3,0,0,500.92,96.0,0,0
0.67,8.571428571428571,95.61336423862674,16,3,0,0,515.23,99.0,0,0
0.67,8.571428571428571,95.73006502095329,16,3,0,0,520,100.0,0,0
0.67,8.571428571428571,95.56168829110582,16,3,0,0,505.69,97.0,0,0
0.67,8.571428571428571,95.45648154513529,16,3,0,0,491.38,94.0,0,0
0.68,8.571428571428571,95.37578887115703,16,3,0,0,477.07,91.0,0,0
0.68,8.571428571428571,95.34223685011143,16,3,0,0,462.76,88.0,0,0
0.68,8.571428571428571,95.29093705202337,16,3,0,0,448.45,85.0,0,0
0.68,8.571428571428571,95.17221534428145,16,3,0,0,434.14,82.0,0,0
0.68,8.571428571428571,95.01652113684192,16,3,0,0,419.83,79.0,0,0
0.68,8.571428571428571,94.88349513968382,16,3,0,0,405.52,76.0,0,0
0.68,8.571428571428571,94.74464418649534,16,3,0,0,391.21,73.0,0,0
0.68,8.571428571428571,94.68806928556872,16,3,0,0,376.9,70.0,0,0
0.68,8.571428571428571,94.5299352562237,16,3,0,0,362.59000000000003,67.0,0,0
0.68,8.571428571428571,94.42147351762459,16,3,0,0,348.28,63.99999999999999,0,0
0.70,8.571428571428571,94.34945543574347,16,3,0,0,333.96999999999997,60.99999999999999,0,0
0.70,8.571428571428571,94.2416459063911,16,3,0,0,319.65999999999997,57.99999999999999,0,0
0.70,8.571428571428571,94.2406534199515,16,3,0,0,305.34999999999997,54.99999999999999,0,0
0.70,8.571428571428571,94.16715084445867,16,3,0,0,291.03999999999996,51.99999999999999,0,0
0.70,8.571428571428571,94.10062014410296,16,3,0,0,276.7299999999999,48.99999999999998,0,0
0.70,8.571428571428571,93.97092514081938,16,3,0,0,262.4199999999999,45.99999999999997,0,0
0.70,8.571428571428571,93.86130326893635,16,3,0,0,248.10999999999984,42.99999999999997,0,0
0.70,8.571428571428571,93.86088772329761,17,3,0,0,233.79999999999984,39.99999999999997,0,0
0.70,8.571428571428571,93.7295875228848,17,3,0,0,219.48999999999984,36.999999999999964,0,0
0.70,8.571428571428571,93.6179280942094,17,3,0,0,205.1799999999999,33.99999999999997,0,0
0.72,8.571428571428571,93.54623616076745,17,3,0,0,190.8699999999999,30.99999999999997,0,0
0.72,8.571428571428571,93.48042417980984,17,3,0,0,176.55999999999983,27.99999999999997,0,0
0.72,8.571428571428571,93.35308366548894,17,3,0,0,162.24999999999983,24.99999999999997,0,0
0.72,8.571428571428571,93.30495600789256,17,3,0,0,147.93999999999988,21.99999999999997,0,0
0.72,8.571428571428571,93.15404207269546,18,3,0,0,133.62999999999988,18.99999999999997,0,0
0.72,8.571428571428571,93.05295438594469,18,3,0,0,119.31999999999988,15.999999999999972,0,0
0.72,8.571428571428571,92.9763949535618,18,3,0,0,105.00999999999982,12.999999999999972,0,0
0.72,8.571428571428571,92.88012966941439,18,3,0,0,90.69999999999987,9.999999999999972,0,0
0.72,8.571428571428571,92.85709047002973,18,3,0,0,76.38999999999987,6.999999999999972,0,0
0.72,8.571428571428571,92.72345741898508,18,3,0,0,62.07999999999987,3.9999999999999716,0,0
0.73,8.571428571428571,92.69662892636941,18,3,0,0,47.76999999999987,0.9999999999999716,0,0
0.73,8.571428571428571,92.59259355769932,18,3,0,0,43,0.0,0,0
0.73,8.571428571428571,92.56909969289678,18,3,0,0,57.31,3.0,0,0
0.73,8.571428571428571,92.57468127501933,18,3,0,0,71.62,6.0,0,0
0.73,8.571428571428571,92.68259397355133,18,3,0,0,85.93,9.0,0,0
0.73,8.571428571428571,92.76616453948377,18,3,0,0,100.24000000000001,12.0,0,0
0.73,8.571428571428571,92.83745391371855,18,3,0,0,114.55000000000001,15.0,0,0
0.73,8.571428571428571,92.96501425607536,18,3,0,0,128.86,18.0,0,0
0.73,8.571428571428571,93.05614900237218,18,3,0,0,143.16999999999996,21.0,0,0
0.73,8.571428571428571,93.06951206584343,18,3,0,0,157.48000000000002,24.0,0,0
0.75,8.571428571428571,93.12254543477738,18,3,0,0,171.79000000000002,27.0,0,0
0.75,8.571428571428571,93.18438798657671,18,3,0,0,186.10000000000002,30.0,0,0
0.75,8.571428571428571,93.25163949735887,18,3,0,0,200.40999999999997,33.0,0,0
0.75,8.571428571428571,93.23999657540102,18,3,0,0,214.71999999999997,36.0,0,0
0.75,8.571428571428571,93.29102607927462,18,3,0,0,229.03000000000003,39.0,0,0
0.75,8.571428571428571,93.3279280661005,18,3,0,0,243.34000000000003,42.00000000000001,0,0
0.75,8.571428571428571,93.27768707109385,18,3,0,0,257.65000000000003,45.00000000000001,0,0
0.75,8.571428571428571,93.30893863365934,18,3,0,0,271.96000000000004,48.00000000000001,0,0
0.75,8.571428571428571,93.36252657626682,18,3,0,0,286.27000000000004,51.00000000000001,0,0
0.75,8.571428571428571,93.57973160585617,18,3,0,0,300.58000000000004,54.00000000000001,0,0
0.77,8.571428571428571,93.78983254159053,19,3,0,0,314.89000000000004,57.000000000000014,0,0
0.77,8.571428571428571,93.93867317411953,19,3,0,0,329.20000000000005,60.00000000000001,0,0
0.77,8.571428571428571,94.04447808964076,19,3,0,0,343.51,63.0,0,0
0.77,8.571428571428571,94.21640940603696,19,3,0,0,357.82,66.0,0,0
0.77,8.571428571428571,94.32578561147572,19,3,0,0,372.13,69.0,0,0
0.77,8.571428571428571,94.39082359430147,19,3,0,0,386.44,72.0,0,0
0.77,8.571428571428571,94.55106590851739,19,3,0,0,400.75,75.0,0,0
0.77,8.571428571428571,94.71375788440675,19,3,0,0,415.06,78.0,0,0
0.77,8.571428571428571,94.87477973648757,20,3,0,0,429.37,81.0,0,0
0.77,8.571428571428571,94.96439596871531,20,3,0,0,443.68,84.0,0,0
0.78,8.571428571428571,95.12578627589514,20,3,0,0,457.99,87.0,0,0
0.78,8.571428571428571,95.19453844402693,20,3,0,0,472.3,90.0,0,0
0.78,8.571428571428571,95.31613756513774,20,3,0,0,486.61,93.0,0,0
0.78,8.571428571428571,95.43548020122071,20,3,0,0,500.92,96.0,0,0
0.78,8.571428571428571,95.53256175290164,20,3,0,0,515.23,99.0,0,0
0.78,8.571428571428571,95.69438211567804,20,3,0,0,520,100.0,0,0
0.78,8.571428571428571,95.53149783353389,20,3,0,0,505.69,97.0,0,0
0.78,8.571428571428571,95.4420522284041,20,3,0,0,491.38,94.0,0,0
0.78,8.571428571428571,95.38096196010753,20,3,0,0,477.07,91.0,0,0
0.78,8.571428571428571,95.30964393145092,20,3,0,0,462.76,88.0,0,0
0.80,8.571428571428571,95.29206544283142,20,3,0,0,448.45,85.0,0,0
0.80,8.571428571428571,95.23158996283864,20,3,0,0,434.14,82.0,0,0
0.80,8.571428571428571,95.14259501788554,21,3,0,0,419.83,79.0,0,0
0.80,8.571428571428571,94.9936843570221,21,3,0,0,405.52,76.0,0,0
0.80,8.571428571428571,94.891689755293,21,3,0,0,391.21,73.0,0,0
0.80,8.571428571428571,94.76517497044246,21,3,0,0,376.9,70.0,0,0
0.80,8.571428571428571,94.67481216474093,21,3,0,0,362.59000000000003,67.0,0,0
0.80,8.571428571428571,94.60879830491741,21,3,0,0,348.28,63.99999999999999,0,0
0.80,8.571428571428571,94.4711441422752,21,3,0,0,333.96999999999997,60.99999999999999,0,0
0.80,8.571428571428571,94.42575994667575,21,3,0,0,319.65999999999997,57.99999999999999,0,0
0.82,8.571428571428571,94.33627986793152,21,3,0,0,305.34999999999997,54.99999999999999,0,0
0.82,8.571428571428571,94.24582563407262,21,3,0,0,291.03999999999996,51.99999999999999,0,0
0.82,8.571428571428571,94.17866526385808,22,3,0,0,276.7299999999999,48.99999999999998,0,0
0.82,8.571428571428571,94.05751574481907,22,3,0,0,262.4199999999999,45.99999999999997,0,0
0.82,8.571428571428571,93.96568619281264,22,3,0,0,248.10999999999984,42.99999999999997,0,0
0.82,8.571428571428571,93.92159831004388,22,3,0,0,233.79999999999984,39.99999999999997,0,0
0.82,8.571428571428571,93.85055699961265,22,3,0,0,219.48999999999984,36.999999999999964,0,0
0.82,8.571428571428571,93.74230378535042,22,3,0,0,205.1799999999999,33.99999999999997,0,0
0.82,8.571428571428571,93.66990991338041,22,3,0,0,190.8699999999999,30.99999999999997,0,0
0.82,8.571428571428571,93.62728273507963,22,3,0,0,176.55999999999983,27.99999999999997,0,0
0.83,8.571428571428571,93.46378383635636,22,3,0,0,162.24999999999983,24.99999999999997,0,0
0.83,8.571428571428571,93.39514020339077,22,3,0,0,147.93999999999988,21.99999999999997,0,0
0.83,8.571428571428571,93.29600278302499,22,3,0,0,133.62999999999988,18.99999999999997,0,0
0.83,8.571428571428571,93.2647336982748,22,3,0,0,119.31999999999988,15.999999999999972,0,0
0.83,8.571428571428571,93.1547912431755,22,3,0,0,105.00999999999982,12.999999999999972,0,0
0.83,8.571428571428571,93.10369298065488,22,3,0,0,90.69999999999987,9.999999999999972,0,0
0.83,8.571428571428571,93.02549972896759,22,3,0,0,76.38999999999987,6.999999999999972,0,0
0.83,8.571428571428571,92.91938388812869,22,3,0,0,62.07999999999987,3.9999999999999716,0,0
0.83,8.571428571428571,92.89533855867909,22,3,0,0,47.76999999999987,0.9999999999999716,0,0
0.83,8.571428571428571,92.82509370371007,22,3,0,0,43,0.0,0,0
0.85,8.571428571428571,92.84145745313366,22,3,0,0,57.31,3.0,0,0
0.85,8.571428571428571,92.79463213459466,22,3,0,0,71.62,6.0,0,0
0.85,8.571428571428571,92.86144908782413,22,3,0,0,85.93,9.0,0,0
0.85,8.571428571428571,92.9745907118347,23,3,0,0,100.24000000000001,12.0,0,0
0.85,8.571428571428571,93.0986195313087,23,3,0,0,114.55000000000001,15.0,0,0
0.85,8.571428571428571,93.10847184417884,24,3,0,0,128.86,18.0,0,0
0.85,8.571428571428571,93.05432794637566,24,3,0,0,143.16999999999996,21.0,0,0
0.85,8.571428571428571,93.02602693362006,24,3,0,0,157.48000000000002,24.0,0,0
0.85,8.571428571428571,93.03785359322923,24,3,0,0,171.79000000000002,27.0,0,0
0.85,8.571428571428571,93.07983881079906,24,3,0,0,186.10000000000002,30.0,0,0
0.87,8.571428571428571,93.03176450552472,24,3,0,0,200.40999999999997,33.0,0,0
0.87,8.571428571428571,93.028063954356,24,3,0,0,214.71999999999997,36.0,0,0
0.87,8.571428571428571,92.99495953122852,24,3,0,0,229.03000000000003,39.0,0,0
0.87,8.571428571428571,93.0458310907375,24,3,0,0,243.34000000000003,42.00000000000001,0,0
0.87,8.571428571428571,93.08991434126631,24,3,0,0,257.65000000000003,45.00000000000001,0,0
0.87,8.571428571428571,93.11502594780917,24,3,0,0,271.96000000000004,48.00000000000001,0,0
0.87,8.571428571428571,93.27816430147675,24,3,0,0,286.27000000000004,51.00000000000001,0,0
0.87,8.571428571428571,93.44836028181909,24,3,0,0,300.58000000000004,54.00000000000001,0,0
0.87,8.571428571428571,93.53588898606996,24,3,0,0,314.89000000000004,57.000000000000014,0,0
0.87,8.571428571428571,93.60295030384854,24,3,0,0,329.20000000000005,60.00000000000001,0,0
0.88,8.571428571428571,93.79549844281186,24,3,0,0,343.51,63.0,0,0
0.88,8.571428571428571,93.92130022533159,24,3,0,0,357.82,66.0,0,0
0.88,8.571428571428571,94.1060887494473,24,3,0,0,372.13,69.0,0,0
0.88,8.571428571428571,94.30277820827814,24,3,0,0,386.44,72.0,0,0
0.88,8.571428571428571,94.42211992681817,24,3,0,0,400.75,75.0,0,0
0.88,8.571428571428571,94.48918407372686,24,3,0,0,415.06,78.0,0,0
0.88,8.571428571428571,94.6303195162637,24,3,0,0,429.37,81.0,0,0
0.88,8.571428571428571,94.76265215592196,24,3,0,0,443.68,84.0,0,0
0.88,8.571428571428571,94.90994793349277,25,3,0,0,457.99,87.0,0,0
0.88,8.571428571428571,95.0899899720806,25,3,0,0,472.3,90.0,0,0
0.90,8.571428571428571,95.26864390900175,25,3,0,0,486.61,93.0,0,0
0.90,8.571428571428571,95.31994164504744,25,3,0,0,500.92,96.0,0,0
0.90,8.571428571428571,95.51378566976214,25,3,0,0,515.23,99.0,0,0
0.90,8.571428571428571,95.70994537697491,25,3,0,0,520,100.0,0,0
0.90,8.571428571428571,95.61132295911275,25,3,0,0,505.69,97.0,0,0
0.90,8.571428571428571,95.57147504604387,25,3,0,0,491.38,94.0,0,0
0.90,8.571428571428571,95.46728059481042,25,3,0,0,477.07,91.0,0,0
0.90,8.571428571428571,95.37608088966499,25,3,0,0,462.76,88.0,0,0
0.90,8.571428571428571,95.32230377367,25,3,0,0,448.45,85.0,0,0
0.90,8.571428571428571,95.30645595868509,25,3,0,0,434.14,82.0,0,0
0.92,8.571428571428571,95.25974703158144,25,3,0,0,419.83,79.0,0,0
0.92,8.571428571428571,95.1817506357139,25,3,0,0,405.52,76.0,0,0
0.92,8.571428571428571,95.0349802449872,25,3,0,0,391.21,73.0,0,0
0.92,8.571428571428571,94.9096574020818,25,3,0,0,376.9,70.0,0,0
0.92,8.571428571428571,94.87031788299622,25,3,0,0,362.59000000000003,67.0,0,0
0.92,8.571428571428571,94.76422767723727,25,3,0,0,348.28,63.99999999999999,0,0
0.92,8.571428571428571,94.70739507161689,25,3,0,0,333.96999999999997,60.99999999999999,0,0
0.92,8.571428571428571,94.68153021160872,25,3,0,0,319.65999999999997,57.99999999999999,0,0
0.92,8.571428571428571,94.55945600869984,25,3,0,0,305.34999999999997,54.99999999999999,0,0
0.92,8.571428571428571,94.50989491921446,25,3,0,0,291.03999999999996,51.99999999999999,0,0
0.93,8.571428571428571,94.49094293387742,25,3,0,0,276.7299999999999,48.99999999999998,0,0
0.93,8.571428571428571,94.35637840853848,25,3,0,0,262.4199999999999,45.99999999999997,0,0
0.93,8.571428571428571,94.25522524615576,25,3,0,0,248.10999999999984,42.99999999999997,0,0
0.93,8.571428571428571,94.18050441506605,25,3,0,0,233.79999999999984,39.99999999999997,0,0
0.93,8.571428571428571,94.14715515074204,25,3,0,0,219.48999999999984,36.999999999999964,0,0
0.93,8.571428571428571,94.04340806405929,26,3,0,0,205.1799999999999,33.99999999999997,0,0
0.93,8.571428571428571,93.97408276280692,26,3,0,0,190.8699999999999,30.99999999999997,0,0
0.93,8.571428571428571,93.92383350439866,26,3,0,0,176.55999999999983,27.99999999999997,0,0
0.93,8.571428571428571,93.82227170163203,26,3,0,0,162.24999999999983,24.99999999999997,0,0
0.93,8.571428571428571,93.75927973218175,26,3,0,0,147.93999999999988,21.99999999999997,0,0
0.95,8.571428571428571,93.69997780665155,26,3,0,0,133.62999999999988,18.99999999999997,0,0
0.95,8.571428571428571,93.65881516413616,26,3,0,0,119.31999999999988,15.999999999999972,0,0
0.95,8.571428571428571,93.60953359695414,26,3,0,0,105.00999999999982,12.999999999999972,0,0
0.95,8.571428571428571,93.54424346648304,26,3,0,0,90.69999999999987,9.999999999999972,0,0
0.95,8.571428571428571,93.4866085966428,26,3,0,0,76.38999999999987,6.999999999999972,0,0
0.95,8.571428571428571,93.40176765657823,26,3,0,0,62.07999999999987,3.9999999999999716,0,0
0.95,8.571428571428571,93.39344398583943,26,3,0,0,47.76999999999987,0.9999999999999716,0,0
0.95,8.571428571428571,93.3208021780573,26,3,0,0,43,0.0,0,0
0.95,8.571428571428571,93.29663688895486,26,3,0,0,57.31,3.0,0,0
0.95,8.571428571428571,93.32215303873181,26,3,0,0,71.62,6.0,0,0
0.97,8.571428571428571,93.3940063946335,26,3,0,0,85.93,9.0,0,0
0.97,8.571428571428571,93.50775706954393,26,3,0,0,100.24000000000001,12.0,0,0
0.97,8.571428571428571,93.50278576244568,26,3,0,0,114.55000000000001,15.0,0,0
0.97,8.571428571428571,93.5427023159202,26,3,0,0,128.86,18.0,0,0
0.97,8.571428571428571,93.63102027121269,26,3,0,0,143.16999999999996,21.0,0,0
0.97,8.571428571428571,93.66997372286892,26,3,0,0,157.48000000000002,24.0,0,0
0.97,8.571428571428571,93.70719054884562,26,3,0,0,171.79000000000002,27.0,0,0
0.97,8.571428571428571,93.7968062464028,26,3,0,0,186.10000000000002,30.0,0,0
0.97,8.571428571428571,93.79136446967448,26,3,0,0,200.40999999999997,33.0,0,0
0.97,8.571428571428571,93.84175838544685,26,3,0,0,214.71999999999997,36.0,0,0
0.98,8.571428571428571,93.87402405560111,26,4,0,0,229.03000000000003,39.0,0,0
0.98,8.571428571428571,93.86470879609874,26,4,0,0,243.34000000000003,42.00000000000001,0,0
0.98,8.571428571428571,93.93812407605313,26,4,0,0,257.65000000000003,45.00000000000001,0,0
0.98,8.571428571428571,93.92106636907215,26,4,0,0,271.96000000000004,48.00000000000001,0,0
0.98,8.571428571428571,93.96597594133958,26,4,0,0,286.27000000000004,51.00000000000001,0,0
0.98,8.571428571428571,94.14684146135647,26,4,0,0,300.58000000000004,54.00000000000001,0,0
0.98,8.571428571428571,94.28965497759894,26,4,0,0,314.89000000000004,57.000000000000014,0,0
0.98,8.571428571428571,94.40947225640814,26,4,0,0,329.20000000000005,60.00000000000001,0,0
0.98,8.571428571428571,94.45815651817186,26,4,0,0,343.51,63.0,0,0
0.98,8.571428571428571,94.6465716003134,26,4,0,0,357.82,66.0,0,0
1.00,8.571428571428571,94.67848153669122,27,4,0,0,372.13,69.0,0,0
1.00,8.571428571428571,94.77533821452892,27,4,0,0,386.44,72.0,0,0
1.00,8.571428571428571,94.94690881541494,27,4,0,0,400.75,75.0,0,0
1.00,8.571428571428571,95.08636727373634,27,4,0,0,415.06,78.0,0,0
1.00,8.571428571428571,95.15588752159952,27,4,0,0,429.37,81.0,0,0
1.00,8.571428571428571,95.2690961117496,27,4,0,0,443.68,84.0,0,0
1.00,8.571428571428571,95.32148084179515,28,4,0,0,457.99,87.0,0,0
1.00,8.571428571428571,95.37601148998525,28,4,0,0,472.3,90.0,0,0
1.00,8.571428571428571,95.50794716115736,28,4,0,0,486.61,93.0,0,0
1.00,8.571428571428571,95.62914003086051,28,4,0,0,500.92,96.0,0,0
1.02,8.571428571428571,95.73777812048012,28,4,0,0,515.23,99.0,0,0
1.02,8.571428571428571,95.85044141443096,28,4,0,0,520,100.0,0,0
1.02,8.571428571428571,95.7743950495878,28,4,0,0,505.69,97.0,0,0
1.02,8.571428571428571,95.68680755612331,28,4,0,0,491.38,94.0,0,0
1.02,8.571428571428571,95.63818999340205,28,4,0,0,477.07,91.0,0,0
1.02,8.571428571428571,95.57478059148659,28,4,0,0,462.76,88.0,0,0
1.02,8.571428571428571,95.54445491174137,28,5,0,0,448.45,85.0,0,0
1.02,8.571428571428571,95.47265509535642,28,5,0,0,434.14,82.0,0,0
1.02,8.571428571428571,95.42489716113428,29,5,0,0,419.83,79.0,0,0
1.02,8.571428571428571,95.30729523638821,29,5,0,0,405.52,76.0,0,0
1.03,8.571428571428571,95.23542423775163,29,5,0,0,391.21,73.0,0,0
1.03,8.571428571428571,95.16805926219452,29,5,0,0,376.9,70.0,0,0
1.03,8.571428571428571,95.10003319048351,29,5,0,0,362.59000000000003,67.0,0,0
1.03,8.571428571428571,95.08198688452873,29,5,0,0,348.28,63.99999999999999,0,0
1.03,8.571428571428571,95.02415659885148,29,5,0,0,333.96999999999997,60.99999999999999,0,0
1.03,8.571428571428571,94.9921441367833,29,5,0,0,319.65999999999997,57.99999999999999,0,0
1.03,8.571428571428571,94.92045706984864,29,6,0,0,305.34999999999997,54.99999999999999,0,0
1.03,8.571428571428571,94.87430094384155,29,6,0,0,291.03999999999996,51.99999999999999,0,0
1.03,8.571428571428571,94.78698566818221,29,6,0,0,276.7299999999999,48.99999999999998,0,0
1.03,8.571428571428571,94.6887637961278,29,6,0,0,262.4199999999999,45.99999999999997,0,0
1.05,8.571428571428571,94.58734194995954,29,6,0,0,248.10999999999984,42.99999999999997,0,0
1.05,8.571428571428571,94.46894504429399,29,6,0,0,233.79999999999984,39.99999999999997,0,0
1.05,8.571428571428571,94.41550242760228,29,6,0,0,219.48999999999984,36.999999999999964,0,0
1.05,8.571428571428571,94.35460291322646,30,6,0,0,205.1799999999999,33.99999999999997,0,0
1.05,8.571428571428571,94.28557565096587,30,6,0,0,190.8699999999999,30.99999999999997,0,0
1.05,8.571428571428571,94.21560199279975,30,6,0,0,176.55999999999983,27.99999999999997,0,0
1.05,8.571428571428571,94.17021504655052,30,6,0,0,162.24999999999983,24.99999999999997,0,0
1.05,8.571428571428571,94.13282701923042,30,6,0,0,147.93999999999988,21.99999999999997,0,0
1.05,8.571428571428571,94.04909894101792,30,6,0,0,133.62999999999988,18.99999999999997,0,0
1.05,8.571428571428571,93.9590445800069,30,6,0,0,119.31999999999988,15.999999999999972,0,0
1.07,8.571428571428571,93.87358938131239,30,6,0,0,105.00999999999982,12.999999999999972,0,0
1.07,8.571428571428571,93.86535829468627,30,6,0,0,90.69999999999987,9.999999999999972,0,0
1.07,8.571428571428571,93.79184614709123,30,6,0,0,76.38999999999987,6.999999999999972,0,0
1.07,8.571428571428571,93.71872211146794,30,6,0,0,62.07999999999987,3.9999999999999716,0,0
1.07,8.571428571428571,93.60563934646876,30,6,0,0,47.76999999999987,0.9999999999999716,0,0
1.07,8.571428571428571,93.52986531078196,30,6,0,0,43,0.0,0,0
1.07,8.571428571428571,93.52969360853982,30,6,0,0,57.31,3.0,0,0
1.07,8.571428571428571,93.52001076003661,30,6,0,0,71.62,6.0,0,0
1.07,8.571428571428571,93.51369288016654,31,6,0,0,85.93,9.0,0,0
1.07,8.571428571428571,93.55140407530854,31,6,0,0,100.24000000000001,12.0,0,0
1.08,8.571428571428571,93.5180857204382,31,6,0,0,114.55000000000001,15.0,0,0
1.08,8.571428571428571,93.51265448395185,31,6,0,0,128.86,18.0,0,0
1.08,8.571428571428571,93.56255680944096,31,6,0,0,143.16999999999996,21.0,0,0
1.08,8.571428571428571,93.65463478033486,31,6,0,0,157.48000000000002,24.0,0,0
1.08,8.571428571428571,93.73782844707101,31,6,0,0,171.79000000000002,27.0,0,0
1.08,8.571428571428571,93.81780111959523,31,6,0,0,186.10000000000002,30.0,0,0
1.08,8.571428571428571,93.81610329107912,31,6,0,0,200.40999999999997,33.0,0,0
1.08,8.571428571428571,93.85318090169005,31,6,0,0,214.71999999999997,36.0,0,0
1.08,8.571428571428571,93.85375425966366,31,6,0,0,229.03000000000003,39.0,0,0
1.08,8.571428571428571,93.83071581575983,31,6,0,0,243.34000000000003,42.00000000000001,0,0
1.10,8.571428571428571,93.86712625498444,31,6,0,0,257.65000000000003,45.00000000000001,0,0
1.10,8.571428571428571,93.86473303148134,31,6,0,0,271.96000000000004,48.00000000000001,0,0
1.10,8.571428571428571,94.03320081533461,31,6,0,0,286.27000000000004,51.00000000000001,0,0
1.10,8.571428571428571,94.10326154178642,31,6,0,0,300.58000000000004,54.00000000000001,0,0
1.10,8.571428571428571,94.19054843855767,31,6,0,0,314.89000000000004,57.000000000000014,0,0
1.10,8.571428571428571,94.23030350753261,32,6,0,0,329.20000000000005,60.00000000000001,0,0
1.10,8.571428571428571,94.32064176485116,32,6,0,0,343.51,63.0,0,0
1.10,8.571428571428571,94.396746374532,32,6,0,0,357.82,66.0,0,0
1.10,8.571428571428571,94.4622418771876,32,6,0,0,372.13,69.0,0,0
1.10,8.571428571428571,94.50146663138479,32,6,0,0,386.44,72.0,0,0
1.12,8.571428571428571,94.58804085970972,32,6,0,0,400.75,75.0,0,0
1.12,8.571428571428571,94.65521946828964,32,6,0,0,415.06,78.0,0,0
1.12,8.571428571428571,94.79110873121535,32,6,0,0,429.37,81.0,0,0
1.12,8.571428571428571,94.89716356196926,32,6,0,0,443.68,84.0,0,0
1.12,8.571428571428571,94.98391422988428,32,6,0,0,457.99,87.0,0,0
1.12,8.571428571428571,95.13150284470866,32,6,0,0,472.3,90.0,0,0
1.12,8.571428571428571,95.24569736565915,32,6,0,0,486.61,93.0,0,0
1.12,8.571428571428571,95.31340053754816,32,6,0,0,500.92,96.0,0,0
1.12,8.571428571428571,95.4682742193814,32,6,0,0,515.23,99.0,0,0
1.12,8.571428571428571,95.50968971366687,32,6,0,0,520,100.0,0,0
1.13,8.571428571428571,95.43693072920364,32,7,0,0,505.69,97.0,0,0
1.13,8.571428571428571,95.38757471790527,32,7,0,0,491.38,94.0,0,0
1.13,8.571428571428571,95.2742261983399,32,7,0,0,477.07,91.0,0,0
1.13,8.571428571428571,95.21955810559506,32,7,0,0,462.76,88.0,0,0
1.13,8.571428571428571,95.15246868312062,32,7,0,0,448.45,85.0,0,0
1.13,8.571428571428571,95.10957604136168,32,7,0,0,434.14,82.0,0,0
1.13,8.571428571428571,95.08284218158659,32,7,0,0,419.83,79.0,0,0
1.13,8.571428571428571,95.0358399731397,32,7,0,0,405.52,76.0,0,0
1.13,8.571428571428571,94.99099630272241,32,7,0,0,391.21,73.0,0,0
1.13,8.571428571428571,94.95229917075156,32,7,0,0,376.9,70.0,0,0
1.15,8.571428571428571,94.90071415201145,32,7,0,0,362.59000000000003,67.0,0,0
1.15,8.571428571428571,94.81906769880894,32,7,0,0,348.28,63.99999999999999,0,0
1.15,8.571428571428571,94.72493581321942,32,7,0,0,333.96999999999997,60.99999999999999,0,0
1.15,8.571428571428571,94.6689998271375,32,7,0,0,319.65999999999997,57.99999999999999,0,0
1.15,8.571428571428571,94.64171069239877,32,7,0,0,305.34999999999997,54.99999999999999,0,0
1.15,8.571428571428571,94.61220881645285,32,7,0,0,291.03999999999996,51.99999999999999,0,0
1.15,8.571428571428571,94.52361371081365,32,7,0,0,276.7299999999999,48.99999999999998,0,0
1.15,8.571428571428571,94.46108590159096,32,8,0,0,262.4199999999999,45.99999999999997,0,0
1.15,8.571428571428571,94.42968623477917,32,8,0,0,248.10999999999984,42.99999999999997,0,0
1.15,8.571428571428571,94.35998129185153,32,8,0,0,233.79999999999984,39.99999999999997,0,0
1.17,8.571428571428571,94.31579790837668,32,8,0,0,219.48999999999984,36.999999999999964,0,0
1.17,8.571428571428571,94.30030048489013,32,9,0,0,205.1799999999999,33.99999999999997,0,0
1.17,8.571428571428571,94.23560813041424,32,9,0,0,190.8699999999999,30.99999999999997,0,0
1.17,8.571428571428571,94.20826704513523,32,9,0,0,176.55999999999983,27.99999999999997,0,0
1.17,8.571428571428571,94.16007391028822,32,9,0,0,162.24999999999983,24.99999999999997,0,0
1.17,8.571428571428571,94.10133262789945,32,9,0,0,147.93999999999988,21.99999999999997,0,0
1.17,8.571428571428571,94.05609610103556,32,9,0,0,133.62999999999988,18.99999999999997,0,0
1.17,8.571428571428571,93.99996285640508,32,9,0,0,119.31999999999988,15.999999999999972,0,0
1.17,8.571428571428571,93.93161503213888,32,9,0,0,105.00999999999982,12.999999999999972,0,0
1.17,8.571428571428571,93.87122428034893,32,9,0,0,90.69999999999987,9.999999999999972,0,0
1.18,8.571428571428571,93.79139797428259,32,9,0,0,76.38999999999987,6.999999999999972,0,0
1.18,8.571428571428571,93.74539418000529,32,9,0,0,62.07999999999987,3.9999999999999716,0,0
1.18,8.571428571428571,93.70593528343058,32,9,0,0,47.76999999999987,0.9999999999999716,0,0
1.18,8.571428571428571,93.60905006693388,32,9,0,0,43,0.0,0,0
1.18,8.571428571428571,93.60389583147405,32,9,0,0,57.31,3.0,0,0
1.18,8.571428571428571,93.62166351260932,32,9,0,0,71.62,6.0,0,0
1.18,8.571428571428571,93.64714583273273,32,9,0,0,85.93,9.0,0,0
1.18,8.571428571428571,93.74650467376166,32,9,0,0,100.24000000000001,12.0,0,0
1.18,8.571428571428571,93.76553612865841,32,9,0,0,114.55000000000001,15.0,0,0
1.18,8.571428571428571,93.85012566488487,32,9,0,0,128.86,18.0,0,0
1.20,8.571428571428571,93.85275660534498,32,9,0,0,143.16999999999996,21.0,0,0
1.20,8.571428571428571,93.86675194007972,32,9,0,0,157.48000000000002,24.0,0,0
1.20,8.571428571428571,93.86878481041737,32,9,0,0,171.79000000000002,27.0,0,0
1.20,8.571428571428571,93.90687885773067,32,9,0,0,186.10000000000002,30.0,0,0
1.20,8.571428571428571,93.98299660468615,32,9,0,0,200.40999999999997,33.0,0,0
1.20,8.571428571428571,94.01933544666076,32,9,0,0,214.71999999999997,36.0,0,0
1.20,8.571428571428571,94.06222452644272,32,9,0,0,229.03000000000003,39.0,0,0
1.20,8.571428571428571,94.05075072856661,32,9,0,0,243.34000000000003,42.00000000000001,0,0
1.20,8.571428571428571,94.09471933295768,32,9,0,0,257.65000000000003,45.00000000000001,0,0
1.20,8.571428571428571,94.08437863314512,32,9,0,0,271.96000000000004,48.00000000000001,0,0
1.22,8.571428571428571,94.2248541533172,32,9,0,0,286.27000000000004,51.00000000000001,0,0
1.22,8.571428571428571,94.31658387311504,32,9,0,0,300.58000000000004,54.00000000000001,0,0
1.22,8.571428571428571,94.40794995085983,32,9,0,0,314.89000000000004,57.000000000000014,0,0
1.22,8.571428571428571,94.43456358040149,32,9,0,0,329.20000000000005,60.00000000000001,0,0
1.22,8.571428571428571,94.4540454403726,32,9,0,0,343.51,63.0,0,0
1.22,8.571428571428571,94.57745146971915,32,9,0,0,357.82,66.0,0,0
1.22,8.571428571428571,94.68500636871343,32,9,0,0,372.13,69.0,0,0
1.22,8.571428571428571,94.775762907286,32,9,0,0,386.44,72.0,0,0
1.22,8.571428571428571,94.93329573575653,32,9,0,0,400.75,75.0,0,0
1.22,8.571428571428571,95.08375994777124,32,9,0,0,415.06,78.0,0,0
1.23,8.571428571428571,95.17123794739886,32,10,0,0,429.37,81.0,0,0
1.23,8.571428571428571,95.23269842330303,32,10,0,0,443.68,84.0,0,0
1.23,8.571428571428571,95.29436469826435,32,10,0,0,457.99,87.0,0,0
1.23,8.571428571428571,95.37232535951642,32,10,0,0,472.3,90.0,0,0
1.23,8.571428571428571,95.44327013534647,32,10,0,0,486.61,93.0,0,0
1.23,8.571428571428571,95.50673983481119,32,10,0,0,500.92,96.0,0,0
1.23,8.571428571428571,95.60199498357835,32,10,0,0,515.23,99.0,0,0
1.23,8.571428571428571,95.72601863503291,32,10,0,0,520,100.0,0,0
1.23,8.571428571428571,95.61984812787881,32,10,0,0,505.69,97.0,0,0
1.23,8.571428571428571,95.5343798247578,32,10,0,0,491.38,94.0,0,0
1.25,8.571428571428571,95.48235705336562,32,10,0,0,477.07,91.0,0,0
1.25,8.571428571428571,95.42205180512957,32,10,0,0,462.76,88.0,0,0
1.25,8.571428571428571,95.37516674775961,32,10,0,0,448.45,85.0,0,0
1.25,8.571428571428571,95.35718319815048,32,10,0,0,434.14,82.0,0,0
1.25,8.571428571428571,95.34954445356736,32,10,0,0,419.83,79.0,0,0
1.25,8.571428571428571,95.33934937868645,32,10,0,0,405.52,76.0,0,0
1.25,8.571428571428571,95.3334024695676,32,10,0,0,391.21,73.0,0,0
1.25,8.571428571428571,95.25201754883832,32,10,0,0,376.9,70.0,0,0
1.25,8.571428571428571,95.15364413551288,32,10,0,0,362.59000000000003,67.0,0,0
1.25,8.571428571428571,95.09764967673524,32,10,0,0,348.28,63.99999999999999,0,0
1.27,8.571428571428571,95.03734978138195,32,10,0,0,333.96999999999997,60.99999999999999,0,0
1.27,8.571428571428571,94.97622037147052,32,10,0,0,319.65999999999997,57.99999999999999,0,0
1.27,8.571428571428571,94.91165507287667,32,10,0,0,305.34999999999997,54.99999999999999,0,0
1.27,8.571428571428571,94.8949484212025,32,10,0,0,291.03999999999996,51.99999999999999,0,0
1.27,8.571428571428571,94.8519213539415,32,10,0,0,276.7299999999999,48.99999999999998,0,0
1.27,8.571428571428571,94.8307521390133,32,10,0,0,262.4199999999999,45.99999999999997,0,0
1.27,8.571428571428571,94.77207074635683,32,10,0,0,248.10999999999984,42.99999999999997,0,0
1.27,8.571428571428571,94.68625259038741,32,10,0,0,233.79999999999984,39.99999999999997,0,0
1.27,8.571428571428571,94.62215202805277,32,10,0,0,219.48999999999984,36.999999999999964,0,0
1.27,8.571428571428571,94.55273281753448,32,10,0,0,205.1799999999999,33.99999999999997,0,0
1.28,8.571428571428571,94.53224174299308,32,10,0,0,190.8699999999999,30.99999999999997,0,0
1.28,8.571428571428571,94.49143230137466,32,10,0,0,176.55999999999983,27.99999999999997,0,0
1.28,8.571428571428571,94.44080551751277,32,10,0,0,162.24999999999983,24.99999999999997,0,0
1.28,8.571428571428571,94.39056832530518,32,10,0,0,147.93999999999988,21.99999999999997,0,0
1.28,8.571428571428571,94.35138813940189,32,10,0,0,133.62999999999988,18.99999999999997,0,0
1.28,8.571428571428571,94.26391941903832,32,10,0,0,119.31999999999988,15.999999999999972,0,0
1.28,8.571428571428571,94.22578017849969,32,10,0,0,105.00999999999982,12.999999999999972,0,0
1.28,8.571428571428571,94.14302584991555,32,10,0,0,90.69999999999987,9.999999999999972,0,0
1.28,8.571428571428571,94.0903529479973,32,10,0,0,76.38999999999987,6.999999999999972,0,0
1.28,8.571428571428571,94.01757000539492,32,10,0,0,62.07999999999987,3.9999999999999716,0,0
1.30,8.571428571428571,93.9706022005228,32,10,0,0,47.76999999999987,0.9999999999999716,0,0
1.30,8.571428571428571,93.95577358996397,32,10,0,0,43,0.0,0,0
1.30,8.571428571428571,93.95461345900056,32,10,0,0,57.31,3.0,0,0
1.30,8.571428571428571,93.92932733420783,32,10,0,0,71.62,6.0,0,0
1.30,8.571428571428571,93.97412542802759,32,10,0,0,85.93,9.0,0,0
1.30,8.571428571428571,94.03919120255935,32,10,0,0,100.24000000000001,12.0,0,0
1.30,8.571428571428571,94.03932145611242,32,10,0,0,114.55000000000001,15.0,0,0
1.30,8.571428571428571,94.10650593166474,32,10,0,0,128.86,18.0,0,0
1.30,8.571428571428571,94.16722354517178,32,10,0,0,143.16999999999996,21.0,0,0
1.30,8.571428571428571,94.20199193185215,32,10,0,0,157.48000000000002,24.0,0,0
1.32,8.571428571428571,94.2505950466467,33,10,0,0,171.79000000000002,27.0,0,0
1.32,8.571428571428571,94.29299595808936,33,10,0,0,186.10000000000002,30.0,0,0
1.32,8.571428571428571,94.30203889978937,33,10,0,0,200.40999999999997,33.0,0,0
1.32,8.571428571428571,94.3481349949891,33,10,0,0,214.71999999999997,36.0,0,0
1.32,8.571428571428571,94.35126768510307,33,10,0,0,229.03000000000003,39.0,0,0
1.32,8.571428571428571,94.36508030590828,33,10,0,0,243.34000000000003,42.00000000000001,0,0
1.32,8.571428571428571,94.34659485674877,34,10,0,0,257.65000000000003,45.00000000000001,0,0
1.32,8.571428571428571,94.31421426937253,34,10,0,0,271.96000000000004,48.00000000000001,0,0
1.32,8.571428571428571,94.38000436904296,34,10,0,0,286.27000000000004,51.00000000000001,0,0
1.32,8.571428571428571,94.49152083273357,34,10,0,0,300.58000000000004,54.00000000000001,0,0
1.33,8.571428571428571,94.63013984635379,34,10,0,0,314.89000000000004,57.000000000000014,0,0
1.33,8.571428571428571,94.69168260969822,34,10,0,0,329.20000000000005,60.00000000000001,0,0
1.33,8.571428571428571,94.79876648474645,34,10,0,0,343.51,63.0,0,0
1.33,8.571428571428571,94.83448268827975,34,10,0,0,357.82,66.0,0,0
1.33,8.571428571428571,94.90127470287592,34,10,0,0,372.13,69.0,0,0
1.33,8.571428571428571,94.92237748262787,34,10,0,0,386.44,72.0,0,0
1.33,8.571428571428571,94.93006376536371,34,10,0,0,400.75,75.0,0,0
1.33,8.571428571428571,95.00904995369706,34,10,0,0,415.06,78.0,0,0
1.33,8.571428571428571,95.03562398634298,34,10,0,0,429.37,81.0,0,0
1.33,8.571428571428571,95.13889780132283,35,10,0,0,443.68,84.0,0,0
1.35,8.571428571428571,95.21729646922687,35,10,0,0,457.99,87.0,0,0
1.35,8.571428571428571,95.27468646790635,35,10,0,0,472.3,90.0,0,0
1.35,8.571428571428571,95.38197525224147,35,10,0,0,486.61,93.0,0,0
1.35,8.571428571428571,95.48660751169143,35,10,0,0,500.92,96.0,0,0
1.35,8.571428571428571,95.53140452573241,36,10,0,0,515.23,99.0,0,0
1.35,8.571428571428571,95.57684672670011,36,10,0,0,520,100.0,0,0
1.35,8.571428571428571,95.52607978249414,36,10,0,0,505.69,97.0,0,0
1.35,8.571428571428571,95.48992788865749,36,10,0,0,491.38,94.0,0,0
1.35,8.571428571428571,95.40409556619385,36,10,0,0,477.07,91.0,0,0
1.35,8.571428571428571,95.32786629645256,36,10,0,0,462.76,88.0,0,0
1.37,8.571428571428571,95.27584155692746,36,10,0,0,448.45,85.0,0,0
1.37,8.571428571428571,95.24743914756833,36,10,0,0,434.14,82.0,0,0
1.37,8.571428571428571,95.18834895712618,37,10,0,0,419.83,79.0,0,0
1.37,8.571428571428571,95.13582885570948,37,10,0,0,405.52,76.0,0,0
1.37,8.571428571428571,95.08789293470603,37,10,0,0,391.21,73.0,0,0
1.37,8.571428571428571,95.07113598643035,37,10,0,0,376.9,70.0,0,0
1.37,8.571428571428571,95.04430105372664,37,10,0,0,362.59000000000003,67.0,0,0
1.37,8.571428571428571,94.99252142174704,37,10,0,0,348.28,63.99999999999999,0,0
1.37,8.571428571428571,94.93840447855696,37,10,0,0,333.96999999999997,60.99999999999999,0,0
1.37,8.571428571428571,94.88592346529344,38,10,0,0,319.65999999999997,57.99999999999999,0,0
1.38,8.571428571428571,94.87364536660878,38,10,0,0,305.34999999999997,54.99999999999999,0,0
1.38,8.571428571428571,94.82022365811598,38,10,0,0,291.03999999999996,51.99999999999999,0,0
1.38,8.571428571428571,94.75592154143487,38,10,0,0,276.7299999999999,48.99999999999998,0,0
1.38,8.571428571428571,94.74244423260741,38,10,0,0,262.4199999999999,45.99999999999997,0,0
1.38,8.571428571428571,94.68287708457441,38,10,0,0,248.10999999999984,42.99999999999997,0,0
1.38,8.571428571428571,94.62668435623588,38,10,0,0,233.79999999999984,39.99999999999997,0,0
1.38,8.571428571428571,94.58525184274428,38,10,0,0,219.48999999999984,36.999999999999964,0,0
1.38,8.571428571428571,94.52228413120214,38,10,0,0,205.1799999999999,33.99999999999997,0,0
1.38,8.571428571428571,94.46060927541349,38,10,0,0,190.8699999999999,30.99999999999997,0,0
1.38,8.571428571428571,94.40323637087103,38,10,0,0,176.55999999999983,27.99999999999997,0,0
1.40,8.571428571428571,94.37432384336465,38,10,0,0,162.24999999999983,24.99999999999997,0,0
1.40,8.571428571428571,94.31392204604457,38,10,0,0,147.93999999999988,21.99999999999997,0,0
1.40,8.571428571428571,94.22336463630575,38,10,0,0,133.62999999999988,18.99999999999997,0,0
1.40,8.571428571428571,94.14681756967227,38,10,0,0,119.31999999999988,15.999999999999972,0,0
1.40,8.571428571428571,94.1232451653465,38,10,0,0,105.00999999999982,12.999999999999972,0,0
1.40,8.571428571428571,94.05405516491268,38,10,0,0,90.69999999999987,9.999999999999972,0,0
1.40,8.571428571428571,94.00964197548413,39,10,0,0,76.38999999999987,6.999999999999972,0,0
1.40,8.571428571428571,93.94621154658664,39,10,0,0,62.07999999999987,3.9999999999999716,0,0
1.40,8.571428571428571,93.91351761875791,39,10,0,0,47.76999999999987,0.9999999999999716,0,0
1.40,8.571428571428571,93.86249416334546,39,10,0,0,43,0.0,0,0
1.42,8.571428571428571,93.91956508105838,39,10,0,0,57.31,3.0,0,0
1.42,8.571428571428571,93.89756990309525,39,10,0,0,71.62,6.0,0,0
1.42,8.571428571428571,93.94832603745154,39,10,0,0,85.93,9.0,0,0
1.42,8.571428571428571,93.95026984239621,39,10,0,0,100.24000000000001,12.0,0,0
1.42,8.571428571428571,93.93404076099063,39,10,0,0,114.55000000000001,15.0,0,0
1.42,8.571428571428571,93.94153616112641,39,10,0,0,128.86,18.0,0,0
1.42,8.571428571428571,94.00024685429557,39,10,0,0,143.16999999999996,21.0,0,0
1.42,8.571428571428571,94.0068645306908,39,10,0,0,157.48000000000002,24.0,0,0
1.42,8.571428571428571,94.07337835923217,39,10,0,0,171.79000000000002,27.0,0,0
1.42,8.571428571428571,94.08487879323496,39,10,0,0,186.10000000000002,30.0,0,0
1.43,8.571428571428571,94.11998055438993,39,10,0,0,200.40999999999997,33.0,0,0
1.43,8.571428571428571,94.18605283878445,39,10,0,0,214.71999999999997,36.0,0,0
1.43,8.571428571428571,94.23665046774802,39,10,0,0,229.03000000000003,39.0,0,0
1.43,8.571428571428571,94.24631945769394,39,10,0,0,243.34000000000003,42.00000000000001,0,0
1.43,8.571428571428571,94.26218348582199,39,10,0,0,257.65000000000003,45.00000000000001,0,0
1.43,8.571428571428571,94.31691911802857,39,10,0,0,271.96000000000004,48.00000000000001,0,0
1.43,8.571428571428571,94.36728315896687,39,10,0,0,286.27000000000004,51.00000000000001,0,0
1.43,8.571428571428571,94.42850752840253,39,10,0,0,300.58000000000004,54.00000000000001,0,0
1.43,8.571428571428571,94.49023141957574,39,10,0,0,314.89000000000004,57.000000000000014,0,0
1.43,8.571428571428571,94.58633007851644,39,10,0,0,329.20000000000005,60.00000000000001,0,0
1.45,8.571428571428571,94.65032991126711,39,10,0,0,343.51,63.0,0,0
1.45,8.571428571428571,94.68518163961397,39,10,0,0,357.82,66.0,0,0
1.45,8.571428571428571,94.80041783822756,39,10,0,0,372.13,69.0,0,0
1.45,8.571428571428571,94.87008233002192,39,10,0,0,386.44,72.0,0,0
1.45,8.571428571428571,94.90109187353806,40,10,0,0,400.75,75.0,0,0
1.45,8.571428571428571,94.96634622873945,40,10,0,0,415.06,78.0,0,0
1.45,8.571428571428571,95.0484854901212,40,10,0,0,429.37,81.0,0,0
1.45,8.571428571428571,95.1500312578359,40,10,0,0,443.68,84.0,0,0
1.45,8.571428571428571,95.22704756203672,40,10,0,0,457.99,87.0,0,0
1.45,8.571428571428571,95.33894669747647,40,10,0,0,472.3,90.0,0,0
1.47,8.571428571428571,95.440479235867,40,10,0,0,486.61,93.0,0,0
1.47,8.571428571428571,95.57084129268473,41,10,0,0,500.92,96.0,0,0
1.47,8.571428571428571,95.64403422639008,41,10,0,0,515.23,99.0,0,0
1.47,8.571428571428571,95.72185468904922,41,10,0,0,520,100.0,0,0
1.47,8.571428571428571,95.72158488407902,41,10,0,0,505.69,97.0,0,0
1.47,8.571428571428571,95.66049553144954,41,10,0,0,491.38,94.0,0,0
1.47,8.571428571428571,95.60721768606807,42,10,0,0,477.07,91.0,0,0
1.47,8.571428571428571,95.55370170934711,42,10,0,0,462.76,88.0,0,0
1.47,8.571428571428571,95.53556016011083,42,10,0,0,448.45,85.0,0,0
1.47,8.571428571428571,95.48856716272248,42,10,0,0,434.14,82.0,0,0
1.48,8.571428571428571,95.43455961500754,42,10,0,0,419.83,79.0,0,0
1.48,8.571428571428571,95.39691247255645,42,10,0,0,405.52,76.0,0,0
1.48,8.571428571428571,95.32814516630917,42,10,0,0,391.21,73.0,0,0
1.48,8.571428571428571,95.29888179142955,42,10,0,0,376.9,70.0,0,0
1.48,8.571428571428571,95.2646225528997,42,10,0,0,362.59000000000003,67.0,0,0
1.48,8.571428571428571,95.21940383624867,42,10,0,0,348.28,63.99999999999999,0,0
1.48,8.571428571428571,95.19234387950311,42,10,0,0,333.96999999999997,60.99999999999999,0,0
1.48,8.571428571428571,95.1607712307072,42,10,0,0,319.65999999999997,57.99999999999999,0,0
1.48,8.571428571428571,95.11453077385598,42,10,0,0,305.34999999999997,54.99999999999999,0,0
1.48,8.571428571428571,95.08091925243448,42,10,0,0,291.03999999999996,51.99999999999999,0,0
1.50,8.571428571428571,95.02099192253846,42,10,0,0,276.7299999999999,48.99999999999998,0,0
1.50,8.571428571428571,94.9936619474755,42,10,0,0,262.4199999999999,45.99999999999997,0,0
1.50,8.571428571428571,94.98342111293974,42,10,0,0,248.10999999999984,42.99999999999997,0,0
1.50,8.571428571428571,94.95504796137293,43,10,0,0,233.79999999999984,39.99999999999997,0,0
1.50,8.571428571428571,94.89470722226106,43,10,0,0,219.48999999999984,36.999999999999964,0,0
1.50,8.571428571428571,94.8502833597446,43,10,0,0,205.1799999999999,33.99999999999997,0,0
1.50,8.571428571428571,94.77894974703143,43,10,0,0,190.8699999999999,30.99999999999997,0,0
1.50,8.571428571428571,94.73080679904258,43,10,0,0,176.55999999999983,27.99999999999997,0,0
1.50,8.571428571428571,94.71343572407608,43,10,0,0,162.24999999999983,24.99999999999997,0,0
1.50,8.571428571428571,94.67539931997364,43,10,0,0,147.93999999999988,21.99999999999997,0,0
1.52,8.571428571428571,94.61718508032966,43,10,0,0,133.62999999999988,18.99999999999997,0,0
1.52,8.571428571428571,94.57417651417035,43,10,0,0,119.31999999999988,15.999999999999972,0,0
1.52,8.571428571428571,94.54465983703966,43,10,0,0,105.00999999999982,12.999999999999972,0,0
1.52,8.571428571428571,94.50929944379433,43,10,0,0,90.69999999999987,9.999999999999972,0,0
1.52,8.571428571428571,94.47850142870017,44,10,0,0,76.38999999999987,6.999999999999972,0,0
1.52,8.571428571428571,94.45393209557433,44,10,0,0,62.07999999999987,3.9999999999999716,0,0
1.52,8.571428571428571,94.41313390671237,44,10,0,0,47.76999999999987,0.9999999999999716,0,0
1.52,8.571428571428571,94.36744139942029,44,10,0,0,43,0.0,0,0
1.52,8.571428571428571,94.3678066662405,44,10,0,0,57.31,3.0,0,0
1.52,8.571428571428571,94.36060951563297,44,10,0,0,71.62,6.0,0,0
1.53,8.571428571428571,94.4129370510032,44,10,0,0,85.93,9.0,0,0
1.53,8.571428571428571,94.41259829592522,45,10,0,0,100.24000000000001,12.0,0,0
1.53,8.571428571428571,94.4278368635843,45,10,0,0,114.55000000000001,15.0,0,0
1.53,8.571428571428571,94.47057466434397,45,10,0,0,128.86,18.0,0,0
1.53,8.571428571428571,94.54042977173647,45,10,0,0,143.16999999999996,21.0,0,0
1.53,8.571428571428571,94.52306377744749,45,10,0,0,157.48000000000002,24.0,0,0
1.53,8.571428571428571,94.57373226123818,45,10,0,0,171.79000000000002,27.0,0,0
1.53,8.571428571428571,94.61208822628778,45,10,0,0,186.10000000000002,30.0,0,0
1.53,8.571428571428571,94.60164089613959,45,10,0,0,200.40999999999997,33.0,0,0
1.53,8.571428571428571,94.59865759756896,46,10,0,0,214.71999999999997,36.0,0,0
1.55,8.571428571428571,94.61723653387386,46,10,0,0,229.03000000000003,39.0,0,0
1.55,8.571428571428571,94.65460418768454,46,10,0,0,243.34000000000003,42.00000000000001,0,0
1.55,8.571428571428571,94.68674304925548,46,10,0,0,257.65000000000003,45.00000000000001,0,0
1.55,8.571428571428571,94.73744715556454,46,10,0,0,271.96000000000004,48.00000000000001,0,0
1.55,8.571428571428571,94.76232486282464,46,10,0,0,286.27000000000004,51.00000000000001,0,0
1.55,8.571428571428571,94.84630166272404,46,10,0,0,300.58000000000004,54.00000000000001,0,0
1.55,8.571428571428571,94.92935533652484,46,10,0,0,314.89000000000004,57.000000000000014,0,0
1.55,8.571428571428571,95.04357618010589,46,10,0,0,329.20000000000005,60.00000000000001,0,0
1.55,8.571428571428571,95.14784433099473,46,10,0,0,343.51,63.0,0,0
1.55,8.571428571428571,95.2306610262288,46,10,0,0,357.82,66.0,0,0
1.57,8.571428571428571,95.24504362904773,46,10,0,0,372.13,69.0,0,0
1.57,8.571428571428571,95.33141121024802,46,10,0,0,386.44,72.0,0,0
1.57,8.571428571428571,95.44101540354728,47,10,0,0,400.75,75.0,0,0
1.57,8.571428571428571,95.49865482341406,47,10,0,0,415.06,78.0,0,0
1.57,8.571428571428571,95.54848887996381,47,10,0,0,429.37,81.0,0,0
1.57,8.571428571428571,95.62023465800668,47,10,0,0,443.68,84.0,0,0
1.57,8.571428571428571,95.69966825768621,47,10,0,0,457.99,87.0,0,0
1.57,8.571428571428571,95.78793177918372,47,10,0,0,472.3,90.0,0,0
1.57,8.571428571428571,95.83550047664858,47,10,0,0,486.61,93.0,0,0
1.57,8.571428571428571,95.89224701459719,47,10,0,0,500.92,96.0,0,0
1.58,8.571428571428571,96.0081975681633,47,10,0,0,515.23,99.0,0,0
1.58,8.571428571428571,96.07838648203621,47,10,0,0,520,100.0,0,0
1.58,8.571428571428571,96.00382965689812,47,10,0,0,505.69,97.0,0,0
1.58,8.571428571428571,95.95900152383275,47,10,0,0,491.38,94.0,0,0
1.58,8.571428571428571,95.90165921642857,47,10,0,0,477.07,91.0,0,0
1.58,8.571428571428571,95.82757728929353,47,10,0,0,462.76,88.0,0,0
1.58,8.571428571428571,95.79622988168146,47,10,0,0,448.45,85.0,0,0
1.58,8.571428571428571,95.77354266486824,47,11,0,0,434.14,82.0,0,0
1.58,8.571428571428571,95.72571749926107,47,11,0,0,419.83,79.0,0,0
1.58,8.571428571428571,95.67880632000681,47,11,0,0,405.52,76.0,0,0
1.60,8.571428571428571,95.61882012670439,47,11,0,0,391.21,73.0,0,0
1.60,8.571428571428571,95.55742384559706,47,11,0,0,376.9,70.0,0,0
1.60,8.571428571428571,95.52711855645117,47,11,0,0,362.59000000000003,67.0,0,0
1.60,8.571428571428571,95.46873621978214,47,11,0,0,348.28,63.99999999999999,0,0
1.60,8.571428571428571,95.38867724406498,48,11,0,0,333.96999999999997,60.99999999999999,0,0
1.60,8.571428571428571,95.3471560077627,48,11,0,0,319.65999999999997,57.99999999999999,0,0
1.60,8.571428571428571,95.32739971462436,48,11,0,0,305.34999999999997,54.99999999999999,0,0
1.60,8.571428571428571,95.29638465509147,49,11,0,0,291.03999999999996,51.99999999999999,0,0
1.60,8.571428571428571,95.22234410126534,49,11,0,0,276.7299999999999,48.99999999999998,0,0
1.60,8.571428571428571,95.15681762358192,49,11,0,0,262.4199999999999,45.99999999999997,0,0
1.62,8.571428571428571,95.14429826944342,49,11,0,0,248.10999999999984,42.99999999999997,0,0
1.62,8.571428571428571,95.08020808567808,49,11,0,0,233.79999999999984,39.99999999999997,0,0
1.62,8.571428571428571,95.02807080430671,49,11,0,0,219.48999999999984,36.999999999999964,0,0
1.62,8.571428571428571,95.00703704122104,49,11,0,0,205.1799999999999,33.99999999999997,0,0
1.62,8.571428571428571,94.96003423303374,49,11,0,0,190.8699999999999,30.99999999999997,0,0
1.62,8.571428571428571,94.9503082743328,49,11,0,0,176.55999999999983,27.99999999999997,0,0
1.62,8.571428571428571,94.92770343350342,50,11,0,0,162.24999999999983,24.99999999999997,0,0
1.62,8.571428571428571,94.90466855150014,50,11,0,0,147.93999999999988,21.99999999999997,0,0
1.62,8.571428571428571,94.86290515064779,50,11,0,0,133.62999999999988,18.99999999999997,0,0
1.62,8.571428571428571,94.85353197495506,50,11,0,0,119.31999999999988,15.999999999999972,0,0
1.63,8.571428571428571,94.82837221321964,50,11,0,0,105.00999999999982,12.999999999999972,0,0
1.63,8.571428571428571,94.79200791735354,50,11,0,0,90.69999999999987,9.999999999999972,0,0
1.63,8.571428571428571,94.73083903165106,50,11,0,0,76.38999999999987,6.999999999999972,0,0
1.63,8.571428571428571,94.70240561818038,50,11,0,0,62.07999999999987,3.9999999999999716,0,0
1.63,8.571428571428571,94.6898224929593,50,11,0,0,47.76999999999987,0.9999999999999716,0,0
1.63,8.571428571428571,94.655714125139,50,11,0,0,43,0.0,0,0
1.63,8.571428571428571,94.64682992951897,50,11,0,0,57.31,3.0,0,0
1.63,8.571428571428571,94.62417224412758,50,11,0,0,71.62,6.0,0,0
1.63,8.571428571428571,94.62689998513432,50,11,0,0,85.93,9.0,0,0
1.63,8.571428571428571,94.66789631917786,50,11,0,0,100.24000000000001,12.0,0,0
1.65,8.571428571428571,94.73020060412041,50,11,0,0,114.55000000000001,15.0,0,0
1.65,8.571428571428571,94.7591606294074,50,11,0,0,128.86,18.0,0,0
1.65,8.571428571428571,94.77039809586452,50,11,0,0,143.16999999999996,21.0,0,0
1.65,8.571428571428571,94.76519262840533,50,11,0,0,157.48000000000002,24.0,0,0
1.65,8.571428571428571,94.76248220415896,50,11,0,0,171.79000000000002,27.0,0,0
1.65,8.571428571428571,94.7869702471362,50,11,0,0,186.10000000000002,30.0,0,0
1.65,8.571428571428571,94.80369382272082,50,11,0,0,200.40999999999997,33.0,0,0
1.65,8.571428571428571,94.8644729695213,50,11,0,0,214.71999999999997,36.0,0,0
1.65,8.571428571428571,94.86993286010649,51,11,0,0,229.03000000000003,39.0,0,0
1.65,8.571428571428571,94.84960441111173,51,11,0,0,243.34000000000003,42.00000000000001,0,0
1.67,8.571428571428571,94.86739153019622,51,11,0,0,257.65000000000003,45.00000000000001,0,0
1.67,8.571428571428571,94.91995160838984,51,11,0,0,271.96000000000004,48.00000000000001,0,0
1.67,8.571428571428571,94.96405514034889,51,11,0,0,286.27000000000004,51.00000000000001,0,0
1.67,8.571428571428571,95.00551771084059,51,11,0,0,300.58000000000004,54.00000000000001,0,0
1.67,8.571428571428571,95.06158376126967,51,11,0,0,314.89000000000004,57.000000000000014,0,0
1.67,8.571428571428571,95.14826293838495,51,11,0,0,329.20000000000005,60.00000000000001,0,0
1.67,8.571428571428571,95.20958006226209,51,11,0,0,343.51,63.0,0,0
1.67,8.571428571428571,95.28823077988334,51,11,0,0,357.82,66.0,0,0
1.67,8.571428571428571,95.3425429457477,51,11,0,0,372.13,69.0,0,0
1.67,8.571428571428571,95.42034529995199,51,11,0,0,386.44,72.0,0,0
1.68,8.571428571428571,95.49406222250451,51,11,0,0,400.75,75.0,0,0
1.68,8.571428571428571,95.56522075101466,51,11,0,0,415.06,78.0,0,0
1.68,8.571428571428571,95.60973456670018,51,11,0,0,429.37,81.0,0,0
1.68,8.571428571428571,95.6319272584887,51,11,0,0,443.68,84.0,0,0
1.68,8.571428571428571,95.6549985452244,51,11,0,0,457.99,87.0,0,0
1.68,8.571428571428571,95.71682910098288,51,11,0,0,472.3,90.0,0,0
1.68,8.571428571428571,95.81506809505679,51,11,0,0,486.61,93.0,0,0
1.68,8.571428571428571,95.87039189498428,51,11,0,0,500.92,96.0,0,0
1.68,8.571428571428571,95.95637861159604,51,11,0,0,515.23,99.0,0,0
1.68,8.571428571428571,95.99071574746921,51,11,0,0,520,100.0,0,0
1.70,8.571428571428571,95.97248482674141,51,11,0,0,505.69,97.0,0,0
1.70,8.571428571428571,95.93686950552464,51,11,0,0,491.38,94.0,0,0
1.70,8.571428571428571,95.88933963564529,51,11,0,0,477.07,91.0,0,0
1.70,8.571428571428571,95.87096752596459,51,11,0,0,462.76,88.0,0,0
1.70,8.571428571428571,95.7983436431267,51,11,0,0,448.45,85.0,0,0
1.70,8.571428571428571,95.753669240314,51,11,0,0,434.14,82.0,0,0
1.70,8.571428571428571,95.71716364540605,52,11,0,0,419.83,79.0,0,0
1.70,8.571428571428571,95.65286138152514,52,11,0,0,405.52,76.0,0,0
1.70,8.571428571428571,95.6328297014697,52,11,0,0,391.21,73.0,0,0
1.70,8.571428571428571,95.58043654318425,52,11,0,0,376.9,70.0,0,0
1.72,8.571428571428571,95.55823749001986,52,11,0,0,362.59000000000003,67.0,0,0
1.72,8.571428571428571,95.5052080788864,52,11,0,0,348.28,63.99999999999999,0,0
1.72,8.571428571428571,95.47401897940232,52,11,0,0,333.96999999999997,60.99999999999999,0,0
1.72,8.571428571428571,95.46608562676674,52,11,0,0,319.65999999999997,57.99999999999999,0,0
1.72,8.571428571428571,95.42356314126182,52,11,0,0,305.34999999999997,54.99999999999999,0,0
1.72,8.571428571428571,95.38953499732006,52,11,0,0,291.03999999999996,51.99999999999999,0,0
1.72,8.571428571428571,95.33838092906545,52,11,0,0,276.7299999999999,48.99999999999998,0,0
1.72,8.571428571428571,95.27514861690265,52,11,0,0,262.4199999999999,45.99999999999997,0,0
1.72,8.571428571428571,95.22549410181341,52,11,0,0,248.10999999999984,42.99999999999997,0,0
1.72,8.571428571428571,95.17618874137636,52,11,0,0,233.79999999999984,39.99999999999997,0,0
1.73,8.571428571428571,95.14636867868745,52,11,0,0,219.48999999999984,36.999999999999964,0,0
1.73,8.571428571428571,95.11189484378008,52,11,0,0,205.1799999999999,33.99999999999997,0,0
1.73,8.571428571428571,95.08232971389893,52,11,0,0,190.8699999999999,30.99999999999997,0,0
1.73,8.571428571428571,95.02826874759918,52,11,0,0,176.55999999999983,27.99999999999997,0,0
1.73,8.571428571428571,94.97480549408961,52,11,0,0,162.24999999999983,24.99999999999997,0,0
1.73,8.571428571428571,94.92570312148239,52,11,0,0,147.93999999999988,21.99999999999997,0,0
1.73,8.571428571428571,94.88707048280477,52,11,0,0,133.62999999999988,18.99999999999997,0,0
1.73,8.571428571428571,94.86522795024815,52,11,0,0,119.31999999999988,15.999999999999972,0,0
1.73,8.571428571428571,94.81773624290895,52,11,0,0,105.00999999999982,12.999999999999972,0,0
1.73,8.571428571428571,94.78399186549186,52,11,0,0,90.69999999999987,9.999999999999972,0,0
1.75,8.571428571428571,94.73207712993671,52,11,0,0,76.38999999999987,6.999999999999972,0,0
1.75,8.571428571428571,94.69765949924603,52,11,0,0,62.07999999999987,3.9999999999999716,0,0
1.75,8.571428571428571,94.62464249945026,52,11,0,0,47.76999999999987,0.9999999999999716,0,0
1.75,8.571428571428571,94.55487870116247,52,11,0,0,43,0.0,0,0
1.75,8.571428571428571,94.57443734885656,52,11,0,0,57.31,3.0,0,0
1.75,8.571428571428571,94.58332813400519,52,11,0,0,71.62,6.0,0,0
1.75,8.571428571428571,94.63487603188209,52,11,0,0,85.93,9.0,0,0
1.75,8.571428571428571,94.65907905678968,52,11,0,0,100.24000000000001,12.0,0,0
1.75,8.571428571428571,94.66435951448743,52,11,0,0,114.55000000000001,15.0,0,0
1.75,8.571428571428571,94.63883548681397,53,11,0,0,128.86,18.0,0,0
1.77,8.571428571428571,94.68069834580794,53,11,0,0,143.16999999999996,21.0,0,0
1.77,8.571428571428571,94.72040734288862,53,11,0,0,157.48000000000002,24.0,0,0
1.77,8.571428571428571,94.72809239334204,53,11,0,0,171.79000000000002,27.0,0,0
1.77,8.571428571428571,94.74830287657112,53,11,0,0,186.10000000000002,30.0,0,0
1.77,8.571428571428571,94.78665168229644,53,11,0,0,200.40999999999997,33.0,0,0
1.77,8.571428571428571,94.76141678718182,53,11,0,0,214.71999999999997,36.0,0,0
1.77,8.571428571428571,94.7884291369294,53,11,0,0,229.03000000000003,39.0,0,0
1.77,8.571428571428571,94.83203067566406,53,11,0,0,243.34000000000003,42.00000000000001,0,0
1.77,8.571428571428571,94.83797063622976,53,11,0,0,257.65000000000003,45.00000000000001,0,0
1.77,8.571428571428571,94.83216897509777,54,11,0,0,271.96000000000004,48.00000000000001,0,0
1.78,8.571428571428571,94.88078687663624,54,11,0,0,286.27000000000004,51.00000000000001,0,0
1.78,8.571428571428571,94.97302510532097,54,11,0,0,300.58000000000004,54.00000000000001,0,0
1.78,8.571428571428571,95.01353096917688,54,11,0,0,314.89000000000004,57.000000000000014,0,0
1.78,8.571428571428571,95.06107920237893,54,11,0,0,329.20000000000005,60.00000000000001,0,0
1.78,8.571428571428571,95.10652444978743,54,11,0,0,343.51,63.0,0,0
1.78,8.571428571428571,95.16618008429948,54,11,0,0,357.82,66.0,0,0
1.78,8.571428571428571,95.18913782326837,54,11,0,0,372.13,69.0,0,0
1.78,8.571428571428571,95.26683614693569,54,11,0,0,386.44,72.0,0,0
1.78,8.571428571428571,95.35701596513626,54,11,0,0,400.75,75.0,0,0
1.78,8.571428571428571,95.44078833876173,54,11,0,0,415.06,78.0,0,0
1.80,8.571428571428571,95.50361465440974,54,11,0,0,429.37,81.0,0,0
1.80,8.571428571428571,95.53767904483405,54,11,0,0,443.68,84.0,0,0
1.80,8.571428571428571,95.58167425180613,54,11,0,0,457.99,87.0,0,0
1.80,8.571428571428571,95.65114399610502,54,11,0,0,472.3,90.0,0,0
1.80,8.571428571428571,95.68062304346,54,11,0,0,486.61,93.0,0,0
1.80,8.571428571428571,95.69994468658291,54,11,0,0,500.92,96.0,0,0
1.80,8.571428571428571,95.72005764375562,54,11,0,0,515.23,99.0,0,0
1.80,8.571428571428571,95.7629123589218,54,11,0,0,520,100.0,0,0
1.80,8.571428571428571,95.73889604317526,54,11,0,0,505.69,97.0,0,0
1.80,8.571428571428571,95.70118223015157,54,11,0,0,491.38,94.0,0,0
1.82,8.571428571428571,95.65422092737327,54,11,0,0,477.07,91.0,0,0
1.82,8.571428571428571,95.62392318093464,54,11,0,0,462.76,88.0,0,0
1.82,8.571428571428571,95.553196127153,54,11,0,0,448.45,85.0,0,0
1.82,8.571428571428571,95.53202208981726,54,11,0,0,434.14,82.0,0,0
1.82,8.571428571428571,95.48518913442109,55,11,0,0,419.83,79.0,0,0
1.82,8.571428571428571,95.44653384225651,56,11,0,0,405.52,76.0,0,0
1.82,8.571428571428571,95.40804961193024,56,11,0,0,391.21,73.0,0,0
1.82,8.571428571428571,95.3717015333306,56,11,0,0,376.9,70.0,0,0
1.82,8.571428571428571,95.36364868460649,56,11,0,0,362.59000000000003,67.0,0,0
1.82,8.571428571428571,95.32078772916977,56,11,0,0,348.28,63.99999999999999,0,0
1.83,8.571428571428571,95.26682916407985,56,11,0,0,333.96999999999997,60.99999999999999,0,0
1.83,8.571428571428571,95.22447885964223,56,11,0,0,319.65999999999997,57.99999999999999,0,0
1.83,8.571428571428571,95.19821031771961,56,11,0,0,305.34999999999997,54.99999999999999,0,0
1.83,8.571428571428571,95.17400735068624,56,11,0,0,291.03999999999996,51.99999999999999,0,0
1.83,8.571428571428571,95.13627907051453,56,11,0,0,276.7299999999999,48.99999999999998,0,0
1.83,8.571428571428571,95.10445374534254,56,11,0,0,262.4199999999999,45.99999999999997,0,0
1.83,8.571428571428571,95.07710900101677,56,11,0,0,248.10999999999984,42.99999999999997,0,0
1.83,8.571428571428571,95.03976617810528,56,11,0,0,233.79999999999984,39.99999999999997,0,0
1.83,8.571428571428571,95.02520263622031,56,11,0,0,219.48999999999984,36.999999999999964,0,0
1.83,8.571428571428571,94.97581105590096,56,11,0,0,205.1799999999999,33.99999999999997,0,0
1.85,8.571428571428571,94.9250614411296,56,11,0,0,190.8699999999999,30.99999999999997,0,0
1.85,8.571428571428571,94.87509571886449,56,11,0,0,176.55999999999983,27.99999999999997,0,0
1.85,8.571428571428571,94.8479534257021,56,11,0,0,162.24999999999983,24.99999999999997,0,0
1.85,8.571428571428571,94.81770904795577,56,11,0,0,147.93999999999988,21.99999999999997,0,0
1.85,8.571428571428571,94.78032148062647,56,11,0,0,133.62999999999988,18.99999999999997,0,0
1.85,8.571428571428571,94.7360135923073,56,11,0,0,119.31999999999988,15.999999999999972,0,0
1.85,8.571428571428571,94.69599423802883,56,11,0,0,105.00999999999982,12.999999999999972,0,0
1.85,8.571428571428571,94.67052524717307,56,11,0,0,90.69999999999987,9.999999999999972,0,0
1.85,8.571428571428571,94.63665345262447,56,11,0,0,76.38999999999987,6.999999999999972,0,0
1.85,8.571428571428571,94.62804880502713,56,11,0,0,62.07999999999987,3.9999999999999716,0,0
1.87,8.571428571428571,94.60812080057165,56,11,0,0,47.76999999999987,0.9999999999999716,0,0
1.87,8.571428571428571,94.56020213090143,56,12,0,0,43,0.0,0,0
1.87,8.571428571428571,94.55391253676827,56,12,0,0,57.31,3.0,0,0
1.87,8.571428571428571,94.58510581951184,56,12,0,0,71.62,6.0,0,0
1.87,8.571428571428571,94.58703055274434,56,12,0,0,85.93,9.0,0,0
1.87,8.571428571428571,94.5842181302482,56,12,0,0,100.24000000000001,12.0,0,0
1.87,8.571428571428571,94.59010112435152,56,12,0,0,114.55000000000001,15.0,0,0
1.87,8.571428571428571,94.61333885257915,56,12,0,0,128.86,18.0,0,0
1.87,8.571428571428571,94.67110686874719,56,12,0,0,143.16999999999996,21.0,0,0
1.87,8.571428571428571,94.65268849065181,56,12,0,0,157.48000000000002,24.0,0,0
1.88,8.571428571428571,94.6933437900126,56,12,0,0,171.79000000000002,27.0,0,0
1.88,8.571428571428571,94.67496774736546,56,12,0,0,186.10000000000002,30.0,0,0
1.88,8.571428571428571,94.68531621338741,56,12,0,0,200.40999999999997,33.0,0,0
1.88,8.571428571428571,94.68211895369664,56,12,0,0,214.71999999999997,36.0,0,0
1.88,8.571428571428571,94.69990664571306,56,12,0,0,229.03000000000003,39.0,0,0
1.88,8.571428571428571,94.68479814702081,56,12,0,0,243.34000000000003,42.00000000000001,0,0
1.88,8.571428571428571,94.73422389682895,56,12,0,0,257.65000000000003,45.00000000000001,0,0
1.88,8.571428571428571,94.76932545430101,56,12,0,0,271.96000000000004,48.00000000000001,0,0
1.88,8.571428571428571,94.83419629958406,56,12,0,0,286.27000000000004,51.00000000000001,0,0
1.88,8.571428571428571,94.91249617134187,56,12,0,0,300.58000000000004,54.00000000000001,0,0
1.90,8.571428571428571,94.97691690181355,56,12,0,0,314.89000000000004,57.000000000000014,0,0
1.90,8.571428571428571,95.05583795333777,56,12,0,0,329.20000000000005,60.00000000000001,0,0
1.90,8.571428571428571,95.10968899588708,56,12,0,0,343.51,63.0,0,0
1.90,8.571428571428571,95.16112036530983,56,12,0,0,357.82,66.0,0,0
1.90,8.571428571428571,95.22787072444372,56,12,0,0,372.13,69.0,0,0
1.90,8.571428571428571,95.30362907677564,56,12,0,0,386.44,72.0,0,0
1.90,8.571428571428571,95.35553800885036,56,12,0,0,400.75,75.0,0,0
1.90,8.571428571428571,95.394483026964,56,12,0,0,415.06,78.0,0,0
1.90,8.571428571428571,95.49037948491568,56,12,0,0,429.37,81.0,0,0
1.90,8.571428571428571,95.5523459914011,56,12,0,0,443.68,84.0,0,0
1.92,8.571428571428571,95.57658013910442,56,12,0,0,457.99,87.0,0,0
1.92,8.571428571428571,95.61230398640274,57,12,0,0,472.3,90.0,0,0
1.92,8.571428571428571,95.67993724423077,57,12,0,0,486.61,93.0,0,0
1.92,8.571428571428571,95.7318127607671,57,12,0,0,500.92,96.0,0,0
1.92,8.571428571428571,95.79210610910926,57,12,0,0,515.23,99.0,0,0
1.92,8.571428571428571,95.86190496909819,57,12,0,0,520,100.0,0,0
1.92,8.571428571428571,95.83000062940064,57,12,0,0,505.69,97.0,0,0
1.92,8.571428571428571,95.78030414903193,57,12,0,0,491.38,94.0,0,0
1.92,8.571428571428571,95.75449877916213,57,12,0,0,477.07,91.0,0,0
1.92,8.571428571428571,95.72765822545064,57,12,0,0,462.76,88.0,0,0
1.93,8.571428571428571,95.68444325047618,57,12,0,0,448.45,85.0,0,0
1.93,8.571428571428571,95.63052153354528,57,12,0,0,434.14,82.0,0,0
1.93,8.571428571428571,95.60688441800833,57,12,0,0,419.83,79.0,0,0
1.93,8.571428571428571,95.56877352336778,57,12,0,0,405.52,76.0,0,0
1.93,8.571428571428571,95.50851994129115,57,12,0,0,391.21,73.0,0,0
1.93,8.571428571428571,95.48154880945313,57,12,0,0,376.9,70.0,0,0
1.93,8.571428571428571,95.42366444497554,57,12,0,0,362.59000000000003,67.0,0,0
1.93,8.571428571428571,95.37141971431937,57,12,0,0,348.28,63.99999999999999,0,0
1.93,8.571428571428571,95.36338114078431,57,12,0,0,333.96999999999997,60.99999999999999,0,0
1.93,8.571428571428571,95.32759175476215,57,12,0,0,319.65999999999997,57.99999999999999,0,0
1.95,8.571428571428571,95.29803515754482,57,12,0,0,305.34999999999997,54.99999999999999,0,0
1.95,8.571428571428571,95.25786213748492,57,12,0,0,291.03999999999996,51.99999999999999,0,0
1.95,8.571428571428571,95.22889015485178,58,12,0,0,276.7299999999999,48.99999999999998,0,0
1.95,8.571428571428571,95.20723489670266,58,12,0,0,262.4199999999999,45.99999999999997,0,0
1.95,8.571428571428571,95.17378823412548,58,12,0,0,248.10999999999984,42.99999999999997,0,0
1.95,8.571428571428571,95.15548052634149,58,12,0,0,233.79999999999984,39.99999999999997,0,0
1.95,8.571428571428571,95.14061387432893,58,13,0,0,219.48999999999984,36.999999999999964,0,0
1.95,8.571428571428571,95.08833855078308,58,13,0,0,205.1799999999999,33.99999999999997,0,0
1.95,8.571428571428571,95.08377370003782,58,13,0,0,190.8699999999999,30.99999999999997,0,0
1.95,8.571428571428571,95.05001066248612,59,13,0,0,176.55999999999983,27.99999999999997,0,0
1.97,8.571428571428571,95.01371370422122,59,13,0,0,162.24999999999983,24.99999999999997,0,0
1.97,8.571428571428571,94.97284698954995,59,13,0,0,147.93999999999988,21.99999999999997,0,0
1.97,8.571428571428571,94.92895826939673,59,13,0,0,133.62999999999988,18.99999999999997,0,0
1.97,8.571428571428571,94.87871963030034,59,13,0,0,119.31999999999988,15.999999999999972,0,0
1.97,8.571428571428571,94.85671840198617,60,13,0,0,105.00999999999982,12.999999999999972,0,0
1.97,8.571428571428571,94.85049234871603,60,13,0,0,90.69999999999987,9.999999999999972,0,0
1.97,8.571428571428571,94.80614817159918,60,13,0,0,76.38999999999987,6.999999999999972,0,0
1.97,8.571428571428571,94.80154207611227,60,13,0,0,62.07999999999987,3.9999999999999716,0,0
1.97,8.571428571428571,94.7368275972349,60,13,0,0,47.76999999999987,0.9999999999999716,0,0
1.97,8.571428571428571,94.72153251485837,60,13,0,0,43,0.0,0,0
1.98,8.571428571428571,94.73341280615662,60,13,0,0,57.31,3.0,0,0
1.98,8.571428571428571,94.78117143263178,60,13,0,0,71.62,6.0,0,0
1.98,8.571428571428571,94.77509607177053,60,13,0,0,85.93,9.0,0,0
1.98,8.571428571428571,94.7490730309934,60,13,0,0,100.24000000000001,12.0,0,0
1.98,8.571428571428571,94.73819000761655,60,13,0,0,114.55000000000001,15.0,0,0
1.98,8.571428571428571,94.7454404328271,60,13,0,0,128.86,18.0,0,0
1.98,8.571428571428571,94.74867020726622,60,13,0,0,143.16999999999996,21.0,0,0
1.98,8.571428571428571,94.73783356417785,60,13,0,0,157.48000000000002,24.0,0,0
1.98,8.571428571428571,94.73494512308963,60,13,0,0,171.79000000000002,27.0,0,0
1.98,8.571428571428571,94.76246867930539,60,13,0,0,186.10000000000002,30.0,0,0
2.00,8.571428571428571,94.7796994869978,60,13,0,0,200.40999999999997,33.0,0,0
2.00,8.571428571428571,94.80999394720428,60,13,0,0,214.71999999999997,36.0,0,0
2.00,8.571428571428571,94.8315171065659,60,13,0,0,229.03000000000003,39.0,0,0
2.00,8.571428571428571,94.8476561715883,61,13,0,0,243.34000000000003,42.00000000000001,0,0
2.00,8.571428571428571,94.82987634259784,61,13,0,0,257.65000000000003,45.00000000000001,0,0
2.00,8.571428571428571,94.81297513951563,61,13,0,0,271.96000000000004,48.00000000000001,0,0
2.00,8.571428571428571,94.82383214412323,61,13,0,0,286.27000000000004,51.00000000000001,0,0
2.00,8.571428571428571,94.89462420860406,61,13,0,0,300.58000000000004,54.00000000000001,0,0
2.00,8.571428571428571,94.95334902278694,61,13,0,0,314.89000000000004,57.000000000000014,0,0
2.00,8.571428571428571,95.02158374072674,61,13,0,0,329.20000000000005,60.00000000000001,0,0
2.02,8.571428571428571,95.0789209827602,61,13,0,0,343.51,63.0,0,0
2.02,8.571428571428571,95.11418604912792,61,13,0,0,357.82,66.0,0,0
2.02,8.571428571428571,95.1797810218852,61,13,0,0,372.13,69.0,0,0
2.02,8.571428571428571,95.25545228908327,61,13,0,0,386.44,72.0,0,0
2.02,8.571428571428571,95.31469133707104,62,13,0,0,400.75,75.0,0,0
2.02,8.571428571428571,95.38219877740855,62,13,0,0,415.06,78.0,0,0
2.02,8.571428571428571,95.39171416857681,62,13,0,0,429.37,81.0,0,0
2.02,8.571428571428571,95.42341506365197,62,13,0,0,443.68,84.0,0,0
2.02,8.571428571428571,95.49425085281722,62,13,0,0,457.99,87.0,0,0
2.02,8.571428571428571,95.56931068823923,62,13,0,0,472.3,90.0,0,0
2.03,8.571428571428571,95.63153011300867,62,13,0,0,486.61,93.0,0,0
2.03,8.571428571428571,95.68994762305515,62,13,0,0,500.92,96.0,0,0
2.03,8.571428571428571,95.74128466198539,62,13,0,0,515.23,99.0,0,0
2.03,8.571428571428571,95.81723798191946,62,13,0,0,520,100.0,0,0
2.03,8.571428571428571,95.79867005583907,62,13,0,0,505.69,97.0,0,0
2.03,8.571428571428571,95.74123154325801,62,13,0,0,491.38,94.0,0,0
2.03,8.571428571428571,95.71074611537887,62,13,0,0,477.07,91.0,0,0
2.03,8.571428571428571,95.66066285164698,62,13,0,0,462.76,88.0,0,0
2.03,8.571428571428571,95.60387476012916,62,13,0,0,448.45,85.0,0,0
2.03,8.571428571428571,95.56719392148001,62,13,0,0,434.14,82.0,0,0
2.05,8.571428571428571,95.52848229617005,62,13,0,0,419.83,79.0,0,0
2.05,8.571428571428571,95.47384471125194,62,13,0,0,405.52,76.0,0,0
2.05,8.571428571428571,95.44972388390734,62,13,0,0,391.21,73.0,0,0
2.05,8.571428571428571,95.43605846093213,62,13,0,0,376.9,70.0,0,0
2.05,8.571428571428571,95.40610198937404,62,13,0,0,362.59000000000003,67.0,0,0
2.05,8.571428571428571,95.38805583666132,62,13,0,0,348.28,63.99999999999999,0,0
2.05,8.571428571428571,95.36038735603836,62,13,0,0,333.96999999999997,60.99999999999999,0,0
2.05,8.571428571428571,95.30827343529855,62,13,0,0,319.65999999999997,57.99999999999999,0,0
2.05,8.571428571428571,95.28941054571925,63,13,0,0,305.34999999999997,54.99999999999999,0,0
2.05,8.571428571428571,95.27334824423399,63,13,0,0,291.03999999999996,51.99999999999999,0,0
2.07,8.571428571428571,95.24703528211784,64,13,0,0,276.7299999999999,48.99999999999998,0,0
2.07,8.571428571428571,95.20921840225307,64,13,0,0,262.4199999999999,45.99999999999997,0,0
2.07,8.571428571428571,95.17148878812677,64,13,0,0,248.10999999999984,42.99999999999997,0,0
2.07,8.571428571428571,95.13014365216881,64,13,0,0,233.79999999999984,39.99999999999997,0,0
2.07,8.571428571428571,95.08270753554375,64,13,0,0,219.48999999999984,36.999999999999964,0,0
2.07,8.571428571428571,95.0383112229898,64,13,0,0,205.1799999999999,33.99999999999997,0,0
2.07,8.571428571428571,95.02063696773459,64,13,0,0,190.8699999999999,30.99999999999997,0,0
2.07,8.571428571428571,94.98430564722766,64,13,0,0,176.55999999999983,27.99999999999997,0,0
2.07,8.571428571428571,94.92147675324794,64,13,0,0,162.24999999999983,24.99999999999997,0,0
2.07,8.571428571428571,94.87850952253929,64,13,0,0,147.93999999999988,21.99999999999997,0,0
2.08,8.571428571428571,94.8501364834126,64,13,0,0,133.62999999999988,18.99999999999997,0,0
2.08,8.571428571428571,94.78994385705194,64,13,0,0,119.31999999999988,15.999999999999972,0,0
2.08,8.571428571428571,94.77871186510433,64,13,0,0,105.00999999999982,12.999999999999972,0,0
2.08,8.571428571428571,94.7620470741478,64,13,0,0,90.69999999999987,9.999999999999972,0,0
2.08,8.571428571428571,94.75862582879012,64,13,0,0,76.38999999999987,6.999999999999972,0,0
2.08,8.571428571428571,94.75884928653248,64,13,0,0,62.07999999999987,3.9999999999999716,0,0
2.08,8.571428571428571,94.72270948716438,64,13,0,0,47.76999999999987,0.9999999999999716,0,0
2.08,8.571428571428571,94.67465510650656,64,13,0,0,43,0.0,0,0
2.08,8.571428571428571,94.70687740843375,64,13,0,0,57.31,3.0,0,0
2.08,8.571428571428571,94.75556830701899,64,13,0,0,71.62,6.0,0,0
2.10,8.571428571428571,94.79003795753047,64,13,0,0,85.93,9.0,0,0
2.10,8.571428571428571,94.76832611923861,65,13,0,0,100.24000000000001,12.0,0,0
2.10,8.571428571428571,94.80075123691365,66,13,0,0,114.55000000000001,15.0,0,0
2.10,8.571428571428571,94.80169776932873,66,13,0,0,128.86,18.0,0,0
2.10,8.571428571428571,94.81791787927392,66,13,0,0,143.16999999999996,21.0,0,0
2.10,8.571428571428571,94.84874707684536,66,13,0,0,157.48000000000002,24.0,0,0
2.10,8.571428571428571,94.88088917747625,66,13,0,0,171.79000000000002,27.0,0,0
2.10,8.571428571428571,94.91785971455907,66,13,0,0,186.10000000000002,30.0,0,0
2.10,8.571428571428571,94.94172846966806,66,13,0,0,200.40999999999997,33.0,0,0
2.10,8.571428571428571,94.95068217174587,66,13,0,0,214.71999999999997,36.0,0,0
2.12,8.571428571428571,94.93885039238727,66,13,0,0,229.03000000000003,39.0,0,0
2.12,8.571428571428571,94.9391660769142,66,13,0,0,243.34000000000003,42.00000000000001,0,0
2.12,8.571428571428571,94.95267029639157,66,13,0,0,257.65000000000003,45.00000000000001,0,0
2.12,8.571428571428571,94.98468794599246,66,13,0,0,271.96000000000004,48.00000000000001,0,0
2.12,8.571428571428571,95.05178215328274,66,13,0,0,286.27000000000004,51.00000000000001,0,0
2.12,8.571428571428571,95.12737610561399,66,13,0,0,300.58000000000004,54.00000000000001,0,0
2.12,8.571428571428571,95.15268096975234,66,13,0,0,314.89000000000004,57.000000000000014,0,0
2.12,8.571428571428571,95.2085620179275,66,13,0,0,329.20000000000005,60.00000000000001,0,0
2.12,8.571428571428571,95.24752883411777,66,13,0,0,343.51,63.0,0,0
2.12,8.571428571428571,95.33242503299138,66,13,0,0,357.82,66.0,0,0
2.13,8.571428571428571,95.42163680636251,66,13,0,0,372.13,69.0,0,0
2.13,8.571428571428571,95.44461115840838,66,13,0,0,386.44,72.0,0,0
2.13,8.571428571428571,95.49384546144154,66,13,0,0,400.75,75.0,0,0
2.13,8.571428571428571,95.53491070574124,66,13,0,0,415.06,78.0,0,0
2.13,8.571428571428571,95.56878693994787,66,13,0,0,429.37,81.0,0,0
2.13,8.571428571428571,95.58480764631588,66,13,0,0,443.68,84.0,0,0
2.13,8.571428571428571,95.63985650184266,66,13,0,0,457.99,87.0,0,0
2.13,8.571428571428571,95.66421769152495,66,13,0,0,472.3,90.0,0,0
