Time Elapsed (min),Stroke Rate,Average Power,Score,Misses,Handle Force (ai20),Handle Position (ai21),Raw Seat Position (ai22),Converted Seat Position,Left Foot Force (ai16),Right Foot Force (ai18)
0.43,0,35.8661370891814,0,0,75.2345785139886,902.0390919287174,97.23529842819909,11.370083527924336,0.05009517569663083,-0.049185334156387484
0.43,22.850140437983185,36.026769873849155,0,0,75.2345785139886,902.0390919287174,97.23529842819909,11.370083527924336,0.05009517569663083,-0.049185334156387484
0.43,21.770337542248193,36.001979239045156,0,0,75.2345785139886,902.0390919287174,97.23529842819909,11.370083527924336,0.05009517569663083,-0.049185334156387484
0.43,20.043808014781302,36.13329623010605,0,0,75.2345785139886,902.0390919287174,97.23529842819909,11.370083527924336,0.05009517569663083,-0.049185334156387484
0.43,20.930565767263445,36.26758693901437,0,0,75.2345785139886,902.0390919287174,97.23529842819909,11.370083527924336,0.05009517569663083,-0.049185334156387484
0.43,19.21429344066845,36.43736353020665,0,0,75.2345785139886,902.0390919287174,97.23529842819909,11.370083527924336,0.05009517569663083,-0.049185334156387484
0.43,18.592181568183424,36.611016464417716,0,0,75.2345785139886,902.0390919287174,97.23529842819909,11.370083527924336,0.05009517569663083,-0.049185334156387484
0.45,19.321528493942903,36.76583489705327,0,0,75.2345785139886,902.0390919287174,97.23529842819909,11.370083527924336,0.05009517569663083,-0.049185334156387484
0.45,18.937733763635837,36.9313686616461,0,0,75.2345785139886,902.0390919287174,97.23529842819909,11.370083527924336,0.05009517569663083,-0.049185334156387484
0.45,18.680462520738203,37.021235578681676,0,0,75.2345785139886,902.0390919287174,97.23529842819909,11.370083527924336,0.05009517569663083,-0.049185334156387484
0.45,18.14781584442313,36.98520989973333,0,0,75.2345785139886,902.0390919287174,97.23529842819909,11.370083527924336,0.05009517569663083,-0.049185334156387484
0.45,18,36.99396630484174,0,0,75.2345785139886,902.0390919287174,97.23529842819909,11.370083527924336,0.05009517569663083,-0.049185334156387484
0.45,18,37.02416081245462,0,0,75.2345785139886,902.0390919287174,97.23529842819909,11.370083527924336,0.05009517569663083,-0.049185334156387484
0.45,18,37.137671056897396,0,0,75.2345785139886,902.0390919287174,97.23529842819909,11.370083527924336,0.05009517569663083,-0.049185334156387484
0.45,19.42942224421353,37.23052942471039,1,0,75.2345785139886,902.0390919287174,97.23529842819909,11.370083527924336,0.05009517569663083,-0.049185334156387484
0.45,18,37.266695337122904,1,0,75.2345785139886,902.0390919287174,97.23529842819909,11.370083527924336,0.05009517569663083,-0.049185334156387484
0.45,18.78454643518799,37.40487446781255,1,0,75.2345785139886,902.0390919287174,97.23529842819909,11.370083527924336,0.05009517569663083,-0.049185334156387484
0.47,18.891316552762913,37.546578056850876,1,0,75.2345785139886,902.0390919287174,97.23529842819909,11.370083527924336,0.05009517569663083,-0.049185334156387484
0.47,18.867551918616428,37.55351989195347,1,0,75.2345785139886,902.0390919287174,97.23529842819909,11.370083527924336,0.05009517569663083,-0.049185334156387484
0.47,20.22194404020948,37.66571700641703,1,0,75.2345785139886,902.0390919287174,97.23529842819909,11.370083527924336,0.05009517569663083,-0.049185334156387484
0.47,18.414807449789823,37.65837764995355,1,0,75.2345785139886,902.0390919287174,97.23529842819909,11.370083527924336,0.05009517569663083,-0.049185334156387484
0.47,18.970176273872195,37.83848090547827,1,0,75.2345785139886,902.0390919287174,97.23529842819909,11.370083527924336,0.05009517569663083,-0.049185334156387484
0.47,18,37.989177179137926,1,0,75.2345785139886,902.0390919287174,97.23529842819909,11.370083527924336,0.05009517569663083,-0.049185334156387484
0.47,18,37.9079886177455,1,0,75.2345785139886,902.0390919287174,97.23529842819909,11.370083527924336,0.05009517569663083,-0.049185334156387484
0.47,18,37.99459384787503,1,0,75.2345785139886,902.0390919287174,97.23529842819909,11.370083527924336,0.05009517569663083,-0.049185334156387484
0.47,19.511908324892325,38.070458740892484,1,0,75.2345785139886,902.0390919287174,97.23529842819909,11.370083527924336,0.05009517569663083,-0.049185334156387484
0.47,20.52231386782877,38.0641451392005,1,1,75.2345785139886,902.0390919287174,97.23529842819909,11.370083527924336,0.05009517569663083,-0.049185334156387484
0.48,18.995196792406304,38.07767846647159,1,1,75.2345785139886,902.0390919287174,97.23529842819909,11.370083527924336,0.05009517569663083,-0.049185334156387484
0.48,18.666160031391087,38.095107779657,1,1,75.2345785139886,902.0390919287174,97.23529842819909,11.370083527924336,0.05009517569663083,-0.049185334156387484
0.48,18.967428625537263,38.25112611560777,1,1,75.2345785139886,902.0390919287174,97.23529842819909,11.370083527924336,0.05009517569663083,-0.049185334156387484
0.48,19.910278929287358,38.330963473479876,1,1,75.2345785139886,902.0390919287174,97.23529842819909,11.370083527924336,0.05009517569663083,-0.049185334156387484
0.48,19.260156001195803,38.43861219236575,1,1,75.2345785139886,902.0390919287174,97.23529842819909,11.370083527924336,0.05009517569663083,-0.049185334156387484
0.48,18.189199182939102,38.521385454103836,2,1,75.2345785139886,902.0390919287174,97.23529842819909,11.370083527924336,0.05009517569663083,-0.049185334156387484
0.48,19.03721740630435,38.533155351321945,2,2,75.2345785139886,902.0390919287174,97.23529842819909,11.370083527924336,0.05009517569663083,-0.049185334156387484
0.48,18.676430517308038,38.57933926074836,2,2,75.2345785139886,902.0390919287174,97.23529842819909,11.370083527924336,0.05009517569663083,-0.049185334156387484
0.48,18.78772233058089,38.70075861119257,2,2,75.2345785139886,902.0390919287174,97.23529842819909,11.370083527924336,0.05009517569663083,-0.049185334156387484
0.48,20.152718896388137,38.769834548974295,2,2,75.2345785139886,902.0390919287174,97.23529842819909,11.370083527924336,0.05009517569663083,-0.049185334156387484
0.50,20.43970381042854,38.78032714007696,2,2,75.2345785139886,902.0390919287174,97.23529842819909,11.370083527924336,0.05009517569663083,-0.049185334156387484
0.50,21.263510555353722,38.81216033567396,2,2,75.2345785139886,902.0390919287174,97.23529842819909,11.370083527924336,0.05009517569663083,-0.049185334156387484
0.50,22.58640282261329,38.93280340865555,3,2,75.2345785139886,902.0390919287174,97.23529842819909,11.370083527924336,0.05009517569663083,-0.049185334156387484
0.50,21.015503046902975,38.90472368228331,3,2,75.2345785139886,902.0390919287174,97.23529842819909,11.370083527924336,0.05009517569663083,-0.049185334156387484
0.50,19.74748888969661,39.010732769455466,3,2,75.2345785139886,902.0390919287174,97.23529842819909,11.370083527924336,0.05009517569663083,-0.049185334156387484
0.50,19.704486977733655,39.0724134692109,3,2,75.2345785139886,902.0390919287174,97.23529842819909,11.370083527924336,0.05009517569663083,-0.049185334156387484
0.50,19.4175962965231,39.15443393585009,3,2,75.2345785139886,902.0390919287174,97.23529842819909,11.370083527924336,0.05009517569663083,-0.049185334156387484
0.50,18.184768579537298,39.12738328736947,3,2,75.2345785139886,902.0390919287174,97.23529842819909,11.370083527924336,0.05009517569663083,-0.049185334156387484
0.50,18,39.18825126748593,3,2,75.2345785139886,902.0390919287174,97.23529842819909,11.370083527924336,0.05009517569663083,-0.049185334156387484
0.50,18.13724428302981,39.210728293800315,3,2,75.2345785139886,902.0390919287174,97.23529842819909,11.370083527924336,0.05009517569663083,-0.049185334156387484
0.52,18,39.327585828402285,3,2,75.2345785139886,902.0390919287174,97.23529842819909,11.370083527924336,0.05009517569663083,-0.049185334156387484
0.52,19.316616527976038,39.31779288138316,3,2,75.2345785139886,902.0390919287174,97.23529842819909,11.370083527924336,0.05009517569663083,-0.049185334156387484
0.52,18.764124818570124,39.38875848288111,3,2,75.2345785139886,902.0390919287174,97.23529842819909,11.370083527924336,0.05009517569663083,-0.049185334156387484
0.52,18.534640969625947,39.45836439150702,3,2,75.2345785139886,902.0390919287174,97.23529842819909,11.370083527924336,0.05009517569663083,-0.049185334156387484
0.52,20.195308251446114,39.45735976415196,3,2,75.2345785139886,902.0390919287174,97.23529842819909,11.370083527924336,0.05009517569663083,-0.049185334156387484
0.52,19.555093133066162,39.48530514441207,3,2,75.2345785139886,902.0390919287174,97.23529842819909,11.370083527924336,0.05009517569663083,-0.049185334156387484
0.52,20.0293248486476,39.54893907305856,3,2,75.2345785139886,902.0390919287174,97.23529842819909,11.370083527924336,0.05009517569663083,-0.049185334156387484
0.52,21.969512414061143,39.630624947940994,3,2,75.2345785139886,902.0390919287174,97.23529842819909,11.370083527924336,0.05009517569663083,-0.049185334156387484
0.52,23.151225935586126,39.64160497486103,3,2,75.2345785139886,902.0390919287174,97.23529842819909,11.370083527924336,0.05009517569663083,-0.049185334156387484
0.52,21.834845497545995,39.66906631829165,3,2,75.2345785139886,902.0390919287174,97.23529842819909,11.370083527924336,0.05009517569663083,-0.049185334156387484
0.53,23.432785876067072,39.769195005199215,3,2,75.2345785139886,902.0390919287174,97.23529842819909,11.370083527924336,0.05009517569663083,-0.049185334156387484
0.53,22.525517081847223,39.82512822150253,3,2,75.2345785139886,902.0390919287174,97.23529842819909,11.370083527924336,0.05009517569663083,-0.049185334156387484
0.53,24.12658537266197,39.86122202130274,3,2,75.2345785139886,902.0390919287174,97.23529842819909,11.370083527924336,0.05009517569663083,-0.049185334156387484
0.53,23.62569885959236,39.82399528569014,3,2,75.2345785139886,902.0390919287174,97.23529842819909,11.370083527924336,0.05009517569663083,-0.049185334156387484
0.53,23.176092371243655,39.95646347103712,3,2,75.2345785139886,902.0390919287174,97.23529842819909,11.370083527924336,0.05009517569663083,-0.049185334156387484
0.53,23.810017141650505,40.073406453153254,4,2,75.2345785139886,902.0390919287174,97.23529842819909,11.370083527924336,0.05009517569663083,-0.049185334156387484
0.53,25.718564943204203,40.16844626436115,4,2,75.2345785139886,902.0390919287174,97.23529842819909,11.370083527924336,0.05009517569663083,-0.049185334156387484
0.53,25.366130702198333,40.18335568017301,4,2,75.2345785139886,902.0390919287174,97.23529842819909,11.370083527924336,0.05009517569663083,-0.049185334156387484
0.53,24.261938943104955,40.10505513233048,4,2,75.2345785139886,902.0390919287174,97.23529842819909,11.370083527924336,0.05009517569663083,-0.049185334156387484
0.53,25.79525946462942,40.08930648043505,4,2,75.2345785139886,902.0390919287174,97.23529842819909,11.370083527924336,0.05009517569663083,-0.049185334156387484
0.55,26.318520861303593,40.025630123278695,4,2,75.2345785139886,902.0390919287174,97.23529842819909,11.370083527924336,0.05009517569663083,-0.049185334156387484
0.55,25.715924283899678,40.14912471206916,4,2,75.2345785139886,902.0390919287174,97.23529842819909,11.370083527924336,0.05009517569663083,-0.049185334156387484
0.55,25.324809786633892,40.280076721412776,4,2,75.2345785139886,902.0390919287174,97.23529842819909,11.370083527924336,0.05009517569663083,-0.049185334156387484
0.55,24.15062147147442,40.28853218186419,4,2,75.2345785139886,902.0390919287174,97.23529842819909,11.370083527924336,0.05009517569663083,-0.049185334156387484
0.55,25.387022041698422,40.37800539592485,4,2,75.2345785139886,902.0390919287174,97.23529842819909,11.370083527924336,0.05009517569663083,-0.049185334156387484
0.55,24.39065818692292,40.5021623862417,4,2,75.2345785139886,902.0390919287174,97.23529842819909,11.370083527924336,0.05009517569663083,-0.049185334156387484
0.55,22.595129496927072,40.4609464271246,4,2,75.2345785139886,902.0390919287174,97.23529842819909,11.370083527924336,0.05009517569663083,-0.049185334156387484
0.55,22.151010408637454,40.494521373309986,4,2,75.2345785139886,902.0390919287174,97.23529842819909,11.370083527924336,0.05009517569663083,-0.049185334156387484
0.55,21.375371232012498,40.50905440917979,4,2,75.2345785139886,902.0390919287174,97.23529842819909,11.370083527924336,0.05009517569663083,-0.049185334156387484
0.55,21.326275583123124,40.57853576094924,4,2,75.2345785139886,902.0390919287174,97.23529842819909,11.370083527924336,0.05009517569663083,-0.049185334156387484
0.57,19.78753570182806,40.66823354761494,4,2,75.2345785139886,902.0390919287174,97.23529842819909,11.370083527924336,0.05009517569663083,-0.049185334156387484
0.57,18.77242974057499,40.69975578272072,4,2,75.2345785139886,902.0390919287174,97.23529842819909,11.370083527924336,0.05009517569663083,-0.049185334156387484
0.57,20.713103342870433,40.744847434745125,4,2,75.2345785139886,902.0390919287174,97.23529842819909,11.370083527924336,0.05009517569663083,-0.049185334156387484
0.57,20.827777403260377,40.80106297501918,4,2,75.2345785139886,902.0390919287174,97.23529842819909,11.370083527924336,0.05009517569663083,-0.049185334156387484
0.57,22.262937157251717,40.77303901328525,4,2,75.2345785139886,902.0390919287174,97.23529842819909,11.370083527924336,0.05009517569663083,-0.049185334156387484
0.57,20.82932439020588,40.77562325350743,4,2,75.2345785139886,902.0390919287174,97.23529842819909,11.370083527924336,0.05009517569663083,-0.049185334156387484
0.57,19.538153888079552,40.810350569949485,4,2,75.2345785139886,902.0390919287174,97.23529842819909,11.370083527924336,0.05009517569663083,-0.049185334156387484
0.57,19.55248548446704,40.88257018780673,4,2,75.2345785139886,902.0390919287174,97.23529842819909,11.370083527924336,0.05009517569663083,-0.049185334156387484
0.57,21.492840036449646,40.929338843266294,4,2,75.2345785139886,902.0390919287174,97.23529842819909,11.370083527924336,0.05009517569663083,-0.049185334156387484
0.57,22.731385807926447,40.97048698721971,4,2,75.2345785139886,902.0390919287174,97.23529842819909,11.370083527924336,0.05009517569663083,-0.049185334156387484
0.58,20.762084067716398,41.03850215676981,4,2,75.2345785139886,902.0390919287174,97.23529842819909,11.370083527924336,0.05009517569663083,-0.049185334156387484
0.58,21.3715557173912,41.06504072309835,4,2,75.2345785139886,902.0390919287174,97.23529842819909,11.370083527924336,0.05009517569663083,-0.049185334156387484
0.58,22.54713026242585,41.12998680058058,4,2,75.2345785139886,902.0390919287174,97.23529842819909,11.370083527924336,0.05009517569663083,-0.049185334156387484
0.58,22.599560732349623,41.187036266626,4,2,75.2345785139886,902.0390919287174,97.23529842819909,11.370083527924336,0.05009517569663083,-0.049185334156387484
0.58,23.595817496306484,41.27419465256412,4,2,75.2345785139886,902.0390919287174,97.23529842819909,11.370083527924336,0.05009517569663083,-0.049185334156387484
0.58,21.803376329955416,41.335114617508175,4,2,75.2345785139886,902.0390919287174,97.23529842819909,11.370083527924336,0.05009517569663083,-0.049185334156387484
0.58,21.542169803902574,41.33323224274151,4,2,75.2345785139886,902.0390919287174,97.23529842819909,11.370083527924336,0.05009517569663083,-0.049185334156387484
0.58,19.602466881847207,41.32015831226988,4,2,75.2345785139886,902.0390919287174,97.23529842819909,11.370083527924336,0.05009517569663083,-0.049185334156387484
0.58,20.953399245856396,41.46091870170866,4,2,75.2345785139886,902.0390919287174,97.23529842819909,11.370083527924336,0.05009517569663083,-0.049185334156387484
0.58,19.45790173592502,41.491089887875106,4,2,75.2345785139886,902.0390919287174,97.23529842819909,11.370083527924336,0.05009517569663083,-0.049185334156387484
0.60,18,41.50395107452532,4,2,75.2345785139886,902.0390919287174,97.23529842819909,11.370083527924336,0.05009517569663083,-0.049185334156387484
0.60,18.986405566627173,41.52047586321478,4,2,75.2345785139886,902.0390919287174,97.23529842819909,11.370083527924336,0.05009517569663083,-0.049185334156387484
0.60,18.40830622433673,41.58226017438686,4,2,75.2345785139886,902.0390919287174,97.23529842819909,11.370083527924336,0.05009517569663083,-0.049185334156387484
0.60,18,41.6854569584704,4,2,75.2345785139886,902.0390919287174,97.23529842819909,11.370083527924336,0.05009517569663083,-0.049185334156387484
0.60,19.440663256766886,41.701436534553835,4,2,75.2345785139886,902.0390919287174,97.23529842819909,11.370083527924336,0.05009517569663083,-0.049185334156387484
0.60,18.95292665362349,41.70696273097947,4,2,75.2345785139886,902.0390919287174,97.23529842819909,11.370083527924336,0.05009517569663083,-0.049185334156387484
0.60,19.86099559134947,41.75603614270158,4,2,75.2345785139886,902.0390919287174,97.23529842819909,11.370083527924336,0.05009517569663083,-0.049185334156387484
0.60,19.72688583108824,41.76460110300765,4,2,75.2345785139886,902.0390919287174,97.23529842819909,11.370083527924336,0.05009517569663083,-0.049185334156387484
0.60,18,41.8594550112142,4,2,75.2345785139886,902.0390919287174,97.23529842819909,11.370083527924336,0.05009517569663083,-0.049185334156387484
0.60,18.248604944643667,41.839231958582275,4,2,75.2345785139886,902.0390919287174,97.23529842819909,11.370083527924336,0.05009517569663083,-0.049185334156387484
0.62,18,41.76550140188895,4,2,75.2345785139886,902.0390919287174,97.23529842819909,11.370083527924336,0.05009517569663083,-0.049185334156387484
0.62,18,41.81846536880984,4,2,75.2345785139886,902.0390919287174,97.23529842819909,11.370083527924336,0.05009517569663083,-0.049185334156387484
0.62,18,41.819956002641156,4,2,75.2345785139886,902.0390919287174,97.23529842819909,11.370083527924336,0.05009517569663083,-0.049185334156387484
0.62,18,41.925349198418274,4,2,75.2345785139886,902.0390919287174,97.23529842819909,11.370083527924336,0.05009517569663083,-0.049185334156387484
0.62,18,41.98850030789158,4,2,75.2345785139886,902.0390919287174,97.23529842819909,11.370083527924336,0.05009517569663083,-0.049185334156387484
0.62,18.79828758651941,42.01306035112241,4,2,75.2345785139886,902.0390919287174,97.23529842819909,11.370083527924336,0.05009517569663083,-0.049185334156387484
0.62,20.3651717641838,42.02695963944509,4,2,75.2345785139886,902.0390919287174,97.23529842819909,11.370083527924336,0.05009517569663083,-0.049185334156387484
0.62,19.836696717232314,42.0895256467827,4,2,75.2345785139886,902.0390919287174,97.23529842819909,11.370083527924336,0.05009517569663083,-0.049185334156387484
0.62,19.732997766900105,42.15355236284866,4,2,75.2345785139886,902.0390919287174,97.23529842819909,11.370083527924336,0.05009517569663083,-0.049185334156387484
0.62,19.912335164500973,42.221905908584304,4,2,75.2345785139886,902.0390919287174,97.23529842819909,11.370083527924336,0.05009517569663083,-0.049185334156387484
0.63,19.021430547045178,42.18311410181129,4,2,75.2345785139886,902.0390919287174,97.23529842819909,11.370083527924336,0.05009517569663083,-0.049185334156387484
0.63,18.707150264586037,42.28875921237415,5,2,75.2345785139886,902.0390919287174,97.23529842819909,11.370083527924336,0.05009517569663083,-0.049185334156387484
0.63,18.78689843970692,42.33756970387398,5,2,75.2345785139886,902.0390919287174,97.23529842819909,11.370083527924336,0.05009517569663083,-0.049185334156387484
0.63,18.425936236506484,42.41099835489162,5,2,75.2345785139886,902.0390919287174,97.23529842819909,11.370083527924336,0.05009517569663083,-0.049185334156387484
0.63,18.42594458208832,42.37802973860904,5,2,75.2345785139886,902.0390919287174,97.23529842819909,11.370083527924336,0.05009517569663083,-0.049185334156387484
0.63,18,42.36463329128451,5,2,75.2345785139886,902.0390919287174,97.23529842819909,11.370083527924336,0.05009517569663083,-0.049185334156387484
0.63,19.36992107160899,42.35682111988377,5,2,75.2345785139886,902.0390919287174,97.23529842819909,11.370083527924336,0.05009517569663083,-0.049185334156387484
0.63,18,42.4236611773501,5,2,75.2345785139886,902.0390919287174,97.23529842819909,11.370083527924336,0.05009517569663083,-0.049185334156387484
0.63,18,42.45525034716372,5,2,75.2345785139886,902.0390919287174,97.23529842819909,11.370083527924336,0.05009517569663083,-0.049185334156387484
0.63,18,42.468988166643,5,2,75.2345785139886,902.0390919287174,97.23529842819909,11.370083527924336,0.05009517569663083,-0.049185334156387484
0.65,18.754192974088234,42.51192400759294,5,2,75.2345785139886,902.0390919287174,97.23529842819909,11.370083527924336,0.05009517569663083,-0.049185334156387484
0.65,20.068633820685275,42.52566197904709,5,2,75.2345785139886,902.0390919287174,97.23529842819909,11.370083527924336,0.05009517569663083,-0.049185334156387484
0.65,20.325791360456027,42.61643996832688,5,2,75.2345785139886,902.0390919287174,97.23529842819909,11.370083527924336,0.05009517569663083,-0.049185334156387484
0.65,21.5169423282301,42.67271147815285,5,2,75.2345785139886,902.0390919287174,97.23529842819909,11.370083527924336,0.05009517569663083,-0.049185334156387484
0.65,21.962440117517783,42.769867803327436,5,2,75.2345785139886,902.0390919287174,97.23529842819909,11.370083527924336,0.05009517569663083,-0.049185334156387484
0.65,21.08659437911658,42.83187544958009,5,2,75.2345785139886,902.0390919287174,97.23529842819909,11.370083527924336,0.05009517569663083,-0.049185334156387484
0.65,19.128664472015068,42.84374334257837,5,2,75.2345785139886,902.0390919287174,97.23529842819909,11.370083527924336,0.05009517569663083,-0.049185334156387484
0.65,18.297079782755098,42.90603741936983,6,2,75.2345785139886,902.0390919287174,97.23529842819909,11.370083527924336,0.05009517569663083,-0.049185334156387484
0.65,18.363269473285676,42.94836909851432,7,2,75.2345785139886,902.0390919287174,97.23529842819909,11.370083527924336,0.05009517569663083,-0.049185334156387484
0.65,18.789434707457445,43.01377881217368,7,2,75.2345785139886,902.0390919287174,97.23529842819909,11.370083527924336,0.05009517569663083,-0.049185334156387484
0.67,19.963160775978626,43.139677799129046,7,2,75.2345785139886,902.0390919287174,97.23529842819909,11.370083527924336,0.05009517569663083,-0.049185334156387484
0.67,21.61339654568253,43.18695994367887,7,2,75.2345785139886,902.0390919287174,97.23529842819909,11.370083527924336,0.05009517569663083,-0.049185334156387484
0.67,20.960147562140868,43.168174387335306,7,2,75.2345785139886,902.0390919287174,97.23529842819909,11.370083527924336,0.05009517569663083,-0.049185334156387484
0.67,19.714295115412536,43.1639416100392,7,2,75.2345785139886,902.0390919287174,97.23529842819909,11.370083527924336,0.05009517569663083,-0.049185334156387484
0.67,20.58249231089583,43.19863838452592,7,2,75.2345785139886,902.0390919287174,97.23529842819909,11.370083527924336,0.05009517569663083,-0.049185334156387484
0.67,20.412248517119014,43.22140579807679,7,2,75.2345785139886,902.0390919287174,97.23529842819909,11.370083527924336,0.05009517569663083,-0.049185334156387484
0.67,21.769984526730575,43.22674530415375,7,2,75.2345785139886,902.0390919287174,97.23529842819909,11.370083527924336,0.05009517569663083,-0.049185334156387484
0.67,22.58328454060461,43.276991503659836,7,2,75.2345785139886,902.0390919287174,97.23529842819909,11.370083527924336,0.05009517569663083,-0.049185334156387484
0.67,22.542775634387116,43.30870543967924,7,2,75.2345785139886,902.0390919287174,97.23529842819909,11.370083527924336,0.05009517569663083,-0.049185334156387484
0.67,21.290482207725855,43.39516188582105,7,2,75.2345785139886,902.0390919287174,97.23529842819909,11.370083527924336,0.05009517569663083,-0.049185334156387484
0.68,22.73405360667867,43.45215229681036,7,2,75.2345785139886,902.0390919287174,97.23529842819909,11.370083527924336,0.05009517569663083,-0.049185334156387484
0.68,21.55061689742447,43.481899964188095,7,2,75.2345785139886,902.0390919287174,97.23529842819909,11.370083527924336,0.05009517569663083,-0.049185334156387484
0.68,20.00182751850011,43.59199460001918,7,2,75.2345785139886,902.0390919287174,97.23529842819909,11.370083527924336,0.05009517569663083,-0.049185334156387484
0.68,21.80293851869202,43.5516387018201,7,2,75.2345785139886,902.0390919287174,97.23529842819909,11.370083527924336,0.05009517569663083,-0.049185334156387484
0.68,20.317465222729926,43.53205487013489,7,2,75.2345785139886,902.0390919287174,97.23529842819909,11.370083527924336,0.05009517569663083,-0.049185334156387484
0.68,20.727626516885092,43.62042901922466,7,2,75.2345785139886,902.0390919287174,97.23529842819909,11.370083527924336,0.05009517569663083,-0.049185334156387484
0.68,22.02417302591836,43.59533941190049,7,3,75.2345785139886,902.0390919287174,97.23529842819909,11.370083527924336,0.05009517569663083,-0.049185334156387484
0.68,23.397032341817397,43.58064365587763,7,3,75.2345785139886,902.0390919287174,97.23529842819909,11.370083527924336,0.05009517569663083,-0.049185334156387484
0.68,21.521306802699755,43.62882599503518,7,3,75.2345785139886,902.0390919287174,97.23529842819909,11.370083527924336,0.05009517569663083,-0.049185334156387484
0.68,21.749906767223887,43.57949191427843,7,3,75.2345785139886,902.0390919287174,97.23529842819909,11.370083527924336,0.05009517569663083,-0.049185334156387484
0.70,20.492803055871608,43.61909425889224,7,3,75.2345785139886,902.0390919287174,97.23529842819909,11.370083527924336,0.05009517569663083,-0.049185334156387484
0.70,21.91984529714595,43.60389629967935,7,3,75.2345785139886,902.0390919287174,97.23529842819909,11.370083527924336,0.05009517569663083,-0.049185334156387484
0.70,23.019450210815613,43.711913450911204,7,3,75.2345785139886,902.0390919287174,97.23529842819909,11.370083527924336,0.05009517569663083,-0.049185334156387484
0.70,24.79208169881821,43.75069691392336,7,3,75.2345785139886,902.0390919287174,97.23529842819909,11.370083527924336,0.05009517569663083,-0.049185334156387484
0.70,23.30377256859105,43.778251675314124,7,3,75.2345785139886,902.0390919287174,97.23529842819909,11.370083527924336,0.05009517569663083,-0.049185334156387484
0.70,22.306329240127805,43.885752570463175,7,3,75.2345785139886,902.0390919287174,97.23529842819909,11.370083527924336,0.05009517569663083,-0.049185334156387484
0.70,22.25563079614068,43.954924969667424,7,3,75.2345785139886,902.0390919287174,97.23529842819909,11.370083527924336,0.05009517569663083,-0.049185334156387484
0.70,22.99474362343837,43.99817653009849,7,3,75.2345785139886,902.0390919287174,97.23529842819909,11.370083527924336,0.05009517569663083,-0.049185334156387484
0.70,22.50068537309539,44.01986515354431,7,3,75.2345785139886,902.0390919287174,97.23529842819909,11.370083527924336,0.05009517569663083,-0.049185334156387484
0.70,23.600847328143217,44.0887284813326,7,3,75.2345785139886,902.0390919287174,97.23529842819909,11.370083527924336,0.05009517569663083,-0.049185334156387484
0.72,22.803587575995113,44.09456345333377,7,3,75.2345785139886,902.0390919287174,97.23529842819909,11.370083527924336,0.05009517569663083,-0.049185334156387484
0.72,22.592766355763267,44.04202242711872,7,3,75.2345785139886,902.0390919287174,97.23529842819909,11.370083527924336,0.05009517569663083,-0.049185334156387484
0.72,24.466201928335884,44.12738191919592,7,3,75.2345785139886,902.0390919287174,97.23529842819909,11.370083527924336,0.05009517569663083,-0.049185334156387484
0.72,24.806864247357,44.180721142576665,7,3,75.2345785139886,902.0390919287174,97.23529842819909,11.370083527924336,0.05009517569663083,-0.049185334156387484
0.72,25.625471246202828,44.208223367060704,7,3,75.2345785139886,902.0390919287174,97.23529842819909,11.370083527924336,0.05009517569663083,-0.049185334156387484
0.72,27.074756494526984,44.246116517311755,7,3,75.2345785139886,902.0390919287174,97.23529842819909,11.370083527924336,0.05009517569663083,-0.049185334156387484
0.72,26.028400251303967,44.22259123716931,7,3,75.2345785139886,902.0390919287174,97.23529842819909,11.370083527924336,0.05009517569663083,-0.049185334156387484
0.72,27.433992636959495,44.20639349411891,7,3,75.2345785139886,902.0390919287174,97.23529842819909,11.370083527924336,0.05009517569663083,-0.049185334156387484
0.72,25.576031185237763,44.17698323818738,7,3,75.2345785139886,902.0390919287174,97.23529842819909,11.370083527924336,0.05009517569663083,-0.049185334156387484
0.72,25.066684485429825,44.14230361632942,7,3,75.2345785139886,902.0390919287174,97.23529842819909,11.370083527924336,0.05009517569663083,-0.049185334156387484
0.73,26.14086141601775,44.17934036956098,7,3,75.2345785139886,902.0390919287174,97.23529842819909,11.370083527924336,0.05009517569663083,-0.049185334156387484
0.73,26.65383482800379,44.2166824923625,7,3,75.2345785139886,902.0390919287174,97.23529842819909,11.370083527924336,0.05009517569663083,-0.049185334156387484
0.73,27.06904981342948,44.2578824860271,7,3,75.2345785139886,902.0390919287174,97.23529842819909,11.370083527924336,0.05009517569663083,-0.049185334156387484
0.73,25.54486817298701,44.21792409498998,7,3,75.2345785139886,902.0390919287174,97.23529842819909,11.370083527924336,0.05009517569663083,-0.049185334156387484
0.73,24.946737073993436,44.24569083168323,7,3,75.2345785139886,902.0390919287174,97.23529842819909,11.370083527924336,0.05009517569663083,-0.049185334156387484
0.73,24.385852423535034,44.2583300732327,7,3,75.2345785139886,902.0390919287174,97.23529842819909,11.370083527924336,0.05009517569663083,-0.049185334156387484
0.73,25.963472345486398,44.18489515933661,7,3,75.2345785139886,902.0390919287174,97.23529842819909,11.370083527924336,0.05009517569663083,-0.049185334156387484
0.73,27.388193064548084,44.15858225121858,7,3,75.2345785139886,902.0390919287174,97.23529842819909,11.370083527924336,0.05009517569663083,-0.049185334156387484
0.73,25.939236914146413,44.139810670975855,7,3,75.2345785139886,902.0390919287174,97.23529842819909,11.370083527924336,0.05009517569663083,-0.049185334156387484
0.73,24.71867186133776,44.16527233415438,7,3,75.2345785139886,902.0390919287174,97.23529842819909,11.370083527924336,0.05009517569663083,-0.049185334156387484
0.75,25.450430483722595,44.1701984034986,7,3,75.2345785139886,902.0390919287174,97.23529842819909,11.370083527924336,0.05009517569663083,-0.049185334156387484
0.75,25.91622899461175,44.22691697075659,7,3,75.2345785139886,902.0390919287174,97.23529842819909,11.370083527924336,0.05009517569663083,-0.049185334156387484
0.75,24.061231412380597,44.286882264622186,7,3,75.2345785139886,902.0390919287174,97.23529842819909,11.370083527924336,0.05009517569663083,-0.049185334156387484
0.75,23.085248068569886,44.336681602938675,7,3,75.2345785139886,902.0390919287174,97.23529842819909,11.370083527924336,0.05009517569663083,-0.049185334156387484
0.75,21.316186244054286,44.28627460368926,7,3,75.2345785139886,902.0390919287174,97.23529842819909,11.370083527924336,0.05009517569663083,-0.049185334156387484
0.75,20.002682263230795,44.286145710951054,7,3,75.2345785139886,902.0390919287174,97.23529842819909,11.370083527924336,0.05009517569663083,-0.049185334156387484
0.75,22.00221789675516,44.30591259639533,7,3,75.2345785139886,902.0390919287174,97.23529842819909,11.370083527924336,0.05009517569663083,-0.049185334156387484
0.75,21.54223629349661,44.34827308203933,7,3,75.2345785139886,902.0390919287174,97.23529842819909,11.370083527924336,0.05009517569663083,-0.049185334156387484
0.75,21.804780940353535,44.35563093918027,7,3,75.2345785139886,902.0390919287174,97.23529842819909,11.370083527924336,0.05009517569663083,-0.049185334156387484
0.75,23.619425497247448,44.31365585823884,7,3,75.2345785139886,902.0390919287174,97.23529842819909,11.370083527924336,0.05009517569663083,-0.049185334156387484
0.77,23.706348745215784,44.332695979127664,7,3,75.2345785139886,902.0390919287174,97.23529842819909,11.370083527924336,0.05009517569663083,-0.049185334156387484
0.77,22.95089116796128,44.32224499506621,7,3,75.2345785139886,902.0390919287174,97.23529842819909,11.370083527924336,0.05009517569663083,-0.049185334156387484
0.77,24.558303543535644,44.318461871711776,7,3,75.2345785139886,902.0390919287174,97.23529842819909,11.370083527924336,0.05009517569663083,-0.049185334156387484
0.77,25.405057953433946,44.35485108529409,7,3,75.2345785139886,902.0390919287174,97.23529842819909,11.370083527924336,0.05009517569663083,-0.049185334156387484
0.77,24.38671317729808,44.32616919300621,7,3,75.2345785139886,902.0390919287174,97.23529842819909,11.370083527924336,0.05009517569663083,-0.049185334156387484
0.77,25.22557700909879,44.32864283125743,7,3,75.2345785139886,902.0390919287174,97.23529842819909,11.370083527924336,0.05009517569663083,-0.049185334156387484
0.77,24.062447955781344,44.32878324812433,7,3,75.2345785139886,902.0390919287174,97.23529842819909,11.370083527924336,0.05009517569663083,-0.049185334156387484
0.77,23.260101315387743,44.30109457108321,7,3,75.2345785139886,902.0390919287174,97.23529842819909,11.370083527924336,0.05009517569663083,-0.049185334156387484
0.77,22.984769252813763,44.31370829166927,7,3,75.2345785139886,902.0390919287174,97.23529842819909,11.370083527924336,0.05009517569663083,-0.049185334156387484
0.77,24.77647224841001,44.35061038608179,7,3,75.2345785139886,902.0390919287174,97.23529842819909,11.370083527924336,0.05009517569663083,-0.049185334156387484
0.78,26.003170479228846,44.442337137817844,7,3,75.2345785139886,902.0390919287174,97.23529842819909,11.370083527924336,0.05009517569663083,-0.049185334156387484
0.78,24.855067088382896,44.484932334888114,7,3,75.2345785139886,902.0390919287174,97.23529842819909,11.370083527924336,0.05009517569663083,-0.049185334156387484
0.78,24.383704551632267,44.493009037438725,7,3,75.2345785139886,902.0390919287174,97.23529842819909,11.370083527924336,0.05009517569663083,-0.049185334156387484
0.78,23.700024259496683,44.49217756415698,7,4,75.2345785139886,902.0390919287174,97.23529842819909,11.370083527924336,0.05009517569663083,-0.049185334156387484
0.78,24.3328366754693,44.553074316932985,7,4,75.2345785139886,902.0390919287174,97.23529842819909,11.370083527924336,0.05009517569663083,-0.049185334156387484
0.78,25.087587698258336,44.532213216905625,7,4,75.2345785139886,902.0390919287174,97.23529842819909,11.370083527924336,0.05009517569663083,-0.049185334156387484
0.78,26.13185110428452,44.5644440147898,7,4,75.2345785139886,902.0390919287174,97.23529842819909,11.370083527924336,0.05009517569663083,-0.049185334156387484
0.78,25.12340377773229,44.551772516081144,7,4,75.2345785139886,902.0390919287174,97.23529842819909,11.370083527924336,0.05009517569663083,-0.049185334156387484
0.78,27.066449907859454,44.58241599963773,7,4,75.2345785139886,902.0390919287174,97.23529842819909,11.370083527924336,0.05009517569663083,-0.049185334156387484
0.78,26.05814284069458,44.64876419925151,7,4,75.2345785139886,902.0390919287174,97.23529842819909,11.370083527924336,0.05009517569663083,-0.049185334156387484
0.80,27.279579238557993,44.62627033651168,7,4,75.2345785139886,902.0390919287174,97.23529842819909,11.370083527924336,0.05009517569663083,-0.049185334156387484
0.80,26.07345291026464,44.62511798947732,7,4,75.2345785139886,902.0390919287174,97.23529842819909,11.370083527924336,0.05009517569663083,-0.049185334156387484
0.80,24.91692768110948,44.57434561326606,7,4,75.2345785139886,902.0390919287174,97.23529842819909,11.370083527924336,0.05009517569663083,-0.049185334156387484
0.80,22.960964674873992,44.54665076118373,7,4,75.2345785139886,902.0390919287174,97.23529842819909,11.370083527924336,0.05009517569663083,-0.049185334156387484
0.80,24.784797949620124,44.53180333989075,7,5,75.2345785139886,902.0390919287174,97.23529842819909,11.370083527924336,0.05009517569663083,-0.049185334156387484
0.80,22.808820631039648,44.577330492654,7,5,75.2345785139886,902.0390919287174,97.23529842819909,11.370083527924336,0.05009517569663083,-0.049185334156387484
0.80,23.53153452662911,44.6226557101315,7,5,75.2345785139886,902.0390919287174,97.23529842819909,11.370083527924336,0.05009517569663083,-0.049185334156387484
0.82,25.484410075337255,44.61437673701232,7,5,75.2345785139886,902.0390919287174,97.23529842819909,11.370083527924336,0.05009517569663083,-0.049185334156387484
0.82,24.852531635959473,44.5998965819677,7,5,75.2345785139886,902.0390919287174,97.23529842819909,11.370083527924336,0.05009517569663083,-0.049185334156387484
0.83,26.376879603473526,44.564813059724315,7,5,75.2345785139886,902.0390919287174,97.23529842819909,11.370083527924336,0.05009517569663083,-0.049185334156387484
0.83,26.237182555470252,44.61902641016239,7,5,75.2345785139886,902.0390919287174,97.23529842819909,11.370083527924336,0.05009517569663083,-0.049185334156387484
0.83,25.562311043118715,44.71534071985981,7,5,75.2345785139886,902.0390919287174,97.23529842819909,11.370083527924336,0.05009517569663083,-0.049185334156387484
0.83,25.991575505438348,44.71642379777661,7,5,75.2345785139886,902.0390919287174,97.23529842819909,11.370083527924336,0.05009517569663083,-0.049185334156387484
0.83,26.678896553677916,44.74562909212093,7,5,75.2345785139886,902.0390919287174,97.23529842819909,11.370083527924336,0.05009517569663083,-0.049185334156387484
0.83,27.623186185334667,44.82175039116288,7,5,75.2345785139886,902.0390919287174,97.23529842819909,11.370083527924336,0.05009517569663083,-0.049185334156387484
0.83,28.094179850093735,44.819399973325496,7,5,75.2345785139886,902.0390919287174,97.23529842819909,11.370083527924336,0.05009517569663083,-0.049185334156387484
0.83,29.713728078817304,44.81460448179254,7,5,75.2345785139886,902.0390919287174,97.23529842819909,11.370083527924336,0.05009517569663083,-0.049185334156387484
0.85,30.20754722497519,44.90711076127836,7,5,75.2345785139886,902.0390919287174,97.23529842819909,11.370083527924336,0.05009517569663083,-0.049185334156387484
0.85,31.73997794346332,44.98666152523422,7,5,75.2345785139886,902.0390919287174,97.23529842819909,11.370083527924336,0.05009517569663083,-0.049185334156387484
0.85,32.18953113144791,44.98446436751331,7,5,75.2345785139886,902.0390919287174,97.23529842819909,11.370083527924336,0.05009517569663083,-0.049185334156387484
0.85,34.0683126678227,44.97879918966985,7,5,75.2345785139886,902.0390919287174,97.23529842819909,11.370083527924336,0.05009517569663083,-0.049185334156387484
0.85,32.67084113953494,44.97076978911274,7,5,75.2345785139886,902.0390919287174,97.23529842819909,11.370083527924336,0.05009517569663083,-0.049185334156387484
0.85,30.765472343658814,44.93475048577789,7,5,75.2345785139886,902.0390919287174,97.23529842819909,11.370083527924336,0.05009517569663083,-0.049185334156387484
0.85,29.344787094415985,44.994617741728554,7,6,75.2345785139886,902.0390919287174,97.23529842819909,11.370083527924336,0.05009517569663083,-0.049185334156387484
0.85,27.60693306543004,45.00118749833343,7,6,75.2345785139886,902.0390919287174,97.23529842819909,11.370083527924336,0.05009517569663083,-0.049185334156387484
0.85,27.605617280267175,45.01962192728561,7,6,75.2345785139886,902.0390919287174,97.23529842819909,11.370083527924336,0.05009517569663083,-0.049185334156387484
0.85,26.478949480859033,45.04313873327739,7,6,75.2345785139886,902.0390919287174,97.23529842819909,11.370083527924336,0.05009517569663083,-0.049185334156387484
0.87,25.153622944205367,45.075586355631415,7,6,75.2345785139886,902.0390919287174,97.23529842819909,11.370083527924336,0.05009517569663083,-0.049185334156387484
0.87,23.98455586032983,45.11700406733079,7,6,75.2345785139886,902.0390919287174,97.23529842819909,11.370083527924336,0.05009517569663083,-0.049185334156387484
0.87,25.36298335303606,45.11383977426663,7,6,75.2345785139886,902.0390919287174,97.23529842819909,11.370083527924336,0.05009517569663083,-0.049185334156387484
0.87,26.784480090107426,45.19779777646092,7,6,75.2345785139886,902.0390919287174,97.23529842819909,11.370083527924336,0.05009517569663083,-0.049185334156387484
0.87,26.13353395987618,45.23406002986754,7,6,75.2345785139886,902.0390919287174,97.23529842819909,11.370083527924336,0.05009517569663083,-0.049185334156387484
0.87,26.173391898147337,45.263278945620584,7,6,75.2345785139886,902.0390919287174,97.23529842819909,11.370083527924336,0.05009517569663083,-0.049185334156387484
0.87,26.70199571792576,45.27272958185706,7,6,75.2345785139886,902.0390919287174,97.23529842819909,11.370083527924336,0.05009517569663083,-0.049185334156387484
0.87,26.46959543934913,45.34040846406161,7,6,75.2345785139886,902.0390919287174,97.23529842819909,11.370083527924336,0.05009517569663083,-0.049185334156387484
0.88,27.285467463162796,45.383526248793714,7,6,75.2345785139886,902.0390919287174,97.23529842819909,11.370083527924336,0.05009517569663083,-0.049185334156387484
0.88,25.334021314004296,45.364275740321574,7,6,75.2345785139886,902.0390919287174,97.23529842819909,11.370083527924336,0.05009517569663083,-0.049185334156387484
0.88,24.8795709578329,45.36985536930977,7,6,75.2345785139886,902.0390919287174,97.23529842819909,11.370083527924336,0.05009517569663083,-0.049185334156387484
0.88,24.052198072739994,45.465827246184304,7,6,75.2345785139886,902.0390919287174,97.23529842819909,11.370083527924336,0.05009517569663083,-0.049185334156387484
0.88,23.02024050189506,45.44503315120512,7,6,75.2345785139886,902.0390919287174,97.23529842819909,11.370083527924336,0.05009517569663083,-0.049185334156387484
0.88,24.601917418025376,45.46370074231801,7,6,75.2345785139886,902.0390919287174,97.23529842819909,11.370083527924336,0.05009517569663083,-0.049185334156387484
0.88,23.187223330904782,45.47272108668028,7,6,75.2345785139886,902.0390919287174,97.23529842819909,11.370083527924336,0.05009517569663083,-0.049185334156387484
0.88,23.513585419051367,45.49554501546484,7,6,75.2345785139886,902.0390919287174,97.23529842819909,11.370083527924336,0.05009517569663083,-0.049185334156387484
0.88,22.067302463560093,45.46435147874802,7,6,75.2345785139886,902.0390919287174,97.23529842819909,11.370083527924336,0.05009517569663083,-0.049185334156387484
0.90,22.3962341259307,45.49417015275318,7,6,75.2345785139886,902.0390919287174,97.23529842819909,11.370083527924336,0.05009517569663083,-0.049185334156387484
0.90,21.53800381009696,45.594823996876514,7,6,75.2345785139886,902.0390919287174,97.23529842819909,11.370083527924336,0.05009517569663083,-0.049185334156387484
0.90,21.96821085590086,45.607664089418165,7,6,75.2345785139886,902.0390919287174,97.23529842819909,11.370083527924336,0.05009517569663083,-0.049185334156387484
0.90,21.038943454531147,45.61751632399167,7,6,75.2345785139886,902.0390919287174,97.23529842819909,11.370083527924336,0.05009517569663083,-0.049185334156387484
0.90,19.156677122402435,45.67098295308972,7,6,75.2345785139886,902.0390919287174,97.23529842819909,11.370083527924336,0.05009517569663083,-0.049185334156387484
0.90,20.72948981536898,45.67983230239176,7,6,75.2345785139886,902.0390919287174,97.23529842819909,11.370083527924336,0.05009517569663083,-0.049185334156387484
0.92,21.48104450334683,45.70232372113692,7,6,75.2345785139886,902.0390919287174,97.23529842819909,11.370083527924336,0.05009517569663083,-0.049185334156387484
0.92,22.041164934943573,45.76614570335803,7,6,75.2345785139886,902.0390919287174,97.23529842819909,11.370083527924336,0.05009517569663083,-0.049185334156387484
0.92,22.89903536506752,45.78345331217988,7,6,75.2345785139886,902.0390919287174,97.23529842819909,11.370083527924336,0.05009517569663083,-0.049185334156387484
0.92,22.8051524435171,45.78722066379774,7,6,75.2345785139886,902.0390919287174,97.23529842819909,11.370083527924336,0.05009517569663083,-0.049185334156387484
0.92,21.787540910368442,45.78729112819263,7,6,75.2345785139886,902.0390919287174,97.23529842819909,11.370083527924336,0.05009517569663083,-0.049185334156387484
0.92,20.07547964305615,45.807562188340505,7,6,75.2345785139886,902.0390919287174,97.23529842819909,11.370083527924336,0.05009517569663083,-0.049185334156387484
0.92,19.9371426228419,45.90363817257762,7,6,75.2345785139886,902.0390919287174,97.23529842819909,11.370083527924336,0.05009517569663083,-0.049185334156387484
0.92,20.615288904439726,45.90250926966367,7,6,75.2345785139886,902.0390919287174,97.23529842819909,11.370083527924336,0.05009517569663083,-0.049185334156387484
0.92,21.526521249679934,45.91673620416799,7,6,75.2345785139886,902.0390919287174,97.23529842819909,11.370083527924336,0.05009517569663083,-0.049185334156387484
0.93,21.49817503955098,45.98387137650288,7,6,75.2345785139886,902.0390919287174,97.23529842819909,11.370083527924336,0.05009517569663083,-0.049185334156387484
0.93,20.83458077461635,45.93408300363887,7,6,75.2345785139886,902.0390919287174,97.23529842819909,11.370083527924336,0.05009517569663083,-0.049185334156387484
0.93,19.132664146324828,45.92907030442912,7,6,75.2345785139886,902.0390919287174,97.23529842819909,11.370083527924336,0.05009517569663083,-0.049185334156387484
0.93,21.038339328987846,45.94575529811767,7,6,75.2345785139886,902.0390919287174,97.23529842819909,11.370083527924336,0.05009517569663083,-0.049185334156387484
0.93,23.010886362264966,45.945460528467116,7,6,75.2345785139886,902.0390919287174,97.23529842819909,11.370083527924336,0.05009517569663083,-0.049185334156387484
0.93,24.438337540654565,45.93847449570459,7,6,75.2345785139886,902.0390919287174,97.23529842819909,11.370083527924336,0.05009517569663083,-0.049185334156387484
0.93,24.691879931168202,45.96144552686673,7,6,75.2345785139886,902.0390919287174,97.23529842819909,11.370083527924336,0.05009517569663083,-0.049185334156387484
0.93,25.710635296031164,46.01796586058363,7,6,75.2345785139886,902.0390919287174,97.23529842819909,11.370083527924336,0.05009517569663083,-0.049185334156387484
0.93,25.364627944752772,46.04612852850929,7,6,75.2345785139886,902.0390919287174,97.23529842819909,11.370083527924336,0.05009517569663083,-0.049185334156387484
0.93,26.206479647306104,46.06969297338855,7,6,75.2345785139886,902.0390919287174,97.23529842819909,11.370083527924336,0.05009517569663083,-0.049185334156387484
0.95,26.08820697846033,46.065223706689686,7,6,75.2345785139886,902.0390919287174,97.23529842819909,11.370083527924336,0.05009517569663083,-0.049185334156387484
0.95,25.94664597319271,46.04370035187512,7,6,75.2345785139886,902.0390919287174,97.23529842819909,11.370083527924336,0.05009517569663083,-0.049185334156387484
0.95,26.037428108243276,46.022016587337426,8,6,75.2345785139886,902.0390919287174,97.23529842819909,11.370083527924336,0.05009517569663083,-0.049185334156387484
0.95,24.303144799170624,46.01289527206419,8,6,75.2345785139886,902.0390919287174,97.23529842819909,11.370083527924336,0.05009517569663083,-0.049185334156387484
0.95,22.472377229517562,46.085962256681015,8,6,75.2345785139886,902.0390919287174,97.23529842819909,11.370083527924336,0.05009517569663083,-0.049185334156387484
0.95,21.83783974102465,46.11176656223189,8,6,75.2345785139886,902.0390919287174,97.23529842819909,11.370083527924336,0.05009517569663083,-0.049185334156387484
0.95,23.789391556263613,46.120213820348575,8,6,75.2345785139886,902.0390919287174,97.23529842819909,11.370083527924336,0.05009517569663083,-0.049185334156387484
0.95,23.421138075449694,46.11263548989497,8,6,75.2345785139886,902.0390919287174,97.23529842819909,11.370083527924336,0.05009517569663083,-0.049185334156387484
0.95,21.74934913113804,46.068175075956724,8,6,75.2345785139886,902.0390919287174,97.23529842819909,11.370083527924336,0.05009517569663083,-0.049185334156387484
0.95,23.601003878029868,46.11674600250315,9,6,75.2345785139886,902.0390919287174,97.23529842819909,11.370083527924336,0.05009517569663083,-0.049185334156387484
0.97,23.482469004231604,46.114679482955296,9,6,75.2345785139886,902.0390919287174,97.23529842819909,11.370083527924336,0.05009517569663083,-0.049185334156387484
0.97,25.10466587031688,46.09135079309168,9,6,75.2345785139886,902.0390919287174,97.23529842819909,11.370083527924336,0.05009517569663083,-0.049185334156387484
0.97,26.649667615688678,46.09899398642057,9,6,75.2345785139886,902.0390919287174,97.23529842819909,11.370083527924336,0.05009517569663083,-0.049185334156387484
0.97,26.08872491732422,46.04986411613041,9,6,75.2345785139886,902.0390919287174,97.23529842819909,11.370083527924336,0.05009517569663083,-0.049185334156387484
0.97,27.41967683058704,46.0671035777974,9,6,75.2345785139886,902.0390919287174,97.23529842819909,11.370083527924336,0.05009517569663083,-0.049185334156387484
0.97,26.933697277009582,46.08071781488423,9,6,75.2345785139886,902.0390919287174,97.23529842819909,11.370083527924336,0.05009517569663083,-0.049185334156387484
0.97,28.561044488954252,46.06870731364622,9,6,75.2345785139886,902.0390919287174,97.23529842819909,11.370083527924336,0.05009517569663083,-0.049185334156387484
0.97,28.982625472430858,46.11057028056651,9,6,75.2345785139886,902.0390919287174,97.23529842819909,11.370083527924336,0.05009517569663083,-0.049185334156387484
0.97,30.409451587332057,46.113416785408056,9,6,75.2345785139886,902.0390919287174,97.23529842819909,11.370083527924336,0.05009517569663083,-0.049185334156387484
0.97,32.20532378477094,46.10019066083203,9,6,75.2345785139886,902.0390919287174,97.23529842819909,11.370083527924336,0.05009517569663083,-0.049185334156387484
0.98,33.48631584267332,46.159142528374225,9,6,75.2345785139886,902.0390919287174,97.23529842819909,11.370083527924336,0.05009517569663083,-0.049185334156387484
0.98,32.60324710466692,46.205556367927436,9,6,75.2345785139886,902.0390919287174,97.23529842819909,11.370083527924336,0.05009517569663083,-0.049185334156387484
0.98,33.54205533173145,46.26704095736288,9,6,75.2345785139886,902.0390919287174,97.23529842819909,11.370083527924336,0.05009517569663083,-0.049185334156387484
0.98,35,46.307617545229405,9,6,75.2345785139886,902.0390919287174,97.23529842819909,11.370083527924336,0.05009517569663083,-0.049185334156387484
0.98,33.764600164499754,46.36820281590369,9,6,75.2345785139886,902.0390919287174,97.23529842819909,11.370083527924336,0.05009517569663083,-0.049185334156387484
0.98,35,46.431981923687296,9,6,75.2345785139886,902.0390919287174,97.23529842819909,11.370083527924336,0.05009517569663083,-0.049185334156387484
0.98,35,46.459951446084354,9,6,75.2345785139886,902.0390919287174,97.23529842819909,11.370083527924336,0.05009517569663083,-0.049185334156387484
0.98,33.320995856136065,46.51419693466631,9,6,75.2345785139886,902.0390919287174,97.23529842819909,11.370083527924336,0.05009517569663083,-0.049185334156387484
0.98,33.33656422387579,46.50810376753543,9,6,75.2345785139886,902.0390919287174,97.23529842819909,11.370083527924336,0.05009517569663083,-0.049185334156387484
0.98,35,46.52413592066014,9,6,75.2345785139886,902.0390919287174,97.23529842819909,11.370083527924336,0.05009517569663083,-0.049185334156387484
1.00,33.64658301850941,46.52707073081128,9,6,75.2345785139886,902.0390919287174,97.23529842819909,11.370083527924336,0.05009517569663083,-0.049185334156387484
1.00,33.270397536125,46.53493058012949,9,6,75.2345785139886,902.0390919287174,97.23529842819909,11.370083527924336,0.05009517569663083,-0.049185334156387484
1.00,32.8492397603197,46.54932435540032,9,6,75.2345785139886,902.0390919287174,97.23529842819909,11.370083527924336,0.05009517569663083,-0.049185334156387484
1.00,32.328219739951116,46.52689280247429,9,6,75.2345785139886,902.0390919287174,97.23529842819909,11.370083527924336,0.05009517569663083,-0.049185334156387484
1.00,31.451793401032802,46.56569958352686,9,6,75.2345785139886,902.0390919287174,97.23529842819909,11.370083527924336,0.05009517569663083,-0.049185334156387484
1.00,31.12108750728591,46.5976764550641,9,6,75.2345785139886,902.0390919287174,97.23529842819909,11.370083527924336,0.05009517569663083,-0.049185334156387484
1.00,30.978814401572702,46.56577200886529,9,6,75.2345785139886,902.0390919287174,97.23529842819909,11.370083527924336,0.05009517569663083,-0.049185334156387484
1.00,30.429587151601385,46.59711923050053,9,6,75.2345785139886,902.0390919287174,97.23529842819909,11.370083527924336,0.05009517569663083,-0.049185334156387484
1.00,30.88941045283188,46.58072043462063,9,6,75.2345785139886,902.0390919287174,97.23529842819909,11.370083527924336,0.05009517569663083,-0.049185334156387484
1.00,29.330415399861376,46.577121642190946,10,6,75.2345785139886,902.0390919287174,97.23529842819909,11.370083527924336,0.05009517569663083,-0.049185334156387484
1.02,30.538495585650452,46.53786099149768,10,6,75.2345785139886,902.0390919287174,97.23529842819909,11.370083527924336,0.05009517569663083,-0.049185334156387484
1.02,31.907170362033455,46.55735373055846,10,6,75.2345785139886,902.0390919287174,97.23529842819909,11.370083527924336,0.05009517569663083,-0.049185334156387484
1.02,30.103512685330063,46.54922775624399,10,6,75.2345785139886,902.0390919287174,97.23529842819909,11.370083527924336,0.05009517569663083,-0.049185334156387484
1.02,30.84195250443352,46.550906177777314,10,6,75.2345785139886,902.0390919287174,97.23529842819909,11.370083527924336,0.05009517569663083,-0.049185334156387484
1.02,32.51644353055524,46.52659113688533,10,6,75.2345785139886,902.0390919287174,97.23529842819909,11.370083527924336,0.05009517569663083,-0.049185334156387484
1.02,33.71297563450646,46.60551766087357,10,6,75.2345785139886,902.0390919287174,97.23529842819909,11.370083527924336,0.05009517569663083,-0.049185334156387484
1.02,33.53983693801668,46.58167849488285,10,6,75.2345785139886,902.0390919287174,97.23529842819909,11.370083527924336,0.05009517569663083,-0.049185334156387484
1.02,33.107403957371744,46.581997959003026,10,6,75.2345785139886,902.0390919287174,97.23529842819909,11.370083527924336,0.05009517569663083,-0.049185334156387484
1.02,33.94104803552809,46.6089072282798,10,6,75.2345785139886,902.0390919287174,97.23529842819909,11.370083527924336,0.05009517569663083,-0.049185334156387484
1.03,34.384797827564434,46.6220851699454,10,6,75.2345785139886,902.0390919287174,97.23529842819909,11.370083527924336,0.05009517569663083,-0.049185334156387484
1.03,35,46.67487982295256,10,6,75.2345785139886,902.0390919287174,97.23529842819909,11.370083527924336,0.05009517569663083,-0.049185334156387484
1.03,35,46.62986542601091,10,6,75.2345785139886,902.0390919287174,97.23529842819909,11.370083527924336,0.05009517569663083,-0.049185334156387484
1.03,33.65252198234232,46.63507634631309,10,6,75.2345785139886,902.0390919287174,97.23529842819909,11.370083527924336,0.05009517569663083,-0.049185334156387484
1.03,35,46.65443931275168,10,7,75.2345785139886,902.0390919287174,97.23529842819909,11.370083527924336,0.05009517569663083,-0.049185334156387484
1.03,34.2714604433944,46.662190197021815,10,7,75.2345785139886,902.0390919287174,97.23529842819909,11.370083527924336,0.05009517569663083,-0.049185334156387484
1.03,34.55635347562291,46.69875836138592,10,7,75.2345785139886,902.0390919287174,97.23529842819909,11.370083527924336,0.05009517569663083,-0.049185334156387484
1.03,34.48206036231224,46.7259589623442,10,7,75.2345785139886,902.0390919287174,97.23529842819909,11.370083527924336,0.05009517569663083,-0.049185334156387484
1.03,34.488108974495034,46.70840674011937,10,7,75.2345785139886,902.0390919287174,97.23529842819909,11.370083527924336,0.05009517569663083,-0.049185334156387484
1.05,35,46.728704715822474,10,7,75.2345785139886,902.0390919287174,97.23529842819909,11.370083527924336,0.05009517569663083,-0.049185334156387484
1.05,35,46.75477087709679,10,7,75.2345785139886,902.0390919287174,97.23529842819909,11.370083527924336,0.05009517569663083,-0.049185334156387484
1.05,35,46.83641826118369,10,7,75.2345785139886,902.0390919287174,97.23529842819909,11.370083527924336,0.05009517569663083,-0.049185334156387484
1.05,33.16848104143264,46.83429158460337,10,7,75.2345785139886,902.0390919287174,97.23529842819909,11.370083527924336,0.05009517569663083,-0.049185334156387484
1.05,32.13492089768615,46.81581191692658,10,7,75.2345785139886,902.0390919287174,97.23529842819909,11.370083527924336,0.05009517569663083,-0.049185334156387484
1.05,32.65396855408318,46.835305687278094,10,7,75.2345785139886,902.0390919287174,97.23529842819909,11.370083527924336,0.05009517569663083,-0.049185334156387484
1.05,33.98344324717782,46.8243750605795,10,7,75.2345785139886,902.0390919287174,97.23529842819909,11.370083527924336,0.05009517569663083,-0.049185334156387484
1.05,32.366050304227585,46.80222420986714,10,7,75.2345785139886,902.0390919287174,97.23529842819909,11.370083527924336,0.05009517569663083,-0.049185334156387484
1.05,30.9721464293336,46.81575257144823,10,7,75.2345785139886,902.0390919287174,97.23529842819909,11.370083527924336,0.05009517569663083,-0.049185334156387484
1.05,31.460492417663566,46.863185554361095,10,7,75.2345785139886,902.0390919287174,97.23529842819909,11.370083527924336,0.05009517569663083,-0.049185334156387484
1.07,29.946827292230992,46.881061774455695,10,7,75.2345785139886,902.0390919287174,97.23529842819909,11.370083527924336,0.05009517569663083,-0.049185334156387484
1.07,30.01920777612404,46.924404291776625,10,7,75.2345785139886,902.0390919287174,97.23529842819909,11.370083527924336,0.05009517569663083,-0.049185334156387484
1.07,30.101986719542534,46.98512059267875,10,7,75.2345785139886,902.0390919287174,97.23529842819909,11.370083527924336,0.05009517569663083,-0.049185334156387484
1.07,29.337597707014414,46.97321634294098,10,7,75.2345785139886,902.0390919287174,97.23529842819909,11.370083527924336,0.05009517569663083,-0.049185334156387484
1.07,27.933867990927098,46.95451057239728,10,7,75.2345785139886,902.0390919287174,97.23529842819909,11.370083527924336,0.05009517569663083,-0.049185334156387484
1.07,28.14166204909004,46.998231672668176,10,7,75.2345785139886,902.0390919287174,97.23529842819909,11.370083527924336,0.05009517569663083,-0.049185334156387484
1.07,28.911660933363144,47.015536129971046,10,7,75.2345785139886,902.0390919287174,97.23529842819909,11.370083527924336,0.05009517569663083,-0.049185334156387484
1.07,30.58726824948141,46.98969787023344,10,7,75.2345785139886,902.0390919287174,97.23529842819909,11.370083527924336,0.05009517569663083,-0.049185334156387484
1.07,32.19123752409266,47.00850934379046,10,7,75.2345785139886,902.0390919287174,97.23529842819909,11.370083527924336,0.05009517569663083,-0.049185334156387484
1.07,31.55880426621777,47.0315828414306,10,7,75.2345785139886,902.0390919287174,97.23529842819909,11.370083527924336,0.05009517569663083,-0.049185334156387484
1.08,32.17760219564213,47.06160095372283,10,7,75.2345785139886,902.0390919287174,97.23529842819909,11.370083527924336,0.05009517569663083,-0.049185334156387484
1.08,30.91910828468382,47.114329727741655,10,7,75.2345785139886,902.0390919287174,97.23529842819909,11.370083527924336,0.05009517569663083,-0.049185334156387484
1.08,32.76707509011027,47.11928219417176,10,7,75.2345785139886,902.0390919287174,97.23529842819909,11.370083527924336,0.05009517569663083,-0.049185334156387484
1.08,34.107095396667525,47.08153873727921,10,7,75.2345785139886,902.0390919287174,97.23529842819909,11.370083527924336,0.05009517569663083,-0.049185334156387484
1.08,34.91296104639124,47.10147269817458,10,7,75.2345785139886,902.0390919287174,97.23529842819909,11.370083527924336,0.05009517569663083,-0.049185334156387484
1.08,35,47.12494770151772,10,7,75.2345785139886,902.0390919287174,97.23529842819909,11.370083527924336,0.05009517569663083,-0.049185334156387484
1.08,34.52952446511794,47.115432045157995,10,7,75.2345785139886,902.0390919287174,97.23529842819909,11.370083527924336,0.05009517569663083,-0.049185334156387484
1.08,33.032498844881665,47.123535539272204,10,7,75.2345785139886,902.0390919287174,97.23529842819909,11.370083527924336,0.05009517569663083,-0.049185334156387484
1.08,31.718442189841213,47.11030996738045,10,7,75.2345785139886,902.0390919287174,97.23529842819909,11.370083527924336,0.05009517569663083,-0.049185334156387484
1.08,31.55076859146999,47.12031977405618,10,7,75.2345785139886,902.0390919287174,97.23529842819909,11.370083527924336,0.05009517569663083,-0.049185334156387484
1.10,32.07880291509387,47.11984442245282,10,7,75.2345785139886,902.0390919287174,97.23529842819909,11.370083527924336,0.05009517569663083,-0.049185334156387484
1.10,30.22100325093872,47.13208156528551,10,7,75.2345785139886,902.0390919287174,97.23529842819909,11.370083527924336,0.05009517569663083,-0.049185334156387484
1.10,28.98331292866741,47.142410026363315,10,7,75.2345785139886,902.0390919287174,97.23529842819909,11.370083527924336,0.05009517569663083,-0.049185334156387484
1.10,30.33262751810367,47.1136996520966,10,7,75.2345785139886,902.0390919287174,97.23529842819909,11.370083527924336,0.05009517569663083,-0.049185334156387484
1.10,28.739377154374864,47.155088633506054,10,7,75.2345785139886,902.0390919287174,97.23529842819909,11.370083527924336,0.05009517569663083,-0.049185334156387484
1.10,27.82021381080919,47.20535256085851,10,7,75.2345785139886,902.0390919287174,97.23529842819909,11.370083527924336,0.05009517569663083,-0.049185334156387484
1.10,28.73432547032727,47.21491549941108,10,7,75.2345785139886,902.0390919287174,97.23529842819909,11.370083527924336,0.05009517569663083,-0.049185334156387484
1.10,28.252436810287595,47.23223512931814,10,7,75.2345785139886,902.0390919287174,97.23529842819909,11.370083527924336,0.05009517569663083,-0.049185334156387484
1.10,28.577849995552906,47.24207884591272,10,7,75.2345785139886,902.0390919287174,97.23529842819909,11.370083527924336,0.05009517569663083,-0.049185334156387484
1.10,28.656418101561584,47.31516942810268,10,7,75.2345785139886,902.0390919287174,97.23529842819909,11.370083527924336,0.05009517569663083,-0.049185334156387484
1.12,29.129676697017434,47.37202734752894,10,7,75.2345785139886,902.0390919287174,97.23529842819909,11.370083527924336,0.05009517569663083,-0.049185334156387484
1.12,28.02072032310452,47.41027897401751,11,7,75.2345785139886,902.0390919287174,97.23529842819909,11.370083527924336,0.05009517569663083,-0.049185334156387484
1.12,26.4503384725642,47.38118087893405,11,7,75.2345785139886,902.0390919287174,97.23529842819909,11.370083527924336,0.05009517569663083,-0.049185334156387484
1.12,25.209276628762723,47.425957310531984,11,7,75.2345785139886,902.0390919287174,97.23529842819909,11.370083527924336,0.05009517569663083,-0.049185334156387484
1.12,24.471724142798664,47.43735823011263,11,7,75.2345785139886,902.0390919287174,97.23529842819909,11.370083527924336,0.05009517569663083,-0.049185334156387484
1.12,23.794213750719194,47.47335947907926,11,7,75.2345785139886,902.0390919287174,97.23529842819909,11.370083527924336,0.05009517569663083,-0.049185334156387484
1.12,24.72985102398083,47.536610336518095,11,7,75.2345785139886,902.0390919287174,97.23529842819909,11.370083527924336,0.05009517569663083,-0.049185334156387484
1.12,25.26230324238169,47.54937329992622,11,7,75.2345785139886,902.0390919287174,97.23529842819909,11.370083527924336,0.05009517569663083,-0.049185334156387484
1.12,23.3997554632499,47.5809227107475,11,7,75.2345785139886,902.0390919287174,97.23529842819909,11.370083527924336,0.05009517569663083,-0.049185334156387484
1.12,23.077633018715446,47.55707443631608,11,7,75.2345785139886,902.0390919287174,97.23529842819909,11.370083527924336,0.05009517569663083,-0.049185334156387484
1.13,23.515251567999375,47.59372814913227,11,7,75.2345785139886,902.0390919287174,97.23529842819909,11.370083527924336,0.05009517569663083,-0.049185334156387484
1.13,25.48427048682878,47.628093267434686,11,7,75.2345785139886,902.0390919287174,97.23529842819909,11.370083527924336,0.05009517569663083,-0.049185334156387484
1.13,27.243418969846267,47.643982439124756,11,7,75.2345785139886,902.0390919287174,97.23529842819909,11.370083527924336,0.05009517569663083,-0.049185334156387484
1.13,27.855676421922908,47.67805992028478,11,7,75.2345785139886,902.0390919287174,97.23529842819909,11.370083527924336,0.05009517569663083,-0.049185334156387484
1.13,27.668511854094326,47.7101957478783,11,7,75.2345785139886,902.0390919287174,97.23529842819909,11.370083527924336,0.05009517569663083,-0.049185334156387484
1.13,29.599355216100566,47.75888460042987,11,7,75.2345785139886,902.0390919287174,97.23529842819909,11.370083527924336,0.05009517569663083,-0.049185334156387484
1.13,31.194968541455314,47.75208174001036,11,7,75.2345785139886,902.0390919287174,97.23529842819909,11.370083527924336,0.05009517569663083,-0.049185334156387484
1.13,33.1025559748899,47.73008449435877,11,7,75.2345785139886,902.0390919287174,97.23529842819909,11.370083527924336,0.05009517569663083,-0.049185334156387484
1.13,34.26846084852162,47.77972281617375,11,7,75.2345785139886,902.0390919287174,97.23529842819909,11.370083527924336,0.05009517569663083,-0.049185334156387484
1.13,32.72440204059686,47.783753602252325,11,7,75.2345785139886,902.0390919287174,97.23529842819909,11.370083527924336,0.05009517569663083,-0.049185334156387484
1.15,31.40532629128971,47.811796085035006,11,7,75.2345785139886,902.0390919287174,97.23529842819909,11.370083527924336,0.05009517569663083,-0.049185334156387484
1.15,32.09162138268234,47.838302848269514,11,7,75.2345785139886,902.0390919287174,97.23529842819909,11.370083527924336,0.05009517569663083,-0.049185334156387484
1.15,33.213119967324985,47.84135011188423,11,7,75.2345785139886,902.0390919287174,97.23529842819909,11.370083527924336,0.05009517569663083,-0.049185334156387484
1.15,32.330112289207584,47.858986261655964,11,7,75.2345785139886,902.0390919287174,97.23529842819909,11.370083527924336,0.05009517569663083,-0.049185334156387484
1.15,30.714706363186302,47.9143967886448,11,7,75.2345785139886,902.0390919287174,97.23529842819909,11.370083527924336,0.05009517569663083,-0.049185334156387484
1.15,29.615523789161795,47.940468886253385,11,7,75.2345785139886,902.0390919287174,97.23529842819909,11.370083527924336,0.05009517569663083,-0.049185334156387484
1.15,31.174626500741443,47.99140996542438,11,7,75.2345785139886,902.0390919287174,97.23529842819909,11.370083527924336,0.05009517569663083,-0.049185334156387484
1.15,29.881902764512077,47.976545975170104,11,7,75.2345785139886,902.0390919287174,97.23529842819909,11.370083527924336,0.05009517569663083,-0.049185334156387484
1.15,30.937512787618953,48.02196323987589,11,7,75.2345785139886,902.0390919287174,97.23529842819909,11.370083527924336,0.05009517569663083,-0.049185334156387484
1.15,29.92062929282633,48.050416655930505,11,7,75.2345785139886,902.0390919287174,97.23529842819909,11.370083527924336,0.05009517569663083,-0.049185334156387484
1.17,30.32810825446182,48.03967273883037,11,7,75.2345785139886,902.0390919287174,97.23529842819909,11.370083527924336,0.05009517569663083,-0.049185334156387484
1.17,30.603733729491616,48.086779492141474,11,7,75.2345785139886,902.0390919287174,97.23529842819909,11.370083527924336,0.05009517569663083,-0.049185334156387484
1.17,28.70649913866105,48.09504062797245,11,7,75.2345785139886,902.0390919287174,97.23529842819909,11.370083527924336,0.05009517569663083,-0.049185334156387484
1.17,27.819803447428402,48.15269587711788,11,7,75.2345785139886,902.0390919287174,97.23529842819909,11.370083527924336,0.05009517569663083,-0.049185334156387484
1.18,26.58799621364747,48.21464457840467,11,7,75.2345785139886,902.0390919287174,97.23529842819909,11.370083527924336,0.05009517569663083,-0.049185334156387484
1.18,26.405675334027038,48.2171032187202,11,7,75.2345785139886,902.0390919287174,97.23529842819909,11.370083527924336,0.05009517569663083,-0.049185334156387484
1.18,26.353466074005553,48.241488914628206,11,7,75.2345785139886,902.0390919287174,97.23529842819909,11.370083527924336,0.05009517569663083,-0.049185334156387484
1.18,28.054127907495108,48.26787970457811,11,7,75.2345785139886,902.0390919287174,97.23529842819909,11.370083527924336,0.05009517569663083,-0.049185334156387484
1.18,28.337837182375203,48.31226597814006,11,7,75.2345785139886,902.0390919287174,97.23529842819909,11.370083527924336,0.05009517569663083,-0.049185334156387484
1.18,29.94215060137904,48.342072669489,11,7,75.2345785139886,902.0390919287174,97.23529842819909,11.370083527924336,0.05009517569663083,-0.049185334156387484
1.18,28.293263112433973,48.35578707469834,12,7,75.2345785139886,902.0390919287174,97.23529842819909,11.370083527924336,0.05009517569663083,-0.049185334156387484
1.18,27.959220964984276,48.37996630032233,12,7,75.2345785139886,902.0390919287174,97.23529842819909,11.370083527924336,0.05009517569663083,-0.049185334156387484
1.20,29.142392723938702,48.38115777520536,12,7,75.2345785139886,902.0390919287174,97.23529842819909,11.370083527924336,0.05009517569663083,-0.049185334156387484
1.20,30.67422015890925,48.38880355825774,12,7,75.2345785139886,902.0390919287174,97.23529842819909,11.370083527924336,0.05009517569663083,-0.049185334156387484
1.20,29.27547092768371,48.371049424541766,12,7,75.2345785139886,902.0390919287174,97.23529842819909,11.370083527924336,0.05009517569663083,-0.049185334156387484
1.20,28.819500358729815,48.36507183849244,12,7,75.2345785139886,902.0390919287174,97.23529842819909,11.370083527924336,0.05009517569663083,-0.049185334156387484
1.20,29.57623274180803,48.40216699982354,12,7,75.2345785139886,902.0390919287174,97.23529842819909,11.370083527924336,0.05009517569663083,-0.049185334156387484
1.20,28.282205391475806,48.36776556517015,12,7,75.2345785139886,902.0390919287174,97.23529842819909,11.370083527924336,0.05009517569663083,-0.049185334156387484
1.20,29.059258504270574,48.39647732358165,12,7,75.2345785139886,902.0390919287174,97.23529842819909,11.370083527924336,0.05009517569663083,-0.049185334156387484
1.20,30.78262919418319,48.434792894320324,12,7,75.2345785139886,902.0390919287174,97.23529842819909,11.370083527924336,0.05009517569663083,-0.049185334156387484
1.20,31.334499719831133,48.45285258538034,12,7,75.2345785139886,902.0390919287174,97.23529842819909,11.370083527924336,0.05009517569663083,-0.049185334156387484
1.20,31.82773072475225,48.50448474057855,12,7,75.2345785139886,902.0390919287174,97.23529842819909,11.370083527924336,0.05009517569663083,-0.049185334156387484
1.22,32.487284043903585,48.47563877840397,12,7,75.2345785139886,902.0390919287174,97.23529842819909,11.370083527924336,0.05009517569663083,-0.049185334156387484
1.22,33.316955220122296,48.44210641011161,12,7,75.2345785139886,902.0390919287174,97.23529842819909,11.370083527924336,0.05009517569663083,-0.049185334156387484
1.22,34.48731363828338,48.4569974123308,12,7,75.2345785139886,902.0390919287174,97.23529842819909,11.370083527924336,0.05009517569663083,-0.049185334156387484
1.22,35,48.477409689682766,12,7,75.2345785139886,902.0390919287174,97.23529842819909,11.370083527924336,0.05009517569663083,-0.049185334156387484
1.22,34.3673940995807,48.460506355813756,12,7,75.2345785139886,902.0390919287174,97.23529842819909,11.370083527924336,0.05009517569663083,-0.049185334156387484
1.22,33.326701367191994,48.4779157181211,12,7,75.2345785139886,902.0390919287174,97.23529842819909,11.370083527924336,0.05009517569663083,-0.049185334156387484
1.22,32.181480422964455,48.48505128493022,12,7,75.2345785139886,902.0390919287174,97.23529842819909,11.370083527924336,0.05009517569663083,-0.049185334156387484
1.22,31.767797658387167,48.50722800787918,12,7,75.2345785139886,902.0390919287174,97.23529842819909,11.370083527924336,0.05009517569663083,-0.049185334156387484
1.22,31.077467149671897,48.4952285800473,12,7,75.2345785139886,902.0390919287174,97.23529842819909,11.370083527924336,0.05009517569663083,-0.049185334156387484
1.22,29.26050518844746,48.510514285037935,12,7,75.2345785139886,902.0390919287174,97.23529842819909,11.370083527924336,0.05009517569663083,-0.049185334156387484
1.23,29.70016168655814,48.46926072067592,12,7,75.2345785139886,902.0390919287174,97.23529842819909,11.370083527924336,0.05009517569663083,-0.049185334156387484
1.23,29.394963231517103,48.474423022422584,12,7,75.2345785139886,902.0390919287174,97.23529842819909,11.370083527924336,0.05009517569663083,-0.049185334156387484
1.23,28.882584456757122,48.497670527624706,12,7,75.2345785139886,902.0390919287174,97.23529842819909,11.370083527924336,0.05009517569663083,-0.049185334156387484
1.23,27.356793061205863,48.52816509130339,12,7,75.2345785139886,902.0390919287174,97.23529842819909,11.370083527924336,0.05009517569663083,-0.049185334156387484
1.23,26.589541466065295,48.530329767944366,12,7,75.2345785139886,902.0390919287174,97.23529842819909,11.370083527924336,0.05009517569663083,-0.049185334156387484
1.23,25.213624238600275,48.59784889471152,12,7,75.2345785139886,902.0390919287174,97.23529842819909,11.370083527924336,0.05009517569663083,-0.049185334156387484
1.23,24.28194092176914,48.63571109675854,12,7,75.2345785139886,902.0390919287174,97.23529842819909,11.370083527924336,0.05009517569663083,-0.049185334156387484
1.23,22.89475859509046,48.61664928323025,12,7,75.2345785139886,902.0390919287174,97.23529842819909,11.370083527924336,0.05009517569663083,-0.049185334156387484
1.23,21.63024370487017,48.671398254557374,12,7,75.2345785139886,902.0390919287174,97.23529842819909,11.370083527924336,0.05009517569663083,-0.049185334156387484
1.23,23.037081068271707,48.71056922255976,12,7,75.2345785139886,902.0390919287174,97.23529842819909,11.370083527924336,0.05009517569663083,-0.049185334156387484
1.25,23.63513868162177,48.68170906843025,12,7,75.2345785139886,902.0390919287174,97.23529842819909,11.370083527924336,0.05009517569663083,-0.049185334156387484
1.25,24.94552265925433,48.686791904281705,12,8,75.2345785139886,902.0390919287174,97.23529842819909,11.370083527924336,0.05009517569663083,-0.049185334156387484
1.25,24.416064254427333,48.68872451000518,12,8,75.2345785139886,902.0390919287174,97.23529842819909,11.370083527924336,0.05009517569663083,-0.049185334156387484
1.25,24.323253955514193,48.647888944427514,12,8,75.2345785139886,902.0390919287174,97.23529842819909,11.370083527924336,0.05009517569663083,-0.049185334156387484
1.25,23.172372391330388,48.6767640489081,12,8,75.2345785139886,902.0390919287174,97.23529842819909,11.370083527924336,0.05009517569663083,-0.049185334156387484
1.25,22.90892321965547,48.705155593054265,12,8,75.2345785139886,902.0390919287174,97.23529842819909,11.370083527924336,0.05009517569663083,-0.049185334156387484
1.25,22.1223522191924,48.70434295670113,12,8,75.2345785139886,902.0390919287174,97.23529842819909,11.370083527924336,0.05009517569663083,-0.049185334156387484
1.25,22.49758618570136,48.720595360124555,13,8,75.2345785139886,902.0390919287174,97.23529842819909,11.370083527924336,0.05009517569663083,-0.049185334156387484
1.27,22.297378839020404,48.70853253253102,13,8,75.2345785139886,902.0390919287174,97.23529842819909,11.370083527924336,0.05009517569663083,-0.049185334156387484
1.27,23.75432238844477,48.737638304362626,13,8,75.2345785139886,902.0390919287174,97.23529842819909,11.370083527924336,0.05009517569663083,-0.049185334156387484
1.27,21.86295028821786,48.73985378677097,13,8,75.2345785139886,902.0390919287174,97.23529842819909,11.370083527924336,0.05009517569663083,-0.049185334156387484
1.27,22.628479531854055,48.71491323446174,13,8,75.2345785139886,902.0390919287174,97.23529842819909,11.370083527924336,0.05009517569663083,-0.049185334156387484
1.27,23.26799116239271,48.67713297892196,13,8,75.2345785139886,902.0390919287174,97.23529842819909,11.370083527924336,0.05009517569663083,-0.049185334156387484
1.27,24.95847890612199,48.67058122394736,13,8,75.2345785139886,902.0390919287174,97.23529842819909,11.370083527924336,0.05009517569663083,-0.049185334156387484
1.27,25.192848833890395,48.70364010418979,13,8,75.2345785139886,902.0390919287174,97.23529842819909,11.370083527924336,0.05009517569663083,-0.049185334156387484
1.27,26.961352513208496,48.76333298407252,13,8,75.2345785139886,902.0390919287174,97.23529842819909,11.370083527924336,0.05009517569663083,-0.049185334156387484
1.27,27.79609249382843,48.738044756146806,13,8,75.2345785139886,902.0390919287174,97.23529842819909,11.370083527924336,0.05009517569663083,-0.049185334156387484
1.28,26.349810141564625,48.71814073361821,13,8,75.2345785139886,902.0390919287174,97.23529842819909,11.370083527924336,0.05009517569663083,-0.049185334156387484
1.28,28.10278926474833,48.73695043481616,13,8,75.2345785139886,902.0390919287174,97.23529842819909,11.370083527924336,0.05009517569663083,-0.049185334156387484
1.28,26.501633214809658,48.73982169405682,13,8,75.2345785139886,902.0390919287174,97.23529842819909,11.370083527924336,0.05009517569663083,-0.049185334156387484
1.28,24.894350245271358,48.783562618462916,13,8,75.2345785139886,902.0390919287174,97.23529842819909,11.370083527924336,0.05009517569663083,-0.049185334156387484
1.28,26.206634991178067,48.763415595094756,13,8,75.2345785139886,902.0390919287174,97.23529842819909,11.370083527924336,0.05009517569663083,-0.049185334156387484
1.28,26.31173841098573,48.78734667442421,13,9,75.2345785139886,902.0390919287174,97.23529842819909,11.370083527924336,0.05009517569663083,-0.049185334156387484
1.28,26.228278667906945,48.8119016610052,13,9,75.2345785139886,902.0390919287174,97.23529842819909,11.370083527924336,0.05009517569663083,-0.049185334156387484
1.28,25.635089096593575,48.773378028619696,13,9,75.2345785139886,902.0390919287174,97.23529842819909,11.370083527924336,0.05009517569663083,-0.049185334156387484
1.28,26.338791401483228,48.775502467957544,13,9,75.2345785139886,902.0390919287174,97.23529842819909,11.370083527924336,0.05009517569663083,-0.049185334156387484
1.28,27.983204995296095,48.7733585855683,13,9,75.2345785139886,902.0390919287174,97.23529842819909,11.370083527924336,0.05009517569663083,-0.049185334156387484
1.30,27.154388449121797,48.766819517069656,13,9,75.2345785139886,902.0390919287174,97.23529842819909,11.370083527924336,0.05009517569663083,-0.049185334156387484
1.30,27.58804074625702,48.79805248405129,13,9,75.2345785139886,902.0390919287174,97.23529842819909,11.370083527924336,0.05009517569663083,-0.049185334156387484
1.30,28.98633257764439,48.81833835984282,13,9,75.2345785139886,902.0390919287174,97.23529842819909,11.370083527924336,0.05009517569663083,-0.049185334156387484
1.30,30.08632537615832,48.803809687382945,13,9,75.2345785139886,902.0390919287174,97.23529842819909,11.370083527924336,0.05009517569663083,-0.049185334156387484
1.30,29.02611293304634,48.805744304464845,14,9,75.2345785139886,902.0390919287174,97.23529842819909,11.370083527924336,0.05009517569663083,-0.049185334156387484
1.30,29.357441441161015,48.77443217467569,14,9,75.2345785139886,902.0390919287174,97.23529842819909,11.370083527924336,0.05009517569663083,-0.049185334156387484
1.30,30.516657704242167,48.78407507819697,14,9,75.2345785139886,902.0390919287174,97.23529842819909,11.370083527924336,0.05009517569663083,-0.049185334156387484
1.30,31.442470145294646,48.84571811597829,14,9,75.2345785139886,902.0390919287174,97.23529842819909,11.370083527924336,0.05009517569663083,-0.049185334156387484
1.30,33.40230728708263,48.87237842961938,14,9,75.2345785139886,902.0390919287174,97.23529842819909,11.370083527924336,0.05009517569663083,-0.049185334156387484
1.30,31.904920083878384,48.842245047146484,15,9,75.2345785139886,902.0390919287174,97.23529842819909,11.370083527924336,0.05009517569663083,-0.049185334156387484
1.32,31.30147353025277,48.8745663628527,15,9,75.2345785139886,902.0390919287174,97.23529842819909,11.370083527924336,0.05009517569663083,-0.049185334156387484
1.32,30.100102506394894,48.891895649429344,15,9,75.2345785139886,902.0390919287174,97.23529842819909,11.370083527924336,0.05009517569663083,-0.049185334156387484
1.32,29.148954615003632,48.862607768903445,15,9,75.2345785139886,902.0390919287174,97.23529842819909,11.370083527924336,0.05009517569663083,-0.049185334156387484
1.32,31.009185459999223,48.88295930754661,15,9,75.2345785139886,902.0390919287174,97.23529842819909,11.370083527924336,0.05009517569663083,-0.049185334156387484
1.32,31.265951206868735,48.91970545081483,15,9,75.2345785139886,902.0390919287174,97.23529842819909,11.370083527924336,0.05009517569663083,-0.049185334156387484
1.32,30.100186317872712,48.960432126354,15,9,75.2345785139886,902.0390919287174,97.23529842819909,11.370083527924336,0.05009517569663083,-0.049185334156387484
1.32,30.36365800200501,48.9543833227658,15,9,75.2345785139886,902.0390919287174,97.23529842819909,11.370083527924336,0.05009517569663083,-0.049185334156387484
1.32,31.807273923258848,48.97477285041253,15,9,75.2345785139886,902.0390919287174,97.23529842819909,11.370083527924336,0.05009517569663083,-0.049185334156387484
1.32,30.164853114582797,48.99108875690377,15,9,75.2345785139886,902.0390919287174,97.23529842819909,11.370083527924336,0.05009517569663083,-0.049185334156387484
1.32,30.106793935303454,48.99102019926955,15,9,75.2345785139886,902.0390919287174,97.23529842819909,11.370083527924336,0.05009517569663083,-0.049185334156387484
1.33,30.091501944824575,48.998115541826074,15,9,75.2345785139886,902.0390919287174,97.23529842819909,11.370083527924336,0.05009517569663083,-0.049185334156387484
1.33,31.705770670116568,49.00327838055884,15,9,75.2345785139886,902.0390919287174,97.23529842819909,11.370083527924336,0.05009517569663083,-0.049185334156387484
1.33,30.68929569249413,49.0143109994606,15,9,75.2345785139886,902.0390919287174,97.23529842819909,11.370083527924336,0.05009517569663083,-0.049185334156387484
1.33,31.320796235236298,49.01052849549507,15,9,75.2345785139886,902.0390919287174,97.23529842819909,11.370083527924336,0.05009517569663083,-0.049185334156387484
1.33,32.24294957606217,48.97520748511081,15,9,75.2345785139886,902.0390919287174,97.23529842819909,11.370083527924336,0.05009517569663083,-0.049185334156387484
1.33,33.223529539079486,49.01784422023186,15,9,75.2345785139886,902.0390919287174,97.23529842819909,11.370083527924336,0.05009517569663083,-0.049185334156387484
1.33,33.21572691609566,49.048265027107334,15,9,75.2345785139886,902.0390919287174,97.23529842819909,11.370083527924336,0.05009517569663083,-0.049185334156387484
1.33,33.27119311587907,49.062433517009495,15,9,75.2345785139886,902.0390919287174,97.23529842819909,11.370083527924336,0.05009517569663083,-0.049185334156387484
1.33,32.77920936201238,49.05472235262845,15,9,75.2345785139886,902.0390919287174,97.23529842819909,11.370083527924336,0.05009517569663083,-0.049185334156387484
1.33,32.605657774378656,49.10284581106831,15,9,75.2345785139886,902.0390919287174,97.23529842819909,11.370083527924336,0.05009517569663083,-0.049185334156387484
1.35,34.50171640264578,49.084591046550656,15,9,75.2345785139886,902.0390919287174,97.23529842819909,11.370083527924336,0.05009517569663083,-0.049185334156387484
1.35,32.65391935141542,49.044925292430484,15,9,75.2345785139886,902.0390919287174,97.23529842819909,11.370083527924336,0.05009517569663083,-0.049185334156387484
1.35,31.230648811886407,49.05552306176932,15,9,75.2345785139886,902.0390919287174,97.23529842819909,11.370083527924336,0.05009517569663083,-0.049185334156387484
1.35,32.828169928463154,49.07358030232026,15,9,75.2345785139886,902.0390919287174,97.23529842819909,11.370083527924336,0.05009517569663083,-0.049185334156387484
1.35,34.2345652206118,49.084217586268736,15,9,75.2345785139886,902.0390919287174,97.23529842819909,11.370083527924336,0.05009517569663083,-0.049185334156387484
1.35,32.788102312498864,49.058236245078184,15,9,75.2345785139886,902.0390919287174,97.23529842819909,11.370083527924336,0.05009517569663083,-0.049185334156387484
1.35,32.6023668752648,49.09361574658887,15,9,75.2345785139886,902.0390919287174,97.23529842819909,11.370083527924336,0.05009517569663083,-0.049185334156387484
1.35,31.455367489310103,49.10237901354511,15,9,75.2345785139886,902.0390919287174,97.23529842819909,11.370083527924336,0.05009517569663083,-0.049185334156387484
1.35,31.84203765138056,49.11930975745418,15,9,75.2345785139886,902.0390919287174,97.23529842819909,11.370083527924336,0.05009517569663083,-0.049185334156387484
1.37,33.138987283770525,49.13130483478354,15,9,75.2345785139886,902.0390919287174,97.23529842819909,11.370083527924336,0.05009517569663083,-0.049185334156387484
1.37,34.27234684540268,49.166877923518804,15,9,75.2345785139886,902.0390919287174,97.23529842819909,11.370083527924336,0.05009517569663083,-0.049185334156387484
1.37,33.53281926526996,49.12933417789406,15,9,75.2345785139886,902.0390919287174,97.23529842819909,11.370083527924336,0.05009517569663083,-0.049185334156387484
1.37,32.917783002101125,49.13464575615451,15,9,75.2345785139886,902.0390919287174,97.23529842819909,11.370083527924336,0.05009517569663083,-0.049185334156387484
1.37,32.80676453887701,49.10780546404026,15,9,75.2345785139886,902.0390919287174,97.23529842819909,11.370083527924336,0.05009517569663083,-0.049185334156387484
1.37,33.25260244583559,49.078418716435415,15,9,75.2345785139886,902.0390919287174,97.23529842819909,11.370083527924336,0.05009517569663083,-0.049185334156387484
1.37,33.75450257766011,49.05119690106258,15,9,75.2345785139886,902.0390919287174,97.23529842819909,11.370083527924336,0.05009517569663083,-0.049185334156387484
1.37,35,49.07973154225364,15,9,75.2345785139886,902.0390919287174,97.23529842819909,11.370083527924336,0.05009517569663083,-0.049185334156387484
1.37,35,49.09525132596502,15,9,75.2345785139886,902.0390919287174,97.23529842819909,11.370083527924336,0.05009517569663083,-0.049185334156387484
1.37,33.948010282237696,49.08658057477816,15,9,75.2345785139886,902.0390919287174,97.23529842819909,11.370083527924336,0.05009517569663083,-0.049185334156387484
1.38,33.76975753573876,49.094643841522384,15,9,75.2345785139886,902.0390919287174,97.23529842819909,11.370083527924336,0.05009517569663083,-0.049185334156387484
1.38,32.0231458627477,49.06709976828799,15,9,75.2345785139886,902.0390919287174,97.23529842819909,11.370083527924336,0.05009517569663083,-0.049185334156387484
1.38,32.58847894311902,49.02712827140278,15,9,75.2345785139886,902.0390919287174,97.23529842819909,11.370083527924336,0.05009517569663083,-0.049185334156387484
1.38,33.47091820892218,49.024777225552086,15,9,75.2345785139886,902.0390919287174,97.23529842819909,11.370083527924336,0.05009517569663083,-0.049185334156387484
1.38,35,49.025997997365934,15,9,75.2345785139886,902.0390919287174,97.23529842819909,11.370083527924336,0.05009517569663083,-0.049185334156387484
1.38,35,49.030856163139084,16,9,75.2345785139886,902.0390919287174,97.23529842819909,11.370083527924336,0.05009517569663083,-0.049185334156387484
1.38,35,49.01560876919413,16,9,75.2345785139886,902.0390919287174,97.23529842819909,11.370083527924336,0.05009517569663083,-0.049185334156387484
1.40,33.26399618170331,49.01309909399732,16,9,75.2345785139886,902.0390919287174,97.23529842819909,11.370083527924336,0.05009517569663083,-0.049185334156387484
1.40,32.78317115868575,49.02773028261645,16,9,75.2345785139886,902.0390919287174,97.23529842819909,11.370083527924336,0.05009517569663083,-0.049185334156387484
1.40,33.989154138504254,49.04620032330815,16,9,75.2345785139886,902.0390919287174,97.23529842819909,11.370083527924336,0.05009517569663083,-0.049185334156387484
1.40,32.85063849652475,49.066785092177625,16,9,75.2345785139886,902.0390919287174,97.23529842819909,11.370083527924336,0.05009517569663083,-0.049185334156387484
1.40,32.54477681097041,49.099388283487244,16,9,75.2345785139886,902.0390919287174,97.23529842819909,11.370083527924336,0.05009517569663083,-0.049185334156387484
1.40,31.561192397529815,49.12162136440603,16,9,75.2345785139886,902.0390919287174,97.23529842819909,11.370083527924336,0.05009517569663083,-0.049185334156387484
1.40,33.502466999732235,49.17272217451922,16,9,75.2345785139886,902.0390919287174,97.23529842819909,11.370083527924336,0.05009517569663083,-0.049185334156387484
1.40,35,49.19946471311335,17,9,75.2345785139886,902.0390919287174,97.23529842819909,11.370083527924336,0.05009517569663083,-0.049185334156387484
1.40,34.71508957727057,49.21260866918532,17,9,75.2345785139886,902.0390919287174,97.23529842819909,11.370083527924336,0.05009517569663083,-0.049185334156387484
1.40,35,49.21661147609975,17,9,75.2345785139886,902.0390919287174,97.23529842819909,11.370083527924336,0.05009517569663083,-0.049185334156387484
1.42,33.50686836492716,49.243939880903994,17,9,75.2345785139886,902.0390919287174,97.23529842819909,11.370083527924336,0.05009517569663083,-0.049185334156387484
1.42,34.78919046610719,49.2664476430783,17,9,75.2345785139886,902.0390919287174,97.23529842819909,11.370083527924336,0.05009517569663083,-0.049185334156387484
1.42,35,49.30813248169251,17,9,75.2345785139886,902.0390919287174,97.23529842819909,11.370083527924336,0.05009517569663083,-0.049185334156387484
1.42,34.087613384046065,49.33554732678256,17,10,75.2345785139886,902.0390919287174,97.23529842819909,11.370083527924336,0.05009517569663083,-0.049185334156387484
1.42,33.70329230360007,49.34572848514529,17,10,75.2345785139886,902.0390919287174,97.23529842819909,11.370083527924336,0.05009517569663083,-0.049185334156387484
1.42,35,49.38628123368775,17,10,75.2345785139886,902.0390919287174,97.23529842819909,11.370083527924336,0.05009517569663083,-0.049185334156387484
1.42,33.26452179064002,49.428465710748114,17,10,75.2345785139886,902.0390919287174,97.23529842819909,11.370083527924336,0.05009517569663083,-0.049185334156387484
1.42,33.44280846527653,49.444440810080785,17,10,75.2345785139886,902.0390919287174,97.23529842819909,11.370083527924336,0.05009517569663083,-0.049185334156387484
1.42,33.69120743563978,49.48102311247597,17,10,75.2345785139886,902.0390919287174,97.23529842819909,11.370083527924336,0.05009517569663083,-0.049185334156387484
1.42,34.2131684230274,49.507186547108,17,10,75.2345785139886,902.0390919287174,97.23529842819909,11.370083527924336,0.05009517569663083,-0.049185334156387484
1.43,34.75025823715877,49.54123522701846,17,10,75.2345785139886,902.0390919287174,97.23529842819909,11.370083527924336,0.05009517569663083,-0.049185334156387484
1.43,35,49.58539010905829,17,10,75.2345785139886,902.0390919287174,97.23529842819909,11.370083527924336,0.05009517569663083,-0.049185334156387484
1.43,35,49.562726283973866,17,10,75.2345785139886,902.0390919287174,97.23529842819909,11.370083527924336,0.05009517569663083,-0.049185334156387484
1.43,34.003612886102445,49.525927201478275,17,10,75.2345785139886,902.0390919287174,97.23529842819909,11.370083527924336,0.05009517569663083,-0.049185334156387484
1.43,35,49.513088031974526,17,10,75.2345785139886,902.0390919287174,97.23529842819909,11.370083527924336,0.05009517569663083,-0.049185334156387484
1.43,35,49.53530252340246,17,10,75.2345785139886,902.0390919287174,97.23529842819909,11.370083527924336,0.05009517569663083,-0.049185334156387484
1.43,33.352441487198256,49.55297421731693,18,10,75.2345785139886,902.0390919287174,97.23529842819909,11.370083527924336,0.05009517569663083,-0.049185334156387484
1.43,34.19256323590871,49.551534221207234,18,10,75.2345785139886,902.0390919287174,97.23529842819909,11.370083527924336,0.05009517569663083,-0.049185334156387484
1.43,32.50125656586065,49.57025752322758,18,10,75.2345785139886,902.0390919287174,97.23529842819909,11.370083527924336,0.05009517569663083,-0.049185334156387484
1.43,33.215444501281446,49.56883597598337,18,10,75.2345785139886,902.0390919287174,97.23529842819909,11.370083527924336,0.05009517569663083,-0.049185334156387484
1.45,34.144071767615735,49.5490025351043,18,10,75.2345785139886,902.0390919287174,97.23529842819909,11.370083527924336,0.05009517569663083,-0.049185334156387484
1.45,33.67620163103642,49.52271659871102,18,11,75.2345785139886,902.0390919287174,97.23529842819909,11.370083527924336,0.05009517569663083,-0.049185334156387484
1.45,33.83677812152774,49.54611487642614,18,11,75.2345785139886,902.0390919287174,97.23529842819909,11.370083527924336,0.05009517569663083,-0.049185334156387484
1.45,32.32521051738642,49.5834540835097,18,11,75.2345785139886,902.0390919287174,97.23529842819909,11.370083527924336,0.05009517569663083,-0.049185334156387484
1.45,32.28004892753458,49.626074373909226,18,11,75.2345785139886,902.0390919287174,97.23529842819909,11.370083527924336,0.05009517569663083,-0.049185334156387484
1.45,31.649141761431924,49.65520208359061,18,11,75.2345785139886,902.0390919287174,97.23529842819909,11.370083527924336,0.05009517569663083,-0.049185334156387484
1.45,33.2470680002879,49.61753643089887,18,11,75.2345785139886,902.0390919287174,97.23529842819909,11.370083527924336,0.05009517569663083,-0.049185334156387484
1.45,32.389943651033484,49.59755003028855,18,11,75.2345785139886,902.0390919287174,97.23529842819909,11.370083527924336,0.05009517569663083,-0.049185334156387484
1.45,30.80610916286154,49.606063961286054,18,11,75.2345785139886,902.0390919287174,97.23529842819909,11.370083527924336,0.05009517569663083,-0.049185334156387484
1.45,31.544206181893042,49.57644999832258,18,11,75.2345785139886,902.0390919287174,97.23529842819909,11.370083527924336,0.05009517569663083,-0.049185334156387484
1.47,30.222150530554554,49.56976378157101,18,11,75.2345785139886,902.0390919287174,97.23529842819909,11.370083527924336,0.05009517569663083,-0.049185334156387484
1.47,30.98298231273097,49.588541356742894,18,11,75.2345785139886,902.0390919287174,97.23529842819909,11.370083527924336,0.05009517569663083,-0.049185334156387484
1.47,31.672924006062036,49.59340209296073,18,11,75.2345785139886,902.0390919287174,97.23529842819909,11.370083527924336,0.05009517569663083,-0.049185334156387484
1.47,29.69585779186771,49.62330841039585,18,11,75.2345785139886,902.0390919287174,97.23529842819909,11.370083527924336,0.05009517569663083,-0.049185334156387484
1.47,31.476499011507254,49.64613575012728,18,11,75.2345785139886,902.0390919287174,97.23529842819909,11.370083527924336,0.05009517569663083,-0.049185334156387484
1.47,32.97950690514129,49.65323191265501,18,11,75.2345785139886,902.0390919287174,97.23529842819909,11.370083527924336,0.05009517569663083,-0.049185334156387484
1.47,32.94229573308503,49.69112222436209,18,11,75.2345785139886,902.0390919287174,97.23529842819909,11.370083527924336,0.05009517569663083,-0.049185334156387484
1.47,34.44672083936369,49.672769464442275,18,11,75.2345785139886,902.0390919287174,97.23529842819909,11.370083527924336,0.05009517569663083,-0.049185334156387484
1.48,35,49.69107528395798,18,11,75.2345785139886,902.0390919287174,97.23529842819909,11.370083527924336,0.05009517569663083,-0.049185334156387484
1.48,35,49.71153945512351,18,11,75.2345785139886,902.0390919287174,97.23529842819909,11.370083527924336,0.05009517569663083,-0.049185334156387484
1.48,35,49.754771279152365,18,11,75.2345785139886,902.0390919287174,97.23529842819909,11.370083527924336,0.05009517569663083,-0.049185334156387484
1.48,34.62631471468775,49.775914898730335,18,11,75.2345785139886,902.0390919287174,97.23529842819909,11.370083527924336,0.05009517569663083,-0.049185334156387484
1.48,35,49.79278317906722,18,11,75.2345785139886,902.0390919287174,97.23529842819909,11.370083527924336,0.05009517569663083,-0.049185334156387484
1.48,33.93780832545626,49.785888861686786,18,11,75.2345785139886,902.0390919287174,97.23529842819909,11.370083527924336,0.05009517569663083,-0.049185334156387484
1.48,35,49.81791136219892,18,11,75.2345785139886,902.0390919287174,97.23529842819909,11.370083527924336,0.05009517569663083,-0.049185334156387484
1.48,34.4604181549807,49.82677661832401,18,11,75.2345785139886,902.0390919287174,97.23529842819909,11.370083527924336,0.05009517569663083,-0.049185334156387484
1.50,35,49.83120328986942,18,11,75.2345785139886,902.0390919287174,97.23529842819909,11.370083527924336,0.05009517569663083,-0.049185334156387484
1.50,35,49.81705889857516,18,11,75.2345785139886,902.0390919287174,97.23529842819909,11.370083527924336,0.05009517569663083,-0.049185334156387484
1.50,35,49.85552330226188,18,11,75.2345785139886,902.0390919287174,97.23529842819909,11.370083527924336,0.05009517569663083,-0.049185334156387484
1.50,33.065533311807606,49.837740026682035,18,11,75.2345785139886,902.0390919287174,97.23529842819909,11.370083527924336,0.05009517569663083,-0.049185334156387484
1.50,32.997683077884965,49.85228727030038,19,11,75.2345785139886,902.0390919287174,97.23529842819909,11.370083527924336,0.05009517569663083,-0.049185334156387484
1.50,32.04468630209285,49.858576816635846,19,11,75.2345785139886,902.0390919287174,97.23529842819909,11.370083527924336,0.05009517569663083,-0.049185334156387484
1.50,32.97644018572764,49.89882870048474,19,11,75.2345785139886,902.0390919287174,97.23529842819909,11.370083527924336,0.05009517569663083,-0.049185334156387484
1.50,31.967038118785553,49.87568548010144,19,11,75.2345785139886,902.0390919287174,97.23529842819909,11.370083527924336,0.05009517569663083,-0.049185334156387484
1.50,32.327333471280774,49.87908936532213,19,11,75.2345785139886,902.0390919287174,97.23529842819909,11.370083527924336,0.05009517569663083,-0.049185334156387484
1.52,32.42255632893794,49.864819210624745,19,11,75.2345785139886,902.0390919287174,97.23529842819909,11.370083527924336,0.05009517569663083,-0.049185334156387484
1.52,33.52350764270599,49.84481440514102,19,11,75.2345785139886,902.0390919287174,97.23529842819909,11.370083527924336,0.05009517569663083,-0.049185334156387484
1.52,33.7616556038527,49.88699422406595,19,11,75.2345785139886,902.0390919287174,97.23529842819909,11.370083527924336,0.05009517569663083,-0.049185334156387484
1.52,33.90665210948884,49.863663911259344,19,11,75.2345785139886,902.0390919287174,97.23529842819909,11.370083527924336,0.05009517569663083,-0.049185334156387484
1.52,32.11414368183858,49.877732236815,19,11,75.2345785139886,902.0390919287174,97.23529842819909,11.370083527924336,0.05009517569663083,-0.049185334156387484
1.52,34.10123547351324,49.887837844540016,19,11,75.2345785139886,902.0390919287174,97.23529842819909,11.370083527924336,0.05009517569663083,-0.049185334156387484
1.52,35,49.87319595685735,19,11,75.2345785139886,902.0390919287174,97.23529842819909,11.370083527924336,0.05009517569663083,-0.049185334156387484
1.53,35,49.88150859203416,19,11,75.2345785139886,902.0390919287174,97.23529842819909,11.370083527924336,0.05009517569663083,-0.049185334156387484
1.53,35,49.88427892158967,19,11,75.2345785139886,902.0390919287174,97.23529842819909,11.370083527924336,0.05009517569663083,-0.049185334156387484
1.53,34.35114922631197,49.91415515293222,19,11,75.2345785139886,902.0390919287174,97.23529842819909,11.370083527924336,0.05009517569663083,-0.049185334156387484
1.53,34.19776810275589,49.92287767742913,19,11,75.2345785139886,902.0390919287174,97.23529842819909,11.370083527924336,0.05009517569663083,-0.049185334156387484
1.53,35,49.970132967966656,19,11,75.2345785139886,902.0390919287174,97.23529842819909,11.370083527924336,0.05009517569663083,-0.049185334156387484
1.53,35,49.977823341833286,19,11,75.2345785139886,902.0390919287174,97.23529842819909,11.370083527924336,0.05009517569663083,-0.049185334156387484
1.53,35,50.01968669013989,19,11,75.2345785139886,902.0390919287174,97.23529842819909,11.370083527924336,0.05009517569663083,-0.049185334156387484
1.53,34.311552738963584,50.004487996755905,19,11,75.2345785139886,902.0390919287174,97.23529842819909,11.370083527924336,0.05009517569663083,-0.049185334156387484
1.55,33.291019322957155,50.01199978526413,19,11,75.2345785139886,902.0390919287174,97.23529842819909,11.370083527924336,0.05009517569663083,-0.049185334156387484
1.55,35,50.06400948122692,19,11,75.2345785139886,902.0390919287174,97.23529842819909,11.370083527924336,0.05009517569663083,-0.049185334156387484
1.55,35,50.0935513009059,19,11,75.2345785139886,902.0390919287174,97.23529842819909,11.370083527924336,0.05009517569663083,-0.049185334156387484
1.55,33.90140587768061,50.08810287699205,19,11,75.2345785139886,902.0390919287174,97.23529842819909,11.370083527924336,0.05009517569663083,-0.049185334156387484
1.55,35,50.060462251457466,19,11,75.2345785139886,902.0390919287174,97.23529842819909,11.370083527924336,0.05009517569663083,-0.049185334156387484
1.55,33.34595333093409,50.064557809324725,19,11,75.2345785139886,902.0390919287174,97.23529842819909,11.370083527924336,0.05009517569663083,-0.049185334156387484
1.55,32.7296965883605,50.07320958612866,19,11,75.2345785139886,902.0390919287174,97.23529842819909,11.370083527924336,0.05009517569663083,-0.049185334156387484
1.57,32.11916548550373,50.06332751066564,19,11,75.2345785139886,902.0390919287174,97.23529842819909,11.370083527924336,0.05009517569663083,-0.049185334156387484
1.57,30.31001712558369,50.053506502283845,19,11,75.2345785139886,902.0390919287174,97.23529842819909,11.370083527924336,0.05009517569663083,-0.049185334156387484
1.57,28.955825778609345,50.08402347698198,19,11,75.2345785139886,902.0390919287174,97.23529842819909,11.370083527924336,0.05009517569663083,-0.049185334156387484
1.57,29.437979045072556,50.06693132540337,19,11,75.2345785139886,902.0390919287174,97.23529842819909,11.370083527924336,0.05009517569663083,-0.049185334156387484
1.57,29.07005945035584,50.03218236903126,19,11,75.2345785139886,902.0390919287174,97.23529842819909,11.370083527924336,0.05009517569663083,-0.049185334156387484
1.57,29.58780273911103,50.076384012689466,19,11,75.2345785139886,902.0390919287174,97.23529842819909,11.370083527924336,0.05009517569663083,-0.049185334156387484
1.57,27.647010667743725,50.095880317051936,19,11,75.2345785139886,902.0390919287174,97.23529842819909,11.370083527924336,0.05009517569663083,-0.049185334156387484
1.57,29.588399302209933,50.09598616023403,19,11,75.2345785139886,902.0390919287174,97.23529842819909,11.370083527924336,0.05009517569663083,-0.049185334156387484
1.58,27.98089517813782,50.12171639117138,19,11,75.2345785139886,902.0390919287174,97.23529842819909,11.370083527924336,0.05009517569663083,-0.049185334156387484
1.58,27.416082041924714,50.1076283820636,20,11,75.2345785139886,902.0390919287174,97.23529842819909,11.370083527924336,0.05009517569663083,-0.049185334156387484
1.58,25.673746303294887,50.119230451023775,20,11,75.2345785139886,902.0390919287174,97.23529842819909,11.370083527924336,0.05009517569663083,-0.049185334156387484
1.58,25.999435961720415,50.117040824351676,20,11,75.2345785139886,902.0390919287174,97.23529842819909,11.370083527924336,0.05009517569663083,-0.049185334156387484
1.58,26.35052834953573,50.121443908144045,20,11,75.2345785139886,902.0390919287174,97.23529842819909,11.370083527924336,0.05009517569663083,-0.049185334156387484
1.58,26.296472912424242,50.12291631888743,20,11,75.2345785139886,902.0390919287174,97.23529842819909,11.370083527924336,0.05009517569663083,-0.049185334156387484
1.58,26.18854120957299,50.09146041091839,20,11,75.2345785139886,902.0390919287174,97.23529842819909,11.370083527924336,0.05009517569663083,-0.049185334156387484
1.58,25.642952596877844,50.11245894319174,20,11,75.2345785139886,902.0390919287174,97.23529842819909,11.370083527924336,0.05009517569663083,-0.049185334156387484
1.58,26.927025499377724,50.13974428297734,20,11,75.2345785139886,902.0390919287174,97.23529842819909,11.370083527924336,0.05009517569663083,-0.049185334156387484
1.60,27.669385474420242,50.15213852140694,20,11,75.2345785139886,902.0390919287174,97.23529842819909,11.370083527924336,0.05009517569663083,-0.049185334156387484
1.60,26.787319139668078,50.18647417080683,21,11,75.2345785139886,902.0390919287174,97.23529842819909,11.370083527924336,0.05009517569663083,-0.049185334156387484
1.60,27.918216626590848,50.194365818354605,21,11,75.2345785139886,902.0390919287174,97.23529842819909,11.370083527924336,0.05009517569663083,-0.049185334156387484
1.60,27.20902591834471,50.2204308959456,21,11,75.2345785139886,902.0390919287174,97.23529842819909,11.370083527924336,0.05009517569663083,-0.049185334156387484
1.62,28.48607778350848,50.227670089557826,21,11,75.2345785139886,902.0390919287174,97.23529842819909,11.370083527924336,0.05009517569663083,-0.049185334156387484
1.62,27.235145433235438,50.24771154969445,21,11,75.2345785139886,902.0390919287174,97.23529842819909,11.370083527924336,0.05009517569663083,-0.049185334156387484
1.62,26.36887356872665,50.22415703565139,21,11,75.2345785139886,902.0390919287174,97.23529842819909,11.370083527924336,0.05009517569663083,-0.049185334156387484
1.62,25.835756671073273,50.265835751984945,21,11,75.2345785139886,902.0390919287174,97.23529842819909,11.370083527924336,0.05009517569663083,-0.049185334156387484
1.62,24.520845802544876,50.28530625912879,21,11,75.2345785139886,902.0390919287174,97.23529842819909,11.370083527924336,0.05009517569663083,-0.049185334156387484
1.63,23.731934476388883,50.25936690519213,21,11,75.2345785139886,902.0390919287174,97.23529842819909,11.370083527924336,0.05009517569663083,-0.049185334156387484
1.63,24.35205127520835,50.25247133733323,21,11,75.2345785139886,902.0390919287174,97.23529842819909,11.370083527924336,0.05009517569663083,-0.049185334156387484
1.63,24.806115716121667,50.28601236545806,21,11,75.2345785139886,902.0390919287174,97.23529842819909,11.370083527924336,0.05009517569663083,-0.049185334156387484
1.63,24.824251589966764,50.30055215395475,21,11,75.2345785139886,902.0390919287174,97.23529842819909,11.370083527924336,0.05009517569663083,-0.049185334156387484
1.63,25.50574965572879,50.33323293030147,21,11,75.2345785139886,902.0390919287174,97.23529842819909,11.370083527924336,0.05009517569663083,-0.049185334156387484
1.63,24.857655739485253,50.3323436125923,21,11,75.2345785139886,902.0390919287174,97.23529842819909,11.370083527924336,0.05009517569663083,-0.049185334156387484
1.63,25.50596525188388,50.34714270635578,21,11,75.2345785139886,902.0390919287174,97.23529842819909,11.370083527924336,0.05009517569663083,-0.049185334156387484
1.63,25.274771610593213,50.36890694124756,21,11,75.2345785139886,902.0390919287174,97.23529842819909,11.370083527924336,0.05009517569663083,-0.049185334156387484
1.65,24.490350340871814,50.337659635332614,21,11,75.2345785139886,902.0390919287174,97.23529842819909,11.370083527924336,0.05009517569663083,-0.049185334156387484
1.65,22.661411726311833,50.33731397653747,21,11,75.2345785139886,902.0390919287174,97.23529842819909,11.370083527924336,0.05009517569663083,-0.049185334156387484
1.65,23.770176104474253,50.38296905401974,21,11,75.2345785139886,902.0390919287174,97.23529842819909,11.370083527924336,0.05009517569663083,-0.049185334156387484
1.65,23.917848946802923,50.392830248816175,21,11,75.2345785139886,902.0390919287174,97.23529842819909,11.370083527924336,0.05009517569663083,-0.049185334156387484
1.65,24.902127253097987,50.387219661297024,22,11,75.2345785139886,902.0390919287174,97.23529842819909,11.370083527924336,0.05009517569663083,-0.049185334156387484
1.65,24.7359404466389,50.41897348585806,22,11,75.2345785139886,902.0390919287174,97.23529842819909,11.370083527924336,0.05009517569663083,-0.049185334156387484
1.65,23.4912953468083,50.41581092450558,22,11,75.2345785139886,902.0390919287174,97.23529842819909,11.370083527924336,0.05009517569663083,-0.049185334156387484
1.65,24.221234407104,50.42457347624331,22,11,75.2345785139886,902.0390919287174,97.23529842819909,11.370083527924336,0.05009517569663083,-0.049185334156387484
1.65,25.495097744117505,50.47112165951726,22,11,75.2345785139886,902.0390919287174,97.23529842819909,11.370083527924336,0.05009517569663083,-0.049185334156387484
1.67,25.401038580640382,50.459668400788686,22,11,75.2345785139886,902.0390919287174,97.23529842819909,11.370083527924336,0.05009517569663083,-0.049185334156387484
1.67,24.12554588252595,50.50285690509225,22,11,75.2345785139886,902.0390919287174,97.23529842819909,11.370083527924336,0.05009517569663083,-0.049185334156387484
1.67,23.14720972095251,50.53759863783425,22,12,75.2345785139886,902.0390919287174,97.23529842819909,11.370083527924336,0.05009517569663083,-0.049185334156387484
1.67,21.430240625013322,50.519144183454564,22,12,75.2345785139886,902.0390919287174,97.23529842819909,11.370083527924336,0.05009517569663083,-0.049185334156387484
1.67,20.516860639467726,50.527560922638756,22,12,75.2345785139886,902.0390919287174,97.23529842819909,11.370083527924336,0.05009517569663083,-0.049185334156387484
1.67,22.510293993819996,50.50488907762987,22,12,75.2345785139886,902.0390919287174,97.23529842819909,11.370083527924336,0.05009517569663083,-0.049185334156387484
1.67,20.978981170983833,50.52826690079442,22,12,75.2345785139886,902.0390919287174,97.23529842819909,11.370083527924336,0.05009517569663083,-0.049185334156387484
1.67,19.032486788196298,50.53498364717597,22,12,75.2345785139886,902.0390919287174,97.23529842819909,11.370083527924336,0.05009517569663083,-0.049185334156387484
1.68,20.154275333863065,50.55536540347584,22,12,75.2345785139886,902.0390919287174,97.23529842819909,11.370083527924336,0.05009517569663083,-0.049185334156387484
1.68,20.30802142396423,50.55427323010768,22,12,75.2345785139886,902.0390919287174,97.23529842819909,11.370083527924336,0.05009517569663083,-0.049185334156387484
1.68,18.88639722389384,50.57605267319207,22,12,75.2345785139886,902.0390919287174,97.23529842819909,11.370083527924336,0.05009517569663083,-0.049185334156387484
1.68,20.578234289974787,50.57671917988573,22,12,75.2345785139886,902.0390919287174,97.23529842819909,11.370083527924336,0.05009517569663083,-0.049185334156387484
1.68,22.283076428679244,50.57980982906016,22,12,75.2345785139886,902.0390919287174,97.23529842819909,11.370083527924336,0.05009517569663083,-0.049185334156387484
1.68,21.335964525288222,50.58001389065871,22,12,75.2345785139886,902.0390919287174,97.23529842819909,11.370083527924336,0.05009517569663083,-0.049185334156387484
1.68,20.744022555475745,50.57202848547202,22,12,75.2345785139886,902.0390919287174,97.23529842819909,11.370083527924336,0.05009517569663083,-0.049185334156387484
1.68,21.94008504091692,50.59688418216993,22,12,75.2345785139886,902.0390919287174,97.23529842819909,11.370083527924336,0.05009517569663083,-0.049185334156387484
1.68,20.985541617003648,50.61028184053968,22,12,75.2345785139886,902.0390919287174,97.23529842819909,11.370083527924336,0.05009517569663083,-0.049185334156387484
1.68,19.35133071254553,50.582111707042515,22,12,75.2345785139886,902.0390919287174,97.23529842819909,11.370083527924336,0.05009517569663083,-0.049185334156387484
1.70,18.22139823980126,50.61358324415173,22,12,75.2345785139886,902.0390919287174,97.23529842819909,11.370083527924336,0.05009517569663083,-0.049185334156387484
1.70,18,50.634136305146974,22,12,75.2345785139886,902.0390919287174,97.23529842819909,11.370083527924336,0.05009517569663083,-0.049185334156387484
1.70,19.61857243054204,50.6468128685696,22,12,75.2345785139886,902.0390919287174,97.23529842819909,11.370083527924336,0.05009517569663083,-0.049185334156387484
1.70,19.175806672773724,50.62574155728518,22,12,75.2345785139886,902.0390919287174,97.23529842819909,11.370083527924336,0.05009517569663083,-0.049185334156387484
1.70,20.575844431599116,50.59776379667919,23,12,75.2345785139886,902.0390919287174,97.23529842819909,11.370083527924336,0.05009517569663083,-0.049185334156387484
1.70,21.868686345437652,50.59708986539285,23,12,75.2345785139886,902.0390919287174,97.23529842819909,11.370083527924336,0.05009517569663083,-0.049185334156387484
1.70,22.537717544100826,50.591535198377905,23,12,75.2345785139886,902.0390919287174,97.23529842819909,11.370083527924336,0.05009517569663083,-0.049185334156387484
1.72,22.32617532511587,50.58080232145702,23,12,75.2345785139886,902.0390919287174,97.23529842819909,11.370083527924336,0.05009517569663083,-0.049185334156387484
1.72,21.153218435055717,50.577809079849295,23,12,75.2345785139886,902.0390919287174,97.23529842819909,11.370083527924336,0.05009517569663083,-0.049185334156387484
1.72,21.902489915971522,50.587150463695764,23,12,75.2345785139886,902.0390919287174,97.23529842819909,11.370083527924336,0.05009517569663083,-0.049185334156387484
1.72,20.239197023613475,50.592397577744265,23,12,75.2345785139886,902.0390919287174,97.23529842819909,11.370083527924336,0.05009517569663083,-0.049185334156387484
1.72,22.1516213605145,50.63013884203074,23,12,75.2345785139886,902.0390919287174,97.23529842819909,11.370083527924336,0.05009517569663083,-0.049185334156387484
1.72,22.06139364500433,50.64959544716525,23,12,75.2345785139886,902.0390919287174,97.23529842819909,11.370083527924336,0.05009517569663083,-0.049185334156387484
1.72,24.042389469119698,50.66794039762193,23,12,75.2345785139886,902.0390919287174,97.23529842819909,11.370083527924336,0.05009517569663083,-0.049185334156387484
1.73,22.671401699768477,50.673435755798174,23,12,75.2345785139886,902.0390919287174,97.23529842819909,11.370083527924336,0.05009517569663083,-0.049185334156387484
1.73,22.405230385219024,50.686600901111866,23,12,75.2345785139886,902.0390919287174,97.23529842819909,11.370083527924336,0.05009517569663083,-0.049185334156387484
1.73,24.129603008983942,50.69692758882281,23,12,75.2345785139886,902.0390919287174,97.23529842819909,11.370083527924336,0.05009517569663083,-0.049185334156387484
1.73,24.406140810813483,50.71050345717948,23,12,75.2345785139886,902.0390919287174,97.23529842819909,11.370083527924336,0.05009517569663083,-0.049185334156387484
1.75,24.36281397728273,50.70677091940568,23,12,75.2345785139886,902.0390919287174,97.23529842819909,11.370083527924336,0.05009517569663083,-0.049185334156387484
1.75,24.164557107305747,50.72815949697475,23,13,75.2345785139886,902.0390919287174,97.23529842819909,11.370083527924336,0.05009517569663083,-0.049185334156387484
1.75,24.182848202291698,50.72695185010794,23,13,75.2345785139886,902.0390919287174,97.23529842819909,11.370083527924336,0.05009517569663083,-0.049185334156387484
1.75,22.834444044177758,50.735230234976335,23,13,75.2345785139886,902.0390919287174,97.23529842819909,11.370083527924336,0.05009517569663083,-0.049185334156387484
1.77,21.661156164502657,50.74116335695766,24,13,75.2345785139886,902.0390919287174,97.23529842819909,11.370083527924336,0.05009517569663083,-0.049185334156387484
1.77,20.502510498124995,50.7546041448,24,13,75.2345785139886,902.0390919287174,97.23529842819909,11.370083527924336,0.05009517569663083,-0.049185334156387484
1.77,22.061455258902548,50.739229302498174,24,13,75.2345785139886,902.0390919287174,97.23529842819909,11.370083527924336,0.05009517569663083,-0.049185334156387484
1.77,23.302097139182774,50.7446988417765,24,13,75.2345785139886,902.0390919287174,97.23529842819909,11.370083527924336,0.05009517569663083,-0.049185334156387484
1.77,22.06793711952223,50.757017981683795,24,13,75.2345785139886,902.0390919287174,97.23529842819909,11.370083527924336,0.05009517569663083,-0.049185334156387484
1.77,21.449115598905912,50.763466582119044,24,13,75.2345785139886,902.0390919287174,97.23529842819909,11.370083527924336,0.05009517569663083,-0.049185334156387484
1.77,21.427312234999917,50.783673166356174,24,13,75.2345785139886,902.0390919287174,97.23529842819909,11.370083527924336,0.05009517569663083,-0.049185334156387484
1.77,20.77770164468025,50.811362712459754,24,13,75.2345785139886,902.0390919287174,97.23529842819909,11.370083527924336,0.05009517569663083,-0.049185334156387484
1.78,21.422472449241234,50.828181294907615,24,13,75.2345785139886,902.0390919287174,97.23529842819909,11.370083527924336,0.05009517569663083,-0.049185334156387484
1.78,19.739655947200852,50.833783996701214,24,13,75.2345785139886,902.0390919287174,97.23529842819909,11.370083527924336,0.05009517569663083,-0.049185334156387484
1.78,18.194516122849357,50.866705742038974,24,13,75.2345785139886,902.0390919287174,97.23529842819909,11.370083527924336,0.05009517569663083,-0.049185334156387484
1.78,18.603005148701822,50.87886922350586,24,13,75.2345785139886,902.0390919287174,97.23529842819909,11.370083527924336,0.05009517569663083,-0.049185334156387484
1.78,18,50.8701521415878,24,13,75.2345785139886,902.0390919287174,97.23529842819909,11.370083527924336,0.05009517569663083,-0.049185334156387484
1.78,18,50.83700802659738,24,13,75.2345785139886,902.0390919287174,97.23529842819909,11.370083527924336,0.05009517569663083,-0.049185334156387484
1.78,18,50.81657415220671,24,13,75.2345785139886,902.0390919287174,97.23529842819909,11.370083527924336,0.05009517569663083,-0.049185334156387484
1.78,18.54290265882957,50.82115948653604,24,13,75.2345785139886,902.0390919287174,97.23529842819909,11.370083527924336,0.05009517569663083,-0.049185334156387484
1.78,18.252816123098903,50.805832613989715,24,13,75.2345785139886,902.0390919287174,97.23529842819909,11.370083527924336,0.05009517569663083,-0.049185334156387484
1.78,18,50.824483877550485,24,13,75.2345785139886,902.0390919287174,97.23529842819909,11.370083527924336,0.05009517569663083,-0.049185334156387484
1.80,19.901176107901534,50.85250001629318,24,13,75.2345785139886,902.0390919287174,97.23529842819909,11.370083527924336,0.05009517569663083,-0.049185334156387484
1.80,20.798090134068566,50.83839888453215,24,13,75.2345785139886,902.0390919287174,97.23529842819909,11.370083527924336,0.05009517569663083,-0.049185334156387484
1.80,20.286366969724725,50.86885225837418,24,13,75.2345785139886,902.0390919287174,97.23529842819909,11.370083527924336,0.05009517569663083,-0.049185334156387484
1.80,19.10916271618458,50.83823069573362,25,13,75.2345785139886,902.0390919287174,97.23529842819909,11.370083527924336,0.05009517569663083,-0.049185334156387484
1.80,19.320986660466822,50.843605700515496,25,13,75.2345785139886,902.0390919287174,97.23529842819909,11.370083527924336,0.05009517569663083,-0.049185334156387484
1.80,18.363949080793503,50.85987353673067,25,13,75.2345785139886,902.0390919287174,97.23529842819909,11.370083527924336,0.05009517569663083,-0.049185334156387484
1.80,19.867699000684894,50.87034993123256,25,13,75.2345785139886,902.0390919287174,97.23529842819909,11.370083527924336,0.05009517569663083,-0.049185334156387484
1.82,18,50.91500587792965,25,13,75.2345785139886,902.0390919287174,97.23529842819909,11.370083527924336,0.05009517569663083,-0.049185334156387484
1.82,18,50.91144122653562,25,13,75.2345785139886,902.0390919287174,97.23529842819909,11.370083527924336,0.05009517569663083,-0.049185334156387484
1.82,19.06976688494644,50.93960486944103,25,13,75.2345785139886,902.0390919287174,97.23529842819909,11.370083527924336,0.05009517569663083,-0.049185334156387484
1.82,18,50.95378327765464,25,13,75.2345785139886,902.0390919287174,97.23529842819909,11.370083527924336,0.05009517569663083,-0.049185334156387484
1.82,18.936322896670603,50.97347066697078,25,13,75.2345785139886,902.0390919287174,97.23529842819909,11.370083527924336,0.05009517569663083,-0.049185334156387484
1.82,20.251552740800758,50.97467708606457,25,13,75.2345785139886,902.0390919287174,97.23529842819909,11.370083527924336,0.05009517569663083,-0.049185334156387484
1.82,20.759576956234504,50.98626276172158,25,13,75.2345785139886,902.0390919287174,97.23529842819909,11.370083527924336,0.05009517569663083,-0.049185334156387484
1.82,22.03685013368616,50.98398564650734,25,13,75.2345785139886,902.0390919287174,97.23529842819909,11.370083527924336,0.05009517569663083,-0.049185334156387484
1.82,23.200685839011218,50.99425435635386,25,13,75.2345785139886,902.0390919287174,97.23529842819909,11.370083527924336,0.05009517569663083,-0.049185334156387484
1.83,22.66026966998709,51.01353899691115,25,13,75.2345785139886,902.0390919287174,97.23529842819909,11.370083527924336,0.05009517569663083,-0.049185334156387484
1.83,23.568225699148304,51.0023667728848,25,13,75.2345785139886,902.0390919287174,97.23529842819909,11.370083527924336,0.05009517569663083,-0.049185334156387484
1.83,22.157529383820858,51.02708762379619,25,13,75.2345785139886,902.0390919287174,97.23529842819909,11.370083527924336,0.05009517569663083,-0.049185334156387484
1.83,23.485496083606236,51.02225480132678,25,13,75.2345785139886,902.0390919287174,97.23529842819909,11.370083527924336,0.05009517569663083,-0.049185334156387484
1.83,23.219365400572393,51.034059237959625,25,13,75.2345785139886,902.0390919287174,97.23529842819909,11.370083527924336,0.05009517569663083,-0.049185334156387484
1.83,24.725790792781268,51.039433931565625,25,13,75.2345785139886,902.0390919287174,97.23529842819909,11.370083527924336,0.05009517569663083,-0.049185334156387484
1.83,26.71658039381755,51.057529470737265,25,13,75.2345785139886,902.0390919287174,97.23529842819909,11.370083527924336,0.05009517569663083,-0.049185334156387484
1.83,26.298063100021604,51.03000076478598,25,13,75.2345785139886,902.0390919287174,97.23529842819909,11.370083527924336,0.05009517569663083,-0.049185334156387484
1.83,25.00685286286796,51.037823434750585,25,13,75.2345785139886,902.0390919287174,97.23529842819909,11.370083527924336,0.05009517569663083,-0.049185334156387484
1.83,23.365079395275302,51.04763512854324,25,13,75.2345785139886,902.0390919287174,97.23529842819909,11.370083527924336,0.05009517569663083,-0.049185334156387484
1.85,22.986125707644597,51.05711650505529,25,13,75.2345785139886,902.0390919287174,97.23529842819909,11.370083527924336,0.05009517569663083,-0.049185334156387484
1.85,23.10373426969161,51.06876615300561,25,13,75.2345785139886,902.0390919287174,97.23529842819909,11.370083527924336,0.05009517569663083,-0.049185334156387484
1.85,24.986348188556544,51.068021880309175,25,13,75.2345785139886,902.0390919287174,97.23529842819909,11.370083527924336,0.05009517569663083,-0.049185334156387484
1.85,25.55585678519752,51.0656573841196,25,13,75.2345785139886,902.0390919287174,97.23529842819909,11.370083527924336,0.05009517569663083,-0.049185334156387484
1.85,26.183927961130667,51.0902600387102,25,13,75.2345785139886,902.0390919287174,97.23529842819909,11.370083527924336,0.05009517569663083,-0.049185334156387484
1.85,26.476407014211148,51.09227010930362,25,13,75.2345785139886,902.0390919287174,97.23529842819909,11.370083527924336,0.05009517569663083,-0.049185334156387484
1.85,26.173802056489652,51.092181798268356,25,13,75.2345785139886,902.0390919287174,97.23529842819909,11.370083527924336,0.05009517569663083,-0.049185334156387484
1.85,25.797771155096605,51.08478493143644,25,13,75.2345785139886,902.0390919287174,97.23529842819909,11.370083527924336,0.05009517569663083,-0.049185334156387484
1.87,23.904585644285618,51.120862571504915,25,13,75.2345785139886,902.0390919287174,97.23529842819909,11.370083527924336,0.05009517569663083,-0.049185334156387484
1.87,25.69850643379521,51.11222033902099,25,13,75.2345785139886,902.0390919287174,97.23529842819909,11.370083527924336,0.05009517569663083,-0.049185334156387484
1.87,25.71301414688637,51.11850286398781,25,13,75.2345785139886,902.0390919287174,97.23529842819909,11.370083527924336,0.05009517569663083,-0.049185334156387484
1.87,25.861683461455808,51.12928407060093,25,13,75.2345785139886,902.0390919287174,97.23529842819909,11.370083527924336,0.05009517569663083,-0.049185334156387484
1.87,25.922767759818438,51.171213147265604,25,13,75.2345785139886,902.0390919287174,97.23529842819909,11.370083527924336,0.05009517569663083,-0.049185334156387484
1.88,24.779934722047074,51.18092427017962,25,13,75.2345785139886,902.0390919287174,97.23529842819909,11.370083527924336,0.05009517569663083,-0.049185334156387484
1.88,26.180642773673764,51.18971846040046,25,13,75.2345785139886,902.0390919287174,97.23529842819909,11.370083527924336,0.05009517569663083,-0.049185334156387484
1.88,26.303913574956837,51.21072400051821,25,13,75.2345785139886,902.0390919287174,97.23529842819909,11.370083527924336,0.05009517569663083,-0.049185334156387484
1.88,26.924317992417752,51.23247862585467,25,13,75.2345785139886,902.0390919287174,97.23529842819909,11.370083527924336,0.05009517569663083,-0.049185334156387484
1.88,27.504213469128203,51.20460654306106,25,13,75.2345785139886,902.0390919287174,97.23529842819909,11.370083527924336,0.05009517569663083,-0.049185334156387484
1.88,29.321628179634136,51.21604714671361,25,13,75.2345785139886,902.0390919287174,97.23529842819909,11.370083527924336,0.05009517569663083,-0.049185334156387484
1.88,28.00839004040055,51.20637438738625,25,13,75.2345785139886,902.0390919287174,97.23529842819909,11.370083527924336,0.05009517569663083,-0.049185334156387484
1.88,28.234697944592796,51.21738534196463,25,13,75.2345785139886,902.0390919287174,97.23529842819909,11.370083527924336,0.05009517569663083,-0.049185334156387484
1.88,27.653865371812696,51.199443560808525,25,13,75.2345785139886,902.0390919287174,97.23529842819909,11.370083527924336,0.05009517569663083,-0.049185334156387484
1.90,27.770146235443818,51.231026551709654,25,13,75.2345785139886,902.0390919287174,97.23529842819909,11.370083527924336,0.05009517569663083,-0.049185334156387484
1.90,27.852312077287685,51.20635183428329,25,13,75.2345785139886,902.0390919287174,97.23529842819909,11.370083527924336,0.05009517569663083,-0.049185334156387484
1.90,29.091102051367876,51.224786692869394,25,13,75.2345785139886,902.0390919287174,97.23529842819909,11.370083527924336,0.05009517569663083,-0.049185334156387484
1.90,31.0206401470004,51.23679160002237,26,13,75.2345785139886,902.0390919287174,97.23529842819909,11.370083527924336,0.05009517569663083,-0.049185334156387484
1.90,30.997167977979046,51.26590579455109,26,13,75.2345785139886,902.0390919287174,97.23529842819909,11.370083527924336,0.05009517569663083,-0.049185334156387484
1.90,29.866492908025066,51.25476905347159,26,13,75.2345785139886,902.0390919287174,97.23529842819909,11.370083527924336,0.05009517569663083,-0.049185334156387484
1.90,29.494654781215615,51.226705658494154,26,13,75.2345785139886,902.0390919287174,97.23529842819909,11.370083527924336,0.05009517569663083,-0.049185334156387484
1.90,30.503071012115832,51.214118323709364,27,13,75.2345785139886,902.0390919287174,97.23529842819909,11.370083527924336,0.05009517569663083,-0.049185334156387484
1.90,31.294974858234216,51.22206654549794,27,13,75.2345785139886,902.0390919287174,97.23529842819909,11.370083527924336,0.05009517569663083,-0.049185334156387484
1.90,30.3583968867504,51.2180124655299,27,13,75.2345785139886,902.0390919287174,97.23529842819909,11.370083527924336,0.05009517569663083,-0.049185334156387484
1.92,30.775819276194287,51.21472777078358,27,13,75.2345785139886,902.0390919287174,97.23529842819909,11.370083527924336,0.05009517569663083,-0.049185334156387484
1.92,29.646661312739788,51.182216024526156,27,13,75.2345785139886,902.0390919287174,97.23529842819909,11.370083527924336,0.05009517569663083,-0.049185334156387484
1.92,30.04079538607337,51.18480687627716,27,13,75.2345785139886,902.0390919287174,97.23529842819909,11.370083527924336,0.05009517569663083,-0.049185334156387484
1.92,30.232787005931545,51.19518029182205,27,13,75.2345785139886,902.0390919287174,97.23529842819909,11.370083527924336,0.05009517569663083,-0.049185334156387484
1.92,28.643730164870675,51.193342744249044,27,13,75.2345785139886,902.0390919287174,97.23529842819909,11.370083527924336,0.05009517569663083,-0.049185334156387484
1.92,29.02697808848462,51.18641127333547,27,13,75.2345785139886,902.0390919287174,97.23529842819909,11.370083527924336,0.05009517569663083,-0.049185334156387484
1.92,28.102894692939035,51.199991761887816,27,13,75.2345785139886,902.0390919287174,97.23529842819909,11.370083527924336,0.05009517569663083,-0.049185334156387484
1.92,27.719634729335507,51.19047715896931,27,13,75.2345785139886,902.0390919287174,97.23529842819909,11.370083527924336,0.05009517569663083,-0.049185334156387484
1.92,28.141569955328258,51.16779114629626,27,13,75.2345785139886,902.0390919287174,97.23529842819909,11.370083527924336,0.05009517569663083,-0.049185334156387484
1.92,29.87326186403118,51.18155760131142,27,13,75.2345785139886,902.0390919287174,97.23529842819909,11.370083527924336,0.05009517569663083,-0.049185334156387484
1.93,31.051953286551015,51.21298076172468,27,13,75.2345785139886,902.0390919287174,97.23529842819909,11.370083527924336,0.05009517569663083,-0.049185334156387484
1.93,30.750001452925687,51.19631937531122,27,13,75.2345785139886,902.0390919287174,97.23529842819909,11.370083527924336,0.05009517569663083,-0.049185334156387484
1.93,31.976338725443465,51.19255771480057,27,13,75.2345785139886,902.0390919287174,97.23529842819909,11.370083527924336,0.05009517569663083,-0.049185334156387484
1.93,33.268162861768744,51.199056687489126,27,13,75.2345785139886,902.0390919287174,97.23529842819909,11.370083527924336,0.05009517569663083,-0.049185334156387484
1.93,33.85165274717609,51.189159872214496,27,13,75.2345785139886,902.0390919287174,97.23529842819909,11.370083527924336,0.05009517569663083,-0.049185334156387484
1.93,33.40151502684881,51.22315812794892,27,13,75.2345785139886,902.0390919287174,97.23529842819909,11.370083527924336,0.05009517569663083,-0.049185334156387484
1.93,34.09910209919309,51.21588090902584,27,13,75.2345785139886,902.0390919287174,97.23529842819909,11.370083527924336,0.05009517569663083,-0.049185334156387484
1.93,32.10815169710804,51.228224823615626,27,13,75.2345785139886,902.0390919287174,97.23529842819909,11.370083527924336,0.05009517569663083,-0.049185334156387484
1.93,32.18073573483865,51.22989416090028,28,13,75.2345785139886,902.0390919287174,97.23529842819909,11.370083527924336,0.05009517569663083,-0.049185334156387484
1.93,30.79261837393354,51.23066036784078,28,13,75.2345785139886,902.0390919287174,97.23529842819909,11.370083527924336,0.05009517569663083,-0.049185334156387484
1.95,29.057503363510097,51.246004880389016,28,13,75.2345785139886,902.0390919287174,97.23529842819909,11.370083527924336,0.05009517569663083,-0.049185334156387484
1.95,28.872234902504378,51.277383286455006,28,13,75.2345785139886,902.0390919287174,97.23529842819909,11.370083527924336,0.05009517569663083,-0.049185334156387484
1.95,30.461267011347125,51.276989086381604,28,13,75.2345785139886,902.0390919287174,97.23529842819909,11.370083527924336,0.05009517569663083,-0.049185334156387484
1.95,32.43323499302128,51.27995622741788,28,13,75.2345785139886,902.0390919287174,97.23529842819909,11.370083527924336,0.05009517569663083,-0.049185334156387484
1.95,34.34863387185151,51.27135910519634,28,13,75.2345785139886,902.0390919287174,97.23529842819909,11.370083527924336,0.05009517569663083,-0.049185334156387484
1.97,32.89794347204915,51.30450724986787,28,13,75.2345785139886,902.0390919287174,97.23529842819909,11.370083527924336,0.05009517569663083,-0.049185334156387484
1.97,31.38845408551439,51.33434730750442,28,13,75.2345785139886,902.0390919287174,97.23529842819909,11.370083527924336,0.05009517569663083,-0.049185334156387484
1.97,29.885930290134016,51.355651867718656,28,13,75.2345785139886,902.0390919287174,97.23529842819909,11.370083527924336,0.05009517569663083,-0.049185334156387484
1.97,30.876454278473418,51.366463683680735,28,13,75.2345785139886,902.0390919287174,97.23529842819909,11.370083527924336,0.05009517569663083,-0.049185334156387484
1.97,32.659342260108595,51.36460296956704,28,13,75.2345785139886,902.0390919287174,97.23529842819909,11.370083527924336,0.05009517569663083,-0.049185334156387484
1.97,31.78925320796958,51.37500360198498,28,13,75.2345785139886,902.0390919287174,97.23529842819909,11.370083527924336,0.05009517569663083,-0.049185334156387484
1.98,33.752527335892374,51.395325255520774,28,13,75.2345785139886,902.0390919287174,97.23529842819909,11.370083527924336,0.05009517569663083,-0.049185334156387484
1.98,34.184038293915236,51.405725899505796,28,13,75.2345785139886,902.0390919287174,97.23529842819909,11.370083527924336,0.05009517569663083,-0.049185334156387484
2.00,33.48438253343369,51.41998398312653,29,13,75.2345785139886,902.0390919287174,97.23529842819909,11.370083527924336,0.05009517569663083,-0.049185334156387484
2.00,34.68855127732042,51.440137401271,29,13,75.2345785139886,902.0390919287174,97.23529842819909,11.370083527924336,0.05009517569663083,-0.049185334156387484
2.02,32.970582549115996,51.446034904102,29,13,75.2345785139886,902.0390919287174,97.23529842819909,11.370083527924336,0.05009517569663083,-0.049185334156387484
2.02,34.844487612573424,51.46127896112517,29,13,75.2345785139886,902.0390919287174,97.23529842819909,11.370083527924336,0.05009517569663083,-0.049185334156387484
2.02,33.13446042658554,51.44129914855943,29,13,75.2345785139886,902.0390919287174,97.23529842819909,11.370083527924336,0.05009517569663083,-0.049185334156387484
2.02,31.270970436954293,51.445945620915275,29,13,75.2345785139886,902.0390919287174,97.23529842819909,11.370083527924336,0.05009517569663083,-0.049185334156387484
2.03,31.62154723609713,51.45120777072933,29,13,75.2345785139886,902.0390919287174,97.23529842819909,11.370083527924336,0.05009517569663083,-0.049185334156387484
2.05,32.20614194050573,51.43794397543883,29,13,75.2345785139886,902.0390919287174,97.23529842819909,11.370083527924336,0.05009517569663083,-0.049185334156387484
2.05,31.134829529586597,51.424471485215165,29,13,75.2345785139886,902.0390919287174,97.23529842819909,11.370083527924336,0.05009517569663083,-0.049185334156387484
2.07,31.360757843222025,51.4183844443726,29,13,75.2345785139886,902.0390919287174,97.23529842819909,11.370083527924336,0.05009517569663083,-0.049185334156387484
2.07,31.00412516751719,51.429124521447584,29,13,75.2345785139886,902.0390919287174,97.23529842819909,11.370083527924336,0.05009517569663083,-0.049185334156387484
2.08,29.698293324756882,51.4130201615244,29,13,75.2345785139886,902.0390919287174,97.23529842819909,11.370083527924336,0.05009517569663083,-0.049185334156387484
2.08,30.03854956921913,51.393382022859875,29,13,75.2345785139886,902.0390919287174,97.23529842819909,11.370083527924336,0.05009517569663083,-0.049185334156387484
2.08,30.694319346798412,51.380365225755426,29,13,75.2345785139886,902.0390919287174,97.23529842819909,11.370083527924336,0.05009517569663083,-0.049185334156387484
2.10,31.72731484299036,51.4158074123483,29,14,75.2345785139886,902.0390919287174,97.23529842819909,11.370083527924336,0.05009517569663083,-0.049185334156387484
2.10,30.762548109056134,51.410720401966366,29,14,75.2345785139886,902.0390919287174,97.23529842819909,11.370083527924336,0.05009517569663083,-0.049185334156387484
2.10,30.915075535316532,51.42879863923605,29,14,75.2345785139886,902.0390919287174,97.23529842819909,11.370083527924336,0.05009517569663083,-0.049185334156387484
2.10,30.82007841907562,51.43724708216831,29,14,75.2345785139886,902.0390919287174,97.23529842819909,11.370083527924336,0.05009517569663083,-0.049185334156387484
2.10,28.844656906947343,51.4174287957571,29,14,75.2345785139886,902.0390919287174,97.23529842819909,11.370083527924336,0.05009517569663083,-0.049185334156387484
2.10,30.454169591598372,51.443133096073154,29,15,75.2345785139886,902.0390919287174,97.23529842819909,11.370083527924336,0.05009517569663083,-0.049185334156387484
2.12,29.93021771846133,51.420847171312225,29,15,75.2345785139886,902.0390919287174,97.23529842819909,11.370083527924336,0.05009517569663083,-0.049185334156387484
2.12,29.49901032158646,51.41264325243497,29,15,75.2345785139886,902.0390919287174,97.23529842819909,11.370083527924336,0.05009517569663083,-0.049185334156387484
2.12,27.684198363177842,51.42910192635495,29,15,75.2345785139886,902.0390919287174,97.23529842819909,11.370083527924336,0.05009517569663083,-0.049185334156387484
2.12,28.89812687595895,51.445292584190945,29,15,75.2345785139886,902.0390919287174,97.23529842819909,11.370083527924336,0.05009517569663083,-0.049185334156387484
2.12,26.947723336623007,51.452765492100404,29,15,75.2345785139886,902.0390919287174,97.23529842819909,11.370083527924336,0.05009517569663083,-0.049185334156387484
2.12,26.418739742174225,51.47161900839163,29,15,75.2345785139886,902.0390919287174,97.23529842819909,11.370083527924336,0.05009517569663083,-0.049185334156387484
2.12,26.868782562202036,51.473040558889345,29,15,75.2345785139886,902.0390919287174,97.23529842819909,11.370083527924336,0.05009517569663083,-0.049185334156387484
2.12,27.182420932405233,51.50319090221994,29,15,75.2345785139886,902.0390919287174,97.23529842819909,11.370083527924336,0.05009517569663083,-0.049185334156387484
2.13,27.438748212934577,51.50283717644727,29,15,75.2345785139886,902.0390919287174,97.23529842819909,11.370083527924336,0.05009517569663083,-0.049185334156387484
2.13,28.22147667610433,51.48509671170648,29,15,75.2345785139886,902.0390919287174,97.23529842819909,11.370083527924336,0.05009517569663083,-0.049185334156387484
2.13,27.85756282241468,51.491539029509404,29,15,75.2345785139886,902.0390919287174,97.23529842819909,11.370083527924336,0.05009517569663083,-0.049185334156387484
2.13,29.225088153424704,51.49219861705403,29,15,75.2345785139886,902.0390919287174,97.23529842819909,11.370083527924336,0.05009517569663083,-0.049185334156387484
2.13,30.640750489147006,51.51467259357124,29,15,75.2345785139886,902.0390919287174,97.23529842819909,11.370083527924336,0.05009517569663083,-0.049185334156387484
2.13,30.49327815708633,51.51570605436539,29,15,75.2345785139886,902.0390919287174,97.23529842819909,11.370083527924336,0.05009517569663083,-0.049185334156387484
2.13,29.188452000443974,51.508779871760545,29,15,75.2345785139886,902.0390919287174,97.23529842819909,11.370083527924336,0.05009517569663083,-0.049185334156387484
2.13,27.40860309070835,51.50077718536649,29,15,75.2345785139886,902.0390919287174,97.23529842819909,11.370083527924336,0.05009517569663083,-0.049185334156387484
2.13,26.402337100678068,51.493737088660204,29,15,75.2345785139886,902.0390919287174,97.23529842819909,11.370083527924336,0.05009517569663083,-0.049185334156387484
2.13,26.840537376673844,51.52426291265321,29,15,75.2345785139886,902.0390919287174,97.23529842819909,11.370083527924336,0.05009517569663083,-0.049185334156387484
2.15,25.26270706476647,51.53742055020447,29,15,75.2345785139886,902.0390919287174,97.23529842819909,11.370083527924336,0.05009517569663083,-0.049185334156387484
2.15,26.898524336786277,51.52145046752541,29,15,75.2345785139886,902.0390919287174,97.23529842819909,11.370083527924336,0.05009517569663083,-0.049185334156387484
2.15,26.056440580155147,51.49421410385068,29,15,75.2345785139886,902.0390919287174,97.23529842819909,11.370083527924336,0.05009517569663083,-0.049185334156387484
2.15,26.199229724474375,51.460609144284724,29,15,75.2345785139886,902.0390919287174,97.23529842819909,11.370083527924336,0.05009517569663083,-0.049185334156387484
2.15,26.042241567051953,51.47372098977291,29,15,75.2345785139886,902.0390919287174,97.23529842819909,11.370083527924336,0.05009517569663083,-0.049185334156387484
2.15,27.317678472710615,51.48986418967976,29,15,75.2345785139886,902.0390919287174,97.23529842819909,11.370083527924336,0.05009517569663083,-0.049185334156387484
2.15,26.058578358451868,51.462118688995325,29,15,75.2345785139886,902.0390919287174,97.23529842819909,11.370083527924336,0.05009517569663083,-0.049185334156387484
2.15,26.487211811290187,51.4750124254552,29,15,75.2345785139886,902.0390919287174,97.23529842819909,11.370083527924336,0.05009517569663083,-0.049185334156387484
2.17,25.216684745428562,51.488858726320366,29,15,75.2345785139886,902.0390919287174,97.23529842819909,11.370083527924336,0.05009517569663083,-0.049185334156387484
2.17,23.66473957957706,51.48076958419951,29,15,75.2345785139886,902.0390919287174,97.23529842819909,11.370083527924336,0.05009517569663083,-0.049185334156387484
2.17,25.08775622356559,51.50283634184551,29,15,75.2345785139886,902.0390919287174,97.23529842819909,11.370083527924336,0.05009517569663083,-0.049185334156387484
2.17,26.610068173985866,51.49696321191484,29,15,75.2345785139886,902.0390919287174,97.23529842819909,11.370083527924336,0.05009517569663083,-0.049185334156387484
2.17,27.035840148762453,51.5216671003572,29,15,75.2345785139886,902.0390919287174,97.23529842819909,11.370083527924336,0.05009517569663083,-0.049185334156387484
2.17,29.017987704112606,51.527274613023884,29,15,75.2345785139886,902.0390919287174,97.23529842819909,11.370083527924336,0.05009517569663083,-0.049185334156387484
2.17,29.10361713107124,51.5094137842825,29,15,75.2345785139886,902.0390919287174,97.23529842819909,11.370083527924336,0.05009517569663083,-0.049185334156387484
2.18,28.797105008053254,51.49613748917747,29,15,75.2345785139886,902.0390919287174,97.23529842819909,11.370083527924336,0.05009517569663083,-0.049185334156387484
2.18,30.635987223921788,51.483842420948555,29,15,75.2345785139886,902.0390919287174,97.23529842819909,11.370083527924336,0.05009517569663083,-0.049185334156387484
2.18,28.987754245534912,51.49152354966877,29,15,75.2345785139886,902.0390919287174,97.23529842819909,11.370083527924336,0.05009517569663083,-0.049185334156387484
2.18,28.549564919165693,51.50556791583547,30,15,75.2345785139886,902.0390919287174,97.23529842819909,11.370083527924336,0.05009517569663083,-0.049185334156387484
2.18,29.561017715507276,51.508615286151695,30,15,75.2345785139886,902.0390919287174,97.23529842819909,11.370083527924336,0.05009517569663083,-0.049185334156387484
2.18,29.999732816525572,51.54335861176174,30,15,75.2345785139886,902.0390919287174,97.23529842819909,11.370083527924336,0.05009517569663083,-0.049185334156387484
2.18,29.58435413355094,51.553803186203716,30,15,75.2345785139886,902.0390919287174,97.23529842819909,11.370083527924336,0.05009517569663083,-0.049185334156387484
2.18,28.35898356490112,51.56186508215553,30,15,75.2345785139886,902.0390919287174,97.23529842819909,11.370083527924336,0.05009517569663083,-0.049185334156387484
2.18,30.165825693323022,51.591449789574874,30,15,75.2345785139886,902.0390919287174,97.23529842819909,11.370083527924336,0.05009517569663083,-0.049185334156387484
2.18,29.355082386192368,51.59517490541854,30,15,75.2345785139886,902.0390919287174,97.23529842819909,11.370083527924336,0.05009517569663083,-0.049185334156387484
2.20,30.85533183047823,51.60239690786593,30,15,75.2345785139886,902.0390919287174,97.23529842819909,11.370083527924336,0.05009517569663083,-0.049185334156387484
2.20,32.04413803125094,51.58711026478265,30,15,75.2345785139886,902.0390919287174,97.23529842819909,11.370083527924336,0.05009517569663083,-0.049185334156387484
2.20,31.016271783307435,51.59089990007705,30,15,75.2345785139886,902.0390919287174,97.23529842819909,11.370083527924336,0.05009517569663083,-0.049185334156387484
2.20,29.430583136501134,51.575377516215624,30,15,75.2345785139886,902.0390919287174,97.23529842819909,11.370083527924336,0.05009517569663083,-0.049185334156387484
2.20,28.951241573065342,51.60899627160961,30,15,75.2345785139886,902.0390919287174,97.23529842819909,11.370083527924336,0.05009517569663083,-0.049185334156387484
2.20,30.384480072625337,51.62103524483556,30,15,75.2345785139886,902.0390919287174,97.23529842819909,11.370083527924336,0.05009517569663083,-0.049185334156387484
2.20,29.087683171083892,51.638035814473405,30,15,75.2345785139886,902.0390919287174,97.23529842819909,11.370083527924336,0.05009517569663083,-0.049185334156387484
2.20,29.41577740704877,51.64836199598285,30,15,75.2345785139886,902.0390919287174,97.23529842819909,11.370083527924336,0.05009517569663083,-0.049185334156387484
2.20,30.608562819454423,51.6524434514156,30,15,75.2345785139886,902.0390919287174,97.23529842819909,11.370083527924336,0.05009517569663083,-0.049185334156387484
2.20,29.62102336638397,51.64950906077122,30,15,75.2345785139886,902.0390919287174,97.23529842819909,11.370083527924336,0.05009517569663083,-0.049185334156387484
2.22,29.82108189743413,51.653330261508444,30,15,75.2345785139886,902.0390919287174,97.23529842819909,11.370083527924336,0.05009517569663083,-0.049185334156387484
2.22,31.075278314372746,51.672369325512264,30,15,75.2345785139886,902.0390919287174,97.23529842819909,11.370083527924336,0.05009517569663083,-0.049185334156387484
2.22,29.71659766187141,51.70023180666281,30,15,75.2345785139886,902.0390919287174,97.23529842819909,11.370083527924336,0.05009517569663083,-0.049185334156387484
2.22,28.754385252728884,51.69581936845055,30,15,75.2345785139886,902.0390919287174,97.23529842819909,11.370083527924336,0.05009517569663083,-0.049185334156387484
2.22,27.608558513693403,51.685036508357165,30,15,75.2345785139886,902.0390919287174,97.23529842819909,11.370083527924336,0.05009517569663083,-0.049185334156387484
2.22,29.39689594147038,51.702742904413334,30,15,75.2345785139886,902.0390919287174,97.23529842819909,11.370083527924336,0.05009517569663083,-0.049185334156387484
2.22,28.29222953147866,51.720525733995146,30,15,75.2345785139886,902.0390919287174,97.23529842819909,11.370083527924336,0.05009517569663083,-0.049185334156387484
2.22,27.87419887205147,51.728891723026344,30,15,75.2345785139886,902.0390919287174,97.23529842819909,11.370083527924336,0.05009517569663083,-0.049185334156387484
2.22,26.161716253055054,51.746255970999805,30,15,75.2345785139886,902.0390919287174,97.23529842819909,11.370083527924336,0.05009517569663083,-0.049185334156387484
2.22,24.742462546594403,51.76082933941138,30,15,75.2345785139886,902.0390919287174,97.23529842819909,11.370083527924336,0.05009517569663083,-0.049185334156387484
2.23,24.930831182202386,51.78889790407381,30,15,75.2345785139886,902.0390919287174,97.23529842819909,11.370083527924336,0.05009517569663083,-0.049185334156387484
2.23,23.80727677712258,51.795632499034056,30,15,75.2345785139886,902.0390919287174,97.23529842819909,11.370083527924336,0.05009517569663083,-0.049185334156387484
2.23,25.256398831950403,51.78152226103129,30,15,75.2345785139886,902.0390919287174,97.23529842819909,11.370083527924336,0.05009517569663083,-0.049185334156387484
2.23,27.048015754022202,51.783240001937926,30,15,75.2345785139886,902.0390919287174,97.23529842819909,11.370083527924336,0.05009517569663083,-0.049185334156387484
2.23,26.56452136968494,51.82278765725815,30,15,75.2345785139886,902.0390919287174,97.23529842819909,11.370083527924336,0.05009517569663083,-0.049185334156387484
2.23,24.882929758912542,51.80870084718881,30,15,75.2345785139886,902.0390919287174,97.23529842819909,11.370083527924336,0.05009517569663083,-0.049185334156387484
2.23,25.495564535902115,51.79602687700052,30,15,75.2345785139886,902.0390919287174,97.23529842819909,11.370083527924336,0.05009517569663083,-0.049185334156387484
2.23,24.367144785845056,51.791577928015215,30,15,75.2345785139886,902.0390919287174,97.23529842819909,11.370083527924336,0.05009517569663083,-0.049185334156387484
2.23,23.659881080789088,51.78442033183636,30,15,75.2345785139886,902.0390919287174,97.23529842819909,11.370083527924336,0.05009517569663083,-0.049185334156387484
2.23,25.03169239243399,51.81533672417822,30,15,75.2345785139886,902.0390919287174,97.23529842819909,11.370083527924336,0.05009517569663083,-0.049185334156387484
2.25,25.391094306478355,51.81371676486918,30,15,75.2345785139886,902.0390919287174,97.23529842819909,11.370083527924336,0.05009517569663083,-0.049185334156387484
2.25,25.62368456796915,51.81130131181354,30,15,75.2345785139886,902.0390919287174,97.23529842819909,11.370083527924336,0.05009517569663083,-0.049185334156387484
2.25,26.82148002248137,51.803653651895125,30,15,75.2345785139886,902.0390919287174,97.23529842819909,11.370083527924336,0.05009517569663083,-0.049185334156387484
2.25,25.26648238905608,51.80735213073249,30,15,75.2345785139886,902.0390919287174,97.23529842819909,11.370083527924336,0.05009517569663083,-0.049185334156387484
2.25,24.388228402679086,51.812330350967294,30,15,75.2345785139886,902.0390919287174,97.23529842819909,11.370083527924336,0.05009517569663083,-0.049185334156387484
2.25,22.48134217043654,51.824217739743894,30,15,75.2345785139886,902.0390919287174,97.23529842819909,11.370083527924336,0.05009517569663083,-0.049185334156387484
2.25,24.13709954968196,51.847654403674476,30,15,75.2345785139886,902.0390919287174,97.23529842819909,11.370083527924336,0.05009517569663083,-0.049185334156387484
2.27,24.43955615540515,51.85199340807609,30,15,75.2345785139886,902.0390919287174,97.23529842819909,11.370083527924336,0.05009517569663083,-0.049185334156387484
2.27,25.498183187622192,51.86385513525247,30,15,75.2345785139886,902.0390919287174,97.23529842819909,11.370083527924336,0.05009517569663083,-0.049185334156387484
2.27,24.964413639059615,51.85164111836512,30,15,75.2345785139886,902.0390919287174,97.23529842819909,11.370083527924336,0.05009517569663083,-0.049185334156387484
2.27,23.793891729448937,51.863669127902746,30,15,75.2345785139886,902.0390919287174,97.23529842819909,11.370083527924336,0.05009517569663083,-0.049185334156387484
2.27,24.06233197799427,51.89042308543496,30,15,75.2345785139886,902.0390919287174,97.23529842819909,11.370083527924336,0.05009517569663083,-0.049185334156387484
2.27,23.442268247743996,51.9183639844769,30,15,75.2345785139886,902.0390919287174,97.23529842819909,11.370083527924336,0.05009517569663083,-0.049185334156387484
2.28,24.81655662227984,51.92465033877288,30,15,75.2345785139886,902.0390919287174,97.23529842819909,11.370083527924336,0.05009517569663083,-0.049185334156387484
2.28,25.295377954318962,51.92045173255818,30,15,75.2345785139886,902.0390919287174,97.23529842819909,11.370083527924336,0.05009517569663083,-0.049185334156387484
2.28,24.159675444736735,51.91779673096247,30,15,75.2345785139886,902.0390919287174,97.23529842819909,11.370083527924336,0.05009517569663083,-0.049185334156387484
2.28,22.439270407286347,51.93623973269793,30,15,75.2345785139886,902.0390919287174,97.23529842819909,11.370083527924336,0.05009517569663083,-0.049185334156387484
2.28,22.455119515183874,51.96239281594049,30,15,75.2345785139886,902.0390919287174,97.23529842819909,11.370083527924336,0.05009517569663083,-0.049185334156387484
2.28,22.197774639976842,51.955379661181226,30,15,75.2345785139886,902.0390919287174,97.23529842819909,11.370083527924336,0.05009517569663083,-0.049185334156387484
2.28,23.510170926105747,51.96712155107934,30,15,75.2345785139886,902.0390919287174,97.23529842819909,11.370083527924336,0.05009517569663083,-0.049185334156387484
2.30,24.21633458906926,51.95923758902385,30,15,75.2345785139886,902.0390919287174,97.23529842819909,11.370083527924336,0.05009517569663083,-0.049185334156387484
2.30,22.5623856306417,51.989456894827434,30,15,75.2345785139886,902.0390919287174,97.23529842819909,11.370083527924336,0.05009517569663083,-0.049185334156387484
2.30,23.514195233501365,51.97723208340783,30,15,75.2345785139886,902.0390919287174,97.23529842819909,11.370083527924336,0.05009517569663083,-0.049185334156387484
2.30,22.806448267381086,51.98616587832796,30,15,75.2345785139886,902.0390919287174,97.23529842819909,11.370083527924336,0.05009517569663083,-0.049185334156387484
2.30,21.641509075162382,52.006781021700945,30,15,75.2345785139886,902.0390919287174,97.23529842819909,11.370083527924336,0.05009517569663083,-0.049185334156387484
2.30,23.55751055340513,52.02524948565758,30,15,75.2345785139886,902.0390919287174,97.23529842819909,11.370083527924336,0.05009517569663083,-0.049185334156387484
2.30,23.746102364352506,52.013278659419896,30,15,75.2345785139886,902.0390919287174,97.23529842819909,11.370083527924336,0.05009517569663083,-0.049185334156387484
2.30,22.754837834758494,52.019785223430944,30,15,75.2345785139886,902.0390919287174,97.23529842819909,11.370083527924336,0.05009517569663083,-0.049185334156387484
2.30,23.985881944973965,52.01549776312431,30,15,75.2345785139886,902.0390919287174,97.23529842819909,11.370083527924336,0.05009517569663083,-0.049185334156387484
2.30,23.815930171084695,51.991273759088294,30,15,75.2345785139886,902.0390919287174,97.23529842819909,11.370083527924336,0.05009517569663083,-0.049185334156387484
2.32,22.466849678876017,51.993917853539415,30,15,75.2345785139886,902.0390919287174,97.23529842819909,11.370083527924336,0.05009517569663083,-0.049185334156387484
2.32,24.290037490899554,52.02088287805787,30,15,75.2345785139886,902.0390919287174,97.23529842819909,11.370083527924336,0.05009517569663083,-0.049185334156387484
2.32,25.150938251577443,52.03878698850701,30,15,75.2345785139886,902.0390919287174,97.23529842819909,11.370083527924336,0.05009517569663083,-0.049185334156387484
2.32,26.55869415570256,52.04910831164085,30,15,75.2345785139886,902.0390919287174,97.23529842819909,11.370083527924336,0.05009517569663083,-0.049185334156387484
2.32,26.903724574563373,52.04260645253324,30,15,75.2345785139886,902.0390919287174,97.23529842819909,11.370083527924336,0.05009517569663083,-0.049185334156387484
2.32,26.00143843775713,52.01764545397714,30,15,75.2345785139886,902.0390919287174,97.23529842819909,11.370083527924336,0.05009517569663083,-0.049185334156387484
2.32,25.99707361311743,52.018894548350886,30,15,75.2345785139886,902.0390919287174,97.23529842819909,11.370083527924336,0.05009517569663083,-0.049185334156387484
2.32,25.690755131524565,52.01518404006587,30,15,75.2345785139886,902.0390919287174,97.23529842819909,11.370083527924336,0.05009517569663083,-0.049185334156387484
2.32,27.047945332994495,52.02524451625715,31,15,75.2345785139886,902.0390919287174,97.23529842819909,11.370083527924336,0.05009517569663083,-0.049185334156387484
2.32,26.428879241864323,52.00437775497337,31,15,75.2345785139886,902.0390919287174,97.23529842819909,11.370083527924336,0.05009517569663083,-0.049185334156387484
2.33,27.580068967853357,52.008197347820214,31,15,75.2345785139886,902.0390919287174,97.23529842819909,11.370083527924336,0.05009517569663083,-0.049185334156387484
2.33,27.737979767053805,52.03720430243565,31,15,75.2345785139886,902.0390919287174,97.23529842819909,11.370083527924336,0.05009517569663083,-0.049185334156387484
2.33,25.916435789197465,52.05439391227293,31,15,75.2345785139886,902.0390919287174,97.23529842819909,11.370083527924336,0.05009517569663083,-0.049185334156387484
2.33,25.09992038764483,52.04450931064103,31,15,75.2345785139886,902.0390919287174,97.23529842819909,11.370083527924336,0.05009517569663083,-0.049185334156387484
2.33,25.195695474045976,52.03468181276554,31,15,75.2345785139886,902.0390919287174,97.23529842819909,11.370083527924336,0.05009517569663083,-0.049185334156387484
2.33,26.20916265177669,52.038607965686936,31,15,75.2345785139886,902.0390919287174,97.23529842819909,11.370083527924336,0.05009517569663083,-0.049185334156387484
2.33,26.101742714587168,52.04387461767332,31,15,75.2345785139886,902.0390919287174,97.23529842819909,11.370083527924336,0.05009517569663083,-0.049185334156387484
2.33,25.78440214512562,52.034703589378275,31,15,75.2345785139886,902.0390919287174,97.23529842819909,11.370083527924336,0.05009517569663083,-0.049185334156387484
2.33,27.703654883819947,52.02705339226581,31,15,75.2345785139886,902.0390919287174,97.23529842819909,11.370083527924336,0.05009517569663083,-0.049185334156387484
2.35,28.145429788465677,52.0031941149394,31,15,75.2345785139886,902.0390919287174,97.23529842819909,11.370083527924336,0.05009517569663083,-0.049185334156387484
2.35,29.620563472791208,51.97600124148909,31,15,75.2345785139886,902.0390919287174,97.23529842819909,11.370083527924336,0.05009517569663083,-0.049185334156387484
2.35,31.05557049892992,51.97627756289305,31,15,75.2345785139886,902.0390919287174,97.23529842819909,11.370083527924336,0.05009517569663083,-0.049185334156387484
2.35,31.678219634119905,51.96626902334001,31,15,75.2345785139886,902.0390919287174,97.23529842819909,11.370083527924336,0.05009517569663083,-0.049185334156387484
2.35,30.858877403183758,51.96325204686584,31,15,75.2345785139886,902.0390919287174,97.23529842819909,11.370083527924336,0.05009517569663083,-0.049185334156387484
2.35,29.309227858967677,51.96506692372263,31,15,75.2345785139886,902.0390919287174,97.23529842819909,11.370083527924336,0.05009517569663083,-0.049185334156387484
2.35,30.526097115101695,51.9934490278763,31,15,75.2345785139886,902.0390919287174,97.23529842819909,11.370083527924336,0.05009517569663083,-0.049185334156387484
2.35,28.72054613138047,52.00105435243095,31,15,75.2345785139886,902.0390919287174,97.23529842819909,11.370083527924336,0.05009517569663083,-0.049185334156387484
2.35,29.650180939423926,52.00106253669271,31,15,75.2345785139886,902.0390919287174,97.23529842819909,11.370083527924336,0.05009517569663083,-0.049185334156387484
2.37,31.346722728159712,52.00369250058621,31,15,75.2345785139886,902.0390919287174,97.23529842819909,11.370083527924336,0.05009517569663083,-0.049185334156387484
2.37,31.347776894942022,52.014442202333086,31,15,75.2345785139886,902.0390919287174,97.23529842819909,11.370083527924336,0.05009517569663083,-0.049185334156387484
2.37,31.628217711546753,52.01335245492086,31,15,75.2345785139886,902.0390919287174,97.23529842819909,11.370083527924336,0.05009517569663083,-0.049185334156387484
2.37,32.217049449140056,51.98960217629239,32,15,75.2345785139886,902.0390919287174,97.23529842819909,11.370083527924336,0.05009517569663083,-0.049185334156387484
2.37,30.41775395273069,51.96794670700336,32,15,75.2345785139886,902.0390919287174,97.23529842819909,11.370083527924336,0.05009517569663083,-0.049185334156387484
2.37,28.60349325756942,51.95738639506111,32,15,75.2345785139886,902.0390919287174,97.23529842819909,11.370083527924336,0.05009517569663083,-0.049185334156387484
2.37,29.877988444565098,51.95862134021682,32,15,75.2345785139886,902.0390919287174,97.23529842819909,11.370083527924336,0.05009517569663083,-0.049185334156387484
2.37,28.673333400494368,51.92837807170004,32,15,75.2345785139886,902.0390919287174,97.23529842819909,11.370083527924336,0.05009517569663083,-0.049185334156387484
2.38,29.749012259553766,51.93853878940958,32,15,75.2345785139886,902.0390919287174,97.23529842819909,11.370083527924336,0.05009517569663083,-0.049185334156387484
2.38,28.38796770823597,51.92772911639439,32,15,75.2345785139886,902.0390919287174,97.23529842819909,11.370083527924336,0.05009517569663083,-0.049185334156387484
2.38,28.22502203239881,51.92790327080552,32,15,75.2345785139886,902.0390919287174,97.23529842819909,11.370083527924336,0.05009517569663083,-0.049185334156387484
2.38,26.460606224235274,51.924052801257986,32,15,75.2345785139886,902.0390919287174,97.23529842819909,11.370083527924336,0.05009517569663083,-0.049185334156387484
2.38,27.839022201736466,51.946524830406524,32,15,75.2345785139886,902.0390919287174,97.23529842819909,11.370083527924336,0.05009517569663083,-0.049185334156387484
2.38,27.017961479720007,51.96687083618363,33,15,75.2345785139886,902.0390919287174,97.23529842819909,11.370083527924336,0.05009517569663083,-0.049185334156387484
2.38,26.25814927166855,51.93703576334481,33,15,75.2345785139886,902.0390919287174,97.23529842819909,11.370083527924336,0.05009517569663083,-0.049185334156387484
2.38,25.51938495661501,51.96216125856448,33,15,75.2345785139886,902.0390919287174,97.23529842819909,11.370083527924336,0.05009517569663083,-0.049185334156387484
2.38,25.721722566992863,51.98142168048872,33,15,75.2345785139886,902.0390919287174,97.23529842819909,11.370083527924336,0.05009517569663083,-0.049185334156387484
2.38,27.38894284840037,51.997482666396486,33,15,75.2345785139886,902.0390919287174,97.23529842819909,11.370083527924336,0.05009517569663083,-0.049185334156387484
2.40,26.294433668103675,51.98254902496176,33,15,75.2345785139886,902.0390919287174,97.23529842819909,11.370083527924336,0.05009517569663083,-0.049185334156387484
2.40,25.33374289383087,52.00687923219264,33,15,75.2345785139886,902.0390919287174,97.23529842819909,11.370083527924336,0.05009517569663083,-0.049185334156387484
2.40,26.21629952504379,52.00057689803441,33,15,75.2345785139886,902.0390919287174,97.23529842819909,11.370083527924336,0.05009517569663083,-0.049185334156387484
2.40,25.158063053541827,52.01765910360576,33,15,75.2345785139886,902.0390919287174,97.23529842819909,11.370083527924336,0.05009517569663083,-0.049185334156387484
2.40,24.3102503176795,52.01886321000263,33,15,75.2345785139886,902.0390919287174,97.23529842819909,11.370083527924336,0.05009517569663083,-0.049185334156387484
2.40,22.71495655644823,52.05290646629832,33,15,75.2345785139886,902.0390919287174,97.23529842819909,11.370083527924336,0.05009517569663083,-0.049185334156387484
2.40,21.96015286790693,52.042240515206224,33,15,75.2345785139886,902.0390919287174,97.23529842819909,11.370083527924336,0.05009517569663083,-0.049185334156387484
2.40,23.75018698637087,52.01657015274999,33,15,75.2345785139886,902.0390919287174,97.23529842819909,11.370083527924336,0.05009517569663083,-0.049185334156387484
2.40,24.998443392287506,52.002306570062814,33,15,75.2345785139886,902.0390919287174,97.23529842819909,11.370083527924336,0.05009517569663083,-0.049185334156387484
2.40,25.644952605575813,51.98941190131315,33,15,75.2345785139886,902.0390919287174,97.23529842819909,11.370083527924336,0.05009517569663083,-0.049185334156387484
2.42,26.50835955009293,51.99214613832894,33,15,75.2345785139886,902.0390919287174,97.23529842819909,11.370083527924336,0.05009517569663083,-0.049185334156387484
2.42,25.882004885850847,52.00460756747845,33,15,75.2345785139886,902.0390919287174,97.23529842819909,11.370083527924336,0.05009517569663083,-0.049185334156387484
2.42,26.686356751186942,52.000470853650455,33,15,75.2345785139886,902.0390919287174,97.23529842819909,11.370083527924336,0.05009517569663083,-0.049185334156387484
2.42,28.42044331364778,51.992910117574375,33,15,75.2345785139886,902.0390919287174,97.23529842819909,11.370083527924336,0.05009517569663083,-0.049185334156387484
2.42,28.08888144883496,52.01796806659393,33,15,75.2345785139886,902.0390919287174,97.23529842819909,11.370083527924336,0.05009517569663083,-0.049185334156387484
2.42,29.953269296446855,52.02180863668455,33,15,75.2345785139886,902.0390919287174,97.23529842819909,11.370083527924336,0.05009517569663083,-0.049185334156387484
2.42,30.662702504776433,52.041841713156735,33,15,75.2345785139886,902.0390919287174,97.23529842819909,11.370083527924336,0.05009517569663083,-0.049185334156387484
2.42,31.77419408197892,52.04581400040099,33,15,75.2345785139886,902.0390919287174,97.23529842819909,11.370083527924336,0.05009517569663083,-0.049185334156387484
2.42,29.9122761628851,52.04256677257956,33,15,75.2345785139886,902.0390919287174,97.23529842819909,11.370083527924336,0.05009517569663083,-0.049185334156387484
2.42,28.500637358686944,52.06363094348784,33,15,75.2345785139886,902.0390919287174,97.23529842819909,11.370083527924336,0.05009517569663083,-0.049185334156387484
2.43,28.115039327779478,52.07319113661762,33,15,75.2345785139886,902.0390919287174,97.23529842819909,11.370083527924336,0.05009517569663083,-0.049185334156387484
2.43,29.354530441557188,52.09765264778218,33,15,75.2345785139886,902.0390919287174,97.23529842819909,11.370083527924336,0.05009517569663083,-0.049185334156387484
2.43,30.575660722649047,52.07143684384468,34,15,75.2345785139886,902.0390919287174,97.23529842819909,11.370083527924336,0.05009517569663083,-0.049185334156387484
2.43,31.1097849860348,52.073336091224846,34,15,75.2345785139886,902.0390919287174,97.23529842819909,11.370083527924336,0.05009517569663083,-0.049185334156387484
2.43,30.275945356436743,52.0721669638529,34,15,75.2345785139886,902.0390919287174,97.23529842819909,11.370083527924336,0.05009517569663083,-0.049185334156387484
2.43,28.32814561172662,52.08857171819148,34,15,75.2345785139886,902.0390919287174,97.23529842819909,11.370083527924336,0.05009517569663083,-0.049185334156387484
2.43,29.49807251089174,52.11461369721738,34,15,75.2345785139886,902.0390919287174,97.23529842819909,11.370083527924336,0.05009517569663083,-0.049185334156387484
2.43,29.573702200301533,52.11236528489725,34,15,75.2345785139886,902.0390919287174,97.23529842819909,11.370083527924336,0.05009517569663083,-0.049185334156387484
2.43,30.86016873383829,52.118500646976145,34,15,75.2345785139886,902.0390919287174,97.23529842819909,11.370083527924336,0.05009517569663083,-0.049185334156387484
2.43,28.898919575856908,52.124300217710555,34,15,75.2345785139886,902.0390919287174,97.23529842819909,11.370083527924336,0.05009517569663083,-0.049185334156387484
2.45,30.18942027257718,52.12709928389795,34,16,75.2345785139886,902.0390919287174,97.23529842819909,11.370083527924336,0.05009517569663083,-0.049185334156387484
2.45,30.397216977387348,52.14042061927042,34,16,75.2345785139886,902.0390919287174,97.23529842819909,11.370083527924336,0.05009517569663083,-0.049185334156387484
2.45,30.37537240215384,52.160857075159974,34,16,75.2345785139886,902.0390919287174,97.23529842819909,11.370083527924336,0.05009517569663083,-0.049185334156387484
2.45,28.90077640307528,52.16516755765772,34,16,75.2345785139886,902.0390919287174,97.23529842819909,11.370083527924336,0.05009517569663083,-0.049185334156387484
2.45,27.681773696917194,52.171445172634705,34,16,75.2345785139886,902.0390919287174,97.23529842819909,11.370083527924336,0.05009517569663083,-0.049185334156387484
2.45,27.272425877639975,52.153700714592084,34,16,75.2345785139886,902.0390919287174,97.23529842819909,11.370083527924336,0.05009517569663083,-0.049185334156387484
2.45,27.870326614683126,52.1463385879094,34,16,75.2345785139886,902.0390919287174,97.23529842819909,11.370083527924336,0.05009517569663083,-0.049185334156387484
2.45,27.912410536242447,52.16645020655843,34,16,75.2345785139886,902.0390919287174,97.23529842819909,11.370083527924336,0.05009517569663083,-0.049185334156387484
2.45,28.20989452701801,52.1719436129599,34,16,75.2345785139886,902.0390919287174,97.23529842819909,11.370083527924336,0.05009517569663083,-0.049185334156387484
2.45,29.60073402298861,52.175092315554664,34,16,75.2345785139886,902.0390919287174,97.23529842819909,11.370083527924336,0.05009517569663083,-0.049185334156387484
2.47,29.50395851865854,52.19505849933587,34,16,75.2345785139886,902.0390919287174,97.23529842819909,11.370083527924336,0.05009517569663083,-0.049185334156387484
2.47,30.908992873485786,52.19688487733919,34,16,75.2345785139886,902.0390919287174,97.23529842819909,11.370083527924336,0.05009517569663083,-0.049185334156387484
2.47,29.378745205629627,52.18823594449802,34,16,75.2345785139886,902.0390919287174,97.23529842819909,11.370083527924336,0.05009517569663083,-0.049185334156387484
2.47,27.91946993547416,52.179928987093525,34,16,75.2345785139886,902.0390919287174,97.23529842819909,11.370083527924336,0.05009517569663083,-0.049185334156387484
2.47,26.570079044098673,52.194429500564866,34,16,75.2345785139886,902.0390919287174,97.23529842819909,11.370083527924336,0.05009517569663083,-0.049185334156387484
2.47,28.509281021906745,52.204055634062456,34,16,75.2345785139886,902.0390919287174,97.23529842819909,11.370083527924336,0.05009517569663083,-0.049185334156387484
2.47,27.015944716742318,52.19802009894976,34,16,75.2345785139886,902.0390919287174,97.23529842819909,11.370083527924336,0.05009517569663083,-0.049185334156387484
2.47,26.999356050445645,52.193080919696754,34,16,75.2345785139886,902.0390919287174,97.23529842819909,11.370083527924336,0.05009517569663083,-0.049185334156387484
2.47,27.13395670017154,52.18903613641063,35,16,75.2345785139886,902.0390919287174,97.23529842819909,11.370083527924336,0.05009517569663083,-0.049185334156387484
2.47,27.587077780798175,52.18572851033117,35,16,75.2345785139886,902.0390919287174,97.23529842819909,11.370083527924336,0.05009517569663083,-0.049185334156387484
2.48,28.890395577319506,52.19305299120769,35,16,75.2345785139886,902.0390919287174,97.23529842819909,11.370083527924336,0.05009517569663083,-0.049185334156387484
2.48,28.602100876209178,52.21259567545525,35,16,75.2345785139886,902.0390919287174,97.23529842819909,11.370083527924336,0.05009517569663083,-0.049185334156387484
2.48,26.97931611352995,52.21109436483135,36,16,75.2345785139886,902.0390919287174,97.23529842819909,11.370083527924336,0.05009517569663083,-0.049185334156387484
2.48,26.638397287123215,52.221044247858025,36,16,75.2345785139886,902.0390919287174,97.23529842819909,11.370083527924336,0.05009517569663083,-0.049185334156387484
2.48,25.27465843345159,52.225099233299105,36,16,75.2345785139886,902.0390919287174,97.23529842819909,11.370083527924336,0.05009517569663083,-0.049185334156387484
2.48,23.775788186444423,52.23059248782457,36,16,75.2345785139886,902.0390919287174,97.23529842819909,11.370083527924336,0.05009517569663083,-0.049185334156387484
2.48,24.910185516023517,52.222662614390075,36,16,75.2345785139886,902.0390919287174,97.23529842819909,11.370083527924336,0.05009517569663083,-0.049185334156387484
2.50,24.762265030434083,52.21639166146836,37,16,75.2345785139886,902.0390919287174,97.23529842819909,11.370083527924336,0.05009517569663083,-0.049185334156387484
2.50,23.053766961608506,52.200861981042564,37,16,75.2345785139886,902.0390919287174,97.23529842819909,11.370083527924336,0.05009517569663083,-0.049185334156387484
2.50,22.991381458445602,52.20524257420475,37,16,75.2345785139886,902.0390919287174,97.23529842819909,11.370083527924336,0.05009517569663083,-0.049185334156387484
2.50,21.698990919003627,52.193628980052786,37,16,75.2345785139886,902.0390919287174,97.23529842819909,11.370083527924336,0.05009517569663083,-0.049185334156387484
2.50,22.14658995902736,52.195186921490546,37,16,75.2345785139886,902.0390919287174,97.23529842819909,11.370083527924336,0.05009517569663083,-0.049185334156387484
2.50,24.1319212994893,52.194168192652285,37,16,75.2345785139886,902.0390919287174,97.23529842819909,11.370083527924336,0.05009517569663083,-0.049185334156387484
2.50,23.867963049565354,52.186605702451516,37,16,75.2345785139886,902.0390919287174,97.23529842819909,11.370083527924336,0.05009517569663083,-0.049185334156387484
2.50,23.247527984224895,52.17932295009933,37,16,75.2345785139886,902.0390919287174,97.23529842819909,11.370083527924336,0.05009517569663083,-0.049185334156387484
2.50,22.756978529413843,52.16495844539363,37,16,75.2345785139886,902.0390919287174,97.23529842819909,11.370083527924336,0.05009517569663083,-0.049185334156387484
2.52,23.590212395761768,52.17775642902004,37,16,75.2345785139886,902.0390919287174,97.23529842819909,11.370083527924336,0.05009517569663083,-0.049185334156387484
2.52,24.102269172647524,52.17651636248849,37,16,75.2345785139886,902.0390919287174,97.23529842819909,11.370083527924336,0.05009517569663083,-0.049185334156387484
2.52,22.44824130808918,52.15571137160371,37,16,75.2345785139886,902.0390919287174,97.23529842819909,11.370083527924336,0.05009517569663083,-0.049185334156387484
2.52,23.540736761651516,52.16803071336018,37,16,75.2345785139886,902.0390919287174,97.23529842819909,11.370083527924336,0.05009517569663083,-0.049185334156387484
2.52,22.976316321645022,52.156052249025855,38,16,75.2345785139886,902.0390919287174,97.23529842819909,11.370083527924336,0.05009517569663083,-0.049185334156387484
2.52,24.542430946379937,52.151851368813034,38,16,75.2345785139886,902.0390919287174,97.23529842819909,11.370083527924336,0.05009517569663083,-0.049185334156387484
2.52,23.378977728338175,52.12792930384485,38,16,75.2345785139886,902.0390919287174,97.23529842819909,11.370083527924336,0.05009517569663083,-0.049185334156387484
2.52,24.436754708881676,52.120236175381905,38,16,75.2345785139886,902.0390919287174,97.23529842819909,11.370083527924336,0.05009517569663083,-0.049185334156387484
2.52,23.546359039282226,52.09765166555617,38,16,75.2345785139886,902.0390919287174,97.23529842819909,11.370083527924336,0.05009517569663083,-0.049185334156387484
2.53,22.825693165333462,52.1155327321835,38,16,75.2345785139886,902.0390919287174,97.23529842819909,11.370083527924336,0.05009517569663083,-0.049185334156387484
2.53,21.83140753331896,52.1137983150235,38,16,75.2345785139886,902.0390919287174,97.23529842819909,11.370083527924336,0.05009517569663083,-0.049185334156387484
2.53,20.557022915680818,52.108787761130785,38,16,75.2345785139886,902.0390919287174,97.23529842819909,11.370083527924336,0.05009517569663083,-0.049185334156387484
2.53,19.66629191557311,52.10496385454083,38,16,75.2345785139886,902.0390919287174,97.23529842819909,11.370083527924336,0.05009517569663083,-0.049185334156387484
2.53,20.01384375747603,52.103152894481696,38,16,75.2345785139886,902.0390919287174,97.23529842819909,11.370083527924336,0.05009517569663083,-0.049185334156387484
2.53,21.977686308961605,52.101228961928456,38,16,75.2345785139886,902.0390919287174,97.23529842819909,11.370083527924336,0.05009517569663083,-0.049185334156387484
2.53,22.131091219015392,52.11103729984616,38,16,75.2345785139886,902.0390919287174,97.23529842819909,11.370083527924336,0.05009517569663083,-0.049185334156387484
2.53,23.05044288331066,52.122445548182405,38,16,75.2345785139886,902.0390919287174,97.23529842819909,11.370083527924336,0.05009517569663083,-0.049185334156387484
2.53,21.840301756074382,52.109652257845184,38,16,75.2345785139886,902.0390919287174,97.23529842819909,11.370083527924336,0.05009517569663083,-0.049185334156387484
2.55,23.192130150032803,52.10611738269043,38,16,75.2345785139886,902.0390919287174,97.23529842819909,11.370083527924336,0.05009517569663083,-0.049185334156387484
2.55,21.239497417402738,52.114214862765465,38,16,75.2345785139886,902.0390919287174,97.23529842819909,11.370083527924336,0.05009517569663083,-0.049185334156387484
2.55,19.916417943596983,52.113062875601585,38,16,75.2345785139886,902.0390919287174,97.23529842819909,11.370083527924336,0.05009517569663083,-0.049185334156387484
2.55,19.427358951507603,52.12229361058282,38,16,75.2345785139886,902.0390919287174,97.23529842819909,11.370083527924336,0.05009517569663083,-0.049185334156387484
2.55,21.170033050348017,52.11698706135302,38,16,75.2345785139886,902.0390919287174,97.23529842819909,11.370083527924336,0.05009517569663083,-0.049185334156387484
2.55,22.4994043018864,52.12328660613497,38,16,75.2345785139886,902.0390919287174,97.23529842819909,11.370083527924336,0.05009517569663083,-0.049185334156387484
2.55,22.809221506732577,52.111917924809404,38,16,75.2345785139886,902.0390919287174,97.23529842819909,11.370083527924336,0.05009517569663083,-0.049185334156387484
2.55,20.997110413479152,52.12344441149522,38,16,75.2345785139886,902.0390919287174,97.23529842819909,11.370083527924336,0.05009517569663083,-0.049185334156387484
2.55,21.98578084647998,52.11450738444944,38,16,75.2345785139886,902.0390919287174,97.23529842819909,11.370083527924336,0.05009517569663083,-0.049185334156387484
2.55,21.478188876979818,52.12948716368196,38,16,75.2345785139886,902.0390919287174,97.23529842819909,11.370083527924336,0.05009517569663083,-0.049185334156387484
2.57,22.286473973926867,52.12427083741715,39,16,75.2345785139886,902.0390919287174,97.23529842819909,11.370083527924336,0.05009517569663083,-0.049185334156387484
2.57,23.619382765477198,52.106948368930425,39,16,75.2345785139886,902.0390919287174,97.23529842819909,11.370083527924336,0.05009517569663083,-0.049185334156387484
2.57,22.429286474085753,52.081790161991776,39,16,75.2345785139886,902.0390919287174,97.23529842819909,11.370083527924336,0.05009517569663083,-0.049185334156387484
2.57,23.307443491197677,52.11358278582353,39,16,75.2345785139886,902.0390919287174,97.23529842819909,11.370083527924336,0.05009517569663083,-0.049185334156387484
2.57,21.96390806846678,52.12109057154737,39,16,75.2345785139886,902.0390919287174,97.23529842819909,11.370083527924336,0.05009517569663083,-0.049185334156387484
2.57,22.81407753435453,52.11504649101169,39,16,75.2345785139886,902.0390919287174,97.23529842819909,11.370083527924336,0.05009517569663083,-0.049185334156387484
2.57,21.793607511629403,52.13145785737221,39,16,75.2345785139886,902.0390919287174,97.23529842819909,11.370083527924336,0.05009517569663083,-0.049185334156387484
2.57,22.55568074866675,52.116334523210625,39,16,75.2345785139886,902.0390919287174,97.23529842819909,11.370083527924336,0.05009517569663083,-0.049185334156387484
2.57,22.2060976549168,52.11715915760823,39,16,75.2345785139886,902.0390919287174,97.23529842819909,11.370083527924336,0.05009517569663083,-0.049185334156387484
2.57,23.22488634020243,52.10051871537488,39,16,75.2345785139886,902.0390919287174,97.23529842819909,11.370083527924336,0.05009517569663083,-0.049185334156387484
2.58,22.28710581225239,52.098138185926004,39,16,75.2345785139886,902.0390919287174,97.23529842819909,11.370083527924336,0.05009517569663083,-0.049185334156387484
2.58,21.15582613553231,52.07574816840808,39,16,75.2345785139886,902.0390919287174,97.23529842819909,11.370083527924336,0.05009517569663083,-0.049185334156387484
2.58,20.81405037890548,52.07100586178108,39,16,75.2345785139886,902.0390919287174,97.23529842819909,11.370083527924336,0.05009517569663083,-0.049185334156387484
2.58,22.538363207013735,52.096214920161714,39,16,75.2345785139886,902.0390919287174,97.23529842819909,11.370083527924336,0.05009517569663083,-0.049185334156387484
2.58,23.49118147905404,52.09344086174436,39,16,75.2345785139886,902.0390919287174,97.23529842819909,11.370083527924336,0.05009517569663083,-0.049185334156387484
2.58,24.422312158622564,52.10088211177301,39,16,75.2345785139886,902.0390919287174,97.23529842819909,11.370083527924336,0.05009517569663083,-0.049185334156387484
2.58,22.963941670997457,52.132090000572404,39,16,75.2345785139886,902.0390919287174,97.23529842819909,11.370083527924336,0.05009517569663083,-0.049185334156387484
2.58,23.2860961449984,52.125948046590814,39,16,75.2345785139886,902.0390919287174,97.23529842819909,11.370083527924336,0.05009517569663083,-0.049185334156387484
2.60,25.27941881889582,52.130666416718775,39,16,75.2345785139886,902.0390919287174,97.23529842819909,11.370083527924336,0.05009517569663083,-0.049185334156387484
2.60,26.43025619923005,52.11965601232394,39,16,75.2345785139886,902.0390919287174,97.23529842819909,11.370083527924336,0.05009517569663083,-0.049185334156387484
2.62,27.44191679747464,52.133230537650775,39,16,75.2345785139886,902.0390919287174,97.23529842819909,11.370083527924336,0.05009517569663083,-0.049185334156387484
2.62,27.49425830964048,52.14657934770516,39,16,75.2345785139886,902.0390919287174,97.23529842819909,11.370083527924336,0.05009517569663083,-0.049185334156387484
2.62,26.2426838606444,52.16195633226947,39,16,75.2345785139886,902.0390919287174,97.23529842819909,11.370083527924336,0.05009517569663083,-0.049185334156387484
2.62,26.313845162450257,52.15873144322395,39,16,75.2345785139886,902.0390919287174,97.23529842819909,11.370083527924336,0.05009517569663083,-0.049185334156387484
2.63,25.399355760223933,52.18464693106785,39,16,75.2345785139886,902.0390919287174,97.23529842819909,11.370083527924336,0.05009517569663083,-0.049185334156387484
2.63,23.423017541384837,52.188014845093335,39,16,75.2345785139886,902.0390919287174,97.23529842819909,11.370083527924336,0.05009517569663083,-0.049185334156387484
2.63,22.94487854816114,52.19589333272573,39,16,75.2345785139886,902.0390919287174,97.23529842819909,11.370083527924336,0.05009517569663083,-0.049185334156387484
2.65,21.37185154392832,52.2229591429627,39,16,75.2345785139886,902.0390919287174,97.23529842819909,11.370083527924336,0.05009517569663083,-0.049185334156387484
2.65,19.79562586354455,52.22665960675322,39,16,75.2345785139886,902.0390919287174,97.23529842819909,11.370083527924336,0.05009517569663083,-0.049185334156387484
2.65,21.5917376153149,52.228741332660476,39,16,75.2345785139886,902.0390919287174,97.23529842819909,11.370083527924336,0.05009517569663083,-0.049185334156387484
2.65,23.108646774638167,52.2111506602348,39,16,75.2345785139886,902.0390919287174,97.23529842819909,11.370083527924336,0.05009517569663083,-0.049185334156387484
2.65,22.618954208983553,52.20495626197101,39,16,75.2345785139886,902.0390919287174,97.23529842819909,11.370083527924336,0.05009517569663083,-0.049185334156387484
2.67,22.714681495445653,52.206245589873255,39,16,75.2345785139886,902.0390919287174,97.23529842819909,11.370083527924336,0.05009517569663083,-0.049185334156387484
2.67,24.025858964642556,52.216060220710645,39,16,75.2345785139886,902.0390919287174,97.23529842819909,11.370083527924336,0.05009517569663083,-0.049185334156387484
2.67,23.680524555818543,52.21014854201168,39,16,75.2345785139886,902.0390919287174,97.23529842819909,11.370083527924336,0.05009517569663083,-0.049185334156387484
2.68,22.562853061604518,52.196715511364744,39,16,75.2345785139886,902.0390919287174,97.23529842819909,11.370083527924336,0.05009517569663083,-0.049185334156387484
2.68,22.731955567940414,52.21429230594208,39,16,75.2345785139886,902.0390919287174,97.23529842819909,11.370083527924336,0.05009517569663083,-0.049185334156387484
2.68,24.128295981517912,52.22299186912124,39,16,75.2345785139886,902.0390919287174,97.23529842819909,11.370083527924336,0.05009517569663083,-0.049185334156387484
2.68,25.04024606483636,52.23673378804781,39,16,75.2345785139886,902.0390919287174,97.23529842819909,11.370083527924336,0.05009517569663083,-0.049185334156387484
2.68,26.851692217104652,52.24915091512205,39,16,75.2345785139886,902.0390919287174,97.23529842819909,11.370083527924336,0.05009517569663083,-0.049185334156387484
2.68,26.14639154317642,52.24642776794219,39,16,75.2345785139886,902.0390919287174,97.23529842819909,11.370083527924336,0.05009517569663083,-0.049185334156387484
2.68,25.646955843985765,52.22592306267607,39,16,75.2345785139886,902.0390919287174,97.23529842819909,11.370083527924336,0.05009517569663083,-0.049185334156387484
2.68,27.196347546187738,52.23163152593699,39,16,75.2345785139886,902.0390919287174,97.23529842819909,11.370083527924336,0.05009517569663083,-0.049185334156387484
2.68,28.643609368217298,52.21578863941259,39,16,75.2345785139886,902.0390919287174,97.23529842819909,11.370083527924336,0.05009517569663083,-0.049185334156387484
2.70,27.859892068786035,52.20054119945094,39,16,75.2345785139886,902.0390919287174,97.23529842819909,11.370083527924336,0.05009517569663083,-0.049185334156387484
2.70,25.958130752094025,52.21800293582026,39,16,75.2345785139886,902.0390919287174,97.23529842819909,11.370083527924336,0.05009517569663083,-0.049185334156387484
2.70,25.94954437129813,52.214708885849724,39,16,75.2345785139886,902.0390919287174,97.23529842819909,11.370083527924336,0.05009517569663083,-0.049185334156387484
2.70,25.996242887066742,52.194471445824796,39,16,75.2345785139886,902.0390919287174,97.23529842819909,11.370083527924336,0.05009517569663083,-0.049185334156387484
2.70,27.656928908773686,52.17631104764396,39,16,75.2345785139886,902.0390919287174,97.23529842819909,11.370083527924336,0.05009517569663083,-0.049185334156387484
2.70,28.764914832140306,52.16187395997755,39,16,75.2345785139886,902.0390919287174,97.23529842819909,11.370083527924336,0.05009517569663083,-0.049185334156387484
2.70,29.618080043483484,52.176818057685864,39,16,75.2345785139886,902.0390919287174,97.23529842819909,11.370083527924336,0.05009517569663083,-0.049185334156387484
2.70,30.75561594320711,52.19486899357046,39,16,75.2345785139886,902.0390919287174,97.23529842819909,11.370083527924336,0.05009517569663083,-0.049185334156387484
2.70,31.506708002298307,52.20276640608616,39,16,75.2345785139886,902.0390919287174,97.23529842819909,11.370083527924336,0.05009517569663083,-0.049185334156387484
2.70,30.873999478735186,52.20418634832332,39,16,75.2345785139886,902.0390919287174,97.23529842819909,11.370083527924336,0.05009517569663083,-0.049185334156387484
2.72,31.434717835416805,52.190528556386916,39,16,75.2345785139886,902.0390919287174,97.23529842819909,11.370083527924336,0.05009517569663083,-0.049185334156387484
2.72,31.82772652637847,52.18553818911152,39,17,75.2345785139886,902.0390919287174,97.23529842819909,11.370083527924336,0.05009517569663083,-0.049185334156387484
2.72,32.109059802985975,52.16683315144136,39,17,75.2345785139886,902.0390919287174,97.23529842819909,11.370083527924336,0.05009517569663083,-0.049185334156387484
2.72,31.2240197882951,52.15718074445491,39,17,75.2345785139886,902.0390919287174,97.23529842819909,11.370083527924336,0.05009517569663083,-0.049185334156387484
2.72,32.74868529978916,52.15441977219213,39,17,75.2345785139886,902.0390919287174,97.23529842819909,11.370083527924336,0.05009517569663083,-0.049185334156387484
2.72,33.269404838798856,52.147290430532976,39,17,75.2345785139886,902.0390919287174,97.23529842819909,11.370083527924336,0.05009517569663083,-0.049185334156387484
2.72,34.64935023382728,52.143115915482724,39,17,75.2345785139886,902.0390919287174,97.23529842819909,11.370083527924336,0.05009517569663083,-0.049185334156387484
2.72,35,52.14007726115006,39,17,75.2345785139886,902.0390919287174,97.23529842819909,11.370083527924336,0.05009517569663083,-0.049185334156387484
2.72,35,52.13020474902555,39,17,75.2345785139886,902.0390919287174,97.23529842819909,11.370083527924336,0.05009517569663083,-0.049185334156387484
2.72,34.62559188220456,52.12351310030106,39,17,75.2345785139886,902.0390919287174,97.23529842819909,11.370083527924336,0.05009517569663083,-0.049185334156387484
2.73,33.003250616158525,52.13433826053738,39,17,75.2345785139886,902.0390919287174,97.23529842819909,11.370083527924336,0.05009517569663083,-0.049185334156387484
2.73,31.083359953216338,52.14453305846366,39,17,75.2345785139886,902.0390919287174,97.23529842819909,11.370083527924336,0.05009517569663083,-0.049185334156387484
2.73,30.08585887431863,52.140410210837956,39,17,75.2345785139886,902.0390919287174,97.23529842819909,11.370083527924336,0.05009517569663083,-0.049185334156387484
2.73,31.809268081664985,52.14536335245776,39,17,75.2345785139886,902.0390919287174,97.23529842819909,11.370083527924336,0.05009517569663083,-0.049185334156387484
2.73,33.73992040833004,52.14183164108472,40,17,75.2345785139886,902.0390919287174,97.23529842819909,11.370083527924336,0.05009517569663083,-0.049185334156387484
2.73,34.74546823313634,52.13810625455968,40,17,75.2345785139886,902.0390919287174,97.23529842819909,11.370083527924336,0.05009517569663083,-0.049185334156387484
2.73,33.695192790922476,52.15435033612125,40,17,75.2345785139886,902.0390919287174,97.23529842819909,11.370083527924336,0.05009517569663083,-0.049185334156387484
2.73,32.22124515050232,52.12624136542731,40,17,75.2345785139886,902.0390919287174,97.23529842819909,11.370083527924336,0.05009517569663083,-0.049185334156387484
2.73,31.920801878679022,52.13502866133783,40,17,75.2345785139886,902.0390919287174,97.23529842819909,11.370083527924336,0.05009517569663083,-0.049185334156387484
2.73,33.56784224998259,52.154067156800075,40,17,75.2345785139886,902.0390919287174,97.23529842819909,11.370083527924336,0.05009517569663083,-0.049185334156387484
2.75,34.340070799406206,52.168269444479684,40,17,75.2345785139886,902.0390919287174,97.23529842819909,11.370083527924336,0.05009517569663083,-0.049185334156387484
2.75,35,52.189225235142146,40,17,75.2345785139886,902.0390919287174,97.23529842819909,11.370083527924336,0.05009517569663083,-0.049185334156387484
2.75,35,52.17308393000599,40,17,75.2345785139886,902.0390919287174,97.23529842819909,11.370083527924336,0.05009517569663083,-0.049185334156387484
2.75,34.625564951393955,52.158750427858344,41,17,75.2345785139886,902.0390919287174,97.23529842819909,11.370083527924336,0.05009517569663083,-0.049185334156387484
2.75,34.50305533884038,52.14742585202271,41,17,75.2345785139886,902.0390919287174,97.23529842819909,11.370083527924336,0.05009517569663083,-0.049185334156387484
2.75,32.82681841207015,52.13797742939864,41,17,75.2345785139886,902.0390919287174,97.23529842819909,11.370083527924336,0.05009517569663083,-0.049185334156387484
2.75,31.06829436864186,52.131301626324415,41,17,75.2345785139886,902.0390919287174,97.23529842819909,11.370083527924336,0.05009517569663083,-0.049185334156387484
2.75,32.80566942428319,52.12821512708558,41,17,75.2345785139886,902.0390919287174,97.23529842819909,11.370083527924336,0.05009517569663083,-0.049185334156387484
2.75,34.27666415916528,52.12884946511322,41,17,75.2345785139886,902.0390919287174,97.23529842819909,11.370083527924336,0.05009517569663083,-0.049185334156387484
2.77,34.240260933973005,52.13745321822545,41,17,75.2345785139886,902.0390919287174,97.23529842819909,11.370083527924336,0.05009517569663083,-0.049185334156387484
2.77,35,52.14942038168836,41,17,75.2345785139886,902.0390919287174,97.23529842819909,11.370083527924336,0.05009517569663083,-0.049185334156387484
2.77,35,52.17364139049622,41,17,75.2345785139886,902.0390919287174,97.23529842819909,11.370083527924336,0.05009517569663083,-0.049185334156387484
2.77,34.690563975059206,52.180620800306386,41,17,75.2345785139886,902.0390919287174,97.23529842819909,11.370083527924336,0.05009517569663083,-0.049185334156387484
2.77,35,52.19034477989798,41,17,75.2345785139886,902.0390919287174,97.23529842819909,11.370083527924336,0.05009517569663083,-0.049185334156387484
2.77,35,52.192376159503645,41,17,75.2345785139886,902.0390919287174,97.23529842819909,11.370083527924336,0.05009517569663083,-0.049185334156387484
2.77,35,52.168700913830975,41,17,75.2345785139886,902.0390919287174,97.23529842819909,11.370083527924336,0.05009517569663083,-0.049185334156387484
2.77,35,52.18553664855857,41,17,75.2345785139886,902.0390919287174,97.23529842819909,11.370083527924336,0.05009517569663083,-0.049185334156387484
2.77,35,52.19020122445584,41,17,75.2345785139886,902.0390919287174,97.23529842819909,11.370083527924336,0.05009517569663083,-0.049185334156387484
2.78,35,52.20914033896016,41,17,75.2345785139886,902.0390919287174,97.23529842819909,11.370083527924336,0.05009517569663083,-0.049185334156387484
2.78,35,52.236350689287406,41,17,75.2345785139886,902.0390919287174,97.23529842819909,11.370083527924336,0.05009517569663083,-0.049185334156387484
2.78,34.00207444563645,52.24939187830152,41,17,75.2345785139886,902.0390919287174,97.23529842819909,11.370083527924336,0.05009517569663083,-0.049185334156387484
2.78,32.7273225090038,52.24127716963094,41,17,75.2345785139886,902.0390919287174,97.23529842819909,11.370083527924336,0.05009517569663083,-0.049185334156387484
2.78,32.677954948222116,52.233960684793594,41,17,75.2345785139886,902.0390919287174,97.23529842819909,11.370083527924336,0.05009517569663083,-0.049185334156387484
2.78,33.94541455952345,52.23115298941969,41,17,75.2345785139886,902.0390919287174,97.23529842819909,11.370083527924336,0.05009517569663083,-0.049185334156387484
2.78,35,52.23929558622292,41,17,75.2345785139886,902.0390919287174,97.23529842819909,11.370083527924336,0.05009517569663083,-0.049185334156387484
2.78,35,52.25674953052502,42,17,75.2345785139886,902.0390919287174,97.23529842819909,11.370083527924336,0.05009517569663083,-0.049185334156387484
2.78,35,52.23675122387331,42,17,75.2345785139886,902.0390919287174,97.23529842819909,11.370083527924336,0.05009517569663083,-0.049185334156387484
2.78,35,52.261188918577254,42,17,75.2345785139886,902.0390919287174,97.23529842819909,11.370083527924336,0.05009517569663083,-0.049185334156387484
2.80,35,52.2636288945863,42,17,75.2345785139886,902.0390919287174,97.23529842819909,11.370083527924336,0.05009517569663083,-0.049185334156387484
2.80,35,52.26741938862212,42,17,75.2345785139886,902.0390919287174,97.23529842819909,11.370083527924336,0.05009517569663083,-0.049185334156387484
2.80,35,52.27136632371231,42,17,75.2345785139886,902.0390919287174,97.23529842819909,11.370083527924336,0.05009517569663083,-0.049185334156387484
2.80,35,52.275193725825055,42,17,75.2345785139886,902.0390919287174,97.23529842819909,11.370083527924336,0.05009517569663083,-0.049185334156387484
2.80,35,52.25902194626724,42,17,75.2345785139886,902.0390919287174,97.23529842819909,11.370083527924336,0.05009517569663083,-0.049185334156387484
2.80,35,52.26044269233144,42,17,75.2345785139886,902.0390919287174,97.23529842819909,11.370083527924336,0.05009517569663083,-0.049185334156387484
2.80,35,52.28004075873393,42,17,75.2345785139886,902.0390919287174,97.23529842819909,11.370083527924336,0.05009517569663083,-0.049185334156387484
2.80,35,52.297175967784845,42,18,75.2345785139886,902.0390919287174,97.23529842819909,11.370083527924336,0.05009517569663083,-0.049185334156387484
2.80,34.563251762626315,52.29572021929894,42,18,75.2345785139886,902.0390919287174,97.23529842819909,11.370083527924336,0.05009517569663083,-0.049185334156387484
2.80,34.386163105117134,52.28435351364573,42,18,75.2345785139886,902.0390919287174,97.23529842819909,11.370083527924336,0.05009517569663083,-0.049185334156387484
2.82,33.13235520383271,52.28486924962996,42,18,75.2345785139886,902.0390919287174,97.23529842819909,11.370083527924336,0.05009517569663083,-0.049185334156387484
2.82,32.93385789781176,52.28978068301869,42,18,75.2345785139886,902.0390919287174,97.23529842819909,11.370083527924336,0.05009517569663083,-0.049185334156387484
2.82,34.64953375156979,52.30368688411649,42,18,75.2345785139886,902.0390919287174,97.23529842819909,11.370083527924336,0.05009517569663083,-0.049185334156387484
2.82,34.287583411053774,52.30746063551401,42,18,75.2345785139886,902.0390919287174,97.23529842819909,11.370083527924336,0.05009517569663083,-0.049185334156387484
2.82,35,52.318154382591416,43,18,75.2345785139886,902.0390919287174,97.23529842819909,11.370083527924336,0.05009517569663083,-0.049185334156387484
2.82,35,52.327741738034845,43,18,75.2345785139886,902.0390919287174,97.23529842819909,11.370083527924336,0.05009517569663083,-0.049185334156387484
2.82,35,52.32228270631368,43,18,75.2345785139886,902.0390919287174,97.23529842819909,11.370083527924336,0.05009517569663083,-0.049185334156387484
2.82,34.51798372176651,52.307382297830664,43,18,75.2345785139886,902.0390919287174,97.23529842819909,11.370083527924336,0.05009517569663083,-0.049185334156387484
2.82,34.06342680781689,52.333865436673086,43,18,75.2345785139886,902.0390919287174,97.23529842819909,11.370083527924336,0.05009517569663083,-0.049185334156387484
2.82,35,52.33212199261763,43,18,75.2345785139886,902.0390919287174,97.23529842819909,11.370083527924336,0.05009517569663083,-0.049185334156387484
2.83,35,52.349745128041,43,18,75.2345785139886,902.0390919287174,97.23529842819909,11.370083527924336,0.05009517569663083,-0.049185334156387484
2.83,34.59933141684099,52.34458133358265,43,18,75.2345785139886,902.0390919287174,97.23529842819909,11.370083527924336,0.05009517569663083,-0.049185334156387484
2.83,35,52.354577887020554,43,18,75.2345785139886,902.0390919287174,97.23529842819909,11.370083527924336,0.05009517569663083,-0.049185334156387484
2.83,33.36728695501188,52.36207857191355,43,18,75.2345785139886,902.0390919287174,97.23529842819909,11.370083527924336,0.05009517569663083,-0.049185334156387484
2.83,33.03725442853986,52.35629019013974,43,18,75.2345785139886,902.0390919287174,97.23529842819909,11.370083527924336,0.05009517569663083,-0.049185334156387484
2.83,32.19175367119309,52.36441276484034,43,18,75.2345785139886,902.0390919287174,97.23529842819909,11.370083527924336,0.05009517569663083,-0.049185334156387484
2.83,32.1003914345343,52.36808237200732,43,18,75.2345785139886,902.0390919287174,97.23529842819909,11.370083527924336,0.05009517569663083,-0.049185334156387484
2.83,33.775703753539965,52.37014782813668,43,18,75.2345785139886,902.0390919287174,97.23529842819909,11.370083527924336,0.05009517569663083,-0.049185334156387484
2.85,33.92809997579162,52.35068897819908,43,18,75.2345785139886,902.0390919287174,97.23529842819909,11.370083527924336,0.05009517569663083,-0.049185334156387484
2.85,35,52.3695497463558,43,18,75.2345785139886,902.0390919287174,97.23529842819909,11.370083527924336,0.05009517569663083,-0.049185334156387484
2.85,35,52.3589181770034,43,18,75.2345785139886,902.0390919287174,97.23529842819909,11.370083527924336,0.05009517569663083,-0.049185334156387484
2.85,34.17636391045172,52.36977788119276,43,18,75.2345785139886,902.0390919287174,97.23529842819909,11.370083527924336,0.05009517569663083,-0.049185334156387484
2.85,35,52.37016385532023,43,18,75.2345785139886,902.0390919287174,97.23529842819909,11.370083527924336,0.05009517569663083,-0.049185334156387484
2.85,34.85665275082036,52.38369410951905,43,18,75.2345785139886,902.0390919287174,97.23529842819909,11.370083527924336,0.05009517569663083,-0.049185334156387484
2.85,35,52.39567829619346,43,18,75.2345785139886,902.0390919287174,97.23529842819909,11.370083527924336,0.05009517569663083,-0.049185334156387484
2.85,34.656876207260446,52.39348746699425,43,18,75.2345785139886,902.0390919287174,97.23529842819909,11.370083527924336,0.05009517569663083,-0.049185334156387484
2.87,32.757747091289254,52.38646771164856,43,18,75.2345785139886,902.0390919287174,97.23529842819909,11.370083527924336,0.05009517569663083,-0.049185334156387484
2.87,34.13712424474369,52.38736109514605,43,18,75.2345785139886,902.0390919287174,97.23529842819909,11.370083527924336,0.05009517569663083,-0.049185334156387484
2.87,32.507776008059935,52.40795642132805,43,18,75.2345785139886,902.0390919287174,97.23529842819909,11.370083527924336,0.05009517569663083,-0.049185334156387484
2.87,33.57029932261368,52.409232267119144,43,18,75.2345785139886,902.0390919287174,97.23529842819909,11.370083527924336,0.05009517569663083,-0.049185334156387484
2.87,35,52.41773873013565,43,18,75.2345785139886,902.0390919287174,97.23529842819909,11.370083527924336,0.05009517569663083,-0.049185334156387484
2.87,33.033830389801125,52.43033855087104,43,18,75.2345785139886,902.0390919287174,97.23529842819909,11.370083527924336,0.05009517569663083,-0.049185334156387484
2.87,33.92943548313477,52.43186196534171,43,18,75.2345785139886,902.0390919287174,97.23529842819909,11.370083527924336,0.05009517569663083,-0.049185334156387484
2.88,34.388763146045974,52.40950343301946,43,18,75.2345785139886,902.0390919287174,97.23529842819909,11.370083527924336,0.05009517569663083,-0.049185334156387484
2.88,35,52.4375277215021,43,18,75.2345785139886,902.0390919287174,97.23529842819909,11.370083527924336,0.05009517569663083,-0.049185334156387484
2.88,34.96577549838631,52.44004032413784,43,18,75.2345785139886,902.0390919287174,97.23529842819909,11.370083527924336,0.05009517569663083,-0.049185334156387484
2.88,34.45097656596776,52.450756417902774,43,18,75.2345785139886,902.0390919287174,97.23529842819909,11.370083527924336,0.05009517569663083,-0.049185334156387484
2.88,35,52.4610355709574,43,18,75.2345785139886,902.0390919287174,97.23529842819909,11.370083527924336,0.05009517569663083,-0.049185334156387484
2.88,34.3364252910235,52.46709345031356,43,18,75.2345785139886,902.0390919287174,97.23529842819909,11.370083527924336,0.05009517569663083,-0.049185334156387484
2.88,33.04409572129795,52.47915639003277,44,18,75.2345785139886,902.0390919287174,97.23529842819909,11.370083527924336,0.05009517569663083,-0.049185334156387484
2.90,31.350170363194465,52.500688231505315,44,18,75.2345785139886,902.0390919287174,97.23529842819909,11.370083527924336,0.05009517569663083,-0.049185334156387484
2.90,30.911065469083255,52.50440856901297,44,18,75.2345785139886,902.0390919287174,97.23529842819909,11.370083527924336,0.05009517569663083,-0.049185334156387484
2.90,31.207094196599964,52.496178930480596,44,18,75.2345785139886,902.0390919287174,97.23529842819909,11.370083527924336,0.05009517569663083,-0.049185334156387484
2.90,30.43900897316623,52.494091699568564,44,18,75.2345785139886,902.0390919287174,97.23529842819909,11.370083527924336,0.05009517569663083,-0.049185334156387484
2.90,28.620217135979804,52.5093143132497,44,18,75.2345785139886,902.0390919287174,97.23529842819909,11.370083527924336,0.05009517569663083,-0.049185334156387484
2.90,27.134321505851524,52.52290372130778,44,18,75.2345785139886,902.0390919287174,97.23529842819909,11.370083527924336,0.05009517569663083,-0.049185334156387484
2.90,25.406183939024732,52.52032555492889,44,18,75.2345785139886,902.0390919287174,97.23529842819909,11.370083527924336,0.05009517569663083,-0.049185334156387484
2.90,23.629027365373524,52.5079392620317,44,18,75.2345785139886,902.0390919287174,97.23529842819909,11.370083527924336,0.05009517569663083,-0.049185334156387484
2.90,24.702703440848808,52.49408292667128,44,18,75.2345785139886,902.0390919287174,97.23529842819909,11.370083527924336,0.05009517569663083,-0.049185334156387484
2.90,23.60051317264199,52.4839693681283,45,18,75.2345785139886,902.0390919287174,97.23529842819909,11.370083527924336,0.05009517569663083,-0.049185334156387484
2.92,23.055427676091814,52.46913839104711,45,18,75.2345785139886,902.0390919287174,97.23529842819909,11.370083527924336,0.05009517569663083,-0.049185334156387484
2.92,24.409976605825303,52.47813936891044,45,18,75.2345785139886,902.0390919287174,97.23529842819909,11.370083527924336,0.05009517569663083,-0.049185334156387484
2.92,24.940449403792087,52.48144896344903,45,18,75.2345785139886,902.0390919287174,97.23529842819909,11.370083527924336,0.05009517569663083,-0.049185334156387484
2.92,24.774348478385377,52.47899575516653,45,19,75.2345785139886,902.0390919287174,97.23529842819909,11.370083527924336,0.05009517569663083,-0.049185334156387484
2.92,25.704807394266084,52.481808121703715,45,19,75.2345785139886,902.0390919287174,97.23529842819909,11.370083527924336,0.05009517569663083,-0.049185334156387484
2.92,25.330028561084276,52.48395163462704,45,19,75.2345785139886,902.0390919287174,97.23529842819909,11.370083527924336,0.05009517569663083,-0.049185334156387484
2.92,25.03183932554771,52.4732867772408,46,19,75.2345785139886,902.0390919287174,97.23529842819909,11.370083527924336,0.05009517569663083,-0.049185334156387484
2.92,24.20761290978003,52.46972401027691,46,19,75.2345785139886,902.0390919287174,97.23529842819909,11.370083527924336,0.05009517569663083,-0.049185334156387484
2.92,24.592700030448146,52.468602465906564,46,19,75.2345785139886,902.0390919287174,97.23529842819909,11.370083527924336,0.05009517569663083,-0.049185334156387484
2.92,26.2518528240277,52.467971597979144,46,19,75.2345785139886,902.0390919287174,97.23529842819909,11.370083527924336,0.05009517569663083,-0.049185334156387484
2.93,25.741277621053552,52.48828031524389,46,19,75.2345785139886,902.0390919287174,97.23529842819909,11.370083527924336,0.05009517569663083,-0.049185334156387484
2.93,25.52743460485557,52.50494972547226,46,19,75.2345785139886,902.0390919287174,97.23529842819909,11.370083527924336,0.05009517569663083,-0.049185334156387484
2.93,27.073261099704226,52.49820109544455,46,19,75.2345785139886,902.0390919287174,97.23529842819909,11.370083527924336,0.05009517569663083,-0.049185334156387484
2.93,25.528007504193013,52.488214685447524,46,19,75.2345785139886,902.0390919287174,97.23529842819909,11.370083527924336,0.05009517569663083,-0.049185334156387484
2.93,25.248713005038475,52.50606747409499,46,19,75.2345785139886,902.0390919287174,97.23529842819909,11.370083527924336,0.05009517569663083,-0.049185334156387484
2.93,25.008320792276255,52.51272928448388,47,19,75.2345785139886,902.0390919287174,97.23529842819909,11.370083527924336,0.05009517569663083,-0.049185334156387484
2.93,25.739282621573697,52.501685224195995,47,19,75.2345785139886,902.0390919287174,97.23529842819909,11.370083527924336,0.05009517569663083,-0.049185334156387484
2.93,26.88147223393732,52.49944598990237,47,19,75.2345785139886,902.0390919287174,97.23529842819909,11.370083527924336,0.05009517569663083,-0.049185334156387484
2.93,27.715396464465297,52.50403983737503,47,19,75.2345785139886,902.0390919287174,97.23529842819909,11.370083527924336,0.05009517569663083,-0.049185334156387484
2.93,29.1515243543348,52.50913817052281,47,19,75.2345785139886,902.0390919287174,97.23529842819909,11.370083527924336,0.05009517569663083,-0.049185334156387484
2.95,29.869188955310396,52.493696309597354,47,19,75.2345785139886,902.0390919287174,97.23529842819909,11.370083527924336,0.05009517569663083,-0.049185334156387484
2.95,28.592686476367078,52.49620317293201,47,19,75.2345785139886,902.0390919287174,97.23529842819909,11.370083527924336,0.05009517569663083,-0.049185334156387484
2.95,27.967941235136994,52.5020498462321,47,19,75.2345785139886,902.0390919287174,97.23529842819909,11.370083527924336,0.05009517569663083,-0.049185334156387484
2.95,28.82688591761698,52.51089035653554,47,19,75.2345785139886,902.0390919287174,97.23529842819909,11.370083527924336,0.05009517569663083,-0.049185334156387484
2.95,29.506271405054825,52.516620195356445,47,19,75.2345785139886,902.0390919287174,97.23529842819909,11.370083527924336,0.05009517569663083,-0.049185334156387484
2.95,28.866066689518632,52.52468499861724,47,19,75.2345785139886,902.0390919287174,97.23529842819909,11.370083527924336,0.05009517569663083,-0.049185334156387484
2.95,28.39698392997322,52.54114204080054,47,19,75.2345785139886,902.0390919287174,97.23529842819909,11.370083527924336,0.05009517569663083,-0.049185334156387484
2.95,28.90385897868597,52.55260399512275,48,19,75.2345785139886,902.0390919287174,97.23529842819909,11.370083527924336,0.05009517569663083,-0.049185334156387484
2.95,27.359440525286406,52.54761941564982,48,19,75.2345785139886,902.0390919287174,97.23529842819909,11.370083527924336,0.05009517569663083,-0.049185334156387484
2.97,28.070701360001777,52.53388365500071,48,19,75.2345785139886,902.0390919287174,97.23529842819909,11.370083527924336,0.05009517569663083,-0.049185334156387484
2.97,26.140325770062528,52.52715640213895,48,19,75.2345785139886,902.0390919287174,97.23529842819909,11.370083527924336,0.05009517569663083,-0.049185334156387484
2.97,25.674561704262874,52.53800650376334,48,19,75.2345785139886,902.0390919287174,97.23529842819909,11.370083527924336,0.05009517569663083,-0.049185334156387484
2.97,24.590230994769705,52.531321164475365,48,19,75.2345785139886,902.0390919287174,97.23529842819909,11.370083527924336,0.05009517569663083,-0.049185334156387484
2.97,24.33404566149146,52.535739963646655,48,19,75.2345785139886,902.0390919287174,97.23529842819909,11.370083527924336,0.05009517569663083,-0.049185334156387484
2.97,23.656601434601548,52.56548148866715,48,19,75.2345785139886,902.0390919287174,97.23529842819909,11.370083527924336,0.05009517569663083,-0.049185334156387484
2.97,22.74815182744786,52.56691751534059,48,19,75.2345785139886,902.0390919287174,97.23529842819909,11.370083527924336,0.05009517569663083,-0.049185334156387484
2.97,21.757563446262136,52.5911974726949,48,19,75.2345785139886,902.0390919287174,97.23529842819909,11.370083527924336,0.05009517569663083,-0.049185334156387484
2.98,23.060284937901066,52.587961230764165,48,19,75.2345785139886,902.0390919287174,97.23529842819909,11.370083527924336,0.05009517569663083,-0.049185334156387484
2.98,21.975533240155254,52.6162026352029,48,19,75.2345785139886,902.0390919287174,97.23529842819909,11.370083527924336,0.05009517569663083,-0.049185334156387484
2.98,21.868680504949168,52.60593659536148,48,19,75.2345785139886,902.0390919287174,97.23529842819909,11.370083527924336,0.05009517569663083,-0.049185334156387484
2.98,23.378710774586835,52.60179603382044,48,19,75.2345785139886,902.0390919287174,97.23529842819909,11.370083527924336,0.05009517569663083,-0.049185334156387484
2.98,23.03458844239659,52.611856962511816,48,19,75.2345785139886,902.0390919287174,97.23529842819909,11.370083527924336,0.05009517569663083,-0.049185334156387484
2.98,24.776111522332933,52.63573517926741,48,19,75.2345785139886,902.0390919287174,97.23529842819909,11.370083527924336,0.05009517569663083,-0.049185334156387484
2.98,24.83123160793733,52.627648502283314,48,19,75.2345785139886,902.0390919287174,97.23529842819909,11.370083527924336,0.05009517569663083,-0.049185334156387484
2.98,25.452610512469008,52.625425176694584,48,19,75.2345785139886,902.0390919287174,97.23529842819909,11.370083527924336,0.05009517569663083,-0.049185334156387484
2.98,23.589977406024325,52.63141490071106,48,19,75.2345785139886,902.0390919287174,97.23529842819909,11.370083527924336,0.05009517569663083,-0.049185334156387484
2.98,22.355680382083975,52.6233670305477,48,19,75.2345785139886,902.0390919287174,97.23529842819909,11.370083527924336,0.05009517569663083,-0.049185334156387484
3.00,21.430098524117085,52.61349816520857,48,19,75.2345785139886,902.0390919287174,97.23529842819909,11.370083527924336,0.05009517569663083,-0.049185334156387484
3.00,21.611949558659514,52.62137216539415,48,19,75.2345785139886,902.0390919287174,97.23529842819909,11.370083527924336,0.05009517569663083,-0.049185334156387484
3.00,23.372729274990434,52.62629413499561,48,19,75.2345785139886,902.0390919287174,97.23529842819909,11.370083527924336,0.05009517569663083,-0.049185334156387484
3.00,24.24672241390899,52.632240075867124,48,19,75.2345785139886,902.0390919287174,97.23529842819909,11.370083527924336,0.05009517569663083,-0.049185334156387484
3.00,26.086053680806728,52.626132801457125,48,19,75.2345785139886,902.0390919287174,97.23529842819909,11.370083527924336,0.05009517569663083,-0.049185334156387484
3.00,26.82432212148513,52.632670663617226,48,19,75.2345785139886,902.0390919287174,97.23529842819909,11.370083527924336,0.05009517569663083,-0.049185334156387484
3.00,27.76971594880647,52.64893227073247,48,19,75.2345785139886,902.0390919287174,97.23529842819909,11.370083527924336,0.05009517569663083,-0.049185334156387484
3.00,26.063290740184485,52.65103043709389,48,19,75.2345785139886,902.0390919287174,97.23529842819909,11.370083527924336,0.05009517569663083,-0.049185334156387484
3.00,26.68636416810939,52.649353774972916,48,19,75.2345785139886,902.0390919287174,97.23529842819909,11.370083527924336,0.05009517569663083,-0.049185334156387484
3.02,25.492971450758468,52.67084459172412,48,19,75.2345785139886,902.0390919287174,97.23529842819909,11.370083527924336,0.05009517569663083,-0.049185334156387484
3.02,25.23364576281028,52.67646127654429,49,19,75.2345785139886,902.0390919287174,97.23529842819909,11.370083527924336,0.05009517569663083,-0.049185334156387484
3.02,26.25326151900364,52.679144968830265,49,19,75.2345785139886,902.0390919287174,97.23529842819909,11.370083527924336,0.05009517569663083,-0.049185334156387484
3.02,25.528869399529192,52.67992066153194,49,19,75.2345785139886,902.0390919287174,97.23529842819909,11.370083527924336,0.05009517569663083,-0.049185334156387484
3.02,23.636712744126086,52.68912994856311,49,19,75.2345785139886,902.0390919287174,97.23529842819909,11.370083527924336,0.05009517569663083,-0.049185334156387484
3.02,25.15557919289271,52.68506908217197,49,19,75.2345785139886,902.0390919287174,97.23529842819909,11.370083527924336,0.05009517569663083,-0.049185334156387484
3.02,25.763371193304685,52.67934647815228,49,19,75.2345785139886,902.0390919287174,97.23529842819909,11.370083527924336,0.05009517569663083,-0.049185334156387484
3.02,27.090709775785264,52.680439617885035,49,19,75.2345785139886,902.0390919287174,97.23529842819909,11.370083527924336,0.05009517569663083,-0.049185334156387484
3.02,28.811325501091126,52.677373765946804,49,19,75.2345785139886,902.0390919287174,97.23529842819909,11.370083527924336,0.05009517569663083,-0.049185334156387484
3.02,27.29676650788226,52.68883842679995,49,19,75.2345785139886,902.0390919287174,97.23529842819909,11.370083527924336,0.05009517569663083,-0.049185334156387484
3.03,25.92950541994387,52.6881580507515,49,19,75.2345785139886,902.0390919287174,97.23529842819909,11.370083527924336,0.05009517569663083,-0.049185334156387484
3.03,27.289063625851853,52.66738764367798,49,19,75.2345785139886,902.0390919287174,97.23529842819909,11.370083527924336,0.05009517569663083,-0.049185334156387484
3.03,25.713070451478377,52.688230587872276,49,19,75.2345785139886,902.0390919287174,97.23529842819909,11.370083527924336,0.05009517569663083,-0.049185334156387484
3.03,26.706637060036996,52.689940224632814,49,19,75.2345785139886,902.0390919287174,97.23529842819909,11.370083527924336,0.05009517569663083,-0.049185334156387484
3.03,26.75722464976242,52.68783985902414,49,19,75.2345785139886,902.0390919287174,97.23529842819909,11.370083527924336,0.05009517569663083,-0.049185334156387484
3.03,25.64282357415699,52.69135747747,49,19,75.2345785139886,902.0390919287174,97.23529842819909,11.370083527924336,0.05009517569663083,-0.049185334156387484
3.03,24.166430656079353,52.703723751113465,49,19,75.2345785139886,902.0390919287174,97.23529842819909,11.370083527924336,0.05009517569663083,-0.049185334156387484
3.03,22.23284578020417,52.706244777472705,49,19,75.2345785139886,902.0390919287174,97.23529842819909,11.370083527924336,0.05009517569663083,-0.049185334156387484
3.03,23.57947724518457,52.70824204741252,49,19,75.2345785139886,902.0390919287174,97.23529842819909,11.370083527924336,0.05009517569663083,-0.049185334156387484
3.03,24.41624363858442,52.704267479929165,49,20,75.2345785139886,902.0390919287174,97.23529842819909,11.370083527924336,0.05009517569663083,-0.049185334156387484
3.05,25.813095666873124,52.70115831616225,49,20,75.2345785139886,902.0390919287174,97.23529842819909,11.370083527924336,0.05009517569663083,-0.049185334156387484
3.05,27.44783943126526,52.71740833463509,49,20,75.2345785139886,902.0390919287174,97.23529842819909,11.370083527924336,0.05009517569663083,-0.049185334156387484
3.05,28.85118959520272,52.69974023816307,49,20,75.2345785139886,902.0390919287174,97.23529842819909,11.370083527924336,0.05009517569663083,-0.049185334156387484
3.05,29.86881796511262,52.70484948659569,49,20,75.2345785139886,902.0390919287174,97.23529842819909,11.370083527924336,0.05009517569663083,-0.049185334156387484
3.05,30.114188596036353,52.725086544897735,49,20,75.2345785139886,902.0390919287174,97.23529842819909,11.370083527924336,0.05009517569663083,-0.049185334156387484
3.05,30.172129926611312,52.72670660607198,49,20,75.2345785139886,902.0390919287174,97.23529842819909,11.370083527924336,0.05009517569663083,-0.049185334156387484
3.05,30.511067616097392,52.71272573029905,50,20,75.2345785139886,902.0390919287174,97.23529842819909,11.370083527924336,0.05009517569663083,-0.049185334156387484
3.05,28.655437276954633,52.71957263282137,50,20,75.2345785139886,902.0390919287174,97.23529842819909,11.370083527924336,0.05009517569663083,-0.049185334156387484
3.05,28.29918666320518,52.721870275705164,50,20,75.2345785139886,902.0390919287174,97.23529842819909,11.370083527924336,0.05009517569663083,-0.049185334156387484
3.05,27.85823127486965,52.713426328495196,50,20,75.2345785139886,902.0390919287174,97.23529842819909,11.370083527924336,0.05009517569663083,-0.049185334156387484
3.07,26.55436402192095,52.71893725350456,50,20,75.2345785139886,902.0390919287174,97.23529842819909,11.370083527924336,0.05009517569663083,-0.049185334156387484
3.07,25.635093085906796,52.70843486015428,50,20,75.2345785139886,902.0390919287174,97.23529842819909,11.370083527924336,0.05009517569663083,-0.049185334156387484
3.07,26.506653780054926,52.72657656453206,50,20,75.2345785139886,902.0390919287174,97.23529842819909,11.370083527924336,0.05009517569663083,-0.049185334156387484
3.07,25.9857085295628,52.7342677654183,50,20,75.2345785139886,902.0390919287174,97.23529842819909,11.370083527924336,0.05009517569663083,-0.049185334156387484
3.07,27.769775268082356,52.74199333785806,50,20,75.2345785139886,902.0390919287174,97.23529842819909,11.370083527924336,0.05009517569663083,-0.049185334156387484
3.07,29.44418631992398,52.76126470975187,50,20,75.2345785139886,902.0390919287174,97.23529842819909,11.370083527924336,0.05009517569663083,-0.049185334156387484
3.07,30.778304750077492,52.76800234633026,50,20,75.2345785139886,902.0390919287174,97.23529842819909,11.370083527924336,0.05009517569663083,-0.049185334156387484
3.07,29.58419226776378,52.77444561417405,50,20,75.2345785139886,902.0390919287174,97.23529842819909,11.370083527924336,0.05009517569663083,-0.049185334156387484
3.07,27.939951296032657,52.7860094973252,50,20,75.2345785139886,902.0390919287174,97.23529842819909,11.370083527924336,0.05009517569663083,-0.049185334156387484
3.07,28.266203524611633,52.790066963645586,50,20,75.2345785139886,902.0390919287174,97.23529842819909,11.370083527924336,0.05009517569663083,-0.049185334156387484
3.08,29.844720446816126,52.78738961042017,50,20,75.2345785139886,902.0390919287174,97.23529842819909,11.370083527924336,0.05009517569663083,-0.049185334156387484
3.08,28.3443183263027,52.80076739281296,50,20,75.2345785139886,902.0390919287174,97.23529842819909,11.370083527924336,0.05009517569663083,-0.049185334156387484
3.08,28.25388181243902,52.81244547716546,50,20,75.2345785139886,902.0390919287174,97.23529842819909,11.370083527924336,0.05009517569663083,-0.049185334156387484
3.08,27.41676443917597,52.8043570911381,50,20,75.2345785139886,902.0390919287174,97.23529842819909,11.370083527924336,0.05009517569663083,-0.049185334156387484
3.08,28.958748297981387,52.807842462135646,50,20,75.2345785139886,902.0390919287174,97.23529842819909,11.370083527924336,0.05009517569663083,-0.049185334156387484
3.08,29.656722149597737,52.823872391933776,50,20,75.2345785139886,902.0390919287174,97.23529842819909,11.370083527924336,0.05009517569663083,-0.049185334156387484
3.08,31.088488736622754,52.808461681038445,50,20,75.2345785139886,902.0390919287174,97.23529842819909,11.370083527924336,0.05009517569663083,-0.049185334156387484
3.08,31.1254093092868,52.808168553831926,50,20,75.2345785139886,902.0390919287174,97.23529842819909,11.370083527924336,0.05009517569663083,-0.049185334156387484
3.08,30.098538022869484,52.811176055126204,50,20,75.2345785139886,902.0390919287174,97.23529842819909,11.370083527924336,0.05009517569663083,-0.049185334156387484
3.08,30.276553919331683,52.80948202099264,50,20,75.2345785139886,902.0390919287174,97.23529842819909,11.370083527924336,0.05009517569663083,-0.049185334156387484
3.10,31.811186483333934,52.81414692430938,50,20,75.2345785139886,902.0390919287174,97.23529842819909,11.370083527924336,0.05009517569663083,-0.049185334156387484
3.10,33.02432282796652,52.82782398757097,50,20,75.2345785139886,902.0390919287174,97.23529842819909,11.370083527924336,0.05009517569663083,-0.049185334156387484
3.10,33.33537417567613,52.81879597858528,50,20,75.2345785139886,902.0390919287174,97.23529842819909,11.370083527924336,0.05009517569663083,-0.049185334156387484
3.10,33.5282107749396,52.830652783911,50,20,75.2345785139886,902.0390919287174,97.23529842819909,11.370083527924336,0.05009517569663083,-0.049185334156387484
3.10,32.29552396597789,52.847648361950334,50,20,75.2345785139886,902.0390919287174,97.23529842819909,11.370083527924336,0.05009517569663083,-0.049185334156387484
3.10,32.22414806721103,52.823644830050995,50,20,75.2345785139886,902.0390919287174,97.23529842819909,11.370083527924336,0.05009517569663083,-0.049185334156387484
3.10,30.72216865441395,52.806101983775655,50,20,75.2345785139886,902.0390919287174,97.23529842819909,11.370083527924336,0.05009517569663083,-0.049185334156387484
3.10,32.065236829706436,52.82014938112259,50,20,75.2345785139886,902.0390919287174,97.23529842819909,11.370083527924336,0.05009517569663083,-0.049185334156387484
3.10,31.928750768376243,52.82919347381429,50,20,75.2345785139886,902.0390919287174,97.23529842819909,11.370083527924336,0.05009517569663083,-0.049185334156387484
3.10,31.112050301468425,52.830891307720655,50,20,75.2345785139886,902.0390919287174,97.23529842819909,11.370083527924336,0.05009517569663083,-0.049185334156387484
3.12,31.128270443961604,52.84462766626444,50,20,75.2345785139886,902.0390919287174,97.23529842819909,11.370083527924336,0.05009517569663083,-0.049185334156387484
3.12,30.60293505079298,52.84978642771237,50,20,75.2345785139886,902.0390919287174,97.23529842819909,11.370083527924336,0.05009517569663083,-0.049185334156387484
3.12,29.88973744272812,52.86728001124977,50,20,75.2345785139886,902.0390919287174,97.23529842819909,11.370083527924336,0.05009517569663083,-0.049185334156387484
3.12,31.70044862043007,52.873203320807285,50,20,75.2345785139886,902.0390919287174,97.23529842819909,11.370083527924336,0.05009517569663083,-0.049185334156387484
3.12,31.944847939270154,52.87756279293634,50,20,75.2345785139886,902.0390919287174,97.23529842819909,11.370083527924336,0.05009517569663083,-0.049185334156387484
3.12,31.292235818901418,52.87578845545372,50,20,75.2345785139886,902.0390919287174,97.23529842819909,11.370083527924336,0.05009517569663083,-0.049185334156387484
3.12,32.17975206861773,52.862174263164,50,20,75.2345785139886,902.0390919287174,97.23529842819909,11.370083527924336,0.05009517569663083,-0.049185334156387484
3.12,32.75520695909931,52.86628453741625,50,20,75.2345785139886,902.0390919287174,97.23529842819909,11.370083527924336,0.05009517569663083,-0.049185334156387484
3.12,30.85473273652599,52.88261942851671,50,20,75.2345785139886,902.0390919287174,97.23529842819909,11.370083527924336,0.05009517569663083,-0.049185334156387484
3.13,31.445291432842986,52.893855170064384,51,20,75.2345785139886,902.0390919287174,97.23529842819909,11.370083527924336,0.05009517569663083,-0.049185334156387484
3.13,32.53049841482372,52.87921135875583,51,20,75.2345785139886,902.0390919287174,97.23529842819909,11.370083527924336,0.05009517569663083,-0.049185334156387484
3.13,33.104898501488044,52.88636107814252,51,20,75.2345785139886,902.0390919287174,97.23529842819909,11.370083527924336,0.05009517569663083,-0.049185334156387484
3.13,33.10609301761205,52.87495982777543,51,20,75.2345785139886,902.0390919287174,97.23529842819909,11.370083527924336,0.05009517569663083,-0.049185334156387484
3.13,33.46403302433512,52.87666149325927,51,20,75.2345785139886,902.0390919287174,97.23529842819909,11.370083527924336,0.05009517569663083,-0.049185334156387484
3.13,33.89351540751203,52.87700137492998,51,20,75.2345785139886,902.0390919287174,97.23529842819909,11.370083527924336,0.05009517569663083,-0.049185334156387484
3.13,33.76438593601813,52.89008063817706,52,20,75.2345785139886,902.0390919287174,97.23529842819909,11.370083527924336,0.05009517569663083,-0.049185334156387484
3.13,33.68331372279047,52.90800942201469,52,20,75.2345785139886,902.0390919287174,97.23529842819909,11.370083527924336,0.05009517569663083,-0.049185334156387484
3.13,32.861726581309256,52.89711921030073,52,20,75.2345785139886,902.0390919287174,97.23529842819909,11.370083527924336,0.05009517569663083,-0.049185334156387484
3.13,31.98154043870445,52.893755664798995,52,20,75.2345785139886,902.0390919287174,97.23529842819909,11.370083527924336,0.05009517569663083,-0.049185334156387484
3.15,30.81544901234267,52.90154438487443,52,20,75.2345785139886,902.0390919287174,97.23529842819909,11.370083527924336,0.05009517569663083,-0.049185334156387484
3.15,30.76263590846361,52.89497700280231,52,20,75.2345785139886,902.0390919287174,97.23529842819909,11.370083527924336,0.05009517569663083,-0.049185334156387484
3.15,31.481149743011315,52.88880552772999,52,20,75.2345785139886,902.0390919287174,97.23529842819909,11.370083527924336,0.05009517569663083,-0.049185334156387484
3.15,33.028066654306244,52.88099994276786,52,20,75.2345785139886,902.0390919287174,97.23529842819909,11.370083527924336,0.05009517569663083,-0.049185334156387484
3.15,31.186405328004607,52.86926113641999,52,20,75.2345785139886,902.0390919287174,97.23529842819909,11.370083527924336,0.05009517569663083,-0.049185334156387484
3.15,31.9236982516857,52.8729451719585,52,20,75.2345785139886,902.0390919287174,97.23529842819909,11.370083527924336,0.05009517569663083,-0.049185334156387484
3.15,33.70762173592145,52.87402753990362,53,20,75.2345785139886,902.0390919287174,97.23529842819909,11.370083527924336,0.05009517569663083,-0.049185334156387484
3.15,34.40115350418886,52.879584221825546,53,20,75.2345785139886,902.0390919287174,97.23529842819909,11.370083527924336,0.05009517569663083,-0.049185334156387484
3.15,33.574449244636355,52.869356262531035,53,20,75.2345785139886,902.0390919287174,97.23529842819909,11.370083527924336,0.05009517569663083,-0.049185334156387484
3.15,32.63672996380217,52.867689235314344,53,20,75.2345785139886,902.0390919287174,97.23529842819909,11.370083527924336,0.05009517569663083,-0.049185334156387484
3.17,31.844620012103196,52.85396670751103,53,20,75.2345785139886,902.0390919287174,97.23529842819909,11.370083527924336,0.05009517569663083,-0.049185334156387484
3.17,31.306772635075863,52.84699929193683,54,20,75.2345785139886,902.0390919287174,97.23529842819909,11.370083527924336,0.05009517569663083,-0.049185334156387484
3.17,31.848812906495763,52.86518102696335,54,20,75.2345785139886,902.0390919287174,97.23529842819909,11.370083527924336,0.05009517569663083,-0.049185334156387484
3.17,31.028853908755814,52.85993620964462,54,20,75.2345785139886,902.0390919287174,97.23529842819909,11.370083527924336,0.05009517569663083,-0.049185334156387484
3.17,30.903883475193425,52.87343196214973,54,20,75.2345785139886,902.0390919287174,97.23529842819909,11.370083527924336,0.05009517569663083,-0.049185334156387484
3.17,30.141842379985718,52.885713281366876,54,20,75.2345785139886,902.0390919287174,97.23529842819909,11.370083527924336,0.05009517569663083,-0.049185334156387484
3.17,30.28787110582601,52.88666289089828,54,20,75.2345785139886,902.0390919287174,97.23529842819909,11.370083527924336,0.05009517569663083,-0.049185334156387484
3.17,32.02483768122012,52.89685743269483,54,20,75.2345785139886,902.0390919287174,97.23529842819909,11.370083527924336,0.05009517569663083,-0.049185334156387484
3.17,32.68487454341691,52.902798577799174,54,20,75.2345785139886,902.0390919287174,97.23529842819909,11.370083527924336,0.05009517569663083,-0.049185334156387484
3.17,31.154752880882224,52.9165732082112,54,20,75.2345785139886,902.0390919287174,97.23529842819909,11.370083527924336,0.05009517569663083,-0.049185334156387484
3.18,31.12323256441261,52.9027137175406,54,20,75.2345785139886,902.0390919287174,97.23529842819909,11.370083527924336,0.05009517569663083,-0.049185334156387484
3.18,30.89056645714039,52.88991875358349,54,20,75.2345785139886,902.0390919287174,97.23529842819909,11.370083527924336,0.05009517569663083,-0.049185334156387484
3.18,29.514880411515993,52.86840098936051,54,20,75.2345785139886,902.0390919287174,97.23529842819909,11.370083527924336,0.05009517569663083,-0.049185334156387484
3.18,30.192957712169292,52.87008902430662,54,20,75.2345785139886,902.0390919287174,97.23529842819909,11.370083527924336,0.05009517569663083,-0.049185334156387484
3.18,30.72877179716036,52.85935858404352,54,20,75.2345785139886,902.0390919287174,97.23529842819909,11.370083527924336,0.05009517569663083,-0.049185334156387484
3.18,30.84188558983982,52.84607721603235,54,20,75.2345785139886,902.0390919287174,97.23529842819909,11.370083527924336,0.05009517569663083,-0.049185334156387484
3.18,28.946447453241458,52.84669091667717,54,20,75.2345785139886,902.0390919287174,97.23529842819909,11.370083527924336,0.05009517569663083,-0.049185334156387484
3.18,29.607676646967906,52.86857717292946,54,20,75.2345785139886,902.0390919287174,97.23529842819909,11.370083527924336,0.05009517569663083,-0.049185334156387484
3.18,28.135913529350116,52.859740479239186,54,20,75.2345785139886,902.0390919287174,97.23529842819909,11.370083527924336,0.05009517569663083,-0.049185334156387484
3.18,29.36080397831747,52.85214813379555,54,20,75.2345785139886,902.0390919287174,97.23529842819909,11.370083527924336,0.05009517569663083,-0.049185334156387484
3.20,27.671855592876785,52.863019201590674,54,20,75.2345785139886,902.0390919287174,97.23529842819909,11.370083527924336,0.05009517569663083,-0.049185334156387484
3.20,26.5430401847261,52.88254730368979,54,20,75.2345785139886,902.0390919287174,97.23529842819909,11.370083527924336,0.05009517569663083,-0.049185334156387484
3.20,26.84185417665107,52.89511041659839,54,20,75.2345785139886,902.0390919287174,97.23529842819909,11.370083527924336,0.05009517569663083,-0.049185334156387484
3.20,25.114824635636616,52.889996778087074,54,20,75.2345785139886,902.0390919287174,97.23529842819909,11.370083527924336,0.05009517569663083,-0.049185334156387484
3.20,26.991472481079192,52.876257151884595,54,20,75.2345785139886,902.0390919287174,97.23529842819909,11.370083527924336,0.05009517569663083,-0.049185334156387484
3.20,26.89945477270523,52.872604173868496,54,20,75.2345785139886,902.0390919287174,97.23529842819909,11.370083527924336,0.05009517569663083,-0.049185334156387484
3.20,26.70271441039344,52.886790151982915,54,20,75.2345785139886,902.0390919287174,97.23529842819909,11.370083527924336,0.05009517569663083,-0.049185334156387484
3.20,26.27370724549216,52.89082130664972,54,20,75.2345785139886,902.0390919287174,97.23529842819909,11.370083527924336,0.05009517569663083,-0.049185334156387484
3.20,25.545722714369404,52.89444651836948,54,20,75.2345785139886,902.0390919287174,97.23529842819909,11.370083527924336,0.05009517569663083,-0.049185334156387484
3.20,23.846959332196555,52.90279891687936,54,20,75.2345785139886,902.0390919287174,97.23529842819909,11.370083527924336,0.05009517569663083,-0.049185334156387484
3.22,25.58560676662774,52.906278063875114,54,20,75.2345785139886,902.0390919287174,97.23529842819909,11.370083527924336,0.05009517569663083,-0.049185334156387484
3.22,24.46536566314228,52.92021918988979,54,20,75.2345785139886,902.0390919287174,97.23529842819909,11.370083527924336,0.05009517569663083,-0.049185334156387484
3.22,25.946454513221248,52.93354587264144,54,20,75.2345785139886,902.0390919287174,97.23529842819909,11.370083527924336,0.05009517569663083,-0.049185334156387484
3.22,26.852649802599686,52.9367232695595,54,20,75.2345785139886,902.0390919287174,97.23529842819909,11.370083527924336,0.05009517569663083,-0.049185334156387484
3.22,25.046490164128574,52.93849304291438,55,20,75.2345785139886,902.0390919287174,97.23529842819909,11.370083527924336,0.05009517569663083,-0.049185334156387484
3.22,26.625492317476496,52.95209622985225,56,20,75.2345785139886,902.0390919287174,97.23529842819909,11.370083527924336,0.05009517569663083,-0.049185334156387484
3.22,24.67912338459494,52.957814752632366,56,20,75.2345785139886,902.0390919287174,97.23529842819909,11.370083527924336,0.05009517569663083,-0.049185334156387484
3.22,26.372831622646117,52.97123140605279,56,20,75.2345785139886,902.0390919287174,97.23529842819909,11.370083527924336,0.05009517569663083,-0.049185334156387484
3.22,25.713683025090454,52.974855524910275,56,20,75.2345785139886,902.0390919287174,97.23529842819909,11.370083527924336,0.05009517569663083,-0.049185334156387484
3.22,26.524712054203487,52.98332947706233,57,20,75.2345785139886,902.0390919287174,97.23529842819909,11.370083527924336,0.05009517569663083,-0.049185334156387484
3.23,27.293592210890555,52.99113915391299,57,20,75.2345785139886,902.0390919287174,97.23529842819909,11.370083527924336,0.05009517569663083,-0.049185334156387484
3.23,25.84582891766982,52.99347280452507,57,20,75.2345785139886,902.0390919287174,97.23529842819909,11.370083527924336,0.05009517569663083,-0.049185334156387484
3.23,24.923988289185978,52.986707460596335,57,20,75.2345785139886,902.0390919287174,97.23529842819909,11.370083527924336,0.05009517569663083,-0.049185334156387484
3.23,26.20737663149166,53.00031639933183,57,20,75.2345785139886,902.0390919287174,97.23529842819909,11.370083527924336,0.05009517569663083,-0.049185334156387484
3.23,24.4502437913638,53.00656604782358,57,20,75.2345785139886,902.0390919287174,97.23529842819909,11.370083527924336,0.05009517569663083,-0.049185334156387484
3.23,22.84484619992624,53.01067492124123,57,20,75.2345785139886,902.0390919287174,97.23529842819909,11.370083527924336,0.05009517569663083,-0.049185334156387484
3.23,24.398443107575584,53.010993555268456,58,20,75.2345785139886,902.0390919287174,97.23529842819909,11.370083527924336,0.05009517569663083,-0.049185334156387484
3.23,25.175170806542425,53.018219072610336,58,20,75.2345785139886,902.0390919287174,97.23529842819909,11.370083527924336,0.05009517569663083,-0.049185334156387484
3.23,24.433994269256566,53.01800023948782,58,20,75.2345785139886,902.0390919287174,97.23529842819909,11.370083527924336,0.05009517569663083,-0.049185334156387484
3.23,23.52563624730586,53.0296428137009,58,20,75.2345785139886,902.0390919287174,97.23529842819909,11.370083527924336,0.05009517569663083,-0.049185334156387484
3.25,23.976901348724596,53.05080645079535,58,20,75.2345785139886,902.0390919287174,97.23529842819909,11.370083527924336,0.05009517569663083,-0.049185334156387484
3.25,22.92421291917489,53.04091996850903,58,20,75.2345785139886,902.0390919287174,97.23529842819909,11.370083527924336,0.05009517569663083,-0.049185334156387484
3.25,21.34916905320349,53.048479924504946,58,20,75.2345785139886,902.0390919287174,97.23529842819909,11.370083527924336,0.05009517569663083,-0.049185334156387484
3.25,21.566011509468517,53.04348845714278,58,20,75.2345785139886,902.0390919287174,97.23529842819909,11.370083527924336,0.05009517569663083,-0.049185334156387484
3.25,21.542788248213945,53.04667340919794,59,20,75.2345785139886,902.0390919287174,97.23529842819909,11.370083527924336,0.05009517569663083,-0.049185334156387484
3.25,20.068548479705647,53.037920950326345,59,20,75.2345785139886,902.0390919287174,97.23529842819909,11.370083527924336,0.05009517569663083,-0.049185334156387484
3.25,20.40958280065696,53.03350608121516,59,20,75.2345785139886,902.0390919287174,97.23529842819909,11.370083527924336,0.05009517569663083,-0.049185334156387484
3.25,21.16054704794617,53.03244729196178,60,20,75.2345785139886,902.0390919287174,97.23529842819909,11.370083527924336,0.05009517569663083,-0.049185334156387484
3.25,21.7686272143613,53.05053788582245,60,20,75.2345785139886,902.0390919287174,97.23529842819909,11.370083527924336,0.05009517569663083,-0.049185334156387484
3.25,20.524883592000236,53.05113398927854,60,20,75.2345785139886,902.0390919287174,97.23529842819909,11.370083527924336,0.05009517569663083,-0.049185334156387484
3.27,21.996007265233512,53.06500400137789,60,20,75.2345785139886,902.0390919287174,97.23529842819909,11.370083527924336,0.05009517569663083,-0.049185334156387484
3.27,23.214363134538594,53.06155849610582,60,20,75.2345785139886,902.0390919287174,97.23529842819909,11.370083527924336,0.05009517569663083,-0.049185334156387484
3.27,22.257340352812534,53.059286593805055,60,20,75.2345785139886,902.0390919287174,97.23529842819909,11.370083527924336,0.05009517569663083,-0.049185334156387484
3.27,24.080223017152953,53.062817232334154,60,20,75.2345785139886,902.0390919287174,97.23529842819909,11.370083527924336,0.05009517569663083,-0.049185334156387484
3.27,25.33684856492243,53.05274340212671,60,20,75.2345785139886,902.0390919287174,97.23529842819909,11.370083527924336,0.05009517569663083,-0.049185334156387484
3.27,26.100262045186724,53.062100846045794,60,20,75.2345785139886,902.0390919287174,97.23529842819909,11.370083527924336,0.05009517569663083,-0.049185334156387484
3.27,28.086929531395842,53.06225037184519,60,20,75.2345785139886,902.0390919287174,97.23529842819909,11.370083527924336,0.05009517569663083,-0.049185334156387484
3.27,28.31534084446446,53.04834689985146,60,20,75.2345785139886,902.0390919287174,97.23529842819909,11.370083527924336,0.05009517569663083,-0.049185334156387484
3.27,29.637421264578663,53.047339711180555,60,21,75.2345785139886,902.0390919287174,97.23529842819909,11.370083527924336,0.05009517569663083,-0.049185334156387484
3.27,30.457793766962713,53.0503694531155,60,21,75.2345785139886,902.0390919287174,97.23529842819909,11.370083527924336,0.05009517569663083,-0.049185334156387484
3.28,31.17843662081007,53.05284394813276,60,22,75.2345785139886,902.0390919287174,97.23529842819909,11.370083527924336,0.05009517569663083,-0.049185334156387484
3.28,31.331051911008764,53.062037735097306,60,22,75.2345785139886,902.0390919287174,97.23529842819909,11.370083527924336,0.05009517569663083,-0.049185334156387484
3.28,32.94371797538113,53.05373209801764,60,22,75.2345785139886,902.0390919287174,97.23529842819909,11.370083527924336,0.05009517569663083,-0.049185334156387484
3.28,34.89894661590189,53.042841410387496,60,22,75.2345785139886,902.0390919287174,97.23529842819909,11.370083527924336,0.05009517569663083,-0.049185334156387484
3.28,33.903808621247514,53.02789864562884,60,22,75.2345785139886,902.0390919287174,97.23529842819909,11.370083527924336,0.05009517569663083,-0.049185334156387484
3.28,35,53.01892781075124,60,22,75.2345785139886,902.0390919287174,97.23529842819909,11.370083527924336,0.05009517569663083,-0.049185334156387484
3.28,34.46451880096198,53.03847284540235,60,22,75.2345785139886,902.0390919287174,97.23529842819909,11.370083527924336,0.05009517569663083,-0.049185334156387484
3.28,33.2730808830117,53.04576291381127,60,22,75.2345785139886,902.0390919287174,97.23529842819909,11.370083527924336,0.05009517569663083,-0.049185334156387484
3.28,32.27176161276012,53.03939286989499,60,22,75.2345785139886,902.0390919287174,97.23529842819909,11.370083527924336,0.05009517569663083,-0.049185334156387484
3.30,32.23235017174356,53.05385173079255,60,22,75.2345785139886,902.0390919287174,97.23529842819909,11.370083527924336,0.05009517569663083,-0.049185334156387484
3.30,33.987469899189804,53.05002429855862,60,22,75.2345785139886,902.0390919287174,97.23529842819909,11.370083527924336,0.05009517569663083,-0.049185334156387484
3.30,35,53.04039957783524,60,22,75.2345785139886,902.0390919287174,97.23529842819909,11.370083527924336,0.05009517569663083,-0.049185334156387484
3.30,35,53.03553652816654,60,22,75.2345785139886,902.0390919287174,97.23529842819909,11.370083527924336,0.05009517569663083,-0.049185334156387484
3.30,35,53.031904660506065,60,22,75.2345785139886,902.0390919287174,97.23529842819909,11.370083527924336,0.05009517569663083,-0.049185334156387484
3.30,35,53.04594547438086,60,22,75.2345785139886,902.0390919287174,97.23529842819909,11.370083527924336,0.05009517569663083,-0.049185334156387484
3.32,35,53.03777234095482,60,22,75.2345785139886,902.0390919287174,97.23529842819909,11.370083527924336,0.05009517569663083,-0.049185334156387484
3.32,35,53.05939260415077,61,22,75.2345785139886,902.0390919287174,97.23529842819909,11.370083527924336,0.05009517569663083,-0.049185334156387484
3.32,35,53.05623513172852,61,22,75.2345785139886,902.0390919287174,97.23529842819909,11.370083527924336,0.05009517569663083,-0.049185334156387484
3.32,35,53.048981556307446,61,22,75.2345785139886,902.0390919287174,97.23529842819909,11.370083527924336,0.05009517569663083,-0.049185334156387484
3.32,35,53.06285242760058,61,22,75.2345785139886,902.0390919287174,97.23529842819909,11.370083527924336,0.05009517569663083,-0.049185334156387484
3.32,33.699729973500496,53.08121359714323,61,22,75.2345785139886,902.0390919287174,97.23529842819909,11.370083527924336,0.05009517569663083,-0.049185334156387484
3.32,33.8063226209663,53.06776586455067,61,22,75.2345785139886,902.0390919287174,97.23529842819909,11.370083527924336,0.05009517569663083,-0.049185334156387484
3.32,31.965133516929296,53.06627043531257,61,22,75.2345785139886,902.0390919287174,97.23529842819909,11.370083527924336,0.05009517569663083,-0.049185334156387484
3.32,33.3588470494905,53.089455715311736,61,22,75.2345785139886,902.0390919287174,97.23529842819909,11.370083527924336,0.05009517569663083,-0.049185334156387484
3.33,32.21966043777522,53.07713018708362,61,22,75.2345785139886,902.0390919287174,97.23529842819909,11.370083527924336,0.05009517569663083,-0.049185334156387484
3.33,34.09460456520578,53.06757285253093,61,22,75.2345785139886,902.0390919287174,97.23529842819909,11.370083527924336,0.05009517569663083,-0.049185334156387484
3.33,34.9922931616337,53.08198587144824,61,22,75.2345785139886,902.0390919287174,97.23529842819909,11.370083527924336,0.05009517569663083,-0.049185334156387484
3.33,34.52303203217502,53.0949529958365,61,22,75.2345785139886,902.0390919287174,97.23529842819909,11.370083527924336,0.05009517569663083,-0.049185334156387484
3.33,33.06212671986642,53.10638642199926,61,22,75.2345785139886,902.0390919287174,97.23529842819909,11.370083527924336,0.05009517569663083,-0.049185334156387484
3.33,32.6480343038292,53.12317128327491,61,22,75.2345785139886,902.0390919287174,97.23529842819909,11.370083527924336,0.05009517569663083,-0.049185334156387484
3.33,32.830246304918454,53.11900448492122,61,22,75.2345785139886,902.0390919287174,97.23529842819909,11.370083527924336,0.05009517569663083,-0.049185334156387484
3.33,31.559439664609087,53.12897129326165,61,22,75.2345785139886,902.0390919287174,97.23529842819909,11.370083527924336,0.05009517569663083,-0.049185334156387484
3.35,30.523247689072164,53.14748265266822,61,22,75.2345785139886,902.0390919287174,97.23529842819909,11.370083527924336,0.05009517569663083,-0.049185334156387484
3.35,31.78656597587591,53.15501149915474,61,22,75.2345785139886,902.0390919287174,97.23529842819909,11.370083527924336,0.05009517569663083,-0.049185334156387484
3.35,29.912045536347932,53.169321338466716,61,22,75.2345785139886,902.0390919287174,97.23529842819909,11.370083527924336,0.05009517569663083,-0.049185334156387484
3.35,30.55801097249251,53.17489416709648,61,22,75.2345785139886,902.0390919287174,97.23529842819909,11.370083527924336,0.05009517569663083,-0.049185334156387484
3.35,31.690761228191114,53.17833415973643,61,22,75.2345785139886,902.0390919287174,97.23529842819909,11.370083527924336,0.05009517569663083,-0.049185334156387484
3.35,30.301270321529813,53.16982196713548,61,22,75.2345785139886,902.0390919287174,97.23529842819909,11.370083527924336,0.05009517569663083,-0.049185334156387484
3.35,29.02329055479004,53.183741850482576,61,22,75.2345785139886,902.0390919287174,97.23529842819909,11.370083527924336,0.05009517569663083,-0.049185334156387484
3.35,29.04458563182657,53.20289858265717,61,22,75.2345785139886,902.0390919287174,97.23529842819909,11.370083527924336,0.05009517569663083,-0.049185334156387484
3.35,29.908245020326294,53.21908276837669,61,22,75.2345785139886,902.0390919287174,97.23529842819909,11.370083527924336,0.05009517569663083,-0.049185334156387484
3.35,27.967145717214414,53.21839744784119,61,22,75.2345785139886,902.0390919287174,97.23529842819909,11.370083527924336,0.05009517569663083,-0.049185334156387484
3.37,26.906343655032618,53.22947132269523,61,22,75.2345785139886,902.0390919287174,97.23529842819909,11.370083527924336,0.05009517569663083,-0.049185334156387484
3.37,27.913270440468875,53.23748069641769,61,22,75.2345785139886,902.0390919287174,97.23529842819909,11.370083527924336,0.05009517569663083,-0.049185334156387484
3.37,29.579697087364814,53.215866290270355,61,22,75.2345785139886,902.0390919287174,97.23529842819909,11.370083527924336,0.05009517569663083,-0.049185334156387484
3.37,28.834724378769547,53.209570084396454,61,22,75.2345785139886,902.0390919287174,97.23529842819909,11.370083527924336,0.05009517569663083,-0.049185334156387484
3.37,29.43396197326454,53.21531961312882,61,22,75.2345785139886,902.0390919287174,97.23529842819909,11.370083527924336,0.05009517569663083,-0.049185334156387484
3.37,27.63458291203675,53.207871586807116,61,22,75.2345785139886,902.0390919287174,97.23529842819909,11.370083527924336,0.05009517569663083,-0.049185334156387484
3.37,27.164632999730454,53.21401931135373,61,22,75.2345785139886,902.0390919287174,97.23529842819909,11.370083527924336,0.05009517569663083,-0.049185334156387484
3.37,26.678395935900078,53.207735441026934,61,22,75.2345785139886,902.0390919287174,97.23529842819909,11.370083527924336,0.05009517569663083,-0.049185334156387484
3.37,27.088014991769178,53.20969269050283,61,22,75.2345785139886,902.0390919287174,97.23529842819909,11.370083527924336,0.05009517569663083,-0.049185334156387484
3.37,25.14248518807471,53.202150467203985,61,22,75.2345785139886,902.0390919287174,97.23529842819909,11.370083527924336,0.05009517569663083,-0.049185334156387484
3.38,26.027878976048516,53.202701052044816,61,22,75.2345785139886,902.0390919287174,97.23529842819909,11.370083527924336,0.05009517569663083,-0.049185334156387484
3.38,27.787573318584762,53.205284967873396,61,22,75.2345785139886,902.0390919287174,97.23529842819909,11.370083527924336,0.05009517569663083,-0.049185334156387484
3.38,28.359336225939437,53.200412974530856,61,22,75.2345785139886,902.0390919287174,97.23529842819909,11.370083527924336,0.05009517569663083,-0.049185334156387484
3.38,28.26140368079877,53.188872004098926,61,22,75.2345785139886,902.0390919287174,97.23529842819909,11.370083527924336,0.05009517569663083,-0.049185334156387484
3.38,29.67351600381732,53.18947224101699,61,22,75.2345785139886,902.0390919287174,97.23529842819909,11.370083527924336,0.05009517569663083,-0.049185334156387484
3.38,27.986900370530684,53.18508119161768,61,22,75.2345785139886,902.0390919287174,97.23529842819909,11.370083527924336,0.05009517569663083,-0.049185334156387484
3.38,29.248028574262126,53.17386352058015,61,22,75.2345785139886,902.0390919287174,97.23529842819909,11.370083527924336,0.05009517569663083,-0.049185334156387484
3.38,29.827459860018255,53.17428623403927,61,22,75.2345785139886,902.0390919287174,97.23529842819909,11.370083527924336,0.05009517569663083,-0.049185334156387484
3.38,29.25097420266725,53.17086449589628,61,22,75.2345785139886,902.0390919287174,97.23529842819909,11.370083527924336,0.05009517569663083,-0.049185334156387484
3.40,27.838419251713667,53.16868572490846,61,22,75.2345785139886,902.0390919287174,97.23529842819909,11.370083527924336,0.05009517569663083,-0.049185334156387484
3.40,28.717179407664208,53.184021336181296,61,22,75.2345785139886,902.0390919287174,97.23529842819909,11.370083527924336,0.05009517569663083,-0.049185334156387484
3.40,28.241175455774695,53.18501217562362,61,22,75.2345785139886,902.0390919287174,97.23529842819909,11.370083527924336,0.05009517569663083,-0.049185334156387484
3.40,27.582236489698953,53.17350424655732,61,22,75.2345785139886,902.0390919287174,97.23529842819909,11.370083527924336,0.05009517569663083,-0.049185334156387484
3.40,28.88532190961739,53.193021721095036,61,22,75.2345785139886,902.0390919287174,97.23529842819909,11.370083527924336,0.05009517569663083,-0.049185334156387484
3.40,27.827097367202878,53.2065515046452,61,22,75.2345785139886,902.0390919287174,97.23529842819909,11.370083527924336,0.05009517569663083,-0.049185334156387484
3.40,26.617699091147024,53.21116460871294,61,22,75.2345785139886,902.0390919287174,97.23529842819909,11.370083527924336,0.05009517569663083,-0.049185334156387484
3.40,25.496895633415008,53.212562445592226,61,22,75.2345785139886,902.0390919287174,97.23529842819909,11.370083527924336,0.05009517569663083,-0.049185334156387484
3.40,26.721912282299087,53.20807855254798,61,22,75.2345785139886,902.0390919287174,97.23529842819909,11.370083527924336,0.05009517569663083,-0.049185334156387484
3.40,25.909550576770066,53.209900430191134,61,22,75.2345785139886,902.0390919287174,97.23529842819909,11.370083527924336,0.05009517569663083,-0.049185334156387484
3.42,25.870095483050488,53.217681515024466,61,22,75.2345785139886,902.0390919287174,97.23529842819909,11.370083527924336,0.05009517569663083,-0.049185334156387484
3.42,26.01928058573653,53.21389284138494,61,22,75.2345785139886,902.0390919287174,97.23529842819909,11.370083527924336,0.05009517569663083,-0.049185334156387484
3.42,27.88593732272748,53.22025542973876,61,22,75.2345785139886,902.0390919287174,97.23529842819909,11.370083527924336,0.05009517569663083,-0.049185334156387484
3.42,28.536506553936384,53.21915286872307,61,22,75.2345785139886,902.0390919287174,97.23529842819909,11.370083527924336,0.05009517569663083,-0.049185334156387484
3.42,30.097173544874845,53.210598871120084,61,22,75.2345785139886,902.0390919287174,97.23529842819909,11.370083527924336,0.05009517569663083,-0.049185334156387484
3.42,29.243779627702228,53.2168870047096,61,22,75.2345785139886,902.0390919287174,97.23529842819909,11.370083527924336,0.05009517569663083,-0.049185334156387484
3.42,27.74109058096883,53.22874720818333,61,22,75.2345785139886,902.0390919287174,97.23529842819909,11.370083527924336,0.05009517569663083,-0.049185334156387484
3.42,29.479651216211916,53.238972973517185,61,22,75.2345785139886,902.0390919287174,97.23529842819909,11.370083527924336,0.05009517569663083,-0.049185334156387484
3.42,28.9952857180277,53.234457160683185,61,22,75.2345785139886,902.0390919287174,97.23529842819909,11.370083527924336,0.05009517569663083,-0.049185334156387484
3.42,30.52370639056941,53.216767055019794,61,22,75.2345785139886,902.0390919287174,97.23529842819909,11.370083527924336,0.05009517569663083,-0.049185334156387484
3.43,29.295009581579656,53.212615235674114,61,22,75.2345785139886,902.0390919287174,97.23529842819909,11.370083527924336,0.05009517569663083,-0.049185334156387484
3.43,27.749255399263397,53.22889473374357,61,22,75.2345785139886,902.0390919287174,97.23529842819909,11.370083527924336,0.05009517569663083,-0.049185334156387484
3.43,27.012127044529723,53.2243347311128,61,22,75.2345785139886,902.0390919287174,97.23529842819909,11.370083527924336,0.05009517569663083,-0.049185334156387484
3.43,27.492617251060235,53.222767570206315,61,22,75.2345785139886,902.0390919287174,97.23529842819909,11.370083527924336,0.05009517569663083,-0.049185334156387484
3.43,26.18755577580942,53.22226985264961,61,22,75.2345785139886,902.0390919287174,97.23529842819909,11.370083527924336,0.05009517569663083,-0.049185334156387484
3.43,24.56490210850694,53.21556677668166,61,22,75.2345785139886,902.0390919287174,97.23529842819909,11.370083527924336,0.05009517569663083,-0.049185334156387484
3.43,23.717221897027283,53.208972938128944,62,22,75.2345785139886,902.0390919287174,97.23529842819909,11.370083527924336,0.05009517569663083,-0.049185334156387484
3.45,25.49057569000862,53.19857429836874,63,22,75.2345785139886,902.0390919287174,97.23529842819909,11.370083527924336,0.05009517569663083,-0.049185334156387484
3.45,26.017736631546327,53.21451337552302,63,22,75.2345785139886,902.0390919287174,97.23529842819909,11.370083527924336,0.05009517569663083,-0.049185334156387484
3.45,27.202609979028253,53.21213297835326,63,22,75.2345785139886,902.0390919287174,97.23529842819909,11.370083527924336,0.05009517569663083,-0.049185334156387484
3.45,26.44792157623309,53.20610876439104,63,22,75.2345785139886,902.0390919287174,97.23529842819909,11.370083527924336,0.05009517569663083,-0.049185334156387484
3.45,27.424860952485236,53.201698655073535,63,22,75.2345785139886,902.0390919287174,97.23529842819909,11.370083527924336,0.05009517569663083,-0.049185334156387484
3.45,29.06296257852975,53.20832911669711,63,22,75.2345785139886,902.0390919287174,97.23529842819909,11.370083527924336,0.05009517569663083,-0.049185334156387484
3.45,27.756789677494496,53.2140822833759,63,22,75.2345785139886,902.0390919287174,97.23529842819909,11.370083527924336,0.05009517569663083,-0.049185334156387484
3.47,27.522584602771015,53.21303512018238,63,22,75.2345785139886,902.0390919287174,97.23529842819909,11.370083527924336,0.05009517569663083,-0.049185334156387484
3.47,25.96755647115522,53.22198506775911,63,22,75.2345785139886,902.0390919287174,97.23529842819909,11.370083527924336,0.05009517569663083,-0.049185334156387484
3.47,24.16529477705535,53.20977994572382,63,22,75.2345785139886,902.0390919287174,97.23529842819909,11.370083527924336,0.05009517569663083,-0.049185334156387484
3.47,25.36634191098832,53.199502240741346,63,22,75.2345785139886,902.0390919287174,97.23529842819909,11.370083527924336,0.05009517569663083,-0.049185334156387484
3.47,24.54692471256972,53.20680914491134,63,22,75.2345785139886,902.0390919287174,97.23529842819909,11.370083527924336,0.05009517569663083,-0.049185334156387484
3.47,23.189759915125897,53.20933421916208,63,22,75.2345785139886,902.0390919287174,97.23529842819909,11.370083527924336,0.05009517569663083,-0.049185334156387484
3.47,22.986646814724754,53.21446636881605,63,22,75.2345785139886,902.0390919287174,97.23529842819909,11.370083527924336,0.05009517569663083,-0.049185334156387484
3.48,23.372476982344633,53.19733090287453,63,22,75.2345785139886,902.0390919287174,97.23529842819909,11.370083527924336,0.05009517569663083,-0.049185334156387484
3.48,23.698749926358328,53.187138386277795,63,22,75.2345785139886,902.0390919287174,97.23529842819909,11.370083527924336,0.05009517569663083,-0.049185334156387484
3.48,23.121581769410856,53.175699693944104,63,22,75.2345785139886,902.0390919287174,97.23529842819909,11.370083527924336,0.05009517569663083,-0.049185334156387484
3.48,24.274872444537863,53.19368659018838,63,22,75.2345785139886,902.0390919287174,97.23529842819909,11.370083527924336,0.05009517569663083,-0.049185334156387484
3.48,23.117642116374054,53.21661911877244,63,22,75.2345785139886,902.0390919287174,97.23529842819909,11.370083527924336,0.05009517569663083,-0.049185334156387484
3.50,21.892533447132003,53.20036475347388,63,22,75.2345785139886,902.0390919287174,97.23529842819909,11.370083527924336,0.05009517569663083,-0.049185334156387484
3.50,20.557360526308738,53.200780073315826,63,22,75.2345785139886,902.0390919287174,97.23529842819909,11.370083527924336,0.05009517569663083,-0.049185334156387484
3.50,19.688123844020996,53.203432847532426,63,22,75.2345785139886,902.0390919287174,97.23529842819909,11.370083527924336,0.05009517569663083,-0.049185334156387484
3.50,18.37585885238941,53.2235370179222,63,22,75.2345785139886,902.0390919287174,97.23529842819909,11.370083527924336,0.05009517569663083,-0.049185334156387484
3.52,18,53.22903830081701,63,22,75.2345785139886,902.0390919287174,97.23529842819909,11.370083527924336,0.05009517569663083,-0.049185334156387484
3.52,18,53.225332750558024,63,22,75.2345785139886,902.0390919287174,97.23529842819909,11.370083527924336,0.05009517569663083,-0.049185334156387484
3.52,18.29535470856128,53.22097154738402,63,23,75.2345785139886,902.0390919287174,97.23529842819909,11.370083527924336,0.05009517569663083,-0.049185334156387484
3.52,18,53.21712306131753,63,23,75.2345785139886,902.0390919287174,97.23529842819909,11.370083527924336,0.05009517569663083,-0.049185334156387484
3.52,18.43517147661316,53.239194827460764,63,23,75.2345785139886,902.0390919287174,97.23529842819909,11.370083527924336,0.05009517569663083,-0.049185334156387484
3.52,18.136721237394962,53.246603391788405,63,23,75.2345785139886,902.0390919287174,97.23529842819909,11.370083527924336,0.05009517569663083,-0.049185334156387484
3.52,18,53.248249428272594,63,23,75.2345785139886,902.0390919287174,97.23529842819909,11.370083527924336,0.05009517569663083,-0.049185334156387484
3.52,18,53.23708084090814,63,23,75.2345785139886,902.0390919287174,97.23529842819909,11.370083527924336,0.05009517569663083,-0.049185334156387484
3.52,18.768250065767404,53.226817895183764,63,23,75.2345785139886,902.0390919287174,97.23529842819909,11.370083527924336,0.05009517569663083,-0.049185334156387484
3.52,19.79498066216353,53.21791452194875,63,23,75.2345785139886,902.0390919287174,97.23529842819909,11.370083527924336,0.05009517569663083,-0.049185334156387484
3.53,20.519006566147006,53.20830691627978,63,23,75.2345785139886,902.0390919287174,97.23529842819909,11.370083527924336,0.05009517569663083,-0.049185334156387484
3.53,19.42376376033389,53.20977761521264,63,23,75.2345785139886,902.0390919287174,97.23529842819909,11.370083527924336,0.05009517569663083,-0.049185334156387484
3.53,19.407309667003585,53.19466777792695,63,23,75.2345785139886,902.0390919287174,97.23529842819909,11.370083527924336,0.05009517569663083,-0.049185334156387484
3.53,18.51231769349298,53.194128515681555,63,23,75.2345785139886,902.0390919287174,97.23529842819909,11.370083527924336,0.05009517569663083,-0.049185334156387484
3.53,18.515926834102586,53.1926206251498,63,23,75.2345785139886,902.0390919287174,97.23529842819909,11.370083527924336,0.05009517569663083,-0.049185334156387484
3.53,18,53.192677960508014,63,23,75.2345785139886,902.0390919287174,97.23529842819909,11.370083527924336,0.05009517569663083,-0.049185334156387484
3.53,18.754963592870364,53.18267078295153,63,23,75.2345785139886,902.0390919287174,97.23529842819909,11.370083527924336,0.05009517569663083,-0.049185334156387484
3.53,18,53.19751354430863,63,23,75.2345785139886,902.0390919287174,97.23529842819909,11.370083527924336,0.05009517569663083,-0.049185334156387484
3.55,18.302628185791104,53.20722267712592,63,23,75.2345785139886,902.0390919287174,97.23529842819909,11.370083527924336,0.05009517569663083,-0.049185334156387484
3.55,19.62518763594147,53.19835863276824,63,23,75.2345785139886,902.0390919287174,97.23529842819909,11.370083527924336,0.05009517569663083,-0.049185334156387484
3.55,20.646002805008532,53.21183464745166,63,23,75.2345785139886,902.0390919287174,97.23529842819909,11.370083527924336,0.05009517569663083,-0.049185334156387484
3.55,21.37045403596543,53.20121687016491,63,23,75.2345785139886,902.0390919287174,97.23529842819909,11.370083527924336,0.05009517569663083,-0.049185334156387484
3.55,19.493730406580433,53.20406215903983,63,23,75.2345785139886,902.0390919287174,97.23529842819909,11.370083527924336,0.05009517569663083,-0.049185334156387484
3.55,18.1739026836328,53.19886397043448,63,23,75.2345785139886,902.0390919287174,97.23529842819909,11.370083527924336,0.05009517569663083,-0.049185334156387484
3.55,19.95674290946306,53.20694281936531,63,23,75.2345785139886,902.0390919287174,97.23529842819909,11.370083527924336,0.05009517569663083,-0.049185334156387484
3.55,21.47908129619114,53.20646548314285,63,23,75.2345785139886,902.0390919287174,97.23529842819909,11.370083527924336,0.05009517569663083,-0.049185334156387484
3.57,21.493983830176496,53.207513557642415,63,23,75.2345785139886,902.0390919287174,97.23529842819909,11.370083527924336,0.05009517569663083,-0.049185334156387484
3.57,22.848423752027934,53.217896195980686,63,23,75.2345785139886,902.0390919287174,97.23529842819909,11.370083527924336,0.05009517569663083,-0.049185334156387484
3.57,23.560675065424213,53.232060420751154,63,23,75.2345785139886,902.0390919287174,97.23529842819909,11.370083527924336,0.05009517569663083,-0.049185334156387484
3.57,24.66775755670968,53.23452905481111,63,23,75.2345785139886,902.0390919287174,97.23529842819909,11.370083527924336,0.05009517569663083,-0.049185334156387484
3.57,23.32673399048416,53.230178505166506,63,23,75.2345785139886,902.0390919287174,97.23529842819909,11.370083527924336,0.05009517569663083,-0.049185334156387484
3.58,22.030831417319856,53.222739796205744,63,23,75.2345785139886,902.0390919287174,97.23529842819909,11.370083527924336,0.05009517569663083,-0.049185334156387484
3.58,20.793866010526475,53.24686471988808,64,23,75.2345785139886,902.0390919287174,97.23529842819909,11.370083527924336,0.05009517569663083,-0.049185334156387484
3.58,20.160381989890872,53.26199811216929,64,23,75.2345785139886,902.0390919287174,97.23529842819909,11.370083527924336,0.05009517569663083,-0.049185334156387484
3.58,20.057243333002347,53.255397574369766,64,23,75.2345785139886,902.0390919287174,97.23529842819909,11.370083527924336,0.05009517569663083,-0.049185334156387484
3.58,20.535376586067297,53.26019703146437,64,23,75.2345785139886,902.0390919287174,97.23529842819909,11.370083527924336,0.05009517569663083,-0.049185334156387484
3.58,21.499108909349623,53.24507686424083,64,23,75.2345785139886,902.0390919287174,97.23529842819909,11.370083527924336,0.05009517569663083,-0.049185334156387484
3.58,19.825118748306384,53.25023067551865,64,23,75.2345785139886,902.0390919287174,97.23529842819909,11.370083527924336,0.05009517569663083,-0.049185334156387484
3.60,18.127843590925245,53.24761947339785,64,23,75.2345785139886,902.0390919287174,97.23529842819909,11.370083527924336,0.05009517569663083,-0.049185334156387484
3.60,18.651234893297673,53.26432302119387,64,23,75.2345785139886,902.0390919287174,97.23529842819909,11.370083527924336,0.05009517569663083,-0.049185334156387484
3.60,19.009561323906613,53.2612427468068,64,23,75.2345785139886,902.0390919287174,97.23529842819909,11.370083527924336,0.05009517569663083,-0.049185334156387484
3.60,18,53.26379050385958,64,23,75.2345785139886,902.0390919287174,97.23529842819909,11.370083527924336,0.05009517569663083,-0.049185334156387484
3.60,18.50043669737356,53.26464475387176,64,23,75.2345785139886,902.0390919287174,97.23529842819909,11.370083527924336,0.05009517569663083,-0.049185334156387484
3.62,18.71715279709851,53.28033479233078,64,23,75.2345785139886,902.0390919287174,97.23529842819909,11.370083527924336,0.05009517569663083,-0.049185334156387484
3.62,18,53.29315151208716,64,23,75.2345785139886,902.0390919287174,97.23529842819909,11.370083527924336,0.05009517569663083,-0.049185334156387484
3.63,19.04841947019926,53.288414051477766,64,23,75.2345785139886,902.0390919287174,97.23529842819909,11.370083527924336,0.05009517569663083,-0.049185334156387484
3.63,18,53.296993098586654,64,23,75.2345785139886,902.0390919287174,97.23529842819909,11.370083527924336,0.05009517569663083,-0.049185334156387484
3.63,19.428005132479026,53.29254718721619,64,23,75.2345785139886,902.0390919287174,97.23529842819909,11.370083527924336,0.05009517569663083,-0.049185334156387484
3.63,20.631824792787278,53.288207240885605,64,23,75.2345785139886,902.0390919287174,97.23529842819909,11.370083527924336,0.05009517569663083,-0.049185334156387484
3.63,20.832372440987296,53.277003532990584,64,23,75.2345785139886,902.0390919287174,97.23529842819909,11.370083527924336,0.05009517569663083,-0.049185334156387484
3.63,22.633046683118348,53.27958105607566,64,23,75.2345785139886,902.0390919287174,97.23529842819909,11.370083527924336,0.05009517569663083,-0.049185334156387484
3.63,24.56075371680231,53.25978128926897,64,23,75.2345785139886,902.0390919287174,97.23529842819909,11.370083527924336,0.05009517569663083,-0.049185334156387484
3.63,22.702073531172175,53.25925380826287,64,23,75.2345785139886,902.0390919287174,97.23529842819909,11.370083527924336,0.05009517569663083,-0.049185334156387484
3.63,20.979789265481312,53.2690304994421,64,23,75.2345785139886,902.0390919287174,97.23529842819909,11.370083527924336,0.05009517569663083,-0.049185334156387484
3.63,21.58952882996398,53.27912278254367,64,23,75.2345785139886,902.0390919287174,97.23529842819909,11.370083527924336,0.05009517569663083,-0.049185334156387484
3.65,21.88800146123691,53.26347150637126,64,23,75.2345785139886,902.0390919287174,97.23529842819909,11.370083527924336,0.05009517569663083,-0.049185334156387484
3.65,22.04970077052747,53.274037122315015,64,23,75.2345785139886,902.0390919287174,97.23529842819909,11.370083527924336,0.05009517569663083,-0.049185334156387484
3.65,20.245602414325607,53.266610126973404,64,23,75.2345785139886,902.0390919287174,97.23529842819909,11.370083527924336,0.05009517569663083,-0.049185334156387484
3.65,19.981064227883472,53.25721293250591,64,23,75.2345785139886,902.0390919287174,97.23529842819909,11.370083527924336,0.05009517569663083,-0.049185334156387484
3.67,18.88120332782022,53.27605343620982,64,23,75.2345785139886,902.0390919287174,97.23529842819909,11.370083527924336,0.05009517569663083,-0.049185334156387484
3.67,18,53.290500700450686,64,23,75.2345785139886,902.0390919287174,97.23529842819909,11.370083527924336,0.05009517569663083,-0.049185334156387484
3.67,18,53.300988560213504,64,23,75.2345785139886,902.0390919287174,97.23529842819909,11.370083527924336,0.05009517569663083,-0.049185334156387484
3.67,18.686267037691085,53.30302482233548,64,23,75.2345785139886,902.0390919287174,97.23529842819909,11.370083527924336,0.05009517569663083,-0.049185334156387484
3.67,20.30864338200336,53.30951957033961,64,23,75.2345785139886,902.0390919287174,97.23529842819909,11.370083527924336,0.05009517569663083,-0.049185334156387484
3.67,20.735240202298716,53.313065341343936,64,23,75.2345785139886,902.0390919287174,97.23529842819909,11.370083527924336,0.05009517569663083,-0.049185334156387484
3.67,21.8760891101024,53.305359273856666,64,23,75.2345785139886,902.0390919287174,97.23529842819909,11.370083527924336,0.05009517569663083,-0.049185334156387484
3.68,22.881275103305107,53.29175777708547,64,23,75.2345785139886,902.0390919287174,97.23529842819909,11.370083527924336,0.05009517569663083,-0.049185334156387484
3.68,23.067276256452846,53.29258174327255,65,23,75.2345785139886,902.0390919287174,97.23529842819909,11.370083527924336,0.05009517569663083,-0.049185334156387484
3.68,23.89426786195875,53.31128569503751,65,23,75.2345785139886,902.0390919287174,97.23529842819909,11.370083527924336,0.05009517569663083,-0.049185334156387484
3.68,24.35845507952703,53.31863662971885,65,23,75.2345785139886,902.0390919287174,97.23529842819909,11.370083527924336,0.05009517569663083,-0.049185334156387484
3.68,25.764673080862845,53.31519202701142,65,23,75.2345785139886,902.0390919287174,97.23529842819909,11.370083527924336,0.05009517569663083,-0.049185334156387484
3.68,24.383585984474355,53.300648496893885,65,23,75.2345785139886,902.0390919287174,97.23529842819909,11.370083527924336,0.05009517569663083,-0.049185334156387484
3.68,24.774493951290346,53.29663378522303,65,23,75.2345785139886,902.0390919287174,97.23529842819909,11.370083527924336,0.05009517569663083,-0.049185334156387484
3.68,23.292121853540166,53.30099012785815,65,23,75.2345785139886,902.0390919287174,97.23529842819909,11.370083527924336,0.05009517569663083,-0.049185334156387484
3.68,24.715490434165357,53.31184465438814,65,23,75.2345785139886,902.0390919287174,97.23529842819909,11.370083527924336,0.05009517569663083,-0.049185334156387484
3.68,22.942544503402505,53.3172580930262,65,23,75.2345785139886,902.0390919287174,97.23529842819909,11.370083527924336,0.05009517569663083,-0.049185334156387484
3.70,23.549877317610658,53.30557387768139,65,23,75.2345785139886,902.0390919287174,97.23529842819909,11.370083527924336,0.05009517569663083,-0.049185334156387484
3.70,23.846467822989617,53.2927864351636,65,23,75.2345785139886,902.0390919287174,97.23529842819909,11.370083527924336,0.05009517569663083,-0.049185334156387484
3.70,24.300418259550867,53.28634646624899,65,23,75.2345785139886,902.0390919287174,97.23529842819909,11.370083527924336,0.05009517569663083,-0.049185334156387484
3.70,24.13624082882475,53.286990194705794,65,23,75.2345785139886,902.0390919287174,97.23529842819909,11.370083527924336,0.05009517569663083,-0.049185334156387484
3.70,25.9606642380531,53.275437671443164,65,23,75.2345785139886,902.0390919287174,97.23529842819909,11.370083527924336,0.05009517569663083,-0.049185334156387484
3.70,26.23987384942923,53.28108433069047,65,23,75.2345785139886,902.0390919287174,97.23529842819909,11.370083527924336,0.05009517569663083,-0.049185334156387484
3.70,27.97243927506446,53.28319472337949,65,23,75.2345785139886,902.0390919287174,97.23529842819909,11.370083527924336,0.05009517569663083,-0.049185334156387484
3.70,27.505459895834175,53.289303537217826,65,23,75.2345785139886,902.0390919287174,97.23529842819909,11.370083527924336,0.05009517569663083,-0.049185334156387484
3.72,28.125749317560015,53.30719453530179,65,23,75.2345785139886,902.0390919287174,97.23529842819909,11.370083527924336,0.05009517569663083,-0.049185334156387484
3.72,28.467287328011064,53.30265217152272,65,23,75.2345785139886,902.0390919287174,97.23529842819909,11.370083527924336,0.05009517569663083,-0.049185334156387484
3.72,27.29155720457747,53.309147609288516,65,23,75.2345785139886,902.0390919287174,97.23529842819909,11.370083527924336,0.05009517569663083,-0.049185334156387484
3.72,27.516500553522164,53.32470948796579,65,23,75.2345785139886,902.0390919287174,97.23529842819909,11.370083527924336,0.05009517569663083,-0.049185334156387484
3.72,26.910883074637663,53.33179523085246,65,23,75.2345785139886,902.0390919287174,97.23529842819909,11.370083527924336,0.05009517569663083,-0.049185334156387484
3.72,28.70343018324349,53.31665619435948,65,23,75.2345785139886,902.0390919287174,97.23529842819909,11.370083527924336,0.05009517569663083,-0.049185334156387484
3.72,28.744966966083595,53.33412411695438,66,23,75.2345785139886,902.0390919287174,97.23529842819909,11.370083527924336,0.05009517569663083,-0.049185334156387484
3.72,28.207712379431417,53.3382504727141,66,23,75.2345785139886,902.0390919287174,97.23529842819909,11.370083527924336,0.05009517569663083,-0.049185334156387484
3.72,26.990324608037035,53.33909949340378,66,23,75.2345785139886,902.0390919287174,97.23529842819909,11.370083527924336,0.05009517569663083,-0.049185334156387484
3.72,26.71145388522194,53.33047718450382,66,23,75.2345785139886,902.0390919287174,97.23529842819909,11.370083527924336,0.05009517569663083,-0.049185334156387484
3.73,26.50701930763809,53.3369755136956,66,23,75.2345785139886,902.0390919287174,97.23529842819909,11.370083527924336,0.05009517569663083,-0.049185334156387484
3.73,25.79793362686888,53.333051029979394,66,23,75.2345785139886,902.0390919287174,97.23529842819909,11.370083527924336,0.05009517569663083,-0.049185334156387484
3.73,24.50336790251781,53.32216063756047,66,23,75.2345785139886,902.0390919287174,97.23529842819909,11.370083527924336,0.05009517569663083,-0.049185334156387484
3.73,26.25695089276325,53.3136497703421,67,23,75.2345785139886,902.0390919287174,97.23529842819909,11.370083527924336,0.05009517569663083,-0.049185334156387484
3.73,27.866248290107364,53.31159949760486,67,23,75.2345785139886,902.0390919287174,97.23529842819909,11.370083527924336,0.05009517569663083,-0.049185334156387484
3.73,26.776119764521223,53.311420802695864,67,23,75.2345785139886,902.0390919287174,97.23529842819909,11.370083527924336,0.05009517569663083,-0.049185334156387484
3.73,25.56470211848899,53.33195248611206,67,23,75.2345785139886,902.0390919287174,97.23529842819909,11.370083527924336,0.05009517569663083,-0.049185334156387484
3.73,27.4003192781182,53.327036127726764,67,23,75.2345785139886,902.0390919287174,97.23529842819909,11.370083527924336,0.05009517569663083,-0.049185334156387484
3.75,27.246875894152634,53.32063993646508,67,23,75.2345785139886,902.0390919287174,97.23529842819909,11.370083527924336,0.05009517569663083,-0.049185334156387484
3.75,27.076641719441024,53.33064563296993,67,23,75.2345785139886,902.0390919287174,97.23529842819909,11.370083527924336,0.05009517569663083,-0.049185334156387484
3.75,26.12018745411505,53.3451004077705,68,23,75.2345785139886,902.0390919287174,97.23529842819909,11.370083527924336,0.05009517569663083,-0.049185334156387484
3.75,24.623899309356343,53.34345808477318,68,23,75.2345785139886,902.0390919287174,97.23529842819909,11.370083527924336,0.05009517569663083,-0.049185334156387484
3.75,26.398655942121668,53.34573387147408,68,23,75.2345785139886,902.0390919287174,97.23529842819909,11.370083527924336,0.05009517569663083,-0.049185334156387484
3.75,25.940922188565665,53.35054636705445,68,23,75.2345785139886,902.0390919287174,97.23529842819909,11.370083527924336,0.05009517569663083,-0.049185334156387484
3.75,27.23755859935316,53.369727813729476,68,23,75.2345785139886,902.0390919287174,97.23529842819909,11.370083527924336,0.05009517569663083,-0.049185334156387484
3.75,28.08686939929475,53.36343422980728,68,23,75.2345785139886,902.0390919287174,97.23529842819909,11.370083527924336,0.05009517569663083,-0.049185334156387484
3.75,27.516110993519664,53.35456212750662,68,23,75.2345785139886,902.0390919287174,97.23529842819909,11.370083527924336,0.05009517569663083,-0.049185334156387484
3.75,28.40002382239623,53.33463513663233,68,23,75.2345785139886,902.0390919287174,97.23529842819909,11.370083527924336,0.05009517569663083,-0.049185334156387484
3.77,26.80333814166164,53.337674858043584,68,23,75.2345785139886,902.0390919287174,97.23529842819909,11.370083527924336,0.05009517569663083,-0.049185334156387484
3.77,25.03432549033917,53.31792364288573,68,23,75.2345785139886,902.0390919287174,97.23529842819909,11.370083527924336,0.05009517569663083,-0.049185334156387484
3.77,24.035688050468675,53.30061913514492,68,23,75.2345785139886,902.0390919287174,97.23529842819909,11.370083527924336,0.05009517569663083,-0.049185334156387484
3.77,23.615637590315743,53.2956996721486,68,23,75.2345785139886,902.0390919287174,97.23529842819909,11.370083527924336,0.05009517569663083,-0.049185334156387484
3.77,22.01144560335292,53.30775646032507,68,23,75.2345785139886,902.0390919287174,97.23529842819909,11.370083527924336,0.05009517569663083,-0.049185334156387484
3.77,22.169410362543918,53.30263488459893,68,23,75.2345785139886,902.0390919287174,97.23529842819909,11.370083527924336,0.05009517569663083,-0.049185334156387484
3.77,20.36497238091768,53.285355425699194,68,23,75.2345785139886,902.0390919287174,97.23529842819909,11.370083527924336,0.05009517569663083,-0.049185334156387484
3.77,21.074763919813336,53.301186417407436,68,23,75.2345785139886,902.0390919287174,97.23529842819909,11.370083527924336,0.05009517569663083,-0.049185334156387484
3.77,20.54463019050843,53.30360889924653,68,23,75.2345785139886,902.0390919287174,97.23529842819909,11.370083527924336,0.05009517569663083,-0.049185334156387484
3.78,19.674742802513837,53.29692809801882,68,23,75.2345785139886,902.0390919287174,97.23529842819909,11.370083527924336,0.05009517569663083,-0.049185334156387484
3.78,21.167584280426535,53.299349527718014,69,23,75.2345785139886,902.0390919287174,97.23529842819909,11.370083527924336,0.05009517569663083,-0.049185334156387484
3.78,20.998790813398696,53.31884539793707,69,23,75.2345785139886,902.0390919287174,97.23529842819909,11.370083527924336,0.05009517569663083,-0.049185334156387484
3.78,21.535209209215882,53.318464209113145,69,23,75.2345785139886,902.0390919287174,97.23529842819909,11.370083527924336,0.05009517569663083,-0.049185334156387484
3.78,21.015776381876943,53.32407601515119,69,23,75.2345785139886,902.0390919287174,97.23529842819909,11.370083527924336,0.05009517569663083,-0.049185334156387484
3.78,20.985469744340033,53.32789719150743,69,23,75.2345785139886,902.0390919287174,97.23529842819909,11.370083527924336,0.05009517569663083,-0.049185334156387484
3.78,19.78516858990115,53.32846966559182,69,23,75.2345785139886,902.0390919287174,97.23529842819909,11.370083527924336,0.05009517569663083,-0.049185334156387484
3.80,21.519055255378507,53.32828723572896,69,23,75.2345785139886,902.0390919287174,97.23529842819909,11.370083527924336,0.05009517569663083,-0.049185334156387484
3.80,21.962204615352654,53.336015705568926,70,23,75.2345785139886,902.0390919287174,97.23529842819909,11.370083527924336,0.05009517569663083,-0.049185334156387484
3.80,20.935625859387052,53.32747091340214,70,23,75.2345785139886,902.0390919287174,97.23529842819909,11.370083527924336,0.05009517569663083,-0.049185334156387484
3.80,21.31687059188526,53.309574517982,70,23,75.2345785139886,902.0390919287174,97.23529842819909,11.370083527924336,0.05009517569663083,-0.049185334156387484
3.80,20.6207588140912,53.30543366735216,70,23,75.2345785139886,902.0390919287174,97.23529842819909,11.370083527924336,0.05009517569663083,-0.049185334156387484
3.80,20.245345490673905,53.31745324426069,70,23,75.2345785139886,902.0390919287174,97.23529842819909,11.370083527924336,0.05009517569663083,-0.049185334156387484
3.80,20.363044782789625,53.31344702466629,70,23,75.2345785139886,902.0390919287174,97.23529842819909,11.370083527924336,0.05009517569663083,-0.049185334156387484
3.80,22.12639326389531,53.31022321701942,70,23,75.2345785139886,902.0390919287174,97.23529842819909,11.370083527924336,0.05009517569663083,-0.049185334156387484
3.80,20.622658051640578,53.31852437919114,70,23,75.2345785139886,902.0390919287174,97.23529842819909,11.370083527924336,0.05009517569663083,-0.049185334156387484
3.80,22.508007424299397,53.31775243491614,71,23,75.2345785139886,902.0390919287174,97.23529842819909,11.370083527924336,0.05009517569663083,-0.049185334156387484
3.82,23.64902609857222,53.30544641815899,71,23,75.2345785139886,902.0390919287174,97.23529842819909,11.370083527924336,0.05009517569663083,-0.049185334156387484
3.82,25.067334446930992,53.30385453845135,71,23,75.2345785139886,902.0390919287174,97.23529842819909,11.370083527924336,0.05009517569663083,-0.049185334156387484
3.82,24.52719876589182,53.29026852895759,71,23,75.2345785139886,902.0390919287174,97.23529842819909,11.370083527924336,0.05009517569663083,-0.049185334156387484
3.82,25.487090272091887,53.30300822051855,71,23,75.2345785139886,902.0390919287174,97.23529842819909,11.370083527924336,0.05009517569663083,-0.049185334156387484
3.82,26.137229057035857,53.29340737182405,71,23,75.2345785139886,902.0390919287174,97.23529842819909,11.370083527924336,0.05009517569663083,-0.049185334156387484
3.82,27.819748488799153,53.28850479798552,71,23,75.2345785139886,902.0390919287174,97.23529842819909,11.370083527924336,0.05009517569663083,-0.049185334156387484
3.82,28.56055678657274,53.27188215370277,71,23,75.2345785139886,902.0390919287174,97.23529842819909,11.370083527924336,0.05009517569663083,-0.049185334156387484
3.82,28.609115414361156,53.28529793890909,71,23,75.2345785139886,902.0390919287174,97.23529842819909,11.370083527924336,0.05009517569663083,-0.049185334156387484
3.82,29.279126672572133,53.28554388329419,71,23,75.2345785139886,902.0390919287174,97.23529842819909,11.370083527924336,0.05009517569663083,-0.049185334156387484
3.82,27.858763564455074,53.296190534980084,71,23,75.2345785139886,902.0390919287174,97.23529842819909,11.370083527924336,0.05009517569663083,-0.049185334156387484
3.83,27.820932768285765,53.30304011493115,71,23,75.2345785139886,902.0390919287174,97.23529842819909,11.370083527924336,0.05009517569663083,-0.049185334156387484
3.83,29.630806487177594,53.30656658298174,71,23,75.2345785139886,902.0390919287174,97.23529842819909,11.370083527924336,0.05009517569663083,-0.049185334156387484
3.83,30.424403169445323,53.32569261716658,71,23,75.2345785139886,902.0390919287174,97.23529842819909,11.370083527924336,0.05009517569663083,-0.049185334156387484
3.83,31.03027505457979,53.31690898738025,71,23,75.2345785139886,902.0390919287174,97.23529842819909,11.370083527924336,0.05009517569663083,-0.049185334156387484
3.83,29.43337589655463,53.29820818736591,71,23,75.2345785139886,902.0390919287174,97.23529842819909,11.370083527924336,0.05009517569663083,-0.049185334156387484
3.83,31.400342646751675,53.291271146146876,71,23,75.2345785139886,902.0390919287174,97.23529842819909,11.370083527924336,0.05009517569663083,-0.049185334156387484
3.83,31.65750244605434,53.277699033640054,72,23,75.2345785139886,902.0390919287174,97.23529842819909,11.370083527924336,0.05009517569663083,-0.049185334156387484
3.83,31.791478635056137,53.28984651658936,72,23,75.2345785139886,902.0390919287174,97.23529842819909,11.370083527924336,0.05009517569663083,-0.049185334156387484
3.83,33.45034134075382,53.300631180023935,72,23,75.2345785139886,902.0390919287174,97.23529842819909,11.370083527924336,0.05009517569663083,-0.049185334156387484
3.85,32.5051399738987,53.32013682539631,72,23,75.2345785139886,902.0390919287174,97.23529842819909,11.370083527924336,0.05009517569663083,-0.049185334156387484
3.85,33.55890293574214,53.31513098846509,72,23,75.2345785139886,902.0390919287174,97.23529842819909,11.370083527924336,0.05009517569663083,-0.049185334156387484
3.85,35,53.32196465085033,72,23,75.2345785139886,902.0390919287174,97.23529842819909,11.370083527924336,0.05009517569663083,-0.049185334156387484
3.85,33.050251852455325,53.31035225662274,72,23,75.2345785139886,902.0390919287174,97.23529842819909,11.370083527924336,0.05009517569663083,-0.049185334156387484
3.85,32.09669757436896,53.324207916873384,72,23,75.2345785139886,902.0390919287174,97.23529842819909,11.370083527924336,0.05009517569663083,-0.049185334156387484
3.85,31.616378466033197,53.32597031168974,72,23,75.2345785139886,902.0390919287174,97.23529842819909,11.370083527924336,0.05009517569663083,-0.049185334156387484
3.85,30.016390669714784,53.31958571854976,72,23,75.2345785139886,902.0390919287174,97.23529842819909,11.370083527924336,0.05009517569663083,-0.049185334156387484
3.87,30.363369788315545,53.316143300125866,72,23,75.2345785139886,902.0390919287174,97.23529842819909,11.370083527924336,0.05009517569663083,-0.049185334156387484
3.87,28.67534816337664,53.302571698856426,72,23,75.2345785139886,902.0390919287174,97.23529842819909,11.370083527924336,0.05009517569663083,-0.049185334156387484
3.88,28.978679623239803,53.321842069073824,72,23,75.2345785139886,902.0390919287174,97.23529842819909,11.370083527924336,0.05009517569663083,-0.049185334156387484
3.88,27.09769052711285,53.315871196106734,72,23,75.2345785139886,902.0390919287174,97.23529842819909,11.370083527924336,0.05009517569663083,-0.049185334156387484
3.88,25.51197820629148,53.30839030174129,72,23,75.2345785139886,902.0390919287174,97.23529842819909,11.370083527924336,0.05009517569663083,-0.049185334156387484
3.88,24.078518976207153,53.308913695574134,72,23,75.2345785139886,902.0390919287174,97.23529842819909,11.370083527924336,0.05009517569663083,-0.049185334156387484
3.90,24.091690759315096,53.30450444385571,72,23,75.2345785139886,902.0390919287174,97.23529842819909,11.370083527924336,0.05009517569663083,-0.049185334156387484
3.90,22.358851926211816,53.303708364036545,72,23,75.2345785139886,902.0390919287174,97.23529842819909,11.370083527924336,0.05009517569663083,-0.049185334156387484
3.90,23.264864341461568,53.29889053345811,72,23,75.2345785139886,902.0390919287174,97.23529842819909,11.370083527924336,0.05009517569663083,-0.049185334156387484
3.90,23.905866951591477,53.314997102815674,72,23,75.2345785139886,902.0390919287174,97.23529842819909,11.370083527924336,0.05009517569663083,-0.049185334156387484
3.90,24.077135068794917,53.318939232575424,72,23,75.2345785139886,902.0390919287174,97.23529842819909,11.370083527924336,0.05009517569663083,-0.049185334156387484
3.90,22.59151222511838,53.31438758169849,72,23,75.2345785139886,902.0390919287174,97.23529842819909,11.370083527924336,0.05009517569663083,-0.049185334156387484
3.90,22.012294981616225,53.32633586784434,72,23,75.2345785139886,902.0390919287174,97.23529842819909,11.370083527924336,0.05009517569663083,-0.049185334156387484
3.92,22.154292377739168,53.335947007044936,72,23,75.2345785139886,902.0390919287174,97.23529842819909,11.370083527924336,0.05009517569663083,-0.049185334156387484
3.92,22.390209800215477,53.344097082667204,72,23,75.2345785139886,902.0390919287174,97.23529842819909,11.370083527924336,0.05009517569663083,-0.049185334156387484
3.92,21.525476463231374,53.33043084023232,72,23,75.2345785139886,902.0390919287174,97.23529842819909,11.370083527924336,0.05009517569663083,-0.049185334156387484
3.92,20.277630231129674,53.341687048935974,72,23,75.2345785139886,902.0390919287174,97.23529842819909,11.370083527924336,0.05009517569663083,-0.049185334156387484
3.93,20.602523397255254,53.33721615485401,72,23,75.2345785139886,902.0390919287174,97.23529842819909,11.370083527924336,0.05009517569663083,-0.049185334156387484
3.93,22.58479490844913,53.344473581100516,72,23,75.2345785139886,902.0390919287174,97.23529842819909,11.370083527924336,0.05009517569663083,-0.049185334156387484
3.93,20.955245064933038,53.345714843032674,72,23,75.2345785139886,902.0390919287174,97.23529842819909,11.370083527924336,0.05009517569663083,-0.049185334156387484
3.93,21.002436367247988,53.32872251854459,72,23,75.2345785139886,902.0390919287174,97.23529842819909,11.370083527924336,0.05009517569663083,-0.049185334156387484
3.93,20.727055969329662,53.34049713200655,72,23,75.2345785139886,902.0390919287174,97.23529842819909,11.370083527924336,0.05009517569663083,-0.049185334156387484
3.93,19.1644315402581,53.353382859719225,73,23,75.2345785139886,902.0390919287174,97.23529842819909,11.370083527924336,0.05009517569663083,-0.049185334156387484
3.95,18.76669168632316,53.351115141595976,73,23,75.2345785139886,902.0390919287174,97.23529842819909,11.370083527924336,0.05009517569663083,-0.049185334156387484
3.95,18,53.359893969369374,73,23,75.2345785139886,902.0390919287174,97.23529842819909,11.370083527924336,0.05009517569663083,-0.049185334156387484
3.95,18.19811179787986,53.37458423763079,73,23,75.2345785139886,902.0390919287174,97.23529842819909,11.370083527924336,0.05009517569663083,-0.049185334156387484
3.95,18,53.36440555432212,73,23,75.2345785139886,902.0390919287174,97.23529842819909,11.370083527924336,0.05009517569663083,-0.049185334156387484
3.97,18,53.383365053113856,73,23,75.2345785139886,902.0390919287174,97.23529842819909,11.370083527924336,0.05009517569663083,-0.049185334156387484
3.97,18,53.39606511561292,73,23,75.2345785139886,902.0390919287174,97.23529842819909,11.370083527924336,0.05009517569663083,-0.049185334156387484
3.97,19.760269582298193,53.4066961462137,73,23,75.2345785139886,902.0390919287174,97.23529842819909,11.370083527924336,0.05009517569663083,-0.049185334156387484
3.97,21.162542183498356,53.41052702602716,73,23,75.2345785139886,902.0390919287174,97.23529842819909,11.370083527924336,0.05009517569663083,-0.049185334156387484
3.97,19.332691782099637,53.40665060508601,73,23,75.2345785139886,902.0390919287174,97.23529842819909,11.370083527924336,0.05009517569663083,-0.049185334156387484
3.97,18,53.41410611050416,73,23,75.2345785139886,902.0390919287174,97.23529842819909,11.370083527924336,0.05009517569663083,-0.049185334156387484
3.97,18,53.418041587075784,73,23,75.2345785139886,902.0390919287174,97.23529842819909,11.370083527924336,0.05009517569663083,-0.049185334156387484
3.97,19.7479433157968,53.4110784588927,73,23,75.2345785139886,902.0390919287174,97.23529842819909,11.370083527924336,0.05009517569663083,-0.049185334156387484
3.97,20.420520929350545,53.41155606095638,73,23,75.2345785139886,902.0390919287174,97.23529842819909,11.370083527924336,0.05009517569663083,-0.049185334156387484
3.98,21.158676670919817,53.41682756711948,73,23,75.2345785139886,902.0390919287174,97.23529842819909,11.370083527924336,0.05009517569663083,-0.049185334156387484
3.98,20.331886150891233,53.41054580562457,73,23,75.2345785139886,902.0390919287174,97.23529842819909,11.370083527924336,0.05009517569663083,-0.049185334156387484
3.98,20.93623689908717,53.42522632963967,73,23,75.2345785139886,902.0390919287174,97.23529842819909,11.370083527924336,0.05009517569663083,-0.049185334156387484
3.98,21.696769883590687,53.41748012073694,73,23,75.2345785139886,902.0390919287174,97.23529842819909,11.370083527924336,0.05009517569663083,-0.049185334156387484
3.98,22.571048016378555,53.426324662018395,73,23,75.2345785139886,902.0390919287174,97.23529842819909,11.370083527924336,0.05009517569663083,-0.049185334156387484
3.98,21.438717567439767,53.42341654191244,73,23,75.2345785139886,902.0390919287174,97.23529842819909,11.370083527924336,0.05009517569663083,-0.049185334156387484
3.98,20.488151120316772,53.4254727674999,73,23,75.2345785139886,902.0390919287174,97.23529842819909,11.370083527924336,0.05009517569663083,-0.049185334156387484
3.98,19.24261661540476,53.42016505121326,73,23,75.2345785139886,902.0390919287174,97.23529842819909,11.370083527924336,0.05009517569663083,-0.049185334156387484
4.00,18,53.41554728148879,73,23,75.2345785139886,902.0390919287174,97.23529842819909,11.370083527924336,0.05009517569663083,-0.049185334156387484
4.00,18.068268012760107,53.422645797594704,73,23,75.2345785139886,902.0390919287174,97.23529842819909,11.370083527924336,0.05009517569663083,-0.049185334156387484
4.00,18.09627100079589,53.42611026447172,73,23,75.2345785139886,902.0390919287174,97.23529842819909,11.370083527924336,0.05009517569663083,-0.049185334156387484
4.00,18.935054031588813,53.4235528864338,73,23,75.2345785139886,902.0390919287174,97.23529842819909,11.370083527924336,0.05009517569663083,-0.049185334156387484
4.00,20.45683695567746,53.414347564774324,73,23,75.2345785139886,902.0390919287174,97.23529842819909,11.370083527924336,0.05009517569663083,-0.049185334156387484
4.00,19.59362651003671,53.41715686985274,73,23,75.2345785139886,902.0390919287174,97.23529842819909,11.370083527924336,0.05009517569663083,-0.049185334156387484
4.02,19.776850863756316,53.435386080031925,73,23,75.2345785139886,902.0390919287174,97.23529842819909,11.370083527924336,0.05009517569663083,-0.049185334156387484
4.02,21.757434392321443,53.44653875025236,73,23,75.2345785139886,902.0390919287174,97.23529842819909,11.370083527924336,0.05009517569663083,-0.049185334156387484
4.02,20.35497044795763,53.46586978018432,73,23,75.2345785139886,902.0390919287174,97.23529842819909,11.370083527924336,0.05009517569663083,-0.049185334156387484
4.02,21.06481705730791,53.4679386537664,73,23,75.2345785139886,902.0390919287174,97.23529842819909,11.370083527924336,0.05009517569663083,-0.049185334156387484
4.02,19.925083630074806,53.48354793444453,73,23,75.2345785139886,902.0390919287174,97.23529842819909,11.370083527924336,0.05009517569663083,-0.049185334156387484
4.02,19.634104690862294,53.48181259281501,73,23,75.2345785139886,902.0390919287174,97.23529842819909,11.370083527924336,0.05009517569663083,-0.049185334156387484
4.02,18.53506967672175,53.487159384672914,73,23,75.2345785139886,902.0390919287174,97.23529842819909,11.370083527924336,0.05009517569663083,-0.049185334156387484
4.02,19.97715051082544,53.50327440826749,73,23,75.2345785139886,902.0390919287174,97.23529842819909,11.370083527924336,0.05009517569663083,-0.049185334156387484
4.03,19.24587413221938,53.51340793520659,73,23,75.2345785139886,902.0390919287174,97.23529842819909,11.370083527924336,0.05009517569663083,-0.049185334156387484
4.03,18.306160490616513,53.52623405243249,73,23,75.2345785139886,902.0390919287174,97.23529842819909,11.370083527924336,0.05009517569663083,-0.049185334156387484
4.03,18.17649888012054,53.53315208033403,73,23,75.2345785139886,902.0390919287174,97.23529842819909,11.370083527924336,0.05009517569663083,-0.049185334156387484
4.03,18,53.540245117358644,73,23,75.2345785139886,902.0390919287174,97.23529842819909,11.370083527924336,0.05009517569663083,-0.049185334156387484
4.03,19.434219336912406,53.531569648725856,73,23,75.2345785139886,902.0390919287174,97.23529842819909,11.370083527924336,0.05009517569663083,-0.049185334156387484
4.03,18.458952223879585,53.53352904275944,73,23,75.2345785139886,902.0390919287174,97.23529842819909,11.370083527924336,0.05009517569663083,-0.049185334156387484
4.05,18,53.53847919913051,73,23,75.2345785139886,902.0390919287174,97.23529842819909,11.370083527924336,0.05009517569663083,-0.049185334156387484
4.05,18.1825985163493,53.538938754234145,73,23,75.2345785139886,902.0390919287174,97.23529842819909,11.370083527924336,0.05009517569663083,-0.049185334156387484
4.05,18,53.54481213739168,74,23,75.2345785139886,902.0390919287174,97.23529842819909,11.370083527924336,0.05009517569663083,-0.049185334156387484
4.05,18,53.54550711047818,74,23,75.2345785139886,902.0390919287174,97.23529842819909,11.370083527924336,0.05009517569663083,-0.049185334156387484
4.05,18,53.54004509447834,74,23,75.2345785139886,902.0390919287174,97.23529842819909,11.370083527924336,0.05009517569663083,-0.049185334156387484
4.05,18.455494275692978,53.53910936898391,74,23,75.2345785139886,902.0390919287174,97.23529842819909,11.370083527924336,0.05009517569663083,-0.049185334156387484
4.05,19.277585519307586,53.54243751370527,74,23,75.2345785139886,902.0390919287174,97.23529842819909,11.370083527924336,0.05009517569663083,-0.049185334156387484
4.05,18,53.53346624044065,74,23,75.2345785139886,902.0390919287174,97.23529842819909,11.370083527924336,0.05009517569663083,-0.049185334156387484
4.05,18,53.52568511915513,74,23,75.2345785139886,902.0390919287174,97.23529842819909,11.370083527924336,0.05009517569663083,-0.049185334156387484
4.05,18,53.53965412446134,74,23,75.2345785139886,902.0390919287174,97.23529842819909,11.370083527924336,0.05009517569663083,-0.049185334156387484
4.07,19.148906483753485,53.532003450380245,74,23,75.2345785139886,902.0390919287174,97.23529842819909,11.370083527924336,0.05009517569663083,-0.049185334156387484
4.07,18.398178819657204,53.53238765266334,74,23,75.2345785139886,902.0390919287174,97.23529842819909,11.370083527924336,0.05009517569663083,-0.049185334156387484
4.07,18,53.53078285899067,74,23,75.2345785139886,902.0390919287174,97.23529842819909,11.370083527924336,0.05009517569663083,-0.049185334156387484
4.07,19.440052595547186,53.543374820592696,75,23,75.2345785139886,902.0390919287174,97.23529842819909,11.370083527924336,0.05009517569663083,-0.049185334156387484
4.07,18,53.54147232167087,75,23,75.2345785139886,902.0390919287174,97.23529842819909,11.370083527924336,0.05009517569663083,-0.049185334156387484
4.07,18,53.540503393250546,75,23,75.2345785139886,902.0390919287174,97.23529842819909,11.370083527924336,0.05009517569663083,-0.049185334156387484
4.07,19.876537185353694,53.54593446794693,75,23,75.2345785139886,902.0390919287174,97.23529842819909,11.370083527924336,0.05009517569663083,-0.049185334156387484
4.07,19.513055355000322,53.542515325353,75,23,75.2345785139886,902.0390919287174,97.23529842819909,11.370083527924336,0.05009517569663083,-0.049185334156387484
4.07,20.184158909152274,53.53312443405478,75,23,75.2345785139886,902.0390919287174,97.23529842819909,11.370083527924336,0.05009517569663083,-0.049185334156387484
4.07,18.981546749708695,53.54203237876215,75,23,75.2345785139886,902.0390919287174,97.23529842819909,11.370083527924336,0.05009517569663083,-0.049185334156387484
4.08,20.329400147302366,53.563045074263215,75,23,75.2345785139886,902.0390919287174,97.23529842819909,11.370083527924336,0.05009517569663083,-0.049185334156387484
