Time (s),Button (a19),Right Foot Force (ai18),Handle Force (ai20),Handle Position (ai21),Seat Position (ai22)
0.024688720703125,-1.5301757579918809,-0.057403919790902924,1.3387688239517814,2.068578789245115,2.5051498840622344
0.04632449150085449,-1.5295182698450915,-0.05674643293793952,1.3519185525207646,2.0689075325038346,2.5044923973898916
0.06905484199523926,-1.5308332461394416,-0.057403919790902924,1.377231780003031,2.0728524516119093,2.5058073707348685
0.09242558479309082,-1.5308332461394416,-0.05773266321752854,1.3367963646659125,2.068578789245115,2.504821140726027
0.11603903770446777,-1.5308332461394416,-0.05970512377929818,1.3433712289515871,2.069236275762598,2.50383491071784
0.13998770713806152,-1.5314907342877744,-0.05773266321752854,1.342384999308835,2.068578789245115,2.5051498840622344
0.16205811500549316,-1.5295182698450915,-0.05806140664425011,1.3552059846621667,2.067592559469221,2.5061361140712948
0.18442249298095703,-1.5295182698450915,-0.05806140664425011,1.340412540023228,2.0679213027278087,2.5051498840622344
0.20863008499145508,-1.530504502065565,-0.057403919790902924,1.3377825943088655,2.0682500459864395,2.504821140726027
0.23306536674499512,-1.530504502065565,-0.05773266321752854,1.3456724314512127,2.062661410595673,2.5031774240460787
0.257152795791626,-1.5295182698450915,-0.05674643293793952,1.3364676214515865,2.068578789245115,2.504821140726027
0.2812995910644531,-1.5298470139183897,-0.05773266321752854,1.3436999721658303,2.0682500459864395,2.504821140726027
0.30558109283447266,-1.5301757579918809,-0.057403919790902924,1.3397550535946614,2.068578789245115,2.5051498840622344
0.33032870292663574,-1.529189525771986,-0.05839015007106768,1.3364676214515865,2.068578789245115,2.505478627398515
0.3549344539642334,-1.5298470139183897,-0.05641768951160167,1.3367963646659125,2.0682500459864395,2.504821140726027
0.3805413246154785,-1.5285320376263538,-0.05839015007106768,1.339426310380372,2.068578789245115,2.5058073707348685
0.4054281711578369,-1.5301757579918809,-0.05806140664425011,1.3476448907364664,2.067592559469221,2.5031774240460787
0.42608213424682617,-1.5295182698450915,-0.05674643293793952,1.3496173500215967,2.065620099918619,2.5031774240460787
0.45168137550354004,-1.5298470139183897,-0.05773266321752854,1.3371251078802344,2.0689075325038346,2.5051498840622344
0.4753990173339844,-1.5295182698450915,-0.06365004491322024,1.3381113375231748,2.068578789245115,2.5051498840622344
0.5003924369812012,-1.5295182698450915,-0.057403919790902924,1.3430424857373402,2.0689075325038346,2.508108574091381
0.5236976146697998,-1.5298470139183897,-0.05641768951160167,1.3381113375231748,2.0682500459864395,2.504821140726027
0.545853853225708,-1.5311619902135114,-0.05674643293793952,1.3443574585943057,2.067592559469221,2.504821140726027
0.5685474872589111,-1.5288607816990736,-0.06430753177022186,1.3397550535946614,2.068578789245115,2.504821140726027
0.592592716217041,-1.5295182698450915,-0.055760202659213554,1.3561922143045289,2.0695650190214057,2.5061361140712948
0.6125080585479736,-1.5295182698450915,-0.05806140664425011,1.3450149450227664,2.0682500459864395,2.505478627398515
0.6351895332336426,-1.529189525771986,-0.05773266321752854,1.33844008073748,2.0682500459864395,2.505478627398515
0.6566226482391357,-1.5301757579918809,-0.05806140664425011,1.3417275128803148,2.0682500459864395,2.504821140726027
0.6784083843231201,-1.529189525771986,-0.05806140664425011,1.3443574585943057,2.0689075325038346,2.503506167381923
0.7006971836090088,-1.530504502065565,-0.05806140664425011,1.3440287153800698,2.0748249111683363,2.5074510874177274
0.7239682674407959,-1.530504502065565,-0.057403919790902924,1.342384999308835,2.068578789245115,2.501862450703428
0.7474846839904785,-1.5295182698450915,-0.05937638035209647,1.3377825943088655,2.0672638162106773,2.505478627398515
0.7705652713775635,-1.5295182698450915,-0.057403919790902924,1.341398769666049,2.0689075325038346,2.505478627398515
0.7936558723449707,-1.5301757579918809,-0.05773266321752854,1.3443574585943057,2.0689075325038346,2.505478627398515
0.8183398246765137,-1.529189525771986,-0.05839015007106768,1.3519185525207646,2.065620099918619,2.5044923973898916
0.8428201675415039,-1.5328057105867559,-0.05773266321752854,1.3486311203790466,2.0679213027278087,2.503506167381923
0.8648157119750977,-1.530504502065565,-0.05806140664425011,1.340412540023228,2.0682500459864395,2.5051498840622344
0.8897523880004883,-1.5308332461394416,-0.05707517636437326,1.3427137425230895,2.0689075325038346,2.505478627398515
0.9123647212982178,-1.5295182698450915,-0.05937638035209647,1.3469874043080627,2.065620099918619,2.5028486807103074
0.935767650604248,-1.5298470139183897,-0.05806140664425011,1.3519185525207646,2.067592559469221,2.5044923973898916
0.9593396186828613,-1.5308332461394416,-0.057403919790902924,1.341398769666049,2.0679213027278087,2.5058073707348685
0.9822525978088379,-1.5245871087687488,-0.05773266321752854,1.3387688239517814,2.0679213027278087,2.5051498840622344
1.0058259963989258,-1.5328057105867559,-0.05806140664425011,1.33844008073748,2.0682500459864395,2.5051498840622344
1.0286221504211426,-1.529189525771986,-0.05773266321752854,1.33844008073748,2.0679213027278087,2.505478627398515
1.0512490272521973,-1.5298470139183897,-0.05608894608535969,1.3542197550197779,2.070551248798093,2.505478627398515
1.0732498168945312,-1.5298470139183897,-0.05707517636437326,1.3430424857373402,2.0689075325038346,2.5051498840622344
1.0941760540008545,-1.528203293553827,-0.05806140664425011,1.3377825943088655,2.067592559469221,2.504821140726027
1.1146886348724365,-1.529189525771986,-0.055760202659213554,1.3538910118056424,2.069236275762598,2.504821140726027
1.1370813846588135,-1.5301757579918809,-0.05773266321752854,1.3489598635932334,2.073838681389923,2.5064648574077935
1.1592638492584229,-1.5298470139183897,-0.05806140664425011,1.3433712289515871,2.066935072952178,2.50383491071784
1.1829195022583008,-1.5295182698450915,-0.05806140664425011,1.3453436882369914,2.068578789245115,2.505478627398515
1.2053966522216797,-1.5295182698450915,-0.05773266321752854,1.3410700264517792,2.068578789245115,2.504821140726027
1.2268731594085693,-1.5301757579918809,-0.05806140664425011,1.3407412832375056,2.068578789245115,2.504821140726027
1.248563289642334,-1.5288607816990736,-0.05641768951160167,1.3450149450227664,2.066935072952178,2.504821140726027
1.2692182064056396,-1.5295182698450915,-0.057403919790902924,1.3489598635932334,2.06463387014391,2.503506167381923
1.2902076244354248,-1.5295182698450915,-0.05806140664425011,1.342384999308835,2.068578789245115,2.5061361140712948
1.3110871315002441,-1.529189525771986,-0.05773266321752854,1.3371251078802344,2.068578789245115,2.505478627398515
1.3313369750976562,-1.5311619902135114,-0.05806140664425011,1.3466586610938553,2.066277586435311,2.503506167381923
1.3536770343780518,-1.5226146443503459,-0.05970512377929818,1.342384999308835,2.0672638162106773,2.5051498840622344
1.3758857250213623,-1.5295182698450915,-0.05773266321752854,1.3397550535946614,2.0679213027278087,2.504821140726027
1.399808645248413,-1.5298470139183897,-0.05773266321752854,1.3377825943088655,2.0682500459864395,2.505478627398515
1.424694538116455,-1.530504502065565,-0.05773266321752854,1.3371251078802344,2.068578789245115,2.505478627398515
1.4479005336761475,-1.530504502065565,-0.05773266321752854,1.339426310380372,2.0682500459864395,2.5041636540538295
1.4716544151306152,-1.5298470139183897,-0.05773266321752854,1.3486311203790466,2.0679213027278087,2.50383491071784
1.4946033954620361,-1.5298470139183897,-0.05707517636437326,1.341398769666049,2.0682500459864395,2.504821140726027
1.5158138275146484,-1.5298470139183897,-0.05773266321752854,1.3815054417846082,2.0721949650934546,2.5044923973898916
1.5388269424438477,-1.5295182698450915,-0.05970512377929818,1.3410700264517792,2.0689075325038346,2.504821140726027
1.5605735778808594,-1.5285320376263538,-0.058718893497981234,1.3397550535946614,2.0679213027278087,2.505478627398515
1.5826754570007324,-1.5301757579918809,-0.05904763692499085,1.3361388782372565,2.0682500459864395,2.5051498840622344
1.6056790351867676,-1.530504502065565,-0.05707517636437326,1.3634245650144317,2.0672638162106773,2.5041636540538295
1.629319429397583,-1.529189525771986,-0.05806140664425011,1.3436999721658303,2.0689075325038346,2.5051498840622344
1.652031660079956,-1.5295182698450915,-0.05806140664425011,1.33844008073748,2.0682500459864395,2.504821140726027
1.673996925354004,-1.5308332461394416,-0.05707517636437326,1.3870940764217539,2.069893762280257,2.5041636540538295
1.6961793899536133,-1.5295182698450915,-0.05806140664425011,1.3433712289515871,2.0689075325038346,2.507779830754518
1.7183005809783936,-1.5295182698450915,-0.057403919790902924,1.344686201808538,2.068578789245115,2.5051498840622344
1.7402803897857666,-1.5295182698450915,-0.05773266321752854,1.3453436882369914,2.069236275762598,2.504821140726027
1.762925386428833,-1.5295182698450915,-0.05806140664425011,1.3400837968089467,2.0689075325038346,2.507779830754518
1.785942792892456,-1.5295182698450915,-0.05839015007106768,1.373944347863187,2.0702225055391525,2.506793600744365
1.805492877960205,-1.530504502065565,-0.05707517636437326,1.3450149450227664,2.0682500459864395,2.5061361140712948
1.8255946636199951,-1.5298470139183897,-0.057403919790902924,1.3657257675127823,2.068578789245115,2.50383491071784
1.8458895683288574,-1.5288607816990736,-0.05806140664425011,1.3469874043080627,2.0679213027278087,2.5044923973898916
1.8664205074310303,-1.5288607816990736,-0.05806140664425011,1.340412540023228,2.068578789245115,2.5064648574077935
1.8863956928253174,-1.530504502065565,-0.05773266321752854,1.3460011746654306,2.0689075325038346,2.5021911940389816
1.9079060554504395,-1.53181947836223,-0.058718893497981234,1.342056256094577,2.068578789245115,2.505478627398515
1.9305999279022217,-1.5295182698450915,-0.05839015007106768,1.3397550535946614,2.0679213027278087,2.5051498840622344
1.954336404800415,-1.530504502065565,-0.057403919790902924,1.342384999308835,2.068578789245115,2.505478627398515
1.978426218032837,-1.5301757579918809,-0.057403919790902924,1.3417275128803148,2.0682500459864395,2.5090948041024093
2.002049207687378,-1.5295182698450915,-0.05773266321752854,1.3436999721658303,2.0689075325038346,2.505478627398515
2.0269863605499268,-1.5298470139183897,-0.057403919790902924,1.3381113375231748,2.0679213027278087,2.5051498840622344
2.051137924194336,-1.530504502065565,-0.06463627519886725,1.3397550535946614,2.0679213027278087,2.505478627398515
2.074772834777832,-1.5295182698450915,-0.055760202659213554,1.3538910118056424,2.0682500459864395,2.504821140726027
2.0992472171783447,-1.5295182698450915,-0.05773266321752854,1.3400837968089467,2.068578789245115,2.5051498840622344
2.120312213897705,-1.5298470139183897,-0.058718893497981234,1.344686201808538,2.0689075325038346,2.504821140726027
2.141644239425659,-1.5308332461394416,-0.05707517636437326,1.3377825943088655,2.068578789245115,2.5058073707348685
2.1632728576660156,-1.529189525771986,-0.05839015007106768,1.3443574585943057,2.0708799920570766,2.508108574091381
2.184826612472534,-1.529189525771986,-0.05773266321752854,1.339097567166079,2.068578789245115,2.5044923973898916
2.2086563110351562,-1.5295182698450915,-0.057403919790902924,1.3851216171380887,2.069236275762598,2.5041636540538295
2.2305052280426025,-1.5328057105867559,-0.05806140664425011,1.3407412832375056,2.0682500459864395,2.503506167381923
2.2531187534332275,-1.5301757579918809,-0.05839015007106768,1.3450149450227664,2.068578789245115,2.505478627398515
2.2780284881591797,-1.535764407270761,-0.05806140664425011,1.339426310380372,2.0682500459864395,2.504821140726027
2.3011155128479004,-1.5301757579918809,-0.05904763692499085,1.339097567166079,2.0679213027278087,2.5051498840622344
2.3244450092315674,-1.5311619902135114,-0.05839015007106768,1.3450149450227664,2.0689075325038346,2.5058073707348685
2.3475899696350098,-1.529189525771986,-0.05773266321752854,1.339097567166079,2.067592559469221,2.504821140726027
2.370296001434326,-1.526230829122713,-0.05707517636437326,1.3381113375231748,2.068578789245115,2.505478627398515
2.390622854232788,-1.5298470139183897,-0.057403919790902924,1.3456724314512127,2.068578789245115,2.5051498840622344
2.4114387035369873,-1.5298470139183897,-0.05806140664425011,1.3427137425230895,2.068578789245115,2.5051498840622344
2.4339568614959717,-1.5298470139183897,-0.058718893497981234,1.3450149450227664,2.0702225055391525,2.505478627398515
2.455484390258789,-1.5295182698450915,-0.05970512377929818,1.3377825943088655,2.0682500459864395,2.505478627398515
2.478321075439453,-1.5295182698450915,-0.05773266321752854,1.342384999308835,2.068578789245115,2.5064648574077935
2.501234531402588,-1.5308332461394416,-0.05773266321752854,1.3456724314512127,2.062990153853603,2.5031774240460787
2.523552179336548,-1.5308332461394416,-0.05806140664425011,1.339097567166079,2.069236275762598,2.504821140726027
2.546549081802368,-1.5295182698450915,-0.05608894608535969,1.3535622685915039,2.0682500459864395,2.5041636540538295
2.569159984588623,-1.5446404974167693,-0.05773266321752854,1.3460011746654306,2.068578789245115,2.505478627398515
2.5908596515655518,-1.5301757579918809,-0.05839015007106768,1.342056256094577,2.0689075325038346,2.505478627398515
2.611741304397583,-1.5288607816990736,-0.058718893497981234,1.33844008073748,2.068578789245115,2.5051498840622344
2.633070468902588,-1.529189525771986,-0.057403919790902924,1.3436999721658303,2.0689075325038346,2.501862450703428
2.6533889770507812,-1.5295182698450915,-0.05773266321752854,1.3387688239517814,2.0682500459864395,2.5021911940389816
2.6746225357055664,-1.5295182698450915,-0.05839015007106768,1.3377825943088655,2.0682500459864395,2.504821140726027
2.696525812149048,-1.5295182698450915,-0.05806140664425011,1.3489598635932334,2.066277586435311,2.502519937374608
2.7188971042633057,-1.5295182698450915,-0.05773266321752854,1.342384999308835,2.0689075325038346,2.5058073707348685
2.741034746170044,-1.529189525771986,-0.05806140664425011,1.3397550535946614,2.068578789245115,2.5051498840622344
2.761528730392456,-1.5298470139183897,-0.05904763692499085,1.3387688239517814,2.0682500459864395,2.5058073707348685
2.7839949131011963,-1.5298470139183897,-0.05806140664425011,1.3443574585943057,2.0682500459864395,2.5051498840622344
2.8069944381713867,-1.5301757579918809,-0.05773266321752854,1.3433712289515871,2.068578789245115,2.5061361140712948
2.8280065059661865,-1.5314907342877744,-0.05806140664425011,1.3499460932357732,2.0649626134021024,2.503506167381923
2.8500099182128906,-1.5311619902135114,-0.05773266321752854,1.3361388782372565,2.0689075325038346,2.504821140726027
2.873791217803955,-1.5301757579918809,-0.05773266321752854,1.3427137425230895,2.068578789245115,2.505478627398515
2.898509979248047,-1.5301757579918809,-0.05806140664425011,1.344686201808538,2.069236275762598,2.5100810341140942
2.922625780105591,-1.5301757579918809,-0.05904763692499085,1.3400837968089467,2.068578789245115,2.506793600744365
2.945711374282837,-1.5295182698450915,-0.05937638035209647,1.339426310380372,2.067592559469221,2.505478627398515
2.96842885017395,-1.5301757579918809,-0.05773266321752854,1.3443574585943057,2.0689075325038346,2.5058073707348685
2.9914300441741943,-1.5295182698450915,-0.05839015007106768,1.3436999721658303,2.068578789245115,2.5061361140712948
3.014857053756714,-1.5285320376263538,-0.0652937620564473,1.3377825943088655,2.0689075325038346,2.504821140726027
3.03694224357605,-1.529189525771986,-0.057403919790902924,1.3397550535946614,2.0682500459864395,2.5051498840622344
3.0601491928100586,-1.529189525771986,-0.05806140664425011,1.3433712289515871,2.068578789245115,2.5061361140712948
3.083277940750122,-1.5295182698450915,-0.05806140664425011,1.3440287153800698,2.0682500459864395,2.5051498840622344
3.1059696674346924,-1.5295182698450915,-0.05674643293793952,1.33844008073748,2.068578789245115,2.505478627398515
3.1276488304138184,-1.5295182698450915,-0.057403919790902924,1.3430424857373402,2.068578789245115,2.5051498840622344
3.1476573944091797,-1.5298470139183897,-0.05904763692499085,1.339426310380372,2.068578789245115,2.5051498840622344
3.1672356128692627,-1.5301757579918809,-0.05806140664425011,1.3410700264517792,2.068578789245115,2.504821140726027
3.1902315616607666,-1.530504502065565,-0.05773266321752854,1.3453436882369914,2.069236275762598,2.5051498840622344
3.212751626968384,-1.5301757579918809,-0.05839015007106768,1.3453436882369914,2.0636476403695947,2.5031774240460787
3.235384941101074,-1.5295182698450915,-0.05806140664425011,1.3854503603520352,2.066277586435311,2.5041636540538295
3.256110668182373,-1.530504502065565,-0.057403919790902924,1.339426310380372,2.0682500459864395,2.5041636540538295
3.277813673019409,-1.5308332461394416,-0.05904763692499085,1.340412540023228,2.0689075325038346,2.5058073707348685
3.300816297531128,-1.5301757579918809,-0.05839015007106768,1.3427137425230895,2.0672638162106773,2.504821140726027
3.323329210281372,-1.5308332461394416,-0.05707517636437326,1.339426310380372,2.0689075325038346,2.5041636540538295
3.343838930130005,-1.5301757579918809,-0.05641768951160167,1.3588221600173698,2.0689075325038346,2.5071223440810098
3.364480495452881,-1.529189525771986,-0.05773266321752854,1.3397550535946614,2.067592559469221,2.50383491071784
3.3884856700897217,-1.5295182698450915,-0.05773266321752854,1.3397550535946614,2.0682500459864395,2.5058073707348685
3.409837245941162,-1.5298470139183897,-0.057403919790902924,1.339097567166079,2.0679213027278087,2.5051498840622344
3.4319846630096436,-1.5295182698450915,-0.05773266321752854,1.340412540023228,2.0682500459864395,2.504821140726027
3.4539794921875,-1.5295182698450915,-0.057403919790902924,1.367698226796995,2.0702225055391525,2.504821140726027
3.4744930267333984,-1.5298470139183897,-0.058718893497981234,1.342384999308835,2.0679213027278087,2.504821140726027
3.496860980987549,-1.5308332461394416,-0.05773266321752854,1.3400837968089467,2.0689075325038346,2.5064648574077935
3.520310163497925,-1.529189525771986,-0.05806140664425011,1.3381113375231748,2.0682500459864395,2.505478627398515
3.5433075428009033,-1.5295182698450915,-0.05641768951160167,1.3443574585943057,2.0708799920570766,2.5087660607653266
3.5659399032592773,-1.5288607816990736,-0.05773266321752854,1.339426310380372,2.068578789245115,2.504821140726027
3.5899457931518555,-1.5295182698450915,-0.05773266321752854,1.3460011746654306,2.0689075325038346,2.503506167381923
3.6135852336883545,-1.5288607816990736,-0.05806140664425011,1.3417275128803148,2.0689075325038346,2.5051498840622344
3.637296199798584,-1.529189525771986,-0.057403919790902924,1.3410700264517792,2.0682500459864395,2.504821140726027
3.6613142490386963,-1.5295182698450915,-0.05707517636437326,1.3400837968089467,2.0679213027278087,2.505478627398515
3.6848177909851074,-1.5295182698450915,-0.05839015007106768,1.3450149450227664,2.0708799920570766,2.5090948041024093
3.7105712890625,-1.53181947836223,-0.057403919790902924,1.3430424857373402,2.069236275762598,2.501862450703428
3.732121706008911,-1.529189525771986,-0.05839015007106768,1.339426310380372,2.0682500459864395,2.504821140726027
3.7531282901763916,-1.5298470139183897,-0.05773266321752854,1.3407412832375056,2.0682500459864395,2.505478627398515
3.77563738822937,-1.5314907342877744,-0.05773266321752854,1.337453851094552,2.0679213027278087,2.505478627398515
3.7987473011016846,-1.5298470139183897,-0.06332130148486398,1.3387688239517814,2.067592559469221,2.5051498840622344
3.822399377822876,-1.529189525771986,-0.055102715807208824,1.3571784439468653,2.069893762280257,2.504821140726027
3.8463990688323975,-1.5288607816990736,-0.05773266321752854,1.3436999721658303,2.06463387014391,2.502519937374608
3.869925022125244,-1.529189525771986,-0.05839015007106768,1.339097567166079,2.068578789245115,2.504821140726027
3.8933188915252686,-1.5298470139183897,-0.05937638035209647,1.3364676214515865,2.0682500459864395,2.5051498840622344
3.9156157970428467,-1.5298470139183897,-0.05806140664425011,1.341398769666049,2.068578789245115,2.505478627398515
3.9390907287597656,-1.530504502065565,-0.05806140664425011,1.3436999721658303,2.0689075325038346,2.505478627398515
3.9616129398345947,-1.5298470139183897,-0.05707517636437326,1.3591509032314626,2.0672638162106773,2.5058073707348685
3.985034227371216,-1.5295182698450915,-0.05806140664425011,1.339097567166079,2.0682500459864395,2.505478627398515
4.009480237960815,-1.5298470139183897,-0.057403919790902924,1.339426310380372,2.0682500459864395,2.5051498840622344
4.031860828399658,-1.530504502065565,-0.05806140664425011,1.3433712289515871,2.0689075325038346,2.5061361140712948
4.054488658905029,-1.530504502065565,-0.05674643293793952,1.3397550535946614,2.068578789245115,2.5051498840622344
4.0784010887146,-1.530504502065565,-0.057403919790902924,1.3377825943088655,2.0689075325038346,2.5061361140712948
4.102026700973511,-1.5301757579918809,-0.06069135406147996,1.3509323228782835,2.067592559469221,2.5044923973898916
4.1256115436553955,-1.5429967770087112,-0.05773266321752854,1.3430424857373402,2.0682500459864395,2.5041636540538295
4.149635076522827,-1.5285320376263538,-0.06003386720659601,1.3430424857373402,2.0682500459864395,2.5041636540538295
4.173136234283447,-1.5255733409805496,-0.05773266321752854,1.3397550535946614,2.0682500459864395,2.5061361140712948
4.197729825973511,-1.529189525771986,-0.05773266321752854,1.3387688239517814,2.068578789245115,2.5044923973898916
4.22283935546875,-1.5298470139183897,-0.05773266321752854,1.3430424857373402,2.0682500459864395,2.5058073707348685
4.246828079223633,-1.5298470139183897,-0.05806140664425011,1.3371251078802344,2.0679213027278087,2.5051498840622344
4.27047872543335,-1.5301757579918809,-0.05773266321752854,1.3400837968089467,2.068578789245115,2.505478627398515
4.290478467941284,-1.5311619902135114,-0.058718893497981234,1.339097567166079,2.068578789245115,2.5051498840622344
4.313003778457642,-1.5295182698450915,-0.05773266321752854,1.384792873924141,2.069236275762598,2.50383491071784
4.336534261703491,-1.5311619902135114,-0.057403919790902924,1.3450149450227664,2.069236275762598,2.5058073707348685
4.359421730041504,-1.529189525771986,-0.06496501862760906,1.3430424857373402,2.068578789245115,2.5041636540538295
4.381434440612793,-1.5301757579918809,-0.05806140664425011,1.339426310380372,2.0682500459864395,2.5051498840622344
4.4044349193573,-1.529189525771986,-0.057403919790902924,1.3381113375231748,2.0679213027278087,2.5061361140712948
4.4264631271362305,-1.5295182698450915,-0.05674643293793952,1.3381113375231748,2.0689075325038346,2.5071223440810098
4.448460817337036,-1.530504502065565,-0.05806140664425011,1.342056256094577,2.0695650190214057,2.5058073707348685
4.471086263656616,-1.532476966511721,-0.05806140664425011,1.3400837968089467,2.068578789245115,2.505478627398515
4.4939868450164795,-1.5295182698450915,-0.058718893497981234,1.3436999721658303,2.0689075325038346,2.50383491071784
4.51521110534668,-1.529189525771986,-0.05773266321752854,1.3387688239517814,2.068578789245115,2.5051498840622344
4.534730672836304,-1.5295182698450915,-0.05674643293793952,1.3456724314512127,2.0689075325038346,2.501862450703428
4.553751707077026,-1.5298470139183897,-0.05641768951160167,1.339426310380372,2.067592559469221,2.504821140726027
4.575153827667236,-1.5295182698450915,-0.055760202659213554,1.3358101350229221,2.068578789245115,2.504821140726027
4.597234487533569,-1.5301757579918809,-0.05806140664425011,1.3410700264517792,2.0695650190214057,2.508108574091381
4.620253324508667,-1.5301757579918809,-0.05773266321752854,1.33844008073748,2.068578789245115,2.5061361140712948
4.643344163894653,-1.5295182698450915,-0.05773266321752854,1.3400837968089467,2.0689075325038346,2.505478627398515
4.666489124298096,-1.529189525771986,-0.05839015007106768,1.3433712289515871,2.0682500459864395,2.5064648574077935
4.689506769180298,-1.5301757579918809,-0.0610200974890662,1.3496173500215967,2.0682500459864395,2.505478627398515
4.7131125926971436,-1.5285320376263538,-0.058718893497981234,1.33844008073748,2.068578789245115,2.505478627398515
4.73570704460144,-1.5301757579918809,-0.057403919790902924,1.3460011746654306,2.0702225055391525,2.506793600744365
4.7557642459869385,-1.5301757579918809,-0.05904763692499085,1.3400837968089467,2.068578789245115,2.504821140726027
4.780851125717163,-1.5301757579918809,-0.05806140664425011,1.342056256094577,2.0689075325038346,2.505478627398515
4.804307222366333,-1.53181947836223,-0.057403919790902924,1.341398769666049,2.0689075325038346,2.5061361140712948
4.826638698577881,-1.529189525771986,-0.05839015007106768,1.33844008073748,2.068578789245115,2.5044923973898916
4.849233150482178,-1.529189525771986,-0.05806140664425011,1.3410700264517792,2.0689075325038346,2.5051498840622344
4.872812271118164,-1.5301757579918809,-0.05806140664425011,1.3436999721658303,2.0689075325038346,2.5051498840622344
4.895792722702026,-1.5301757579918809,-0.05773266321752854,1.3479736339506634,2.065620099918619,2.50383491071784
4.918565988540649,-1.5295182698450915,-0.05806140664425011,1.3433712289515871,2.0666063296937223,2.504821140726027
4.943168878555298,-1.5259020850515348,-0.05839015007106768,1.3397550535946614,2.0682500459864395,2.5051498840622344
4.967584133148193,-1.5288607816990736,-0.05773266321752854,1.3367963646659125,2.0682500459864395,2.504821140726027
4.990612745285034,-1.530504502065565,-0.05806140664425011,1.3397550535946614,2.068578789245115,2.5051498840622344
5.014741659164429,-1.5295182698450915,-0.05839015007106768,1.341398769666049,2.0689075325038346,2.5041636540538295
5.036433219909668,-1.5301757579918809,-0.05806140664425011,1.3381113375231748,2.0679213027278087,2.505478627398515
5.0610105991363525,-1.5314907342877744,-0.05839015007106768,1.339426310380372,2.0682500459864395,2.504821140726027
5.085012674331665,-1.5295182698450915,-0.05839015007106768,1.3397550535946614,2.068578789245115,2.5051498840622344
5.108006477355957,-1.5298470139183897,-0.05773266321752854,1.3361388782372565,2.068578789245115,2.5051498840622344
5.129740238189697,-1.5295182698450915,-0.05773266321752854,1.3433712289515871,2.069236275762598,2.5058073707348685
5.1507887840271,-1.5295182698450915,-0.058718893497981234,1.337453851094552,2.0689075325038346,2.5051498840622344
5.170711994171143,-1.5301757579918809,-0.05773266321752854,1.344686201808538,2.068578789245115,2.5058073707348685
5.189958572387695,-1.5298470139183897,-0.058718893497981234,1.3417275128803148,2.0682500459864395,2.505478627398515
5.212653636932373,-1.530504502065565,-0.06069135406147996,1.3463299178796448,2.0695650190214057,2.5064648574077935
5.235808372497559,-1.530504502065565,-0.05806140664425011,1.3371251078802344,2.068578789245115,2.5051498840622344
5.256352186203003,-1.5295182698450915,-0.05839015007106768,1.3400837968089467,2.068578789245115,2.5051498840622344
5.276350498199463,-1.5301757579918809,-0.057403919790902924,1.3377825943088655,2.0679213027278087,2.505478627398515
5.299113035202026,-1.5298470139183897,-0.06069135406147996,1.3466586610938553,2.0689075325038346,2.5061361140712948
5.320660829544067,-1.529189525771986,-0.05773266321752854,1.3436999721658303,2.068578789245115,2.5051498840622344
5.340649604797363,-1.5308332461394416,-0.05773266321752854,1.3443574585943057,2.068578789245115,2.5051498840622344
5.361171245574951,-1.5301757579918809,-0.057403919790902924,1.339097567166079,2.068578789245115,2.505478627398515
5.383309602737427,-1.5288607816990736,-0.05773266321752854,1.3407412832375056,2.068578789245115,2.5051498840622344
5.407098054885864,-1.5308332461394416,-0.05707517636437326,1.339097567166079,2.0682500459864395,2.5051498840622344
5.430887460708618,-1.529189525771986,-0.05773266321752854,1.3371251078802344,2.0682500459864395,2.505478627398515
5.455044746398926,-1.5311619902135114,-0.057403919790902924,1.3397550535946614,2.0682500459864395,2.5051498840622344
5.47796630859375,-1.5285320376263538,-0.05707517636437326,1.3621095921581787,2.0666063296937223,2.5051498840622344
5.500475168228149,-1.5285320376263538,-0.06003386720659601,1.3456724314512127,2.0702225055391525,2.5061361140712948
5.520685911178589,-1.529189525771986,-0.05773266321752854,1.339426310380372,2.0682500459864395,2.504821140726027
5.539853096008301,-1.5295182698450915,-0.05773266321752854,1.3443574585943057,2.0682500459864395,2.5058073707348685
5.559858560562134,-1.5295182698450915,-0.05806140664425011,1.3377825943088655,2.0679213027278087,2.5044923973898916
5.5793726444244385,-1.5295182698450915,-0.05773266321752854,1.3397550535946614,2.0682500459864395,2.5051498840622344
5.601372957229614,-1.5308332461394416,-0.05641768951160167,1.3578359303750753,2.0695650190214057,2.5064648574077935
5.6235268115997314,-1.5295182698450915,-0.057403919790902924,1.3433712289515871,2.0682500459864395,2.5058073707348685
5.644758939743042,-1.5288607816990736,-0.05773266321752854,1.3371251078802344,2.0679213027278087,2.5061361140712948
5.667171478271484,-1.529189525771986,-0.05773266321752854,1.344686201808538,2.068578789245115,2.5044923973898916
5.689594984054565,-1.5311619902135114,-0.06069135406147996,1.33844008073748,2.0682500459864395,2.505478627398515
5.709649324417114,-1.5298470139183897,-0.05806140664425011,1.344686201808538,2.0679213027278087,2.5051498840622344
5.729363203048706,-1.5295182698450915,-0.057403919790902924,1.3387688239517814,2.067592559469221,2.505478627398515
5.751926898956299,-1.5298470139183897,-0.057403919790902924,1.3410700264517792,2.0679213027278087,2.5051498840622344
5.7738354206085205,-1.530504502065565,-0.05937638035209647,1.339426310380372,2.068578789245115,2.5051498840622344
5.795953273773193,-1.5308332461394416,-0.05904763692499085,1.3387688239517814,2.0682500459864395,2.504821140726027
5.818355321884155,-1.5295182698450915,-0.057403919790902924,1.3371251078802344,2.0682500459864395,2.504821140726027
5.841968297958374,-1.5314907342877744,-0.05707517636437326,1.3397550535946614,2.0682500459864395,2.505478627398515
5.865589618682861,-1.5285320376263538,-0.05707517636437326,1.3381113375231748,2.0682500459864395,2.504821140726027
5.88740086555481,-1.5298470139183897,-0.058718893497981234,1.3466586610938553,2.0682500459864395,2.504821140726027
5.9099767208099365,-1.5298470139183897,-0.05806140664425011,1.3440287153800698,2.0682500459864395,2.505478627398515
5.930063247680664,-1.5295182698450915,-0.05904763692499085,1.342384999308835,2.0689075325038346,2.5058073707348685
5.951076507568359,-1.5308332461394416,-0.05707517636437326,1.344686201808538,2.0689075325038346,2.5058073707348685
5.974607229232788,-1.532476966511721,-0.05773266321752854,1.342384999308835,2.0682500459864395,2.504821140726027
5.997606992721558,-1.5288607816990736,-0.05806140664425011,1.3430424857373402,2.068578789245115,2.505478627398515
6.019953966140747,-1.532148222436879,-0.058718893497981234,1.3407412832375056,2.0689075325038346,2.5051498840622344
6.04296875,-1.5301757579918809,-0.06003386720659601,1.3476448907364664,2.0695650190214057,2.50383491071784
6.064476728439331,-1.5301757579918809,-0.057403919790902924,1.342056256094577,2.068578789245115,2.505478627398515
6.0854737758636475,-1.5308332461394416,-0.058718893497981234,1.3453436882369914,2.0672638162106773,2.5058073707348685
6.107475757598877,-1.5295182698450915,-0.05970512377929818,1.3381113375231748,2.069236275762598,2.505478627398515
6.127144813537598,-1.5298470139183897,-0.058718893497981234,1.3427137425230895,2.069236275762598,2.5058073707348685
6.149042367935181,-1.529189525771986,-0.05839015007106768,1.3436999721658303,2.0689075325038346,2.5061361140712948
6.170813798904419,-1.5295182698450915,-0.05806140664425011,1.344686201808538,2.0689075325038346,2.5090948041024093
6.192561149597168,-1.5301757579918809,-0.05773266321752854,1.340412540023228,2.0689075325038346,2.5051498840622344
6.21586537361145,-1.5295182698450915,-0.06627999234354087,1.3427137425230895,2.068578789245115,2.5051498840622344
6.238065719604492,-1.5295182698450915,-0.05773266321752854,1.33844008073748,2.0682500459864395,2.504821140726027
6.261005640029907,-1.5295182698450915,-0.05543145923316328,1.3535622685915039,2.069236275762598,2.502519937374608
6.283918857574463,-1.5295182698450915,-0.05773266321752854,1.3371251078802344,2.068578789245115,2.505478627398515
6.306920289993286,-1.530504502065565,-0.05773266321752854,1.3489598635932334,2.066935072952178,2.50383491071784
6.32913613319397,-1.529189525771986,-0.057403919790902924,1.340412540023228,2.068578789245115,2.5058073707348685
6.349253416061401,-1.5288607816990736,-0.05806140664425011,1.3453436882369914,2.068578789245115,2.504821140726027
6.371740818023682,-1.529189525771986,-0.05904763692499085,1.367698226796995,2.0728524516119093,2.5071223440810098
6.3927412033081055,-1.5295182698450915,-0.057403919790902924,1.339426310380372,2.068578789245115,2.5051498840622344
6.414525985717773,-1.5285320376263538,-0.05937638035209647,1.337453851094552,2.0679213027278087,2.504821140726027
6.437174081802368,-1.5295182698450915,-0.05839015007106768,1.3433712289515871,2.0689075325038346,2.505478627398515
6.459685802459717,-1.5295182698450915,-0.05773266321752854,1.337453851094552,2.0679213027278087,2.5051498840622344
6.48339319229126,-1.5288607816990736,-0.05839015007106768,1.3436999721658303,2.068578789245115,2.505478627398515
6.505983591079712,-1.5295182698450915,-0.05904763692499085,1.3430424857373402,2.0682500459864395,2.504821140726027
6.527688264846802,-1.5288607816990736,-0.05773266321752854,1.3430424857373402,2.068578789245115,2.5058073707348685
6.547688007354736,-1.5308332461394416,-0.05839015007106768,1.3436999721658303,2.068578789245115,2.5064648574077935
6.569972038269043,-1.529189525771986,-0.058718893497981234,1.344686201808538,2.0689075325038346,2.505478627398515
6.591529369354248,-1.5301757579918809,-0.05806140664425011,1.3815054417846082,2.066277586435311,2.5051498840622344
6.614191770553589,-1.5295182698450915,-0.06003386720659601,1.3387688239517814,2.068578789245115,2.505478627398515
6.636896133422852,-1.5295182698450915,-0.05839015007106768,1.342056256094577,2.068578789245115,2.5058073707348685
6.66041374206543,-1.5295182698450915,-0.05773266321752854,1.3427137425230895,2.069893762280257,2.504821140726027
6.68241286277771,-1.5295182698450915,-0.05806140664425011,1.3400837968089467,2.068578789245115,2.5058073707348685
6.7019195556640625,-1.529189525771986,-0.05839015007106768,1.3463299178796448,2.068578789245115,2.5051498840622344
6.723100423812866,-1.5272170613374028,-0.05806140664425011,1.3397550535946614,2.0682500459864395,2.5051498840622344
6.746102333068848,-1.5308332461394416,-0.058718893497981234,1.344686201808538,2.0695650190214057,2.5031774240460787
6.767777919769287,-1.5308332461394416,-0.06167758434452722,1.3499460932357732,2.0672638162106773,2.5061361140712948
6.789782762527466,-1.5314907342877744,-0.05674643293793952,1.3453436882369914,2.067592559469221,2.5061361140712948
6.811428785324097,-1.5295182698450915,-0.057403919790902924,1.3410700264517792,2.0682500459864395,2.5051498840622344
6.8348352909088135,-1.5298470139183897,-0.05839015007106768,1.342056256094577,2.0682500459864395,2.505478627398515
6.859360456466675,-1.530504502065565,-0.057403919790902924,1.3430424857373402,2.0695650190214057,2.5058073707348685
6.883363723754883,-1.5301757579918809,-0.05839015007106768,1.3367963646659125,2.0682500459864395,2.5051498840622344
6.905110120773315,-1.5301757579918809,-0.05970512377929818,1.3456724314512127,2.0689075325038346,2.504821140726027
6.930266857147217,-1.529189525771986,-0.05839015007106768,1.3387688239517814,2.0679213027278087,2.5051498840622344
6.954808473587036,-1.529189525771986,-0.057403919790902924,1.340412540023228,2.0682500459864395,2.5051498840622344
6.977808713912964,-1.5301757579918809,-0.05773266321752854,1.3440287153800698,2.064305126885761,2.503506167381923
7.001762866973877,-1.529189525771986,-0.05773266321752854,1.3456724314512127,2.0689075325038346,2.5044923973898916
7.026389122009277,-1.5295182698450915,-0.057403919790902924,1.3387688239517814,2.0679213027278087,2.5051498840622344
7.049421310424805,-1.5295182698450915,-0.05707517636437326,1.3525760389490695,2.068578789245115,2.5044923973898916
7.073564767837524,-1.5301757579918809,-0.05674643293793952,1.341398769666049,2.0682500459864395,2.5051498840622344
7.096565008163452,-1.5288607816990736,-0.05806140664425011,1.3417275128803148,2.066935072952178,2.5041636540538295
7.121614933013916,-1.529189525771986,-0.057403919790902924,1.3430424857373402,2.070551248798093,2.508108574091381
7.142627477645874,-1.530504502065565,-0.05806140664425011,1.3417275128803148,2.0689075325038346,2.5058073707348685
7.165685415267944,-1.5285320376263538,-0.05674643293793952,1.35487724144804,2.069893762280257,2.5061361140712948
7.188729763031006,-1.5308332461394416,-0.05937638035209647,1.344686201808538,2.0689075325038346,2.501862450703428
7.210673570632935,-1.5301757579918809,-0.05806140664425011,1.342384999308835,2.068578789245115,2.505478627398515
7.234377145767212,-1.5295182698450915,-0.05773266321752854,1.3433712289515871,2.069236275762598,2.505478627398515
7.256368160247803,-1.5314907342877744,-0.05674643293793952,1.3417275128803148,2.068578789245115,2.5051498840622344
7.279885292053223,-1.529189525771986,-0.05839015007106768,1.3387688239517814,2.0682500459864395,2.5051498840622344
7.303886413574219,-1.5301757579918809,-0.057403919790902924,1.3371251078802344,2.069236275762598,2.505478627398515
7.328193187713623,-1.5298470139183897,-0.05773266321752854,1.33844008073748,2.0682500459864395,2.505478627398515
7.3515167236328125,-1.5298470139183897,-0.05806140664425011,1.3430424857373402,2.069236275762598,2.505478627398515
7.3761467933654785,-1.5301757579918809,-0.05806140664425011,1.337453851094552,2.068578789245115,2.5058073707348685
7.399673700332642,-1.5295182698450915,-0.05773266321752854,1.3387688239517814,2.068578789245115,2.5058073707348685
7.423050165176392,-1.530504502065565,-0.05937638035209647,1.3466586610938553,2.069893762280257,2.5071223440810098
7.44705057144165,-1.529189525771986,-0.05839015007106768,1.3367963646659125,2.068578789245115,2.5051498840622344
7.470732688903809,-1.529189525771986,-0.05707517636437326,1.3400837968089467,2.068578789245115,2.5051498840622344
7.493120193481445,-1.5295182698450915,-0.05904763692499085,1.3381113375231748,2.0682500459864395,2.5058073707348685
7.5166916847229,-1.5298470139183897,-0.05970512377929818,1.3407412832375056,2.0682500459864395,2.5051498840622344
7.541393041610718,-1.5268883172656469,-0.05839015007106768,1.33844008073748,2.0672638162106773,2.504821140726027
7.565272331237793,-1.5314907342877744,-0.05773266321752854,1.339097567166079,2.068578789245115,2.5041636540538295
7.590268850326538,-1.5295182698450915,-0.057403919790902924,1.341398769666049,2.0689075325038346,2.5051498840622344
7.612801551818848,-1.5295182698450915,-0.05806140664425011,1.3397550535946614,2.0682500459864395,2.504821140726027
7.636344909667969,-1.5295182698450915,-0.05806140664425011,1.3460011746654306,2.0689075325038346,2.5064648574077935
7.659819602966309,-1.530504502065565,-0.05773266321752854,1.3387688239517814,2.0682500459864395,2.505478627398515
7.683909893035889,-1.5295182698450915,-0.05773266321752854,1.3387688239517814,2.068578789245115,2.504821140726027
7.706936836242676,-1.530504502065565,-0.057403919790902924,1.3381113375231748,2.0682500459864395,2.5074510874177274
7.730613708496094,-1.5298470139183897,-0.058718893497981234,1.3397550535946614,2.0679213027278087,2.5061361140712948
7.75451922416687,-1.5295182698450915,-0.05773266321752854,1.340412540023228,2.0689075325038346,2.5051498840622344
7.776802062988281,-1.5298470139183897,-0.05806140664425011,1.341398769666049,2.068578789245115,2.5051498840622344
7.799931049346924,-1.5295182698450915,-0.05937638035209647,1.339426310380372,2.0682500459864395,2.5044923973898916
7.822975158691406,-1.532476966511721,-0.05970512377929818,1.341398769666049,2.0689075325038346,2.505478627398515
7.844983816146851,-1.5301757579918809,-0.05806140664425011,1.3430424857373402,2.0689075325038346,2.5090948041024093
7.867516756057739,-1.5298470139183897,-0.057403919790902924,1.3630958218003721,2.067592559469221,2.5064648574077935
7.890933036804199,-1.5298470139183897,-0.057403919790902924,1.3387688239517814,2.0682500459864395,2.5051498840622344
7.912456035614014,-1.5295182698450915,-0.05806140664425011,1.3364676214515865,2.068578789245115,2.504821140726027
7.933985948562622,-1.530504502065565,-0.05839015007106768,1.3430424857373402,2.068578789245115,2.505478627398515
7.955220937728882,-1.530504502065565,-0.057403919790902924,1.341398769666049,2.068578789245115,2.504821140726027
7.977381706237793,-1.5301757579918809,-0.05806140664425011,1.3427137425230895,2.068578789245115,2.505478627398515
8.00007963180542,-1.529189525771986,-0.05773266321752854,1.3460011746654306,2.068578789245115,2.5051498840622344
8.022369146347046,-1.532148222436879,-0.058718893497981234,1.3483023771648568,2.074496167908821,2.5064648574077935
8.045480728149414,-1.5298470139183897,-0.055760202659213554,1.3542197550197779,2.0695650190214057,2.5051498840622344
8.066354036331177,-1.5314907342877744,-0.05904763692499085,1.3808479553566877,2.0718662218342936,2.5058073707348685
8.08735203742981,-1.530504502065565,-0.05773266321752854,1.341398769666049,2.068578789245115,2.5051498840622344
8.106868982315063,-1.530504502065565,-0.05773266321752854,1.3397550535946614,2.0679213027278087,2.505478627398515
8.126426219940186,-1.530504502065565,-0.058718893497981234,1.3377825943088655,2.0672638162106773,2.504821140726027
8.147412061691284,-1.5295182698450915,-0.057403919790902924,1.3387688239517814,2.0679213027278087,2.504821140726027
8.170260667800903,-1.529189525771986,-0.05806140664425011,1.340412540023228,2.068578789245115,2.505478627398515
8.192325353622437,-1.5275458054093514,-0.05806140664425011,1.3417275128803148,2.0679213027278087,2.505478627398515
8.215845584869385,-1.529189525771986,-0.05773266321752854,1.3417275128803148,2.0682500459864395,2.5074510874177274
8.237457513809204,-1.5298470139183897,-0.05806140664425011,1.337453851094552,2.068578789245115,2.505478627398515
8.258164644241333,-1.5295182698450915,-0.05806140664425011,1.344686201808538,2.0689075325038346,2.505478627398515
8.279064416885376,-1.5288607816990736,-0.05839015007106768,1.3433712289515871,2.0682500459864395,2.5051498840622344
8.300163745880127,-1.5288607816990736,-0.057403919790902924,1.3400837968089467,2.068578789245115,2.5074510874177274
8.324317216873169,-1.5295182698450915,-0.05773266321752854,1.339426310380372,2.0682500459864395,2.5051498840622344
8.34743857383728,-1.5298470139183897,-0.05773266321752854,1.33844008073748,2.0682500459864395,2.505478627398515
8.371335983276367,-1.5311619902135114,-0.05970512377929818,1.3397550535946614,2.0682500459864395,2.5051498840622344
8.394335985183716,-1.5308332461394416,-0.055102715807208824,1.3529047821632174,2.0689075325038346,2.504821140726027
8.419382095336914,-1.5298470139183897,-0.05773266321752854,1.3450149450227664,2.0679213027278087,2.5051498840622344
8.442192316055298,-1.5301757579918809,-0.05839015007106768,1.341398769666049,2.0689075325038346,2.5051498840622344
8.466327905654907,-1.529189525771986,-0.05806140664425011,1.3443574585943057,2.0689075325038346,2.505478627398515
8.489493131637573,-1.5295182698450915,-0.057403919790902924,1.339097567166079,2.0682500459864395,2.504821140726027
8.514102220535278,-1.5295182698450915,-0.05773266321752854,1.3417275128803148,2.068578789245115,2.504821140726027
8.53347396850586,-1.5288607816990736,-0.05839015007106768,1.3430424857373402,2.0689075325038346,2.5051498840622344
8.55615520477295,-1.529189525771986,-0.06069135406147996,1.3496173500215967,2.0679213027278087,2.505478627398515
8.579081773757935,-1.529189525771986,-0.05806140664425011,1.3453436882369914,2.06463387014391,2.5051498840622344
8.600860834121704,-1.529189525771986,-0.05773266321752854,1.339097567166079,2.0682500459864395,2.504821140726027
8.623069763183594,-1.5311619902135114,-0.05839015007106768,1.340412540023228,2.068578789245115,2.504821140726027
8.647176504135132,-1.5295182698450915,-0.05839015007106768,1.339097567166079,2.0682500459864395,2.5051498840622344
8.669605731964111,-1.529189525771986,-0.057403919790902924,1.3400837968089467,2.0679213027278087,2.504821140726027
8.691691875457764,-1.5232721324890437,-0.05806140664425011,1.3397550535946614,2.067592559469221,2.504821140726027
8.715414762496948,-1.5295182698450915,-0.05707517636437326,1.3371251078802344,2.0682500459864395,2.5051498840622344
8.73913860321045,-1.5308332461394416,-0.05806140664425011,1.339097567166079,2.0689075325038346,2.5051498840622344
8.762768983840942,-1.5301757579918809,-0.05773266321752854,1.3456724314512127,2.068578789245115,2.5044923973898916
8.786767721176147,-1.529189525771986,-0.05773266321752854,1.341398769666049,2.068578789245115,2.505478627398515
8.809524536132812,-1.530504502065565,-0.05806140664425011,1.3443574585943057,2.069236275762598,2.505478627398515
8.834048509597778,-1.529189525771986,-0.05773266321752854,1.339426310380372,2.0682500459864395,2.504821140726027
8.857812643051147,-1.5295182698450915,-0.05773266321752854,1.3387688239517814,2.0682500459864395,2.505478627398515
8.880736351013184,-1.5285320376263538,-0.05839015007106768,1.3433712289515871,2.0689075325038346,2.5058073707348685
8.900738000869751,-1.5298470139183897,-0.05839015007106768,1.33844008073748,2.0682500459864395,2.5058073707348685
8.92136263847351,-1.5212996680752586,-0.057403919790902924,1.3417275128803148,2.068578789245115,2.504821140726027
8.94378662109375,-1.5295182698450915,-0.05806140664425011,1.33844008073748,2.0682500459864395,2.5051498840622344
8.965214490890503,-1.5288607816990736,-0.05773266321752854,1.3397550535946614,2.0682500459864395,2.5058073707348685
8.988298892974854,-1.529189525771986,-0.05970512377929818,1.3397550535946614,2.068578789245115,2.504821140726027
9.010752201080322,-1.529189525771986,-0.05806140664425011,1.3381113375231748,2.0682500459864395,2.504821140726027
9.033552408218384,-1.5288607816990736,-0.057403919790902924,1.3371251078802344,2.068578789245115,2.506793600744365
9.055131435394287,-1.5298470139183897,-0.05707517636437326,1.342384999308835,2.0682500459864395,2.5051498840622344
9.078128337860107,-1.5295182698450915,-0.05904763692499085,1.3410700264517792,2.0689075325038346,2.504821140726027
9.100127696990967,-1.5288607816990736,-0.05806140664425011,1.342384999308835,2.0689075325038346,2.5058073707348685
9.120739459991455,-1.530504502065565,-0.05773266321752854,1.340412540023228,2.0682500459864395,2.504821140726027
9.14024019241333,-1.530504502065565,-0.05806140664425011,1.337453851094552,2.067592559469221,2.5044923973898916
9.159765005111694,-1.5308332461394416,-0.057403919790902924,1.33844008073748,2.0682500459864395,2.504821140726027
9.180771827697754,-1.5295182698450915,-0.05641768951160167,1.3565209575186437,2.0695650190214057,2.5061361140712948
9.20386266708374,-1.529189525771986,-0.05773266321752854,1.339097567166079,2.0689075325038346,2.5051498840622344
9.225189685821533,-1.529189525771986,-0.05904763692499085,1.3387688239517814,2.068578789245115,2.505478627398515
9.249109268188477,-1.5288607816990736,-0.05806140664425011,1.339426310380372,2.0682500459864395,2.504821140726027
9.27161693572998,-1.5295182698450915,-0.05773266321752854,1.3450149450227664,2.0689075325038346,2.5084373174283177
9.29361891746521,-1.5301757579918809,-0.05937638035209647,1.3397550535946614,2.0679213027278087,2.505478627398515
9.3141348361969,-1.5295182698450915,-0.05806140664425011,1.337453851094552,2.067592559469221,2.5058073707348685
9.334668636322021,-1.5288607816990736,-0.05970512377929818,1.337453851094552,2.0682500459864395,2.504821140726027
9.35767388343811,-1.5295182698450915,-0.05806140664425011,1.3407412832375056,2.0679213027278087,2.505478627398515
9.380261659622192,-1.532148222436879,-0.05773266321752854,1.3436999721658303,2.0682500459864395,2.502519937374608
9.401532649993896,-1.5285320376263538,-0.05707517636437326,1.341398769666049,2.0689075325038346,2.505478627398515
9.424900770187378,-1.5295182698450915,-0.05773266321752854,1.3371251078802344,2.0682500459864395,2.504821140726027
9.447415113449097,-1.530504502065565,-0.05773266321752854,1.3364676214515865,2.0682500459864395,2.505478627398515
9.470657110214233,-1.5288607816990736,-0.05773266321752854,1.3801904689287623,2.066277586435311,2.5051498840622344
9.493570804595947,-1.5301757579918809,-0.058718893497981234,1.3453436882369914,2.0689075325038346,2.505478627398515
9.516447067260742,-1.5298470139183897,-0.05806140664425011,1.3476448907364664,2.0689075325038346,2.504821140726027
9.538973093032837,-1.5298470139183897,-0.05773266321752854,1.3387688239517814,2.0689075325038346,2.505478627398515
9.561783790588379,-1.5466129619128366,-0.05773266321752854,1.339426310380372,2.068578789245115,2.504821140726027
9.58298659324646,-1.5212996680752586,-0.06134884091674858,1.3407412832375056,2.0679213027278087,2.5051498840622344
9.601886987686157,-1.5295182698450915,-0.057403919790902924,1.339097567166079,2.0679213027278087,2.5051498840622344
9.622725248336792,-1.5288607816990736,-0.05806140664425011,1.3436999721658303,2.0689075325038346,2.501862450703428
9.645476818084717,-1.5288607816990736,-0.05904763692499085,1.339426310380372,2.0689075325038346,2.5058073707348685
9.667290687561035,-1.5285320376263538,-0.05839015007106768,1.3381113375231748,2.0679213027278087,2.504821140726027
9.688531398773193,-1.5298470139183897,-0.057403919790902924,1.3371251078802344,2.0682500459864395,2.5071223440810098
9.71125316619873,-1.530504502065565,-0.05904763692499085,1.342056256094577,2.068578789245115,2.504821140726027
9.73150897026062,-1.5288607816990736,-0.057403919790902924,1.3361388782372565,2.0682500459864395,2.504821140726027
9.751048803329468,-1.5288607816990736,-0.057403919790902924,1.339097567166079,2.068578789245115,2.5051498840622344
9.772149801254272,-1.530504502065565,-0.05707517636437326,1.3397550535946614,2.0682500459864395,2.5051498840622344
9.795066833496094,-1.5298470139183897,-0.05806140664425011,1.3433712289515871,2.069236275762598,2.502519937374608
9.817115068435669,-1.5288607816990736,-0.06003386720659601,1.339097567166079,2.0682500459864395,2.504821140726027
9.838690042495728,-1.5288607816990736,-0.05773266321752854,1.3640820514425436,2.067592559469221,2.50383491071784
9.861243963241577,-1.5301757579918809,-0.05773266321752854,1.340412540023228,2.068578789245115,2.505478627398515
9.884423017501831,-1.5301757579918809,-0.058718893497981234,1.339426310380372,2.068578789245115,2.504821140726027
9.904422760009766,-1.5295182698450915,-0.05707517636437326,1.3433712289515871,2.0682500459864395,2.5051498840622344
9.926990985870361,-1.5295182698450915,-0.05806140664425011,1.3436999721658303,2.0682500459864395,2.505478627398515
9.950988054275513,-1.5328057105867559,-0.057403919790902924,1.340412540023228,2.0689075325038346,2.504821140726027
9.975503921508789,-1.5288607816990736,-0.057403919790902924,1.3440287153800698,2.068578789245115,2.505478627398515
9.99850344657898,-1.5301757579918809,-0.058718893497981234,1.3358101350229221,2.0679213027278087,2.5051498840622344
10.020020484924316,-1.5295182698450915,-0.05773266321752854,1.3400837968089467,2.0682500459864395,2.504821140726027
10.042582511901855,-1.5301757579918809,-0.05806140664425011,1.342056256094577,2.068578789245115,2.505478627398515
10.066274642944336,-1.5301757579918809,-0.05839015007106768,1.3417275128803148,2.068578789245115,2.5051498840622344
10.089361667633057,-1.5298470139183897,-0.057403919790902924,1.339426310380372,2.0682500459864395,2.5051498840622344
10.11307168006897,-1.5298470139183897,-0.057403919790902924,1.3433712289515871,2.062661410595673,2.502519937374608
10.13652515411377,-1.5301757579918809,-0.05937638035209647,1.3436999721658303,2.0689075325038346,2.5071223440810098
10.157037734985352,-1.5298470139183897,-0.06200632777240203,1.35980838965964,2.067592559469221,2.5058073707348685
10.178062438964844,-1.5298470139183897,-0.05839015007106768,1.3400837968089467,2.0682500459864395,2.505478627398515
10.20007610321045,-1.529189525771986,-0.05806140664425011,1.3407412832375056,2.068578789245115,2.5051498840622344
10.219634056091309,-1.5301757579918809,-0.05839015007106768,1.3460011746654306,2.062990153853603,2.503506167381923
10.240906476974487,-1.529189525771986,-0.05937638035209647,1.3381113375231748,2.068578789245115,2.505478627398515
10.261422395706177,-1.530504502065565,-0.05806140664425011,1.3667119971548984,2.0695650190214057,2.50383491071784
10.282421350479126,-1.528203293553827,-0.057403919790902924,1.3436999721658303,2.068578789245115,2.5058073707348685
10.303532361984253,-1.5295182698450915,-0.05773266321752854,1.3433712289515871,2.0689075325038346,2.505478627398515
10.325163125991821,-1.530504502065565,-0.057403919790902924,1.3397550535946614,2.068578789245115,2.5051498840622344
10.34378433227539,-1.5288607816990736,-0.057403919790902924,1.340412540023228,2.068578789245115,2.5051498840622344
10.364290952682495,-1.5295182698450915,-0.057403919790902924,1.3387688239517814,2.0682500459864395,2.5051498840622344
10.384302139282227,-1.5295182698450915,-0.05773266321752854,1.3381113375231748,2.0679213027278087,2.5058073707348685
10.405593872070312,-1.5298470139183897,-0.058718893497981234,1.3443574585943057,2.0689075325038346,2.505478627398515
10.425163269042969,-1.5301757579918809,-0.05773266321752854,1.3430424857373402,2.0689075325038346,2.5051498840622344
10.446848154067993,-1.5298470139183897,-0.05806140664425011,1.339426310380372,2.0682500459864395,2.504821140726027
10.4683997631073,-1.529189525771986,-0.05839015007106768,1.3417275128803148,2.069236275762598,2.504821140726027
10.491393566131592,-1.5298470139183897,-0.057403919790902924,1.3466586610938553,2.068578789245115,2.505478627398515
10.51494288444519,-1.5298470139183897,-0.05937638035209647,1.3821629282125236,2.0666063296937223,2.5041636540538295
10.537557125091553,-1.5295182698450915,-0.05707517636437326,1.3430424857373402,2.069236275762598,2.5031774240460787
10.557489395141602,-1.53181947836223,-0.058718893497981234,1.3443574585943057,2.0679213027278087,2.5061361140712948
10.580241441726685,-1.5295182698450915,-0.05543145923316328,1.3558634710904112,2.068578789245115,2.5061361140712948
10.60235333442688,-1.5295182698450915,-0.05806140664425011,1.3433712289515871,2.0689075325038346,2.505478627398515
10.625465154647827,-1.5295182698450915,-0.05773266321752854,1.342384999308835,2.068578789245115,2.504821140726027
10.64855146408081,-1.5295182698450915,-0.05773266321752854,1.344686201808538,2.0751536544278966,2.507779830754518
10.67160964012146,-1.5308332461394416,-0.057403919790902924,1.3440287153800698,2.0689075325038346,2.505478627398515
10.694812536239624,-1.529189525771986,-0.05641768951160167,1.3584934168032743,2.0682500459864395,2.505478627398515
10.71743130683899,-1.5295182698450915,-0.05773266321752854,1.3367963646659125,2.068578789245115,2.504821140726027
10.738267183303833,-1.5298470139183897,-0.05937638035209647,1.3387688239517814,2.0682500459864395,2.5051498840622344
10.759098768234253,-1.530504502065565,-0.06003386720659601,1.344686201808538,2.068578789245115,2.504821140726027
10.780188798904419,-1.5298470139183897,-0.05773266321752854,1.3407412832375056,2.068578789245115,2.505478627398515
10.803217649459839,-1.529189525771986,-0.05773266321752854,1.3377825943088655,2.0679213027278087,2.5051498840622344
10.827553272247314,-1.5301757579918809,-0.05773266321752854,1.344686201808538,2.068578789245115,2.5058073707348685
10.851553916931152,-1.5278745494814927,-0.05773266321752854,1.3381113375231748,2.068578789245115,2.505478627398515
10.875041961669922,-1.5298470139183897,-0.05806140664425011,1.3696706860811312,2.0708799920570766,2.5061361140712948
10.898998022079468,-1.5462842178296738,-0.05806140664425011,1.3433712289515871,2.0682500459864395,2.5094235474395648
10.921350479125977,-1.5288607816990736,-0.05806140664425011,1.3453436882369914,2.0689075325038346,2.505478627398515
10.944683074951172,-1.5298470139183897,-0.057403919790902924,1.3453436882369914,2.0689075325038346,2.509752290776793
10.966347217559814,-1.5311619902135114,-0.05806140664425011,1.3433712289515871,2.0689075325038346,2.50383491071784
10.98963975906372,-1.5295182698450915,-0.05674643293793952,1.3581646735891761,2.069236275762598,2.5061361140712948
11.011629343032837,-1.5295182698450915,-0.05773266321752854,1.3443574585943057,2.0682500459864395,2.5041636540538295
11.0327627658844,-1.5295182698450915,-0.057403919790902924,1.339097567166079,2.0682500459864395,2.5051498840622344
11.056179761886597,-1.5301757579918809,-0.057403919790902924,1.339426310380372,2.0679213027278087,2.5051498840622344
11.079044342041016,-1.529189525771986,-0.05806140664425011,1.339426310380372,2.0679213027278087,2.5051498840622344
11.102648973464966,-1.530504502065565,-0.05806140664425011,1.369013199653094,2.0708799920570766,2.5051498840622344
11.12579083442688,-1.5288607816990736,-0.05773266321752854,1.3400837968089467,2.0682500459864395,2.5051498840622344
11.149800062179565,-1.529189525771986,-0.057403919790902924,1.342384999308835,2.068578789245115,2.5051498840622344
11.17236614227295,-1.5295182698450915,-0.05773266321752854,1.3387688239517814,2.067592559469221,2.5051498840622344
11.194379806518555,-1.5301757579918809,-0.05773266321752854,1.3397550535946614,2.068578789245115,2.5051498840622344
11.216008186340332,-1.5295182698450915,-0.05806140664425011,1.3387688239517814,2.067592559469221,2.504821140726027
11.239203453063965,-1.5311619902135114,-0.05806140664425011,1.339426310380372,2.0679213027278087,2.5051498840622344
11.262287378311157,-1.5314907342877744,-0.057403919790902924,1.3371251078802344,2.0679213027278087,2.5051498840622344
11.282878875732422,-1.529189525771986,-0.057403919790902924,1.342056256094577,2.0682500459864395,2.5058073707348685
11.30396819114685,-1.5295182698450915,-0.05707517636437326,1.3450149450227664,2.0682500459864395,2.504821140726027
11.323913812637329,-1.529189525771986,-0.05839015007106768,1.341398769666049,2.0689075325038346,2.505478627398515
11.345419645309448,-1.5314907342877744,-0.05707517636437326,1.3450149450227664,2.068578789245115,2.504821140726027
11.365039110183716,-1.5311619902135114,-0.05773266321752854,1.342384999308835,2.0679213027278087,2.5058073707348685
11.38604187965393,-1.530504502065565,-0.05674643293793952,1.3377825943088655,2.0682500459864395,2.505478627398515
11.409457445144653,-1.5295182698450915,-0.05773266321752854,1.3443574585943057,2.0682500459864395,2.5058073707348685
11.432175636291504,-1.5295182698450915,-0.06003386720659601,1.3492886068074168,2.068578789245115,2.5061361140712948
11.454601287841797,-1.5341206868888266,-0.05839015007106768,1.3460011746654306,2.068578789245115,2.504821140726027
11.478301763534546,-1.529189525771986,-0.05806140664425011,1.3387688239517814,2.0682500459864395,2.5051498840622344
11.500571489334106,-1.5288607816990736,-0.05707517636437326,1.3410700264517792,2.0679213027278087,2.505478627398515
11.523223876953125,-1.529189525771986,-0.05773266321752854,1.344686201808538,2.062003924079943,2.502519937374608
11.545562744140625,-1.529189525771986,-0.05773266321752854,1.3377825943088655,2.0689075325038346,2.505478627398515
11.565118551254272,-1.5301757579918809,-0.05806140664425011,1.3427137425230895,2.0689075325038346,2.5021911940389816
11.586116790771484,-1.5298470139183897,-0.05806140664425011,1.3506035796641165,2.066277586435311,2.503506167381923
11.605902194976807,-1.5308332461394416,-0.058718893497981234,1.3400837968089467,2.0679213027278087,2.5051498840622344
11.626588344573975,-1.5288607816990736,-0.05904763692499085,1.33844008073748,2.067592559469221,2.504821140726027
11.648242950439453,-1.5301757579918809,-0.057403919790902924,1.3381113375231748,2.067592559469221,2.504821140726027
11.670250654220581,-1.5295182698450915,-0.05773266321752854,1.3443574585943057,2.0679213027278087,2.5084373174283177
11.692253112792969,-1.53181947836223,-0.058718893497981234,1.3407412832375056,2.0679213027278087,2.5051498840622344
11.714776515960693,-1.5288607816990736,-0.058718893497981234,1.341398769666049,2.067592559469221,2.5041636540538295
11.737392663955688,-1.5449692414989624,-0.05773266321752854,1.3397550535946614,2.0679213027278087,2.505478627398515
11.760334730148315,-1.5295182698450915,-0.05839015007106768,1.3450149450227664,2.0682500459864395,2.5058073707348685
11.782320022583008,-1.5288607816990736,-0.05806140664425011,1.3723006317932023,2.069893762280257,2.5074510874177274
11.80382490158081,-1.5295182698450915,-0.05806140664425011,1.3785467528589255,2.0721949650934546,2.505478627398515
11.824857950210571,-1.5295182698450915,-0.05937638035209647,1.3456724314512127,2.0682500459864395,2.5058073707348685
11.848398685455322,-1.5295182698450915,-0.05707517636437326,1.3364676214515865,2.067592559469221,2.504821140726027
11.867905139923096,-1.5288607816990736,-0.05707517636437326,1.3601371328737246,2.0672638162106773,2.5058073707348685
11.887909650802612,-1.5298470139183897,-0.05773266321752854,1.3440287153800698,2.0682500459864395,2.504821140726027
11.907525062561035,-1.5308332461394416,-0.057403919790902924,1.3436999721658303,2.0679213027278087,2.5051498840622344
11.92904019355774,-1.5295182698450915,-0.05839015007106768,1.3377825943088655,2.0679213027278087,2.5051498840622344
11.95207929611206,-1.5285320376263538,-0.05904763692499085,1.3410700264517792,2.067592559469221,2.505478627398515
11.973647594451904,-1.5301757579918809,-0.06003386720659601,1.3397550535946614,2.067592559469221,2.505478627398515
11.994656562805176,-1.5295182698450915,-0.05707517636437326,1.3400837968089467,2.0679213027278087,2.5051498840622344
12.015481233596802,-1.529189525771986,-0.05937638035209647,1.3407412832375056,2.067592559469221,2.505478627398515
12.03800654411316,-1.5298470139183897,-0.057403919790902924,1.3381113375231748,2.066935072952178,2.505478627398515
12.057647466659546,-1.530504502065565,-0.05707517636437326,1.3440287153800698,2.0702225055391525,2.507779830754518
12.079647302627563,-1.5295182698450915,-0.05773266321752854,1.339097567166079,2.0672638162106773,2.5051498840622344
12.1013662815094,-1.529189525771986,-0.05839015007106768,1.340412540023228,2.0679213027278087,2.505478627398515
12.123723030090332,-1.53181947836223,-0.057403919790902924,1.340412540023228,2.0679213027278087,2.505478627398515
12.145328044891357,-1.5295182698450915,-0.05773266321752854,1.3436999721658303,2.0682500459864395,2.5061361140712948
12.166766166687012,-1.528203293553827,-0.057403919790902924,1.3381113375231748,2.067592559469221,2.505478627398515
12.185765027999878,-1.529189525771986,-0.05806140664425011,1.3427137425230895,2.067592559469221,2.505478627398515
12.207369565963745,-1.529189525771986,-0.05773266321752854,1.3460011746654306,2.0679213027278087,2.5061361140712948
12.228911638259888,-1.5301757579918809,-0.05641768951160167,1.3456724314512127,2.07416742464935,2.5074510874177274
12.24990439414978,-1.529189525771986,-0.05773266321752854,1.339426310380372,2.067592559469221,2.5058073707348685
12.270540952682495,-1.529189525771986,-0.06134884091674858,1.3430424857373402,2.0672638162106773,2.5051498840622344
12.2942476272583,-1.5298470139183897,-0.05773266321752854,1.339097567166079,2.0666063296937223,2.5051498840622344
12.31591796875,-1.5295182698450915,-0.06595124891441317,1.337453851094552,2.0666063296937223,2.5058073707348685
12.33947491645813,-1.5288607816990736,-0.05707517636437326,1.3367963646659125,2.066935072952178,2.5064648574077935
12.361524820327759,-1.5295182698450915,-0.05773266321752854,1.33844008073748,2.065291356660339,2.504821140726027
12.385055303573608,-1.529189525771986,-0.05806140664425011,1.3400837968089467,2.066277586435311,2.505478627398515
12.40799593925476,-1.5308332461394416,-0.05839015007106768,1.344686201808538,2.0666063296937223,2.501862450703428
12.429251670837402,-1.529189525771986,-0.057403919790902924,1.3857791035659808,2.06463387014391,2.50383491071784
12.452239036560059,-1.532148222436879,-0.058718893497981234,1.3450149450227664,2.066935072952178,2.5071223440810098
12.474506855010986,-1.5295182698450915,-0.05773266321752854,1.3440287153800698,2.065948843176943,2.5051498840622344
12.4966561794281,-1.5301757579918809,-0.058718893497981234,1.337453851094552,2.065948843176943,2.5051498840622344
12.51845407485962,-1.530504502065565,-0.05904763692499085,1.3621095921581787,2.0682500459864395,2.5071223440810098
12.539931535720825,-1.5295182698450915,-0.05839015007106768,1.3377825943088655,2.066277586435311,2.5051498840622344
12.560443878173828,-1.5301757579918809,-0.05806140664425011,1.33844008073748,2.065948843176943,2.504821140726027
12.580442428588867,-1.5308332461394416,-0.057403919790902924,1.3433712289515871,2.065948843176943,2.5061361140712948
12.601813554763794,-1.530504502065565,-0.05970512377929818,1.339097567166079,2.065620099918619,2.505478627398515
12.623331069946289,-1.5295182698450915,-0.057403919790902924,1.339426310380372,2.065948843176943,2.5051498840622344
12.643689393997192,-1.529189525771986,-0.06463627519886725,1.339426310380372,2.065948843176943,2.5051498840622344
12.665037393569946,-1.530504502065565,-0.05806140664425011,1.3364676214515865,2.065948843176943,2.505478627398515
12.685925006866455,-1.5295182698450915,-0.05806140664425011,1.377231780003031,2.06463387014391,2.505478627398515
12.707603693008423,-1.530504502065565,-0.05707517636437326,1.339426310380372,2.065620099918619,2.5051498840622344
12.728216648101807,-1.5311619902135114,-0.05806140664425011,1.3407412832375056,2.066277586435311,2.5051498840622344
12.749767065048218,-1.5295182698450915,-0.05839015007106768,1.3351526485942409,2.065291356660339,2.5051498840622344
12.772067308425903,-1.5288607816990736,-0.05904763692499085,1.344686201808538,2.065948843176943,2.505478627398515
12.793386220932007,-1.528203293553827,-0.05674643293793952,1.3417275128803148,2.065620099918619,2.505478627398515
12.814084768295288,-1.5298470139183897,-0.05937638035209647,1.3463299178796448,2.0666063296937223,2.5058073707348685
12.833300113677979,-1.5285320376263538,-0.05839015007106768,1.3397550535946614,2.065620099918619,2.5058073707348685
12.854279518127441,-1.529189525771986,-0.05707517636437326,1.3367963646659125,2.065620099918619,2.5051498840622344
12.8735671043396,-1.5295182698450915,-0.05773266321752854,1.3430424857373402,2.065948843176943,2.505478627398515
12.89298152923584,-1.5311619902135114,-0.057403919790902924,1.3400837968089467,2.065948843176943,2.5058073707348685
12.913594484329224,-1.53181947836223,-0.05773266321752854,1.3798617257147974,2.0636476403695947,2.5041636540538295
12.933588027954102,-1.529189525771986,-0.05904763692499085,1.3387688239517814,2.066277586435311,2.504821140726027
12.954068899154663,-1.528203293553827,-0.05904763692499085,1.340412540023228,2.065291356660339,2.5051498840622344
12.973205327987671,-1.5295182698450915,-0.05904763692499085,1.3361388782372565,2.066277586435311,2.5051498840622344
12.993205070495605,-1.532476966511721,-0.057403919790902924,1.3417275128803148,2.066277586435311,2.5051498840622344
13.013774633407593,-1.5301757579918809,-0.057403919790902924,1.3410700264517792,2.065620099918619,2.5061361140712948
13.035286664962769,-1.5285320376263538,-0.05773266321752854,1.3410700264517792,2.0666063296937223,2.5058073707348685
13.057286739349365,-1.5311619902135114,-0.05773266321752854,1.3400837968089467,2.065948843176943,2.5051498840622344
13.0818350315094,-1.5295182698450915,-0.05773266321752854,1.3407412832375056,2.066277586435311,2.505478627398515
13.106323719024658,-1.5295182698450915,-0.057403919790902924,1.3427137425230895,2.065948843176943,2.5028486807103074
13.12958574295044,-1.5295182698450915,-0.05608894608535969,1.3558634710904112,2.066935072952178,2.5061361140712948
13.152609586715698,-1.529189525771986,-0.05806140664425011,1.340412540023228,2.065948843176943,2.505478627398515
13.175122022628784,-1.5298470139183897,-0.05773266321752854,1.3381113375231748,2.065291356660339,2.504821140726027
13.19912314414978,-1.5295182698450915,-0.05904763692499085,1.3397550535946614,2.065948843176943,2.504821140726027
13.223665237426758,-1.53181947836223,-0.05839015007106768,1.3479736339506634,2.0718662218342936,2.5074510874177274
13.24962830543518,-1.529189525771986,-0.058718893497981234,1.339097567166079,2.066277586435311,2.5058073707348685
13.271833658218384,-1.5475991941634888,-0.05773266321752854,1.3436999721658303,2.0666063296937223,2.504821140726027
13.295140743255615,-1.5301757579918809,-0.05773266321752854,1.3377825943088655,2.066935072952178,2.5058073707348685
13.320394039154053,-1.5288607816990736,-0.05806140664425011,1.33844008073748,2.066277586435311,2.5064648574077935
13.34499216079712,-1.5295182698450915,-0.057403919790902924,1.3440287153800698,2.0672638162106773,2.504821140726027
13.368989944458008,-1.529189525771986,-0.05773266321752854,1.3476448907364664,2.069236275762598,2.5041636540538295
13.389973402023315,-1.530504502065565,-0.05773266321752854,1.3436999721658303,2.067592559469221,2.5100810341140942
13.410994529724121,-1.5295182698450915,-0.057403919790902924,1.3400837968089467,2.066935072952178,2.505478627398515
13.431501150131226,-1.5295182698450915,-0.05806140664425011,1.3371251078802344,2.0672638162106773,2.504821140726027
13.452764987945557,-1.5295182698450915,-0.058718893497981234,1.3364676214515865,2.0672638162106773,2.5051498840622344
13.47240138053894,-1.5301757579918809,-0.05806140664425011,1.3397550535946614,2.0672638162106773,2.505478627398515
13.494171380996704,-1.5295182698450915,-0.057403919790902924,1.341398769666049,2.0672638162106773,2.5051498840622344
13.51306438446045,-1.5298470139183897,-0.05806140664425011,1.3492886068074168,2.065291356660339,2.5031774240460787
13.535898923873901,-1.529189525771986,-0.05806140664425011,1.339426310380372,2.0672638162106773,2.5044923973898916
13.555307626724243,-1.5288607816990736,-0.0652937620564473,1.3456724314512127,2.067592559469221,2.5064648574077935
13.575918436050415,-1.530504502065565,-0.05773266321752854,1.341398769666049,2.067592559469221,2.5051498840622344
13.599839210510254,-1.5295182698450915,-0.057403919790902924,1.341398769666049,2.068578789245115,2.504821140726027
13.622485399246216,-1.529189525771986,-0.05839015007106768,1.3430424857373402,2.067592559469221,2.5051498840622344
13.647252321243286,-1.5295182698450915,-0.058718893497981234,1.3450149450227664,2.069236275762598,2.503506167381923
13.671769380569458,-1.5288607816990736,-0.06562250548538201,1.3381113375231748,2.0682500459864395,2.505478627398515
13.695580005645752,-1.5311619902135114,-0.05707517636437326,1.3440287153800698,2.0679213027278087,2.5058073707348685
13.720319271087646,-1.529189525771986,-0.058718893497981234,1.3430424857373402,2.068578789245115,2.5051498840622344
13.745101690292358,-1.5308332461394416,-0.05806140664425011,1.3427137425230895,2.068578789245115,2.5061361140712948
13.767215251922607,-1.530504502065565,-0.05773266321752854,1.340412540023228,2.0672638162106773,2.504821140726027
13.790298223495483,-1.529189525771986,-0.06266381462844045,1.341398769666049,2.068578789245115,2.504821140726027
13.813740015029907,-1.529189525771986,-0.05806140664425011,1.339097567166079,2.068578789245115,2.504821140726027
13.838361263275146,-1.5308332461394416,-0.05773266321752854,1.3436999721658303,2.0682500459864395,2.505478627398515
13.861777067184448,-1.5314907342877744,-0.057403919790902924,1.340412540023228,2.0682500459864395,2.504821140726027
13.884266376495361,-1.5295182698450915,-0.05904763692499085,1.33844008073748,2.0682500459864395,2.5061361140712948
13.904727697372437,-1.5308332461394416,-0.05904763692499085,1.3453436882369914,2.068578789245115,2.5058073707348685
13.925662755966187,-1.5295182698450915,-0.05773266321752854,1.3377825943088655,2.067592559469221,2.5031774240460787
13.946011543273926,-1.530504502065565,-0.057403919790902924,1.3489598635932334,2.065948843176943,2.5031774240460787
13.967443704605103,-1.5295182698450915,-0.05904763692499085,1.3361388782372565,2.0689075325038346,2.5051498840622344
13.987159967422485,-1.5311619902135114,-0.05937638035209647,1.33844008073748,2.0672638162106773,2.505478627398515
14.007669687271118,-1.529189525771986,-0.05839015007106768,1.3460011746654306,2.066277586435311,2.5021911940389816
14.028773784637451,-1.5295182698450915,-0.05806140664425011,1.3466586610938553,2.068578789245115,2.501862450703428
14.04823350906372,-1.5288607816990736,-0.05773266321752854,1.3381113375231748,2.0682500459864395,2.5051498840622344
14.068768978118896,-1.5298470139183897,-0.05839015007106768,1.341398769666049,2.068578789245115,2.505478627398515
14.087768316268921,-1.5295182698450915,-0.05806140664425011,1.341398769666049,2.069236275762598,2.505478627398515
14.10781979560852,-1.5295182698450915,-0.058718893497981234,1.3417275128803148,2.068578789245115,2.505478627398515
14.127211332321167,-1.5298470139183897,-0.05773266321752854,1.3397550535946614,2.0682500459864395,2.5058073707348685
14.147444248199463,-1.5295182698450915,-0.05773266321752854,1.3400837968089467,2.0689075325038346,2.5058073707348685
14.167051076889038,-1.529189525771986,-0.05806140664425011,1.3427137425230895,2.068578789245115,2.504821140726027
14.186479091644287,-1.5295182698450915,-0.05773266321752854,1.384792873924141,2.068578789245115,2.5031774240460787
14.205541133880615,-1.5308332461394416,-0.057403919790902924,1.3397550535946614,2.0682500459864395,2.506793600744365
14.22507929801941,-1.5301757579918809,-0.05773266321752854,1.3479736339506634,2.071208735316105,2.5044923973898916
14.244766473770142,-1.5295182698450915,-0.06167758434452722,1.3427137425230895,2.0689075325038346,2.505478627398515
14.263277053833008,-1.529189525771986,-0.05806140664425011,1.3381113375231748,2.0682500459864395,2.5051498840622344
14.283370733261108,-1.5301757579918809,-0.05773266321752854,1.340412540023228,2.068578789245115,2.505478627398515
14.302691459655762,-1.5295182698450915,-0.05806140664425011,1.3673694835829648,2.0725237083526595,2.506793600744365
14.322607278823853,-1.529189525771986,-0.05773266321752854,1.3400837968089467,2.0689075325038346,2.5051498840622344
14.345127582550049,-1.5301757579918809,-0.05839015007106768,1.339426310380372,2.0682500459864395,2.505478627398515
14.368742942810059,-1.5347781750410205,-0.05839015007106768,1.337453851094552,2.0682500459864395,2.504821140726027
14.390746355056763,-1.530504502065565,-0.057403919790902924,1.3460011746654306,2.0689075325038346,2.5044923973898916
14.414122581481934,-1.530504502065565,-0.05707517636437326,1.340412540023228,2.0689075325038346,2.506793600744365
14.436562538146973,-1.5295182698450915,-0.05806140664425011,1.3433712289515871,2.0689075325038346,2.5051498840622344
14.457280158996582,-1.5301757579918809,-0.057403919790902924,1.3430424857373402,2.068578789245115,2.5058073707348685
14.478023052215576,-1.5298470139183897,-0.06003386720659601,1.3410700264517792,2.068578789245115,2.505478627398515
14.49850583076477,-1.5295182698450915,-0.05806140664425011,1.3358101350229221,2.0682500459864395,2.5051498840622344
14.517786264419556,-1.5288607816990736,-0.05773266321752854,1.337453851094552,2.0682500459864395,2.5051498840622344
14.537508010864258,-1.529189525771986,-0.05773266321752854,1.3387688239517814,2.0682500459864395,2.5058073707348685
14.557979345321655,-1.529189525771986,-0.05773266321752854,1.342056256094577,2.0689075325038346,2.5051498840622344
14.577511548995972,-1.532476966511721,-0.05806140664425011,1.3400837968089467,2.068578789245115,2.5051498840622344
14.59649395942688,-1.5295182698450915,-0.05773266321752854,1.3410700264517792,2.068578789245115,2.5058073707348685
14.61611032485962,-1.5285320376263538,-0.058718893497981234,1.3410700264517792,2.0689075325038346,2.5061361140712948
14.63607120513916,-1.5308332461394416,-0.058718893497981234,1.3410700264517792,2.0682500459864395,2.5051498840622344
14.655504941940308,-1.5295182698450915,-0.058718893497981234,1.341398769666049,2.0682500459864395,2.5051498840622344
14.674861431121826,-1.5301757579918809,-0.05806140664425011,1.3624383353722458,2.0666063296937223,2.5041636540538295
14.694877862930298,-1.5295182698450915,-0.057403919790902924,1.3381113375231748,2.068578789245115,2.505478627398515
14.71537709236145,-1.5298470139183897,-0.05773266321752854,1.3381113375231748,2.0682500459864395,2.505478627398515
14.733917236328125,-1.529189525771986,-0.05773266321752854,1.339097567166079,2.0679213027278087,2.505478627398515
14.753891229629517,-1.529189525771986,-0.057403919790902924,1.340412540023228,2.068578789245115,2.504821140726027
14.773724794387817,-1.5298470139183897,-0.05937638035209647,1.3433712289515871,2.068578789245115,2.505478627398515
14.79461145401001,-1.5314907342877744,-0.057403919790902924,1.3453436882369914,2.069236275762598,2.5044923973898916
14.81472110748291,-1.530504502065565,-0.05806140664425011,1.3427137425230895,2.068578789245115,2.5064648574077935
14.83609652519226,-1.5275458054093514,-0.06003386720659601,1.3440287153800698,2.068578789245115,2.5061361140712948
14.855665445327759,-1.5311619902135114,-0.057403919790902924,1.3469874043080627,2.0682500459864395,2.5051498840622344
14.876320123672485,-1.5285320376263538,-0.05773266321752854,1.339426310380372,2.0679213027278087,2.5051498840622344
14.896247863769531,-1.5298470139183897,-0.05806140664425011,1.339426310380372,2.0682500459864395,2.505478627398515
14.91605544090271,-1.5298470139183897,-0.05904763692499085,1.33844008073748,2.0682500459864395,2.5051498840622344
14.936137676239014,-1.5301757579918809,-0.057403919790902924,1.341398769666049,2.0682500459864395,2.505478627398515
14.955867528915405,-1.5301757579918809,-0.05806140664425011,1.339097567166079,2.0682500459864395,2.505478627398515
14.975202083587646,-1.532148222436879,-0.05773266321752854,1.3387688239517814,2.0679213027278087,2.505478627398515
14.995245218276978,-1.5301757579918809,-0.058718893497981234,1.3377825943088655,2.0672638162106773,2.5051498840622344
15.016098022460938,-1.5272170613374028,-0.05806140664425011,1.3430424857373402,2.0672638162106773,2.5051498840622344
15.034844160079956,-1.53181947836223,-0.05806140664425011,1.3466586610938553,2.066277586435311,2.504821140726027
15.055017709732056,-1.5314907342877744,-0.05773266321752854,1.3407412832375056,2.0649626134021024,2.505478627398515
15.075039625167847,-1.5314907342877744,-0.05839015007106768,1.33844008073748,2.065291356660339,2.505478627398515
15.095386266708374,-1.532148222436879,-0.05904763692499085,1.3479736339506634,2.0666063296937223,2.505478627398515
15.11470365524292,-1.5285320376263538,-0.057403919790902924,1.3367963646659125,2.0666063296937223,2.505478627398515
15.137222528457642,-1.5285320376263538,-0.058718893497981234,1.3387688239517814,2.066935072952178,2.505478627398515
15.15921926498413,-1.5301757579918809,-0.05773266321752854,1.3443574585943057,2.068578789245115,2.5041636540538295
15.18073582649231,-1.5298470139183897,-0.05543145923316328,1.3545484982339104,2.0715374785751774,2.505478627398515
15.201767921447754,-1.5288607816990736,-0.05904763692499085,1.3407412832375056,2.070551248798093,2.503506167381923
15.223296165466309,-1.5295182698450915,-0.057403919790902924,1.3430424857373402,2.071208735316105,2.5051498840622344
15.244171142578125,-1.530504502065565,-0.05839015007106768,1.3410700264517792,2.0715374785751774,2.5051498840622344
15.26473093032837,-1.530504502065565,-0.057403919790902924,1.3387688239517814,2.071208735316105,2.5051498840622344
15.286133527755737,-1.5288607816990736,-0.05773266321752854,1.3430424857373402,2.0721949650934546,2.5031774240460787
15.307168960571289,-1.529189525771986,-0.05773266321752854,1.3450149450227664,2.071208735316105,2.505478627398515
15.32968783378601,-1.5311619902135114,-0.05707517636437326,1.3417275128803148,2.070551248798093,2.5061361140712948
15.349540710449219,-1.5298470139183897,-0.06496501862760906,1.3387688239517814,2.0708799920570766,2.504821140726027
15.370706796646118,-1.5298470139183897,-0.05773266321752854,1.3824916714264799,2.068578789245115,2.504821140726027
15.391713619232178,-1.53181947836223,-0.057403919790902924,1.3460011746654306,2.070551248798093,2.505478627398515
15.412460088729858,-1.5288607816990736,-0.05904763692499085,1.339426310380372,2.0695650190214057,2.5041636540538295
15.433923721313477,-1.529189525771986,-0.05773266321752854,1.3397550535946614,2.0695650190214057,2.5058073707348685
15.453298091888428,-1.529189525771986,-0.05773266321752854,1.3433712289515871,2.0682500459864395,2.505478627398515
15.473347187042236,-1.530504502065565,-0.05773266321752854,1.3410700264517792,2.067592559469221,2.5044923973898916
15.49234938621521,-1.529189525771986,-0.057403919790902924,1.339426310380372,2.0672638162106773,2.505478627398515
15.511233568191528,-1.5295182698450915,-0.05773266321752854,1.3397550535946614,2.066935072952178,2.5051498840622344
15.53075122833252,-1.530504502065565,-0.05806140664425011,1.3453436882369914,2.067592559469221,2.5044923973898916
15.549751043319702,-1.5288607816990736,-0.05773266321752854,1.3525760389490695,2.063976383627656,2.5051498840622344
15.568705081939697,-1.5295182698450915,-0.05773266321752854,1.3640820514425436,2.06463387014391,2.5028486807103074
15.58869743347168,-1.5295182698450915,-0.058718893497981234,1.3653970242987392,2.065291356660339,2.504821140726027
15.607420444488525,-1.5298470139183897,-0.05839015007106768,1.3430424857373402,2.0672638162106773,2.5061361140712948
15.627429008483887,-1.5301757579918809,-0.057403919790902924,1.341398769666049,2.0666063296937223,2.5061361140712948
15.648212432861328,-1.536750639502241,-0.06200632777240203,1.33844008073748,2.0666063296937223,2.5061361140712948
15.669240474700928,-1.5259020850515348,-0.05773266321752854,1.3713144021511898,2.0695650190214057,2.5064648574077935
15.6892409324646,-1.529189525771986,-0.05773266321752854,1.3407412832375056,2.066935072952178,2.505478627398515
15.710276365280151,-1.5311619902135114,-0.057403919790902924,1.3371251078802344,2.066277586435311,2.5041636540538295
15.731090307235718,-1.5298470139183897,-0.06266381462844045,1.3397550535946614,2.0666063296937223,2.505478627398515
15.75084376335144,-1.5301757579918809,-0.058718893497981234,1.3377825943088655,2.065620099918619,2.504821140726027
15.771360635757446,-1.5295182698450915,-0.057403919790902924,1.33844008073748,2.065620099918619,2.504821140726027
15.791638612747192,-1.5311619902135114,-0.057403919790902924,1.384792873924141,2.064305126885761,2.50383491071784
15.81132197380066,-1.5298470139183897,-0.05773266321752854,1.3436999721658303,2.0672638162106773,2.5058073707348685
15.831189393997192,-1.5295182698450915,-0.05937638035209647,1.3529047821632174,2.065948843176943,2.50383491071784
15.851190090179443,-1.5298470139183897,-0.05839015007106768,1.3433712289515871,2.0666063296937223,2.5044923973898916
15.870702505111694,-1.5288607816990736,-0.05806140664425011,1.341398769666049,2.066935072952178,2.5051498840622344
15.892702102661133,-1.5301757579918809,-0.05839015007106768,1.3450149450227664,2.066935072952178,2.5051498840622344
15.912328243255615,-1.5285320376263538,-0.05773266321752854,1.342056256094577,2.066277586435311,2.505478627398515
15.93349838256836,-1.5288607816990736,-0.06069135406147996,1.3381113375231748,2.066277586435311,2.5051498840622344
15.95460820198059,-1.5295182698450915,-0.05707517636437326,1.3456724314512127,2.0666063296937223,2.504821140726027
15.975446462631226,-1.5288607816990736,-0.05674643293793952,1.377231780003031,2.065291356660339,2.5061361140712948
15.995790481567383,-1.5295182698450915,-0.05806140664425011,1.342384999308835,2.0666063296937223,2.50383491071784
16.016215801239014,-1.5311619902135114,-0.057403919790902924,1.3430424857373402,2.0666063296937223,2.5051498840622344
16.036580085754395,-1.529189525771986,-0.05674643293793952,1.340412540023228,2.065948843176943,2.5051498840622344
16.056533575057983,-1.5295182698450915,-0.05839015007106768,1.3427137425230895,2.0679213027278087,2.5061361140712948
16.07779884338379,-1.5301757579918809,-0.057403919790902924,1.3417275128803148,2.066935072952178,2.504821140726027
16.09647512435913,-1.5301757579918809,-0.05773266321752854,1.340412540023228,2.066277586435311,2.504821140726027
16.116522312164307,-1.5288607816990736,-0.05773266321752854,1.339426310380372,2.066277586435311,2.5044923973898916
16.13608193397522,-1.529189525771986,-0.057403919790902924,1.3400837968089467,2.066935072952178,2.504821140726027
16.156343936920166,-1.5295182698450915,-0.058718893497981234,1.3387688239517814,2.066277586435311,2.5051498840622344
16.175379276275635,-1.5295182698450915,-0.05773266321752854,1.3354813918085837,2.0666063296937223,2.505478627398515
16.195638418197632,-1.5298470139183897,-0.05773266321752854,1.340412540023228,2.0672638162106773,2.505478627398515
16.215507984161377,-1.5308332461394416,-0.05937638035209647,1.3381113375231748,2.0666063296937223,2.505478627398515
16.235840797424316,-1.5285320376263538,-0.057403919790902924,1.3371251078802344,2.0666063296937223,2.505478627398515
16.25535249710083,-1.529189525771986,-0.057403919790902924,1.33844008073748,2.066935072952178,2.5064648574077935
16.275352478027344,-1.5311619902135114,-0.05773266321752854,1.3436999721658303,2.066935072952178,2.504821140726027
16.295517444610596,-1.529189525771986,-0.05806140664425011,1.339097567166079,2.0672638162106773,2.5051498840622344
16.315036058425903,-1.529189525771986,-0.05773266321752854,1.3377825943088655,2.0672638162106773,2.505478627398515
16.335040807724,-1.5311619902135114,-0.05773266321752854,1.3377825943088655,2.0666063296937223,2.504821140726027
16.354039669036865,-1.5308332461394416,-0.05839015007106768,1.3381113375231748,2.067592559469221,2.5058073707348685
16.374402284622192,-1.529189525771986,-0.058718893497981234,1.3571784439468653,2.0672638162106773,2.5064648574077935
16.393978118896484,-1.5298470139183897,-0.058718893497981234,1.3410700264517792,2.068578789245115,2.5058073707348685
16.413487672805786,-1.5295182698450915,-0.05773266321752854,1.3759168071471126,2.068578789245115,2.5074510874177274
16.433959007263184,-1.529189525771986,-0.05806140664425011,1.3397550535946614,2.0682500459864395,2.5061361140712948
16.453505992889404,-1.5301757579918809,-0.05904763692499085,1.3427137425230895,2.068578789245115,2.5051498840622344
16.474024057388306,-1.5301757579918809,-0.05674643293793952,1.3463299178796448,2.0679213027278087,2.5041636540538295
16.493454217910767,-1.5311619902135114,-0.05773266321752854,1.3456724314512127,2.0689075325038346,2.5058073707348685
16.51276683807373,-1.532148222436879,-0.05806140664425011,1.3407412832375056,2.0695650190214057,2.5051498840622344
16.532278299331665,-1.5311619902135114,-0.05806140664425011,1.3463299178796448,2.0754823976875008,2.5071223440810098
16.55227756500244,-1.5295182698450915,-0.05839015007106768,1.339426310380372,2.0682500459864395,2.507779830754518
16.57179284095764,-1.5295182698450915,-0.057403919790902924,1.3397550535946614,2.068578789245115,2.504821140726027
16.59080958366394,-1.5288607816990736,-0.057403919790902924,1.3377825943088655,2.0682500459864395,2.504821140726027
16.61135172843933,-1.5295182698450915,-0.058718893497981234,1.3381113375231748,2.068578789245115,2.504821140726027
16.63090229034424,-1.5301757579918809,-0.058718893497981234,1.3456724314512127,2.0679213027278087,2.504821140726027
16.651644468307495,-1.529189525771986,-0.05839015007106768,1.3433712289515871,2.0689075325038346,2.504821140726027
16.671494960784912,-1.5298470139183897,-0.05904763692499085,1.344686201808538,2.0689075325038346,2.5051498840622344
16.69154381752014,-1.5308332461394416,-0.05806140664425011,1.3397550535946614,2.068578789245115,2.5051498840622344
16.709967136383057,-1.530504502065565,-0.05839015007106768,1.3371251078802344,2.0682500459864395,2.504821140726027
16.728970766067505,-1.5288607816990736,-0.057403919790902924,1.3443574585943057,2.069236275762598,2.506793600744365
16.748552560806274,-1.530504502065565,-0.05773266321752854,1.33844008073748,2.068578789245115,2.505478627398515
16.76755952835083,-1.5295182698450915,-0.05839015007106768,1.3397550535946614,2.068578789245115,2.504821140726027
16.78656554222107,-1.529189525771986,-0.05773266321752854,1.3450149450227664,2.065948843176943,2.503506167381923
16.805564880371094,-1.5285320376263538,-0.05839015007106768,1.3400837968089467,2.0689075325038346,2.505478627398515
16.824081659317017,-1.5295182698450915,-0.057403919790902924,1.3427137425230895,2.0695650190214057,2.505478627398515
16.843594551086426,-1.530504502065565,-0.05773266321752854,1.3506035796641165,2.0672638162106773,2.5028486807103074
16.863656044006348,-1.5311619902135114,-0.05641768951160167,1.3575071871609716,2.0695650190214057,2.5064648574077935
16.885666370391846,-1.5298470139183897,-0.05773266321752854,1.340412540023228,2.069236275762598,2.506793600744365
16.908480167388916,-1.535764407270761,-0.05904763692499085,1.3686844564390723,2.070551248798093,2.5051498840622344
16.93109369277954,-1.5374081276575278,-0.05806140664425011,1.3387688239517814,2.0679213027278087,2.505478627398515
16.954782724380493,-1.529189525771986,-0.057403919790902924,1.342384999308835,2.067592559469221,2.505478627398515
16.977790594100952,-1.529189525771986,-0.05806140664425011,1.3433712289515871,2.0682500459864395,2.5058073707348685
17.001783847808838,-1.529189525771986,-0.057403919790902924,1.3440287153800698,2.0682500459864395,2.5058073707348685
17.026274919509888,-1.5308332461394416,-0.058718893497981234,1.3407412832375056,2.0682500459864395,2.5061361140712948
17.049790620803833,-1.5295182698450915,-0.05773266321752854,1.3381113375231748,2.066935072952178,2.504821140726027
17.074426412582397,-1.5301757579918809,-0.057403919790902924,1.3377825943088655,2.0666063296937223,2.504821140726027
17.098432064056396,-1.5308332461394416,-0.057403919790902924,1.339097567166079,2.066935072952178,2.5051498840622344
17.122154474258423,-1.5301757579918809,-0.05904763692499085,1.3838066442822927,2.065291356660339,2.50383491071784
17.145241737365723,-1.5301757579918809,-0.05773266321752854,1.3450149450227664,2.0672638162106773,2.504821140726027
17.168946981430054,-1.529189525771986,-0.05773266321752854,1.3397550535946614,2.0672638162106773,2.5051498840622344
17.192108154296875,-1.5295182698450915,-0.05904763692499085,1.3440287153800698,2.067592559469221,2.5015337073679467
17.212116479873657,-1.5301757579918809,-0.057403919790902924,1.342384999308835,2.0672638162106773,2.5058073707348685
17.232044458389282,-1.5295182698450915,-0.05674643293793952,1.3397550535946614,2.066277586435311,2.5044923973898916
17.251439094543457,-1.528203293553827,-0.05773266321752854,1.340412540023228,2.067592559469221,2.507779830754518
17.27138662338257,-1.529189525771986,-0.05773266321752854,1.339097567166079,2.066277586435311,2.5051498840622344
17.29021191596985,-1.5301757579918809,-0.05806140664425011,1.341398769666049,2.067592559469221,2.505478627398515
17.30950689315796,-1.5298470139183897,-0.057403919790902924,1.3410700264517792,2.066935072952178,2.5051498840622344
17.328649520874023,-1.5288607816990736,-0.05806140664425011,1.3400837968089467,2.0666063296937223,2.504821140726027
17.347797632217407,-1.529189525771986,-0.06299255805660403,1.340412540023228,2.0666063296937223,2.5058073707348685
17.365943431854248,-1.5295182698450915,-0.058718893497981234,1.3443574585943057,2.068578789245115,2.506793600744365
17.385943174362183,-1.5285320376263538,-0.05707517636437326,1.339097567166079,2.066935072952178,2.5051498840622344
17.40452814102173,-1.529189525771986,-0.05773266321752854,1.3456724314512127,2.0613464375643877,2.502519937374608
17.425272941589355,-1.5301757579918809,-0.05773266321752854,1.3381113375231748,2.066935072952178,2.5058073707348685
17.44770312309265,-1.5298470139183897,-0.05806140664425011,1.344686201808538,2.066935072952178,2.506793600744365
17.46925377845764,-1.5295182698450915,-0.05773266321752854,1.3407412832375056,2.067592559469221,2.5058073707348685
17.490333318710327,-1.529189525771986,-0.06562250548538201,1.3542197550197779,2.0649626134021024,2.505478627398515
17.513681411743164,-1.5311619902135114,-0.06003386720659601,1.3381113375231748,2.066277586435311,2.504821140726027
17.53721284866333,-1.5298470139183897,-0.05773266321752854,1.3433712289515871,2.066935072952178,2.5051498840622344
17.559815168380737,-1.5288607816990736,-0.05773266321752854,1.337453851094552,2.0666063296937223,2.505478627398515
17.579817533493042,-1.5314907342877744,-0.057403919790902924,1.3397550535946614,2.0666063296937223,2.5044923973898916
17.60232710838318,-1.5268883172656469,-0.057403919790902924,1.33844008073748,2.065948843176943,2.5051498840622344
17.622974157333374,-1.53181947836223,-0.05773266321752854,1.340412540023228,2.065620099918619,2.5051498840622344
17.643367528915405,-1.529189525771986,-0.05839015007106768,1.3381113375231748,2.066277586435311,2.506793600744365
17.662689208984375,-1.529189525771986,-0.05674643293793952,1.33844008073748,2.065620099918619,2.505478627398515
17.681154251098633,-1.5295182698450915,-0.05806140664425011,1.3440287153800698,2.065948843176943,2.5058073707348685
17.701153993606567,-1.5295182698450915,-0.05904763692499085,1.342056256094577,2.0649626134021024,2.50383491071784
17.71966862678528,-1.5337919428130191,-0.058718893497981234,1.3443574585943057,2.059373978018766,2.503506167381923
17.738433361053467,-1.530504502065565,-0.057403919790902924,1.3486311203790466,2.0679213027278087,2.50383491071784
17.757946252822876,-1.530504502065565,-0.058718893497981234,1.340412540023228,2.065620099918619,2.5051498840622344
17.778573036193848,-1.5301757579918809,-0.05806140664425011,1.3400837968089467,2.065948843176943,2.50383491071784
17.79770064353943,-1.5295182698450915,-0.05773266321752854,1.3450149450227664,2.066935072952178,2.5064648574077935
17.81722116470337,-1.5268883172656469,-0.05904763692499085,1.3400837968089467,2.0649626134021024,2.5041636540538295
17.83724093437195,-1.5295182698450915,-0.06003386720659601,1.3453436882369914,2.0689075325038346,2.504821140726027
17.855472564697266,-1.5219571562124175,-0.05839015007106768,1.340412540023228,2.06463387014391,2.504821140726027
17.875730991363525,-1.529189525771986,-0.05806140664425011,1.3453436882369914,2.065948843176943,2.5051498840622344
17.894612789154053,-1.529189525771986,-0.05707517636437326,1.3417275128803148,2.0649626134021024,2.5061361140712948
17.91312837600708,-1.5301757579918809,-0.058718893497981234,1.3443574585943057,2.065948843176943,2.5064648574077935
17.932108402252197,-1.529189525771986,-0.05773266321752854,1.341398769666049,2.0666063296937223,2.501862450703428
17.951106548309326,-1.529189525771986,-0.05773266321752854,1.3581646735891761,2.065948843176943,2.5084373174283177
17.97066307067871,-1.529189525771986,-0.05970512377929818,1.3364676214515865,2.0649626134021024,2.5058073707348685
17.989726781845093,-1.5285320376263538,-0.05773266321752854,1.339097567166079,2.065291356660339,2.505478627398515
18.010236978530884,-1.5288607816990736,-0.05773266321752854,1.3371251078802344,2.065291356660339,2.505478627398515
18.029303550720215,-1.5295182698450915,-0.0603626106339899,1.3417275128803148,2.065948843176943,2.5051498840622344
18.049102544784546,-1.530504502065565,-0.05773266321752854,1.3381113375231748,2.065620099918619,2.5044923973898916
18.070122957229614,-1.5298470139183897,-0.05773266321752854,1.371643145365196,2.066935072952178,2.5071223440810098
18.088613986968994,-1.5285320376263538,-0.057403919790902924,1.3400837968089467,2.065620099918619,2.5058073707348685
18.108280181884766,-1.530504502065565,-0.05641768951160167,1.3436999721658303,2.065620099918619,2.5044923973898916
18.127283096313477,-1.5308332461394416,-0.057403919790902924,1.3436999721658303,2.065948843176943,2.5044923973898916
18.147321701049805,-1.530504502065565,-0.05773266321752854,1.3377825943088655,2.065620099918619,2.504821140726027
18.16682529449463,-1.528203293553827,-0.05839015007106768,1.3407412832375056,2.065620099918619,2.505478627398515
18.187114477157593,-1.529189525771986,-0.05806140664425011,1.337453851094552,2.065948843176943,2.5074510874177274
18.20761799812317,-1.5295182698450915,-0.058718893497981234,1.3387688239517814,2.065291356660339,2.5051498840622344
18.228747606277466,-1.5298470139183897,-0.05674643293793952,1.3433712289515871,2.066277586435311,2.504821140726027
18.248651027679443,-1.5311619902135114,-0.05937638035209647,1.3410700264517792,2.066277586435311,2.5051498840622344
18.267518758773804,-1.5298470139183897,-0.05773266321752854,1.3397550535946614,2.0666063296937223,2.5051498840622344
18.28951668739319,-1.530504502065565,-0.05773266321752854,1.3354813918085837,2.065948843176943,2.504821140726027
18.312301635742188,-1.5295182698450915,-0.05773266321752854,1.3377825943088655,2.065620099918619,2.504821140726027
18.334355354309082,-1.5295182698450915,-0.058718893497981234,1.339097567166079,2.066277586435311,2.5061361140712948
18.358989238739014,-1.5288607816990736,-0.05806140664425011,1.3433712289515871,2.067592559469221,2.504821140726027
18.381899118423462,-1.5301757579918809,-0.05839015007106768,1.3417275128803148,2.066935072952178,2.5090948041024093
18.40533471107483,-1.5295182698450915,-0.05806140664425011,1.3443574585943057,2.0666063296937223,2.5061361140712948
18.428974628448486,-1.529189525771986,-0.05839015007106768,1.33844008073748,2.066277586435311,2.5051498840622344
18.452839374542236,-1.5301757579918809,-0.06134884091674858,1.3506035796641165,2.065948843176943,2.5044923973898916
18.47573709487915,-1.5288607816990736,-0.05773266321752854,1.33844008073748,2.0682500459864395,2.5058073707348685
18.49571990966797,-1.5301757579918809,-0.057403919790902924,1.3381113375231748,2.0672638162106773,2.5051498840622344
18.51466464996338,-1.5298470139183897,-0.058718893497981234,1.3387688239517814,2.0672638162106773,2.5058073707348685
18.53378415107727,-1.528203293553827,-0.05904763692499085,1.3430424857373402,2.067592559469221,2.5058073707348685
18.552292585372925,-1.5288607816990736,-0.058718893497981234,1.3397550535946614,2.066935072952178,2.505478627398515
18.57148313522339,-1.529189525771986,-0.05773266321752854,1.3443574585943057,2.067592559469221,2.505478627398515
18.590481996536255,-1.5295182698450915,-0.05773266321752854,1.342384999308835,2.0672638162106773,2.5061361140712948
18.609992027282715,-1.5308332461394416,-0.05773266321752854,1.339097567166079,2.0672638162106773,2.5051498840622344
18.629037618637085,-1.5288607816990736,-0.05839015007106768,1.3417275128803148,2.066935072952178,2.5051498840622344
18.648662567138672,-1.529189525771986,-0.05806140664425011,1.3443574585943057,2.0682500459864395,2.508108574091381
18.669500827789307,-1.5288607816990736,-0.05806140664425011,1.3410700264517792,2.066935072952178,2.5058073707348685
18.69039821624756,-1.5295182698450915,-0.05674643293793952,1.3686844564390723,2.0682500459864395,2.505478627398515
18.70996332168579,-1.5308332461394416,-0.05773266321752854,1.33844008073748,2.065948843176943,2.5051498840622344
18.72997236251831,-1.5301757579918809,-0.05806140664425011,1.3463299178796448,2.066935072952178,2.5058073707348685
18.7530038356781,-1.529189525771986,-0.05806140664425011,1.3358101350229221,2.066277586435311,2.5051498840622344
18.774003744125366,-1.5295182698450915,-0.057403919790902924,1.3400837968089467,2.066277586435311,2.504821140726027
18.794362545013428,-1.53181947836223,-0.058718893497981234,1.3400837968089467,2.066277586435311,2.5051498840622344
18.816887378692627,-1.530504502065565,-0.05773266321752854,1.3430424857373402,2.0672638162106773,2.5058073707348685
18.836081981658936,-1.532476966511721,-0.05839015007106768,1.3450149450227664,2.0682500459864395,2.50383491071784
18.855782508850098,-1.5298470139183897,-0.058718893497981234,1.3407412832375056,2.0666063296937223,2.5051498840622344
18.876791954040527,-1.5278745494814927,-0.05773266321752854,1.3489598635932334,2.0649626134021024,2.5031774240460787
18.897332429885864,-1.5301757579918809,-0.05674643293793952,1.3367963646659125,2.0666063296937223,2.5058073707348685
18.91686177253723,-1.529189525771986,-0.05839015007106768,1.3430424857373402,2.065620099918619,2.5058073707348685
18.938544273376465,-1.5285320376263538,-0.05773266321752854,1.3400837968089467,2.065291356660339,2.5051498840622344
18.96107792854309,-1.529189525771986,-0.05773266321752854,1.3463299178796448,2.065948843176943,2.5041636540538295
18.98371720314026,-1.5288607816990736,-0.05806140664425011,1.344686201808538,2.065291356660339,2.505478627398515
19.006283283233643,-1.53181947836223,-0.05839015007106768,1.339097567166079,2.0649626134021024,2.504821140726027
19.028571367263794,-1.5275458054093514,-0.05839015007106768,1.339426310380372,2.064305126885761,2.5051498840622344
19.050308227539062,-1.529189525771986,-0.06200632777240203,1.3483023771648568,2.064305126885761,2.5058073707348685
19.069542407989502,-1.529189525771986,-0.05773266321752854,1.3364676214515865,2.06463387014391,2.5051498840622344
19.089542865753174,-1.5285320376263538,-0.05904763692499085,1.337453851094552,2.06463387014391,2.5051498840622344
19.108749389648438,-1.5311619902135114,-0.05806140664425011,1.3430424857373402,2.065291356660339,2.5058073707348685
19.128604650497437,-1.532148222436879,-0.057403919790902924,1.3361388782372565,2.0649626134021024,2.5051498840622344
19.148130178451538,-1.5298470139183897,-0.05839015007106768,1.339097567166079,2.064305126885761,2.5051498840622344
19.168075799942017,-1.5288607816990736,-0.057403919790902924,1.33844008073748,2.064305126885761,2.5051498840622344
19.188076972961426,-1.5288607816990736,-0.057403919790902924,1.3371251078802344,2.0649626134021024,2.5051498840622344
19.208354949951172,-1.5288607816990736,-0.05970512377929818,1.340412540023228,2.0649626134021024,2.5051498840622344
19.22881579399109,-1.5295182698450915,-0.05707517636437326,1.3397550535946614,2.06463387014391,2.5058073707348685
19.248879194259644,-1.5295182698450915,-0.05773266321752854,1.3535622685915039,2.0636476403695947,2.5061361140712948
19.268641471862793,-1.5288607816990736,-0.05806140664425011,1.3361388782372565,2.064305126885761,2.5051498840622344
19.28971028327942,-1.5285320376263538,-0.05674643293793952,1.33844008073748,2.06463387014391,2.505478627398515
19.31039571762085,-1.5288607816990736,-0.057403919790902924,1.3400837968089467,2.064305126885761,2.505478627398515
19.330564260482788,-1.5288607816990736,-0.05937638035209647,1.3381113375231748,2.06463387014391,2.504821140726027
19.350613832473755,-1.530504502065565,-0.05773266321752854,1.342056256094577,2.0672638162106773,2.5084373174283177
19.372395038604736,-1.5285320376263538,-0.05806140664425011,1.342056256094577,2.065291356660339,2.5058073707348685
19.393578052520752,-1.5295182698450915,-0.057403919790902924,1.3410700264517792,2.065291356660339,2.5041636540538295
19.414613246917725,-1.5295182698450915,-0.05674643293793952,1.3381113375231748,2.0649626134021024,2.504821140726027
19.43747353553772,-1.5285320376263538,-0.05839015007106768,1.3387688239517814,2.0649626134021024,2.505478627398515
19.4607355594635,-1.5301757579918809,-0.05773266321752854,1.3427137425230895,2.065291356660339,2.5061361140712948
19.484278678894043,-1.529189525771986,-0.06003386720659601,1.3469874043080627,2.065620099918619,2.505478627398515
19.50638222694397,-1.5285320376263538,-0.05806140664425011,1.3430424857373402,2.0649626134021024,2.5051498840622344
19.52598810195923,-1.5288607816990736,-0.05773266321752854,1.3367963646659125,2.0649626134021024,2.5051498840622344
19.54723358154297,-1.529189525771986,-0.05839015007106768,1.339097567166079,2.065620099918619,2.505478627398515
19.56821846961975,-1.5285320376263538,-0.057403919790902924,1.3387688239517814,2.065291356660339,2.5051498840622344
19.5884690284729,-1.529189525771986,-0.05904763692499085,1.3387688239517814,2.0649626134021024,2.5061361140712948
19.608133554458618,-1.5288607816990736,-0.057403919790902924,1.342384999308835,2.065620099918619,2.5084373174283177
19.628960847854614,-1.529189525771986,-0.057403919790902924,1.340412540023228,2.065948843176943,2.505478627398515
19.648893117904663,-1.5288607816990736,-0.05773266321752854,1.342056256094577,2.065620099918619,2.504821140726027
19.6692852973938,-1.5288607816990736,-0.05641768951160167,1.3552059846621667,2.0672638162106773,2.506793600744365
19.68883728981018,-1.5295182698450915,-0.05773266321752854,1.339097567166079,2.065620099918619,2.504821140726027
19.70893907546997,-1.5295182698450915,-0.05773266321752854,1.3456724314512127,2.065948843176943,2.504821140726027
19.72837233543396,-1.529189525771986,-0.05839015007106768,1.3427137425230895,2.065620099918619,2.504821140726027
19.748175621032715,-1.5295182698450915,-0.05839015007106768,1.3440287153800698,2.065948843176943,2.5008762206972017
19.768097639083862,-1.5295182698450915,-0.058718893497981234,1.3752593207191437,2.0695650190214057,2.506793600744365
19.787688970565796,-1.5301757579918809,-0.057403919790902924,1.344686201808538,2.065948843176943,2.5051498840622344
19.808967351913452,-1.5298470139183897,-0.05839015007106768,1.340412540023228,2.065948843176943,2.505478627398515
19.831109285354614,-1.5285320376263538,-0.057403919790902924,1.3397550535946614,2.0649626134021024,2.505478627398515
19.85533356666565,-1.5298470139183897,-0.05773266321752854,1.341398769666049,2.065620099918619,2.504821140726027
19.87789511680603,-1.5288607816990736,-0.05806140664425011,1.3377825943088655,2.0649626134021024,2.505478627398515
19.901095867156982,-1.5295182698450915,-0.05806140664425011,1.3788754960728957,2.062661410595673,2.504821140726027
19.920909643173218,-1.529189525771986,-0.05773266321752854,1.33844008073748,2.065291356660339,2.505478627398515
19.942641019821167,-1.5295182698450915,-0.057403919790902924,1.3450149450227664,2.065620099918619,2.5028486807103074
19.9654700756073,-1.5295182698450915,-0.05773266321752854,1.3440287153800698,2.065620099918619,2.5051498840622344
19.98746609687805,-1.529189525771986,-0.05806140664425011,1.3417275128803148,2.065948843176943,2.5061361140712948
20.006705284118652,-1.529189525771986,-0.05937638035209647,1.3400837968089467,2.065948843176943,2.5051498840622344
20.027331590652466,-1.5288607816990736,-0.05806140664425011,1.344686201808538,2.065948843176943,2.505478627398515
20.047024965286255,-1.5298470139183897,-0.057403919790902924,1.3377825943088655,2.065620099918619,2.505478627398515
20.067967653274536,-1.529189525771986,-0.06923868321003643,1.3492886068074168,2.06463387014391,2.5058073707348685
20.08886742591858,-1.529189525771986,-0.05806140664425011,1.3361388782372565,2.065291356660339,2.5051498840622344
20.109962224960327,-1.5301757579918809,-0.057403919790902924,1.3397550535946614,2.0649626134021024,2.505478627398515
20.131991624832153,-1.529189525771986,-0.057403919790902924,1.3410700264517792,2.065620099918619,2.504821140726027
20.151163339614868,-1.5288607816990736,-0.057403919790902924,1.3436999721658303,2.065620099918619,2.5064648574077935
20.17269229888916,-1.529189525771986,-0.05806140664425011,1.339426310380372,2.0649626134021024,2.5061361140712948
20.19327402114868,-1.5285320376263538,-0.05543145923316328,1.3568497007327558,2.0666063296937223,2.5058073707348685
20.2127845287323,-1.529189525771986,-0.05773266321752854,1.33844008073748,2.0649626134021024,2.5044923973898916
20.23329997062683,-1.5295182698450915,-0.05806140664425011,1.3381113375231748,2.0666063296937223,2.505478627398515
20.252543210983276,-1.5298470139183897,-0.05773266321752854,1.3450149450227664,2.070551248798093,2.508108574091381
20.272582054138184,-1.529189525771986,-0.057403919790902924,1.337453851094552,2.065620099918619,2.5051498840622344
20.29258131980896,-1.5298470139183897,-0.05674643293793952,1.344686201808538,2.066935072952178,2.5058073707348685
20.31237816810608,-1.5288607816990736,-0.05806140664425011,1.3443574585943057,2.067592559469221,2.506793600744365
20.332163095474243,-1.5288607816990736,-0.058718893497981234,1.373944347863187,2.0679213027278087,2.5064648574077935
20.351673126220703,-1.5295182698450915,-0.05839015007106768,1.3407412832375056,2.0666063296937223,2.505478627398515
20.370672702789307,-1.5295182698450915,-0.05839015007106768,1.3436999721658303,2.0689075325038346,2.5084373174283177
20.39044189453125,-1.5295182698450915,-0.05773266321752854,1.339426310380372,2.066935072952178,2.5058073707348685
20.40961480140686,-1.529189525771986,-0.05773266321752854,1.342056256094577,2.0672638162106773,2.5058073707348685
20.429768085479736,-1.530504502065565,-0.058718893497981234,1.3354813918085837,2.0666063296937223,2.5058073707348685
20.448987245559692,-1.5295182698450915,-0.05773266321752854,1.3367963646659125,2.066277586435311,2.5058073707348685
20.470640182495117,-1.5288607816990736,-0.05773266321752854,1.3433712289515871,2.066935072952178,2.5051498840622344
20.49191379547119,-1.5288607816990736,-0.05773266321752854,1.3387688239517814,2.0672638162106773,2.504821140726027
20.5122127532959,-1.529189525771986,-0.05773266321752854,1.339097567166079,2.066935072952178,2.5058073707348685
20.533079385757446,-1.5295182698450915,-0.057403919790902924,1.3450149450227664,2.0649626134021024,2.5051498840622344
20.552526473999023,-1.529189525771986,-0.058718893497981234,1.3397550535946614,2.0666063296937223,2.5051498840622344
20.575263738632202,-1.530504502065565,-0.058718893497981234,1.3387688239517814,2.066935072952178,2.505478627398515
20.597264289855957,-1.5298470139183897,-0.05773266321752854,1.3436999721658303,2.067592559469221,2.505478627398515
20.62078285217285,-1.5285320376263538,-0.058718893497981234,1.339426310380372,2.066277586435311,2.5061361140712948
20.64337968826294,-1.5301757579918809,-0.058718893497981234,1.3443574585943057,2.066277586435311,2.5051498840622344
20.66608762741089,-1.5311619902135114,-0.05773266321752854,1.3453436882369914,2.066277586435311,2.504821140726027
20.686424016952515,-1.534449430964827,-0.05773266321752854,1.33844008073748,2.066277586435311,2.5058073707348685
20.708479166030884,-1.5288607816990736,-0.05806140664425011,1.339426310380372,2.065948843176943,2.505478627398515
20.728781700134277,-1.5314907342877744,-0.05641768951160167,1.3440287153800698,2.066277586435311,2.505478627398515
