Time (s),Left Foot Force (ai16),Right Foot Force (ai18),Handle Force (ai20),Handle Position (ai21),Seat Position (ai22)
0.024950742721557617,0.05108140588531643,-0.03603559726504299,0.15463557136250808,0.43702609754270166,5.245230207935002
0.0475764274597168,0.05239637946898745,-0.035378110424457765,0.15529305810073848,0.43702609754270166,5.240299037545582
0.06977653503417969,0.04746522852289095,-0.03307690648538475,0.15562180146973076,0.43669735423591055,5.239312803474527
0.09157299995422363,0.05173889267732945,-0.03472062358425049,0.15529305810073848,0.436368610929056,5.23701159065091
0.11580610275268555,0.05075266248917672,-0.03472062358425049,0.15825174841872183,0.436368610929056,5.233395399095949
0.14000201225280762,0.05239637946898745,-0.03472062358425049,0.15430682799326992,0.43669735423591055,5.226163016077608
0.16359734535217285,0.05239637946898745,-0.03636434068547742,0.1562792882074696,0.4373548408494295,5.218601888506973
0.18959569931030273,0.0530538662602906,-0.03439188016428854,0.15562180146973076,0.43669735423591055,5.20906829306396
0.21552801132202148,0.05141014928136732,-0.03406313674442102,0.15364934125454754,0.43669735423591055,5.192959804690931
0.24078941345214844,0.05239637946898745,-0.03439188016428854,0.15529305810073848,0.43669735423591055,5.176522572275259
0.26587533950805664,0.05173889267732945,-0.03439188016428854,0.15299185451549702,0.43702609754270166,5.162386552895026
0.2914907932281494,0.05173889267732945,-0.03439188016428854,0.15397808462394974,0.43669735423591055,5.144305598541129
0.313870906829834,0.05141014928136732,-0.03406313674442102,0.15529305810073848,0.436368610929056,5.127868367957505
0.3346118927001953,0.05075266248917672,-0.035049367004306886,0.15299185451549702,0.43669735423591055,5.114718583932512
0.3556222915649414,0.05108140588531643,-0.03406313674442102,0.15792300505038429,0.43702609754270166,5.102883778644624
0.3786189556121826,0.04319156435340507,-0.03406313674442102,0.1562792882074696,0.43669735423591055,5.094665164047316
0.4022235870361328,0.05173889267732945,-0.03472062358425049,0.15693677494488095,0.43702609754270166,5.08184412557896
0.42614197731018066,0.05173889267732945,-0.038336801210070326,0.1566080315762162,0.43702609754270166,5.074611745067237
0.44765663146972656,0.05206763607320282,-0.03636434068547742,0.15595054483864113,0.43669735423591055,5.067379364672606
0.4699442386627197,0.05141014928136732,-0.037021827526629913,0.1566080315762162,0.43669735423591055,5.065406897312544
0.4929623603820801,0.05206763607320282,-0.03735057094734806,0.15595054483864113,0.43669735423591055,5.060475728950384
0.5170595645904541,0.05042391909294819,-0.03767931436816083,0.1566080315762162,0.43669735423591055,5.063105685403449
0.5371947288513184,0.05239637946898745,-0.03767931436816083,0.15693677494488095,0.43669735423591055,5.061133218062205
0.5580995082855225,0.05141014928136732,-0.03866554463116709,0.1566080315762162,0.43702609754270166,5.061790707174988
0.5805559158325195,0.05173889267732945,-0.03735057094734806,0.1562792882074696,0.43702609754270166,5.064749408194453
0.604372501373291,0.05173889267732945,-0.037021827526629913,0.1562792882074696,0.43669735423591055,5.068036853794558
0.6279401779174805,0.05042391909294819,-0.037021827526629913,0.15364934125454754,0.43669735423591055,5.069023087479297
0.6507635116577148,0.04845145871371059,-0.03866554463116709,0.15430682799326992,0.436368610929056,5.069680576603665
0.6721794605255127,0.05239637946898745,-0.03735057094734806,0.15233436777611808,0.43702609754270166,5.071981788546562
0.6946845054626465,0.05173889267732945,-0.037021827526629913,0.15200562440630544,0.43702609754270166,5.077570446171504
0.7166755199432373,0.05173889267732945,-0.037021827526629913,0.15101939429637448,0.43702609754270166,5.079871658155047
0.7377817630767822,0.05173889267732945,-0.03767931436816083,0.1506906509262331,0.43669735423591055,5.0828303592941895
0.7578260898590088,0.05141014928136732,-0.03735057094734806,0.15036190755600945,0.43702609754270166,5.084145337584557
0.7794716358184814,0.05075266248917672,-0.03767931436816083,0.14937567744484487,0.43669735423591055,5.087432783327455
0.8036093711853027,0.05206763607320282,-0.037021827526629913,0.14806070396213938,0.436368610929056,5.0907202290946305
0.8273804187774658,0.05108140588531643,-0.036693084106006385,0.14806070396213938,0.43702609754270166,5.094007674886104
0.8504750728607178,0.05173889267732945,-0.037021827526629913,0.14937567744484487,0.43669735423591055,5.102226289471237
0.8750102519989014,0.05173889267732945,-0.03767931436816083,0.14838944733293932,0.43702609754270166,5.103212523231684
0.8985402584075928,0.05173889267732945,-0.03735057094734806,0.14707447384924502,0.43702609754270166,5.108472436657805
0.9225430488586426,0.05075266248917672,-0.036693084106006385,0.1467457304781153,0.43669735423591055,5.112088627174515
0.9466028213500977,0.05239637946898745,-0.037021827526629913,0.1441157835061056,0.43669735423591055,5.118334774500318
0.9701135158538818,0.05108140588531643,-0.03866554463116709,0.1460882437356083,0.43702609754270166,5.124252177311544
0.9909358024597168,0.05173889267732945,-0.03767931436816083,0.14510201362122868,0.43669735423591055,5.122608454300463
1.0169367790222168,0.05206763607320282,-0.03767931436816083,0.14477327024960363,0.43669735423591055,5.12984083559509
1.042161226272583,0.05141014928136732,-0.03965177489502569,0.14312955339023842,0.43669735423591055,5.130498324809581
1.0661752223968506,0.05108140588531643,-0.03800805778906824,0.14214332327362658,0.43669735423591055,5.132470792458955
1.0913407802581787,0.05173889267732945,-0.03735057094734806,0.14312955339023842,0.43669735423591055,5.1380594508468995
1.116476058959961,0.05173889267732945,-0.03767931436816083,0.14214332327362658,0.43669735423591055,5.139374429301454
1.1391499042510986,0.052725122864683366,-0.03800805778906824,0.14148583652880473,0.43669735423591055,5.144963087777274
1.1591475009918213,0.05141014928136732,-0.038336801210070326,0.14017086303816662,0.43702609754270166,5.14693555549163
1.181049108505249,0.05009517569663083,-0.040638005159737284,0.14017086303816662,0.43669735423591055,5.147593044731721
1.204106330871582,0.05173889267732945,-0.03767931436816083,0.13918463291931732,0.43669735423591055,5.148579278593709
1.226252555847168,0.05141014928136732,-0.03866554463116709,0.13918463291931732,0.43669735423591055,5.150880490946986
1.246765375137329,0.05173889267732945,-0.03932303147364474,0.13786965942635615,0.43702609754270166,5.155154171063752
1.2667653560638428,0.05141014928136732,-0.03800805778906824,0.13852714617300282,0.43669735423591055,5.152852958687998
1.2875545024871826,0.05141014928136732,-0.03866554463116709,0.1388558895462016,0.43669735423591055,5.154167937186946
1.3084604740142822,0.05108140588531643,-0.03866554463116709,0.14082834978365144,0.436039867622138,5.156140404942785
1.3318192958831787,0.05239637946898745,-0.03735057094734806,0.14477327024960363,0.43669735423591055,5.157455383451622
1.354856252670288,0.05173889267732945,-0.03603559726504299,0.14806070396213938,0.43702609754270166,5.156797894196709
1.3775372505187988,0.052725122864683366,-0.03603559726504299,0.14641698710690304,0.436039867622138,5.155811660316193
1.4005522727966309,0.05075266248917672,-0.03636434068547742,0.15693677494488095,0.436368610929056,5.155811660316193
1.4231622219085693,0.05173889267732945,-0.037021827526629913,0.1648266157683354,0.4376835841560938,5.144634343159078
1.4462676048278809,0.05173889267732945,-0.03866554463116709,0.19737220867331606,0.43702609754270166,5.128854601775193
1.4715518951416016,0.05173889267732945,-0.040638005159737284,0.3078299728719575,0.43669735423591055,5.112088627174515
1.49220609664917,0.05108140588531643,-0.04524041307301985,0.39823438689783197,0.436368610929056,5.081186636436687
1.5122060775756836,0.05108140588531643,-0.04721287361298876,0.4725303743075711,0.436368610929056,5.049298414196791
1.533278465270996,0.05141014928136732,-0.04655538676595161,0.5317041673466446,0.43669735423591055,5.012807770900839
1.5553042888641357,0.05239637946898745,-0.0429392091140513,0.6188211370979406,0.43669735423591055,4.962838606451139
1.5776336193084717,0.05239637946898745,-0.03767931436816083,0.7348675101325579,0.436368610929056,4.910239491831115
1.6003210544586182,0.05239637946898745,-0.03899428805235855,0.8453252425564948,0.436039867622138,4.8563254054847915
1.622286319732666,0.05108140588531643,-0.03636434068547742,1.0044369691339132,0.43669735423591055,4.7964939265782185
1.641843557357788,0.05206763607320282,-0.03406313674442102,1.1303456243579544,0.436368610929056,4.742579853032486
1.6648495197296143,0.05239637946898745,-0.03274816306589473,1.2480356965760535,0.436368610929056,4.686364575332324
1.6894867420196533,0.05173889267732945,-0.02715952494897722,1.303264556779443,0.43669735423591055,4.630806792476817
1.7143850326538086,0.05239637946898745,-0.023543347358388006,1.3266053250197702,0.43702609754270166,4.582152644436836
1.739558219909668,0.05239637946898745,-0.024200834192196347,1.3535622685915039,0.4373548408494295,4.538429663966478
1.7635555267333984,0.05239637946898745,-0.024858321026379693,1.3867653332078118,0.4376835841560938,4.501939059005778
1.7880754470825195,0.05075266248917672,-0.024200834192196347,1.3851216171380887,0.4376835841560938,4.470050874749996
1.8131093978881836,0.05009517569663083,-0.02617329469587215,1.341398769666049,0.4376835841560938,4.441121389648298
1.8357939720153809,0.05239637946898745,-0.024529577609241127,1.2884711121039658,0.4376835841560938,4.419424276840347
1.858799934387207,0.05173889267732945,-0.025844551278358247,1.2338997382684453,0.4376835841560938,4.397398420784624
1.8814592361450195,0.05239637946898745,-0.028803242039364962,1.1895194039076038,0.4376835841560938,4.373400101015683
1.9044594764709473,0.05075266248917672,-0.03274816306589473,1.152700163359697,0.4380123274626949,4.3480868059514
1.9250109195709229,0.05042391909294819,-0.03472062358425049,1.1017449640439714,0.4376835841560938,4.322116023899552
1.9466991424560547,0.05239637946898745,-0.03373439332464789,1.0590083449027548,0.4373548408494295,4.290556594160407
1.970973253250122,0.05075266248917672,-0.03406313674442102,1.0428999268228984,0.4376835841560938,4.25570972586009
1.9924883842468262,0.05338260965580917,-0.029460728876178344,1.023175333178613,0.4376835841560938,4.21001430741833
2.0164949893951416,0.05173889267732945,-0.025844551278358247,1.0284352248256263,0.4376835841560938,4.160702708791589
2.03719425201416,0.05239637946898745,-0.023214603941624418,1.0484885616731934,0.4376835841560938,4.107774930813971
2.059187412261963,0.05338260965580917,-0.022885860524954532,1.0514472507088715,0.4376835841560938,4.049587254764095
2.080700159072876,0.04450653794562165,-0.021899630275506787,1.0596658313538319,0.4380123274626949,3.989427120864027
2.103032350540161,0.05206763607320282,-0.021570886859211436,1.0784041951725338,0.4376835841560938,3.921705884062872
2.1230406761169434,0.05141014928136732,-0.021899630275506787,1.1027311937123623,0.4376835841560938,3.852998422856911
2.144070625305176,0.05239637946898745,-0.023543347358388006,1.0879377486676842,0.4376835841560938,3.79448202606037
2.164384365081787,0.05206763607320282,-0.021899630275506787,1.1191683548267366,0.4376835841560938,3.73103447787057
2.1845169067382812,0.052725122864683366,-0.02222837369189573,1.098128788591689,0.4376835841560938,3.6685731665846055
2.2054965496063232,0.05206763607320282,-0.022885860524954532,1.118510868383067,0.4373548408494295,3.6074268354968644
2.2274081707000732,0.05141014928136732,-0.02222837369189573,1.1277156785877802,0.4376835841560938,3.541349354324545
2.250925302505493,0.052725122864683366,-0.024858321026379693,1.1336330565690762,0.43669735423591055,3.479874289894409
2.274280548095703,0.05141014928136732,-0.024858321026379693,1.127058192145058,0.436039867622138,3.4134680759392735
2.2964189052581787,0.052725122864683366,-0.029131985457724635,1.119497098048544,0.436039867622138,3.351993021311236
2.318516254425049,0.05239637946898745,-0.04392543938161031,1.1040461666032764,0.436368610929056,3.297750329787933
2.3391191959381104,0.05239637946898745,-0.06332130148486398,1.0889239783386016,0.436368610929056,3.2464663336595487
2.361121416091919,0.05141014928136732,-0.08666208513883294,1.0606520610302796,0.43669735423591055,3.197812288786688
2.3826305866241455,0.05206763607320282,-0.08238842048946662,1.029750197736398,0.43669735423591055,3.1458708113090816
2.4026336669921875,0.05239637946898745,-0.08468962452938075,1.0060806852815114,0.436368610929056,3.095901797710669
2.422642946243286,0.05239637946898745,-0.09192198011460959,1.0024645097559357,0.436368610929056,3.0492202215496453
2.4446699619293213,0.0530538662602906,-0.09553815792503548,0.9689327001823871,0.43669735423591055,3.0002374432829195
2.466752529144287,0.05239637946898745,-0.09652438823903611,0.9291547688330473,0.43669735423591055,2.9502684369909837
2.48726224899292,0.05206763607320282,-0.0978393619924163,0.8860894046280507,0.436368610929056,2.903258124015329
2.507549524307251,0.052725122864683366,-0.09455192761192091,0.8620911479902487,0.43669735423591055,2.85822027362312
2.5275540351867676,0.052725122864683366,-0.09520941448723222,0.8680085263564972,0.43669735423591055,2.8131824250329025
2.5483756065368652,0.05173889267732945,-0.09455192761192091,0.859789945289172,0.43669735423591055,2.767158347985287
2.5716264247894287,0.05141014928136732,-0.08830580231606758,0.8183682963646577,0.43669735423591055,2.7165318652683577
2.5959157943725586,0.05239637946898745,-0.07745726899145719,0.7956850121750079,0.436368610929056,2.6649191544842856
2.6200337409973145,0.05206763607320282,-0.05839015007106768,0.7996299311779165,0.43702609754270166,2.6195525696332433
2.6420984268188477,0.05206763607320282,-0.0508290512785097,0.7838502551317634,0.43669735423591055,2.5771446764825128
2.662543773651123,0.05173889267732945,-0.0429392091140513,0.7480172404261602,0.43669735423591055,2.5449278282868355
2.683156728744507,0.05239637946898745,-0.032090676227197606,0.7256626988854378,0.43669735423591055,2.5130397241530993
2.702324151992798,0.05141014928136732,-0.025187064443612045,0.6990344947229141,0.43702609754270166,2.486411514013858
2.722330331802368,0.05108140588531643,-0.021242143443009676,0.6776661825222481,0.436039867622138,2.4630707376115097
2.741856098175049,0.05173889267732945,-0.02222837369189573,0.6632014787650629,0.43702609754270166,2.440387448206524
2.7608559131622314,0.05173889267732945,-0.023543347358388006,0.6260534891358336,0.43669735423591055,2.4196766190348047
2.7811625003814697,0.05206763607320282,-0.024529577609241127,0.5951516211623293,0.436368610929056,2.402253223271548
2.8031704425811768,0.05075266248917672,-0.024858321026379693,0.5724683347997492,0.43702609754270166,2.380884907965577
2.826786756515503,0.05108140588531643,-0.025844551278358247,0.5254580448376943,0.43669735423591055,2.360174079544864
2.851567506790161,0.05141014928136732,-0.024200834192196347,0.5320329106360165,0.43669735423591055,2.3378195348642454
2.8769948482513428,0.05108140588531643,-0.02617329469587215,0.5106645967070111,0.43702609754270166,2.317108706959214
2.9009978771209717,0.05173889267732945,-0.024529577609241127,0.5277592478697176,0.43702609754270166,2.2980415957665987
2.9251022338867188,0.05075266248917672,-0.024200834192196347,0.4909399990146825,0.43702609754270166,2.282590660980749
2.9487082958221436,0.05173889267732945,-0.025844551278358247,0.4938986886821512,0.43669735423591055,2.2674684696125333
2.972421169281006,0.05141014928136732,-0.02551580786093824,0.4682567114018912,0.43702609754270166,2.253989994799317
2.995857000350952,0.049766432300224595,-0.026830781531181624,0.47154414440717785,0.43702609754270166,2.2454426693570784
3.0191650390625,0.05108140588531643,-0.02551580786093824,0.4472171400218929,0.43702609754270166,2.2382103170892074
3.0437850952148438,0.05173889267732945,-0.025187064443612045,0.4307799747028052,0.43669735423591055,2.2283480185851134
3.066699504852295,0.05173889267732945,-0.026502038113479925,0.385084654269235,0.43669735423591055,2.225389329043484
3.089679718017578,0.05042391909294819,-0.02715952494897722,0.35648398543106885,0.43669735423591055,2.223745612633371
3.1105988025665283,0.0530538662602906,-0.027817011784850326,0.308158716205265,0.43669735423591055,2.2194719499734155
3.1346349716186523,0.05108140588531643,-0.029789472294726144,0.24306753478060578,0.43702609754270166,2.2155270306030896
3.1569178104400635,0.05042391909294819,-0.03143318938887754,0.20624827933003426,0.43669735423591055,2.2125683410804218
3.1784861087799072,0.05075266248917672,-0.03143318938887754,0.18652367779224077,0.436368610929056,2.2102671381213437
3.199852705001831,0.05075266248917672,-0.03274816306589473,0.1809350406377857,0.43669735423591055,2.203692272538357
3.221966505050659,0.05042391909294819,-0.035049367004306886,0.17797635037016224,0.436368610929056,2.200733583032929
3.245279312133789,0.049437688903729474,-0.038336801210070326,0.17666137691579448,0.436368610929056,2.194487460757698
3.2686002254486084,0.04779397191991984,-0.04030926173807195,0.16614158923434963,0.436368610929056,2.1862688788453517
3.2924256324768066,0.04779397191991984,-0.04096674858149746,0.15529305810073848,0.43669735423591055,2.1790365267892637
3.3154261112213135,0.046150254933884804,-0.0412954920033525,0.15430682799326992,0.43702609754270166,2.1731191478527596
3.3380002975463867,0.04582151153641051,-0.042610465691721666,0.15693677494488095,0.436368610929056,2.170817944937469
3.358999490737915,0.04319156435340507,-0.043596695958995624,0.15364934125454754,0.43669735423591055,2.168845485297771
3.379558563232422,0.042862820955127695,-0.045569156496110014,0.15101939429637448,0.43669735423591055,2.1711466882109294
3.3996222019195557,0.042862820955127695,-0.04458292622712487,0.15134813766643368,0.436368610929056,2.1714754314844407
3.4207100868225098,0.04253407755676096,-0.043596695958995624,0.15726551831346386,0.436368610929056,2.180022756613627
3.4417738914489746,0.041547847361124504,-0.04326795253647597,0.15101939429637448,0.43669735423591055,2.1859401355695334
3.4636805057525635,0.04319156435340507,-0.045569156496110014,0.15167688103641064,0.43669735423591055,2.1987611233650175
3.4841971397399902,0.042205334158304866,-0.042610465691721666,0.15693677494488095,0.43669735423591055,2.2132258276406396
3.504887819290161,0.041547847361124504,-0.0449116696500248,0.1562792882074696,0.43669735423591055,2.2290055051505195
3.5257568359375,0.042205334158304866,-0.04425418280432003,0.15003316418570356,0.43669735423591055,2.25070256193244
3.546781063079834,0.042205334158304866,-0.04392543938161031,0.15003316418570356,0.436368610929056,2.275687051862741
3.5682730674743652,0.03530172277004594,-0.0429392091140513,0.14838944733293932,0.43669735423591055,2.304287718376549
3.5877890586853027,0.04253407755676096,-0.043596695958995624,0.15364934125454754,0.436039867622138,2.334860845148648
3.6075215339660645,0.041547847361124504,-0.042610465691721666,0.15233436777611808,0.436039867622138,2.3687214055290435
3.6280295848846436,0.04253407755676096,-0.041624235425302386,0.15397808462394974,0.436368610929056,2.4075131163124732
3.6477510929107666,0.04056161716468322,-0.05050030785389431,0.15463557136250808,0.43669735423591055,2.4469623146668424
3.666752338409424,0.04089036056358644,-0.04326795253647597,0.15299185451549702,0.43669735423591055,2.4943013540056693
3.6872658729553223,0.032671775564108343,-0.04458292622712487,0.15693677494488095,0.43669735423591055,2.542955368216949
3.706742763519287,0.04023287376569051,-0.04425418280432003,0.15792300505038429,0.43669735423591055,2.5945680742849278
3.726749897003174,0.04023287376569051,-0.046226643342575896,0.15989546525918386,0.4380123274626949,2.6507831894719573
3.74581241607666,0.04056161716468322,-0.04326795253647597,0.15923797852324412,0.43702609754270166,2.7086420239931326
3.765807867050171,0.04089036056358644,-0.04195297884734722,0.15496431473166428,0.436368610929056,2.772746985817204
3.7856099605560303,0.042862820955127695,-0.03965177489502569,0.15496431473166428,0.436368610929056,2.8411256155548927
3.8112118244171143,0.04582151153641051,-0.04030926173807195,0.14904693407429204,0.4373548408494295,2.932845034039665
3.8316924571990967,0.04680774172856603,-0.0412954920033525,0.14806070396213938,0.43669735423591055,3.007798543129361
3.853158950805664,0.046150254933884804,-0.041624235425302386,0.14904693407429204,0.436039867622138,3.0916281321947907
3.8744969367980957,0.0481227153168597,-0.0412954920033525,0.14740321722029226,0.43669735423591055,3.178745163804267
3.895176887512207,0.0481227153168597,-0.03965177489502569,0.14312955339023842,0.43702609754270166,3.2684921521423047
3.9159433841705322,0.0481227153168597,-0.03767931436816083,0.14806070396213938,0.43669735423591055,3.3575816624532244
3.9367618560791016,0.049766432300224595,-0.035706853844703124,0.15101939429637448,0.43669735423591055,3.44765741313037
3.9566850662231445,0.04779397191991984,-0.03767931436816083,0.1506906509262331,0.43669735423591055,3.544965534737289
3.9772236347198486,0.049766432300224595,-0.03735057094734806,0.1335959955650442,0.436368610929056,3.6403012064156086
3.99847412109375,0.049766432300224595,-0.036693084106006385,0.1362259425582851,0.436368610929056,3.7385955843465837
4.0183868408203125,0.049437688903729474,-0.03603559726504299,0.14707447384924502,0.43669735423591055,3.8398486703264005
4.03840970993042,0.049437688903729474,-0.03735057094734806,0.14378704013423257,0.43669735423591055,3.934855638224452
4.058408975601196,0.05042391909294819,-0.036693084106006385,0.14510201362122868,0.436368610929056,4.03150633959597
4.077923536300659,0.046150254933884804,-0.035706853844703124,0.1388558895462016,0.436368610929056,4.1324307274280905
4.097929954528809,0.05009517569663083,-0.038336801210070326,0.14641698710690304,0.43669735423591055,4.234998852306779
4.117255687713623,0.04910894550714545,-0.038336801210070326,0.1388558895462016,0.436368610929056,4.332964578280906
4.136718034744263,0.0487802021104725,-0.042281722269486954,0.14444452687789594,0.436368610929056,4.437176459982164
4.156461715698242,0.04713648512577302,-0.04655538676595161,0.14378704013423257,0.43702609754270166,4.532512268395279
4.175460577011108,0.04549276813884706,-0.046884130189422585,0.14082834978365144,0.436368610929056,4.63245051377535
4.194989204406738,0.04450653794562165,-0.0521440249779265,0.1441157835061056,0.436368610929056,4.733046267475296
4.2139880657196045,0.04023287376569051,-0.05904763692499085,0.14312955339023842,0.436368610929056,4.8293683646127095
4.234005928039551,0.03793166997023388,-0.06266381462844045,0.14017086303816662,0.43669735423591055,4.925032992216189
4.2531304359436035,0.03365800576700943,-0.06595124891441317,0.13951337629235006,0.43669735423591055,5.011821537339052
4.272129535675049,0.030041828352409997,-0.06825245292033486,0.13786965942635615,0.43669735423591055,5.100582566542034
4.291640758514404,0.02478193391168676,-0.0725261175153317,0.14017086303816662,0.43702609754270166,5.186384911649899
4.31175684928894,0.017878322423052165,-0.0748273215348049,0.13556845581047447,0.43702609754270166,5.267256103037534
4.333222150802612,0.011960941115151308,-0.07778601242397618,0.14148583652880473,0.43702609754270166,5.349442288934404
4.354595899581909,0.0076872768188180896,-0.08008721645433423,0.1375409160529082,0.43702609754270166,5.422752380457399
4.376593828201294,0.00045492182047990326,-0.0820596770555837,0.1404996064109505,0.43669735423591055,5.493103781115925
4.3991172313690186,-0.005791202986689392,-0.08271716392344713,0.13786965942635615,0.43669735423591055,5.564441428965809
4.4201250076293945,0.0001261784104067687,-0.08304590735752523,0.13951337629235006,0.43669735423591055,5.623944269526962
4.440256834030151,-0.0015175386413417702,-0.08370339422597439,0.1375409160529082,0.43669735423591055,5.6781871984153
4.460257530212402,-0.0018462820519681566,-0.08403213766034548,0.1388558895462016,0.43702609754270166,5.72651272333554
4.482769727706909,-0.0048049727517611995,-0.08731957200943305,0.13918463291931732,0.43702609754270166,5.772208293376584
4.504770517349243,-0.008749893696473665,-0.08567585483366671,0.138198402799721,0.436368610929056,5.809356494699954
4.526293516159058,-0.010722354173835436,-0.08666208513883294,0.13984211966529983,0.43669735423591055,5.834998618127956
4.547980546951294,-0.011379841000365432,-0.08403213766034548,0.13984211966529983,0.4373548408494295,5.85538082006821
4.568996429443359,-0.012366071240857285,-0.08501836796404497,0.13918463291931732,0.43702609754270166,5.861955724160185
4.5915539264678955,-0.010064867347676948,-0.08370339422597439,0.13984211966529983,0.43702609754270166,5.864585685829867
4.615246295928955,-0.006777433222450474,-0.08173093362179831,0.1467457304781153,0.43702609754270166,5.862613214575843
4.637784719467163,-0.004147485928938183,-0.08140219018811051,0.15496431473166428,0.43669735423591055,5.848148425702549
4.6617865562438965,-0.0025037688734978747,-0.08041595988763212,0.16252541219967917,0.43702609754270166,5.833026147032095
4.686007022857666,-0.0008600518203657204,-0.08008721645433423,0.16647033260065008,0.43702609754270166,5.806397788264416
4.7080299854278564,-0.0015175386413417702,-0.07975847302113381,0.1691002795281321,0.43702609754270166,5.774838254410957
4.727869033813477,0.0007836652304609448,-0.07712852555903546,0.1727164565449546,0.43702609754270166,5.7324301349718745
4.7483298778533936,0.00505732955183999,-0.07778601242397618,0.17764760700669102,0.43669735423591055,5.691994490625584
4.767420768737793,0.0020986388694641256,-0.07679978212671099,0.25260109183855217,0.436368610929056,5.643011480025865
4.786473035812378,0.006372303186062994,-0.07679978212671099,0.34497796908594713,0.436368610929056,5.595014710555071
4.805474281311035,0.007358533410766865,-0.07416983467161314,0.4008643334108456,0.43669735423591055,5.5322244251255706
4.824805736541748,0.009330993857699879,-0.07384109124016286,0.4288075148538493,0.43669735423591055,5.463187997097095
4.844738006591797,0.013604658148088075,-0.07285486094639404,0.5024460143610883,0.43702609754270166,5.384617981444789
4.865830898284912,0.015248375178743154,-0.069896170070321,0.5852893227752278,0.43669735423591055,5.299801830730807
4.885357618331909,0.019522039447787562,-0.06627999234354087,0.6756937229244573,0.4389985573821182,5.210712016401142
4.904659748077393,0.02445319050837297,-0.06200632777240203,0.78549397139089,0.43669735423591055,5.120307242095241
4.924817085266113,0.03135680195897997,-0.058718893497981234,0.8860894046280507,0.43669735423591055,5.0292449972462245
4.946068048477173,0.042205334158304866,-0.05444522895558723,0.953153024988213,0.43702609754270166,4.9352240705325086
4.969148397445679,0.05009517569663083,-0.04754161703665025,1.0287639680533558,0.43669735423591055,4.826738409487151
4.991070985794067,0.05108140588531643,-0.046884130189422585,1.0599945745793369,0.43669735423591055,4.7251564037054825
5.014967203140259,0.05042391909294819,-0.043596695958995624,1.0872802622203035,0.43669735423591055,4.6229169303178335
5.038384437561035,0.05141014928136732,-0.03899428805235855,1.1319893404637358,0.43669735423591055,4.525608640313325
5.059848785400391,0.05141014928136732,-0.037021827526629913,1.1655211489292445,0.43669735423591055,4.426327903548652
5.084472417831421,0.05173889267732945,-0.03439188016428854,1.148097758277478,0.436368610929056,4.332307090130603
5.108560562133789,0.052725122864683366,-0.030775702550934453,1.1829445395376672,0.43669735423591055,4.223492811764278
5.13276743888855,0.052725122864683366,-0.026830781531181624,1.1385642048824787,0.436039867622138,4.124540872401912
5.156784296035767,0.05075266248917672,-0.021242143443009676,1.1717672700955708,0.43669735423591055,4.024602717579319
5.18142294883728,0.05239637946898745,-0.018940939532215845,1.1497414743786405,0.43669735423591055,3.9276232734026277
5.206726312637329,0.05206763607320282,-0.01828345270140147,1.162891203173344,0.43669735423591055,3.8171653478145497
5.232413291931152,0.053711353051239086,-0.01861219611676196,1.2013541597596444,0.43702609754270166,3.7109811089136326
5.255552053451538,0.05239637946898745,-0.01861219611676196,1.2197637799406302,0.436039867622138,3.6090705540081056
5.280114650726318,0.052725122864683366,-0.021242143443009676,1.1819583098816882,0.43669735423591055,3.507817500396894
5.305196523666382,0.05436883984183305,-0.019269682947763128,1.1770271615998447,0.436368610929056,3.4022907929389787
5.328906774520874,0.052725122864683366,-0.02058465661088682,1.1911631199992154,0.43702609754270166,3.29577786834268
5.352559328079224,0.052725122864683366,-0.019598426363403865,1.2227224688947207,0.436039867622138,3.2010997241686114
5.375736236572266,0.05075266248917672,-0.019598426363403865,1.2181200638546104,0.436039867622138,3.1047778723039983
5.3992719650268555,0.05141014928136732,-0.019927169779138026,1.2079290241145046,0.43669735423591055,3.007469799656614
5.41815710067749,0.05338260965580917,-0.018940939532215845,1.2168050909855792,0.436039867622138,2.929557599552436
5.437734127044678,0.05206763607320282,-0.019598426363403865,1.1701235539997008,0.436368610929056,2.8588777604770628
5.456734895706177,0.052725122864683366,-0.019269682947763128,1.1885331742524705,0.436368610929056,2.791485359915443
5.475236654281616,0.05239637946898745,-0.019927169779138026,1.1592750277573478,0.436368610929056,2.731654061185684
5.494238615036011,0.046150254933884804,-0.019269682947763128,1.1523714201396449,0.436368610929056,2.67050779185712
5.513689041137695,0.05206763607320282,-0.019269682947763128,1.0958275860298958,0.436368610929056,2.6139639324759245
5.532831192016602,0.05173889267732945,-0.021242143443009676,1.024161562862909,0.43669735423591055,2.5623512256892225
5.552413463592529,0.05173889267732945,-0.021899630275506787,0.9899722670066782,0.436368610929056,2.5146834408439993
5.571654319763184,0.05141014928136732,-0.021570886859211436,0.9663027543212956,0.436368610929056,2.468988117510806
5.591196298599243,0.05239637946898745,-0.02222837369189573,0.9061427422278845,0.43669735423591055,2.4262514854093986
5.609787702560425,0.05239637946898745,-0.029789472294726144,0.8486126750018801,0.436368610929056,2.3871310308726805
5.629326105117798,0.0530538662602906,-0.027817011784850326,0.774974187314891,0.43702609754270166,2.347681833952448
5.650292873382568,0.0530538662602906,-0.022557117108378294,0.7450585511161358,0.43669735423591055,2.3085613812273116
5.669290781021118,0.05206763607320282,-0.02222837369189573,0.7210602932488572,0.436039867622138,2.271413389088157
5.6888720989227295,0.05173889267732945,-0.021899630275506787,0.6875284804856201,0.436368610929056,2.2359091141004974
5.708359718322754,0.05239637946898745,-0.023543347358388006,0.7016644408263257,0.43669735423591055,2.2013910695893215
5.727961778640747,0.0530538662602906,-0.022885860524954532,0.6592565595423392,0.43669735423591055,2.167530512205652
5.747676849365234,0.05206763607320282,-0.023214603941624418,0.6299984084188222,0.43669735423591055,2.137286131307279
5.766674995422363,0.05108140588531643,-0.024529577609241127,0.6329570978762715,0.43669735423591055,2.1123016430497135
5.786185264587402,0.05173889267732945,-0.02551580786093824,0.6276972055046348,0.43669735423591055,2.0889608713698244
5.805726051330566,0.05141014928136732,-0.025187064443612045,0.6470930585612433,0.43702609754270166,2.0666063296937223
5.824846267700195,0.05141014928136732,-0.024200834192196347,0.6832548180400422,0.43669735423591055,2.04852545054566
5.84367823600769,0.05206763607320282,-0.02748826836686677,0.6701050873880465,0.43669735423591055,2.034718233828861
5.863906383514404,0.05173889267732945,-0.02551580786093824,0.6451205989363225,0.436368610929056,2.024855936219235
5.88241720199585,0.05141014928136732,-0.026830781531181624,0.6221085698455089,0.43669735423591055,2.0189385576712713
5.901704549789429,0.05173889267732945,-0.023214603941624418,0.5961378509984072,0.43669735423591055,2.01466489539485
5.921544551849365,0.05206763607320282,-0.023543347358388006,0.557674887032698,0.43669735423591055,2.0097337466228606
5.940560817718506,0.05075266248917672,-0.025187064443612045,0.4850226196651879,0.436368610929056,2.012034949381994
5.959561109542847,0.05173889267732945,-0.026830781531181624,0.3679900016920411,0.43702609754270166,2.013349922388099
5.9800028800964355,0.052725122864683366,-0.030446959132104184,0.27101071908148955,0.43669735423591055,2.0153223818984687
6.000025272369385,0.05141014928136732,-0.030775702550934453,0.2029608457601743,0.436368610929056,2.0153223818984687
6.0195841789245605,0.05206763607320282,-0.029460728876178344,0.17633263355200127,0.43669735423591055,2.0123636926334596
6.03973913192749,0.05108140588531643,-0.030775702550934453,0.17666137691579448,0.436368610929056,2.0057888276117763
6.06077241897583,0.049766432300224595,-0.03143318938887754,0.17633263355200127,0.436039867622138,1.9969127598577818
6.083301544189453,0.05173889267732945,-0.035706853844703124,0.17699012027950717,0.4373548408494295,1.9840917731524854
6.103295803070068,0.05075266248917672,-0.03800805778906824,0.1687715361624807,0.436368610929056,1.9686408405339708
6.122404336929321,0.05009517569663083,-0.0429392091140513,0.15693677494488095,0.436368610929056,1.9495737323100029
6.14220404624939,0.049437688903729474,-0.0449116696500248,0.15496431473166428,0.436368610929056,1.9393826917577273
6.161203622817993,0.04746522852289095,-0.049185334156387484,0.15890923515515173,0.43702609754270166,1.923931759372394
6.180861473083496,0.04779397191991984,-0.04852784730820653,0.15562180146973076,0.43702609754270166,1.9160419215881423
6.199859142303467,0.04746522852289095,-0.05115779470322057,0.16121043873008392,0.436368610929056,1.9084808270632712
6.2198615074157715,0.04746522852289095,-0.05115779470322057,0.15956672189125481,0.436368610929056,1.904535908187778
6.238510847091675,0.04713648512577302,-0.051815281552929,0.16055295199479708,0.43702609754270166,1.9032209352303449
6.258509397506714,0.04680774172856603,-0.051486538128027004,0.15923797852324412,0.43669735423591055,1.9078233405836886
6.278510570526123,0.04713648512577302,-0.050171564429374454,0.16022420862703127,0.436368610929056,1.9137407189047688
6.301027059555054,0.0487802021104725,-0.050171564429374454,0.15463557136250808,0.436368610929056,1.9282054215138087
6.32102632522583,0.04713648512577302,-0.049185334156387484,0.15562180146973076,0.43669735423591055,1.9459575566262157
6.343684911727905,0.04746522852289095,-0.046884130189422585,0.15792300505038429,0.436039867622138,1.968969583780304
6.366036415100098,0.04680774172856603,-0.04458292622712487,0.15792300505038429,0.43669735423591055,1.99757024635709
6.389643669128418,0.04056161716468322,-0.04754161703665025,0.15101939429637448,0.436039867622138,2.034060747320389
6.411711931228638,0.04582151153641051,-0.04819910388425913,0.15003316418570356,0.43669735423591055,2.0748249111683363
6.431236505508423,0.04319156435340507,-0.04787036046040702,0.15562180146973076,0.43669735423591055,2.117890278557154
6.4517762660980225,0.046150254933884804,-0.049842821004949994,0.14970442081531538,0.436039867622138,2.1622706198452475
6.473773002624512,0.04450653794562165,-0.05115779470322057,0.15496431473166428,0.436368610929056,2.2132258276406396
6.49538254737854,0.04450653794562165,-0.0521440249779265,0.15923797852324412,0.43669735423591055,2.271413389088157
6.518378496170044,0.04582151153641051,-0.049185334156387484,0.15397808462394974,0.436368610929056,2.3427506844013637
6.53930401802063,0.045164024741194464,-0.04754161703665025,0.1533205978850633,0.43669735423591055,2.4140879826375214
6.560063600540161,0.04713648512577302,-0.046226643342575896,0.15036190755600945,0.4373548408494295,2.487069000678264
6.581284999847412,0.04647899833126996,-0.051486538128027004,0.15463557136250808,0.4376835841560938,2.5659674025354176
6.601608514785767,0.0487802021104725,-0.049185334156387484,0.15364934125454754,0.436039867622138,2.6481532425097707
6.620585203170776,0.049437688903729474,-0.0412954920033525,0.15430682799326992,0.436368610929056,2.7326402913606263
6.6406590938568115,0.05009517569663083,-0.04195297884734722,0.15200562440630544,0.436368610929056,2.818771063083096
6.66074275970459,0.05075266248917672,-0.040638005159737284,0.15036190755600945,0.436368610929056,2.9118054534948725
6.67929220199585,0.05009517569663083,-0.03998051831650143,0.15036190755600945,0.43669735423591055,3.00286739104926
6.6982903480529785,0.05173889267732945,-0.038336801210070326,0.1467457304781153,0.436039867622138,3.0942580802023314
6.717288970947266,0.05009517569663083,-0.038336801210070326,0.14444452687789594,0.43669735423591055,3.1938673663440023
6.7373926639556885,0.05042391909294819,-0.037021827526629913,0.14444452687789594,0.436368610929056,3.2961066119165774
6.7553911209106445,0.049437688903729474,-0.03274816306589473,0.14510201362122868,0.436368610929056,3.3967021514960316
6.774557113647461,0.05042391909294819,-0.03373439332464789,0.14378704013423257,0.436039867622138,3.4989414216586643
6.794623136520386,0.05141014928136732,-0.03472062358425049,0.14312955339023842,0.436368610929056,3.6047968858864357
6.813622236251831,0.049437688903729474,-0.035049367004306886,0.1441157835061056,0.436368610929056,3.7136110589084104
6.832148313522339,0.05141014928136732,-0.033405649904969165,0.1424720666459133,0.4376835841560938,3.823082736222568
6.8526670932769775,0.05108140588531643,-0.035706853844703124,0.14543075699277114,0.43669735423591055,3.9315681996590777
6.87217903137207,0.04647899833126996,-0.03373439332464789,0.14345829676227684,0.436368610929056,4.049258510847248
6.894188642501831,0.0487802021104725,-0.03439188016428854,0.1411570931562695,0.43702609754270166,4.168263820313742
6.917308568954468,0.04910894550714545,-0.03373439332464789,0.14477327024960363,0.436368610929056,4.297788963320025
6.9397828578948975,0.04845145871371059,-0.03439188016428854,0.13852714617300282,0.436368610929056,4.43125906553694
6.9627015590667725,0.05042391909294819,-0.03932303147364474,0.14345829676227684,0.43702609754270166,4.5640717122169026
6.983574867248535,0.05009517569663083,-0.043596695958995624,0.14082834978365144,0.43702609754270166,4.6880082968121854
7.005650997161865,0.04713648512577302,-0.04787036046040702,0.14280081001811723,0.436368610929056,4.8172048222779535
7.02870512008667,0.04713648512577302,-0.052801511828208414,0.14312955339023842,0.436368610929056,4.936867792862523
7.050732135772705,0.04352030775159314,-0.0610200974890662,0.14280081001811723,0.4373548408494295,5.061461962618475
7.073734760284424,0.036287952970789614,-0.06792370949062768,0.14181457990125707,0.43669735423591055,5.182768720519845
7.097515106201172,0.03037057175418771,-0.0708824003614737,0.13063730519127004,0.43702609754270166,5.301445554418259
7.119518280029297,0.02083701306593995,-0.07614229526235364,0.1362259425582851,0.43669735423591055,5.404671414966108
7.142559051513672,0.010645967487157279,-0.0820596770555837,0.14017086303816662,0.43702609754270166,5.506253576994103
7.165044546127319,0.004728586143054714,-0.08534711139880696,0.1388558895462016,0.4373548408494295,5.603562080028043
7.189918756484985,0.0001261784104067687,-0.08929203262358396,0.13951337629235006,0.43702609754270166,5.699884372112296
7.214210748672485,-0.000531308410016057,-0.08994951949575167,0.1404996064109505,0.4376835841560938,5.78272813762472
7.238002777099609,-0.011379841000365432,-0.08994951949575167,0.13721217267937713,0.43702609754270166,5.848805916093567
7.260336875915527,-0.013681044896148187,-0.08962077605961877,0.1375409160529082,0.43669735423591055,5.899432679733361
7.284735441207886,-0.017297222455880085,-0.08962077605961877,0.13852714617300282,0.43669735423591055,5.93329344114855
7.308692693710327,-0.013681044896148187,-0.08896328918764715,0.1388558895462016,0.43702609754270166,5.944142035280272
7.333163499832153,-0.008092406871428537,-0.08468962452938075,0.13984211966529983,0.43669735423591055,5.937567129707053
7.35488748550415,-0.003161255695396853,-0.083374650791701,0.14148583652880473,0.43669735423591055,5.929677243176908
7.373870849609375,0.0037423559161477438,-0.08238842048946662,0.15101939429637448,0.4373548408494295,5.923102337866348
7.393388032913208,0.010645967487157279,-0.08041595988763212,0.16121043873008392,0.43669735423591055,5.908308801352839
7.412384986877441,0.012947171335187316,-0.07877224272211694,0.16548410250150505,0.43702609754270166,5.894501501149211
7.4319751262664795,0.011303454301337126,-0.07745726899145719,0.1644978724016286,0.43702609754270166,5.877735494460671
7.451547622680664,0.011632197708289924,-0.07614229526235364,0.16745656269906428,0.43702609754270166,5.8458472093432094
7.472938060760498,0.009659737265201487,-0.07778601242397618,0.16811404943093466,0.43702609754270166,5.795549198201695
7.491833925247192,0.009330993857699879,-0.07679978212671099,0.16942902289370254,0.43669735423591055,5.744593703625812
7.510833501815796,0.008673507042421966,-0.07581355183032076,0.1737026866387538,0.43702609754270166,5.6854195895110005
7.530080795288086,0.008016020226777665,-0.07877224272211694,0.21578183663826622,0.43702609754270166,5.629204189570973
7.549615383148193,0.009330993857699879,-0.07647103869448371,0.2917215494513929,0.43669735423591055,5.559838999685036
7.5711669921875,0.014262144960623765,-0.07581355183032076,0.347607915686585,0.4376835841560938,5.474694067610521
7.59164023399353,0.014262144960623765,-0.075484808398385,0.4830501598776926,0.436368610929056,5.381001788618742
7.611686706542969,0.020508269661538098,-0.07285486094639404,0.5823306332497118,0.43702609754270166,5.2781046786569865
7.633199453353882,0.021494499874471315,-0.0689099397800392,0.7355249966488904,0.43669735423591055,5.17159140267189
7.654730796813965,0.027083137732349688,-0.0652937620564473,0.8216557288406208,0.43669735423591055,5.055544560642449
7.675887107849121,0.03398674916779654,-0.0610200974890662,0.9883285508525845,0.436368610929056,4.9352240705325086
7.696003675460815,0.038589156769383764,-0.057403919790902924,1.0649257229592382,0.436368610929056,4.8270671538770555
7.715984344482422,0.04746522852289095,-0.055760202659213554,1.1089773149414395,0.43669735423591055,4.716280307115154
7.735605001449585,0.04647899833126996,-0.049842821004949994,1.1596037709770628,0.43669735423591055,4.609109671833525
7.756794691085815,0.04647899833126996,-0.049842821004949994,1.151713933699492,0.43669735423591055,4.498651617241424
7.77843976020813,0.05173889267732945,-0.04754161703665025,1.1809720802255803,0.43669735423591055,4.392138514992148
7.801863193511963,0.05042391909294819,-0.04524041307301985,1.2082577673321135,0.436039867622138,4.274776879949733
7.823373079299927,0.05108140588531643,-0.0449116696500248,1.199052957234217,0.436368610929056,4.165962612448979
7.8478875160217285,0.05141014928136732,-0.045897899919295354,1.2214074960263537,0.43669735423591055,4.04597107168837
7.8698930740356445,0.05173889267732945,-0.043596695958995624,1.235872197568355,0.4357111243151565,3.9305819680927168
7.8931872844696045,0.05108140588531643,-0.03932303147364474,1.2398171161670133,0.436368610929056,3.8115767032543237
7.91430139541626,0.05141014928136732,-0.037021827526629913,1.2444195211968656,0.436368610929056,3.7014475402641103
7.937378644943237,0.05206763607320282,-0.035378110424457765,1.280252531722408,0.436368610929056,3.5860584951803838
7.957386016845703,0.05206763607320282,-0.03307690648538475,1.2753213834911319,0.436368610929056,3.4742856479130606
7.976306200027466,0.05173889267732945,-0.03307690648538475,1.2957034628359327,0.4357111243151565,3.3681014576451567
7.995620489120483,0.05141014928136732,-0.029131985457724635,1.2733489241981089,0.436368610929056,3.265533460075343
8.014620304107666,0.05239637946898745,-0.025187064443612045,1.3003058678454413,0.436368610929056,3.164937935614896
8.03412938117981,0.05206763607320282,-0.024529577609241127,1.3098394210754025,0.436368610929056,3.06269870457985
8.052804231643677,0.05075266248917672,-0.024529577609241127,1.2749926402756488,0.43669735423591055,2.960788227590765
8.072314023971558,0.05206763607320282,-0.024529577609241127,1.2661165734544229,0.436368610929056,2.872356241067812
8.091312170028687,0.049437688903729474,-0.024200834192196347,1.2812387613684482,0.436368610929056,2.7809655709116208
8.110314846038818,0.05239637946898745,-0.023214603941624418,1.2473782101435649,0.43702609754270166,2.695821032026608
8.13031554222107,0.04845145871371059,-0.023872090775245325,1.202011646195363,0.43702609754270166,2.6139639324759245
8.15451169013977,0.05141014928136732,-0.024858321026379693,1.171438526876427,0.43669735423591055,2.5268469444138644
8.176442861557007,0.05141014928136732,-0.022557117108378294,1.1217983006006784,0.43669735423591055,2.4489347746103074
8.196972131729126,0.05206763607320282,-0.022557117108378294,1.0780754519482487,0.43669735423591055,2.3868022875611965
8.216954469680786,0.05173889267732945,-0.022885860524954532,1.0179154415252507,0.43669735423591055,2.3351895884501346
8.239043474197388,0.05173889267732945,-0.024200834192196347,0.9439482144271378,0.43702609754270166,2.2885080402451465
8.262031078338623,0.05239637946898745,-0.024858321026379693,0.8926642694285107,0.43669735423591055,2.2408402633653304
8.285737037658691,0.05206763607320282,-0.023214603941624418,0.8144233773884468,0.436368610929056,2.1941587174805783
8.308352947235107,0.05108140588531643,-0.023872090775245325,0.7657693762138569,0.43669735423591055,2.15043586208118
8.33204460144043,0.05239637946898745,-0.023543347358388006,0.7033081571394635,0.43669735423591055,2.1149315891691667
8.354698657989502,0.05239637946898745,-0.025187064443612045,0.6500517479952803,0.43669735423591055,2.0764686274665807
8.375840187072754,0.05173889267732945,-0.025844551278358247,0.6069863791639616,0.43669735423591055,2.04227932868835
8.396536111831665,0.05141014928136732,-0.026502038113479925,0.5925216749304553,0.43702609754270166,2.010391233125269
8.417556047439575,0.05239637946898745,-0.02617329469587215,0.5790432004384689,0.4373548408494295,1.9791606244353255
8.439793348312378,0.05239637946898745,-0.027817011784850326,0.5823306332497118,0.43702609754270166,1.9512174485313518
8.46079421043396,0.05206763607320282,-0.029789472294726144,0.5353203435265963,0.43669735423591055,1.9262329620631975
8.483320713043213,0.05206763607320282,-0.031761932807990445,0.5139520296351163,0.43669735423591055,1.9055221379062013
8.505484342575073,0.049766432300224595,-0.033405649904969165,0.47910524029617846,0.43669735423591055,1.8913861786371415
8.526036262512207,0.044177794547701404,-0.03406313674442102,0.3929744938591321,0.4373548408494295,1.8828388544570773
8.5476393699646,0.05108140588531643,-0.03767931436816083,0.3522103222270392,0.43702609754270166,1.8779077059014568
8.567640542984009,0.04680774172856603,-0.038336801210070326,0.3022413361947123,0.436368610929056,1.878565192375129
8.586151838302612,0.05108140588531643,-0.03800805778906824,0.25095737510897015,0.436368610929056,1.8736340438256494
8.605152368545532,0.05108140588531643,-0.03932303147364474,0.20131712897229065,0.43669735423591055,1.878565192375129
8.624151945114136,0.049766432300224595,-0.042610465691721666,0.17962006718631207,0.436368610929056,1.885468800356329
8.643296957015991,0.05042391909294819,-0.042281722269486954,0.17666137691579448,0.436368610929056,1.8930298948281115
8.662298202514648,0.05108140588531643,-0.04392543938161031,0.1773188636431393,0.436368610929056,1.9025634487518277
8.681582927703857,0.05108140588531643,-0.046884130189422585,0.17501766009602265,0.43669735423591055,1.9134119756644223
8.700581073760986,0.05042391909294819,-0.046884130189422585,0.16581284586796796,0.436368610929056,1.9199868404778029
8.720581293106079,0.049437688903729474,-0.045569156496110014,0.15364934125454754,0.43669735423591055,1.9318215971765178
8.741199016571045,0.05108140588531643,-0.04721287361298876,0.15496431473166428,0.436368610929056,1.9426701241901847
8.76329755783081,0.05009517569663083,-0.046884130189422585,0.15233436777611808,0.436368610929056,1.960093516142385
8.786286354064941,0.049437688903729474,-0.04524041307301985,0.1562792882074696,0.43669735423591055,1.9821193136645872
8.808284997940063,0.04910894550714545,-0.042610465691721666,0.15101939429637448,0.43669735423591055,2.0057888276117763
8.831274032592773,0.049766432300224595,-0.042610465691721666,0.1562792882074696,0.43669735423591055,2.0350469770831596
8.854422092437744,0.04910894550714545,-0.0449116696500248,0.15825174841872183,0.43669735423591055,2.06463387014391
8.876424074172974,0.049766432300224595,-0.046884130189422585,0.15726551831346386,0.436368610929056,2.104411804709319
8.89993667602539,0.049766432300224595,-0.049185334156387484,0.15693677494488095,0.43669735423591055,2.144847226492693
8.921953439712524,0.05042391909294819,-0.04852784730820653,0.15595054483864113,0.43669735423591055,2.192515001095766
8.943730592727661,0.049437688903729474,-0.04655538676595161,0.1506906509262331,0.436368610929056,2.2339366543980357
8.966057062149048,0.0487802021104725,-0.04392543938161031,0.1533205978850633,0.436368610929056,2.2898230134175823
8.987834215164185,0.0487802021104725,-0.043596695958995624,0.15496431473166428,0.436368610929056,2.3483393205603185
9.009803295135498,0.049766432300224595,-0.042281722269486954,0.15562180146973076,0.43669735423591055,2.4094855762071936
9.029343128204346,0.05009517569663083,-0.04326795253647597,0.15463557136250808,0.436368610929056,2.470303090824853
9.051014184951782,0.05042391909294819,-0.04096674858149746,0.15167688103641064,0.436039867622138,2.5386817047414834
9.0730140209198,0.05042391909294819,-0.0429392091140513,0.1562792882074696,0.436039867622138,2.6149501625608287
9.0937180519104,0.05009517569663083,-0.040638005159737284,0.15430682799326992,0.436039867622138,2.6823425534324667
9.113123655319214,0.049766432300224595,-0.0412954920033525,0.15003316418570356,0.436368610929056,2.755981072399389
9.132640600204468,0.05009517569663083,-0.03800805778906824,0.1562792882074696,0.43669735423591055,2.8312633129401252
9.153220891952515,0.04845145871371059,-0.038336801210070326,0.15463557136250808,0.4373548408494295,2.9104904797244187
9.173252582550049,0.04910894550714545,-0.038336801210070326,0.15200562440630544,0.436039867622138,2.9903751392191076
9.192224740982056,0.05042391909294819,-0.03472062358425049,0.14871819070365688,0.43669735423591055,3.0712460353771864
9.211223602294922,0.05141014928136732,-0.035378110424457765,0.15463557136250808,0.43702609754270166,3.153103168758643
9.23083782196045,0.05141014928136732,-0.037021827526629913,0.15397808462394974,0.436039867622138,3.239562719023859
9.249576807022095,0.05108140588531643,-0.03472062358425049,0.14904693407429204,0.43669735423591055,3.322406098234627
9.267722845077515,0.05173889267732945,-0.03274816306589473,0.14871819070365688,0.4376835841560938,3.407879434420024
9.28823471069336,0.05141014928136732,-0.035706853844703124,0.14871819070365688,0.43702609754270166,3.495653985114538
9.30728268623352,0.05141014928136732,-0.03800805778906824,0.14773196059125704,0.436368610929056,3.579483621359464
9.326349258422852,0.05141014928136732,-0.03767931436816083,0.1533205978850633,0.43669735423591055,3.6695593977731504
9.345966100692749,0.049766432300224595,-0.03800805778906824,0.1441157835061056,0.43669735423591055,3.7553615163886636
9.36492919921875,0.05108140588531643,-0.03965177489502569,0.1467457304781153,0.43669735423591055,3.8451085713076854
9.384198665618896,0.05173889267732945,-0.0412954920033525,0.14806070396213938,0.436368610929056,3.934526894367164
9.404463052749634,0.049766432300224595,-0.03998051831650143,0.14740321722029226,0.43669735423591055,4.028547644436633
9.425612449645996,0.05042391909294819,-0.041624235425302386,0.1424720666459133,0.436039867622138,4.117637249338772
9.447547912597656,0.044835281343452646,-0.04458292622712487,0.1424720666459133,0.436368610929056,4.219547883630746
9.46764087677002,0.05009517569663083,-0.04787036046040702,0.14214332327362658,0.43669735423591055,4.3145549103637615
9.487013578414917,0.05042391909294819,-0.049185334156387484,0.14641698710690304,0.43669735423591055,4.402658326627619
9.507261514663696,0.04845145871371059,-0.0521440249779265,0.15003316418570356,0.43669735423591055,4.4956929196709465
9.52795696258545,0.0481227153168597,-0.04951407758062101,0.14543075699277114,0.43669735423591055,4.5818239002090095
9.549207210540771,0.045164024741194464,-0.05543145923316328,0.14082834978365144,0.43702609754270166,4.683077132388825
9.571497440338135,0.042862820955127695,-0.05806140664425011,0.12866484493832794,0.436368610929056,4.772166843873539
9.592360734939575,0.03891790016882428,-0.0610200974890662,0.13951337629235006,0.43702609754270166,4.862571549319395
9.61436128616333,0.03431549256849373,-0.06430753177022186,0.13918463291931732,0.43702609754270166,4.951990038572142
9.63701868057251,0.03530172277004594,-0.06923868321003643,0.14148583652880473,0.43702609754270166,5.043381012380914
9.656632661819458,0.03661669637085792,-0.0708824003614737,0.1411570931562695,0.43669735423591055,5.118992263697646
9.676634311676025,0.03661669637085792,-0.07449857810316052,0.138198402799721,0.43669735423591055,5.194274783311118
9.700249195098877,0.03661669637085792,-0.07745726899145719,0.13984211966529983,0.43702609754270166,5.270543550165628
9.724764823913574,0.03826041336985364,-0.08140219018811051,0.13951337629235006,0.4373548408494295,5.352072247149642
9.745902061462402,0.03760292657052444,-0.08238842048946662,0.13721217267937713,0.43702609754270166,5.414862504508344
9.76727819442749,0.038589156769383764,-0.083374650791701,0.13688342930576294,0.43702609754270166,5.476995281752611
9.78945255279541,0.036945439770836475,-0.08567585483366671,0.14017086303816662,0.4373548408494295,5.529594465744033
9.81186294555664,0.03595920957063152,-0.0863333417036797,0.138198402799721,0.43669735423591055,5.584494871459981
9.832182884216309,0.03464423596910102,-0.08699082857408405,0.13951337629235006,0.43669735423591055,5.631505404612636
9.85310411453247,0.032671775564108343,-0.08797705888042481,0.14017086303816662,0.4373548408494295,5.669968572335648
9.873537540435791,0.03300051896516536,-0.08797705888042481,0.13984211966529983,0.43669735423591055,5.704815548124277
9.893118381500244,0.03135680195897997,-0.09027826293198266,0.13688342930576294,0.43702609754270166,5.737032566308463
9.913257122039795,0.03037057175418771,-0.08863454575180837,0.13984211966529983,0.43669735423591055,5.763003429901286
9.932567834854126,0.025768164121085055,-0.08896328918764715,0.1404996064109505,0.43669735423591055,5.789960530716666
9.951600551605225,0.02083701306593995,-0.08929203262358396,0.13951337629235006,0.43669735423591055,5.806069043106363
9.971608638763428,0.016892092207119264,-0.09060700636831173,0.138198402799721,0.43669735423591055,5.815273907641589
9.991827726364136,0.015248375178743154,-0.08962077605961877,0.14444452687789594,0.4373548408494295,5.826451243455081
10.011153221130371,0.01097471089429293,-0.09027826293198266,0.15233436777611808,0.43702609754270166,5.83039618558729
10.030947208404541,0.009330993857699879,-0.09060700636831173,0.15923797852324412,0.436368610929056,5.8257937531037935
10.052228927612305,0.007029790002623937,-0.09027826293198266,0.16186792546504455,0.43669735423591055,5.8185613593165195
10.071353435516357,0.004399842734177595,-0.08896328918764715,0.16186792546504455,0.43702609754270166,5.800809120616942
10.092028617858887,0.006043559777644925,-0.08830580231606758,0.16548410250150505,0.43702609754270166,5.7751669995415496
10.11248779296875,0.009988480672611585,-0.0863333417036797,0.16712781933300738,0.43702609754270166,5.7396625270973525
10.132342338562012,0.013933401554401537,-0.08468962452938075,0.16745656269906428,0.436368610929056,5.696596921473033
10.152713775634766,0.017549579017832204,-0.08173093362179831,0.14904693407429204,0.43702609754270166,5.641039009930748
10.173240423202515,0.02445319050837297,-0.0807447033210274,0.16942902289370254,0.43669735423591055,5.57857746209301
10.193247079849243,0.026425650926898206,-0.07712852555903546,0.17140148308542447,0.436368610929056,5.514472199637529
10.213400602340698,0.028726854744397082,-0.07679978212671099,0.1753464034601382,0.4376835841560938,5.435244684355509
10.248034477233887,0.03530172277004594,-0.07581355183032076,0.17764760700669102,0.43669735423591055,5.3280738790515185
10.278035163879395,0.04450653794562165,-0.0721973740843663,0.2825167359897287,0.436368610929056,5.1275396233521
10.298645734786987,0.04910894550714545,-0.07153988722272625,0.43143746131861327,0.4373548408494295,5.016752705169398
10.3206467628479,0.04910894550714545,-0.06627999234354087,0.5701671318210585,0.43669735423591055,4.8961034807893205
10.340197801589966,0.05042391909294819,-0.06365004491322024,0.6661601681775204,0.436368610929056,4.760989536011969
10.360246419906616,0.05075266248917672,-0.06069135406147996,0.7818777956194729,0.43702609754270166,4.6350804678640705
10.380801439285278,0.05239637946898745,-0.05444522895558723,0.7976574716771758,0.436368610929056,4.504569012431966
10.401219844818115,0.05173889267732945,-0.0429392091140513,0.8854319181472634,0.436368610929056,4.374715077414287
10.422236919403076,0.05173889267732945,-0.03932303147364474,0.9100876610855901,0.43669735423591055,4.251107309450611
10.441291570663452,0.05009517569663083,-0.03899428805235855,0.9768225377548103,0.43669735423591055,4.128814543861581
10.461483001708984,0.05206763607320282,-0.035378110424457765,0.9768225377548103,0.43702609754270166,4.01243919325908
10.481124639511108,0.05173889267732945,-0.031104445969858924,1.0452011294091306,0.436368610929056,3.899022558757692
10.500152349472046,0.05173889267732945,-0.029789472294726144,1.0471735887678473,0.43669735423591055,3.7846197124887304
10.519166946411133,0.05141014928136732,-0.02847449862109938,1.0442148997294574,0.436368610929056,3.6794217097326656
10.537700891494751,0.05239637946898745,-0.02617329469587215,1.0435574132762249,0.43669735423591055,3.57225126022274
10.557575941085815,0.05141014928136732,-0.021570886859211436,1.040269981008651,0.436368610929056,3.4709982114718874
10.577040672302246,0.05239637946898745,-0.021570886859211436,1.053419710064957,0.436368610929056,3.364814021633457
10.596725940704346,0.05108140588531643,-0.021242143443009676,1.03895500810096,0.436039867622138,3.2638897422646638
10.616836309432983,0.052725122864683366,-0.02222837369189573,1.0662406958597042,0.436368610929056,3.1600067827398797
10.63736867904663,0.052725122864683366,-0.022885860524954532,1.0688706416595832,0.436368610929056,3.056452578274771
10.660630941390991,0.05173889267732945,-0.021899630275506787,1.0708431010085766,0.436368610929056,2.9473097459036577
10.683847904205322,0.05206763607320282,-0.022885860524954532,1.0346813461483304,0.43669735423591055,2.8325782866171814
10.707845449447632,0.05206763607320282,-0.02222837369189573,1.0346813461483304,0.436368610929056,2.7293528574472186
10.731903553009033,0.05239637946898745,-0.021570886859211436,1.0488173048994722,0.436368610929056,2.6251412068137676
10.753860235214233,0.05239637946898745,-0.024858321026379693,1.012326806636497,0.43669735423591055,2.5334218112506064
10.776466369628906,0.05042391909294819,-0.022885860524954532,0.9732063622027927,0.436039867622138,2.4509072345562584
10.797863006591797,0.05239637946898745,-0.023543347358388006,0.9347434038425289,0.43702609754270166,2.3710226086859816
10.818236589431763,0.05206763607320282,-0.023872090775245325,0.9044990260357944,0.436368610929056,2.3085613812273116
10.838747024536133,0.052725122864683366,-0.023872090775245325,0.8722821885028356,0.436039867622138,2.249058845501103
10.858862400054932,0.05141014928136732,-0.024858321026379693,0.8505851344673678,0.43669735423591055,2.191200027988855
10.88062047958374,0.05141014928136732,-0.025187064443612045,0.8298743100139201,0.436039867622138,2.1369573880389328
10.900364637374878,0.05075266248917672,-0.024858321026379693,0.7969999851766121,0.436368610929056,2.0892896146313156
10.9228835105896,0.052725122864683366,-0.024529577609241127,0.7746454440618409,0.436368610929056,2.044251788220581
10.946795225143433,0.05141014928136732,-0.024529577609241127,0.7299363612544711,0.436368610929056,2.000528935605926
10.970795631408691,0.04680774172856603,-0.026502038113479925,0.6829260747746682,0.436368610929056,1.962394718860728
10.992250442504883,0.05141014928136732,-0.02551580786093824,0.6645164518377504,0.436368610929056,1.9295203944815782
11.012171268463135,0.05042391909294819,-0.02748826836686677,0.6138899879669395,0.436368610929056,1.9035496784696535
11.033708810806274,0.05173889267732945,-0.028145755202927836,0.5649072392882735,0.43669735423591055,1.8828388544570773
11.056344270706177,0.05042391909294819,-0.03011821571336812,0.49882983811720366,0.4373548408494295,1.8647579764542206
11.07910966873169,0.05108140588531643,-0.032419419646499026,0.410397889485315,0.43669735423591055,1.851608247055951
11.102580070495605,0.049766432300224595,-0.03406313674442102,0.328869546059639,0.43669735423591055,1.8427321797391023
11.125409364700317,0.05206763607320282,-0.03603559726504299,0.24997114507031343,0.43669735423591055,1.8348423421419813
11.14492392539978,0.05141014928136732,-0.03735057094734806,0.19967341218243428,0.43669735423591055,1.8285962207226392
11.164030313491821,0.04910894550714545,-0.03800805778906824,0.17337394327423483,0.43669735423591055,1.8256375316328317
11.183578252792358,0.05141014928136732,-0.03866554463116709,0.18126378400045345,0.43669735423591055,1.821035126386527
11.203583002090454,0.05042391909294819,-0.03800805778906824,0.17600389018812748,0.43702609754270166,1.814460261758361
11.224045515060425,0.05173889267732945,-0.03767931436816083,0.17633263355200127,0.43669735423591055,1.8085428836023505
11.243060111999512,0.05173889267732945,-0.03767931436816083,0.17863383709686334,0.436368610929056,1.8016392757646797
11.262060165405273,0.05108140588531643,-0.03998051831650143,0.18487996098450818,0.43669735423591055,1.7950644111682208
11.280611276626587,0.05141014928136732,-0.03800805778906824,0.18060629727503774,0.43669735423591055,1.7891470330403105
11.300716400146484,0.0487802021104725,-0.04030926173807195,0.17633263355200127,0.43669735423591055,1.7838871413780313
11.321732759475708,0.05075266248917672,-0.040638005159737284,0.17107273972033982,0.43669735423591055,1.7786272497222233
11.342071056365967,0.05141014928136732,-0.03965177489502569,0.1730451999096351,0.43669735423591055,1.7782985064939483
11.362046718597412,0.04910894550714545,-0.03965177489502569,0.17468891673182646,0.436039867622138,1.7789559929505234
11.382590293884277,0.05108140588531643,-0.03735057094734806,0.1773188636431393,0.43669735423591055,1.7815859387778241
11.406589031219482,0.05009517569663083,-0.03603559726504299,0.17764760700669102,0.43669735423591055,1.784873371064213
11.428594589233398,0.05108140588531643,-0.03636434068547742,0.17403143000319204,0.436039867622138,1.78947577626942
11.450892686843872,0.05075266248917672,-0.03472062358425049,0.16942902289370254,0.436039867622138,1.7934206950207392
11.473990201950073,0.05075266248917672,-0.035049367004306886,0.1687715361624807,0.43669735423591055,1.7967081273163534
11.496098041534424,0.05075266248917672,-0.035378110424457765,0.1691002795281321,0.436368610929056,1.7986805866949744
11.520286321640015,0.05075266248917672,-0.03439188016428854,0.1687715361624807,0.43669735423591055,1.8019680189947789
11.544522762298584,0.04910894550714545,-0.03472062358425049,0.1730451999096351,0.436368610929056,1.8029542486852352
11.570427179336548,0.05009517569663083,-0.03406313674442102,0.17436017336754958,0.43669735423591055,1.8052554512972303
11.593953609466553,0.05141014928136732,-0.035049367004306886,0.1691002795281321,0.43669735423591055,1.8036117351456722
11.61727786064148,0.05075266248917672,-0.035049367004306886,0.16745656269906428,0.436368610929056,1.8036117351456722
11.641549348831177,0.05141014928136732,-0.037021827526629913,0.16679907596686933,0.436039867622138,1.8049267080668656
11.662662982940674,0.05042391909294819,-0.03636434068547742,0.1644978724016286,0.436368610929056,1.8042692216062157
11.685086250305176,0.05108140588531643,-0.037021827526629913,0.16318289893398794,0.436368610929056,1.8029542486852352
11.708324909210205,0.05108140588531643,-0.03767931436816083,0.15989546525918386,0.43669735423591055,1.8036117351456722
11.730855941772461,0.05075266248917672,-0.03866554463116709,0.1621966688324026,0.43669735423591055,1.8055841945276219
11.752557516098022,0.05108140588531643,-0.03998051831650143,0.16186792546504455,0.43669735423591055,1.80887162683301
11.772561073303223,0.05075266248917672,-0.04030926173807195,0.1621966688324026,0.436368610929056,1.8141315185272404
11.794193506240845,0.05108140588531643,-0.042610465691721666,0.16186792546504455,0.436368610929056,1.8147890049895086
11.817075967788696,0.05075266248917672,-0.04392543938161031,0.16252541219967917,0.43669735423591055,1.8246513019367345
11.836644411087036,0.049437688903729474,-0.04524041307301985,0.16055295199479708,0.436368610929056,1.8361573150736814
11.856042861938477,0.05108140588531643,-0.04425418280432003,0.161539182097605,0.436368610929056,1.8509507605872981
11.875077724456787,0.049437688903729474,-0.04458292622712487,0.15956672189125481,0.436368610929056,1.866401692632419
11.893584728240967,0.05009517569663083,-0.04458292622712487,0.15759426168196497,0.43702609754270166,1.8825101112198144
11.91258454322815,0.05042391909294819,-0.04524041307301985,0.15890923515515173,0.436368610929056,1.9022347055126183
11.93209195137024,0.04845145871371059,-0.046226643342575896,0.1566080315762162,0.436368610929056,1.9245892458553078
11.951601505279541,0.05009517569663083,-0.046884130189422585,0.15364934125454754,0.436039867622138,1.9518749350201452
11.97097396850586,0.05042391909294819,-0.0449116696500248,0.15397808462394974,0.436039867622138,1.9798181109304496
11.99174165725708,0.05042391909294819,-0.04326795253647597,0.15134813766643368,0.436368610929056,2.008747516869549
12.013911008834839,0.05042391909294819,-0.04524041307301985,0.15397808462394974,0.436368610929056,2.0478679640336406
12.034685611724854,0.05075266248917672,-0.04326795253647597,0.1506906509262331,0.43702609754270166,2.0830434926707215
12.056340217590332,0.05108140588531643,-0.042281722269486954,0.15792300505038429,0.436368610929056,2.1244651438775217
12.079758405685425,0.05108140588531643,-0.0412954920033525,0.15529305810073848,0.436368610929056,2.1658867958416397
12.103758335113525,0.05009517569663083,-0.04030926173807195,0.15496431473166428,0.436368610929056,2.2171707470064503
12.12809133529663,0.05042391909294819,-0.038336801210070326,0.15430682799326992,0.436368610929056,2.270427159218478
12.150651693344116,0.05042391909294819,-0.036693084106006385,0.15430682799326992,0.436368610929056,2.327628492531479
12.17270565032959,0.05009517569663083,-0.036693084106006385,0.15200562440630544,0.436368610929056,2.3845010843826278
12.194995880126953,0.05042391909294819,-0.035049367004306886,0.15693677494488095,0.4373548408494295,2.439401218239844
12.218031644821167,0.05108140588531643,-0.035706853844703124,0.15364934125454754,0.43669735423591055,2.5015337073679467
12.240672588348389,0.05042391909294819,-0.036693084106006385,0.1562792882074696,0.43669735423591055,2.5649811724855356
12.264474153518677,0.05108140588531643,-0.035049367004306886,0.15529305810073848,0.4373548408494295,2.6323735608467134
12.28709626197815,0.05108140588531643,-0.035049367004306886,0.15036190755600945,0.43669735423591055,2.701409669534448
12.311213731765747,0.05075266248917672,-0.03636434068547742,0.1566080315762162,0.436368610929056,2.7717607556096766
12.334930896759033,0.05075266248917672,-0.03735057094734806,0.14740321722029226,0.436368610929056,2.8486867142840153
12.35723066329956,0.05075266248917672,-0.0412954920033525,0.15562180146973076,0.436368610929056,2.9279138823125996
12.378490209579468,0.05206763607320282,-0.035378110424457765,0.15430682799326992,0.4357111243151565,2.996292521646049
12.399992227554321,0.05075266248917672,-0.03800805778906824,0.15397808462394974,0.436368610929056,3.0725610093526
12.41999363899231,0.05141014928136732,-0.03767931436816083,0.15233436777611808,0.436368610929056,3.147514528906361
12.439583539962769,0.05141014928136732,-0.03965177489502569,0.15200562440630544,0.436368610929056,3.2204955931640535
12.457746982574463,0.049766432300224595,-0.0412954920033525,0.1460882437356083,0.436368610929056,3.294791637621739
12.477922439575195,0.0481227153168597,-0.04030926173807195,0.145759500364231,0.436368610929056,3.3707314064638445
12.497091293334961,0.05009517569663083,-0.041624235425302386,0.14543075699277114,0.4357111243151565,3.446342438596213
12.51609206199646,0.05141014928136732,-0.041624235425302386,0.1441157835061056,0.436368610929056,3.520967246861837
12.534626960754395,0.05108140588531643,-0.04425418280432003,0.14280081001811723,0.436039867622138,3.5992082429951067
12.553788900375366,0.05042391909294819,-0.04425418280432003,0.14345829676227684,0.436368610929056,3.6777779910633823
12.573873519897461,0.05108140588531643,-0.04787036046040702,0.1424720666459133,0.43669735423591055,3.7563477476977893
12.595413208007812,0.04910894550714545,-0.045897899919295354,0.14017086303816662,0.436039867622138,3.8474097779999514
12.616432189941406,0.049766432300224595,-0.050171564429374454,0.138198402799721,0.436039867622138,3.937485589088767
12.639976978302002,0.04910894550714545,-0.051815281552929,0.15496431473166428,0.436368610929056,4.036437498226059
12.662832975387573,0.05075266248917672,-0.05378774210434861,0.14148583652880473,0.436039867622138,4.134074447238243
12.685729503631592,0.044835281343452646,-0.05477397238135012,0.14082834978365144,0.436368610929056,4.2346701082881095
12.710704326629639,0.04056161716468322,-0.05641768951160167,0.14082834978365144,0.43669735423591055,4.338224483511149
12.73402714729309,0.044835281343452646,-0.055760202659213554,0.14312955339023842,0.436368610929056,4.439806413089719
12.756584405899048,0.04089036056358644,-0.05707517636437326,0.14082834978365144,0.43669735423591055,4.529553570634746
12.776583909988403,0.038589156769383764,-0.06069135406147996,0.13984211966529983,0.436368610929056,4.6160133010289925
12.797184467315674,0.03431549256849373,-0.06134884091674858,0.1388558895462016,0.43669735423591055,4.699514347322901
12.818217515945435,0.03037057175418771,-0.06397878834167287,0.14148583652880473,0.43702609754270166,4.7817004301935375
12.840741634368896,0.028726854744397082,-0.06463627519886725,0.14181457990125707,0.43669735423591055,4.866516482309959
12.865193128585815,0.027083137732349688,-0.0652937620564473,0.14214332327362658,0.43702609754270166,4.953633760961662
12.886708498001099,0.02445319050837297,-0.0685811963501387,0.14017086303816662,0.43669735423591055,5.035162398876652
12.906709909439087,0.023138216894212027,-0.07318360437755334,0.1388558895462016,0.43669735423591055,5.109787415024098
12.928201913833618,0.02248073008658781,-0.07581355183032076,0.13918463291931732,0.436368610929056,5.181124997288875
12.950186014175415,0.023466960297888168,-0.07679978212671099,0.13984211966529983,0.4373548408494295,5.256078782992329
12.97232174873352,0.020508269661538098,-0.08008721645433423,0.13918463291931732,0.43669735423591055,5.324128941962026
12.993378162384033,0.019522039447787562,-0.08107344675452019,0.13951337629235006,0.43669735423591055,5.387905429496013
13.015591621398926,0.016892092207119264,-0.08238842048946662,0.13786965942635615,0.43669735423591055,5.450366947482393
13.035305738449097,0.01623460539604213,-0.08304590735752523,0.13918463291931732,0.43669735423591055,5.503623617783908
13.054361820220947,0.013933401554401537,-0.083374650791701,0.13852714617300282,0.43669735423591055,5.551949121042849
13.073833465576172,0.01327591474168334,-0.08370339422597439,0.138198402799721,0.43702609754270166,5.59304224070322
13.093358516693115,0.01097471089429293,-0.08436088109481427,0.13721217267937713,0.43702609754270166,5.63512159970569
13.112295150756836,0.011632197708289924,-0.08468962452938075,0.138198402799721,0.43669735423591055,5.673913512831932
13.132314920425415,0.009002250450106705,-0.08468962452938075,0.13688342930576294,0.43669735423591055,5.7081029988343515
13.152712106704712,0.00538607296053345,-0.08468962452938075,0.13688342930576294,0.43669735423591055,5.7386762917993765
13.171944856643677,0.0037423559161477438,-0.08600459826862433,0.13655468593206563,0.43702609754270166,5.772537038504873
13.191079139709473,0.0001261784104067687,-0.08567585483366671,0.13721217267937713,0.4373548408494295,5.794562962757087
13.211086750030518,-0.0008600518203657204,-0.08600459826862433,0.13786965942635615,0.43702609754270166,5.812972691486436
13.23067307472229,-0.002175025462686858,-0.08600459826862433,0.1362259425582851,0.43702609754270166,5.83039618558729
13.251713514328003,-0.0028325122844012063,-0.08600459826862433,0.1362259425582851,0.43702609754270166,5.847819680507479
13.272696256637573,-0.0048049727517611995,-0.08666208513883294,0.13688342930576294,0.436368610929056,5.855709565270021
13.292718887329102,-0.012694814654540476,-0.08567585483366671,0.13721217267937713,0.43669735423591055,5.859654507714637
13.3147451877594,-0.006119946398517179,-0.08534711139880696,0.13688342930576294,0.43669735423591055,5.860311998126183
13.337916135787964,-0.006119946398517179,-0.08534711139880696,0.14312955339023842,0.43702609754270166,5.857353291283475
13.358550071716309,-0.007763663459045028,-0.08929203262358396,0.15101939429637448,0.43669735423591055,5.848805916093567
13.381112813949585,-0.006448689810437558,-0.08238842048946662,0.15825174841872183,0.43669735423591055,5.838286069977752
13.404199123382568,-0.006448689810437558,-0.0820596770555837,0.1608816953624813,0.436368610929056,5.817246378643058
13.427353620529175,-0.011379841000365432,-0.08271716392344713,0.16252541219967917,0.43669735423591055,5.795877943350477
13.4501633644104,-0.005791202986689392,-0.08041595988763212,0.1644978724016286,0.43669735423591055,5.768263351859564
13.474265098571777,-0.003489999106484898,-0.0807447033210274,0.16548410250150505,0.43669735423591055,5.736375076114098
13.495900869369507,-0.0025037688734978747,-0.0794297295880308,0.16679907596686933,0.436368610929056,5.700870607309595
13.518908977508545,-0.0008600518203657204,-0.07975847302113381,0.16778530606504002,0.436368610929056,5.655503790861995
13.5414559841156,-0.0025037688734978747,-0.07778601242397618,0.16942902289370254,0.43669735423591055,5.6052058049481275
13.564070701599121,0.004728586143054714,-0.07745726899145719,0.1621966688324026,0.43669735423591055,5.552935355864506
13.586001634597778,0.008344763634645633,-0.07778601242397618,0.17468891673182646,0.436368610929056,5.493103781115925
13.607172966003418,0.011960941115151308,-0.078443499289306,0.17173022645042826,0.43669735423591055,5.4253823391409695
13.628640174865723,0.017549579017832204,-0.0751560649665464,0.16778530606504002,0.43669735423591055,5.3586471427606135
13.650471925735474,0.02215198668263968,-0.07416983467161314,0.1644978724016286,0.436368610929056,5.284022083657467
13.674335479736328,0.03037057175418771,-0.07285486094639404,0.17337394327423483,0.436368610929056,5.1896723581579405
13.69832706451416,0.036945439770836475,-0.0708824003614737,0.1730451999096351,0.43669735423591055,5.087761527903079
13.720440864562988,0.04056161716468322,-0.069896170070321,0.18455121762272178,0.4373548408494295,4.981248297982268
13.739921808242798,0.044177794547701404,-0.0751560649665464,0.24273879143264068,0.43669735423591055,4.892816036422055
13.75934362411499,0.04384905114969191,-0.06759496606101711,0.2986251595100786,0.436368610929056,4.8004388590238625
13.77842926979065,0.05042391909294819,-0.06299255805660403,0.3183497595022547,0.43669735423591055,4.70247304606863
13.798012018203735,0.04713648512577302,-0.06167758434452722,0.33281446600000497,0.43669735423591055,4.603192275454433
13.817012310028076,0.04845145871371059,-0.06003386720659601,0.3512240922552249,0.436039867622138,4.499966593944716
13.837155103683472,0.05075266248917672,-0.05674643293793952,0.4021793066657733,0.43669735423591055,4.394439723770145
13.855665922164917,0.05042391909294819,-0.05345899867887288,0.4357111243151565,0.4376835841560938,4.295159010887674
13.875178575515747,0.05075266248917672,-0.050171564429374454,0.4692429413041202,0.43702609754270166,4.187002227545615
13.894193887710571,0.05108140588531643,-0.0429392091140513,0.4856801062605376,0.4357111243151565,4.085420342750847
13.914179801940918,0.05108140588531643,-0.04030926173807195,0.4994873247075339,0.436368610929056,3.9812085237829122
13.93479299545288,0.05141014928136732,-0.03866554463116709,0.5037609875389086,0.4357111243151565,3.8792979286945184
13.956507921218872,0.05075266248917672,-0.035378110424457765,0.5626060363007601,0.436039867622138,3.7596351854049628
13.979613542556763,0.05141014928136732,-0.03373439332464789,0.5438676690155195,0.436039867622138,3.6429311561525406
14.002238035202026,0.05173889267732945,-0.031104445969858924,0.5882480122963996,0.43669735423591055,3.53740443025737
14.026137828826904,0.05141014928136732,-0.031104445969858924,0.5905492152543179,0.436368610929056,3.427604051718036
14.050390720367432,0.05173889267732945,-0.02847449862109938,0.6533391806950768,0.436039867622138,3.3164887137428347
14.073442697525024,0.05173889267732945,-0.022885860524954532,0.6756937229244573,0.436368610929056,3.207345851426953
14.09703516960144,0.052725122864683366,-0.023872090775245325,0.6707625739224605,0.436039867622138,3.1110239989186974
14.118143796920776,0.05042391909294819,-0.02617329469587215,0.723032752808461,0.436039867622138,3.019304564742347
14.139737844467163,0.05206763607320282,-0.024858321026379693,0.7029794138769276,0.436368610929056,2.932845034039665
14.164139032363892,0.05206763607320282,-0.024858321026379693,0.718759090427286,0.4357111243151565,2.845728023470973
14.186650514602661,0.05239637946898745,-0.024200834192196347,0.7355249966488904,0.4357111243151565,2.756309815797497
14.210019826889038,0.05042391909294819,-0.028803242039364962,0.7200740634684524,0.436039867622138,2.6800413497842777
14.232734441757202,0.05075266248917672,-0.023214603941624418,0.713170454994307,0.436039867622138,2.5988417379304583
14.255049228668213,0.052725122864683366,-0.023872090775245325,0.7121842252106634,0.436039867622138,2.5199433342672224
14.278314590454102,0.05042391909294819,-0.023872090775245325,0.697390778406783,0.436039867622138,2.4486060312862237
14.302465200424194,0.05108140588531643,-0.024529577609241127,0.7039656436643973,0.436368610929056,2.375625015009263
14.326253414154053,0.05206763607320282,-0.023872090775245325,0.7079105628101579,0.436368610929056,2.3046164616724036
14.349234104156494,0.05239637946898745,-0.024858321026379693,0.6918021429232721,0.436039867622138,2.232950424547546
14.36823582649231,0.053711353051239086,-0.024858321026379693,0.6704338306552775,0.436039867622138,2.1777215536908314
14.38774561882019,0.05173889267732945,-0.024529577609241127,0.6684613710511702,0.4357111243151565,2.1293962928803105
14.406989812850952,0.05239637946898745,-0.02551580786093824,0.6632014787650629,0.436039867622138,2.0804135465869162
14.426522970199585,0.05239637946898745,-0.02551580786093824,0.635915787329631,0.436368610929056,2.037676923119057
14.445128440856934,0.0530538662602906,-0.026502038113479925,0.6470930585612433,0.4357111243151565,1.995597786859637
14.464126348495483,0.05239637946898745,-0.025844551278358247,0.6230947996687799,0.436368610929056,1.9614084891240735
14.48365592956543,0.052725122864683366,-0.029131985457724635,0.6043564329472586,0.436039867622138,1.9222880431657128
14.503649234771729,0.05141014928136732,-0.028145755202927836,0.6194786236478649,0.436368610929056,1.8930298948281115
14.52564811706543,0.05239637946898745,-0.029789472294726144,0.5816731466878945,0.4357111243151565,1.8657442061610476
14.549274682998657,0.05239637946898745,-0.030775702550934453,0.5626060363007601,0.436368610929056,1.8404309771048872
14.572245359420776,0.05206763607320282,-0.03274816306589473,0.527101761289427,0.436039867622138,1.8193914102284525
14.595892429351807,0.05206763607320282,-0.03274816306589473,0.48600884955812207,0.436368610929056,1.8039404783759307
14.617888450622559,0.052725122864683366,-0.03373439332464789,0.4856801062605376,0.436039867622138,1.7944069247091503
14.63940954208374,0.05239637946898745,-0.03439188016428854,0.47877649699732544,0.436368610929056,1.788818289811227
14.6599862575531,0.05206763607320282,-0.03406313674442102,0.4429434770541236,0.436368610929056,1.786188343979477
14.681490421295166,0.05141014928136732,-0.03439188016428854,0.41730149902225167,0.436039867622138,1.7845446278354604
14.703493118286133,0.0530538662602906,-0.033405649904969165,0.38245470773073226,0.436039867622138,1.7858596007506229
14.726696968078613,0.05206763607320282,-0.03406313674442102,0.3183497595022547,0.43669735423591055,1.787832060124129
14.75074577331543,0.052725122864683366,-0.03307690648538475,0.24898491503097536,0.436039867622138,1.7901332627277156
14.774393796920776,0.0530538662602906,-0.03307690648538475,0.1930985450032275,0.436368610929056,1.791776978873905
14.796019077301025,0.05173889267732945,-0.03406313674442102,0.17041525298992774,0.436368610929056,1.7914482356446157
14.820034503936768,0.05206763607320282,-0.037021827526629913,0.17107273972033982,0.436039867622138,1.788818289811227
14.842906713485718,0.052725122864683366,-0.037021827526629913,0.18586619106938754,0.436368610929056,1.7815859387778241
14.867096424102783,0.05206763607320282,-0.03965177489502569,0.18159252736304096,0.436039867622138,1.77106615547816
14.891628742218018,0.05206763607320282,-0.043596695958995624,0.1737026866387538,0.4357111243151565,1.7589026560690695
14.91696286201477,0.05009517569663083,-0.04458292622712487,0.17403143000319204,0.436039867622138,1.7513415618581751
14.941652774810791,0.05141014928136732,-0.04195297884734722,0.17107273972033982,0.436039867622138,1.752985277989928
14.967344999313354,0.05009517569663083,-0.04096674858149746,0.16942902289370254,0.436368610929056,1.7549577373487988
14.989717721939087,0.05042391909294819,-0.041624235425302386,0.16975776625919192,0.436368610929056,1.759231399295912
15.013694524765015,0.05173889267732945,-0.03965177489502569,0.1648266157683354,0.436039867622138,1.772709871617065
15.03822112083435,0.05075266248917672,-0.03735057094734806,0.16285415556687427,0.436368610929056,1.7799422226355734
15.06011152267456,0.05141014928136732,-0.037021827526629913,0.1608816953624813,0.436368610929056,1.7950644111682208
15.082770586013794,0.05075266248917672,-0.03735057094734806,0.15923797852324412,0.43538238100811155,1.8065704242189569
15.108439922332764,0.05173889267732945,-0.03735057094734806,0.16055295199479708,0.4357111243151565,1.8177476940710684
15.129095315933228,0.05141014928136732,-0.03767931436816083,0.15956672189125481,0.436039867622138,1.8351710853748633
15.14931344985962,0.05173889267732945,-0.03932303147364474,0.15989546525918386,0.436039867622138,1.8473345850118255
15.170308589935303,0.05009517569663083,-0.04030926173807195,0.15759426168196497,0.436039867622138,1.8631142602767874
15.19119381904602,0.05173889267732945,-0.04195297884734722,0.15430682799326992,0.436039867622138,1.8828388544570773
15.211808204650879,0.05141014928136732,-0.040638005159737284,0.15299185451549702,0.4357111243151565,1.8996047596001344
15.23268437385559,0.04910894550714545,-0.03965177489502569,0.1533205978850633,0.4357111243151565,1.9180143810323587
15.256142377853394,0.05173889267732945,-0.040638005159737284,0.15463557136250808,0.436039867622138,1.9413551512167742
15.279501914978027,0.05108140588531643,-0.040638005159737284,0.1621966688324026,0.4357111243151565,1.963709691843453
15.302938461303711,0.05108140588531643,-0.041624235425302386,0.1562792882074696,0.4373548408494295,1.9913241246199935
15.326940298080444,0.049766432300224595,-0.04425418280432003,0.15890923515515173,0.436039867622138,2.0205822739332646
15.348233699798584,0.05141014928136732,-0.04392543938161031,0.15825174841872183,0.436368610929056,2.05345659939126
15.36792254447937,0.05141014928136732,-0.042610465691721666,0.1621966688324026,0.4357111243151565,2.082057262888958
15.387065887451172,0.05141014928136732,-0.041624235425302386,0.15890923515515173,0.43669735423591055,2.113287872844156
15.406068801879883,0.05108140588531643,-0.040638005159737284,0.15825174841872183,0.436039867622138,2.1432035101458395
15.424578189849854,0.05075266248917672,-0.03965177489502569,0.15989546525918386,0.436039867622138,2.1764065805932176
15.443583726882935,0.04680774172856603,-0.038336801210070326,0.16252541219967917,0.436039867622138,2.2105958814010513
15.462984085083008,0.0487802021104725,-0.03965177489502569,0.16186792546504455,0.436039867622138,2.24971633207347
15.482143640518188,0.05075266248917672,-0.03800805778906824,0.1608816953624813,0.4357111243151565,2.2862068371956354
15.501233100891113,0.05108140588531643,-0.038336801210070326,0.161539182097605,0.436039867622138,2.33223089873897
15.523215532302856,0.05075266248917672,-0.037021827526629913,0.16745656269906428,0.4357111243151565,2.379898678035011
15.545767307281494,0.05108140588531643,-0.035706853844703124,0.15923797852324412,0.436039867622138,2.433483838452676
15.56788420677185,0.05141014928136732,-0.03472062358425049,0.1641691290348405,0.436039867622138,2.4887127173405332
15.589576959609985,0.04910894550714545,-0.036693084106006385,0.15890923515515173,0.436039867622138,2.54525657163208
15.610556840896606,0.05108140588531643,-0.03735057094734806,0.15726551831346386,0.436039867622138,2.600814198079046
15.631191968917847,0.05141014928136732,-0.033405649904969165,0.15956672189125481,0.436039867622138,2.6534131364394145
15.651709794998169,0.04910894550714545,-0.03011821571336812,0.1566080315762162,0.436039867622138,2.708970767378607
15.672257900238037,0.05108140588531643,-0.03307690648538475,0.1562792882074696,0.436039867622138,2.7678158347876898
15.693283557891846,0.05206763607320282,-0.03373439332464789,0.15430682799326992,0.436368610929056,2.830934569521097
15.714378118515015,0.05042391909294819,-0.03636434068547742,0.15595054483864113,0.43702609754270166,2.8993132027396675
15.735987901687622,0.05009517569663083,-0.035049367004306886,0.1562792882074696,0.4373548408494295,2.9588157668453117
15.75893521308899,0.05173889267732945,-0.03439188016428854,0.15529305810073848,0.436039867622138,3.02883812560629
15.78049612045288,0.05206763607320282,-0.03406313674442102,0.15858049178697764,0.436368610929056,3.095901797710669
15.804482460021973,0.05173889267732945,-0.035049367004306886,0.15890923515515173,0.43669735423591055,3.1757864720320654
15.828122615814209,0.05141014928136732,-0.035706853844703124,0.1566080315762162,0.436039867622138,3.2553424096985264
15.850446939468384,0.049766432300224595,-0.03735057094734806,0.1566080315762162,0.436368610929056,3.334240867341362
15.872589111328125,0.05141014928136732,-0.03800805778906824,0.15463557136250808,0.4357111243151565,3.410838126984272
15.893410205841064,0.05108140588531643,-0.03767931436816083,0.15200562440630544,0.436039867622138,3.4818467517796226
15.91239857673645,0.05141014928136732,-0.042610465691721666,0.15364934125454754,0.4357111243151565,3.5531841266480293
15.931063890457153,0.05173889267732945,-0.03998051831650143,0.15562180146973076,0.4357111243151565,3.6166316592066865
15.950180530548096,0.05108140588531643,-0.04030926173807195,0.14082834978365144,0.4373548408494295,3.6896127655660647
15.96917724609375,0.05042391909294819,-0.04030926173807195,0.15134813766643368,0.436039867622138,3.7573339790083113
15.988582849502563,0.05108140588531643,-0.04096674858149746,0.15003316418570356,0.43669735423591055,3.824068967628927
16.00758457183838,0.05141014928136732,-0.040638005159737284,0.15134813766643368,0.436039867622138,3.8911327066616073
16.02768874168396,0.05075266248917672,-0.040638005159737284,0.14871819070365688,0.436368610929056,3.9591826841283493
16.047113180160522,0.04910894550714545,-0.042610465691721666,0.1526631111458486,0.4357111243151565,4.0347937786783605
16.069246768951416,0.0487802021104725,-0.04195297884734722,0.1506906509262331,0.436039867622138,4.116322273526174
16.091063499450684,0.05042391909294819,-0.04458292622712487,0.15167688103641064,0.436368610929056,4.194234595408378
16.112980365753174,0.05108140588531643,-0.045569156496110014,0.15101939429637448,0.4373548408494295,4.268859487233284
16.136492013931274,0.05009517569663083,-0.04754161703665025,0.1506906509262331,0.436368610929056,4.355319175851908
16.161009073257446,0.05009517569663083,-0.04885659073224932,0.14740321722029226,0.436368610929056,4.439806413089719
16.184723138809204,0.05075266248917672,-0.05773266321752854,0.14641698710690304,0.436368610929056,4.524622407737602
16.207722902297974,0.0487802021104725,-0.05444522895558723,0.15134813766643368,0.436368610929056,4.607137206366228
16.231422901153564,0.04779397191991984,-0.05543145923316328,0.14806070396213938,0.43669735423591055,4.691953228385939
16.25593662261963,0.04680774172856603,-0.05970512377929818,0.14806070396213938,0.436368610929056,4.774468054347459
16.279937267303467,0.04089036056358644,-0.05970512377929818,0.13786965942635615,0.436368610929056,4.857969127538559
16.303449153900146,0.03891790016882428,-0.06299255805660403,0.14838944733293932,0.436368610929056,4.940483982009049
16.32446575164795,0.03826041336985364,-0.06627999234354087,0.14806070396213938,0.436039867622138,5.013794004464766
16.347157955169678,0.03497297936961839,-0.0689099397800392,0.14773196059125704,0.436039867622138,5.078227935308448
16.368251085281372,0.029713084950542104,-0.0721973740843663,0.14641698710690304,0.43669735423591055,5.152195469440005
16.390238523483276,0.02675439432966914,-0.07318360437755334,0.14773196059125704,0.436368610929056,5.217944399159293
16.413254976272583,0.020508269661538098,-0.07614229526235364,0.1460882437356083,0.436368610929056,5.28566580728341
16.432796716690063,0.019522039447787562,-0.07745726899145719,0.14345829676227684,0.436368610929056,5.34319613823989
16.45448923110962,0.017220835612521246,-0.07745726899145719,0.14543075699277114,0.436368610929056,5.394480325677246
16.47572684288025,0.01228968452192132,-0.08008721645433423,0.1460882437356083,0.43669735423591055,5.450695692339235
16.494348526000977,0.009659737265201487,-0.0807447033210274,0.1460882437356083,0.43669735423591055,5.495076250470132
16.514397859573364,0.009330993857699879,-0.08107344675452019,0.14510201362122868,0.436368610929056,5.53715559901289
16.53258991241455,0.006701046594389332,-0.0820596770555837,0.145759500364231,0.436368610929056,5.5759475024029745
16.551931619644165,0.004071099325208605,-0.08403213766034548,0.145759500364231,0.436368610929056,5.609479489772746
16.570930242538452,0.0014411520501466657,-0.08370339422597439,0.145759500364231,0.4357111243151565,5.64005277488696
16.59046506881714,-0.000531308410016057,-0.08304590735752523,0.14543075699277114,0.436368610929056,5.672927277704065
16.609557151794434,-0.0018462820519681566,-0.08370339422597439,0.14510201362122868,0.43669735423591055,5.693966960981991
16.632999420166016,-0.003161255695396853,-0.08370339422597439,0.1460882437356083,0.43669735423591055,5.721252801958503
16.656283855438232,-0.003161255695396853,-0.08468962452938075,0.14510201362122868,0.436039867622138,5.742949978109178
16.68006944656372,-0.003161255695396853,-0.08304590735752523,0.1460882437356083,0.436368610929056,5.760373468949726
16.704068660736084,-0.0011887952308076155,-0.0820596770555837,0.14543075699277114,0.43669735423591055,5.770235822612896
16.72616934776306,-0.0025037688734978747,-0.083374650791701,0.1467457304781153,0.436368610929056,5.784371863315164
16.74719548225403,-0.0025037688734978747,-0.08370339422597439,0.1467457304781153,0.43669735423591055,5.789303040429804
16.76920461654663,-0.0028325122844012063,-0.08403213766034548,0.15397808462394974,0.436039867622138,5.789303040429804
16.79212784767151,-0.0025037688734978747,-0.08436088109481427,0.1608816953624813,0.43669735423591055,5.7919330015841926
16.812430381774902,-0.003489999106484898,-0.08436088109481427,0.1648266157683354,0.436368610929056,5.780426921670218
16.83393430709839,-0.006777433222450474,-0.08436088109481427,0.16647033260065008,0.436039867622138,5.774180764150636
16.85457682609558,-0.005791202986689392,-0.08468962452938075,0.16581284586796796,0.436368610929056,5.7577435080165404
16.87530255317688,-0.012037327827267047,-0.08567585483366671,0.16811404943093466,0.436039867622138,5.744922448729997
16.899309158325195,-0.007763663459045028,-0.09060700636831173,0.16712781933300738,0.436039867622138,5.717307860973525
16.922827005386353,-0.006119946398517179,-0.08370339422597439,0.16942902289370254,0.43669735423591055,5.681474648896431
16.94304609298706,-0.004147485928938183,-0.083374650791701,0.1700865096246003,0.436368610929056,5.643011480025865
16.964405298233032,-0.002175025462686858,-0.0807447033210274,0.1700865096246003,0.43669735423591055,5.598302160330252
16.985702753067017,-0.000531308410016057,-0.0794297295880308,0.1730451999096351,0.436368610929056,5.552935355864506
17.007612705230713,0.0034136125069949286,-0.07778601242397618,0.17403143000319204,0.436039867622138,5.49343252600762
17.02936887741089,0.007029790002623937,-0.07679978212671099,0.1737026866387538,0.436368610929056,5.425053594304595
17.05099368095398,0.01228968452192132,-0.075484808398385,0.1773188636431393,0.436368610929056,5.351086012816977
17.07099413871765,0.016892092207119264,-0.07285486094639404,0.17764760700669102,0.43669735423591055,5.2817208705918866
17.08951425552368,0.02248073008658781,-0.0708824003614737,0.17896258046009328,0.436368610929056,5.204465867753194
17.108511447906494,0.0280693679398491,-0.0666087357727651,0.18225001408797536,0.436368610929056,5.128525857169051
17.127918004989624,0.03464423596910102,-0.0666087357727651,0.19375603172257544,0.43669735423591055,5.042394778752493
17.147046089172363,0.03497297936961839,-0.06299255805660403,0.22334293376711667,0.4376835841560938,4.956263716797061
17.166072607040405,0.042862820955127695,-0.06266381462844045,0.22827408404644867,0.4357111243151565,4.863886526979268
17.186622619628906,0.04680774172856603,-0.05806140664425011,0.2798867892758238,0.436039867622138,4.763290746433118
17.208709716796875,0.04779397191991984,-0.0603626106339899,0.3364306426031194,0.436368610929056,4.649873959867429
17.23324680328369,0.05141014928136732,-0.05050030785389431,0.4143428092242123,0.436039867622138,4.5200199890753625
17.255279302597046,0.05141014928136732,-0.03899428805235855,0.4574081824408103,0.43669735423591055,4.398384653126334
17.276609182357788,0.05239637946898745,-0.035378110424457765,0.4981723515266361,0.4357111243151565,4.278064320374249
17.299301385879517,0.05173889267732945,-0.03406313674442102,0.5484700750322125,0.436039867622138,4.16366140459314
17.321412086486816,0.05141014928136732,-0.032090676227197606,0.6050139195017482,0.436368610929056,4.0407111690703905
17.34396266937256,0.05173889267732945,-0.031104445969858924,0.6635302220333075,0.436368610929056,3.9187471894131742
17.367738008499146,0.05108140588531643,-0.028145755202927836,0.6599140460799466,0.436039867622138,3.8046730835667946
17.392103672027588,0.05206763607320282,-0.02617329469587215,0.7010069543007491,0.436039867622138,3.6863253281846546
17.414251804351807,0.05206763607320282,-0.02551580786093824,0.7342100236160505,0.436039867622138,3.570278798106566
17.43618607521057,0.05173889267732945,-0.022557117108378294,0.7279639017004618,0.4357111243151565,3.4746143915579286
17.45770287513733,0.05173889267732945,-0.023543347358388006,0.7105405089036847,0.4357111243151565,3.3740188424988826
17.47871971130371,0.05075266248917672,-0.02222837369189573,0.7457160376297758,0.436039867622138,3.278354459104233
17.50023365020752,0.052725122864683366,-0.021899630275506787,0.7634681734335027,0.4357111243151565,3.192223648664571
17.524213552474976,0.05239637946898745,-0.022885860524954532,0.7381549427124716,0.43538238100811155,3.096888028217012
17.54517674446106,0.05239637946898745,-0.022557117108378294,0.7401274022583275,0.4357111243151565,3.0104284909151486
17.566540956497192,0.05173889267732945,-0.022557117108378294,0.7680705789921654,0.4357111243151565,2.9282426257603658
17.587612867355347,0.052725122864683366,-0.023872090775245325,0.7825352821237324,0.4357111243151565,2.8503304314057094
17.607823610305786,0.05239637946898745,-0.024529577609241127,0.7713580115290721,0.4357111243151565,2.771432012207348
17.627357959747314,0.05239637946898745,-0.025187064443612045,0.780562822610466,0.4357111243151565,2.701738412918032
17.64636492729187,0.05141014928136732,-0.025844551278358247,0.786151457894257,0.43538238100811155,2.6356609945110208
17.665446043014526,0.05173889267732945,-0.02617329469587215,0.8045610799235543,0.4357111243151565,2.5689260926892126
17.684937477111816,0.054040096446580366,-0.03373439332464789,0.8183682963646577,0.436039867622138,2.5061361140712948
17.703956842422485,0.05239637946898745,-0.028145755202927836,0.8331617424766535,0.4357111243151565,2.4433461381102664
17.72354769706726,0.05206763607320282,-0.029460728876178344,0.8318467694920091,0.4357111243151565,2.383186111139158
17.742076873779297,0.05141014928136732,-0.02617329469587215,0.8183682963646577,0.43538238100811155,2.3269710059313873
17.761589288711548,0.05173889267732945,-0.023872090775245325,0.7969999851766121,0.4357111243151565,2.273714592119417
17.78225827217102,0.05206763607320282,-0.025187064443612045,0.7743167008087497,0.436039867622138,2.2211156663800087
17.80315899848938,0.05075266248917672,-0.025844551278358247,0.7795765928532825,0.4357111243151565,2.170489201664059
17.824671030044556,0.05173889267732945,-0.025187064443612045,0.7358537399069909,0.436039867622138,2.1264376034773456
17.84669041633606,0.05042391909294819,-0.02551580786093824,0.6914733996591176,0.4357111243151565,2.082386006149501
17.867881298065186,0.05206763607320282,-0.02847449862109938,0.6214510832964055,0.4357111243151565,2.0462242477543393
17.889461278915405,0.05173889267732945,-0.026502038113479925,0.5967953375555279,0.436039867622138,2.0126924358849654
17.910337448120117,0.05239637946898745,-0.026502038113479925,0.5566886571775908,0.4357111243151565,1.981461827168928
17.930922746658325,0.052725122864683366,-0.027817011784850326,0.5524149944663455,0.4357111243151565,1.9548336242215174
17.95097851753235,0.05239637946898745,-0.02847449862109938,0.5560311706072418,0.4357111243151565,1.9291916512395835
17.971473217010498,0.05206763607320282,-0.032090676227197606,0.520198152182465,0.436368610929056,1.9074945973439472
17.993297815322876,0.05206763607320282,-0.031761932807990445,0.5008022978874833,0.436039867622138,1.8857975435938787
18.01638913154602,0.05239637946898745,-0.032419419646499026,0.4462309101071964,0.43538238100811155,1.8677166655755302
18.03881335258484,0.05239637946898745,-0.03472062358425049,0.4199314455049984,0.436039867622138,1.8539094496971742
18.05836796760559,0.05141014928136732,-0.03274816306589473,0.40678171304975275,0.436039867622138,1.8427321797391023
18.078052282333374,0.049766432300224595,-0.03439188016428854,0.40513799648551996,0.436039867622138,1.8328698827452898
18.10003900527954,0.05141014928136732,-0.03373439332464789,0.36075764862348936,0.436368610929056,1.8256375316328317
18.12116265296936,0.05206763607320282,-0.03472062358425049,0.34070430585042566,0.436039867622138,1.8203776399232143
18.143484830856323,0.05239637946898745,-0.03439188016428854,0.328869546059639,0.436039867622138,1.8167614643769685
18.1651771068573,0.052725122864683366,-0.03406313674442102,0.3183497595022547,0.436368610929056,1.8147890049895086
18.187897443771362,0.05108140588531643,-0.03472062358425049,0.2992826461806637,0.436368610929056,1.8141315185272404
18.212865591049194,0.05239637946898745,-0.03373439332464789,0.2608196754581916,0.43669735423591055,1.8151177482206833
18.236686944961548,0.05141014928136732,-0.03472062358425049,0.21841178347035645,0.436368610929056,1.8157752346831153
18.260685682296753,0.05075266248917672,-0.035049367004306886,0.18487996098450818,0.436039867622138,1.8134740320650817
18.286253452301025,0.05206763607320282,-0.03439188016428854,0.18192127072554826,0.436039867622138,1.8161039779143722
18.310296058654785,0.05206763607320282,-0.035378110424457765,0.17994881054930092,0.436039867622138,1.8134740320650817
18.33590531349182,0.05075266248917672,-0.03636434068547742,0.17896258046009328,0.436039867622138,1.807227910679981
18.361185312271118,0.05173889267732945,-0.0412954920033525,0.18290750081258914,0.436039867622138,1.7993380731547246
18.384800910949707,0.05173889267732945,-0.03932303147364474,0.18225001408797536,0.4357111243151565,1.7907907491861141
18.410204648971558,0.05173889267732945,-0.03899428805235855,0.1773188636431393,0.43538238100811155,1.782900911692077
18.432305335998535,0.05206763607320282,-0.03965177489502569,0.18422247426085536,0.436039867622138,1.7753398174405908
18.455650568008423,0.05239637946898745,-0.04030926173807195,0.19638597859679258,0.436039867622138,1.7756685606686424
18.47955012321472,0.05206763607320282,-0.03998051831650143,0.196057235237793,0.4357111243151565,1.7759973038967187
18.50115966796875,0.05239637946898745,-0.03767931436816083,0.18981111140171747,0.43538238100811155,1.7805997090923986
18.524153232574463,0.05108140588531643,-0.037021827526629913,0.1940847750821303,0.43538238100811155,1.7845446278354604
18.546436548233032,0.05239637946898745,-0.035378110424457765,0.1921123149236097,0.436039867622138,1.7901332627277156
18.568037033081055,0.05206763607320282,-0.037021827526629913,0.19145482820346696,0.4357111243151565,1.7963793840866746
18.590692281723022,0.05075266248917672,-0.035049367004306886,0.18652367779224077,0.436039867622138,1.8029542486852352
18.6116943359375,0.05206763607320282,-0.035049367004306886,0.1852087043462146,0.4357111243151565,1.8085428836023505
18.6362247467041,0.05141014928136732,-0.035049367004306886,0.18652367779224077,0.436039867622138,1.8177476940710684
18.65656805038452,0.049766432300224595,-0.03636434068547742,0.19079734148300598,0.436039867622138,1.8253087884007713
18.675516843795776,0.05206763607320282,-0.03439188016428854,0.1934272883629412,0.436039867622138,1.837143544772758
18.696024894714355,0.05173889267732945,-0.035378110424457765,0.19244105828356178,0.4357111243151565,1.845033382374746
18.715027809143066,0.05108140588531643,-0.03406313674442102,0.18718116451477448,0.4357111243151565,1.8545669361663637
18.73581886291504,0.05206763607320282,-0.033405649904969165,0.17896258046009328,0.436039867622138,1.8641004899831557
18.75747585296631,0.05075266248917672,-0.033405649904969165,0.17173022645042826,0.43669735423591055,1.8752777600080257
18.77897357940674,0.05141014928136732,-0.03439188016428854,0.17041525298992774,0.436039867622138,1.8897424624469807
18.802011966705322,0.052725122864683366,-0.03767931436816083,0.16712781933300738,0.4357111243151565,1.898947273122343
18.824533462524414,0.05206763607320282,-0.037021827526629913,0.16548410250150505,0.436368610929056,1.9120970027033748
18.848555088043213,0.05206763607320282,-0.041624235425302386,0.161539182097605,0.436368610929056,1.9245892458553078
18.870063304901123,0.05239637946898745,-0.035378110424457765,0.15989546525918386,0.4357111243151565,1.9341227998731734
18.890069723129272,0.05042391909294819,-0.036693084106006385,0.16055295199479708,0.43538238100811155,1.9466150431138527
18.911588191986084,0.05173889267732945,-0.036693084106006385,0.15890923515515173,0.4357111243151565,1.9627234621063536
18.934103965759277,0.05206763607320282,-0.03636434068547742,0.15858049178697764,0.4357111243151565,1.9798181109304496
18.955796718597412,0.05173889267732945,-0.03800805778906824,0.16121043873008392,0.4357111243151565,1.9965840166081867
18.978726863861084,0.05009517569663083,-0.03735057094734806,0.15759426168196497,0.4357111243151565,2.020911017185786
19.001039028167725,0.05206763607320282,-0.038336801210070326,0.15792300505038429,0.4357111243151565,2.037676923119057
19.021073818206787,0.05239637946898745,-0.03899428805235855,0.16121043873008392,0.4357111243151565,2.0580590049892202
19.041621208190918,0.05173889267732945,-0.03932303147364474,0.15890923515515173,0.4357111243151565,2.0813997763680065
19.064141511917114,0.05173889267732945,-0.041624235425302386,0.15529305810073848,0.4357111243151565,2.105726777764188
19.085658311843872,0.05173889267732945,-0.03800805778906824,0.15726551831346386,0.436039867622138,2.1313687524844473
19.10891556739807,0.05173889267732945,-0.03735057094734806,0.15299185451549702,0.4357111243151565,2.155038267870652
19.130026817321777,0.05239637946898745,-0.036693084106006385,0.15463557136250808,0.43669735423591055,2.188241338501351
19.15227508544922,0.05009517569663083,-0.03636434068547742,0.15825174841872183,0.436368610929056,2.2214444096614896
19.174617528915405,0.05239637946898745,-0.03406313674442102,0.15200562440630544,0.4357111243151565,2.2493875887872585
19.199116468429565,0.05141014928136732,-0.03965177489502569,0.15562180146973076,0.4357111243151565,2.2865355804882475
19.22337245941162,0.049766432300224595,-0.03472062358425049,0.15825174841872183,0.436039867622138,2.325984776031708
19.247197151184082,0.05173889267732945,-0.031761932807990445,0.16384038566797104,0.436039867622138,2.362804025996965
19.271548986434937,0.05141014928136732,-0.03373439332464789,0.16252541219967917,0.4357111243151565,2.4042256831599103
19.296401739120483,0.05009517569663083,-0.03307690648538475,0.15825174841872183,0.4357111243151565,2.4420311648190283
19.32193350791931,0.05173889267732945,-0.03472062358425049,0.16515535913496088,0.4357111243151565,2.4798366473855014
19.346508979797363,0.05173889267732945,-0.033405649904969165,0.1641691290348405,0.4357111243151565,2.5202720776068
19.36707329750061,0.05141014928136732,-0.033405649904969165,0.1691002795281321,0.4357111243151565,2.5557763587198443
19.387697219848633,0.05141014928136732,-0.03439188016428854,0.16647033260065008,0.436039867622138,2.5879932071638954
19.407790422439575,0.05173889267732945,-0.035049367004306886,0.16384038566797104,0.436039867622138,2.6228400032660284
19.42885160446167,0.05206763607320282,-0.03636434068547742,0.16548410250150505,0.4357111243151565,2.6567005701561643
19.45358967781067,0.052725122864683366,-0.035049367004306886,0.17107273972033982,0.43538238100811155,2.7020671563017022
19.476085662841797,0.05108140588531643,-0.035706853844703124,0.16647033260065008,0.4357111243151565,2.7487487176635623
19.497697591781616,0.05173889267732945,-0.036693084106006385,0.16515535913496088,0.4357111243151565,2.7898416428774295
19.520606756210327,0.049766432300224595,-0.035049367004306886,0.16548410250150505,0.4357111243151565,2.834222003715624
19.542217254638672,0.05141014928136732,-0.035049367004306886,0.1641691290348405,0.436039867622138,2.875643675382901
19.56492257118225,0.05239637946898745,-0.03472062358425049,0.16548410250150505,0.436039867622138,2.9210102699327183
19.58529496192932,0.05141014928136732,-0.035378110424457765,0.16285415556687427,0.4357111243151565,2.967363096769019
19.60829186439514,0.05206763607320282,-0.03636434068547742,0.161539182097605,0.43538238100811155,3.0163458734579995
19.6312997341156,0.05108140588531643,-0.036693084106006385,0.15989546525918386,0.43538238100811155,3.066972369969244
19.653181076049805,0.05206763607320282,-0.03735057094734806,0.16022420862703127,0.4357111243151565,3.122201278225547
19.673546075820923,0.05173889267732945,-0.038336801210070326,0.1621966688324026,0.43538238100811155,3.171184062627458
19.697446823120117,0.05206763607320282,-0.03866554463116709,0.15923797852324412,0.4357111243151565,3.2260842334603126
19.719696283340454,0.05108140588531643,-0.03866554463116709,0.15989546525918386,0.43538238100811155,3.282628125488933
19.74242115020752,0.049437688903729474,-0.0449116696500248,0.16022420862703127,0.4357111243151565,3.3414732263211064
19.76474118232727,0.05042391909294819,-0.038336801210070326,0.15792300505038429,0.4357111243151565,3.3953871770443933
19.7854962348938,0.05141014928136732,-0.03998051831650143,0.15825174841872183,0.4357111243151565,3.450616105840112
19.809956550598145,0.05239637946898745,-0.03998051831650143,0.15397808462394974,0.436368610929056,3.507488756738121
19.832685232162476,0.05108140588531643,-0.03998051831650143,0.1562792882074696,0.43538238100811155,3.5696213107356507
19.852965116500854,0.05141014928136732,-0.04392543938161031,0.15397808462394974,0.4357111243151565,3.625836483030924
19.8769633769989,0.05173889267732945,-0.040638005159737284,0.15397808462394974,0.436039867622138,3.68566784071018
19.900573015213013,0.05173889267732945,-0.040638005159737284,0.1562792882074696,0.4383410707692326,3.7445129720802646
19.92494034767151,0.05042391909294819,-0.04425418280432003,0.1562792882074696,0.436039867622138,3.807303033915705
19.9479501247406,0.05141014928136732,-0.04951407758062101,0.15595054483864113,0.43538238100811155,3.87009310153309
19.970727920532227,0.05173889267732945,-0.05115779470322057,0.1404996064109505,0.4357111243151565,3.9309107119480036
19.99277138710022,0.049437688903729474,-0.0521440249779265,0.15233436777611808,0.436039867622138,3.9854821942518144
20.01589035987854,0.05009517569663083,-0.05378774210434861,0.15233436777611808,0.4357111243151565,4.0410399129827095
20.037575006484985,0.04746522852289095,-0.05543145923316328,0.15430682799326992,0.436039867622138,4.092323965447479
20.061204195022583,0.04352030775159314,-0.0531302552534928,0.15299185451549702,0.436039867622138,4.144265510161739
20.085341453552246,0.04450653794562165,-0.05444522895558723,0.15397808462394974,0.43538238100811155,4.199823243363304
20.10833978652954,0.044177794547701404,-0.055760202659213554,0.15496431473166428,0.4357111243151565,4.253079773621594
20.13188862800598,0.041547847361124504,-0.054116485529920044,0.15496431473166428,0.43669735423591055,4.304035100395814
20.156832695007324,0.042205334158304866,-0.054116485529920044,0.15299185451549702,0.4357111243151565,4.358277872656518
20.181355237960815,0.036287952970789614,-0.054116485529920044,0.15364934125454754,0.4357111243151565,4.407589488401388
20.2053542137146,0.03300051896516536,-0.054116485529920044,0.15430682799326992,0.436039867622138,4.4601885501084
20.227943658828735,0.031028058557472663,-0.05806140664425011,0.1526631111458486,0.436039867622138,4.506870221690611
20.249065160751343,0.030041828352409997,-0.05839015007106768,0.1533205978850633,0.436368610929056,4.549935711102236
20.27279543876648,0.028726854744397082,-0.05904763692499085,0.15233436777611808,0.436368610929056,4.595302413721912
20.294793605804443,0.030041828352409997,-0.0603626106339899,0.15101939429637448,0.436368610929056,4.639354143287318
20.317793607711792,0.027411881134939836,-0.06134884091674858,0.1526631111458486,0.436368610929056,4.682748388095665
20.339336395263672,0.026425650926898206,-0.0610200974890662,0.15200562440630544,0.436039867622138,4.723512682102653
20.362922191619873,0.023795703701473686,-0.0610200974890662,0.15233436777611808,0.4357111243151565,4.762962002086576
20.386919021606445,0.021494499874471315,-0.06562250548538201,0.1533205978850633,0.436039867622138,4.810629934657745
20.410864114761353,0.019193296043022334,-0.0652937620564473,0.15463557136250808,0.436368610929056,4.854024194619074
20.434240341186523,0.01820706582818113,-0.06595124891441317,0.1526631111458486,0.436368610929056,4.895774736351559
20.45560884475708,0.015905861990366935,-0.0685811963501387,0.15299185451549702,0.436039867622138,4.929635414653967
20.476118087768555,0.014590888366754748,-0.07055365693099264,0.15134813766643368,0.436039867622138,4.965139817852224
20.497119188308716,0.013933401554401537,-0.0708824003614737,0.1533205978850633,0.436039867622138,4.998343012208875
20.51714062690735,0.012947171335187316,-0.0708824003614737,0.15200562440630544,0.436368610929056,5.029902486312447
20.53868317604065,0.011632197708289924,-0.07186863065349786,0.15101939429637448,0.436368610929056,5.060804473506173
20.559738874435425,0.01097471089429293,-0.07384109124016286,0.15134813766643368,0.43669735423591055,5.092363951987329
20.580735445022583,0.009002250450106705,-0.07449857810316052,0.1506906509262331,0.436039867622138,5.119321008296678
20.601271629333496,0.008344763634645633,-0.07416983467161314,0.15101939429637448,0.4357111243151565,5.14693555549163
20.62327551841736,0.009002250450106705,-0.07449857810316052,0.15101939429637448,0.436039867622138,5.17159140267189
20.64550018310547,0.007029790002623937,-0.07712852555903546,0.15101939429637448,0.4357111243151565,5.199205953172429
20.66667652130127,0.004399842734177595,-0.07614229526235364,0.14970442081531538,0.436368610929056,5.217944399159293
20.68768811225891,-0.0011887952308076155,-0.07778601242397618,0.15233436777611808,0.43669735423591055,5.239970292854977
20.707687854766846,-0.005791202986689392,-0.07910098615502517,0.15134813766643368,0.436039867622138,5.262324932393124
20.728909730911255,-0.008749893696473665,-0.0794297295880308,0.15299185451549702,0.436039867622138,5.275474720905556
20.752522230148315,-0.017297222455880085,-0.08238842048946662,0.15299185451549702,0.436039867622138,5.290925722929418
20.77518653869629,-0.022557117108378294,-0.08468962452938075,0.1526631111458486,0.436039867622138,5.298158107049775
20.79518985748291,-0.023872090775245325,-0.08468962452938075,0.15430682799326992,0.436368610929056,5.302760533372843
20.815329790115356,-0.02551580786093824,-0.08370339422597439,0.15595054483864113,0.436368610929056,5.300788064942508
20.837850093841553,-0.026502038113479925,-0.08501836796404497,0.16581284586796796,0.436368610929056,5.294541914974084
20.860360383987427,-0.028145755202927836,-0.08534711139880696,0.17600389018812748,0.43669735423591055,5.280077146981283
20.88187289237976,-0.02617329469587215,-0.08468962452938075,0.1809350406377857,0.43669735423591055,5.254435059481043
20.90287494659424,-0.02617329469587215,-0.08436088109481427,0.18422247426085536,0.436039867622138,5.225834271397856
20.922890186309814,-0.025187064443612045,-0.08468962452938075,0.18586619106938754,0.436039867622138,5.1896723581579405
20.944403171539307,-0.023214603941624418,-0.08271716392344713,0.19145482820346696,0.43669735423591055,5.14693555549163
20.96681499481201,-0.022557117108378294,-0.08107344675452019,0.19178357156357811,0.43538238100811155,5.096637631536793
20.988039255142212,-0.019598426363403865,-0.08107344675452019,0.21085068631464088,0.436039867622138,5.032532442586898
21.01003670692444,-0.01532476196735591,-0.07877224272211694,0.2680520290046926,0.4357111243151565,4.971714707633009
21.031571626663208,-0.00842115028390475,-0.07647103869448371,0.2802155326153198,0.4357111243151565,4.8961034807893205
21.05332040786743,-0.0028325122844012063,-0.075484808398385,0.346292942386821,0.436368610929056,4.815232355982451
21.076944589614868,0.00538607296053345,-0.07416983467161314,0.3893583173851871,0.43538238100811155,4.722197704824328
21.101486682891846,0.011632197708289924,-0.07285486094639404,0.45379200610547255,0.4383410707692326,4.6229169303178335
21.123565196990967,0.025439420718042782,-0.06923868321003643,0.495213661866141,0.436039867622138,4.517390035572164
21.146409511566162,0.03793166997023388,-0.06627999234354087,0.5530724810379188,0.436039867622138,4.419424276840347
21.168853282928467,0.0487802021104725,-0.06430753177022186,0.5961378509984072,0.4357111243151565,4.320472303557036
21.19258975982666,0.05042391909294819,-0.05937638035209647,0.627039718957267,0.4357111243151565,4.213630491480557
21.215781688690186,0.05173889267732945,-0.05608894608535969,0.6313133815115277,0.4357111243151565,4.109089906607995
21.238308668136597,0.05173889267732945,-0.05115779470322057,0.6694476008534402,0.4357111243151565,4.010795473774429
21.25981831550598,0.049437688903729474,-0.04819910388425913,0.7049518734514546,0.436039867622138,3.9174322140176208
21.283328533172607,0.05075266248917672,-0.046226643342575896,0.714814171299476,0.4357111243151565,3.820781529613315
21.306328296661377,0.05108140588531643,-0.042281722269486954,0.7056093599759306,0.436039867622138,3.7195284464323213
21.328357219696045,0.04910894550714545,-0.03965177489502569,0.7052806167137153,0.4357111243151565,3.6294526638504254
21.34947395324707,0.052725122864683366,-0.03899428805235855,0.7154716578212277,0.4357111243151565,3.53740443025737
21.37149167060852,0.05075266248917672,-0.03800805778906824,0.7164578876035173,0.43538238100811155,3.448314900398257
21.396003484725952,0.05239637946898745,-0.035706853844703124,0.7417711185453459,0.43538238100811155,3.3480480981745537
21.417099714279175,0.05206763607320282,-0.03472062358425049,0.7394699157432161,0.4357111243151565,3.2553424096985264
21.440537452697754,0.05206763607320282,-0.032419419646499026,0.7490034701953949,0.43538238100811155,3.1600067827398797
21.465527534484863,0.0487802021104725,-0.032419419646499026,0.7595232543766866,0.4357111243151565,3.059082526187892
21.48686957359314,0.05173889267732945,-0.029460728876178344,0.78648020114588,0.4357111243151565,2.963089431798469
21.508866786956787,0.052725122864683366,-0.02715952494897722,0.786151457894257,0.43538238100811155,2.872356241067812
21.5303852558136,0.05206763607320282,-0.02748826836686677,0.7651118897053935,0.436039867622138,2.7822805445319925
21.550896883010864,0.05173889267732945,-0.026502038113479925,0.7637969166879648,0.4357111243151565,2.701738412918032
21.571764707565308,0.05042391909294819,-0.026830781531181624,0.7716867547825348,0.43538238100811155,2.6225112599023883
21.592304468154907,0.05173889267732945,-0.025187064443612045,0.7818777956194729,0.4357111243151565,2.5426266248722316
21.61537528038025,0.05075266248917672,-0.023872090775245325,0.7743167008087497,0.4357111243151565,2.458468331038853
21.639087438583374,0.052725122864683366,-0.02551580786093824,0.752290902756729,0.43538238100811155,2.3729950685372785
21.662176847457886,0.052725122864683366,-0.024200834192196347,0.7651118897053935,0.43538238100811155,2.2885080402451465
21.684035062789917,0.05075266248917672,-0.024529577609241127,0.7460447808865311,0.43538238100811155,2.2194719499734155
21.70717191696167,0.05206763607320282,-0.025187064443612045,0.769385552007426,0.436039867622138,2.146819686110535
21.726821899414062,0.052725122864683366,-0.024200834192196347,0.7374974561968382,0.4357111243151565,2.086330925279527
21.747827768325806,0.05206763607320282,-0.02617329469587215,0.714814171299476,0.4357111243151565,2.037019436609831
21.769344568252563,0.05239637946898745,-0.026502038113479925,0.7144854280385324,0.436039867622138,1.9847492596487588
21.790001153945923,0.05173889267732945,-0.02748826836686677,0.6747074931249184,0.4357111243151565,1.9416838944600732
21.813159942626953,0.05239637946898745,-0.028145755202927836,0.6168486774469326,0.4357111243151565,1.9005909893170685
21.834615468978882,0.05075266248917672,-0.030446959132104184,0.5866042958962839,0.4357111243151565,1.8660729493967179
21.85790991783142,0.05173889267732945,-0.029789472294726144,0.537950289834961,0.436039867622138,1.8381297744720935
21.88041853904724,0.05042391909294819,-0.030446959132104184,0.5178969491411453,0.4357111243151565,1.8164327211456563
21.900417804718018,0.05206763607320282,-0.031761932807990445,0.45280577619452816,0.436039867622138,1.8019680189947789
21.92150902748108,0.05206763607320282,-0.032090676227197606,0.4376835841560938,0.4357111243151565,1.792434465332561
21.943065643310547,0.05206763607320282,-0.032419419646499026,0.3975769002689195,0.4357111243151565,1.7868458304372614
21.9666268825531,0.05173889267732945,-0.03373439332464789,0.3554977554619403,0.436039867622138,1.785202114292991
21.98818612098694,0.05173889267732945,-0.03274816306589473,0.30980243287072473,0.4357111243151565,1.7845446278354604
22.010190725326538,0.05042391909294819,-0.030775702550934453,0.2772568425571998,0.4357111243151565,1.7858596007506229
22.03018832206726,0.05239637946898745,-0.03011821571336812,0.22761659734354206,0.43538238100811155,1.7891470330403105
22.05070972442627,0.05173889267732945,-0.030446959132104184,0.1940847750821303,0.436039867622138,1.7930919517913204
22.071182250976562,0.05239637946898745,-0.031104445969858924,0.18027755391220945,0.436039867622138,1.794078181479654
22.093910694122314,0.05206763607320282,-0.032419419646499026,0.17468891673182646,0.436039867622138,1.7937494382501837
22.11591362953186,0.05206763607320282,-0.03439188016428854,0.16844279279674823,0.4357111243151565,1.7934206950207392
22.136666774749756,0.05141014928136732,-0.035378110424457765,0.1737026866387538,0.436039867622138,1.78947577626942
22.159433841705322,0.05173889267732945,-0.03603559726504299,0.16055295199479708,0.4357111243151565,1.7858596007506229
22.18205714225769,0.05206763607320282,-0.03800805778906824,0.15890923515515173,0.4357111243151565,1.7796134794071985
22.20641565322876,0.05141014928136732,-0.03800805778906824,0.15956672189125481,0.436039867622138,1.7782985064939483
22.23042130470276,0.052725122864683366,-0.03800805778906824,0.15989546525918386,0.4357111243151565,1.776654790352946
22.252630710601807,0.05206763607320282,-0.03932303147364474,0.16384038566797104,0.4357111243151565,1.7773122768092724
22.275695323944092,0.05141014928136732,-0.03998051831650143,0.16055295199479708,0.43538238100811155,1.7789559929505234
22.29788374900818,0.05141014928136732,-0.040638005159737284,0.16022420862703127,0.436039867622138,1.7815859387778241
22.318891763687134,0.049437688903729474,-0.040638005159737284,0.16252541219967917,0.4357111243151565,1.7884895465821686
22.340497493743896,0.05173889267732945,-0.03899428805235855,0.16121043873008392,0.4357111243151565,1.8049267080668656
22.36301302909851,0.05239637946898745,-0.03800805778906824,0.161539182097605,0.4357111243151565,1.8157752346831153
22.385565996170044,0.05173889267732945,-0.03767931436816083,0.15792300505038429,0.4357111243151565,1.8315549098147323
22.407052278518677,0.05206763607320282,-0.03735057094734806,0.15792300505038429,0.4357111243151565,1.8430609229726782
22.429308891296387,0.05009517569663083,-0.037021827526629913,0.1648266157683354,0.4357111243151565,1.8611418008648737
22.450968027114868,0.05075266248917672,-0.037021827526629913,0.15792300505038429,0.436039867622138,1.879222678848927
22.474401712417603,0.05141014928136732,-0.035706853844703124,0.15726551831346386,0.43538238100811155,1.9009197325561125
22.49704623222351,0.05173889267732945,-0.03439188016428854,0.15693677494488095,0.43538238100811155,1.9262329620631975
22.521111011505127,0.05141014928136732,-0.03439188016428854,0.161539182097605,0.43538238100811155,1.9485875025776278
22.544893503189087,0.05141014928136732,-0.03439188016428854,0.1608816953624813,0.43505363770100314,1.9748869622207306
22.564831972122192,0.05141014928136732,-0.03439188016428854,0.1608816953624813,0.4357111243151565,2.0031588816075803
22.58533787727356,0.05141014928136732,-0.035049367004306886,0.15693677494488095,0.43538238100811155,2.023540963207429
22.605337381362915,0.05239637946898745,-0.035706853844703124,0.15562180146973076,0.43538238100811155,2.0514841398518624
22.62584686279297,0.05206763607320282,-0.035378110424457765,0.16186792546504455,0.43538238100811155,2.07416742464935
22.646852016448975,0.052725122864683366,-0.036693084106006385,0.15923797852324412,0.43538238100811155,2.1037543181821627
22.668362140655518,0.05108140588531643,-0.038336801210070326,0.15036190755600945,0.43538238100811155,2.135313671697927
22.688937664031982,0.05042391909294819,-0.04096674858149746,0.16055295199479708,0.4357111243151565,2.1665442823870933
22.71100401878357,0.05141014928136732,-0.03932303147364474,0.16186792546504455,0.4357111243151565,2.2027060427027387
22.733840942382812,0.05075266248917672,-0.03965177489502569,0.16285415556687427,0.43538238100811155,2.2398540335113695
22.75461196899414,0.05108140588531643,-0.03932303147364474,0.16647033260065008,0.436039867622138,2.2848918640257705
22.777111291885376,0.0487802021104725,-0.03998051831650143,0.15430682799326992,0.43538238100811155,2.3305871822349165
22.79713273048401,0.05075266248917672,-0.03932303147364474,0.16055295199479708,0.43538238100811155,2.382199881207235
22.821171760559082,0.05009517569663083,-0.040638005159737284,0.15726551831346386,0.436039867622138,2.4397299615620023
22.843815326690674,0.05108140588531643,-0.04326795253647597,0.1566080315762162,0.4357111243151565,2.5051498840622344
22.864869594573975,0.05141014928136732,-0.03767931436816083,0.15726551831346386,0.4357111243151565,2.567939862637256
22.886379718780518,0.049437688903729474,-0.03767931436816083,0.15397808462394974,0.4357111243151565,2.6333597909451525
22.905396938323975,0.04910894550714545,-0.03800805778906824,0.15529305810073848,0.4357111243151565,2.6981222357033148
22.92547297477722,0.05141014928136732,-0.036693084106006385,0.1506906509262331,0.4357111243151565,2.764528400779275
22.94660520553589,0.05108140588531643,-0.03603559726504299,0.15364934125454754,0.4357111243151565,2.8375094379195933
22.96727442741394,0.05173889267732945,-0.036693084106006385,0.15134813766643368,0.43538238100811155,2.9118054534948725
22.98919701576233,0.05173889267732945,-0.03406313674442102,0.15003316418570356,0.4357111243151565,2.9877451914846977
23.010706186294556,0.05173889267732945,-0.033405649904969165,0.15134813766643368,0.43538238100811155,3.0679586004463517
23.031387090682983,0.05338260965580917,-0.03439188016428854,0.15003316418570356,0.43702609754270166,3.149486990026894
23.05230951309204,0.05108140588531643,-0.03866554463116709,0.1460882437356083,0.43538238100811155,3.2306866431421404
23.072721242904663,0.05173889267732945,-0.03767931436816083,0.14740321722029226,0.4357111243151565,3.310571329291925
23.092952251434326,0.05108140588531643,-0.036693084106006385,0.14871819070365688,0.4357111243151565,3.3920997409244893
23.114102602005005,0.052725122864683366,-0.037021827526629913,0.14838944733293932,0.43538238100811155,3.471326955115391
23.133702754974365,0.05173889267732945,-0.036693084106006385,0.14773196059125704,0.4357111243151565,3.5535128703262995
23.154189109802246,0.05108140588531643,-0.0449116696500248,0.1526631111458486,0.4357111243151565,3.6327401009744746
23.17438840866089,0.05206763607320282,-0.03899428805235855,0.14838944733293932,0.4373548408494295,3.707036183939721
23.194945812225342,0.05206763607320282,-0.03735057094734806,0.14477327024960363,0.4357111243151565,3.785934687623439
23.215198278427124,0.05075266248917672,-0.03866554463116709,0.14312955339023842,0.43505363770100314,3.8641757127109577
23.235826015472412,0.05108140588531643,-0.03932303147364474,0.14312955339023842,0.4357111243151565,3.9430742347109495
23.255492210388184,0.05108140588531643,-0.04030926173807195,0.14773196059125704,0.436039867622138,4.025260205387142
23.275997400283813,0.05108140588531643,-0.03932303147364474,0.145759500364231,0.4357111243151565,4.101857539776142
23.298012256622314,0.04384905114969191,-0.04524041307301985,0.145759500364231,0.4357111243151565,4.180427347747448
23.32099413871765,0.04910894550714545,-0.04885659073224932,0.1460882437356083,0.4357111243151565,4.265900790898016
23.344630002975464,0.04845145871371059,-0.05050030785389431,0.1289935883140274,0.43538238100811155,4.350059270460394
23.365642070770264,0.04713648512577302,-0.05115779470322057,0.14477327024960363,0.4357111243151565,4.437176459982164
23.38931655883789,0.04319156435340507,-0.0531302552534928,0.14543075699277114,0.4357111243151565,4.524622407737602
23.413323163986206,0.03990413036660827,-0.0531302552534928,0.1460882437356083,0.4357111243151565,4.614040835535054
23.437867879867554,0.03563046617038364,-0.055102715807208824,0.14641698710690304,0.4357111243151565,4.704116767601644
23.458847284317017,0.029384341548583992,-0.05806140664425011,0.14740321722029226,0.43538238100811155,4.786302851242589
23.48363947868347,0.025768164121085055,-0.06134884091674858,0.1460882437356083,0.43538238100811155,4.864872760226566
23.507210969924927,0.019522039447787562,-0.06463627519886725,0.14345829676227684,0.4357111243151565,4.948373849335774
23.529746055603027,0.01623460539604213,-0.06627999234354087,0.14444452687789594,0.436039867622138,5.026615040990891
23.55300807952881,0.014262144960623765,-0.0689099397800392,0.14740321722029226,0.436039867622138,5.101568800298825
23.573786735534668,0.01327591474168334,-0.07153988722272625,0.1460882437356083,0.436368610929056,5.163701531422678
23.595711708068848,0.010645967487157279,-0.07285486094639404,0.1460882437356083,0.436039867622138,5.227806739480154
23.619605779647827,0.009330993857699879,-0.07581355183032076,0.14543075699277114,0.436039867622138,5.289939488740799
23.64414072036743,0.007029790002623937,-0.07745726899145719,0.145759500364231,0.4357111243151565,5.355359694942107
23.666329860687256,0.0037423559161477438,-0.07877224272211694,0.14510201362122868,0.436368610929056,5.412232545892507
23.688817977905273,0.0001261784104067687,-0.08107344675452019,0.14510201362122868,0.4357111243151565,5.46220176249692
23.71070623397827,-0.0018462820519681566,-0.08107344675452019,0.14477327024960363,0.436039867622138,5.509869770936374
23.734779596328735,-0.007106176634556011,-0.08238842048946662,0.145759500364231,0.4357111243151565,5.5562228052878035
23.758329391479492,-0.017625965870960575,-0.08238842048946662,0.14510201362122868,0.436039867622138,5.598302160330252
23.781854152679443,-0.013352301482185941,-0.08173093362179831,0.14543075699277114,0.4357111243151565,5.637422814782472
23.805856704711914,-0.016310992211198444,-0.08271716392344713,0.1441157835061056,0.436039867622138,5.672927277704065
23.8293673992157,-0.015982248796491072,-0.08896328918764715,0.14477327024960363,0.436039867622138,5.69922688198218
23.85051131248474,-0.017297222455880085,-0.08304590735752523,0.14378704013423257,0.436039867622138,5.724868997897388
23.87143874168396,-0.017625965870960575,-0.08370339422597439,0.14378704013423257,0.436039867622138,5.740977507498653
23.891950845718384,-0.017625965870960575,-0.08600459826862433,0.14378704013423257,0.436039867622138,5.758072253132185
23.91194796562195,-0.015982248796491072,-0.08534711139880696,0.1441157835061056,0.436039867622138,5.7662908811165865
23.93450117111206,-0.017625965870960575,-0.08403213766034548,0.1460882437356083,0.436368610929056,5.768263351859564
23.9546537399292,-0.01828345270140147,-0.08436088109481427,0.15167688103641064,0.436039867622138,5.768592096984401
23.974395036697388,-0.017625965870960575,-0.08304590735752523,0.15759426168196497,0.436039867622138,5.763332175021522
23.99636936187744,-0.017625965870960575,-0.08271716392344713,0.161539182097605,0.436039867622138,5.75675727267133
24.0157573223114,-0.025187064443612045,-0.08271716392344713,0.16548410250150505,0.4357111243151565,5.739991272197249
24.037392377853394,-0.01499601855292812,-0.0820596770555837,0.16647033260065008,0.43669735423591055,5.72026656670842
24.06078004837036,-0.013681044896148187,-0.08107344675452019,0.16745656269906428,0.436039867622138,5.692651980743256
24.084487199783325,-0.00973612393473694,-0.0794297295880308,0.16975776625919192,0.4357111243151565,5.657147516002105
24.108399152755737,-0.005791202986689392,-0.07877224272211694,0.17041525298992774,0.436039867622138,5.615725644600684
24.132206678390503,-0.0038187425176653134,-0.07679978212671099,0.17107273972033982,0.4357111243151565,5.57167381794419
24.155683040618896,0.0001261784104067687,-0.07647103869448371,0.17140148308542447,0.436039867622138,5.514472199637529
24.177287340164185,0.004399842734177595,-0.07614229526235364,0.17140148308542447,0.436039867622138,5.458256824120283
24.199387550354004,0.0020986388694641256,-0.07581355183032076,0.1727164565449546,0.436039867622138,5.4033564356888055
24.22291111946106,0.01228968452192132,-0.07416983467161314,0.1737026866387538,0.436039867622138,5.337278732405222
24.244909048080444,0.015905861990366935,-0.07285486094639404,0.1727164565449546,0.436039867622138,5.268571081885714
24.267061948776245,0.017220835612521246,-0.07055365693099264,0.17764760700669102,0.436368610929056,5.193946038655697
24.291621923446655,0.025768164121085055,-0.06923868321003643,0.17764760700669102,0.436039867622138,5.109458670432158
24.315798044204712,0.032671775564108343,-0.0689099397800392,0.178305093733553,0.436039867622138,5.017738938741894
24.33944606781006,0.036945439770836475,-0.0666087357727651,0.19507100516031856,0.4357111243151565,4.918129358644791
24.361969232559204,0.03990413036660827,-0.06562250548538201,0.23682141115622063,0.4357111243151565,4.822135988052159
24.382505893707275,0.042862820955127695,-0.06134884091674858,0.2844891960220672,0.43538238100811155,4.731402545846171
24.402990579605103,0.04680774172856603,-0.06397878834167287,0.3278833160729624,0.4357111243151565,4.6350804678640705
24.422633171081543,0.042862820955127695,-0.06299255805660403,0.3601001619792553,0.436039867622138,4.543032082790355
24.44364309310913,0.04779397191991984,-0.0603626106339899,0.40711045636240306,0.43505363770100314,4.43684771584462
24.466158628463745,0.05042391909294819,-0.057403919790902924,0.47483157740635273,0.4357111243151565,4.329348393463794
24.48886227607727,0.05108140588531643,-0.055760202659213554,0.5218418686388127,0.43505363770100314,4.220862859672285
24.51036024093628,0.05206763607320282,-0.0521440249779265,0.5816731466878945,0.43538238100811155,4.1081036747622095
24.53405499458313,0.05239637946898745,-0.046884130189422585,0.6378882469629399,0.43538238100811155,3.9946870230518368
24.556382656097412,0.05042391909294819,-0.045897899919295354,0.6871997372208576,0.4357111243151565,3.880941647843941
24.578945636749268,0.05206763607320282,-0.04425418280432003,0.7204028067286321,0.4357111243151565,3.773113680167029
24.601470947265625,0.05206763607320282,-0.04195297884734722,0.7549208488027255,0.436039867622138,3.665614473027032
24.62516760826111,0.05173889267732945,-0.03735057094734806,0.7703717817684357,0.43505363770100314,3.5528553829699008
24.6493821144104,0.05206763607320282,-0.03274816306589473,0.837764147918217,0.43505363770100314,3.4420687713750833
24.669944047927856,0.05239637946898745,-0.02748826836686677,0.8555162831254015,0.43505363770100314,3.343445687871764
24.689455270767212,0.05239637946898745,-0.025187064443612045,0.8601186885322896,0.43538238100811155,3.25468492258148
24.71111822128296,0.05173889267732945,-0.02222837369189573,0.8703097290514117,0.43505363770100314,3.1623079874116384
24.735441207885742,0.04845145871371059,-0.02222837369189573,0.8818157425005066,0.43538238100811155,3.0636849350526822
24.75501012802124,0.05239637946898745,-0.02222837369189573,0.8666935533872047,0.4357111243151565,2.9716367617570087
24.77701759338379,0.05239637946898745,-0.024858321026379693,0.8755696209190988,0.43538238100811155,2.889779643048765
24.800633430480957,0.05173889267732945,-0.023214603941624418,0.8709672155353589,0.43505363770100314,2.7970739978618355
24.82322359085083,0.05206763607320282,-0.024529577609241127,0.8989103909765728,0.436039867622138,2.7109432276932663
24.84776282310486,0.05206763607320282,-0.022885860524954532,0.8630773777187501,0.4357111243151565,2.6280998970952405
24.870460748672485,0.05108140588531643,-0.023214603941624418,0.9100876610855901,0.436039867622138,2.54525657163208
24.89310097694397,0.05206763607320282,-0.025844551278358247,0.8887193505498487,0.4357111243151565,2.4719468074689974
24.916189670562744,0.05239637946898745,-0.024200834192196347,0.9061427422278845,0.43538238100811155,2.402910709900738
24.937625408172607,0.0530538662602906,-0.024858321026379693,0.9324422011926439,0.436039867622138,2.339463251375071
24.962249755859375,0.0530538662602906,-0.024858321026379693,0.8864181478683937,0.43538238100811155,2.2783169981904017
24.986104488372803,0.052725122864683366,-0.026502038113479925,0.8423665533525269,0.43538238100811155,2.2214444096614896
25.011111736297607,0.049766432300224595,-0.025187064443612045,0.8410515803720322,0.4357111243151565,2.1714754314844407
25.034348964691162,0.05206763607320282,-0.024200834192196347,0.7976574716771758,0.43538238100811155,2.1254513736772185
25.058902978897095,0.05239637946898745,-0.025844551278358247,0.7723442412893362,0.43505363770100314,2.0830434926707215
25.08241319656372,0.05239637946898745,-0.025187064443612045,0.7614957139058511,0.43538238100811155,2.0468817342659316
25.105700254440308,0.05173889267732945,-0.024858321026379693,0.7282926449595739,0.43538238100811155,2.012034949381994
25.125224351882935,0.052725122864683366,-0.024858321026379693,0.7177728606459401,0.43505363770100314,1.983763029904406
25.1457417011261,0.052725122864683366,-0.025187064443612045,0.6763512094572448,0.43538238100811155,1.961079745878596
25.165828466415405,0.05239637946898745,-0.02847449862109938,0.6599140460799466,0.43538238100811155,1.9377389755428316
25.188866138458252,0.05206763607320282,-0.02617329469587215,0.634929557512298,0.4357111243151565,1.9176856377915708
25.209887742996216,0.05239637946898745,-0.026830781531181624,0.6023839732825325,0.4357111243151565,1.8973035569284384
25.232398986816406,0.05239637946898745,-0.028803242039364962,0.5734545646469421,0.436039867622138,1.8805376517969021
25.255515575408936,0.052725122864683366,-0.03011821571336812,0.557674887032698,0.436039867622138,1.8641004899831557
25.278079509735107,0.0530538662602906,-0.029789472294726144,0.5004735545925847,0.4357111243151565,1.852265733524723
25.301624298095703,0.05436883984183305,-0.029131985457724635,0.4600381288617931,0.43538238100811155,1.8397734906382301
25.326743841171265,0.05239637946898745,-0.03011821571336812,0.45642195253191853,0.43538238100811155,1.8269525045613537
25.34824252128601,0.05239637946898745,-0.032419419646499026,0.4189452155744528,0.4357111243151565,1.8157752346831153
25.372254610061646,0.05173889267732945,-0.03143318938887754,0.3722636648534425,0.43505363770100314,1.807556653910533
25.39546251296997,0.05239637946898745,-0.032419419646499026,0.34990911895850574,0.43538238100811155,1.799666816384639
25.417555570602417,0.05239637946898745,-0.03373439332464789,0.30684374287160354,0.4357111243151565,1.792434465332561
25.440189838409424,0.05108140588531643,-0.03439188016428854,0.25260109183855217,0.4357111243151565,1.787832060124129
25.463727474212646,0.05239637946898745,-0.035706853844703124,0.21183691638077268,0.43538238100811155,1.7815859387778241
25.48864459991455,0.0530538662602906,-0.03866554463116709,0.19145482820346696,0.43538238100811155,1.7750110742125638
25.512067794799805,0.05173889267732945,-0.03636434068547742,0.18290750081258914,0.4357111243151565,1.7681074664296685
25.53759527206421,0.05108140588531643,-0.03866554463116709,0.18290750081258914,0.43505363770100314,1.760217628976581
25.56063151359558,0.05239637946898745,-0.040638005159737284,0.1832362441747758,0.43538238100811155,1.7516703050844795
25.58239507675171,0.05108140588531643,-0.04195297884734722,0.1838937308989089,0.43505363770100314,1.7437804676595203
25.6033034324646,0.05141014928136732,-0.042610465691721666,0.1700865096246003,0.43538238100811155,1.7349044005720142
25.62432026863098,0.05173889267732945,-0.04326795253647597,0.16614158923434963,0.43538238100811155,1.731616968321485
25.64446759223938,0.05108140588531643,-0.04524041307301985,0.16647033260065008,0.4357111243151565,1.7332606844464753
25.666000843048096,0.05141014928136732,-0.045569156496110014,0.16614158923434963,0.43505363770100314,1.7322744547714153
25.688649892807007,0.05108140588531643,-0.04392543938161031,0.16679907596686933,0.43538238100811155,1.7358906302476018
25.712671041488647,0.05108140588531643,-0.042610465691721666,0.1635116423010202,0.4357111243151565,1.738849319275562
25.733041286468506,0.05141014928136732,-0.04096674858149746,0.16384038566797104,0.43538238100811155,1.748054129596402
25.75445318222046,0.05075266248917672,-0.03965177489502569,0.1635116423010202,0.43538238100811155,1.7635050612470233
25.776013135910034,0.05075266248917672,-0.04655538676595161,0.1621966688324026,0.4357111243151565,1.7736961013007027
25.798632621765137,0.05141014928136732,-0.03899428805235855,0.16285415556687427,0.43505363770100314,1.7891470330403105
25.820693254470825,0.05108140588531643,-0.03866554463116709,0.16679907596686933,0.43538238100811155,1.8013105325346068
25.843377351760864,0.05141014928136732,-0.04030926173807195,0.16252541219967917,0.4357111243151565,1.8161039779143722
25.86638617515564,0.05009517569663083,-0.03899428805235855,0.16745656269906428,0.43472489439383116,1.8351710853748633
25.887414932250977,0.05141014928136732,-0.03735057094734806,0.1641691290348405,0.43538238100811155,1.8578543685141113
25.907430410385132,0.05075266248917672,-0.03636434068547742,0.1608816953624813,0.4357111243151565,1.8752777600080257
25.926944494247437,0.04910894550714545,-0.037021827526629913,0.1621966688324026,0.43538238100811155,1.8966460704511061
25.94796061515808,0.05009517569663083,-0.03636434068547742,0.15890923515515173,0.4357111243151565,1.9259042188215503
25.970481872558594,0.04910894550714545,-0.036693084106006385,0.1608816953624813,0.4357111243151565,1.9525324215090842
25.993285179138184,0.05075266248917672,-0.03735057094734806,0.16548410250150505,0.4357111243151565,1.9798181109304496
26.017282247543335,0.05173889267732945,-0.03800805778906824,0.16318289893398794,0.43538238100811155,2.0067750573640075
26.040321826934814,0.05042391909294819,-0.03866554463116709,0.15825174841872183,0.4357111243151565,2.042608071943616
26.06301188468933,0.05108140588531643,-0.03899428805235855,0.15825174841872183,0.4357111243151565,2.0767973707263634
26.08686137199402,0.05141014928136732,-0.03767931436816083,0.161539182097605,0.4357111243151565,2.117561535291633
26.108468532562256,0.05173889267732945,-0.03735057094734806,0.15825174841872183,0.43505363770100314,2.15043586208118
26.130196571350098,0.05173889267732945,-0.03965177489502569,0.15890923515515173,0.43538238100811155,2.1846251624667765
26.154168367385864,0.05075266248917672,-0.04030926173807195,0.16121043873008392,0.436039867622138,2.227033045454956
26.175797939300537,0.05009517569663083,-0.03998051831650143,0.16318289893398794,0.43538238100811155,2.261879833702804
26.200828313827515,0.05009517569663083,-0.04096674858149746,0.16186792546504455,0.43538238100811155,2.3039589750807536
26.226349115371704,0.05075266248917672,-0.04096674858149746,0.15759426168196497,0.43538238100811155,2.3526129835175724
26.248668670654297,0.05075266248917672,-0.04030926173807195,0.15595054483864113,0.43538238100811155,2.399294533443457
26.27290415763855,0.05108140588531643,-0.04195297884734722,0.15529305810073848,0.43505363770100314,2.4469623146668424
26.2975971698761,0.05009517569663083,-0.042610465691721666,0.15036190755600945,0.43538238100811155,2.4989037606867055
26.321885347366333,0.05108140588531643,-0.0429392091140513,0.15397808462394974,0.4357111243151565,2.5524889252465806
26.3444504737854,0.05141014928136732,-0.04326795253647597,0.1621966688324026,0.43538238100811155,2.602786658230479
26.368149757385254,0.05009517569663083,-0.04326795253647597,0.15529305810073848,0.43538238100811155,2.6626179508671792
26.391668796539307,0.05042391909294819,-0.04655538676595161,0.15562180146973076,0.4357111243151565,2.7178468388190744
26.415668964385986,0.049766432300224595,-0.04754161703665025,0.14477327024960363,0.436368610929056,2.782609287937313
26.440492391586304,0.04910894550714545,-0.04655538676595161,0.15299185451549702,0.43538238100811155,2.845399280047778
26.46313238143921,0.05042391909294819,-0.046226643342575896,0.1533205978850633,0.43538238100811155,2.9127916838237575
26.48781943321228,0.05009517569663083,-0.04524041307301985,0.15003316418570356,0.43505363770100314,2.9854439872225775
26.510565280914307,0.05009517569663083,-0.043596695958995624,0.15200562440630544,0.43538238100811155,3.0574388087413733
26.53453779220581,0.05075266248917672,-0.046226643342575896,0.14806070396213938,0.4357111243151565,3.1392959409486725
26.55818510055542,0.05009517569663083,-0.045897899919295354,0.14740321722029226,0.43538238100811155,3.2214818238020495
26.57981848716736,0.0481227153168597,-0.04392543938161031,0.14707447384924502,0.4357111243151565,3.300380278388601
26.603818893432617,0.049766432300224595,-0.04326795253647597,0.1566080315762162,0.436368610929056,3.3871685867692194
26.626340627670288,0.05108140588531643,-0.045569156496110014,0.14838944733293932,0.43538238100811155,3.468368262328767
26.648489952087402,0.04450653794562165,-0.04326795253647597,0.14806070396213938,0.4357111243151565,3.5508829209041055
26.66965365409851,0.05141014928136732,-0.03899428805235855,0.14838944733293932,0.4357111243151565,3.6340550758282086
26.693756103515625,0.0487802021104725,-0.05050030785389431,0.14312955339023842,0.4357111243151565,3.718542215174904
26.71602153778076,0.05009517569663083,-0.049842821004949994,0.1411570931562695,0.436368610929056,3.802700620811762
26.74022126197815,0.05042391909294819,-0.05115779470322057,0.1441157835061056,0.43538238100811155,3.888174012149947
26.76256561279297,0.05206763607320282,-0.05345899867887288,0.14641698710690304,0.43538238100811155,3.9723324390545964
26.78574776649475,0.05173889267732945,-0.0531302552534928,0.14740321722029226,0.436039867622138,4.051888462186907
26.810288667678833,0.05173889267732945,-0.051486538128027004,0.13918463291931732,0.43505363770100314,4.134403191200814
26.83428430557251,0.05108140588531643,-0.05247276840301965,0.14510201362122868,0.43538238100811155,4.214945467508741
26.857519388198853,0.05108140588531643,-0.052801511828208414,0.1411570931562695,0.43538238100811155,4.289570362009419
26.881986141204834,0.05108140588531643,-0.05806140664425011,0.14082834978365144,0.436039867622138,4.363537778125898
26.906983137130737,0.05042391909294819,-0.05608894608535969,0.14148583652880473,0.4357111243151565,4.430930321402991
26.93259334564209,0.05009517569663083,-0.05970512377929818,0.13556845581047447,0.436039867622138,4.499637849768587
26.957698822021484,0.05042391909294819,-0.05608894608535969,0.12570615455326414,0.43538238100811155,4.5640717122169026
26.980775356292725,0.05009517569663083,-0.05608894608535969,0.1411570931562695,0.4357111243151565,4.617657022279763
27.004149913787842,0.05108140588531643,-0.05444522895558723,0.1326097654412039,0.43538238100811155,4.662694986620739
27.026610374450684,0.05239637946898745,-0.0521440249779265,0.14444452687789594,0.43538238100811155,4.713650352600458
27.049617290496826,0.05075266248917672,-0.04951407758062101,0.1349109690623309,0.4357111243151565,4.754414649154119
27.071141481399536,0.05108140588531643,-0.0521440249779265,0.1441157835061056,0.43505363770100314,4.801753836512906
27.09268283843994,0.05042391909294819,-0.05247276840301965,0.1404996064109505,0.4357111243151565,4.840874418457078
27.11519169807434,0.05009517569663083,-0.049842821004949994,0.1352397124364443,0.43538238100811155,4.881638725745232
27.136873960494995,0.04779397191991984,-0.049185334156387484,0.138198402799721,0.4357111243151565,4.915499403025423
27.15951180458069,0.05502632663207267,-0.049842821004949994,0.1424720666459133,0.4357111243151565,4.9552774833570306
27.18203568458557,0.05042391909294819,-0.04951407758062101,0.1404996064109505,0.436039867622138,4.996699289659298
27.20366883277893,0.05108140588531643,-0.051486538128027004,0.14082834978365144,0.4357111243151565,5.033518676193761
27.22618293762207,0.05108140588531643,-0.051486538128027004,0.13721217267937713,0.43538238100811155,5.070338065728999
27.24790048599243,0.05009517569663083,-0.054116485529920044,0.1349109690623309,0.4357111243151565,5.11044490420871
27.27042579650879,0.05042391909294819,-0.052801511828208414,0.1319522786915599,0.436368610929056,5.143976853923426
27.2919499874115,0.049437688903729474,-0.05345899867887288,0.13293850881590075,0.436039867622138,5.177508806202644
27.313361167907715,0.05042391909294819,-0.05345899867887288,0.1303085618159887,0.436039867622138,5.204465867753194
27.337011098861694,0.049766432300224595,-0.05477397238135012,0.1293223316896432,0.436039867622138,5.233724143781501
27.35958504676819,0.04910894550714545,-0.05674643293793952,0.12800735818667794,0.436039867622138,5.26133869827111
27.381723403930664,0.044177794547701404,-0.05608894608535969,0.12767861481072734,0.4357111243151565,5.288953254554484
27.40335774421692,0.04647899833126996,-0.05543145923316328,0.1260348979297176,0.4357111243151565,5.311307896677912
27.426133155822754,0.04549276813884706,-0.05543145923316328,0.1253774111767268,0.436039867622138,5.333991284755594
27.447813272476196,0.04582151153641051,-0.055760202659213554,0.12340495091573989,0.436039867622138,5.362263335391074
27.469321727752686,0.04384905114969191,-0.05641768951160167,0.1165013399784302,0.436368610929056,5.381330533419799
27.492895364761353,0.044835281343452646,-0.05674643293793952,0.12143249065172759,0.436039867622138,5.40204145641572
27.515429735183716,0.04582151153641051,-0.05641768951160167,0.12176123402927327,0.436039867622138,5.420451166623179
27.53809690475464,0.0487802021104725,-0.05773266321752854,0.12077500389638372,0.436039867622138,5.435902174044974
27.55965566635132,0.049766432300224595,-0.057403919790902924,0.11913128700654996,0.436039867622138,5.450366947482393
27.581679821014404,0.04845145871371059,-0.05773266321752854,0.11814505687163804,0.4357111243151565,5.457270589532135
27.604734182357788,0.049437688903729474,-0.05839015007106768,0.11847380025002636,0.4357111243151565,5.471406618858906
27.62773370742798,0.04910894550714545,-0.05806140664425011,0.11584385322055575,0.43538238100811155,5.478967751027728
27.652275800704956,0.05075266248917672,-0.06627999234354087,0.11485762308311002,0.436039867622138,5.4862001384525705
27.676682710647583,0.05141014928136732,-0.058718893497981234,0.11683008335724065,0.43538238100811155,5.497377464728973
27.69900918006897,0.05239637946898745,-0.05839015007106768,0.11584385322055575,0.4357111243151565,5.502966127984062
27.721041440963745,0.05206763607320282,-0.05543145923316328,0.11551510984149174,0.436039867622138,5.505267342288253
27.743585348129272,0.05042391909294819,-0.05674643293793952,0.11683008335724065,0.436039867622138,5.5092122811262545
27.767001390457153,0.05141014928136732,-0.05641768951160167,0.12110374727409776,0.4357111243151565,5.51151349546641
27.791693925857544,0.05141014928136732,-0.058718893497981234,0.10302286137420433,0.436039867622138,5.512499730187679
27.815694093704224,0.049766432300224595,-0.05674643293793952,0.10006417092972789,0.4357111243151565,5.51578717927618
27.83621835708618,0.05141014928136732,-0.05839015007106768,0.10663903857472976,0.436039867622138,5.513485964911386
27.85930824279785,0.05239637946898745,-0.05904763692499085,0.11946003038468526,0.436039867622138,5.51611592418652
27.88335371017456,0.05075266248917672,-0.057403919790902924,0.10828275548065208,0.436368610929056,5.510527260747577
27.906814098358154,0.05042391909294819,-0.055102715807208824,0.10236537460936332,0.4357111243151565,5.5095410260311795
27.93195080757141,0.05141014928136732,-0.0531302552534928,0.10433783490286193,0.436039867622138,5.503623617783908
27.95596194267273,0.05108140588531643,-0.05345899867887288,0.10598155181176498,0.43538238100811155,5.497377464728973
27.97901940345764,0.05173889267732945,-0.051486538128027004,0.10335160475649674,0.436039867622138,5.490802566881612
28.003023624420166,0.05173889267732945,-0.0508290512785097,0.10236537460936332,0.4357111243151565,5.483570179373938
28.024574756622314,0.05009517569663083,-0.050171564429374454,0.10663903857472976,0.4357111243151565,5.474365322734153
28.0460844039917,0.05141014928136732,-0.0508290512785097,0.09316055986563282,0.436039867622138,5.468447915005373
28.069605588912964,0.05108140588531643,-0.0508290512785097,0.11157018928612192,0.436039867622138,5.46220176249692
28.09323740005493,0.05108140588531643,-0.0508290512785097,0.10729652533735395,0.43538238100811155,5.457599334394584
28.117278814315796,0.05206763607320282,-0.05115779470322057,0.11288516280593376,0.436039867622138,5.44675075407471
28.140081882476807,0.05075266248917672,-0.046884130189422585,0.11715882673596666,0.4357111243151565,5.440504601900993
28.162620782852173,0.05141014928136732,-0.04655538676595161,0.11880254362833033,0.4357111243151565,5.433600960136497
28.18724822998047,0.05173889267732945,-0.0449116696500248,0.11847380025002636,0.4357111243151565,5.421108656288775
28.20982599258423,0.05141014928136732,-0.0429392091140513,0.11715882673596666,0.436039867622138,5.411246311415927
