Time (s),Button (a19),Right Foot Force (ai18),Handle Force (ai20),Handle Position (ai21),Seat Position (ai22)
0.0272674560546875,1.8818526247453833,-0.03998051831650143,0.15463557136250808,2.6685353316051295,5.653202575677608
0.050043582916259766,1.8798801653228512,-0.03603559726504299,0.1566080315762162,2.678726376272882,5.638409049819561
0.07274723052978516,1.8802089085598608,-0.03439188016428854,0.15529305810073848,2.68825993426111,5.620656819535613
0.09453248977661133,1.8795514220858733,-0.033405649904969165,0.15562180146973076,2.6977934923206717,5.601260865151547
0.11772632598876953,1.8769214761911848,-0.03307690648538475,0.15858049178697764,2.707655793837225,5.583837381525912
0.13951706886291504,1.8769214761911848,-0.032090676227197606,0.15726551831346386,2.7204767859246743,5.566742643626344
0.1627047061920166,1.876263989717827,-0.03143318938887754,0.15430682799326992,2.7352702384976695,5.548661671655092
0.18547844886779785,1.8779077059014568,-0.031761932807990445,0.15397808462394974,2.7490774610597115,5.531895680201926
0.20907926559448242,1.8775789626646682,-0.031104445969858924,0.15496431473166428,2.7615697101793844,5.514800944546786
0.23179340362548828,1.8769214761911848,-0.031761932807990445,0.15430682799326992,2.772746985817204,5.5006649136931065
0.2562558650970459,1.8772502194279106,-0.03307690648538475,0.15496431473166428,2.7842530049652807,5.487843862885458
0.2796440124511719,1.8772502194279106,-0.03143318938887754,0.15759426168196497,2.7964165110432355,5.477652771509909
0.3033120632171631,1.8772502194279106,-0.030775702550934453,0.1635116423010202,2.8062788133609535,5.466475445781738
0.3260960578918457,1.878236449138277,-0.032419419646499026,0.16647033260065008,2.817127346006712,5.455298120363055
0.3486325740814209,1.8769214761911848,-0.032419419646499026,0.16548410250150505,2.8276471353359915,5.445764519514575
0.37216687202453613,1.8749490167714882,-0.03307690648538475,0.16318289893398794,2.8375094379195933,5.436230918890104
0.39507365226745605,1.8779077059014568,-0.03406313674442102,0.15759426168196497,2.8467142537411294,5.4286697875192855
0.41817736625671387,1.8765927329544903,-0.03307690648538475,0.15923797852324412,2.8539466090818437,5.4197936769586414
0.44205713272094727,1.8769214761911848,-0.033405649904969165,0.15989546525918386,2.8588777604770628,5.413547525198311
0.46622490882873535,1.8765927329544903,-0.035378110424457765,0.16318289893398794,2.8641376553224522,5.404671414966108
0.48946642875671387,1.875606503244595,-0.03439188016428854,0.16384038566797104,2.8687400633324094,5.400068987513995
0.5129868984222412,1.8765927329544903,-0.03472062358425049,0.16548410250150505,2.875314931950955,5.395137815301152
0.535480260848999,1.8765927329544903,-0.035378110424457765,0.16384038566797104,2.8835335177787953,5.387905429496013
0.5572290420532227,1.8765927329544903,-0.035378110424457765,0.1621966688324026,2.893067077415593,5.383303002231647
0.5799977779388428,1.879222678848927,-0.03472062358425049,0.16121043873008392,2.9039156108959903,5.378700575018682
0.604755163192749,1.8772502194279106,-0.035378110424457765,0.16647033260065008,2.916079118259853,5.374426892652615
0.6292922496795654,1.879222678848927,-0.035378110424457765,0.16942902289370254,2.929557599552436,5.37179693429548
0.6528773307800293,1.8795514220858733,-0.035706853844703124,0.18159252736304096,2.947967232811238,5.3671945072107565
0.6775696277618408,1.8811951382710794,-0.035706853844703124,0.18290750081258914,2.9660481229300713,5.362592080177225
0.7011115550994873,1.8802089085598608,-0.035049367004306886,0.178305093733553,2.9834715264305456,5.3586471427606135
0.72257399559021,1.8815238815082154,-0.035378110424457765,0.1720589698153512,2.9989224694022787,5.353715971042621
0.7439529895782471,1.8821813679825827,-0.035049367004306886,0.17337394327423483,3.01404466913169,5.347798565058332
0.7649514675140381,1.8825101112198144,-0.03472062358425049,0.1727164565449546,3.028509382126725,5.343524883010947
0.7869091033935547,1.8821813679825827,-0.035706853844703124,0.16942902289370254,3.0429740953293383,5.336292498107613
0.8076367378234863,1.8848113138813247,-0.03603559726504299,0.16679907596686933,3.0574388087413733,5.333333795228778
0.8281636238098145,1.885468800356329,-0.03603559726504299,0.1687715361624807,3.07058854839014,5.327416389534018
0.8497726917266846,1.8848113138813247,-0.03735057094734806,0.16614158923434963,3.0834095447171164,5.319855260157057
0.8707642555236816,1.8848113138813247,-0.037021827526629913,0.1641691290348405,3.0955730542087787,5.3136091099051574
0.892350435256958,1.8848113138813247,-0.03636434068547742,0.16318289893398794,3.106092846324773,5.3076917044891605
0.9154052734375,1.885468800356329,-0.035706853844703124,0.1644978724016286,3.1162838950468235,5.298158107049775
0.9387316703796387,1.885468800356329,-0.035378110424457765,0.16318289893398794,3.1258174568528445,5.288953254554484
0.9607305526733398,1.8848113138813247,-0.035706853844703124,0.16318289893398794,3.133378557663473,5.281392125869255
0.9808008670806885,1.884153827406448,-0.035049367004306886,0.1635116423010202,3.1389671974318563,5.27317350788645
1.0044217109680176,1.8844825706438704,-0.03439188016428854,0.1644978724016286,3.1455420677899704,5.262324932393124
1.0270347595214844,1.8844825706438704,-0.03406313674442102,0.16515535913496088,3.1511307076305046,5.253777570078305
1.0490365028381348,1.885468800356329,-0.035049367004306886,0.16548410250150505,3.157376834550537,5.245558952629654
1.0707683563232422,1.883496340931699,-0.03439188016428854,0.16548410250150505,3.164280448563385,5.238326569405746
1.0933139324188232,1.8844825706438704,-0.035049367004306886,0.16581284586796796,3.172827780269334,5.231422930987932
1.11332368850708,1.8851400571188108,-0.037021827526629913,0.1641691290348405,3.182690086181961,5.226820505437871
1.1371257305145264,1.884153827406448,-0.035049367004306886,0.16186792546504455,3.1925523922002217,5.21893063318119
1.1583538055419922,1.8848113138813247,-0.035706853844703124,0.1621966688324026,3.201757211246418,5.212355739744597
1.1784725189208984,1.8851400571188108,-0.03406313674442102,0.16318289893398794,3.2086608255920726,5.2084108037308425
1.203040361404419,1.8848113138813247,-0.03439188016428854,0.16252541219967917,3.2155644399902417,5.204137123090018
1.2264585494995117,1.8874412597821093,-0.03472062358425049,0.1648266157683354,3.2208243367099327,5.197562229879075
1.2491304874420166,1.885468800356329,-0.03472062358425049,0.1648266157683354,3.225755489912513,5.190658592115216
1.272089958190918,1.8857975435938787,-0.037021827526629913,0.16647033260065008,3.2303578995926556,5.186713656299581
1.2938120365142822,1.8851400571188108,-0.03307690648538475,0.16515535913496088,3.234302822194432,5.1801387633532805
1.315619707107544,1.8851400571188108,-0.03274816306589473,0.1648266157683354,3.2385764883659824,5.174550104427202
1.3365323543548584,1.8848113138813247,-0.033405649904969165,0.1648266157683354,3.241206436789409,5.168632700936691
1.3556818962097168,1.8844825706438704,-0.03439188016428854,0.1635116423010202,3.24285015455799,5.162715297526567
1.3762156963348389,1.8844825706438704,-0.032090676227197606,0.161539182097605,3.2435076416662714,5.156797894196709
1.397780418395996,1.885468800356329,-0.03307690648538475,0.15562180146973076,3.24317889811207,5.152524214063877
1.4177749156951904,1.8828388544570773,-0.035049367004306886,0.15397808462394974,3.241863923896478,5.145291832395717
1.4397141933441162,1.883496340931699,-0.03307690648538475,0.15397808462394974,3.241206436789409,5.140031918530209
1.4615850448608398,1.883496340931699,-0.03373439332464789,0.1526631111458486,3.241206436789409,5.133785770896784
1.4865219593048096,1.8825101112198144,-0.033405649904969165,0.15233436777611808,3.2425214110040312,5.126224644932934
1.5103018283843994,1.8828388544570773,-0.03406313674442102,0.1526631111458486,3.244493872329604,5.118006029902022
1.5349149703979492,1.8808663950339748,-0.032419419646499026,0.15397808462394974,3.2464663336595487,5.111102393394298
1.557875394821167,1.8815238815082154,-0.03307690648538475,0.15364934125454754,3.2474525643261622,5.101568800298825
1.5794005393981934,1.8821813679825827,-0.02847449862109938,0.15036190755600945,3.247123820770503,5.093678930305863
1.6009173393249512,1.878236449138277,-0.029789472294726144,0.1460882437356083,3.247781307881943,5.083487848438888
1.623009443283081,1.878565192375129,-0.028803242039364962,0.14740321722029226,3.247781307881943,5.075597978766481
1.6446707248687744,1.8802089085598608,-0.02748826836686677,0.14740321722029226,3.2474525643261622,5.06573564187195
1.6686289310455322,1.8788939356120122,-0.029131985457724635,0.14970442081531538,3.2494250256626733,5.054229582436148
1.6916766166687012,1.8775789626646682,-0.02617329469587215,0.1533205978850633,3.250739999889449,5.041737289668078
1.7154181003570557,1.8772502194279106,-0.026830781531181624,0.15858049178697764,3.2533699483488507,5.02760127458485
1.7380225658416748,1.875606503244595,-0.02551580786093824,0.16285415556687427,3.2576436146120398,5.012807770900839
1.761970043182373,1.8765927329544903,-0.022557117108378294,0.1644978724016286,3.264547229388567,5.003602924407335
1.7844231128692627,1.8765927329544903,-0.022557117108378294,0.1621966688324026,3.2763819977029622,4.989466910511451
1.8082427978515625,1.8769214761911848,-0.023872090775245325,0.17140148308542447,3.2931479197559987,4.975988386040949
1.8327651023864746,1.8775789626646682,-0.022885860524954532,0.1970434653145541,3.3109000728714606,4.9634960954217044
1.8560967445373535,1.8765927329544903,-0.023872090775245325,0.21906927017760075,3.3283234827674275,4.950675060664736
1.880537986755371,1.8775789626646682,-0.024529577609241127,0.24175256138828816,3.344760662241428,4.9348953260672035
1.9036648273468018,1.876263989717827,-0.025844551278358247,0.2634496222065612,3.359554124041637,4.920101825369045
1.9272778034210205,1.8765927329544903,-0.02617329469587215,0.2765993558768051,3.375005073311928,4.903335858478356
1.9511916637420654,1.8752777600080257,-0.023872090775245325,0.30125510619068063,3.3901272792588446,4.884268681174731
1.9750804901123047,1.8759352464811956,-0.025187064443612045,0.31933598949509584,3.4062357163334025,4.862571549319395
1.9997100830078125,1.8736340438256494,-0.02748826836686677,0.35188157890317007,3.4220154101016766,4.837586974473268
2.0212130546569824,1.8752777600080257,-0.030446959132104184,0.3873858574869169,3.435493898771542,4.814903611600653
2.0448217391967773,1.8746202735349815,-0.030775702550934453,0.42716379831129475,3.4522598240169153,4.786302851242589
2.068826675415039,1.8759352464811956,-0.03274816306589473,0.4797627268937027,3.471984442402807,4.752770927453467
2.0937039852142334,1.8742915302985064,-0.03439188016428854,0.5580036303176228,3.491051573975936,4.718910261643824
2.1172049045562744,1.873962787062062,-0.035378110424457765,0.6234235429431012,3.512419911634296,4.68241964380272
2.1408531665802,1.8726478141165976,-0.035049367004306886,0.6612290191545764,3.533130762540797,4.641984097411844
2.167372226715088,1.8703466114632323,-0.033405649904969165,0.7496609567080039,3.556800307116804,4.59595990219499
2.1924121379852295,1.8713328411716312,-0.036693084106006385,0.8778708236084278,3.581784827190248,4.551908176350992
2.214639663696289,1.8706753546993344,-0.0429392091140513,1.0310651706467797,3.6057831169892567,4.507527710052064
2.2346489429473877,1.8726478141165976,-0.052801511828208414,1.149412731158441,3.6245215081918674,4.473667060497462
2.253735065460205,1.878236449138277,-0.058718893497981234,1.260856682001805,3.645232362180108,4.43684771584462
2.275650978088379,1.8825101112198144,-0.0603626106339899,1.371643145365196,3.6695593977731504,4.401014606046251
2.298363208770752,1.886783773306721,-0.0603626106339899,1.4633625020785486,3.694215177925368,4.361894057661356
2.320456027984619,1.8897424624469807,-0.0603626106339899,1.533056063644437,3.7198571901850994,4.321787279830664
2.3424360752105713,1.8933586380664027,-0.06266381462844045,1.6106394628413123,3.7464854346692658,4.282009248908683
2.363149404525757,1.8999335028390796,-0.0610200974890662,1.6832917144793107,3.7767298617331817,4.242559964787716
2.3827035427093506,1.9025634487518277,-0.06430753177022186,1.7487116160485727,3.8063168025336753,4.20442565936618
2.4042227268218994,1.9051933946666937,-0.06956742664013035,1.7927632085619278,3.836889976042505,4.165305124489258
2.4237444400787354,1.909138313542988,-0.06792370949062768,1.84174595003855,3.8723943083114762,4.1215821767937495
2.4437406063079834,1.908152083823463,-0.06266381462844045,1.8673879223397063,3.9049399478919313,4.084105367007954
2.464843273162842,1.9104532865028236,-0.0610200974890662,1.884153827406448,3.9430742347109495,4.038738705600128
2.485677480697632,1.9114395162230533,-0.057403919790902924,1.9157131783475585,3.981866011545488,3.9910708402930246
2.5058653354644775,1.9143982053855633,-0.05608894608535969,1.9916528678689627,4.021644022452666,3.942416746988183
2.5255167484283447,1.917356894550817,-0.05378774210434861,2.03175954454205,4.06175077981024,3.894420145023478
2.547003984451294,1.9176856377915708,-0.04721287361298876,2.073838681389923,4.104158747395108,3.8434648522466115
2.5700113773345947,1.92031558371883,-0.04524041307301985,2.1392585909183786,4.151826621475206,3.7856059438395264
2.591644763946533,1.920973070200987,-0.04458292622712487,2.1478059159201197,4.202124451360222,3.7270895527848955
2.6132025718688965,1.9232742728896182,-0.04754161703665025,2.201062326311099,4.252751029592627,3.6695593977731504
2.634765863418579,1.9245892458553078,-0.049842821004949994,2.203363529259765,4.307322540989734,3.6057831169892567
2.6547725200653076,1.922945529648282,-0.045897899919295354,2.212239597800393,4.359592849019185,3.5521978956140687
2.6742796897888184,1.9245892458553078,-0.04030926173807195,2.199089866642871,4.41252065021971,3.496311472422259
2.694838762283325,1.9232742728896182,-0.03932303147364474,2.196459920421513,4.465777200716337,3.4423975150066703
2.7163610458374023,1.9226167864069803,-0.03899428805235855,2.1941587174805783,4.525279896121211,3.3802649710012793
2.740126848220825,1.9206443269598914,-0.042281722269486954,2.1510933486219392,4.593987436778281,3.310242585712515
2.762495756149292,1.9180143810323587,-0.049842821004949994,2.092577047248726,4.663023730900756,3.2402202061297154
2.7844676971435547,1.9157131783475585,-0.06595124891441317,2.0531278561345863,4.731073801521004,3.171841549683859
2.8069911003112793,1.9114395162230533,-0.08140219018811051,2.029787085019383,4.800767603395787,3.105106615809023
2.8297603130340576,1.9084808270632712,-0.07910098615502517,1.9909953813710635,4.8776937926284845,3.028509382126725
2.8513128757476807,1.9065083676249241,-0.0863333417036797,1.9824480569124743,4.95166129409494,2.951254667355262
2.873831033706665,1.906837110864565,-0.09192198011460959,1.9798181109304496,5.027930019116647,2.871698754205958
2.895888090133667,1.9051933946666937,-0.09619564480093742,1.9245892458553078,5.110116159616282,2.782938031342724
2.9188950061798096,1.9028921919910697,-0.09948307918636026,1.9232742728896182,5.190001102810116,2.694177315117235
2.9394965171813965,1.904535908187778,-0.10474297422357792,1.920973070200987,5.268899826598396,2.6050878617440887
2.962514877319336,1.9025634487518277,-0.11098909961321801,1.9107820297428664,5.350428523263168,2.5090948041024093
2.9852147102355957,1.8992760163612221,-0.11263281682698015,1.8769214761911848,5.4365596637355,2.4088280895753544
3.0074710845947266,1.8996047596001344,-0.11296156027003124,1.8805376517969021,5.522033332619001,2.3167799636610806
3.030987501144409,1.9012484757951895,-0.11329030371318191,1.8815238815082154,5.610794469728204,2.2319641946975506
3.053985118865967,1.8976323001671538,-0.1073729217516908,1.821035126386527,5.702514332644087,2.1566819842263936
3.077207088470459,1.8953310974968334,-0.09520941448723222,1.7401642921774572,5.797192923948498,2.0909333309394524
3.0999205112457275,1.894673611019893,-0.09816810543100779,1.6661970669617499,5.892857774969293,2.0386631528832106
3.1199450492858887,1.891057435399045,-0.09685313167723333,1.632994001723831,5.982933980603871,2.0031588816075803
3.143028974533081,1.8903999489229484,-0.08501836796404497,1.548835738008562,6.077612644529129,1.9781743946929258
3.1660029888153076,1.886455030069075,-0.06365004491322024,1.4216121138851443,6.1795237349524355,1.9466150431138527
3.1887879371643066,1.8811951382710794,-0.031104445969858924,1.2993196382006569,6.286037294046634,1.8736340438256494
3.2133965492248535,1.8788939356120122,-0.026830781531181624,1.190505633562612,6.390578412656235,1.7612038586574637
3.2372210025787354,1.8769214761911848,-0.029131985457724635,1.027448995142291,6.503995701577036,1.706632483287277
3.2612125873565674,1.8802089085598608,-0.030446959132104184,0.9173200123126841,6.609523128038721,1.6846066873673278
3.283754825592041,1.8851400571188108,-0.030446959132104184,0.7453872943729773,6.718666796332016,1.6698132423941008
3.3062658309936523,1.8903999489229484,-0.03274816306589473,0.6339433276945117,6.824194295438992,1.6576497432209367
3.3280327320098877,1.8943448677814718,-0.03274816306589473,0.5228280985119275,6.921503174560813,1.6500886491520994
3.3469464778900146,1.8982897866446826,-0.03143318938887754,0.4140140659129949,7.0174971000341975,1.6491024194915949
3.3669679164886475,1.9032209352303449,-0.03274816306589473,0.32985577604568095,7.10395740920046,1.6517323652532703
3.385998010635376,1.9097958000228386,-0.031761932807990445,0.2529298351842419,7.193705210073898,1.6560060271182608
3.405519723892212,1.9143982053855633,-0.032419419646499026,0.2082207394681768,7.284439279417318,1.6573210000003678
3.425504446029663,1.91965809723681,-0.03307690648538475,0.196057235237793,7.364653481225514,1.6556772838977765
3.445047616958618,1.923931759372394,-0.03472062358425049,0.18652367779224077,7.43138908495921,1.6500886491520994
3.4655604362487793,1.9265617053048791,-0.035049367004306886,0.19572849187871413,7.483002346349677,1.6425275550919756
3.4862759113311768,1.9278766782719532,-0.03866554463116709,0.20033089889861375,7.519822003815418,1.6326652585044727
3.508871078491211,1.930177880965672,-0.03767931436816083,0.19770095203199886,7.555655425308714,1.623789191587529
3.5293190479278564,1.930506624207771,-0.036693084106006385,0.20197461568768071,7.574065258405182,1.6168855839929124
3.5493156909942627,1.9318215971765178,-0.03767931436816083,0.20854948282425917,7.580311452066622,1.6129406653702585
3.571904420852661,1.930506624207771,-0.03735057094734806,0.2105219429591071,7.585242657692559,1.6109682060596913
3.5935580730438232,1.9324790836611012,-0.03636434068547742,0.20854948282425917,7.58590015178294,1.6126119221517958
3.6165928840637207,1.9308353674499052,-0.035378110424457765,0.20789199611201598,7.585242657692559,1.6185293000862897
3.6395859718322754,1.9334653133882391,-0.03373439332464789,0.198358438749127,7.580968946144788,1.6293778263117322
3.6609854698181152,1.935766516086125,-0.03307690648538475,0.19145482820346696,7.581297693184482,1.643513784751507
3.682987689971924,1.9354377728434644,-0.03373439332464789,0.18586619106938754,7.571435282170589,1.6602796889861013
3.705601215362549,1.9347802863582484,-0.03307690648538475,0.18126378400045345,7.56255911257075,1.6813192551478444
3.7281689643859863,1.9364240025715524,-0.033405649904969165,0.17797635037016224,7.556312919325967,1.7030163078316864
3.7501673698425293,1.9347802863582484,-0.03439188016428854,0.17436017336754958,7.542505545303852,1.726028333500586
3.7752718925476074,1.9377389755428316,-0.035049367004306886,0.1753464034601382,7.523766967414543,1.7552864805753592
3.7999157905578613,1.9374102322999587,-0.035049367004306886,0.1753464034601382,7.496480970373164,1.7891470330403105
3.8234548568725586,1.9397114350008127,-0.035049367004306886,0.1753464034601382,7.469523722999398,1.8539094496971742
3.8464620113372803,1.9397114350008127,-0.035378110424457765,0.1753464034601382,7.440265250231607,1.9719282729989922
3.8710649013519287,1.939053948514677,-0.035706853844703124,0.17173022645042826,7.407719312313527,2.0560865454462007
3.893092393875122,1.9413551512167742,-0.035378110424457765,0.1720589698153512,7.367940949009308,2.0883033848469785
3.9153435230255127,1.9423413809467787,-0.035378110424457765,0.17041525298992774,7.329806325127306,2.108685467140364
3.9358842372894287,1.9403689214870905,-0.03636434068547742,0.17173022645042826,7.283124292695443,2.136299901502385
3.9589619636535645,1.9472725296016333,-0.036693084106006385,0.17140148308542447,7.236771014698648,2.1770640671419224
3.9825599193573,1.9433276106771042,-0.03800805778906824,0.17173022645042826,7.184829052683999,2.231306708131161
4.004013538360596,1.9508887052870094,-0.03998051831650143,0.17041525298992774,7.131900860663768,2.299685312240826
4.026625871658325,1.957134826935741,-0.03965177489502569,0.16844279279674823,7.0816026499839415,2.3772687315563403
4.048769474029541,1.9548336242215174,-0.03767931436816083,0.16745656269906428,7.024072027584245,2.46865937418247
4.071228981018066,1.9591072864065058,-0.038336801210070326,0.14904693407429204,6.965883923891251,2.570569809444014
4.090265989303589,1.9604222593877516,-0.038336801210070326,0.16581284586796796,6.908024577930023,2.6695215617307486
4.111417055130005,1.9587785431612863,-0.03899428805235855,0.16022420862703127,6.841289096246536,2.776363163251768
4.1330602169036865,1.961079745878596,-0.04030926173807195,0.16318289893398794,6.770937422176472,2.8822185440422476
4.153618335723877,1.9607510026331554,-0.04030926173807195,0.1608816953624813,6.691052129653836,2.989388908817919
4.175812005996704,1.961737232369588,-0.04030926173807195,0.15956672189125481,6.6088656361764,3.0942580802023314
4.1993982791900635,1.9627234621063536,-0.04096674858149746,0.15726551831346386,6.511228109753909,3.209318312675347
4.219419956207275,1.9627234621063536,-0.04195297884734722,0.1533205978850633,6.418193053279593,3.306955149925329
4.240910053253174,1.963709691843453,-0.040638005159737284,0.1533205978850633,6.324500531979856,3.3993321004056205
4.261922121047974,1.963709691843453,-0.04195297884734722,0.15693677494488095,6.218644451853727,3.4903940866726253
4.285447597503662,1.9604222593877516,-0.041624235425302386,0.15200562440630544,6.099309841924188,3.590332163194842
4.305557727813721,1.9614084891240735,-0.04195297884734722,0.15463557136250808,5.982933980603871,3.682709147082489
4.326076984405518,1.9607510026331554,-0.042610465691721666,0.15430682799326992,5.8701743544404135,3.768182523516372
4.349079608917236,1.9584497999161037,-0.0429392091140513,0.15364934125454754,5.745251193834468,3.8645044565330293
4.369630575180054,1.9584497999161037,-0.0449116696500248,0.15134813766643368,5.608821999796681,3.9644425860664203
4.389633655548096,1.957134826935741,-0.04425418280432003,0.14740321722029226,5.489487587325074,4.04761479126563
4.413260221481323,1.9551623674662968,-0.0429392091140513,0.14838944733293932,5.347469820283898,4.143279278258339
4.432708740234375,1.9531899079981685,-0.043596695958995624,0.15529305810073848,5.211369505737771,4.234998852306779
4.452723264694214,1.9525324215090842,-0.0429392091140513,0.1526631111458486,5.0844740821577545,4.318499839152363
4.474485397338867,1.9505599620427032,-0.04392543938161031,0.15233436777611808,4.954291249919108,4.407260744281752
4.495161771774292,1.9505599620427032,-0.045569156496110014,0.15233436777611808,4.815561100364472,4.501281570651275
4.515675067901611,1.9433276106771042,-0.04392543938161031,0.1506906509262331,4.687679552515781,4.583138877121572
4.536189556121826,1.9318215971765178,-0.0449116696500248,0.14904693407429204,4.565057944867163,4.658750055277289
4.557703256607056,1.9311641106920745,-0.043596695958995624,0.14280081001811723,4.436518971707275,4.736991199407582
4.580391883850098,1.9262329620631975,-0.04392543938161031,0.14312955339023842,4.295159010887674,4.8172048222779535
4.602909564971924,1.920973070200987,-0.04655538676595161,0.14444452687789594,4.156429037104225,4.890514825378653
4.626611709594727,1.919000610754927,-0.046226643342575896,0.13918463291931732,4.021972766354936,4.954619994398181
4.649538516998291,1.9127544891838313,-0.04721287361298876,0.1411570931562695,3.878969184865124,5.022341362108561
4.673535585403442,1.9117682594631973,-0.04819910388425913,0.145759500364231,3.7372806093014335,5.083816593011601
4.693079471588135,1.9071658541042396,-0.049842821004949994,0.14707447384924502,3.6143304532685225,5.131484558633163
4.7143120765686035,1.9012484757951895,-0.049842821004949994,0.14148583652880473,3.5051875511305943,5.17224889194911
4.738078594207764,1.8973035569284384,-0.04885659073224932,0.13918463291931732,3.378292509363866,5.216629420466951
4.7615110874176025,1.8920436651134325,-0.050171564429374454,0.1352397124364443,3.259944819531546,5.2514763571767125
4.783049821853638,1.8884274894954325,-0.04885659073224932,0.14148583652880473,3.1458708113090816,5.28566580728341
4.805217266082764,1.8825101112198144,-0.04852784730820653,0.138198402799721,3.0433028388136427,5.312622875663363
4.827993869781494,1.8775789626646682,-0.04754161703665025,0.138198402799721,2.9354749816367134,5.335635008577169
4.850916624069214,1.8726478141165976,-0.04655538676595161,0.13918463291931732,2.831920799778465,5.3570034188481035
4.874907732009888,1.8673879223397063,-0.04655538676595161,0.13392473893949086,2.739543902607369,5.36916697595508
4.8971240520477295,1.8644292332186727,-0.045897899919295354,0.13721217267937713,2.6586730303901844,5.381330533419799
4.920330286026001,1.8591693414540535,-0.04787036046040702,0.1335959955650442,2.5879932071638954,5.388891663916498
4.94325065612793,1.855553165870373,-0.042281722269486954,0.1299798184406238,2.519614590927719,5.394151580865687
4.96816611289978,1.852265733524723,-0.0429392091140513,0.13688342930576294,2.4568246144090753,5.401055221963672
4.990995168685913,1.8483208147138726,-0.03932303147364474,0.1358971991844214,2.4094855762071936,5.404671414966108
5.015740156173706,1.8460196120761752,-0.03899428805235855,0.1326097654412039,2.369050148836986,5.407958863177824
5.038489580154419,1.8420746932720384,-0.03965177489502569,0.13326725219051416,2.3381482781662872,5.406643883889973
5.062340021133423,1.8407597203382593,-0.04030926173807195,0.1319522786915599,2.316451220363008,5.406643883889973
5.084956645965576,1.8401022338715443,-0.040638005159737284,0.1319522786915599,2.305602691560325,5.401383966780758
5.108489990234375,1.8387872609384612,-0.040638005159737284,0.1316235353166127,2.304287718376549,5.390535387955893
5.1320366859436035,1.8378010312389526,-0.03998051831650143,0.13688342930576294,2.3092188678206327,5.378043085421021
5.158029317855835,1.8391160041716887,-0.035378110424457765,0.1467457304781153,2.3187524234507864,5.359633377111246
5.179856538772583,1.8378010312389526,-0.03011821571336812,0.15134813766643368,2.336504561656697,5.336949987639094
5.203364849090576,1.8368148015397034,-0.03406313674442102,0.15134813766643368,2.358530363014356,5.3136091099051574
5.225931167602539,1.8345135989091277,-0.04852784730820653,0.15036190755600945,2.392390923865276,5.280734636424757
5.249231576919556,1.837472288005841,-0.04819910388425913,0.15036190755600945,2.431511378528526,5.2389840587846805
5.2707154750823975,1.837472288005841,-0.049185334156387484,0.15397808462394974,2.4788504173937045,5.187042400949512
5.290857315063477,1.8368148015397034,-0.04885659073224932,0.15003316418570356,2.5206008209464508,5.133128281677378
5.311470031738281,1.837472288005841,-0.04524041307301985,0.15529305810073848,2.566296145885532,5.071981788546562
5.334295988082886,1.835499828607774,-0.04195297884734722,0.1562792882074696,2.620210056359157,4.992754355564461
5.357222080230713,1.837143544772758,-0.038336801210070326,0.16581284586796796,2.6803700931623373,4.907280791810322
5.380751609802246,1.8338561124435069,-0.03406313674442102,0.1562792882074696,2.753351125217738,4.807671235257964
5.4023988246917725,1.8315549098147323,-0.031761932807990445,0.18553744770784103,2.826989648500099,4.713650352600458
5.42519474029541,1.8299111936521752,-0.029131985457724635,0.22104173029746854,2.9058880715403523,4.608780927588447
5.44793438911438,1.8285962207226392,-0.025187064443612045,0.29829641617467734,2.985115243756978,4.496350408018515
5.47136926651001,1.8266237613291811,-0.023872090775245325,0.3410330491766528,3.0643424220351174,4.380632471246801
5.495383977890015,1.8266237613291811,-0.022557117108378294,0.404809253172477,3.1488295029862554,4.253079773621594
5.518569231033325,1.823665072240889,-0.025187064443612045,0.48239267328137825,3.2310153866917455,4.131444495544157
5.5398054122924805,1.8230075857771315,-0.026830781531181624,0.5665509557062764,3.3076126370817613,4.0190140712407105
5.5601418018341064,1.823665072240889,-0.030775702550934453,0.6822685882437782,3.3779637657580865,3.9164459824726965
5.58322286605835,1.8220213560817042,-0.03472062358425049,0.9031840530815354,3.4604784149516545,3.803029364603872
5.605766773223877,1.8085428836023505,-0.03998051831650143,1.0425711835962002,3.5406918669786074,3.6961876403741285
5.627464771270752,1.8118303159101607,-0.05050030785389431,1.2319272789681421,3.617289146618903,3.600851961488208
5.65053915977478,1.8190626669969205,-0.05608894608535969,1.3962988864118657,3.7027625152426635,3.503872576500772
5.674053430557251,1.8256375316328317,-0.06003386720659601,1.4844020678050704,3.7941532822723665,3.4134680759392735
5.699591398239136,1.8269525045613537,-0.06266381462844045,1.5491644812247132,3.8871877806490103,3.327008508423255
5.723129510879517,1.8358285718407132,-0.07022491350060844,1.6283915966542055,3.9831809870726804,3.250739999889449
5.7441511154174805,1.8433896662062832,-0.0807447033210274,1.668169526288222,4.0791742079972755,3.178416420273554
5.766268491744995,1.844704639140995,-0.09093574980473895,1.6678407830670992,4.163990148571999,3.1175988690833716
5.7870612144470215,1.8470058417778688,-0.08666208513883294,1.678360566151894,4.252422285563848,3.0528363999056243
5.81011176109314,1.8479920714798275,-0.09981182262544508,1.6675120398459942,4.353346711324258,2.978869117930393
5.832629442214966,1.8499645308845414,-0.10934538240194261,1.694797727259734,4.448682504922343,2.9039156108959903
5.854049921035767,1.8532519632281044,-0.11624899470602348,1.7444379541110984,4.544018315400747,2.8263321616645825
5.877014875411987,1.8581831117490517,-0.12381009394672149,1.791119492415352,4.6380391662301745,2.744146310126793
5.899376630783081,1.8624567738060278,-0.1415622401991164,1.8407597203382593,4.7373199437367,2.6507831894719573
5.924164056777954,1.8637717467476693,-0.16128684749343958,1.8341848556763032,4.847120562088747,2.540982908149772
5.946503400802612,1.8647579764542206,-0.16490302553739666,1.8621280305706935,4.953633760961662,2.4328263518110207
5.967504024505615,1.8660729493967179,-0.16194433440959677,1.830568680117113,5.049298414196791,2.3381482781662872
5.989028453826904,1.8634430035122131,-0.15701318254843083,1.7661350070650992,5.150551746324348,2.2461001559282177
6.012099504470825,1.8634430035122131,-0.14517841817558802,1.7362193734728422,5.259366230033946,2.1537232947869542
6.035613298416138,1.861470544100117,-0.11559150781802721,1.7013725917163092,5.372783168677444,2.0718662218342936
6.0586137771606445,1.8647579764542206,-0.10605794798684123,1.7049887671707982,5.483241434490319,2.009076260120613
6.081250905990601,1.8641004899831557,-0.10277051358165432,1.6724431881644326,5.593370985677838,1.9604222593877516
6.104288816452026,1.8657442061610476,-0.08929203262358396,1.6142556382442501,5.706130528404905,1.9278766782719532
6.125978469848633,1.865415462925408,-0.08666208513883294,1.560999237012869,5.819876339994635,1.8831675976943723
6.147989749908447,1.8631142602767874,-0.08962077605961877,1.4738822849393156,5.929677243176908,1.797365613775789
6.1690003871917725,1.8617992873353901,-0.09356569729969186,1.3765742935750747,6.043751869454224,1.7155085503250536
6.1887290477752686,1.8608130576296613,-0.10079805294329211,1.2950459764058946,6.147964168264336,1.6803330254823616
6.2115349769592285,1.8604843143944791,-0.09849684886969792,1.1615762302950199,6.267627540698771,1.6569922567798157
6.234015941619873,1.8571968820443214,-0.08731957200943305,1.03007894096403,6.383346007162314,1.637596406796464
6.255015134811401,1.8667304358681505,-0.030446959132104184,0.8910205532296549,6.499064514276976,1.6231317051496696
6.276643514633179,1.8746202735349815,-0.024529577609241127,0.7753029305679,6.607550652455872,1.609653233186258
6.297759056091309,1.878565192375129,-0.02551580786093824,0.672406290257656,6.724255479174228,1.5984759637708563
6.32027530670166,1.884153827406448,-0.028803242039364962,0.5662222124227856,6.842932827144415,1.592558585851228
6.34160590171814,1.8920436651134325,-0.028803242039364962,0.4840363897717116,6.9593089976444045,1.5919010994159695
6.3636391162872314,1.8999335028390796,-0.029789472294726144,0.40119307672467613,7.070754017458532,1.5919010994159695
6.385784149169922,1.9058508811457424,-0.031104445969858924,0.328869546059639,7.196992675844403,1.5945310451573078
6.407352447509766,1.9140694621451493,-0.031761932807990445,0.24241004808459937,7.310410268446241,1.5971609908994662
6.428881406784058,1.9193293539958514,-0.03307690648538475,0.20164587233002512,7.422841666822347,1.6011059095142655
6.451101303100586,1.925575475579938,-0.035706853844703124,0.19441351844160573,7.522123232574522,1.6050508281309726
6.473617315292358,1.9308353674499052,-0.036693084106006385,0.19178357156357811,7.595105069219378,1.6060370577854517
6.495626449584961,1.9351090296008389,-0.03899428805235855,0.19046859812265612,7.645403373728423,1.6063658010036386
6.517764091491699,1.9360952593288212,-0.03932303147364474,0.19276980164343438,7.6749906161661245,1.6073520306582805
6.539781332015991,1.9377389755428316,-0.0412954920033525,0.19441351844160573,7.6904417329904105,1.6086670035313282
6.562762498855591,1.9370814890571215,-0.04326795253647597,0.18981111140171747,7.692085468876579,1.6119544357149123
6.5852813720703125,1.9383964620286833,-0.04096674858149746,0.17764760700669102,7.685510525394012,1.6195155297424888
6.607076406478882,1.9377389755428316,-0.03998051831650143,0.17436017336754958,7.674661869009572,1.631350285627194
6.629349946975708,1.939053948514677,-0.037021827526629913,0.17140148308542447,7.653622051848588,1.6477874466111515
6.651350021362305,1.9364240025715524,-0.03439188016428854,0.17140148308542447,7.62403481181783,1.668169526288222
6.671866178512573,1.9360952593288212,-0.031104445969858924,0.17337394327423483,7.5960913103922385,1.690852808589528
6.694961786270142,1.9383964620286833,-0.02847449862109938,0.17173022645042826,7.563874100640942,1.7148510638772967
6.714522361755371,1.9367527458143194,-0.030446959132104184,0.1700865096246003,7.530999400830417,1.7418080083053298
6.735345840454102,1.9360952593288212,-0.03011821571336812,0.16975776625919192,7.498453451994134,1.77106615547816
6.757929086685181,1.9380677187857398,-0.031761932807990445,0.1691002795281321,7.464921266399562,1.8124878023720479
6.779125213623047,1.935766516086125,-0.03307690648538475,0.16515535913496088,7.42185542628535,1.912425745943586
6.798581838607788,1.9360952593288212,-0.035706853844703124,0.16384038566797104,7.377474605804574,2.024855936219235
6.819124221801758,1.9374102322999587,-0.038336801210070326,0.1641691290348405,7.330792565333798,2.0708799920570766
6.8406689167022705,1.9377389755428316,-0.03735057094734806,0.16515535913496088,7.273590639147097,2.0945495068213607
6.86193060874939,1.9383964620286833,-0.03767931436816083,0.16712781933300738,7.209485046120575,2.1205202246830224
6.885094881057739,1.9377389755428316,-0.03800805778906824,0.1644978724016286,7.1443932280814195,2.163256849661842
6.90740966796875,1.9367527458143194,-0.03965177489502569,0.15825174841872183,7.076013960450332,2.2194719499734155
6.929428815841675,1.939053948514677,-0.04030926173807195,0.16384038566797104,7.00467599173694,2.28785055365928
6.95343017578125,1.9367527458143194,-0.04030926173807195,0.15890923515515173,6.921503174560813,2.377926218175622
6.975491762161255,1.9374102322999587,-0.040638005159737284,0.1621966688324026,6.840302857712108,2.469316860839212
7.000487804412842,1.9367527458143194,-0.04096674858149746,0.15595054483864113,6.741679020450658,2.582733313489605
7.024474859237671,1.9374102322999587,-0.0429392091140513,0.1641691290348405,6.633192835997322,2.7066695636820928
7.048426628112793,1.9360952593288212,-0.043596695958995624,0.16055295199479708,6.524706689063763,2.8256746748294415
7.0714616775512695,1.9347802863582484,-0.04425418280432003,0.16384038566797104,6.408330681361452,2.941392363753745
7.09499716758728,1.9334653133882391,-0.04392543938161031,0.15890923515515173,6.290310986932236,3.0554663478091513
7.117885589599609,1.933136570145825,-0.0449116696500248,0.15562180146973076,6.169990115543916,3.164937935614896
7.13977837562561,1.9318215971765178,-0.042281722269486954,0.15956672189125481,6.04671057782625,3.2694783828335057
7.161877393722534,1.930506624207771,-0.04195297884734722,0.15825174841872183,5.927704771571222,3.367115226840287
7.184641122817993,1.930177880965672,-0.042281722269486954,0.15200562440630544,5.802124101232341,3.4680395186864903
7.2052552700042725,1.9275479350301326,-0.04425418280432003,0.15430682799326992,5.688707040054174,3.5587727691979207
7.227877855300903,1.9288629079976236,-0.043596695958995624,0.15299185451549702,5.566413898674016,3.6573958798748967
7.251914978027344,1.9262329620631975,-0.043596695958995624,0.14378704013423257,5.4326147256082775,3.764566341994858
7.276049852371216,1.9268904485465956,-0.04425418280432003,0.14543075699277114,5.287309530915748,3.880284160183682
7.300151109695435,1.9242605026138337,-0.046226643342575896,0.15003316418570356,5.139703173915709,3.9940295352759705
7.32368278503418,1.9216305566832812,-0.04819910388425913,0.1467457304781153,4.986508209983948,4.107446186865911
7.346798896789551,1.920973070200987,-0.046884130189422585,0.15036190755600945,4.828053387048125,4.223821555776613
7.369780540466309,1.919000610754927,-0.04787036046040702,0.14444452687789594,4.681433410925183,4.331649601981073
7.394415378570557,1.9163706648287597,-0.046226643342575896,0.1467457304781153,4.513116361157476,4.449997481502573
7.417323112487793,1.9127544891838313,-0.045569156496110014,0.1388558895462016,4.34545685328361,4.564729200650201
7.441608190536499,1.9097958000228386,-0.046226643342575896,0.14740321722029226,4.177139907875834,4.680118433758158
7.465132236480713,1.9084808270632712,-0.046884130189422585,0.1388558895462016,4.0045493397719225,4.792877738531335
7.487259387969971,1.904535908187778,-0.04787036046040702,0.13786965942635615,3.8382049512781866,4.900048414060423
7.509819269180298,1.9022347055126183,-0.04852784730820653,0.14904693407429204,3.690598996783426,4.992096866551967
7.533604145050049,1.8979610434059018,-0.04852784730820653,0.14904693407429204,3.5272133765108684,5.086117805027383
7.5588696002960205,1.8927011515898526,-0.04885659073224932,0.14082834978365144,3.3579104060509706,5.18145374193457
7.581669807434082,1.8903999489229484,-0.050171564429374454,0.14378704013423257,3.1951823404896724,5.2665986136149705
7.604956865310669,1.886455030069075,-0.0521440249779265,0.1316235353166127,3.047247760633742,5.342209903928274
7.629869699478149,1.8831675976943723,-0.0531302552534928,0.14280081001811723,2.902271893695079,5.419136187295163
7.654870510101318,1.8765927329544903,-0.05543145923316328,0.1404996064109505,2.760583479981035,5.48652888333861
7.678390741348267,1.8729765573529171,-0.05674643293793952,0.14477327024960363,2.6343460210443226,5.545702967229462
7.702283620834351,1.8667304358681505,-0.05674643293793952,0.1342534823138542,2.5232307676663175,5.590412280916211
7.725973129272461,1.865086719689799,-0.06430753177022186,0.1358971991844214,2.4275664586875556,5.627231719546121
7.749892473220825,1.8588405982190226,-0.05444522895558723,0.1326097654412039,2.340120737979834,5.6558325358894574
7.773755311965942,1.8565393955746516,-0.05345899867887288,0.13326725219051416,2.262537320279566,5.678844688509272
7.796786546707153,1.851936990290322,-0.05444522895558723,0.13392473893949086,2.1994186099207775,5.691994490625584
7.8205201625823975,1.8473345850118255,-0.0521440249779265,0.1293223316896432,2.1441897399538044,5.703500567848184
7.844047784805298,1.845033382374746,-0.05115779470322057,0.12866484493832794,2.0965219663956405,5.709746724200025
7.865534543991089,1.84174595003855,-0.049842821004949994,0.1293223316896432,2.0564152887032625,5.71040421434828
7.887106418609619,1.8410884635716607,-0.04885659073224932,0.12965107506517531,2.0258421659785215,5.707116763618353
7.90862250328064,1.8361573150736814,-0.04852784730820653,0.1283361015625448,2.0031588816075803,5.700541862243545
7.930176496505737,1.8345135989091277,-0.04885659073224932,0.1260348979297176,1.9896804083757316,5.6896932752226315
7.952558517456055,1.8358285718407132,-0.04721287361298876,0.12767861481072734,1.9850780028969535,5.673913512831932
7.9741411209106445,1.8331986259780002,-0.045569156496110014,0.13063730519127004,1.9883654353810207,5.653202575677608
7.996162414550781,1.8308974233496247,-0.0429392091140513,0.1388558895462016,1.9982277328565552,5.629532934576089
8.020219802856445,1.831883653047329,-0.04030926173807195,0.14214332327362658,2.0140074088913935,5.596987180416864
8.043220281600952,1.830568680117113,-0.03636434068547742,0.1441157835061056,2.0357044635918826,5.5657564087701825
8.065218925476074,1.8295824504197487,-0.033405649904969165,0.14444452687789594,2.0649626134021024,5.53058070051007
8.090920686721802,1.8315549098147323,-0.029131985457724635,0.1441157835061056,2.105726777764188,5.489816332213805
8.114537715911865,1.8299111936521752,-0.029460728876178344,0.14838944733293932,2.1517508351628956,5.449380712913462
8.138089895248413,1.8322123962799544,-0.03274816306589473,0.14970442081531538,2.2043497590957,5.408945097646483
8.160202503204346,1.8302399368846298,-0.03011821571336812,0.14444452687789594,2.2599073739738795,5.3639070593244425
8.182918310165405,1.8335273692107394,-0.028803242039364962,0.14707447384924502,2.315464990469151,5.319526515404635
8.204435348510742,1.8348423421419813,-0.029131985457724635,0.14740321722029226,2.37595375831855,5.267913592461114
8.228205919265747,1.837472288005841,-0.029789472294726144,0.15397808462394974,2.4377575016300783,5.212355739744597
8.250808000564575,1.837143544772758,-0.031104445969858924,0.15101939429637448,2.503506167381923,5.152524214063877
8.273268222808838,1.8378010312389526,-0.032419419646499026,0.15167688103641064,2.569583579390902,5.0844740821577545
8.294367551803589,1.8368148015397034,-0.032090676227197606,0.1635116423010202,2.6392771715511563,5.01215028185941
8.314888954162598,1.8378010312389526,-0.035049367004306886,0.15036190755600945,2.7119294578517614,4.936210303929818
8.336581707000732,1.8378010312389526,-0.040638005159737284,0.16055295199479708,2.7980602280904265,4.847120562088747
8.35762333869934,1.8381297744720935,-0.046884130189422585,0.19046859812265612,2.877944879409243,4.757373348229209
8.382252931594849,1.837143544772758,-0.05444522895558723,0.22268544706189053,2.969335557530537,4.65283265832003
8.404783248901367,1.8348423421419813,-0.05839015007106768,0.25194360514694614,3.059082526187892,4.540402129171749
8.427303075790405,1.8345135989091277,-0.06167758434452722,0.31933598949509584,3.147843272426162,4.420410509221877
8.449546337127686,1.830568680117113,-0.06562250548538201,0.385084654269235,3.2375902577091953,4.292200314415861
8.472196102142334,1.8302399368846298,-0.06693747920208587,0.46759922480009847,3.3289809699402757,4.155442805180728
8.493254661560059,1.8295824504197487,-0.0689099397800392,0.5862755526161003,3.4141255631793483,4.025917693195658
8.513745307922363,1.8262950180970365,-0.069896170070321,0.6664889114453294,3.495982728768329,3.8980363272405048
8.532270431518555,1.82596627486492,-0.06923868321003643,0.7960137554254685,3.57126502916401,3.778373580633145
8.552277565002441,1.8262950180970365,-0.0666087357727651,0.9478931332418812,3.6485197993749137,3.6570671361507463
8.573874950408936,1.8131452888340434,-0.06397878834167287,1.0951700995834897,3.7349794029783445,3.527542120178006
8.59592056274414,1.8174189508396743,-0.06365004491322024,1.3095106778606624,3.8174940916136415,3.405906972716474
8.617469549179077,1.82596627486492,-0.0666087357727651,1.50708534962967,3.905268691734288,3.28887425331965
8.640993118286133,1.8368148015397034,-0.07416983467161314,1.6777030797085517,4.008823010398519,3.161650500361985
8.66011381149292,1.8443758959072731,-0.078443499289306,1.814460261758361,4.09955633216589,3.0587537826983695
8.67963433265686,1.852265733524723,-0.083374650791701,1.9140694621451493,4.186015995571215,2.967363096769019
8.699637651443481,1.856210652339862,-0.09027826293198266,1.978831881187821,4.274119391867101,2.8789311097077053
8.719614267349243,1.855553165870373,-0.10572920454587675,1.997241503107416,4.366496474974369,2.7901703862848493
8.740031719207764,1.8591693414540535,-0.11427653404323174,1.9916528678689627,4.460846038412193,2.7020671563017022
8.760597705841064,1.861470544100117,-0.12841250220615424,2.006446314113224,4.558483060567488,2.6113339855863624
8.782876968383789,1.8641004899831557,-0.14616464853494254,2.0320882877959736,4.662037498061351,2.514025954167419
8.803579330444336,1.865415462925408,-0.1560269521789675,2.0616751808221436,4.759674558633324,2.4167179291750096
8.823163270950317,1.8667304358681505,-0.16457428207834046,2.0514841398518624,4.858955360773551,2.3230260863359593
8.843600034713745,1.8641004899831557,-0.1642455386193873,2.013678665639726,4.9572499502391985,2.235580370816616
8.86399221420288,1.8647579764542206,-0.16293056478460388,1.9249179890968167,5.056530794299701,2.154380781328704
8.886316299438477,1.8581831117490517,-0.16490302553739666,1.8509507605872981,5.170605168757922,2.0725237083526595
8.908068418502808,1.8568681388094717,-0.16095810403551508,1.7815859387778241,5.28336459420888,2.002830138357235
8.928997039794922,1.8558819091051024,-0.12019391604239182,1.740821778628539,5.393494091243358,1.9522036782645964
8.949995756149292,1.851608247055951,-0.09652438823903611,1.6454862440710032,5.505596087189932,1.9134119756644223
8.971603155136108,1.8486495579479472,-0.09553815792503548,1.5396309279602303,5.61506815461408,1.8752777600080257
8.995291948318481,1.8483208147138726,-0.07351234780880958,1.4564588945785395,5.736375076114098,1.7937494382501837
9.016824007034302,1.8479920714798275,-0.06200632777240203,1.384792873924141,5.855709565270021,1.7092624290746938
9.039509773254395,1.8476633282458117,-0.0603626106339899,1.276636356352983,5.977016564944856,1.6714569585004242
9.062466859817505,1.844704639140995,-0.055102715807208824,1.1231132734872091,6.107528477652693,1.6481161898312378
9.083214282989502,1.8407597203382593,-0.04524041307301985,0.9554542276248603,6.226863090428016,1.6356239474792489
9.102725982666016,1.8568681388094717,-0.046884130189422585,0.8380928911637646,6.339622831868005,1.6300353127501588
9.122287034988403,1.8631142602767874,-0.03998051831650143,0.6783236690544645,6.45041013695407,1.6260903941205027
9.142781257629395,1.8703466114632323,-0.03373439332464789,0.5984390539474047,6.561526225683403,1.621816732274127
9.164019584655762,1.8759352464811956,-0.03274816306589473,0.4672704814991101,6.674614829227454,1.6165568407742799
9.186493635177612,1.8844825706438704,-0.03603559726504299,0.3653600551254752,6.803154541924204,1.607023287440053
9.20603346824646,1.8894137192090454,-0.035049367004306886,0.3341294393112104,6.915914488078853,1.599462193424536
9.227635383605957,1.8953310974968334,-0.03274816306589473,0.2789005592568934,7.026044505878133,1.592558585851228
9.248131513595581,1.9028921919910697,-0.03603559726504299,0.22958905745133643,7.144064481563437,1.588284924022948
9.270134210586548,1.908152083823463,-0.03767931436816083,0.21282314644620054,7.257153306206474,1.5876274375880153
9.291921615600586,1.9163706648287597,-0.03866554463116709,0.1940847750821303,7.361694760253676,1.588284924022948
9.314195394515991,1.920973070200987,-0.03899428805235855,0.19079734148300598,7.450785150189142,1.5899286401104973
9.335731983184814,1.925575475579938,-0.0412954920033525,0.19145482820346696,7.5109458359294585,1.590914869763177
9.356714248657227,1.927219191788347,-0.041624235425302386,0.19112608484327626,7.549080485225317,1.5922298426335924
9.376601696014404,1.9288629079976236,-0.040638005159737284,0.19901592546593877,7.567490317867452,1.592558585851228
9.396713018417358,1.9295203944815782,-0.03998051831650143,0.19868718210757244,7.574065258405182,1.5945310451573078
9.418884038925171,1.9265617053048791,-0.03767931436816083,0.18948236804112867,7.571435282170589,1.5978184773351352
9.442171096801758,1.9311641106920745,-0.03636434068547742,0.18225001408797536,7.560586630477635,1.6047220849128399
9.462181091308594,1.9288629079976236,-0.03472062358425049,0.17962006718631207,7.544149280269047,1.615241867899892
9.483731031417847,1.927219191788347,-0.035706853844703124,0.17764760700669102,7.527383184098075,1.6293778263117322
9.503399848937988,1.9291916512395835,-0.035378110424457765,0.1753464034601382,7.5089733542168675,1.6464724737309693
9.525029182434082,1.9308353674499052,-0.035049367004306886,0.17501766009602265,7.486289815561567,1.6694844991728897
9.545013666152954,1.9308353674499052,-0.03767931436816083,0.1753464034601382,7.4645925195025695,1.693811497591922
9.567012071609497,1.9285341647556988,-0.038336801210070326,0.17468891673182646,7.436977781578421,1.7230696444802758
9.587730169296265,1.9288629079976236,-0.03965177489502569,0.17173022645042826,7.413636755282408,1.7562727102551798
9.611355781555176,1.933136570145825,-0.03965177489502569,0.1691002795281321,7.384707035318278,1.8022967622249044
9.632874965667725,1.9328078269034454,-0.03899428805235855,0.1691002795281321,7.351174863722286,1.9140694621451493
9.652652025222778,1.9328078269034454,-0.038336801210070326,0.16712781933300738,7.318628936365805,2.027814625498208
9.672205448150635,1.9344515431156935,-0.03866554463116709,0.1648266157683354,7.281480559301814,2.0702225055391525
9.692279815673828,1.9344515431156935,-0.037021827526629913,0.1644978724016286,7.238414747829935,2.092905790510718
9.715723514556885,1.935766516086125,-0.03603559726504299,0.1648266157683354,7.184171559555057,2.1267663467441498
9.738263130187988,1.9364240025715524,-0.035049367004306886,0.16614158923434963,7.128942142144708,2.1754203507705445
9.761355876922607,1.9387252052716624,-0.035706853844703124,0.16614158923434963,7.071740256762212,2.2388678036579064
9.783200979232788,1.9393826917577273,-0.03439188016428854,0.16384038566797104,7.005662230816787,2.3197386533464557
9.805501699447632,1.9403689214870905,-0.035378110424457765,0.1635116423010202,6.9432004289580025,2.4127730093703805
9.828025817871094,1.9413551512167742,-0.03636434068547742,0.15299185451549702,6.871204999992419,2.5192858475882893
9.851066827774048,1.9416838944600732,-0.03800805778906824,0.15923797852324412,6.795593380861025,2.6356609945110208
9.87363338470459,1.9420126377034082,-0.03735057094734806,0.15693677494488095,6.710119399239633,2.7536798686151323
9.894806861877441,1.9423413809467787,-0.03767931436816083,0.15595054483864113,6.630562868358314,2.86479514217986
9.918078184127808,1.9436563539206178,-0.036693084106006385,0.15726551831346386,6.536541539657062,2.987416448018367
9.93942928314209,1.944313840407752,-0.03800805778906824,0.15430682799326992,6.442520238616861,3.1005042067488744
9.962326526641846,1.9439850971641672,-0.03735057094734806,0.15496431473166428,6.341924051476476,3.204715903102424
9.985013008117676,1.9446425836513732,-0.03800805778906824,0.15956672189125481,6.234095492537673,3.3115575600309097
10.007572889328003,1.9436563539206178,-0.03932303147364474,0.15496431473166428,6.12297951334695,3.4131393323194343
10.031619787216187,1.9420126377034082,-0.03866554463116709,0.15496431473166428,6.008576116257546,3.5153786045870166
10.05461597442627,1.9426701241901847,-0.037021827526629913,0.15200562440630544,5.896145227336526,3.615974171795053
10.076406955718994,1.9426701241901847,-0.03603559726504299,0.14970442081531538,5.783385627900032,3.7145972901589652
10.099352836608887,1.9420126377034082,-0.037021827526629913,0.14707447384924502,5.669968572335648,3.811247959458093
10.123507499694824,1.940697664730283,-0.03899428805235855,0.1533205978850633,5.546689202035548,3.9148022632344683
10.148264169692993,1.9410264079735104,-0.040638005159737284,0.15167688103641064,5.412232545892507,4.0272326688147615
10.172269105911255,1.9397114350008127,-0.040638005159737284,0.14345829676227684,5.273830997319204,4.138019374800976
10.191990613937378,1.9403689214870905,-0.042281722269486954,0.14280081001811723,5.161729063632688,4.230396436062393
10.212812900543213,1.9387252052716624,-0.04326795253647597,0.14510201362122868,5.043381012380914,4.320801047625154
10.235213279724121,1.9351090296008389,-0.04392543938161031,0.15036190755600945,4.910896980727166,4.4210679974772225
10.25730586051941,1.9337940566306888,-0.04458292622712487,0.14444452687789594,4.774139309993376,4.520677477453217
10.279766082763672,1.9324790836611012,-0.04458292622712487,0.1424720666459133,4.6380391662301745,4.618314510781555
10.300740480422974,1.930506624207771,-0.045569156496110014,0.13918463291931732,4.501610314828425,4.713321608287102
10.320806980133057,1.9295203944815782,-0.0449116696500248,0.14280081001811723,4.368797683645227,4.80274006963204
10.341931343078613,1.9262329620631975,-0.0449116696500248,0.14378704013423257,4.2277664839391464,4.888213614346512
10.362017393112183,1.922945529648282,-0.04458292622712487,0.1335959955650442,4.09528266091281,4.971714707633009
10.383620500564575,1.9193293539958514,-0.04721287361298876,0.1303085618159887,3.9624701228345836,5.053243348783948
10.406625747680664,1.9166994080694115,-0.04787036046040702,0.1404996064109505,3.8115767032543237,5.141675641606405
10.42816710472107,1.9143982053855633,-0.04951407758062101,0.1424720666459133,3.6649569855714352,5.224190548002868
10.450258016586304,1.9097958000228386,-0.051815281552929,0.1293223316896432,3.522939708850815,5.299144341257624
10.472519874572754,1.906837110864565,-0.05247276840301965,0.13786965942635615,3.3717176372729925,5.379358064617389
10.491604566574097,1.903878421708995,-0.0521440249779265,0.1375409160529082,3.244822615884291,5.448065733491954
10.512178421020508,1.8999335028390796,-0.05477397238135012,0.13556845581047447,3.121215047693212,5.509869770936374
10.531803846359253,1.8966460704511061,-0.05674643293793952,0.1362259425582851,3.007141056183973,5.569372603254843
10.553882360458374,1.8936873813047266,-0.05970512377929818,0.1349109690623309,2.886820952127006,5.631176659605849
10.57618260383606,1.8920436651134325,-0.0610200974890662,0.13786965942635615,2.7697882951970594,5.687720804888258
10.599297285079956,1.8861262868314608,-0.06332130148486398,0.1404996064109505,2.6576868002728014,5.7390050368984165
10.622539281845093,1.8811951382710794,-0.06496501862760906,0.13852714617300282,2.5577488188074535,5.776810725198833
10.644609689712524,1.878565192375129,-0.06365004491322024,0.1326097654412039,2.4680018875260092,5.798836649702538
10.666611671447754,1.8710040979354672,-0.06463627519886725,0.13063730519127004,2.3891034907429494,5.809356494699954
10.6880464553833,1.868702895283187,-0.06233507120037307,0.1326097654412039,2.3233548296352433,5.812643946322576
10.710559368133545,1.8621280305706935,-0.05970512377929818,0.12669238468237293,2.259578630685924,5.808699004378914
10.731958389282227,1.8601555711593272,-0.058718893497981234,0.12800735818667794,2.2053359889321125,5.801137865770357
10.753052711486816,1.8539094496971742,-0.05543145923316328,0.1303085618159887,2.1566819842263936,5.790946766149129
10.774149179458618,1.8509507605872981,-0.052801511828208414,0.13326725219051416,2.1188765083539995,5.779440686265471
10.796518802642822,1.8486495579479472,-0.04852784730820653,0.1316235353166127,2.0813997763680065,5.762345939661672
10.820087909698486,1.8440471526735802,-0.046884130189422585,0.13228102206642361,2.054114085904737,5.742621233006709
10.842987537384033,1.8427321797391023,-0.0412954920033525,0.1289935883140274,2.0383344096284506,5.71960907654312
10.863372802734375,1.8391160041716887,-0.03899428805235855,0.131294791941582,2.03175954454205,5.698240646789128
10.882954120635986,1.8378010312389526,-0.03767931436816083,0.13063730519127004,2.0324170310499388,5.680159668700597
10.905648469924927,1.8368148015397034,-0.035378110424457765,0.1358971991844214,2.0386631528832106,5.661749946431698
10.925091743469238,1.8358285718407132,-0.03472062358425049,0.1404996064109505,2.048196707289629,5.646627675226367
10.945199012756348,1.8378010312389526,-0.035378110424457765,0.1441157835061056,2.0616751808221436,5.633477874659213
10.965651512145996,1.8381297744720935,-0.03636434068547742,0.14017086303816662,2.0797560600664133,5.616711879582671
10.98721957206726,1.8351710853748633,-0.03735057094734806,0.14181457990125707,2.1001381422861125,5.600932120170297
11.010304689407349,1.8391160041716887,-0.03998051831650143,0.14181457990125707,2.1244651438775217,5.581864911730315
11.029526710510254,1.8378010312389526,-0.043596695958995624,0.13951337629235006,2.1481346591900796,5.563455194115407
11.05164647102356,1.8391160041716887,-0.04655538676595161,0.14181457990125707,2.1747628642223513,5.537813088869161
11.072496175765991,1.837143544772758,-0.04787036046040702,0.1411570931562695,2.2020485561459244,5.505924832091883
11.094636678695679,1.8391160041716887,-0.046884130189422585,0.14148583652880473,2.2283480185851134,5.470749129111802
11.117149353027344,1.8381297744720935,-0.04524041307301985,0.14773196059125704,2.258592400822396,5.424067359797064
11.139858961105347,1.837472288005841,-0.04096674858149746,0.1424720666459133,2.2911379865909556,5.370481955123188
11.161872863769531,1.8361573150736814,-0.03932303147364474,0.14477327024960363,2.325984776031708,5.311965386170122
11.184706926345825,1.8341848556763032,-0.03636434068547742,0.14904693407429204,2.367406432297911,5.243586484465537
11.207232236862183,1.8325411395126079,-0.038336801210070326,0.14740321722029226,2.413759239320636,5.171262658033652
11.226629257202148,1.8328698827452898,-0.040638005159737284,0.14707447384924502,2.461427020976846,5.100911311127387
11.24606990814209,1.8302399368846298,-0.0449116696500248,0.14345829676227684,2.5117247508016987,5.029902486312447
11.265047550201416,1.831883653047329,-0.045569156496110014,0.1460882437356083,2.5689260926892126,4.951332549617971
11.286659002304077,1.8289249639549807,-0.04524041307301985,0.14970442081531538,2.6363184812448575,4.861914060490828
11.309190273284912,1.8285962207226392,-0.04195297884734722,0.14543075699277114,2.715216891719028,4.755729626518616
11.330803871154785,1.82596627486492,-0.03735057094734806,0.15825174841872183,2.8029913792458174,4.646257772893339
11.35180115699768,1.824322558704758,-0.036693084106006385,0.17468891673182646,2.8861634652565815,4.539087152367409
11.371731758117676,1.8239938154728095,-0.035049367004306886,0.1881673945979763,2.9676918402290138,4.425012927026016
11.39324951171875,1.82596627486492,-0.03373439332464789,0.20756325275577664,3.0557950912975818,4.298117707374927
11.415867328643799,1.820048896691599,-0.03472062358425049,0.2506286317628269,3.146857041867104,4.16366140459314
11.438375473022461,1.8207063831548567,-0.035706853844703124,0.29961138951584754,3.2402202061297154,4.022630254159996
11.460509538650513,1.8193914102284525,-0.03767931436816083,0.3933032371745471,3.3253647904958936,3.890475218991202
11.48198413848877,1.8092003700636967,-0.04030926173807195,0.5609623198794544,3.4134680759392735,3.7517453349338052
11.505881071090698,1.7927632085619278,-0.046884130189422585,0.7509759297327083,3.5081462440558058,3.606440604391864
11.528387784957886,1.782900911692077,-0.0521440249779265,1.0034507394450418,3.600851961488208,3.4680395186864903
11.551300525665283,1.7947356679386726,-0.06069135406147996,1.2348859679184492,3.691256484262421,3.33391212375284
11.574148178100586,1.8045979648365271,-0.06365004491322024,1.4041887235460815,3.782647249791377,3.2089895691336503
11.597256898880005,1.814460261758361,-0.06365004491322024,1.565272898828584,3.8799554163537975,3.0876832101968406
11.621475458145142,1.8256375316328317,-0.0685811963501387,1.7519990483108068,3.983838474837296,2.9722942486797885
11.643992900848389,1.8308974233496247,-0.07153988722272625,1.835499828607774,4.080489183729574,2.8710412673444914
11.666372537612915,1.8345135989091277,-0.07055365693099264,1.8578543685141113,4.183386043647551,2.7760344198481732
11.687966108322144,1.8368148015397034,-0.06792370949062768,1.873962787062062,4.279708040593612,2.6948348018807287
11.710603713989258,1.8397734906382301,-0.07153988722272625,1.868702895283187,4.384248656397963,2.6113339855863624
11.734505414962769,1.8381297744720935,-0.06693747920208587,1.8223500993134856,4.496021663844629,2.526518201072808
11.757416248321533,1.8381297744720935,-0.07449857810316052,1.7930919517913204,4.6097671603243136,2.4446611114026036
11.781433582305908,1.837143544772758,-0.09718187511552909,1.7145223206534492,4.720882727549504,2.367406432297911
11.802884578704834,1.8361573150736814,-0.11690648159441908,1.6668545534038366,4.831669575359427,2.292452959765267
11.823742628097534,1.8348423421419813,-0.12249512016192604,1.5945310451573078,4.931936625889933,2.226704302172553
11.847266674041748,1.8328698827452898,-0.12052265948773921,1.529768631487866,5.04831218055541,2.149778375540619
11.869811058044434,1.830568680117113,-0.11887894226200302,1.4554726649358198,5.162386552895026,2.082386006149501
11.8936185836792,1.8308974233496247,-0.11164658649842432,1.3634245650144317,5.280734636424757,2.021897246943595
11.915153741836548,1.8262950180970365,-0.08731957200943305,1.2937310035457352,5.3954665601134995,1.9715995297523208
11.937710046768188,1.8253087884007713,-0.06299255805660403,1.2266673874987075,5.506582321896594,1.9308353674499052
11.960466861724854,1.824980045168739,-0.035049367004306886,1.1457965557351542,5.625587994533064,1.8973035569284384
11.98551869392395,1.824980045168739,-0.036693084106006385,1.064268236508873,5.747223664467302,1.868045408811385
12.009799242019653,1.8246513019367345,-0.03472062358425049,0.979781226840317,5.879050475349671,1.8065704242189569
12.034686803817749,1.821363869618225,-0.03439188016428854,0.8407228371268165,6.008576116257546,1.7164947799968449
12.058369159698486,1.8404309771048872,-0.03406313674442102,0.6852272776312969,6.140403022507144,1.6652108372987504
12.080896377563477,1.851936990290322,-0.033405649904969165,0.5563599138924441,6.261052629032573,1.6461437305109643
12.103003978729248,1.8578543685141113,-0.033405649904969165,0.4261775683849937,6.384989735669708,1.6300353127501588
12.126149892807007,1.865086719689799,-0.03472062358425049,0.33906058921824356,6.50268071828963,1.6172143272115593
12.14815092086792,1.8693603817551123,-0.03406313674442102,0.25588852529205397,6.620700489908226,1.6063658010036386
12.169662475585938,1.8772502194279106,-0.036693084106006385,0.22202796035635441,6.7301729081763995,1.594202301939596
12.191669702529907,1.883496340931699,-0.038336801210070326,0.20756325275577664,6.841289096246536,1.580723830024173
12.213204145431519,1.8884274894954325,-0.038336801210070326,0.20460456254608794,6.933009294119296,1.5682315877789998
12.23573637008667,1.8936873813047266,-0.040638005159737284,0.20723450939945887,7.026044505878133,1.557383061631743
12.261157274246216,1.8982897866446826,-0.04096674858149746,0.20756325275577664,7.109874845754034,1.5485069947924206
12.285459280014038,1.9035496784696535,-0.04096674858149746,0.1970434653145541,7.185486545814465,1.5402884143920093
12.3080313205719,1.906837110864565,-0.03932303147364474,0.19901592546593877,7.2446609338164905,1.5327273204287408
12.332542419433594,1.9084808270632712,-0.036693084106006385,0.20328958911751455,7.298246640371506,1.5281249154099024
12.353690385818481,1.912425745943586,-0.03735057094734806,0.20591953597340223,7.340983714340104,1.5271386857632259
12.375622510910034,1.9137407189047688,-0.037021827526629913,0.20460456254608794,7.370242176481339,1.529768631487866
12.397867441177368,1.917356894550817,-0.037021827526629913,0.20427581918906268,7.39752816083412,1.5363434958018845
12.418910264968872,1.9186718675140366,-0.037021827526629913,0.2029608457601743,7.417910464173034,1.5455483058475856
12.439913034439087,1.9186718675140366,-0.03866554463116709,0.20033089889861375,7.4307315912468495,1.5583692912810154
12.462308406829834,1.920973070200987,-0.03899428805235855,0.198358438749127,7.436320287852555,1.5748064521164946
12.483534097671509,1.922945529648282,-0.03932303147364474,0.19244105828356178,7.435662794128278,1.5922298426335924
12.506633996963501,1.9226167864069803,-0.03965177489502569,0.18060629727503774,7.429416603826891,1.6165568407742799
12.529804229736328,1.9232742728896182,-0.03636434068547742,0.1723877131801933,7.423499160515661,1.6431850415316471
12.551962852478027,1.9232742728896182,-0.03767931436816083,0.16942902289370254,7.412979261612866,1.6707994720578414
12.574774026870728,1.9232742728896182,-0.03866554463116709,0.16811404943093466,7.398514401283275,1.699400132378511
12.597874164581299,1.92524673233836,-0.03899428805235855,0.16942902289370254,7.378132099388854,1.7309594818716418
12.619479656219482,1.927219191788347,-0.03965177489502569,0.16942902289370254,7.357092305471781,1.7651487773831407
12.642000198364258,1.9285341647556988,-0.03965177489502569,0.16712781933300738,7.334080032714159,1.8184051805339396
12.665998697280884,1.9295203944815782,-0.03899428805235855,0.16614158923434963,7.304164080990042,1.940697664730283
12.689628601074219,1.9295203944815782,-0.038336801210070326,0.16679907596686933,7.270631919146517,2.0396493826477426
12.71277379989624,1.9311641106920745,-0.038336801210070326,0.1644978724016286,7.234469788330984,2.073509938130541
12.736343145370483,1.930177880965672,-0.03866554463116709,0.161539182097605,7.193047716924375,2.098823169234388
12.757982730865479,1.9347802863582484,-0.03866554463116709,0.1621966688324026,7.149653172420582,2.1339986986259945
12.778677463531494,1.9351090296008389,-0.03735057094734806,0.1621966688324026,7.106258634512385,2.1747628642223513
12.800436735153198,1.9370814890571215,-0.036693084106006385,0.1635116423010202,7.058919146076293,2.226704302172553
12.8210768699646,1.9380677187857398,-0.03603559726504299,0.16581284586796796,7.0007310354507535,2.2904805000041515
12.840608596801758,1.9380677187857398,-0.03636434068547742,0.16548410250150505,6.946816638178586,2.361489052770408
12.860002517700195,1.9370814890571215,-0.03735057094734806,0.1608816953624813,6.89060102709087,2.4361137850220214
12.879546880722046,1.9370814890571215,-0.03735057094734806,0.16022420862703127,6.829782980211993,2.516327157536734
12.899625539779663,1.9364240025715524,-0.03932303147364474,0.15726551831346386,6.764033754101622,2.605745348462977
12.92046070098877,1.9383964620286833,-0.03998051831650143,0.15726551831346386,6.691709621688988,2.703710873221338
12.94362759590149,1.9380677187857398,-0.038336801210070326,0.15364934125454754,6.609523128038721,2.808251273834478
12.965203046798706,1.9383964620286833,-0.03899428805235855,0.15200562440630544,6.523062959849298,2.9144354010405586
12.988540172576904,1.9380677187857398,-0.03899428805235855,0.15167688103641064,6.429699154226604,3.0199620516955963
13.011756181716919,1.9351090296008389,-0.03932303147364474,0.15134813766643368,6.328116734064532,3.124831226316765
13.033265829086304,1.9380677187857398,-0.0412954920033525,0.15430682799326992,6.22521936269728,3.2224680544411255
13.052510023117065,1.9383964620286833,-0.0429392091140513,0.14773196059125704,6.134814349662302,3.3039964577275973
13.07201337814331,1.9367527458143194,-0.042610465691721666,0.14510201362122868,6.041450651848658,3.3838811506820647
13.094168186187744,1.9377389755428316,-0.04195297884734722,0.1526631111458486,5.938553365535413,3.471984442402807
13.113888263702393,1.9367527458143194,-0.041624235425302386,0.14904693407429204,5.836313598864369,3.5554853323988995
13.13394808769226,1.9341227998731734,-0.041624235425302386,0.14444452687789594,5.734402605537849,3.6373425129728436
13.153950214385986,1.9367527458143194,-0.041624235425302386,0.14707447384924502,5.628546699561575,3.72084342144435
13.173459529876709,1.9347802863582484,-0.042281722269486954,0.145759500364231,5.527293251299462,3.803029364603872
13.195483922958374,1.933136570145825,-0.043596695958995624,0.145759500364231,5.4115750562411895,3.8957351203728234
13.2183997631073,1.9328078269034454,-0.04425418280432003,0.14378704013423257,5.282049615314774,3.9986319497213882
13.242373704910278,1.9308353674499052,-0.042281722269486954,0.14641698710690304,5.145620577014406,4.101528795831286
13.265742063522339,1.930506624207771,-0.04096674858149746,0.13951337629235006,5.00886283666653,4.2037681713635555
13.290560722351074,1.9285341647556988,-0.0429392091140513,0.13786965942635615,4.864215271394806,4.310938725665153
13.314365148544312,1.9242605026138337,-0.042610465691721666,0.1388558895462016,4.711349142411552,4.424684182895855
13.337819576263428,1.9245892458553078,-0.04096674858149746,0.14082834978365144,4.5640717122169026,4.525937384505644
13.358909130096436,1.923603016130989,-0.04096674858149746,0.1375409160529082,4.41252065021971,4.62949181544182
13.380436658859253,1.9166994080694115,-0.04096674858149746,0.13951337629235006,4.276420600159624,4.71923900596089
13.403445959091187,1.9163706648287597,-0.051486538128027004,0.1362259425582851,4.1186234812001,4.819177288581558
13.427766799926758,1.9137407189047688,-0.043596695958995624,0.11978877376273626,3.956552733175495,4.917143125285792
13.45018720626831,1.9074945973439472,-0.04392543938161031,0.13852714617300282,3.797440720159503,5.008534092148549
13.473726272583008,1.9042071649483698,-0.04425418280432003,0.13228102206642361,3.639314975266694,5.099925077372058
13.495630502700806,1.9019059622734424,-0.04655538676595161,0.13392473893949086,3.4864491628643166,5.185727422351283
13.51897668838501,1.8973035569284384,-0.04754161703665025,0.14280081001811723,3.343116944279668,5.2639686559348995
13.542232990264893,1.8959885839739044,-0.05115779470322057,0.13951337629235006,3.202743441864018,5.34023743531205
13.56524920463562,1.8897424624469807,-0.05050030785389431,0.13063730519127004,3.066314882985054,5.412561290718561
13.586788415908813,1.8861262868314608,-0.051815281552929,0.1335959955650442,2.9499396935364284,5.474365322734153
13.60829210281372,1.8838250841690576,-0.052801511828208414,0.12965107506517531,2.8401393852895827,5.531238190355454
13.629686832427979,1.8821813679825827,-0.054116485529920044,0.12570615455326414,2.7349414951052315,5.584166126492809
13.65369200706482,1.8765927329544903,-0.05773266321752854,0.1299798184406238,2.6356609945110208,5.6324916396346705
13.677215814590454,1.8749490167714882,-0.05608894608535969,0.1289935883140274,2.5442703415965724,5.6752284930063635
13.69975233078003,1.8690316385191341,-0.05806140664425011,0.1283361015625448,2.4657006842306117,5.71040421434828
13.724282026290894,1.8696891249911216,-0.05937638035209647,0.127349871434693,2.3966645869340724,5.736703821211138
13.746341228485107,1.8631142602767874,-0.058718893497981234,0.12307620753861472,2.3378195348642454,5.7511686057638824
13.770203113555908,1.8611418008648737,-0.05773266321752854,0.120117517140703,2.2845631207334502,5.757414762901184
13.795557260513306,1.8568681388094717,-0.0603626106339899,0.1227474641614055,2.2349228842490194,5.75675727267133
13.82060170173645,1.8532519632281044,-0.05378774210434861,0.1227474641614055,2.187255108673118,5.7528123313162975
13.844942569732666,1.8506220173530161,-0.0531302552534928,0.1220899774067348,2.146162199571058,5.744593703625812
13.869548082351685,1.8466770985439414,-0.051486538128027004,0.1224187207841122,2.1123016430497135,5.73506009572879
13.89313793182373,1.8440471526735802,-0.050171564429374454,0.12340495091573989,2.085344695496412,5.722239037211147
13.917471885681152,1.8407597203382593,-0.04852784730820653,0.1220899774067348,2.0666063296937223,5.707116763618353
13.94098711013794,1.8410884635716607,-0.04655538676595161,0.12044626051858548,2.055757802189182,5.6903507653363485
13.964921236038208,1.838458517705263,-0.04524041307301985,0.11781631349316532,2.0547715724183857,5.670954807455923
13.987261295318604,1.838458517705263,-0.045897899919295354,0.11978877376273626,2.0551003156752747,5.650901360506942
14.011030435562134,1.837472288005841,-0.04392543938161031,0.12307620753861472,2.059373978018766,5.6308479145993395
14.035715341567993,1.8345135989091277,-0.04425418280432003,0.1316235353166127,2.066935072952178,5.603890825011506
14.059711694717407,1.8351710853748633,-0.04096674858149746,0.13293850881590075,2.0784410870259444,5.573975032646996
14.083122730255127,1.8335273692107394,-0.03965177489502569,0.13688342930576294,2.0938920202969666,5.541429283098136
14.102132797241211,1.8312261665821645,-0.040638005159737284,0.13786965942635615,2.11164415652032,5.506582321896594
14.12174940109253,1.8315549098147323,-0.042281722269486954,0.13852714617300282,2.1310400092169712,5.475680302241235
14.14354157447815,1.8322123962799544,-0.043596695958995624,0.1375409160529082,2.156024497683948,5.441490836448349
14.166259765625,1.8302399368846298,-0.046226643342575896,0.13655468593206563,2.1859401355695334,5.399740242697963
14.187870979309082,1.8289249639549807,-0.045897899919295354,0.1362259425582851,2.214212057481368,5.3530584814846485
14.210624694824219,1.8292537071873507,-0.045569156496110014,0.1388558895462016,2.2414977499349145,5.297829362314339
14.232158184051514,1.8269525045613537,-0.04655538676595161,0.14214332327362658,2.2700984159287,5.241614016310528
14.256152391433716,1.8262950180970365,-0.05050030785389431,0.14740321722029226,2.3010002854212734,5.174550104427202
14.278930187225342,1.8233363290089963,-0.051815281552929,0.14477327024960363,2.340120737979834,5.099596332787437
14.30185341835022,1.8216926128499507,-0.05378774210434861,0.15233436777611808,2.387788517495843,5.018067683266535
14.325489521026611,1.821035126386527,-0.05839015007106768,0.15463557136250808,2.447291057990581,4.928320436809957
14.34980821609497,1.8180764373024902,-0.06069135406147996,0.15299185451549702,2.519614590927719,4.8257521763187885
14.372109413146973,1.8216926128499507,-0.06365004491322024,0.16055295199479708,2.598184251214894,4.722197704824328
14.39396357536316,1.8184051805339396,-0.06562250548538201,0.1940847750821303,2.679383863028411,4.614040835535054
14.417038917541504,1.8190626669969205,-0.06693747920208587,0.22531539388093677,2.7609122233803953,4.497665384716096
14.440213918685913,1.8190626669969205,-0.06759496606101711,0.2749556391745239,2.8486867142840153,4.36090782538497
14.462761163711548,1.814460261758361,-0.06595124891441317,0.3275545727439291,2.933173777488942,4.223492811764278
14.486528396606445,1.8049267080668656,-0.0610200974890662,0.4219039053643481,3.022591999512862,4.068983146167558
14.509072303771973,1.790462005956902,-0.05641768951160167,0.5136232863425685,3.106421589830248,3.921377140212242
14.529982089996338,1.7661350070650992,-0.06003386720659601,0.6322996113305256,3.1938673663440023,3.767196292190453
14.550484418869019,1.759560142522778,-0.05970512377929818,0.7506471864765962,3.270793357090164,3.628466432716074
14.57009220123291,1.760217628976581,-0.06134884091674858,0.8703097290514117,3.34574689302002,3.49335277954186
14.590002059936523,1.7671212367472753,-0.0610200974890662,1.0593370881283044,3.4216866664783843,3.3618553292339897
14.609401941299438,1.7736961013007027,-0.054116485529920044,1.1974092411442296,3.4953252414608844,3.2369327706052755
14.627909183502197,1.7822434252349004,-0.05115779470322057,1.4120785606804598,3.5706075417922376,3.1195713301415866
14.647909879684448,1.787174573666192,-0.04885659073224932,1.5084003224900286,3.646218593336997,3.0051685953503475
14.666910171508789,1.7950644111682208,-0.04819910388425913,1.6583072296621255,3.725774577761242,2.896025768354143
14.686481237411499,1.7963793840866746,-0.04326795253647597,1.6533760813548555,3.8076317777100317,2.794772793998343
14.706483840942383,1.797365613775789,-0.042610465691721666,1.6727719313858045,3.8957351203728234,2.6922048548287987
14.725531578063965,1.7976943570055461,-0.04787036046040702,1.7401642921774572,3.9854821942518144,2.6011429414374203
14.744653463363647,1.8009817893045605,-0.05345899867887288,1.7644912909286214,4.071613097591293,2.5169846442143426
14.764677047729492,1.8055841945276219,-0.052801511828208414,1.792434465332561,4.161688940723803,2.4387437315957325
14.783541202545166,1.80591293775804,-0.05050030785389431,1.7960506408570223,4.249792333340378,2.369050148836986
14.80276608467102,1.8045979648365271,-0.05937638035209647,1.7339181708966247,4.339539459826444,2.3072464080413866
14.822312831878662,1.8052554512972303,-0.07581355183032076,1.6760593636005157,4.428300368338583,2.2536612515123764
14.842820882797241,1.8019680189947789,-0.07975847302113381,1.6254329076824359,4.526923617083837,2.203363529259765
14.862863302230835,1.8029542486852352,-0.08041595988763212,1.5527806566030296,4.619629487787679,2.1589831871265246
14.885656595230103,1.8003243028445473,-0.08797705888042481,1.4492265438660021,4.721211471867881,2.1126303863144806
14.907753229141235,1.8003243028445473,-0.10309925702172745,1.3584934168032743,4.826080920708017,2.064305126885761
14.930923461914062,1.7967081273163534,-0.11887894226200302,1.2703902352580105,4.936210303929818,2.016637354906192
14.954012870788574,1.7937494382501837,-0.1172352250387666,1.176040931943082,5.047983436008762,1.9739007324798112
14.976757049560547,1.7927632085619278,-0.10967412584399888,1.0836640867582326,5.165673999221588,1.9337940566306888
14.999968767166138,1.792434465332561,-0.083374650791701,1.0399412377817638,5.27481723147025,1.898947273122343
15.023545503616333,1.7947356679386726,-0.03800805778906824,0.9702476731122511,5.393822836054391,1.8673879223397063
15.047542572021484,1.7947356679386726,-0.038336801210070326,0.9166625258381327,5.514800944546786,1.84174595003855
15.070055484771729,1.7960506408570223,-0.03439188016428854,0.8614336615044043,5.631834149619702,1.807556653910533
15.090668439865112,1.7993380731547246,-0.032419419646499026,0.8062047961701369,5.7396625270973525,1.7500265889531894
15.110327959060669,1.799666816384639,-0.032090676227197606,0.7417711185453459,5.839601050725851,1.689537835700074
15.129866361618042,1.7990093299248364,-0.033405649904969165,0.6454493422072669,5.938224620258994,1.651403622033003
15.151838302612305,1.8039404783759307,-0.035706853844703124,0.5908779585338073,6.042436887963495,1.6323365152851301
15.173353433609009,1.8151177482206833,-0.03373439332464789,0.5589898601720648,6.153552841321569,1.622474218711869
15.193352699279785,1.838458517705263,-0.035706853844703124,0.5004735545925847,6.259737646714701,1.6175430704302205
15.212374687194824,1.8525944767591536,-0.035049367004306886,0.4652980216918896,6.356388860809355,1.6126119221517958
15.2318856716156,1.8594980846891143,-0.035378110424457765,0.40645296973703704,6.453368848879883,1.6063658010036386
15.250885248184204,1.865415462925408,-0.035706853844703124,0.3689762316533819,6.546403915486225,1.5997909366424556
15.269668102264404,1.8723190708803097,-0.03603559726504299,0.32821205940192516,6.638452771341501,1.594202301939596
15.289742708206177,1.8775789626646682,-0.03439188016428854,0.283831709344915,6.732145384535716,1.5902573833280444
15.307743310928345,1.8838250841690576,-0.03636434068547742,0.2572034986713446,6.828796741715136,1.5876274375880153
15.327759742736816,1.8880987462576262,-0.03472062358425049,0.2259728805849246,6.919530696966954,1.585654978283513
15.346517562866211,1.894673611019893,-0.03406313674442102,0.21775429676280106,7.010264679900001,1.5859837215008992
15.366827487945557,1.8986185298834963,-0.035049367004306886,0.20986445624780456,7.097053733375058,1.5872986943705674
15.388341188430786,1.9048646514272192,-0.035049367004306886,0.21019319960349497,7.182199080177368,1.588284924022948
15.41043734550476,1.9114395162230533,-0.035378110424457765,0.19770095203199886,7.259454532760064,1.5902573833280444
15.433953762054443,1.912425745943586,-0.03603559726504299,0.19901592546593877,7.327505097992485,1.5951885315927699
15.456955194473267,1.919000610754927,-0.03636434068547742,0.19770095203199886,7.3758308718507575,1.602092139168262
15.479466199874878,1.9206443269598914,-0.037021827526629913,0.200659642256585,7.408705552799438,1.6109682060596913
15.501476049423218,1.9216305566832812,-0.03636434068547742,0.20427581918906268,7.429087856972894,1.622474218711869
15.524014949798584,1.9249179890968167,-0.035706853844703124,0.203618332474776,7.4379640221702035,1.6352952042597675
15.54714560508728,1.9259042188215503,-0.035378110424457765,0.20033089889861375,7.4399365033645,1.6520611084735541
15.570703268051147,1.9249179890968167,-0.035706853844703124,0.18948236804112867,7.434019059824537,1.6724431881644326
15.59123682975769,1.9278766782719532,-0.036693084106006385,0.18192127072554826,7.424814147907048,1.692825267924284
15.613621711730957,1.9268904485465956,-0.037021827526629913,0.17600389018812748,7.413636755282408,1.7155085503250536
15.633181810379028,1.9265617053048791,-0.037021827526629913,0.17468891673182646,7.3988431481004495,1.738849319275562
15.653181552886963,1.9288629079976236,-0.03636434068547742,0.1723877131801933,7.377803352596517,1.7638338044741986
15.673730373382568,1.927219191788347,-0.03472062358425049,0.16975776625919192,7.356106065171376,1.798023100235329
15.695718050003052,1.930506624207771,-0.035706853844703124,0.1700865096246003,7.330135071862412,1.873962787062062
15.717787742614746,1.9328078269034454,-0.03406313674442102,0.16975776625919192,7.297917893674166,1.9834342866563655
15.739801168441772,1.9308353674499052,-0.03406313674442102,0.16844279279674823,7.265700719215116,2.048196707289629
15.762102127075195,1.9298491377236076,-0.03373439332464789,0.16811404943093466,7.223292403384212,2.071208735316105
15.781903266906738,1.9328078269034454,-0.03472062358425049,0.16712781933300738,7.178582868020527,2.0938920202969666
15.80269455909729,1.9324790836611012,-0.035706853844703124,0.16811404943093466,7.1335445931875645,2.119205251619709
15.823429107666016,1.933136570145825,-0.04326795253647597,0.16647033260065008,7.086533846721013,2.155367011141701
15.843849182128906,1.933136570145825,-0.035706853844703124,0.16548410250150505,7.033605672794937,2.200076096476748
15.86375641822815,1.9298491377236076,-0.035706853844703124,0.16679907596686933,6.97969126948694,2.2559624545221406
15.88426947593689,1.9334653133882391,-0.03636434068547742,0.1621966688324026,6.9238043984368565,2.3203961399438713
15.90327525138855,1.9351090296008389,-0.03800805778906824,0.15890923515515173,6.8639725834294305,2.393048410490525
15.923043727874756,1.9351090296008389,-0.037021827526629913,0.15397808462394974,6.800195826703174,2.4765492140819982
15.94303274154663,1.9367527458143194,-0.03636434068547742,0.16022420862703127,6.728200431829715,2.569912322741862
15.964234828948975,1.9344515431156935,-0.036693084106006385,0.14970442081531538,6.649630134241141,2.6685353316051295
15.984566688537598,1.9347802863582484,-0.03767931436816083,0.15825174841872183,6.564813684516996,2.770774525402962
16.00440263748169,1.9337940566306888,-0.03800805778906824,0.15463557136250808,6.476052307874234,2.8710412673444914
16.025097370147705,1.9354377728434644,-0.03800805778906824,0.15463557136250808,6.379401058778028,2.969335557530537
16.044573068618774,1.9334653133882391,-0.03735057094734806,0.14904693407429204,6.274202452493157,3.066314882985054
16.063968896865845,1.9334653133882391,-0.03735057094734806,0.15496431473166428,6.170976352022197,3.155733116935959
16.082934856414795,1.9314928539342788,-0.03636434068547742,0.1375409160529082,6.057559175402469,3.247123820770503
16.10300636291504,1.9291916512395835,-0.036693084106006385,0.14937567744484487,5.94381328999877,3.3325971494000246
16.122538805007935,1.9298491377236076,-0.03735057094734806,0.145759500364231,5.826122498279291,3.418399230252776
16.142526388168335,1.9298491377236076,-0.03800805778906824,0.14806070396213938,5.701199352375927,3.5051875511305943
16.162147998809814,1.9249179890968167,-0.03866554463116709,0.14280081001811723,5.576604992323833,3.589017188418569
16.182924509048462,1.923603016130989,-0.03932303147364474,0.14148583652880473,5.44675075407471,3.677120503596719
16.203312873840332,1.92195929992448,-0.03965177489502569,0.14082834978365144,5.310650407186731,3.7662100608659363
16.225478410720825,1.919000610754927,-0.040638005159737284,0.14148583652880473,5.161400319001889,3.8681206385865314
16.245249271392822,1.9153844351070088,-0.03998051831650143,0.14312955339023842,5.022998851164757,3.965428817684618
16.265846967697144,1.9143982053855633,-0.03899428805235855,0.14345829676227684,4.888542358778985,4.06175077981024
16.286664485931396,1.911110772982943,-0.03735057094734806,0.14477327024960363,4.755072137835927,4.159058988908201
16.30740189552307,1.91308323242411,-0.03767931436816083,0.14477327024960363,4.621930697556561,4.256695957952627
16.328205108642578,1.908152083823463,-0.038336801210070326,0.13688342930576294,4.491419245431621,4.35499043176348
16.34927201271057,1.9074945973439472,-0.038336801210070326,0.131294791941582,4.361565313569032,4.450326225648133
16.368972301483154,1.9042071649483698,-0.03800805778906824,0.13951337629235006,4.231053924095067,4.541717105979398
16.390368938446045,1.9025634487518277,-0.038336801210070326,0.13951337629235006,4.101857539776142,4.639682887552137
16.41032075881958,1.9015772190342994,-0.03866554463116709,0.13951337629235006,3.9756198778284433,4.7287725912509755
16.43107771873474,1.8986185298834963,-0.03998051831650143,0.1362259425582851,3.854642141941365,4.8165473335118865
16.450520992279053,1.8999335028390796,-0.041624235425302386,0.13655468593206563,3.739910559394197,4.900705902942167
16.470353364944458,1.8953310974968334,-0.043596695958995624,0.13852714617300282,3.630438894986098,4.980590808986305
16.49099063873291,1.8953310974968334,-0.045897899919295354,0.138198402799721,3.5239259398471905,5.05751702795912
16.511073350906372,1.8953310974968334,-0.045569156496110014,0.1335959955650442,3.4223441537251023,5.132142047850111
16.531686782836914,1.891057435399045,-0.04524041307301985,0.12866484493832794,3.323721072571701,5.203808378427094
16.551793098449707,1.8897424624469807,-0.04852784730820653,0.13063730519127004,3.227727951201114,5.2682423371732865
16.572585821151733,1.891057435399045,-0.04721287361298876,0.12340495091573989,3.133378557663473,5.330046347610228
16.59321165084839,1.885468800356329,-0.05674643293793952,0.127349871434693,3.042645351845142,5.387905429496013
16.61356544494629,1.8861262868314608,-0.0508290512785097,0.1224187207841122,2.953555871542154,5.43918962250824
16.633612155914307,1.8844825706438704,-0.0521440249779265,0.127349871434693,2.870712523913904,5.487843862885458
16.65335464477539,1.8788939356120122,-0.05444522895558723,0.12866484493832794,2.7901703862848493,5.5276219962193
16.674057483673096,1.8775789626646682,-0.05444522895558723,0.12636364130608718,2.713573174784313,5.567400133531821
16.69384217262268,1.873962787062062,-0.05543145923316328,0.11978877376273626,2.6405921450227434,5.597973415351491
16.714717864990234,1.873962787062062,-0.05477397238135012,0.12504866780010554,2.5728710129039727,5.625587994533064
16.73489499092102,1.8710040979354672,-0.05477397238135012,0.12176123402927327,2.5071223440810098,5.647942655307663
16.755709409713745,1.8667304358681505,-0.05378774210434861,0.1224187207841122,2.446304828019573,5.666352376916284
16.77627968788147,1.8621280305706935,-0.052801511828208414,0.120117517140703,2.3897609773668926,5.678844688509272
16.7963969707489,1.8594980846891143,-0.051486538128027004,0.12077500389638372,2.3338746152445577,5.688707040054174
16.815838098526,1.8575256252792014,-0.050171564429374454,0.11551510984149174,2.2829194042727208,5.693309470862058
16.837250471115112,1.8535807064626244,-0.04951407758062101,0.11617259659953523,2.2336079111144844,5.696596921473033
16.8569815158844,1.8502932741187639,-0.04655538676595161,0.11847380025002636,2.188241338501351,5.696596921473033
16.87673020362854,1.8476633282458117,-0.045897899919295354,0.11715882673596666,2.1471484293803473,5.694624451103055
16.89666771888733,1.8437184094399173,-0.046226643342575896,0.11715882673596666,2.108685467140364,5.693638215921884
16.916910886764526,1.8420746932720384,-0.04458292622712487,0.11847380025002636,2.0754823976875008,5.691337000509042
16.93724226951599,1.8407597203382593,-0.04458292622712487,0.11584385322055575,2.047210477521792,5.687720804888258
16.956248998641968,1.837472288005841,-0.04458292622712487,0.1174875701146082,2.02419844971325,5.68344711919864
16.975247859954834,1.837143544772758,-0.042610465691721666,0.11715882673596666,2.0031588816075803,5.676872218230733
16.996788024902344,1.8335273692107394,-0.045569156496110014,0.10302286137420433,1.9847492596487588,5.665366141807811
17.017414093017578,1.831883653047329,-0.04326795253647597,0.1165013399784302,1.9719282729989922,5.656161280917198
17.038201093673706,1.8312261665821645,-0.042610465691721666,0.11683008335724065,1.963052205352016,5.6446552051128105
17.059200048446655,1.8315549098147323,-0.04458292622712487,0.11715882673596666,1.9584497999161037,5.632820384642572
17.08224892616272,1.8289249639549807,-0.046226643342575896,0.11946003038468526,1.9574635701807768,5.617369369572051
17.103617668151855,1.8295824504197487,-0.04885659073224932,0.127349871434693,1.9614084891240735,5.598302160330252
17.12550187110901,1.8269525045613537,-0.0521440249779265,0.1316235353166127,1.9709420432590912,5.57923495201827
17.14560031890869,1.8269525045613537,-0.05345899867887288,0.1342534823138542,1.983763029904406,5.5595102547384645
17.165129899978638,1.8253087884007713,-0.052801511828208414,0.13655468593206563,2.002501395106929,5.533539404822867
17.187129497528076,1.8266237613291811,-0.0521440249779265,0.13655468593206563,2.026828395738179,5.501322403489172
17.208139181137085,1.8256375316328317,-0.04951407758062101,0.1362259425582851,2.0547715724183857,5.466146700912069
17.228999853134155,1.8262950180970365,-0.046226643342575896,0.1349109690623309,2.085344695496412,5.427026063326813
17.248993635177612,1.824980045168739,-0.042281722269486954,0.13655468593206563,2.1182190218227217,5.3836317470345385
17.26793122291565,1.8246513019367345,-0.038336801210070326,0.13688342930576294,2.1478059159201197,5.342209903928274
17.28646421432495,1.824980045168739,-0.03439188016428854,0.14345829676227684,2.1770640671419224,5.297171872844236
17.305468559265137,1.8230075857771315,-0.028803242039364962,0.13918463291931732,2.206650962048071,5.2527913359761005
17.324760675430298,1.8230075857771315,-0.03143318938887754,0.13655468593206563,2.2372240872365725,5.206767080402437
17.344187021255493,1.8226788425452944,-0.027817011784850326,0.14082834978365144,2.267797212901854,5.160414085110981
17.363206148147583,1.8223500993134856,-0.025844551278358247,0.14806070396213938,2.3003427988309313,5.1107736488013815
17.38471269607544,1.821035126386527,-0.025844551278358247,0.1411570931562695,2.3351895884501346,5.059160750729636
17.406715631484985,1.819720153460012,-0.02617329469587215,0.1404996064109505,2.3713513519943707,5.0016304573258
17.428977966308594,1.8190626669969205,-0.024858321026379693,0.14378704013423257,2.407841859628094,4.945415149072499
17.45117211341858,1.8226788425452944,-0.024858321026379693,0.14378704013423257,2.447619801314388,4.887556125482253
17.47254252433777,1.8193914102284525,-0.02715952494897722,0.1441157835061056,2.485096540685903,4.83035459778852
17.4921715259552,1.8177476940710684,-0.029460728876178344,0.14510201362122868,2.5153409275208727,4.787289084330212
17.511717081069946,1.8180764373024902,-0.032090676227197606,0.1467457304781153,2.5442703415965724,4.745867296370954
17.53346538543701,1.818733923765416,-0.032419419646499026,0.14740321722029226,2.5712272961464735,4.707732954993423
17.554481744766235,1.8164327211456563,-0.03143318938887754,0.14773196059125704,2.5962117910700946,4.67387229226195
17.574033498764038,1.8180764373024902,-0.031761932807990445,0.14871819070365688,2.617908852819863,4.64264158594511
17.596007108688354,1.8203776399232143,-0.031761932807990445,0.14970442081531538,2.634017277677851,4.6160133010289925
17.617574453353882,1.8170902076083075,-0.03274816306589473,0.15003316418570356,2.648810729249824,4.589713761734708
17.64057493209839,1.8157752346831153,-0.03439188016428854,0.1526631111458486,2.6622892074936395,4.56966036392652
17.66185426712036,1.8164327211456563,-0.03439188016428854,0.1506906509262331,2.6741239689935936,4.5509219437256805
17.68486785888672,1.8161039779143722,-0.03439188016428854,0.15101939429637448,2.6833287835686708,4.536785942967769
17.70489263534546,1.8180764373024902,-0.03406313674442102,0.1506906509262331,2.6895749077823137,4.525937384505644
17.725947618484497,1.818733923765416,-0.032090676227197606,0.15299185451549702,2.693848571735616,4.518705012322121
17.745952606201172,1.8170902076083075,-0.031761932807990445,0.1526631111458486,2.695163545262603,4.5147600820821
17.765952825546265,1.8161039779143722,-0.032419419646499026,0.14641698710690304,2.695163545262603,4.514431337896766
17.786512851715088,1.8167614643769685,-0.032419419646499026,0.14082834978365144,2.695492288644563,4.517061291385188
17.805805444717407,1.8164327211456563,-0.03373439332464789,0.138198402799721,2.692533598209992,4.5236361751637295
17.825500011444092,1.8164327211456563,-0.032419419646499026,0.1358971991844214,2.6895749077823137,4.5338272451831
17.844844818115234,1.8154464914518855,-0.032090676227197606,0.13392473893949086,2.685958730602268,4.547634501654791
17.864979028701782,1.8154464914518855,-0.032419419646499026,0.13392473893949086,2.6800413497842777,4.565715433301712
17.88355803489685,1.8177476940710684,-0.031761932807990445,0.1335959955650442,2.6724802521121216,4.582481388664871
17.903659343719482,1.8203776399232143,-0.030775702550934453,0.131294791941582,2.663604180988297,4.6058222293922535
17.922614574432373,1.820048896691599,-0.030775702550934453,0.1309660485664678,2.6520981629550264,4.63245051377535
17.941614389419556,1.8180764373024902,-0.03011821571336812,0.1316235353166127,2.6402634016547237,4.658421311000064
17.960636615753174,1.8174189508396743,-0.03143318938887754,0.1309660485664678,2.6251412068137676,4.684063365269604
17.979881525039673,1.820048896691599,-0.030775702550934453,0.1299798184406238,2.6073890652615863,4.712335375348346
17.99888849258423,1.821035126386527,-0.031104445969858924,0.12767861481072734,2.587335720453516,4.74126487570326
18.018824815750122,1.8193914102284525,-0.03011821571336812,0.12866484493832794,2.56563865918538,4.769865633410499
18.03782558441162,1.819720153460012,-0.03011821571336812,0.12866484493832794,2.5413116514941136,4.805041280251194
18.05716872215271,1.8207063831548567,-0.029789472294726144,0.1293223316896432,2.51566967085942,4.834957019302516
18.075680017471313,1.8233363290089963,-0.029460728876178344,0.1260348979297176,2.489041460673202,4.866845226727322
18.094964265823364,1.8184051805339396,-0.029789472294726144,0.12504866780010554,2.460440790996887,4.900377158501179
18.113993644714355,1.8207063831548567,-0.029131985457724635,0.1260348979297176,2.431182635208072,4.932922859280263
18.132502794265747,1.819720153460012,-0.03373439332464789,0.12439118104661122,2.4015957366426215,4.966783540288612
18.152503728866577,1.820048896691599,-0.03011821571336812,0.1240624376697381,2.3720088386113423,5.00130171281304
18.171611309051514,1.820048896691599,-0.030446959132104184,0.1227474641614055,2.3440656576136174,5.033847420729861
18.190611839294434,1.8203776399232143,-0.030446959132104184,0.12340495091573989,2.3167799636610806,5.068365598355896
18.209635019302368,1.819720153460012,-0.03800805778906824,0.1224187207841122,2.2914667298844456,5.101568800298825
18.22865080833435,1.8207063831548567,-0.031761932807990445,0.1240624376697381,2.266810983034064,5.1354294939496015
18.2471764087677,1.8203776399232143,-0.032419419646499026,0.12176123402927327,2.2461001559282177,5.167317722394165
18.2666757106781,1.821363869618225,-0.032419419646499026,0.1240624376697381,2.227033045454956,5.199863442491521
18.287213802337646,1.8223500993134856,-0.033405649904969165,0.1224187207841122,2.20796593516488,5.235039122526235
18.30623173713684,1.8216926128499507,-0.03472062358425049,0.12307620753861472,2.19218625781896,5.267584847749197
18.326761722564697,1.8246513019367345,-0.03603559726504299,0.12307620753861472,2.1780502969653623,5.301445554418259
18.345777988433838,1.8230075857771315,-0.03735057094734806,0.12340495091573989,2.164571822751338,5.328731368570054
18.366095542907715,1.824322558704758,-0.03735057094734806,0.12110374727409776,2.1520795784334483,5.357989653194828
18.385117053985596,1.8272812477935545,-0.038336801210070326,0.12176123402927327,2.1422172803383153,5.383960491837692
18.405096769332886,1.8279387342580404,-0.03965177489502569,0.12176123402927327,2.1330124688225522,5.407630118355465
18.42465567588806,1.8282674774903258,-0.03800805778906824,0.11946003038468526,2.1238076573446296,5.433272215293491
18.445219039916992,1.8292537071873507,-0.03899428805235855,0.11978877376273626,2.11526033243431,5.454640630642164
18.46659541130066,1.8292537071873507,-0.038336801210070326,0.11913128700654996,2.1067130075558276,5.47370783298222
18.487013339996338,1.8292537071873507,-0.03899428805235855,0.11715882673596666,2.098823169234388,5.491460056661499
18.509010791778564,1.830568680117113,-0.03965177489502569,0.11814505687163804,2.0915908174630253,5.507568556605688
18.529197931289673,1.8312261665821645,-0.03899428805235855,0.11913128700654996,2.0850159522354637,5.520060863131744
18.551679372787476,1.831883653047329,-0.03998051831650143,0.11880254362833033,2.077454857246062,5.533210659898135
18.575316429138184,1.8312261665821645,-0.0412954920033525,0.11913128700654996,2.0708799920570766,5.544059242558112
18.598017930984497,1.8312261665821645,-0.040638005159737284,0.11255641942610795,2.065291356660339,5.553264100805604
18.6181640625,1.831883653047329,-0.0412954920033525,0.12176123402927327,2.0610176943066754,5.557209040120128
18.63807487487793,1.8331986259780002,-0.04096674858149746,0.1224187207841122,2.0580590049892202,5.56279770421651
18.657533884048462,1.8322123962799544,-0.0412954920033525,0.123733694292781,2.058387748246542,5.565427663818679
18.677918910980225,1.8322123962799544,-0.0412954920033525,0.1289935883140274,2.0587164915039065,5.5677288784849726
18.696630239486694,1.8331986259780002,-0.040638005159737284,0.1326097654412039,2.0616751808221436,5.566085153721962
18.71574091911316,1.8335273692107394,-0.03998051831650143,0.1349109690623309,2.0636476403695947,5.565427663818679
18.736027240753174,1.8312261665821645,-0.03998051831650143,0.1362259425582851,2.065620099918619,5.564112684015401
18.75476312637329,1.8322123962799544,-0.04951407758062101,0.13721217267937713,2.0679213027278087,5.560825234526395
18.77438521385193,1.8328698827452898,-0.04030926173807195,0.138198402799721,2.070551248798093,5.559181509792166
18.795814275741577,1.8325411395126079,-0.0412954920033525,0.13984211966529983,2.074496167908821,5.555894060344243
18.816431283950806,1.8322123962799544,-0.04030926173807195,0.1388558895462016,2.080742289847235,5.552277865983128
18.83594560623169,1.8348423421419813,-0.040638005159737284,0.13984211966529983,2.0892896146313156,5.546360457099913
18.855483770370483,1.8328698827452898,-0.03899428805235855,0.14082834978365144,2.0984944259715723,5.543073007758576
18.875720500946045,1.8345135989091277,-0.03899428805235855,0.13852714617300282,2.110329183462094,5.537484343940889
18.896466732025146,1.8351710853748633,-0.03998051831650143,0.14214332327362658,2.122492684279416,5.53058070051007
18.917276859283447,1.8348423421419813,-0.03998051831650143,0.1404996064109505,2.135642414966031,5.52433454703315
18.937159776687622,1.835499828607774,-0.040638005159737284,0.13852714617300282,2.1481346591900796,5.51743090383059
18.957857847213745,1.837472288005841,-0.03998051831650143,0.1404996064109505,2.160955646757157,5.5111847505598615
18.978893518447876,1.8345135989091277,-0.0412954920033525,0.09184558632531939,2.1691742285709275,5.501322403489172
18.998660802841187,1.8345135989091277,-0.04030926173807195,0.11781631349316532,2.1665442823870933,5.495733740257024
19.018415212631226,1.8348423421419813,-0.03932303147364474,0.1227474641614055,2.1665442823870933,5.490145077102805
19.03796148300171,1.8358285718407132,-0.03998051831650143,0.12044626051858548,2.1665442823870933,5.483570179373938
19.058029890060425,1.8348423421419813,-0.03866554463116709,0.1227474641614055,2.165558052568989,5.477324026631126
19.07905340194702,1.8308974233496247,-0.038336801210070326,0.12307620753861472,2.164900566023838,5.475022812487157
19.099255800247192,1.8325411395126079,-0.038336801210070326,0.12570615455326414,2.165229309296388,5.474365322734153
19.1201069355011,1.8331986259780002,-0.038336801210070326,0.1253774111767268,2.165558052568989,5.471735363732861
19.141238927841187,1.8335273692107394,-0.03899428805235855,0.12307620753861472,2.165558052568989,5.469434149620806
19.163548231124878,1.8322123962799544,-0.03866554463116709,0.12176123402927327,2.165229309296388,5.46779042526309
19.183781385421753,1.8331986259780002,-0.038336801210070326,0.11978877376273626,2.164900566023838,5.466804190651675
19.204707384109497,1.8335273692107394,-0.03735057094734806,0.11814505687163804,2.163914336206489,5.466804190651675
19.224932432174683,1.8331986259780002,-0.03932303147364474,0.11946003038468526,2.1635855929341403,5.468119170134098
19.244304895401,1.8325411395126079,-0.04030926173807195,0.1174875701146082,2.163256849661842,5.46779042526309
19.26404094696045,1.8322123962799544,-0.038336801210070326,0.1165013399784302,2.1619418765731493,5.471735363732861
19.284457206726074,1.8325411395126079,-0.03866554463116709,0.11518636646234318,2.160298160213413,5.472721598356334
19.30412793159485,1.8328698827452898,-0.03800805778906824,0.11222767604619739,2.1589831871265246,5.473050343231361
19.32358455657959,1.8328698827452898,-0.03932303147364474,0.11124144590595697,2.1573394707690388,5.474036577858052
19.34360432624817,1.8331986259780002,-0.038336801210070326,0.11058395914537254,2.155038267870652,5.475680302241235
19.362601041793823,1.8341848556763032,-0.04030926173807195,0.11518636646234318,2.152737064974702,5.476995281752611
19.384662866592407,1.8322123962799544,-0.03866554463116709,0.11485762308311002,2.1501071188108747,5.477324026631126
19.405755281448364,1.8331986259780002,-0.03998051831650143,0.10663903857472976,2.1481346591900796,5.476995281752611
19.425214767456055,1.8335273692107394,-0.03965177489502569,0.1092689856231849,2.147477172650209,5.478310261268282
