Time (s),Button (a19),Right Foot Force (ai18),Handle Force (ai20),Handle Position (ai21),Seat Position (ai22)
0.028653383255004883,1.5159614164393527,-0.026830781531181624,0.12077500389638372,2.0935632770348382,2.834222003715624
0.050776004791259766,1.529768631487866,-0.026830781531181624,0.10335160475649674,2.0965219663956405,2.8355369773960777
0.07366037368774414,1.519248848592478,-0.02617329469587215,0.11157018928612192,2.0942207635591408,2.8375094379195933
0.0964512825012207,1.542918360119496,-0.028145755202927836,0.1293223316896432,2.0942207635591408,2.8378381813405107
0.12050223350524902,1.5162901596546305,-0.029131985457724635,0.11847380025002636,2.0994806557601584,2.8352082339758224
0.14282917976379395,1.5195775918078334,-0.02715952494897722,0.12044626051858548,2.0955357366082947,2.8361944642368715
0.16510319709777832,1.5199063350231967,-0.028145755202927836,0.10795401209963777,2.0942207635591408,2.836851951078043
0.1894369125366211,1.5195775918078334,-0.02551580786093824,0.11978877376273626,2.0955357366082947,2.835865720816427
0.21329522132873535,1.5159614164393527,-0.032419419646499026,0.11978877376273626,2.0975081961833997,2.835865720816427
0.23827290534973145,1.5176051325158186,-0.024858321026379693,0.12044626051858548,2.096193223133146,2.8335645168759642
0.2619056701660156,1.5228650239618242,-0.026502038113479925,0.120117517140703,2.096193223133146,2.8355369773960777
0.2865610122680664,1.535357266154557,-0.02715952494897722,0.11913128700654996,2.095206993345937,2.8375094379195933
0.31155872344970703,1.5396309279602303,-0.029131985457724635,0.1227474641614055,2.0935632770348382,2.835865720816427
0.33651256561279297,1.5304261179191112,-0.026830781531181624,0.12077500389638372,2.0965219663956405,2.833235773456275
0.3606564998626709,1.5156326732240826,-0.026830781531181624,0.120117517140703,2.0938920202969666,2.8338932602957465
0.38654065132141113,1.5159614164393527,-0.032090676227197606,0.1174875701146082,2.096850709658181,2.8352082339758224
0.4111771583557129,1.51530393000882,-0.03274816306589473,0.120117517140703,2.096850709658181,2.8355369773960777
0.4361703395843506,1.516618902869916,-0.028803242039364962,0.11814505687163804,2.0945495068213607,2.833235773456275
0.45995140075683594,1.5159614164393527,-0.03406313674442102,0.1174875701146082,2.098165682708802,2.834879490555662
0.4843482971191406,1.522207537530962,-0.03011821571336812,0.10466657828481303,2.095206993345937,2.8378381813405107
0.5080509185791016,1.537329725449293,-0.030446959132104184,0.120117517140703,2.095206993345937,2.8371806944987714
0.5310516357421875,1.5360147525860997,-0.031761932807990445,0.11847380025002636,2.094878250083626,2.8375094379195933
0.5535409450531006,1.5317410907817046,-0.030446959132104184,0.1076252687185384,2.0975081961833997,2.834879490555662
0.5749685764312744,1.5287824018410623,-0.030775702550934453,0.10433783490286193,2.0965219663956405,2.8352082339758224
0.5984592437744141,1.51530393000882,-0.029460728876178344,0.11584385322055575,2.096850709658181,2.8355369773960777
0.6199479103088379,1.52648119933215,-0.029789472294726144,0.11978877376273626,2.0965219663956405,2.8335645168759642
0.6429195404052734,1.524508740039122,-0.030446959132104184,0.12077500389638372,2.0971794529207677,2.8338932602957465
0.6653378009796143,1.5376584686651138,-0.031104445969858924,0.13392473893949086,2.0965219663956405,2.832249543197776
0.6878790855407715,1.5304261179191112,-0.030775702550934453,0.12110374727409776,2.0965219663956405,2.8335645168759642
0.7095062732696533,1.5284536586254782,-0.031104445969858924,0.12044626051858548,2.096850709658181,2.8325782866171814
0.7327694892883301,1.521221307884729,-0.029131985457724635,0.10828275548065208,2.0942207635591408,2.8361944642368715
0.7541928291320801,1.5189201053771306,-0.02748826836686677,0.12077500389638372,2.095864479870697,2.833235773456275
0.7761917114257812,1.5294398882722564,-0.029131985457724635,0.12044626051858548,2.0965219663956405,2.8325782866171814
0.7993109226226807,1.5268099425476838,-0.031104445969858924,0.10269411799182653,2.095864479870697,2.8338932602957465
0.820836067199707,1.5159614164393527,-0.033405649904969165,0.11978877376273626,2.0975081961833997,2.8361944642368715
0.8428521156311035,1.5396309279602303,-0.029789472294726144,0.1253774111767268,2.0942207635591408,2.835865720816427
0.865398645401001,1.5422608736875683,-0.03011821571336812,0.12439118104661122,2.0945495068213607,2.83652320765741
0.8869214057922363,1.516618902869916,-0.02847449862109938,0.11354264956533121,2.095206993345937,2.834222003715624
0.9095311164855957,1.5425896169035276,-0.029131985457724635,0.1342534823138542,2.0942207635591408,2.8355369773960777
0.9327008724212646,1.51530393000882,-0.03011821571336812,0.11913128700654996,2.0998093990231124,2.8338932602957465
0.9528906345367432,1.5435758465514615,-0.028803242039364962,0.15956672189125481,2.094878250083626,2.834222003715624
0.9738991260528564,1.5399596711761152,-0.028803242039364962,0.1700865096246003,2.095864479870697,2.8338932602957465
0.9957280158996582,1.524508740039122,-0.029789472294726144,0.12077500389638372,2.0965219663956405,2.833235773456275
1.0158791542053223,1.516618902869916,-0.030446959132104184,0.11978877376273626,2.0935632770348382,2.8345507471355957
1.0358831882476807,1.51727638930051,-0.026830781531181624,0.11913128700654996,2.0955357366082947,2.833235773456275
1.0574760437011719,1.51727638930051,-0.02715952494897722,0.12044626051858548,2.0955357366082947,2.834222003715624
1.0794622898101807,1.516618902869916,-0.02847449862109938,0.11551510984149174,2.095206993345937,2.8338932602957465
1.1011769771575928,1.516618902869916,-0.028145755202927836,0.11978877376273626,2.0935632770348382,2.8325782866171814
1.1238019466400146,1.533056063644437,-0.028145755202927836,0.12044626051858548,2.096193223133146,2.8338932602957465
1.1453089714050293,1.5159614164393527,-0.03307690648538475,0.11485762308311002,2.097836939446078,2.8355369773960777
1.1673190593719482,1.5389734415284884,-0.028803242039364962,0.15989546525918386,2.0965219663956405,2.831920799778465
1.1889817714691162,1.5176051325158186,-0.02715952494897722,0.11978877376273626,2.095864479870697,2.832249543197776
1.210496425628662,1.51530393000882,-0.029131985457724635,0.1174875701146082,2.098165682708802,2.8325782866171814
1.2335574626922607,1.5300973747034843,-0.028145755202927836,0.12110374727409776,2.096850709658181,2.8315920563592476
1.2541592121124268,1.5189201053771306,-0.028145755202927836,0.12077500389638372,2.0955357366082947,2.831920799778465
1.277794361114502,1.5159614164393527,-0.027817011784850326,0.11518636646234318,2.0975081961833997,2.831920799778465
1.3009204864501953,1.5383159550967829,-0.02847449862109938,0.13556845581047447,2.096850709658181,2.8312633129401252
1.3260717391967773,1.5389734415284884,-0.02847449862109938,0.16942902289370254,2.095864479870697,2.8315920563592476
1.3488690853118896,1.521221307884729,-0.02617329469587215,0.12044626051858548,2.0955357366082947,2.8352082339758224
1.3729186058044434,1.52648119933215,-0.02715952494897722,0.12077500389638372,2.096850709658181,2.8352082339758224
1.397350788116455,1.5396309279602303,-0.02847449862109938,0.12636364130608718,2.0938920202969666,2.83652320765741
1.4214701652526855,1.535357266154557,-0.026502038113479925,0.13063730519127004,2.0965219663956405,2.8325782866171814
1.4449729919433594,1.5320698339973746,-0.02715952494897722,0.11978877376273626,2.095206993345937,2.835865720816427
1.471053123474121,1.5215500511001319,-0.024529577609241127,0.12077500389638372,2.095206993345937,2.8375094379195933
1.4951941967010498,1.516618902869916,-0.024858321026379693,0.11518636646234318,2.096850709658181,2.834222003715624
1.5205824375152588,1.541603387255678,-0.025187064443612045,0.1635116423010202,2.0955357366082947,2.833235773456275
1.5445537567138672,1.5271386857632259,-0.023872090775245325,0.10269411799182653,2.096193223133146,2.8338932602957465
1.5660982131958008,1.533056063644437,-0.024200834192196347,0.11091270252570719,2.0971794529207677,2.830277082683323
1.5876338481903076,1.53469977972305,-0.023543347358388006,0.1092689856231849,2.0975081961833997,2.8299483392645772
1.6101627349853516,1.514317700363078,-0.02617329469587215,0.11946003038468526,2.098165682708802,2.831920799778465
1.6311602592468262,1.516618902869916,-0.02058465661088682,0.120117517140703,2.095206993345937,2.827318391917998
1.6522624492645264,1.5149751867935652,-0.022557117108378294,0.11847380025002636,2.09915191249725,2.8279758787540787
1.671518325805664,1.5238512536081783,-0.01828345270140147,0.12044626051858548,2.096193223133146,2.8243597011602857
1.6919238567352295,1.5202350782385678,-0.01861219611676196,0.120117517140703,2.096193223133146,2.82304472749263
1.7134506702423096,1.5287824018410623,-0.018940939532215845,0.12176123402927327,2.0965219663956405,2.8184423196676325
1.7351744174957275,1.5159614164393527,-0.019927169779138026,0.11617259659953523,2.096850709658181,2.815483628932661
1.7569336891174316,1.5402884143920093,-0.018940939532215845,0.11781631349316532,2.0938920202969666,2.811867451377945
1.778459072113037,1.5199063350231967,-0.01795470928613435,0.10959772900385922,2.0935632770348382,2.8092375040724917
1.799962043762207,1.5107015249959326,-0.023543347358388006,0.11913128700654996,2.093234533772755,2.804963839713789
1.8204984664916992,1.5123452410717966,-0.02222837369189573,0.11880254362833033,2.092905790510718,2.8016764056023504
1.8436822891235352,1.5356860093703237,-0.022557117108378294,0.1352397124364443,2.0942207635591408,2.798388971500141
1.8668065071105957,1.5113590114262563,-0.021899630275506787,0.11814505687163804,2.0998093990231124,2.7964165110432355
1.8912608623504639,1.5084003224900286,-0.023543347358388006,0.11946003038468526,2.0955357366082947,2.7951015374071377
1.9128730297088623,1.5238512536081783,-0.019269682947763128,0.12176123402927327,2.095864479870697,2.793457820364082
1.9352869987487793,1.511687754641429,-0.019598426363403865,0.120117517140703,2.096193223133146,2.79181410332332
1.9571192264556885,1.5218787943155432,-0.018940939532215845,0.120117517140703,2.095864479870697,2.7924715901393498
1.9791264533996582,1.524179996823646,-0.019598426363403865,0.10269411799182653,2.095206993345937,2.792142846731289
1.9996342658996582,1.5258237129011076,-0.01828345270140147,0.12044626051858548,2.094878250083626,2.79181410332332
2.0192699432373047,1.5287824018410623,-0.019269682947763128,0.10433783490286193,2.0965219663956405,2.789184156062865
2.0401225090026855,1.5274674289787764,-0.02058465661088682,0.12044626051858548,2.093234533772755,2.79049912969236
2.0613772869110107,1.5113590114262563,-0.017297222455880085,0.11978877376273626,2.0955357366082947,2.789184156062865
2.083571672439575,1.5093865521353726,-0.02025591319496567,0.11946003038468526,2.0994806557601584,2.786882952214769
2.1072752475738525,1.5254949696855988,-0.019269682947763128,0.12143249065172759,2.0935632770348382,2.7865542088082638
2.128268241882324,1.50708534962967,-0.021570886859211436,0.11978877376273626,2.0938920202969666,2.7812943143165776
2.149801015853882,1.5126739842869916,-0.01795470928613435,0.12044626051858548,2.095206993345937,2.7809655709116208
2.1699931621551514,1.5074140928447488,-0.023214603941624418,0.11946003038468526,2.092905790510718,2.7786643670794704
2.192631721496582,1.5060991199844749,-0.024858321026379693,0.11978877376273626,2.0938920202969666,2.7799793406972975
2.215878963470459,1.53469977972305,-0.018940939532215845,0.17403143000319204,2.095206993345937,2.775705676444669
2.2389023303985596,1.5074140928447488,-0.017297222455880085,0.12077500389638372,2.095864479870697,2.7770206500592294
2.2612152099609375,1.521221307884729,-0.019269682947763128,0.11913128700654996,2.094878250083626,2.776363163251768
2.283721685409546,1.507742836059835,-0.019269682947763128,0.11847380025002636,2.0998093990231124,2.775376933041255
2.3052549362182617,1.5107015249959326,-0.017625965870960575,0.11913128700654996,2.094878250083626,2.776363163251768
2.3247451782226562,1.5254949696855988,-0.019269682947763128,0.10203663122681471,2.095864479870697,2.7760344198481732
2.3458242416381836,1.507742836059835,-0.01861219611676196,0.11781631349316532,2.098823169234388,2.775705676444669
2.3655247688293457,1.513002727502194,-0.01828345270140147,0.120117517140703,2.095206993345937,2.775048189637932
2.386413812637329,1.507742836059835,-0.017625965870960575,0.12077500389638372,2.095206993345937,2.7773493934630964
2.4058902263641357,1.5310836043503906,-0.019598426363403865,0.11058395914537254,2.096850709658181,2.777678136867054
2.4273681640625,1.5113590114262563,-0.01861219611676196,0.12143249065172759,2.0955357366082947,2.778006880271102
2.447401762008667,1.5067566064145976,-0.021570886859211436,0.12044626051858548,2.0938920202969666,2.7803080841019807
2.46798038482666,1.5281249154099024,-0.019927169779138026,0.12340495091573989,2.093234533772755,2.7849104917771053
2.48850679397583,1.535357266154557,-0.019927169779138026,0.16384038566797104,2.0942207635591408,2.7849104917771053
2.5101146697998047,1.531412347566043,-0.021899630275506787,0.12176123402927327,2.0935632770348382,2.7895128994701017
2.5311279296875,1.5159614164393527,-0.02025591319496567,0.11978877376273626,2.096193223133146,2.791485359915443
2.552644729614258,1.507742836059835,-0.025187064443612045,0.120117517140703,2.092905790510718,2.79378656377251
2.576200485229492,1.5327273204287408,-0.02091340002690148,0.11091270252570719,2.0971794529207677,2.794115307181029
2.5989058017730713,1.519248848592478,-0.023872090775245325,0.10828275548065208,2.0938920202969666,2.797731484680804
2.621807336807251,1.533056063644437,-0.021899630275506787,0.12636364130608718,2.0935632770348382,2.797402741271274
2.643418550491333,1.509715295350502,-0.022885860524954532,0.11946003038468526,2.0955357366082947,2.797402741271274
2.665505886077881,1.5159614164393527,-0.022557117108378294,0.11880254362833033,2.095206993345937,2.7990464583198453
2.6885340213775635,1.514317700363078,-0.021899630275506787,0.11978877376273626,2.095206993345937,2.8006901753707196
2.7111001014709473,1.5304261179191112,-0.023543347358388006,0.12143249065172759,2.0938920202969666,2.8013476621917146
2.734132766723633,1.5100440385656382,-0.026502038113479925,0.11814505687163804,2.0994806557601584,2.799703945139919
2.7546753883361816,1.517933875731135,-0.023214603941624418,0.12077500389638372,2.095206993345937,2.80036143196036
2.774862051010132,1.5087290657051362,-0.029460728876178344,0.120117517140703,2.0942207635591408,2.80036143196036
2.796380043029785,1.5107015249959326,-0.024858321026379693,0.11880254362833033,2.1001381422861125,2.799375201729836
2.816998243331909,1.5185913621617908,-0.024529577609241127,0.10992647238444858,2.0935632770348382,2.8006901753707196
2.8372411727905273,1.5123452410717966,-0.024529577609241127,0.11847380025002636,2.0994806557601584,2.8000326885500932
2.8608176708221436,1.5139889571478458,-0.022557117108378294,0.120117517140703,2.095206993345937,2.8020051490130786
2.8818302154541016,1.5337135500758556,-0.024858321026379693,0.1299798184406238,2.0935632770348382,2.802333892423899
2.9018962383270264,1.5195775918078334,-0.021899630275506787,0.11978877376273626,2.0965219663956405,2.8000326885500932
2.9228949546813965,1.5228650239618242,-0.023543347358388006,0.12077500389638372,2.096193223133146,2.8010189187811707
2.942918539047241,1.5195775918078334,-0.023543347358388006,0.10795401209963777,2.0938920202969666,2.802662635834812
2.9649178981781006,1.5248374832546059,-0.02222837369189573,0.10269411799182653,2.0955357366082947,2.8016764056023504
2.9864377975463867,1.5304261179191112,-0.023543347358388006,0.11978877376273626,2.0942207635591408,2.803320122656915
3.0083107948303223,1.524508740039122,-0.021899630275506787,0.12044626051858548,2.096193223133146,2.8016764056023504
3.030691385269165,1.5126739842869916,-0.021242143443009676,0.11551510984149174,2.095864479870697,2.80036143196036
3.0512101650238037,1.513002727502194,-0.021570886859211436,0.12077500389638372,2.095864479870697,2.80036143196036
3.074315309524536,1.5271386857632259,-0.021570886859211436,0.11978877376273626,2.0945495068213607,2.8029913792458174
3.0970470905303955,1.5107015249959326,-0.021899630275506787,0.12077500389638372,2.092905790510718,2.8006901753707196
3.1221940517425537,1.5113590114262563,-0.02617329469587215,0.11978877376273626,2.092577047248726,2.8029913792458174
3.1449923515319824,1.512016497856609,-0.02091340002690148,0.1165013399784302,2.096850709658181,2.8039776094793876
3.1690750122070312,1.5261524561166246,-0.021242143443009676,0.10335160475649674,2.095864479870697,2.807265043597299
3.1945838928222656,1.5199063350231967,-0.019598426363403865,0.12077500389638372,2.096193223133146,2.807593787009599
3.2186477184295654,1.53469977972305,-0.02025591319496567,0.1283361015625448,2.0965219663956405,2.8102237343113403
3.243638038635254,1.5162901596546305,-0.019598426363403865,0.11124144590595697,2.093234533772755,2.8144973986893485
3.2661468982696533,1.535028522938799,-0.019598426363403865,0.12767861481072734,2.0965219663956405,2.812853681619024
3.287506103515625,1.5228650239618242,-0.018940939532215845,0.11946003038468526,2.0965219663956405,2.812853681619024
3.3138139247894287,1.5370009822334811,-0.025844551278358247,0.1641691290348405,2.095864479870697,2.8102237343113403
3.3388149738311768,1.5287824018410623,-0.019598426363403865,0.10335160475649674,2.095864479870697,2.809894990898298
3.361330986022949,1.5231937671772675,-0.019927169779138026,0.120117517140703,2.096850709658181,2.8062788133609535
3.3824665546417236,1.5146464435783178,-0.017625965870960575,0.12077500389638372,2.095864479870697,2.803320122656915
3.406129837036133,1.5080715792749284,-0.02222837369189573,0.11913128700654996,2.098823169234388,2.798717714909947
3.4291274547576904,1.5162901596546305,-0.01861219611676196,0.11157018928612192,2.0938920202969666,2.7951015374071377
3.4527416229248047,1.5100440385656382,-0.02058465661088682,0.11814505687163804,2.0994806557601584,2.791156616507657
3.4758143424987793,1.5304261179191112,-0.018940939532215845,0.10894024224242563,2.0971794529207677,2.7885266692486663
3.497342824935913,1.5087290657051362,-0.022885860524954532,0.11946003038468526,2.0965219663956405,2.7901703862848493
3.5188539028167725,1.5084003224900286,-0.019927169779138026,0.11880254362833033,2.09915191249725,2.79049912969236
3.5410969257354736,1.5195775918078334,-0.019598426363403865,0.12077500389638372,2.096193223133146,2.7901703862848493
3.5616068840026855,1.511687754641429,-0.01861219611676196,0.12077500389638372,2.095206993345937,2.794772793998343
3.580726146697998,1.5087290657051362,-0.024529577609241127,0.12044626051858548,2.0922483039867807,2.794772793998343
3.6014151573181152,1.5281249154099024,-0.019269682947763128,0.12176123402927327,2.0938920202969666,2.799375201729836
3.620455026626587,1.5294398882722564,-0.02058465661088682,0.10400909152082552,2.096193223133146,2.8006901753707196
3.641580581665039,1.5074140928447488,-0.022885860524954532,0.11913128700654996,2.0935632770348382,2.803320122656915
3.6636805534362793,1.5107015249959326,-0.02091340002690148,0.11946003038468526,2.1001381422861125,2.803320122656915
3.685678720474243,1.5133314707174037,-0.017625965870960575,0.12110374727409776,2.0955357366082947,2.8039776094793876
3.7069509029388428,1.535028522938799,-0.019269682947763128,0.12866484493832794,2.0938920202969666,2.8010189187811707
3.729980230331421,1.5218787943155432,-0.019598426363403865,0.10433783490286193,2.0945495068213607,2.798388971500141
3.7526347637176514,1.513002727502194,-0.02025591319496567,0.1227474641614055,2.095206993345937,2.7944440505896404
3.7750356197357178,1.5084003224900286,-0.030446959132104184,0.11584385322055575,2.092905790510718,2.78885541265572
3.79826021194458,1.512016497856609,-0.030775702550934453,0.11584385322055575,2.095864479870697,2.7862254654018495
3.822268486022949,1.5149751867935652,-0.0412954920033525,0.12110374727409776,2.095206993345937,2.7852392351831545
3.8433690071105957,1.524179996823646,-0.05444522895558723,0.11814505687163804,2.0945495068213607,2.7855679785892953
3.8664608001708984,1.5126739842869916,-0.055760202659213554,0.12143249065172759,2.095206993345937,2.7849104917771053
3.889294385910034,1.5084003224900286,-0.04754161703665025,0.11781631349316532,2.09915191249725,2.7862254654018495
3.913966417312622,1.5087290657051362,-0.025844551278358247,0.120117517140703,2.0955357366082947,2.7865542088082638
3.936012029647827,1.512016497856609,-0.019927169779138026,0.1224187207841122,2.094878250083626,2.78885541265572
3.9595069885253906,1.5284536586254782,-0.019269682947763128,0.12143249065172759,2.0935632770348382,2.791156616507657
3.9836111068725586,1.509715295350502,-0.01861219611676196,0.11946003038468526,2.0965219663956405,2.7908278730999627
4.00781774520874,1.523522510392719,-0.019598426363403865,0.12044626051858548,2.0955357366082947,2.7951015374071377
4.0318381786346436,1.5162901596546305,-0.019598426363403865,0.11255641942610795,2.0938920202969666,2.7954302808160243
4.055505752563477,1.5370009822334811,-0.019598426363403865,0.12669238468237293,2.096850709658181,2.794115307181029
4.078509569168091,1.5126739842869916,-0.01828345270140147,0.11189893266620206,2.0942207635591408,2.7954302808160243
4.1010565757751465,1.5281249154099024,-0.02058465661088682,0.10861149886158136,2.0965219663956405,2.7928003335475022
4.125161647796631,1.533056063644437,-0.019598426363403865,0.11584385322055575,2.096850709658181,2.792142846731289
4.148847579956055,1.5356860093703237,-0.019927169779138026,0.1326097654412039,2.0965219663956405,2.791156616507657
4.172825813293457,1.537987211880944,-0.019927169779138026,0.1700865096246003,2.0955357366082947,2.79049912969236
4.197495222091675,1.5093865521353726,-0.01861219611676196,0.12110374727409776,2.095864479870697,2.791485359915443
4.222496032714844,1.5169476460852092,-0.01861219611676196,0.11058395914537254,2.0935632770348382,2.79378656377251
4.245912551879883,1.5258237129011076,-0.019269682947763128,0.10368034813870379,2.096193223133146,2.797402741271274
4.269388675689697,1.5370009822334811,-0.019598426363403865,0.15890923515515173,2.095206993345937,2.798717714909947
4.294179201126099,1.5258237129011076,-0.019598426363403865,0.10368034813870379,2.0965219663956405,2.804963839713789
4.3175249099731445,1.51530393000882,-0.019269682947763128,0.11452887970379227,2.0945495068213607,2.8121961947915453
4.342334747314453,1.5110302682110908,-0.022557117108378294,0.12044626051858548,2.0945495068213607,2.8167986025917156
4.365258693695068,1.517933875731135,-0.026830781531181624,0.1220899774067348,2.094878250083626,2.823373470909403
4.388318777084351,1.5133314707174037,-0.042610465691721666,0.11978877376273626,2.0971794529207677,2.8246884445774336
4.407986640930176,1.5284536586254782,-0.05247276840301965,0.1224187207841122,2.096193223133146,2.8237022143262704
4.428974866867065,1.5176051325158186,-0.06332130148486398,0.1092689856231849,2.0938920202969666,2.8243597011602857
4.452769994735718,1.513660213932621,-0.07647103869448371,0.12143249065172759,2.0971794529207677,2.8220584972428724
4.4767937660217285,1.5139889571478458,-0.08534711139880696,0.11814505687163804,2.093234533772755,2.81515488551813
4.498346328735352,1.513002727502194,-0.09060700636831173,0.1220899774067348,2.0938920202969666,2.8102237343113403
4.519871711730957,1.5225362807463891,-0.09126449324126432,0.12044626051858548,2.096850709658181,2.804963839713789
4.542859077453613,1.5307548611347466,-0.08797705888042481,0.11946003038468526,2.0938920202969666,2.8039776094793876
4.566553831100464,1.5156326732240826,-0.08436088109481427,0.11683008335724065,2.0955357366082947,2.796087767634073
4.588525772094727,1.5225362807463891,-0.075484808398385,0.1010504010786561,2.0945495068213607,2.7944440505896404
4.608191967010498,1.5113590114262563,-0.07153988722272625,0.11715882673596666,2.0984944259715723,2.7898416428774295
4.630273103713989,1.5090578089202509,-0.06956742664013035,0.12110374727409776,2.092577047248726,2.787869182434833
4.6529645919799805,1.5110302682110908,-0.051486538128027004,0.11452887970379227,2.098823169234388,2.7865542088082638
4.674257516860962,1.5261524561166246,-0.037021827526629913,0.12176123402927327,2.0945495068213607,2.78885541265572
4.694747447967529,1.523522510392719,-0.03274816306589473,0.11847380025002636,2.0945495068213607,2.78885541265572
4.71671199798584,1.5133314707174037,-0.026502038113479925,0.12044626051858548,2.095206993345937,2.788197925841704
4.738834619522095,1.5176051325158186,-0.02715952494897722,0.12044626051858548,2.096193223133146,2.786882952214769
4.7601318359375,1.5084003224900286,-0.029789472294726144,0.11978877376273626,2.092905790510718,2.7885266692486663
4.780177116394043,1.524179996823646,-0.027817011784850326,0.12044626051858548,2.0945495068213607,2.7908278730999627
4.802839994430542,1.520892564669334,-0.02715952494897722,0.11978877376273626,2.096193223133146,2.789184156062865
4.8257529735565186,1.5113590114262563,-0.02617329469587215,0.11584385322055575,2.096193223133146,2.7895128994701017
4.847302675247192,1.519248848592478,-0.026830781531181624,0.12110374727409776,2.0965219663956405,2.787869182434833
4.868404150009155,1.5363434958018845,-0.02748826836686677,0.1641691290348405,2.094878250083626,2.7858967219955266
4.892086982727051,1.507742836059835,-0.030446959132104184,0.120117517140703,2.096850709658181,2.7885266692486663
4.913065195083618,1.519248848592478,-0.026502038113479925,0.10631029519328995,2.093234533772755,2.7872116956213655
4.93306565284729,1.512016497856609,-0.024858321026379693,0.11584385322055575,2.096193223133146,2.7862254654018495
4.954705715179443,1.513002727502194,-0.024529577609241127,0.120117517140703,2.095206993345937,2.7852392351831545
4.975727081298828,1.5080715792749284,-0.026502038113479925,0.11847380025002636,2.0998093990231124,2.7855679785892953
4.9974164962768555,1.533384806860142,-0.026830781531181624,0.11683008335724065,2.096850709658181,2.7842530049652807
5.019703388214111,1.517933875731135,-0.02617329469587215,0.10959772900385922,2.093234533772755,2.786882952214769
5.039512872695923,1.5074140928447488,-0.02551580786093824,0.12077500389638372,2.0955357366082947,2.7849104917771053
5.062352180480957,1.5107015249959326,-0.02617329469587215,0.12077500389638372,2.0955357366082947,2.7872116956213655
5.084620237350464,1.5100440385656382,-0.02551580786093824,0.120117517140703,2.094878250083626,2.787869182434833
5.105231761932373,1.505770376769424,-0.031761932807990445,0.11978877376273626,2.093234533772755,2.788197925841704
5.127327919006348,1.5126739842869916,-0.027817011784850326,0.11354264956533121,2.0945495068213607,2.787869182434833
5.152480125427246,1.5100440385656382,-0.025187064443612045,0.11814505687163804,2.09915191249725,2.787540439028054
5.175513982772827,1.5107015249959326,-0.023543347358388006,0.11946003038468526,2.095864479870697,2.78885541265572
5.199866533279419,1.5080715792749284,-0.025187064443612045,0.11880254362833033,2.097836939446078,2.7885266692486663
5.223392486572266,1.509715295350502,-0.021899630275506787,0.12044626051858548,2.0955357366082947,2.7862254654018495
5.2469093799591064,1.5087290657051362,-0.023214603941624418,0.11847380025002636,2.094878250083626,2.7835955181538203
5.271924734115601,1.5225362807463891,-0.02222837369189573,0.10335160475649674,2.0938920202969666,2.7835955181538203
5.296701669692993,1.529768631487866,-0.02222837369189573,0.1240624376697381,2.093234533772755,2.778993110483791
5.322615146636963,1.5060991199844749,-0.024529577609241127,0.11847380025002636,2.0965219663956405,2.7760344198481732
5.344219207763672,1.5268099425476838,-0.023214603941624418,0.09316055986563282,2.096193223133146,2.7730757292198938
5.36612868309021,1.5084003224900286,-0.021899630275506787,0.11978877376273626,2.0965219663956405,2.77110326880511
5.385147571563721,1.5107015249959326,-0.023214603941624418,0.120117517140703,2.094878250083626,2.7691308083935757
5.404827833175659,1.521221307884729,-0.02715952494897722,0.11978877376273626,2.0938920202969666,2.77110326880511
5.425838470458984,1.517933875731135,-0.025844551278358247,0.120117517140703,2.095864479870697,2.77110326880511
5.450334072113037,1.5051128903393427,-0.03143318938887754,0.11946003038468526,2.092577047248726,2.7717607556096766
5.470621585845947,1.509715295350502,-0.02551580786093824,0.12077500389638372,2.0945495068213607,2.772746985817204
5.492159843444824,1.5231937671772675,-0.029131985457724635,0.12077500389638372,2.0945495068213607,2.776363163251768
5.512340784072876,1.533056063644437,-0.030446959132104184,0.11288516280593376,2.096850709658181,2.7760344198481732
5.532346963882446,1.5215500511001319,-0.029789472294726144,0.11946003038468526,2.0945495068213607,2.7786643670794704
5.552855014801025,1.5123452410717966,-0.02748826836686677,0.12110374727409776,2.0945495068213607,2.7770206500592294
5.572925806045532,1.5080715792749284,-0.027817011784850326,0.11814505687163804,2.09915191249725,2.775705676444669
5.592458724975586,1.5123452410717966,-0.026830781531181624,0.12044626051858548,2.0955357366082947,2.7730757292198938
5.613484621047974,1.5054416335543797,-0.03143318938887754,0.1165013399784302,2.0922483039867807,2.7697882951970594
5.633481740951538,1.5291111450566552,-0.026830781531181624,0.1076252687185384,2.096850709658181,2.766172117782358
5.654998064041138,1.5034691742642607,-0.02715952494897722,0.11946003038468526,2.0922483039867807,2.7589397629855776
5.674262285232544,1.5182626189464588,-0.023214603941624418,0.10959772900385922,2.093234533772755,2.755323585603441
5.6945741176605225,1.5087290657051362,-0.02222837369189573,0.12077500389638372,2.095206993345937,2.748419974267503
5.715432167053223,1.5103727817807817,-0.023214603941624418,0.11584385322055575,2.0965219663956405,2.744146310126793
5.73764181137085,1.5037979174792635,-0.022885860524954532,0.11847380025002636,2.0984944259715723,2.741516362970716
5.757310152053833,1.5087290657051362,-0.021570886859211436,0.120117517140703,2.095206993345937,2.737900185640339
5.777325391769409,1.521221307884729,-0.022557117108378294,0.13063730519127004,2.09191956072488,2.731982804577244
5.797387599945068,1.5074140928447488,-0.02222837369189573,0.11584385322055575,2.098165682708802,2.7323115479688913
5.819878101348877,1.5008392285444834,-0.025844551278358247,0.11913128700654996,2.0922483039867807,2.731325317794212
5.843567371368408,1.499195512469839,-0.025187064443612045,0.11814505687163804,2.0965219663956405,2.7323115479688913
5.866561651229858,1.49886676925493,-0.024858321026379693,0.11978877376273626,2.092577047248726,2.731982804577244
5.890088796615601,1.522207537530962,-0.021242143443009676,0.10499532166667888,2.0945495068213607,2.7326402913606263
5.912219762802124,1.5146464435783178,-0.02222837369189573,0.12044626051858548,2.093234533772755,2.7326402913606263
5.935217380523682,1.5149751867935652,-0.023214603941624418,0.11058395914537254,2.092577047248726,2.7342840083206195
5.955833196640015,1.503140431049265,-0.019927169779138026,0.11946003038468526,2.0938920202969666,2.731982804577244
5.976837158203125,1.4978805396102415,-0.023214603941624418,0.12044626051858548,2.093234533772755,2.733626521536359
5.9969563484191895,1.5090578089202509,-0.02091340002690148,0.12044626051858548,2.094878250083626,2.7339552649284453
6.0189409255981445,1.51530393000882,-0.02025591319496567,0.12044626051858548,2.0935632770348382,2.731325317794212
6.040054798126221,1.5047841471243126,-0.019598426363403865,0.11584385322055575,2.0942207635591408,2.7296816008381652
6.061542987823486,1.5093865521353726,-0.02058465661088682,0.11518636646234318,2.095206993345937,2.727709140493798
6.081900358200073,1.5014967149743876,-0.022557117108378294,0.11847380025002636,2.098823169234388,2.7270516537130423
6.100821018218994,1.514317700363078,-0.027817011784850326,0.10992647238444858,2.093234533772755,2.724750449983147
6.120990753173828,1.529768631487866,-0.02058465661088682,0.10861149886158136,2.0955357366082947,2.7254079367626804
6.140713214874268,1.4982092828251312,-0.019598426363403865,0.12044626051858548,2.095864479870697,2.727380397103376
6.16161847114563,1.503140431049265,-0.023543347358388006,0.11847380025002636,2.09915191249725,2.7296816008381652
6.182622671127319,1.5195775918078334,-0.023214603941624418,0.13392473893949086,2.092577047248726,2.7326402913606263
6.204422950744629,1.4995242556847548,-0.024529577609241127,0.11978877376273626,2.095864479870697,2.7418451063649165
6.225423097610474,1.500181742114606,-0.029789472294726144,0.12044626051858548,2.09191956072488,2.744475053521701
6.245424270629883,1.503140431049265,-0.024200834192196347,0.11814505687163804,2.098823169234388,2.751378664835242
6.2658374309539795,1.5060991199844749,-0.023872090775245325,0.12110374727409776,2.094878250083626,2.7569673025939814
6.285894155502319,1.5215500511001319,-0.024200834192196347,0.10499532166667888,2.0942207635591408,2.7641996573789287
6.30640721321106,1.5051128903393427,-0.023543347358388006,0.11781631349316532,2.09915191249725,2.768802064991969
6.326333999633789,1.504126660694273,-0.023543347358388006,0.12110374727409776,2.0955357366082947,2.7737332160255446
6.347235202789307,1.529768631487866,-0.024858321026379693,0.10729652533735395,2.0965219663956405,2.775376933041255
6.366380453109741,1.5047841471243126,-0.026502038113479925,0.1174875701146082,2.0971794529207677,2.778993110483791
6.385400056838989,1.516618902869916,-0.023872090775245325,0.12143249065172759,2.096193223133146,2.7786643670794704
6.4073991775512695,1.529768631487866,-0.025187064443612045,0.14017086303816662,2.0935632770348382,2.7770206500592294
6.427347421646118,1.535028522938799,-0.025187064443612045,0.1566080315762162,2.0955357366082947,2.7747194462346996
6.447345495223999,1.5047841471243126,-0.029460728876178344,0.12143249065172759,2.093234533772755,2.771432012207348
6.467855215072632,1.513002727502194,-0.022885860524954532,0.11420013632438991,2.0955357366082947,2.7704457820009045
6.487942695617676,1.5258237129011076,-0.024200834192196347,0.10236537460936332,2.0955357366082947,2.767158347985287
6.507566213607788,1.509715295350502,-0.02222837369189573,0.11880254362833033,2.0945495068213607,2.759597249783492
6.527668237686157,1.504126660694273,-0.027817011784850326,0.11978877376273626,2.09191956072488,2.7582822761880212
6.550837993621826,1.502811687834276,-0.02222837369189573,0.11978877376273626,2.095206993345937,2.7540086120126155
6.57328987121582,1.521221307884729,-0.022557117108378294,0.12176123402927327,2.0938920202969666,2.7500636912486915
6.595343589782715,1.5218787943155432,-0.023543347358388006,0.12702112805857488,2.092905790510718,2.744146310126793
6.616375923156738,1.5008392285444834,-0.02617329469587215,0.11946003038468526,2.094878250083626,2.744475053521701
6.637467861175537,1.5054416335543797,-0.023214603941624418,0.11913128700654996,2.1001381422861125,2.7408588761825805
6.658929109573364,1.5018254581893495,-0.023543347358388006,0.11913128700654996,2.095206993345937,2.738228929033568
6.6800148487091064,1.505770376769424,-0.025187064443612045,0.11814505687163804,2.09915191249725,2.7362564686755104
6.701225757598877,1.500181742114606,-0.029789472294726144,0.11978877376273626,2.0915908174630253,2.7352702384976695
6.722224712371826,1.5034691742642607,-0.023872090775245325,0.11978877376273626,2.0945495068213607,2.7332977781443604
6.744229555130005,1.5093865521353726,-0.02617329469587215,0.1224187207841122,2.0955357366082947,2.734612751712882
6.764262914657593,1.50708534962967,-0.026830781531181624,0.11946003038468526,2.0955357366082947,2.7349414951052315
6.785620212554932,1.501167971759432,-0.02715952494897722,0.11913128700654996,2.0994806557601584,2.7342840083206195
6.808030605316162,1.5139889571478458,-0.028803242039364962,0.120117517140703,2.0938920202969666,2.733626521536359
6.830031394958496,1.5037979174792635,-0.028145755202927836,0.11946003038468526,2.0942207635591408,2.7332977781443604
6.8527116775512695,1.5090578089202509,-0.030775702550934453,0.1220899774067348,2.0955357366082947,2.735598981890195
6.87765908241272,1.517933875731135,-0.033405649904969165,0.12340495091573989,2.092577047248726,2.7339552649284453
6.898200750350952,1.504126660694273,-0.035706853844703124,0.11978877376273626,2.0994806557601584,2.7365852120683
6.919699668884277,1.5162901596546305,-0.037021827526629913,0.10894024224242563,2.092577047248726,2.7369139554611777
6.940145254135132,1.5199063350231967,-0.03767931436816083,0.10368034813870379,2.0935632770348382,2.738228929033568
6.9620277881622314,1.5254949696855988,-0.03800805778906824,0.17337394327423483,2.0942207635591408,2.737571442247197
6.982136249542236,1.513002727502194,-0.038336801210070326,0.11255641942610795,2.092577047248726,2.7392151592137863
7.003596067428589,1.512016497856609,-0.03965177489502569,0.11913128700654996,2.0945495068213607,2.7385576724268867
7.023519277572632,1.5199063350231967,-0.04096674858149746,0.10696778195608442,2.093234533772755,2.7405301327886455
7.04534387588501,1.4995242556847548,-0.045897899919295354,0.11946003038468526,2.0915908174630253,2.738228929033568
7.065467834472656,1.5281249154099024,-0.04030926173807195,0.10335160475649674,2.095864479870697,2.7402013893947985
7.086094379425049,1.501167971759432,-0.04030926173807195,0.11913128700654996,2.09915191249725,2.739543902607369
7.107334136962891,1.5231937671772675,-0.03998051831650143,0.1608816953624813,2.0942207635591408,2.737900185640339
7.127563238143921,1.5113590114262563,-0.04096674858149746,0.11255641942610795,2.092577047248726,2.738228929033568
7.149127960205078,1.5044554039092894,-0.040638005159737284,0.11847380025002636,2.09915191249725,2.7372426988541436
7.1703314781188965,1.4985380260400272,-0.046884130189422585,0.11946003038468526,2.092577047248726,2.7369139554611777
7.190362215042114,1.4972230531804815,-0.04425418280432003,0.120117517140703,2.095206993345937,2.7365852120683
7.2098166942596436,1.511687754641429,-0.04326795253647597,0.120117517140703,2.0945495068213607,2.737571442247197
7.230050802230835,1.509715295350502,-0.04425418280432003,0.12077500389638372,2.095206993345937,2.737900185640339
7.2496113777160645,1.501167971759432,-0.043596695958995624,0.12044626051858548,2.095864479870697,2.7372426988541436
7.270739555358887,1.4985380260400272,-0.04787036046040702,0.12044626051858548,2.0955357366082947,2.7365852120683
7.290255069732666,1.5107015249959326,-0.046226643342575896,0.11978877376273626,2.094878250083626,2.7369139554611777
7.3104407787323,1.5034691742642607,-0.04392543938161031,0.12077500389638372,2.0938920202969666,2.735598981890195
7.330720901489258,1.5189201053771306,-0.04524041307301985,0.12504866780010554,2.092905790510718,2.735598981890195
7.350814580917358,1.50708534962967,-0.045569156496110014,0.120117517140703,2.095206993345937,2.738228929033568
7.37187933921814,1.500181742114606,-0.04425418280432003,0.11978877376273626,2.096193223133146,2.738228929033568
7.39390754699707,1.4985380260400272,-0.045897899919295354,0.12044626051858548,2.0975081961833997,2.7385576724268867
7.417553186416626,1.5268099425476838,-0.04326795253647597,0.1727164565449546,2.094878250083626,2.7372426988541436
7.4406349658966064,1.5093865521353726,-0.042281722269486954,0.11683008335724065,2.0942207635591408,2.7369139554611777
7.463606357574463,1.5008392285444834,-0.0429392091140513,0.11978877376273626,2.0955357366082947,2.738228929033568
7.488800525665283,1.5047841471243126,-0.042281722269486954,0.12044626051858548,2.0945495068213607,2.7369139554611777
7.5116143226623535,1.4995242556847548,-0.045569156496110014,0.11946003038468526,2.092577047248726,2.738228929033568
7.532696008682251,1.5291111450566552,-0.04885659073224932,0.1076252687185384,2.0965219663956405,2.7385576724268867
7.552231550216675,1.500181742114606,-0.04195297884734722,0.12110374727409776,2.0965219663956405,2.739543902607369
7.5732293128967285,1.5005104853295415,-0.042281722269486954,0.1220899774067348,2.095206993345937,2.739543902607369
7.594529151916504,1.49886676925493,-0.04392543938161031,0.12044626051858548,2.096193223133146,2.73987264600104
7.617254734039307,1.501167971759432,-0.04787036046040702,0.120117517140703,2.092905790510718,2.739543902607369
7.6406004428863525,1.5103727817807817,-0.045569156496110014,0.12077500389638372,2.095206993345937,2.7405301327886455
7.665162086486816,1.5149751867935652,-0.04721287361298876,0.12110374727409776,2.093234533772755,2.7392151592137863
7.688579559326172,1.501167971759432,-0.050171564429374454,0.120117517140703,2.095864479870697,2.739543902607369
7.7102930545806885,1.5287824018410623,-0.05050030785389431,0.14017086303816662,2.096193223133146,2.738228929033568
7.733334302902222,1.505770376769424,-0.04951407758062101,0.11978877376273626,2.094878250083626,2.738228929033568
7.756208896636963,1.5300973747034843,-0.0508290512785097,0.1165013399784302,2.096193223133146,2.738228929033568
7.779693603515625,1.503140431049265,-0.049185334156387484,0.12044626051858548,2.094878250083626,2.737900185640339
7.800631523132324,1.505770376769424,-0.050171564429374454,0.12044626051858548,2.095206993345937,2.7392151592137863
7.824500322341919,1.517933875731135,-0.05050030785389431,0.1076252687185384,2.092905790510718,2.7392151592137863
7.849472284317017,1.505770376769424,-0.049185334156387484,0.12110374727409776,2.094878250083626,2.737900185640339
7.874510049819946,1.5291111450566552,-0.04951407758062101,0.10565280843015483,2.095864479870697,2.7385576724268867
7.899070978164673,1.502811687834276,-0.04655538676595161,0.12110374727409776,2.094878250083626,2.737571442247197
7.9211790561676025,1.499195512469839,-0.04951407758062101,0.120117517140703,2.0942207635591408,2.7349414951052315
7.943329095840454,1.5047841471243126,-0.046884130189422585,0.11683008335724065,2.096850709658181,2.7365852120683
7.964842319488525,1.5195775918078334,-0.04754161703665025,0.10729652533735395,2.092905790510718,2.7372426988541436
7.988019943237305,1.5304261179191112,-0.04721287361298876,0.1174875701146082,2.096193223133146,2.7352702384976695
8.011046886444092,1.5277961721943354,-0.04655538676595161,0.10565280843015483,2.095864479870697,2.7372426988541436
8.035165071487427,1.502811687834276,-0.045569156496110014,0.11946003038468526,2.0942207635591408,2.7359277252828087
8.057018280029297,1.520892564669334,-0.045897899919295354,0.10631029519328995,2.092905790510718,2.7372426988541436
8.080179452896118,1.5014967149743876,-0.04458292622712487,0.12077500389638372,2.094878250083626,2.7362564686755104
8.101300239562988,1.5044554039092894,-0.0449116696500248,0.11880254362833033,2.0942207635591408,2.7359277252828087
8.122403621673584,1.5218787943155432,-0.045569156496110014,0.14838944733293932,2.0935632770348382,2.735598981890195
8.143487215042114,1.4995242556847548,-0.046226643342575896,0.12077500389638372,2.094878250083626,2.737900185640339
8.164897680282593,1.5005104853295415,-0.049185334156387484,0.12044626051858548,2.0945495068213607,2.737900185640339
8.184995889663696,1.519248848592478,-0.046884130189422585,0.1309660485664678,2.092905790510718,2.7369139554611777
8.204960346221924,1.5225362807463891,-0.04721287361298876,0.16679907596686933,2.0938920202969666,2.737900185640339
8.224932670593262,1.4985380260400272,-0.04852784730820653,0.12110374727409776,2.095206993345937,2.739543902607369
8.245447158813477,1.4995242556847548,-0.051815281552929,0.12044626051858548,2.09191956072488,2.73987264600104
8.26662564277649,1.49886676925493,-0.050171564429374454,0.11978877376273626,2.0955357366082947,2.739543902607369
8.29001498222351,1.5261524561166246,-0.05115779470322057,0.10335160475649674,2.0955357366082947,2.741516362970716
8.31409764289856,1.4995242556847548,-0.05608894608535969,0.11946003038468526,2.0922483039867807,2.7402013893947985
8.336184024810791,1.5294398882722564,-0.052801511828208414,0.10828275548065208,2.0965219663956405,2.7402013893947985
8.356696367263794,1.502811687834276,-0.05247276840301965,0.12110374727409776,2.094878250083626,2.73987264600104
8.37769627571106,1.5014967149743876,-0.05247276840301965,0.1174875701146082,2.09915191249725,2.737900185640339
8.40015983581543,1.4982092828251312,-0.05641768951160167,0.11978877376273626,2.093234533772755,2.735598981890195
8.423064708709717,1.5005104853295415,-0.05247276840301965,0.11913128700654996,2.0994806557601584,2.7349414951052315
8.447582960128784,1.49886676925493,-0.05806140664425011,0.11847380025002636,2.0938920202969666,2.7323115479688913
8.469760656356812,1.499195512469839,-0.057403919790902924,0.12143249065172759,2.0938920202969666,2.731325317794212
8.488873958587646,1.4978805396102415,-0.05477397238135012,0.11978877376273626,2.0955357366082947,2.733626521536359
8.509110450744629,1.5024829446192938,-0.05444522895558723,0.11946003038468526,2.094878250083626,2.737571442247197
8.531105995178223,1.4978805396102415,-0.052801511828208414,0.12176123402927327,2.095206993345937,2.7457900271022164
8.553710222244263,1.5284536586254782,-0.050171564429374454,0.10729652533735395,2.0965219663956405,2.7540086120126155
8.575621128082275,1.5067566064145976,-0.04754161703665025,0.12044626051858548,2.094878250083626,2.7635421705785035
8.597199440002441,1.5014967149743876,-0.05247276840301965,0.1227474641614055,2.09191956072488,2.772746985817204
8.619908332824707,1.5304261179191112,-0.049842821004949994,0.10992647238444858,2.0971794529207677,2.782609287937313
8.642997741699219,1.5185913621617908,-0.05115779470322057,0.1220899774067348,2.0955357366082947,2.7928003335475022
8.666609525680542,1.5123452410717966,-0.04951407758062101,0.11157018928612192,2.0935632770348382,2.7980602280904265
8.689683675765991,1.516618902869916,-0.04721287361298876,0.12110374727409776,2.096193223133146,2.799703945139919
8.71207594871521,1.5340422932915783,-0.04852784730820653,0.14312955339023842,2.0938920202969666,2.8013476621917146
8.736074209213257,1.5343710365073095,-0.04951407758062101,0.1303085618159887,2.0938920202969666,2.798717714909947
8.759042024612427,1.5304261179191112,-0.05115779470322057,0.1240624376697381,2.0938920202969666,2.7924715901393498
8.779610633850098,1.5238512536081783,-0.05050030785389431,0.10302286137420433,2.095206993345937,2.7858967219955266
8.800238370895386,1.522207537530962,-0.04721287361298876,0.10368034813870379,2.0942207635591408,2.778993110483791
8.82243800163269,1.5300973747034843,-0.04754161703665025,0.10828275548065208,2.0971794529207677,2.7697882951970594
8.845256805419922,1.5047841471243126,-0.0449116696500248,0.11946003038468526,2.0955357366082947,2.7615697101793844
8.865487575531006,1.502811687834276,-0.04458292622712487,0.1220899774067348,2.095864479870697,2.7536798686151323
8.887303113937378,1.502811687834276,-0.049185334156387484,0.11913128700654996,2.09191956072488,2.745461283706955
8.907711744308472,1.503140431049265,-0.0429392091140513,0.120117517140703,2.096193223133146,2.7402013893947985
8.928779363632202,1.504126660694273,-0.0429392091140513,0.1224187207841122,2.0942207635591408,2.7326402913606263
8.950179815292358,1.5149751867935652,-0.04392543938161031,0.11913128700654996,2.0942207635591408,2.72902411405636
8.970097541809082,1.5133314707174037,-0.04392543938161031,0.11847380025002636,2.0935632770348382,2.7254079367626804
8.990087032318115,1.5074140928447488,-0.043596695958995624,0.12077500389638372,2.0955357366082947,2.7231067330358387
9.011180877685547,1.4955793371061932,-0.043596695958995624,0.12044626051858548,2.095206993345937,2.72014804253617
9.033166408538818,1.5034691742642607,-0.042281722269486954,0.11584385322055575,2.097836939446078,2.71554563510623
9.055823802947998,1.4965655667507471,-0.046226643342575896,0.12077500389638372,2.092577047248726,2.714559404944882
9.07910943031311,1.4949218506765223,-0.049185334156387484,0.11946003038468526,2.0915908174630253,2.712586944624523
9.100069999694824,1.504126660694273,-0.046226643342575896,0.12077500389638372,2.0955357366082947,2.713901918171083
9.122605085372925,1.5008392285444834,-0.0449116696500248,0.11978877376273626,2.098823169234388,2.712586944624523
9.14462661743164,1.5074140928447488,-0.04721287361298876,0.11354264956533121,2.0955357366082947,2.712258201238099
9.16530704498291,1.503140431049265,-0.04885659073224932,0.12077500389638372,2.094878250083626,2.714559404944882
9.185211658477783,1.5268099425476838,-0.05050030785389431,0.10532406504845947,2.0955357366082947,2.713901918171083
9.208502292633057,1.5176051325158186,-0.05444522895558723,0.15858049178697764,2.0938920202969666,2.712915688011033
9.232502698898315,1.494593107461696,-0.05970512377929818,0.12176123402927327,2.094878250083626,2.714559404944882
9.25612211227417,1.4955793371061932,-0.05641768951160167,0.11978877376273626,2.095864479870697,2.7148881483319114
9.279127597808838,1.4955793371061932,-0.0603626106339899,0.12044626051858548,2.095206993345937,2.7142306615579392
9.302502632141113,1.49886676925493,-0.06134884091674858,0.12077500389638372,2.097836939446078,2.715216891719028
9.326416254043579,1.5126739842869916,-0.0610200974890662,0.12471992442340035,2.092905790510718,2.711271971079345
9.350688934326172,1.499195512469839,-0.06003386720659601,0.11880254362833033,2.0984944259715723,2.714559404944882
9.375364303588867,1.5005104853295415,-0.05970512377929818,0.12110374727409776,2.0938920202969666,2.712258201238099
9.397179126739502,1.4975517963953584,-0.05839015007106768,0.11880254362833033,2.0938920202969666,2.71160071446551
9.417977571487427,1.4965655667507471,-0.055760202659213554,0.12176123402927327,2.095206993345937,2.7106144843072744
9.43788194656372,1.520892564669334,-0.05641768951160167,0.145759500364231,2.0955357366082947,2.7079845372224414
9.459396123886108,1.5014967149743876,-0.05773266321752854,0.11715882673596666,2.0984944259715723,2.7106144843072744
9.4803946018219,1.4965655667507471,-0.05773266321752854,0.12077500389638372,2.0945495068213607,2.709956997535549
9.500427007675171,1.494593107461696,-0.06200632777240203,0.11946003038468526,2.0955357366082947,2.711271971079345
9.521511554718018,1.4949218506765223,-0.06430753177022186,0.12077500389638372,2.0945495068213607,2.7106144843072744
9.544053792953491,1.5051128903393427,-0.06200632777240203,0.1165013399784302,2.0971794529207677,2.709956997535549
9.566024541854858,1.4939356210320625,-0.0603626106339899,0.11913128700654996,2.0955357366082947,2.71160071446551
9.587664127349854,1.5008392285444834,-0.05608894608535969,0.12077500389638372,2.094878250083626,2.7148881483319114
9.610419034957886,1.5014967149743876,-0.05477397238135012,0.11814505687163804,2.094878250083626,2.71324443139763
9.633335828781128,1.504126660694273,-0.052801511828208414,0.12077500389638372,2.095206993345937,2.712915688011033
9.654083013534546,1.494593107461696,-0.054116485529920044,0.12077500389638372,2.095206993345937,2.715216891719028
9.674084186553955,1.524179996823646,-0.05543145923316328,0.10236537460936332,2.0942207635591408,2.71554563510623
9.695090532302856,1.52648119933215,-0.05378774210434861,0.11058395914537254,2.0965219663956405,2.715874378493519
9.71674108505249,1.52648119933215,-0.05378774210434861,0.10368034813870379,2.095864479870697,2.7171893520435426
9.736730337142944,1.5037979174792635,-0.0521440249779265,0.1165013399784302,2.0971794529207677,2.7168606086559066
9.757854700088501,1.5018254581893495,-0.04951407758062101,0.12143249065172759,2.094878250083626,2.7194905557594233
9.777854204177856,1.5021542014043183,-0.049185334156387484,0.12077500389638372,2.0955357366082947,2.7211342727019434
9.797934293746948,1.5113590114262563,-0.04754161703665025,0.1224187207841122,2.0922483039867807,2.7178468388190744
9.820199012756348,1.4978805396102415,-0.046884130189422585,0.11978877376273626,2.0945495068213607,2.7208055293132656
9.84074354171753,1.519248848592478,-0.05345899867887288,0.10663903857472976,2.092905790510718,2.7214630160907083
9.860838413238525,1.4982092828251312,-0.04425418280432003,0.12077500389638372,2.0938920202969666,2.7204767859246743
9.880837678909302,1.5014967149743876,-0.0412954920033525,0.12110374727409776,2.094878250083626,2.7214630160907083
9.90093731880188,1.519248848592478,-0.040638005159737284,0.10631029519328995,2.092905790510718,2.722120502868499
9.923936128616333,1.4985380260400272,-0.03800805778906824,0.11913128700654996,2.0938920202969666,2.722120502868499
9.945931196212769,1.5034691742642607,-0.03800805778906824,0.12307620753861472,2.095864479870697,2.7254079367626804
9.968468189239502,1.524508740039122,-0.03767931436816083,0.10368034813870379,2.094878250083626,2.728037883884307
9.990511417388916,1.51530393000882,-0.03866554463116709,0.10959772900385922,2.092905790510718,2.728695370665588
10.013690948486328,1.5169476460852092,-0.042610465691721666,0.13063730519127004,2.093234533772755,2.7296816008381652
10.036046266555786,1.5218787943155432,-0.036693084106006385,0.10335160475649674,2.0942207635591408,2.7352702384976695
10.058565855026245,1.5238512536081783,-0.03603559726504299,0.10335160475649674,2.095206993345937,2.7385576724268867
10.082167625427246,1.5005104853295415,-0.035378110424457765,0.11880254362833033,2.098823169234388,2.7411876195766043
10.103301763534546,1.5304261179191112,-0.03472062358425049,0.11255641942610795,2.0965219663956405,2.743160079942601
10.124417781829834,1.499195512469839,-0.035706853844703124,0.11781631349316532,2.09915191249725,2.7457900271022164
10.14962100982666,1.513002727502194,-0.035049367004306886,0.12077500389638372,2.094878250083626,2.7490774610597115
10.175226211547852,1.5018254581893495,-0.037021827526629913,0.11978877376273626,2.095206993345937,2.749406204455949
10.19936466217041,1.5248374832546059,-0.035378110424457765,0.10368034813870379,2.0955357366082947,2.7500636912486915
10.22237253189087,1.50708534962967,-0.03439188016428854,0.12077500389638372,2.095206993345937,2.748419974267503
10.244391441345215,1.503140431049265,-0.035378110424457765,0.11913128700654996,2.0994806557601584,2.751049921438471
10.26492953300476,1.500181742114606,-0.038336801210070326,0.120117517140703,2.0942207635591408,2.748419974267503
10.288920640945435,1.5156326732240826,-0.03472062358425049,0.11880254362833033,2.0942207635591408,2.749406204455949
10.311163663864136,1.5323985772130533,-0.03472062358425049,0.12077500389638372,2.0965219663956405,2.74710500068415
10.335056781768799,1.5261524561166246,-0.03472062358425049,0.16186792546504455,2.0938920202969666,2.7448037969166967
10.35856556892395,1.5271386857632259,-0.035378110424457765,0.10433783490286193,2.096193223133146,2.7448037969166967
10.381812334060669,1.507742836059835,-0.03472062358425049,0.12077500389638372,2.0955357366082947,2.7434888233372434
10.405409574508667,1.51727638930051,-0.03439188016428854,0.10992647238444858,2.092905790510718,2.7411876195766043
10.42839789390564,1.5005104853295415,-0.03307690648538475,0.11978877376273626,2.096193223133146,2.7392151592137863
10.449414253234863,1.5021542014043183,-0.035049367004306886,0.11913128700654996,2.097836939446078,2.737571442247197
10.471945762634277,1.5169476460852092,-0.033405649904969165,0.1092689856231849,2.092577047248726,2.7339552649284453
10.494954586029053,1.513002727502194,-0.033405649904969165,0.11288516280593376,2.092905790510718,2.731325317794212
10.517773151397705,1.4995242556847548,-0.031761932807990445,0.12143249065172759,2.095864479870697,2.7309965744028273
10.540781497955322,1.5107015249959326,-0.03373439332464789,0.11814505687163804,2.0945495068213607,2.728695370665588
10.564367532730103,1.5162901596546305,-0.03307690648538475,0.1092689856231849,2.09191956072488,2.728366627274904
10.58681058883667,1.4995242556847548,-0.03274816306589473,0.12044626051858548,2.0955357366082947,2.728037883884307
10.609450578689575,1.4972230531804815,-0.037021827526629913,0.12044626051858548,2.094878250083626,2.7263941669326357
10.632873058319092,1.501167971759432,-0.032090676227197606,0.12077500389638372,2.0938920202969666,2.726722910322795
10.65340781211853,1.4978805396102415,-0.037021827526629913,0.120117517140703,2.09191956072488,2.727380397103376
10.673407077789307,1.5018254581893495,-0.032090676227197606,0.12077500389638372,2.0945495068213607,2.728037883884307
10.69648289680481,1.4982092828251312,-0.03373439332464789,0.12077500389638372,2.095864479870697,2.7296816008381652
10.718681812286377,1.5218787943155432,-0.035049367004306886,0.10335160475649674,2.0945495068213607,2.73066783101153
10.739683628082275,1.499195512469839,-0.04195297884734722,0.11814505687163804,2.0971794529207677,2.731654061185684
10.760219097137451,1.4965655667507471,-0.03866554463116709,0.12044626051858548,2.095206993345937,2.731325317794212
10.78024435043335,1.5054416335543797,-0.036693084106006385,0.11715882673596666,2.096850709658181,2.7309965744028273
10.801825523376465,1.5103727817807817,-0.04096674858149746,0.120117517140703,2.0945495068213607,2.7329690347524496
10.822824478149414,1.5005104853295415,-0.03932303147364474,0.11978877376273626,2.0945495068213607,2.7326402913606263
10.844498872756958,1.5281249154099024,-0.04195297884734722,0.11157018928612192,2.0965219663956405,2.731654061185684
10.867496967315674,1.5248374832546059,-0.042610465691721666,0.17041525298992774,2.0945495068213607,2.730010344229199
10.890033721923828,1.524179996823646,-0.043596695958995624,0.1730451999096351,2.0942207635591408,2.728695370665588
10.913068294525146,1.5281249154099024,-0.04458292622712487,0.10795401209963777,2.096193223133146,2.7263941669326357
10.935070514678955,1.501167971759432,-0.04392543938161031,0.12044626051858548,2.0955357366082947,2.724750449983147
10.95662808418274,1.513002727502194,-0.045897899919295354,0.1227474641614055,2.092905790510718,2.7237642198145005
10.97881531715393,1.5189201053771306,-0.04754161703665025,0.10499532166667888,2.0935632770348382,2.725736680152578
11.000875473022461,1.505770376769424,-0.04655538676595161,0.11551510984149174,2.095864479870697,2.724750449983147
11.023382186889648,1.4968943099656111,-0.054116485529920044,0.12044626051858548,2.0915908174630253,2.7237642198145005
11.044882774353027,1.5185913621617908,-0.050171564429374454,0.14082834978365144,2.092905790510718,2.7231067330358387
11.068896055221558,1.5090578089202509,-0.04951407758062101,0.11288516280593376,2.093234533772755,2.7214630160907083
11.093417644500732,1.495908080321038,-0.04787036046040702,0.12143249065172759,2.0938920202969666,2.7165318652683577
11.115939855575562,1.5074140928447488,-0.05050030785389431,0.11288516280593376,2.0945495068213607,2.7106144843072744
11.139458417892456,1.494264364246876,-0.049185334156387484,0.12077500389638372,2.095864479870697,2.7060120769124345
11.161468505859375,1.509715295350502,-0.04951407758062101,0.12636364130608718,2.0922483039867807,2.6974647489381143
11.181671857833862,1.5110302682110908,-0.049185334156387484,0.11091270252570719,2.092577047248726,2.6918761114476903
11.201200485229492,1.504126660694273,-0.04819910388425913,0.12077500389638372,2.0938920202969666,2.6856299872227725
11.223707675933838,1.4886757295958706,-0.051486538128027004,0.11913128700654996,2.0942207635591408,2.6803700931623373
11.244706153869629,1.4870320135223718,-0.0521440249779265,0.11946003038468526,2.09191956072488,2.6734664822407535
11.266652584075928,1.4896619592400397,-0.04721287361298876,0.12176123402927327,2.0945495068213607,2.6695215617307486
11.287897825241089,1.5149751867935652,-0.049185334156387484,0.1138713929449029,2.095206993345937,2.6668916147307673
11.309056520462036,1.485059554234362,-0.05050030785389431,0.12110374727409776,2.094878250083626,2.6622892074936395
11.330986738204956,1.519248848592478,-0.04819910388425913,0.09743422386215245,2.0935632770348382,2.662946694240802
11.352492570877075,1.48736075673706,-0.04655538676595161,0.11913128700654996,2.0945495068213607,2.6606454906271875
11.376501560211182,1.4827583517319387,-0.04951407758062101,0.12143249065172759,2.0945495068213607,2.6632754376145082
11.399524688720703,1.4929493913876584,-0.04754161703665025,0.120117517140703,2.0942207635591408,2.6613029773735195
11.421541690826416,1.502811687834276,-0.04754161703665025,0.11420013632438991,2.0955357366082947,2.6622892074936395
11.444104433059692,1.4830870949465542,-0.050171564429374454,0.12077500389638372,2.095206993345937,2.662946694240802
11.466630697250366,1.5149751867935652,-0.049185334156387484,0.1092689856231849,2.094878250083626,2.6626179508671792
11.489370107650757,1.4929493913876584,-0.04885659073224932,0.12176123402927327,2.0945495068213607,2.659001773762811
11.513731956481934,1.51530393000882,-0.051815281552929,0.10368034813870379,2.0922483039867807,2.658344287017641
11.535962343215942,1.4982092828251312,-0.050171564429374454,0.11485762308311002,2.096193223133146,2.6547281099251228
11.558505296707153,1.4883469863811591,-0.0531302552534928,0.12077500389638372,2.0942207635591408,2.6484819858797564
11.581465482711792,1.4807858924443607,-0.046884130189422585,0.1260348979297176,2.095206993345937,2.6478244991398676
11.602735757827759,1.4982092828251312,-0.04819910388425913,0.12669238468237293,2.0971794529207677,2.6382909414483233
11.624631881713867,1.478813433156974,-0.06430753177022186,0.11058395914537254,2.0942207635591408,2.623826233357433
11.647659063339233,1.4860457838783412,-0.0603626106339899,0.11321390618567484,2.0909333309394524,2.612648959030505
11.670661449432373,1.477169717084295,-0.05773266321752854,0.1342534823138542,2.092905790510718,2.59325310085821
11.693183660507202,1.4837445813758012,-0.05674643293793952,0.1467457304781153,2.0909333309394524,2.5748434730155205
11.715909242630005,1.478813433156974,-0.05674643293793952,0.1345822256881342,2.0909333309394524,2.552817668593565
11.737816333770752,1.467964907079566,-0.05707517636437326,0.131294791941582,2.0909333309394524,2.5393391914291907
11.760995864868164,1.463691245292879,-0.05674643293793952,0.11157018928612192,2.09191956072488,2.5330930679080614
11.782989263534546,1.474539771368272,-0.028803242039364962,0.13852714617300282,2.092905790510718,2.525531971050083
11.805143594741821,1.4738822849393156,-0.030446959132104184,0.13918463291931732,2.093234533772755,2.5232307676663175
11.827145338058472,1.4666499342220454,-0.03800805778906824,0.1283361015625448,2.089947101154434,2.523888254347023
11.847702980041504,1.4617187860069583,-0.045569156496110014,0.1165013399784302,2.093234533772755,2.5301343778285146
11.86669635772705,1.5008392285444834,-0.045897899919295354,0.1174875701146082,2.0965219663956405,2.534079297935919
11.886937618255615,1.4824296085173287,-0.04721287361298876,0.10663903857472976,2.092577047248726,2.539996678117198
11.906693696975708,1.4653349613645952,-0.051815281552929,0.11946003038468526,2.0922483039867807,2.5455853149774
11.926491498947144,1.468622393508353,-0.046226643342575896,0.12077500389638372,2.0909333309394524,2.5551188720245834
11.946487426757812,1.4728960552959178,-0.042610465691721666,0.1174875701146082,2.093234533772755,2.5626799690384936
11.96607780456543,1.485059554234362,-0.0429392091140513,0.11683008335724065,2.089947101154434,2.5676111192867577
11.987086534500122,1.4886757295958706,-0.04458292622712487,0.11584385322055575,2.0912620742012162,2.5761584464247655
12.008332252502441,1.4669786774364189,-0.04524041307301985,0.11814505687163804,2.092905790510718,2.5843770302606752
12.029329538345337,1.491305675313774,-0.04787036046040702,0.10433783490286193,2.092577047248726,2.5889794372300514
12.04884386062622,1.4705948527948234,-0.04721287361298876,0.11814505687163804,2.09191956072488,2.5935818442147713
12.07084321975708,1.4929493913876584,-0.05115779470322057,0.10269411799182653,2.0938920202969666,2.5968692777847124
12.093857288360596,1.4801284060152107,-0.049842821004949994,0.12143249065172759,2.090604587677734,2.599499224646338
12.116230726242065,1.4715810824381212,-0.04754161703665025,0.11880254362833033,2.0922483039867807,2.602129171513018
12.137240171432495,1.4791421763715253,-0.04721287361298876,0.11617259659953523,2.0909333309394524,2.6011429414374203
12.15985655784607,1.5047841471243126,-0.04852784730820653,0.10663903857472976,2.0909333309394524,2.598512994572637
12.183913707733154,1.4778272035133513,-0.05050030785389431,0.11880254362833033,2.0935632770348382,2.595883047712904
12.207706451416016,1.4936068778172549,-0.049842821004949994,0.10598155181176498,2.0942207635591408,2.5922668707889964
12.228690385818481,1.4728960552959178,-0.04787036046040702,0.12176123402927327,2.0912620742012162,2.5912806407204894
12.249207019805908,1.5074140928447488,-0.046226643342575896,0.11420013632438991,2.096193223133146,2.586349490388533
12.270894765853882,1.4735535417248449,-0.04458292622712487,0.120117517140703,2.09191956072488,2.584048286906305
12.294909238815308,1.4709235960092513,-0.045569156496110014,0.1220899774067348,2.0938920202969666,2.586020747033695
12.318519830703735,1.5103727817807817,-0.0449116696500248,0.1138713929449029,2.0955357366082947,2.585034516969649
12.341520071029663,1.4814433788735317,-0.042610465691721666,0.14345829676227684,2.0912620742012162,2.587335720453516
12.365192174911499,1.5090578089202509,-0.0429392091140513,0.11551510984149174,2.0942207635591408,2.5883219505192026
12.390150785446167,1.4814433788735317,-0.04096674858149746,0.11978877376273626,2.092905790510718,2.5922668707889964
12.41308045387268,1.4751972577972476,-0.03965177489502569,0.1220899774067348,2.0935632770348382,2.5948968176418035
12.435545682907104,1.475526001011743,-0.04326795253647597,0.12044626051858548,2.0935632770348382,2.603444144948257
12.458205938339233,1.4751972577972476,-0.042281722269486954,0.11978877376273626,2.093234533772755,2.6073890652615863
12.481185674667358,1.5008392285444834,-0.03866554463116709,0.11781631349316532,2.0975081961833997,2.610019012143496
12.499707221984863,1.513002727502194,-0.03899428805235855,0.11157018928612192,2.0912620742012162,2.610019012143496
12.519584655761719,1.477169717084295,-0.042610465691721666,0.12077500389638372,2.0938920202969666,2.6139639324759245
12.539499998092651,1.4883469863811591,-0.03603559726504299,0.11847380025002636,2.09191956072488,2.6152789059226236
12.55927062034607,1.5018254581893495,-0.03636434068547742,0.10466657828481303,2.092577047248726,2.617908852819863
12.579950332641602,1.506427863199533,-0.03636434068547742,0.11551510984149174,2.095864479870697,2.6165938793706025
12.599669218063354,1.4886757295958706,-0.035378110424457765,0.12866484493832794,2.0915908174630253,2.6169226227327975
12.619239568710327,1.4978805396102415,-0.035378110424457765,0.11781631349316532,2.0975081961833997,2.6188950829076507
12.639491319656372,1.4867032703076892,-0.035706853844703124,0.12307620753861472,2.0909333309394524,2.6165938793706025
12.658337593078613,1.505770376769424,-0.035706853844703124,0.11584385322055575,2.096850709658181,2.616265136008488
12.680691480636597,1.4982092828251312,-0.035706853844703124,0.10959772900385922,2.0945495068213607,2.6149501625608287
12.702467203140259,1.4804571492297829,-0.03735057094734806,0.11978877376273626,2.092905790510718,2.6139639324759245
12.721484899520874,1.475526001011743,-0.035706853844703124,0.11781631349316532,2.0938920202969666,2.6077178086215462
12.741465330123901,1.4837445813758012,-0.03472062358425049,0.11880254362833033,2.0922483039867807,2.609361525422541
12.763195276260376,1.50708534962967,-0.03636434068547742,0.11189893266620206,2.0965219663956405,2.606731578541904
12.783369302749634,1.4922919049580863,-0.035706853844703124,0.11781631349316532,2.093234533772755,2.604759118384764
12.802984476089478,1.4860457838783412,-0.03603559726504299,0.1299798184406238,2.0912620742012162,2.604101631666352
12.823983430862427,1.4936068778172549,-0.03472062358425049,0.1224187207841122,2.0942207635591408,2.603444144948257
12.843875169754028,1.4883469863811591,-0.03472062358425049,0.11814505687163804,2.0909333309394524,2.6018004281544065
12.864423990249634,1.4758547442262433,-0.03439188016428854,0.120117517140703,2.0938920202969666,2.602786658230479
12.885645866394043,1.4804571492297829,-0.035706853844703124,0.11913128700654996,2.0935632770348382,2.603444144948257
12.90796685218811,1.4949218506765223,-0.035049367004306886,0.11781631349316532,2.094878250083626,2.604101631666352
12.927561044692993,1.4768409738697745,-0.03603559726504299,0.12044626051858548,2.093234533772755,2.6024579148717093
12.956619024276733,1.4936068778172549,-0.035049367004306886,0.11551510984149174,2.0938920202969666,2.60607409182254
12.978144884109497,1.4765122306552592,-0.03274816306589473,0.12077500389638372,2.0922483039867807,2.6073890652615863
12.998852491378784,1.485388297449016,-0.03406313674442102,0.11880254362833033,2.090275844416061,2.606402835182182
13.019458770751953,1.4794709195860818,-0.03439188016428854,0.12636364130608718,2.0935632770348382,2.6070603219017054
13.040465116500854,1.475526001011743,-0.03439188016428854,0.120117517140703,2.093234533772755,2.61297770239174
13.060178756713867,1.4804571492297829,-0.03735057094734806,0.12044626051858548,2.0935632770348382,2.6110052422255263
13.080178022384644,1.4824296085173287,-0.03636434068547742,0.12110374727409776,2.092905790510718,2.611991472308274
13.100221395492554,1.4794709195860818,-0.04096674858149746,0.11978877376273626,2.0935632770348382,2.6139639324759245
13.120228290557861,1.4817721220881255,-0.04030926173807195,0.11978877376273626,2.0935632770348382,2.6106764988647697
13.140045642852783,1.4909769320990152,-0.03998051831650143,0.1737026866387538,2.093234533772755,2.612648959030505
13.160943984985352,1.4781559467278869,-0.045897899919295354,0.12044626051858548,2.0938920202969666,2.6106764988647697
13.179942607879639,1.4936068778172549,-0.042610465691721666,0.1293223316896432,2.0938920202969666,2.6050878617440887
13.198946237564087,1.4998529988996772,-0.0429392091140513,0.11715882673596666,2.0971794529207677,2.603772888307265
13.21855354309082,1.4867032703076892,-0.04425418280432003,0.11978877376273626,2.0915908174630253,2.5962117910700946
13.237695455551147,1.4751972577972476,-0.04425418280432003,0.12044626051858548,2.092577047248726,2.5955543043557916
13.257654190063477,1.4719098256525633,-0.046226643342575896,0.120117517140703,2.0942207635591408,2.588650693874588
13.276973009109497,1.5113590114262563,-0.04787036046040702,0.11124144590595697,2.092577047248726,2.5820758267817223
13.295763492584229,1.4728960552959178,-0.04655538676595161,0.12110374727409776,2.0912620742012162,2.579774623306583
13.315786838531494,1.4702661095804004,-0.04885659073224932,0.11978877376273626,2.0935632770348382,2.5761584464247655
13.336043357849121,1.5087290657051362,-0.05707517636437326,0.1092689856231849,2.09191956072488,2.571556039497819
13.355345726013184,1.5044554039092894,-0.05050030785389431,0.11584385322055575,2.0965219663956405,2.5702410660928994
13.376601457595825,1.483415838161175,-0.05050030785389431,0.14082834978365144,2.0945495068213607,2.5653099158354196
13.398751258850098,1.4715810824381212,-0.049185334156387484,0.11946003038468526,2.092577047248726,2.5649811724855356
13.422396421432495,1.467964907079566,-0.05773266321752854,0.11946003038468526,2.093234533772755,2.5623512256892225
13.44538426399231,1.476183487440749,-0.049842821004949994,0.14970442081531538,2.0912620742012162,2.560050022246467
13.465885639190674,1.4650062181502432,-0.04819910388425913,0.11913128700654996,2.093234533772755,2.563008712387841
13.486419677734375,1.4863745270930124,-0.05115779470322057,0.11584385322055575,2.0912620742012162,2.560050022246467
13.506657123565674,1.4692798799371583,-0.04951407758062101,0.11946003038468526,2.093234533772755,2.559721278897807
13.527068138122559,1.4844020678050704,-0.05115779470322057,0.10959772900385922,2.0935632770348382,2.5620224823400277
13.547231435775757,1.4742110281537915,-0.049185334156387484,0.11978877376273626,2.093234533772755,2.558735048852287
13.566582441329956,1.4669786774364189,-0.05378774210434861,0.12307620753861472,2.092577047248726,2.558406305503933
13.586546421051025,1.4669786774364189,-0.05641768951160167,0.11913128700654996,2.093234533772755,2.5557763587198443
13.606596946716309,1.489990702454775,-0.05050030785389431,0.10400909152082552,2.09191956072488,2.5547901286770673
13.626136779785156,1.4650062181502432,-0.054116485529920044,0.12044626051858548,2.092905790510718,2.549201491780905
13.645298719406128,1.4758547442262433,-0.0508290512785097,0.14082834978365144,2.093234533772755,2.546242801668267
13.66481328010559,1.4781559467278869,-0.04951407758062101,0.11946003038468526,2.0909333309394524,2.5413116514941136
13.684810876846313,1.477169717084295,-0.050171564429374454,0.12044626051858548,2.0942207635591408,2.5380242180540757
13.703942775726318,1.4936068778172549,-0.049185334156387484,0.10696778195608442,2.0909333309394524,2.5311206078543598
13.724391460418701,1.4600750699354696,-0.05050030785389431,0.12110374727409776,2.09191956072488,2.5271756877549953
13.743176221847534,1.489990702454775,-0.05115779470322057,0.10631029519328995,2.090604587677734,2.524545741028025
13.76328992843628,1.4784846899424278,-0.0521440249779265,0.10368034813870379,2.090604587677734,2.5225732809859074
13.783324956893921,1.4666499342220454,-0.0508290512785097,0.12077500389638372,2.092905790510718,2.5192858475882893
13.804296970367432,1.4922919049580863,-0.051486538128027004,0.11354264956533121,2.092577047248726,2.5146834408439993
13.823904037475586,1.4554726649358198,-0.051486538128027004,0.11946003038468526,2.092905790510718,2.5173133875532567
13.845351696014404,1.4955793371061932,-0.05247276840301965,0.11781631349316532,2.096850709658181,2.516655900875502
13.86573600769043,1.460732556364053,-0.0531302552534928,0.120117517140703,2.093234533772755,2.516327157536734
13.886094331741333,1.462376272435582,-0.05345899867887288,0.120117517140703,2.092905790510718,2.516327157536734
13.905753135681152,1.4567876377927869,-0.05444522895558723,0.120117517140703,2.09191956072488,2.516655900875502
13.92638111114502,1.462376272435582,-0.051486538128027004,0.11814505687163804,2.093234533772755,2.5202720776068
13.94688105583191,1.4949218506765223,-0.04951407758062101,0.11452887970379227,2.095206993345937,2.5212583076259745
13.966886520385742,1.456130151364296,-0.049185334156387484,0.12110374727409776,2.092577047248726,2.525860714390917
13.985890626907349,1.4564588945785395,-0.04885659073224932,0.11946003038468526,2.0909333309394524,2.524545741028025
14.00595474243164,1.4581026106498138,-0.04787036046040702,0.12044626051858548,2.0922483039867807,2.524874484368637
14.025959014892578,1.4751972577972476,-0.04951407758062101,0.10598155181176498,2.092577047248726,2.525531971050083
14.045471429824829,1.4554726649358198,-0.05345899867887288,0.12307620753861472,2.0922483039867807,2.5222445376458134
14.06628680229187,1.4558014081500559,-0.046884130189422585,0.12110374727409776,2.0922483039867807,2.5206008209464508
14.085397481918335,1.4663211910076763,-0.046226643342575896,0.12110374727409776,2.092577047248726,2.5179708742313065
14.105435371398926,1.4535002056504784,-0.045897899919295354,0.1174875701146082,2.0915908174630253,2.514025954167419
14.12507438659668,1.4817721220881255,-0.045897899919295354,0.10959772900385922,2.089947101154434,2.510738520788917
14.145586729049683,1.4797996628006436,-0.04524041307301985,0.11058395914537254,2.090275844416061,2.5100810341140942
14.165104150772095,1.457116381007038,-0.0521440249779265,0.11551510984149174,2.09191956072488,2.509752290776793
14.18510103225708,1.4863745270930124,-0.0449116696500248,0.1174875701146082,2.09191956072488,2.5133684674911327
14.204835176467896,1.4528427192220599,-0.041624235425302386,0.12077500389638372,2.090604587677734,2.5182996175704417
14.224669218063354,1.4627050156499,-0.0429392091140513,0.1165013399784302,2.092577047248726,2.5275044310962005
14.245431184768677,1.4590888402926243,-0.0429392091140513,0.12110374727409776,2.092577047248726,2.5360517579936515
14.265388011932373,1.4613900427926525,-0.040638005159737284,0.12143249065172759,2.092577047248726,2.5449278282868355
14.284987688064575,1.460732556364053,-0.03472062358425049,0.11617259659953523,2.0922483039867807,2.5541326419822625
14.30400800704956,1.463691245292879,-0.03472062358425049,0.1227474641614055,2.0922483039867807,2.558406305503933
14.32320237159729,1.4633625020785486,-0.03307690648538475,0.12340495091573989,2.09191956072488,2.5643236857859972
14.342817783355713,1.474539771368272,-0.03406313674442102,0.15858049178697764,2.093234533772755,2.5702410660928994
14.362018346786499,1.47223856886701,-0.03307690648538475,0.11913128700654996,2.093234533772755,2.5751722163677155
14.38115668296814,1.5018254581893495,-0.030446959132104184,0.12077500389638372,2.096850709658181,2.5761584464247655
14.40118932723999,1.4778272035133513,-0.02748826836686677,0.16811404943093466,2.09191956072488,2.574185986311362
14.4201979637146,1.4919631617433096,-0.02748826836686677,0.11683008335724065,2.0922483039867807,2.573528499607513
14.439195394515991,1.4742110281537915,-0.029131985457724635,0.1240624376697381,2.090604587677734,2.569254836040019
14.457704305648804,1.467964907079566,-0.03011821571336812,0.12110374727409776,2.093234533772755,2.5620224823400277
14.477914094924927,1.4709235960092513,-0.028803242039364962,0.11814505687163804,2.093234533772755,2.5577488188074535
14.4968900680542,1.4995242556847548,-0.026502038113479925,0.11452887970379227,2.0915908174630253,2.5469002883594354
14.516407012939453,1.468622393508353,-0.025844551278358247,0.11946003038468526,2.0915908174630253,2.540982908149772
14.535524368286133,1.485717040663676,-0.024858321026379693,0.11781631349316532,2.09191956072488,2.532106837880875
14.555801153182983,1.4673074206507968,-0.02551580786093824,0.12866484493832794,2.089947101154434,2.525203227709323
14.576781749725342,1.468622393508353,-0.02748826836686677,0.17403143000319204,2.0922483039867807,2.5169846442143426
14.597793340682983,1.468622393508353,-0.029131985457724635,0.1691002795281321,2.0922483039867807,2.5110672641264373
14.618396282196045,1.4797996628006436,-0.02617329469587215,0.12077500389638372,2.093234533772755,2.508108574091381
14.6391019821167,1.4610612995783507,-0.030446959132104184,0.12044626051858548,2.09191956072488,2.50383491071784
14.658856630325317,1.487689499951754,-0.024200834192196347,0.120117517140703,2.0912620742012162,2.4992325040216072
14.679153680801392,1.4774984602988204,-0.02617329469587215,0.10663903857472976,2.090275844416061,2.4989037606867055
14.699671983718872,1.4692798799371583,-0.02715952494897722,0.10894024224242563,2.0922483039867807,2.4989037606867055
14.72025752067566,1.4919631617433096,-0.02715952494897722,0.11058395914537254,2.096193223133146,2.5008762206972017
14.740284204483032,1.4738822849393156,-0.02551580786093824,0.12110374727409776,2.093234533772755,2.5041636540538295
14.759372234344482,1.4738822849393156,-0.031104445969858924,0.12340495091573989,2.092905790510718,2.5064648574077935
14.778974056243896,1.4751972577972476,-0.02617329469587215,0.10006417092972789,2.0909333309394524,2.508108574091381
14.798964500427246,1.4682936502939572,-0.026502038113479925,0.10959772900385922,2.0935632770348382,2.5130397241530993
14.819597005844116,1.476183487440749,-0.026502038113479925,0.1220899774067348,2.092577047248726,2.518957104248933
14.839598655700684,1.4801284060152107,-0.03307690648538475,0.1138713929449029,2.09191956072488,2.5225732809859074
14.859230041503906,1.4666499342220454,-0.02715952494897722,0.12110374727409776,2.093234533772755,2.528490661120261
14.880563497543335,1.459417583506902,-0.02551580786093824,0.12176123402927327,2.09191956072488,2.531778094538629
14.903511762619019,1.4600750699354696,-0.025844551278358247,0.1174875701146082,2.0912620742012162,2.5367092446801602
14.924970865249634,1.4824296085173287,-0.02847449862109938,0.1076252687185384,2.0912620742012162,2.5426266248722316
14.947407245635986,1.4751972577972476,-0.028803242039364962,0.11354264956533121,2.0935632770348382,2.5455853149774
14.967684745788574,1.4659924477933115,-0.03143318938887754,0.1165013399784302,2.093234533772755,2.5495302351271314
14.988404989242554,1.4666499342220454,-0.03011821571336812,0.12110374727409776,2.093234533772755,2.5524889252465806
15.008602619171143,1.4650062181502432,-0.031104445969858924,0.11946003038468526,2.093234533772755,2.553475155287762
15.029706954956055,1.4896619592400397,-0.02847449862109938,0.11847380025002636,2.089947101154434,2.552160181899672
15.050100088119507,1.501167971759432,-0.02847449862109938,0.11485762308311002,2.093234533772755,2.553475155287762
15.070871829986572,1.4827583517319387,-0.02715952494897722,0.11880254362833033,2.0909333309394524,2.553475155287762
15.091752290725708,1.464677474935896,-0.029131985457724635,0.11978877376273626,2.093234533772755,2.553803898634974
15.111050367355347,1.4968943099656111,-0.02715952494897722,0.120117517140703,2.0938920202969666,2.552817668593565
15.130840063095093,1.4774984602988204,-0.026830781531181624,0.11485762308311002,2.0938920202969666,2.5508452085127957
15.150968074798584,1.4728960552959178,-0.026830781531181624,0.16975776625919192,2.0909333309394524,2.5478865183967545
15.172405004501343,1.4633625020785486,-0.025187064443612045,0.12077500389638372,2.092905790510718,2.548215261742679
15.192740678787231,1.478813433156974,-0.02715952494897722,0.10992647238444858,2.0942207635591408,2.545914058322796
15.213948965072632,1.504126660694273,-0.025844551278358247,0.1174875701146082,2.097836939446078,2.542955368216949
15.233816623687744,1.4663211910076763,-0.029789472294726144,0.12077500389638372,2.092905790510718,2.5393391914291907
15.254794359207153,1.4676361638651791,-0.03143318938887754,0.11978877376273626,2.09191956072488,2.5390104480852997
15.275461912155151,1.4922919049580863,-0.02551580786093824,0.11157018928612192,2.0909333309394524,2.5344080412786876
15.29552149772644,1.4627050156499,-0.02551580786093824,0.12077500389638372,2.0912620742012162,2.5327643245655915
15.314602851867676,1.4949218506765223,-0.026502038113479925,0.1138713929449029,2.092905790510718,2.530791864512337
15.33362078666687,1.4676361638651791,-0.024858321026379693,0.14214332327362658,2.0915908174630253,2.530791864512337
15.353144645690918,1.4617187860069583,-0.02847449862109938,0.12077500389638372,2.092577047248726,2.5298056344867152
15.373623132705688,1.4630337588642222,-0.025844551278358247,0.12110374727409776,2.093234533772755,2.5301343778285146
15.394137382507324,1.4932781346024537,-0.028803242039364962,0.10992647238444858,2.0942207635591408,2.526518201072808
15.414651155471802,1.4627050156499,-0.02715952494897722,0.120117517140703,2.092905790510718,2.528490661120261
15.43454623222351,1.4784846899424278,-0.02715952494897722,0.10400909152082552,2.0912620742012162,2.526518201072808
15.455075979232788,1.4613900427926525,-0.026502038113479925,0.120117517140703,2.092905790510718,2.5281619177788333
15.476080656051636,1.4926206481728692,-0.02748826836686677,0.11814505687163804,2.0915908174630253,2.525531971050083
15.496814250946045,1.459417583506902,-0.02551580786093824,0.120117517140703,2.092577047248726,2.525531971050083
15.519330024719238,1.4922919049580863,-0.027817011784850326,0.1138713929449029,2.093234533772755,2.525203227709323
15.540424823760986,1.4597463267211839,-0.026502038113479925,0.11946003038468526,2.093234533772755,2.5275044310962005
15.560311794281006,1.4663211910076763,-0.026830781531181624,0.14477327024960363,2.090275844416061,2.525531971050083
15.580342292785645,1.4692798799371583,-0.02715952494897722,0.11978877376273626,2.0935632770348382,2.525860714390917
15.599921941757202,1.4610612995783507,-0.025844551278358247,0.120117517140703,2.092577047248726,2.525203227709323
15.618516445159912,1.4926206481728692,-0.02847449862109938,0.1138713929449029,2.092905790510718,2.525203227709323
15.638077020645142,1.4926206481728692,-0.02748826836686677,0.11354264956533121,2.0935632770348382,2.525203227709323
15.657590627670288,1.459417583506902,-0.027817011784850326,0.11946003038468526,2.092905790510718,2.5268469444138644
15.67697024345398,1.459417583506902,-0.028803242039364962,0.12077500389638372,2.0909333309394524,2.524216997687487
15.6976478099823,1.4613900427926525,-0.02617329469587215,0.120117517140703,2.092905790510718,2.525203227709323
15.716479778289795,1.483415838161175,-0.02715952494897722,0.10565280843015483,2.090275844416061,2.522902024326075
15.73547887802124,1.4883469863811591,-0.02847449862109938,0.11946003038468526,2.0896183578928524,2.5232307676663175
15.753988265991211,1.4613900427926525,-0.02748826836686677,0.11913128700654996,2.092577047248726,2.5232307676663175
15.773271560668945,1.462047529221268,-0.02748826836686677,0.11978877376273626,2.09191956072488,2.524216997687487
15.79227614402771,1.4617187860069583,-0.03143318938887754,0.12044626051858548,2.0922483039867807,2.5225732809859074
15.811294317245483,1.4650062181502432,-0.030446959132104184,0.120117517140703,2.092905790510718,2.5219157943057935
15.830293893814087,1.4640199885072138,-0.02847449862109938,0.11913128700654996,2.090604587677734,2.5219157943057935
15.848845481872559,1.4719098256525633,-0.027817011784850326,0.11124144590595697,2.0935632770348382,2.522902024326075
15.868889808654785,1.4719098256525633,-0.02715952494897722,0.11913128700654996,2.093234533772755,2.523559511006633
15.890949249267578,1.4617187860069583,-0.031761932807990445,0.12077500389638372,2.0922483039867807,2.5222445376458134
15.914071083068848,1.4811146356589435,-0.02715952494897722,0.10894024224242563,2.089947101154434,2.5219157943057935
15.936073064804077,1.464677474935896,-0.030446959132104184,0.12044626051858548,2.092905790510718,2.521587050965847
15.957628965377808,1.4600750699354696,-0.02617329469587215,0.12044626051858548,2.092905790510718,2.5225732809859074
15.977617263793945,1.459417583506902,-0.026830781531181624,0.12044626051858548,2.0922483039867807,2.5232307676663175
15.9971444606781,1.4735535417248449,-0.026502038113479925,0.1174875701146082,2.093234533772755,2.524874484368637
16.0196590423584,1.4676361638651791,-0.03439188016428854,0.16022420862703127,2.092577047248726,2.521587050965847
16.038207292556763,1.4666499342220454,-0.027817011784850326,0.1092689856231849,2.093234533772755,2.5199433342672224
16.059938192367554,1.4610612995783507,-0.03307690648538475,0.12110374727409776,2.092577047248726,2.5186283609096503
16.080939769744873,1.4673074206507968,-0.032419419646499026,0.13721217267937713,2.092577047248726,2.5127109808151395
16.102457284927368,1.4867032703076892,-0.031761932807990445,0.11222767604619739,2.092577047248726,2.504821140726027
16.12483239173889,1.459417583506902,-0.03373439332464789,0.12077500389638372,2.0909333309394524,2.4966025573444184
16.14652705192566,1.494264364246876,-0.03800805778906824,0.11913128700654996,2.089947101154434,2.486411514013858
16.168314218521118,1.459417583506902,-0.045569156496110014,0.11880254362833033,2.09191956072488,2.4795079040548313
16.188066959381104,1.4778272035133513,-0.046884130189422585,0.11124144590595697,2.09191956072488,2.4696456041676886
16.208083629608154,1.4567876377927869,-0.05773266321752854,0.11913128700654996,2.0922483039867807,2.462741994284437
16.228100299835205,1.4488978006518352,-0.06134884091674858,0.11781631349316532,2.0909333309394524,2.4581395877127585
16.248982667922974,1.4482403142235105,-0.06825245292033486,0.12176123402927327,2.0912620742012162,2.454194667805047
16.268423557281494,1.4502127735085233,-0.075484808398385,0.15890923515515173,2.0909333309394524,2.450249747907331
16.28896164894104,1.446267854938612,-0.08107344675452019,0.11847380025002636,2.0909333309394524,2.450249747907331
16.30947256088257,1.450870259936887,-0.08534711139880696,0.16778530606504002,2.090604587677734,2.4489347746103074
16.32853412628174,1.4446241388679477,-0.08468962452938075,0.11946003038468526,2.0915908174630253,2.4509072345562584
16.347530841827393,1.4456103685103372,-0.08403213766034548,0.120117517140703,2.090275844416061,2.453208437829683
16.367037534713745,1.4518564895794581,-0.08962077605961877,0.13063730519127004,2.09191956072488,2.4578108443867333
16.3850736618042,1.4863745270930124,-0.09225072355142952,0.11485762308311002,2.089947101154434,2.460440790996887
16.40365767478943,1.4886757295958706,-0.08797705888042481,0.11518636646234318,2.092905790510718,2.4637282242658647
16.423729419708252,1.489333216025311,-0.08468962452938075,0.1165013399784302,2.090604587677734,2.4643857109205
16.442728757858276,1.4475828277951983,-0.08501836796404497,0.12044626051858548,2.09191956072488,2.4650431975754157
16.461241483688354,1.4492265438660021,-0.0820596770555837,0.15923797852324412,2.0909333309394524,2.4620845076305016
16.48038101196289,1.4518564895794581,-0.08008721645433423,0.17403143000319204,2.0909333309394524,2.4568246144090753
16.499433279037476,1.459417583506902,-0.07778601242397618,0.10729652533735395,2.089947101154434,2.4499210045829716
16.518925189971924,1.478813433156974,-0.07712852555903546,0.11683008335724065,2.0915908174630253,2.44170242149639
16.538925409317017,1.4807858924443607,-0.07384109124016286,0.11715882673596666,2.09191956072488,2.426908972048342
16.560205936431885,1.471252339223684,-0.0725261175153317,0.10992647238444858,2.094878250083626,2.4167179291750096
16.579209804534912,1.4465965981527542,-0.07712852555903546,0.10466657828481303,2.089947101154434,2.4025819665861095
16.599862098693848,1.473224798510379,-0.0666087357727651,0.11814505687163804,2.09191956072488,2.3900897206789624
16.619065046310425,1.4331181263752064,-0.0610200974890662,0.1227474641614055,2.0892896146313156,2.3766112449373167
16.63970398902893,1.462047529221268,-0.055760202659213554,0.11880254362833033,2.0909333309394524,2.368392662221165
16.660151720046997,1.4350905856594605,-0.05608894608535969,0.10795401209963777,2.090604587677734,2.360174079544864
16.680148363113403,1.4567876377927869,-0.05970512377929818,0.120117517140703,2.0889608713698244,2.3549141866527887
16.70023274421692,1.4682936502939572,-0.05543145923316328,0.11584385322055575,2.0909333309394524,2.356229159874295
16.720845699310303,1.4597463267211839,-0.05115779470322057,0.11946003038468526,2.090275844416061,2.355242929958071
16.74062967300415,1.4255570324529216,-0.0531302552534928,0.12340495091573989,2.089947101154434,2.3588591063203315
16.761879920959473,1.4248995460249427,-0.057403919790902924,0.11551510984149174,2.0892896146313156,2.364447742531588
16.7820725440979,1.4285157213789121,-0.06134884091674858,0.15364934125454754,2.0892896146313156,2.370693865377656
16.80097198486328,1.430159437448972,-0.05904763692499085,0.1220899774067348,2.0912620742012162,2.3785837047951603
16.82182502746582,1.4278582349509017,-0.05608894608535969,0.11781631349316532,2.0909333309394524,2.3841723410716633
16.84190034866333,1.429830694234956,-0.057403919790902924,0.12077500389638372,2.090604587677734,2.388117260807522
16.860498666763306,1.4314744103050554,-0.05477397238135012,0.1220899774067348,2.0909333309394524,2.3917334372402888
16.87949848175049,1.4311456670910312,-0.046226643342575896,0.12143249065172759,2.088632128108379,2.394363383741807
16.90035367012024,1.4452816252962044,-0.035378110424457765,0.11913128700654996,2.0909333309394524,2.402253223271548
16.9201877117157,1.4488978006518352,-0.031104445969858924,0.11715882673596666,2.0945495068213607,2.406198143050653
16.940468788146973,1.4436379092255847,-0.030446959132104184,0.11781631349316532,2.0915908174630253,2.413759239320636
16.959885358810425,1.4433091660114694,-0.02748826836686677,0.10631029519328995,2.0892896146313156,2.421320335625929
16.98024034500122,1.4465965981527542,-0.02617329469587215,0.11058395914537254,2.0892896146313156,2.4292101752867734
17.00066375732422,1.4373917881578624,-0.024200834192196347,0.1174875701146082,2.090275844416061,2.4397299615620023
17.02193522453308,1.473224798510379,-0.02551580786093824,0.11847380025002636,2.09191956072488,2.4499210045829716
17.041873931884766,1.4482403142235105,-0.026830781531181624,0.10663903857472976,2.0912620742012162,2.4555096411065054
17.062380075454712,1.4436379092255847,-0.02551580786093824,0.11847380025002636,2.0915908174630253,2.461755764303639
17.082971572875977,1.4475828277951983,-0.025844551278358247,0.15101939429637448,2.09191956072488,2.4696456041676886
17.102627515792847,1.4515277463652645,-0.024858321026379693,0.14345829676227684,2.092577047248726,2.477535444072304
17.12281894683838,1.4811146356589435,-0.025844551278358247,0.11880254362833033,2.0912620742012162,2.484110310690687
17.142053604125977,1.4528427192220599,-0.030775702550934453,0.120117517140703,2.0912620742012162,2.492657637337296
17.161795139312744,1.4518564895794581,-0.03143318938887754,0.12110374727409776,2.0912620742012162,2.4975887873478224
17.181790828704834,1.4535002056504784,-0.029131985457724635,0.120117517140703,2.0922483039867807,2.4989037606867055
17.201436758041382,1.478813433156974,-0.02847449862109938,0.11452887970379227,2.0935632770348382,2.500547477361938
17.220038890838623,1.4613900427926525,-0.02748826836686677,0.11913128700654996,2.093234533772755,2.5012049640325382
17.239826202392578,1.4535002056504784,-0.027817011784850326,0.11913128700654996,2.092905790510718,2.499889990691628
17.259368658065796,1.4627050156499,-0.025844551278358247,0.10828275548065208,2.093234533772755,2.499561247356581
17.279387950897217,1.4600750699354696,-0.02715952494897722,0.12110374727409776,2.092905790510718,2.496273814010095
17.298884391784668,1.457116381007038,-0.023543347358388006,0.11913128700654996,2.0915908174630253,2.4946300973395603
17.31851863861084,1.4535002056504784,-0.022557117108378294,0.12044626051858548,2.090275844416061,2.4896989473387547
17.337522983551025,1.4610612995783507,-0.02617329469587215,0.12044626051858548,2.092905790510718,2.4847677973540927
17.357161283493042,1.477169717084295,-0.024858321026379693,0.11452887970379227,2.0935632770348382,2.483452824027567
17.376360654830933,1.4630337588642222,-0.024529577609241127,0.10466657828481303,2.0912620742012162,2.480165390716242
17.396482229232788,1.4548151785073584,-0.023872090775245325,0.1309660485664678,2.089947101154434,2.475891727422149
17.41658616065979,1.474539771368272,-0.023872090775245325,0.11354264956533121,2.092577047248726,2.4735905241149068
17.436129093170166,1.4774984602988204,-0.027817011784850326,0.11847380025002636,2.092577047248726,2.4729330374563308
17.45665669441223,1.4870320135223718,-0.024200834192196347,0.1174875701146082,2.0942207635591408,2.4696456041676886
17.47665572166443,1.4558014081500559,-0.025187064443612045,0.1352397124364443,2.092577047248726,2.466686914213932
17.497166395187378,1.47223856886701,-0.025187064443612045,0.1138713929449029,2.094878250083626,2.4680018875260092
17.521056175231934,1.4827583517319387,-0.027817011784850326,0.11715882673596666,2.095864479870697,2.4650431975754157
17.544150590896606,1.4482403142235105,-0.024200834192196347,0.120117517140703,2.09191956072488,2.4637282242658647
17.565170526504517,1.4692798799371583,-0.02748826836686677,0.11354264956533121,2.092905790510718,2.461427020976846
17.585184574127197,1.4495552870801727,-0.027817011784850326,0.12044626051858548,2.0915908174630253,2.458468331038853
17.60534954071045,1.4475828277951983,-0.02847449862109938,0.11683008335724065,2.090604587677734,2.4591258176912523
17.6244478225708,1.4844020678050704,-0.02715952494897722,0.12176123402927327,2.0922483039867807,2.4597833043439303
17.643968105316162,1.4604038131497592,-0.028145755202927836,0.10499532166667888,2.0896183578928524,2.4558383844320435
17.663010597229004,1.4492265438660021,-0.028803242039364962,0.11847380025002636,2.0915908174630253,2.453537181154735
17.682068824768066,1.4498840302943463,-0.029131985457724635,0.14510201362122868,2.090275844416061,2.453865924479856
17.70066738128662,1.4469253413668992,-0.02715952494897722,0.11913128700654996,2.0915908174630253,2.4545234111303076
17.72029995918274,1.448569057437671,-0.028145755202927836,0.16384038566797104,2.090275844416061,2.4512359778808253
17.73952031135559,1.4482403142235105,-0.029789472294726144,0.12077500389638372,2.0915908174630253,2.4486060312862237
17.759467124938965,1.4436379092255847,-0.03011821571336812,0.11978877376273626,2.089947101154434,2.4489347746103074
17.77769374847412,1.4778272035133513,-0.029131985457724635,0.11913128700654996,2.09191956072488,2.4512359778808253
17.79774832725525,1.450870259936887,-0.03143318938887754,0.12044626051858548,2.0912620742012162,2.4466335713431735
17.817356824874878,1.4535002056504784,-0.028803242039364962,0.10631029519328995,2.0915908174630253,2.4489347746103074
17.836683988571167,1.4617187860069583,-0.029131985457724635,0.11913128700654996,2.092577047248726,2.4456473413725788
17.85706114768982,1.4600750699354696,-0.028803242039364962,0.12077500389638372,2.092577047248726,2.446304828019573
17.877161979675293,1.4433091660114694,-0.02715952494897722,0.11913128700654996,2.0922483039867807,2.447291057990581
17.896695852279663,1.450870259936887,-0.029789472294726144,0.12077500389638372,2.0912620742012162,2.44926351793446
17.917335748672485,1.4801284060152107,-0.02715952494897722,0.12077500389638372,2.0922483039867807,2.44926351793446
17.93937349319458,1.4830870949465542,-0.029131985457724635,0.11880254362833033,2.0922483039867807,2.4486060312862237
17.96122646331787,1.4472540845810473,-0.029131985457724635,0.127349871434693,2.092577047248726,2.445976084696041
17.983023405075073,1.4511990031510742,-0.032090676227197606,0.11321390618567484,2.093234533772755,2.446304828019573
18.00429654121399,1.477169717084295,-0.03373439332464789,0.11913128700654996,2.0922483039867807,2.44498985472586
18.025036573410034,1.4488978006518352,-0.03965177489502569,0.11814505687163804,2.090604587677734,2.4400587048842293
18.045551538467407,1.4416654499409356,-0.035706853844703124,0.12110374727409776,2.090275844416061,2.436771271665039
18.066184759140015,1.4643487317215529,-0.03932303147364474,0.11551510984149174,2.0955357366082947,2.435127555058006
18.0872540473938,1.4403504770845579,-0.036693084106006385,0.11814505687163804,2.0915908174630253,2.4305251485673676
18.107393264770508,1.4673074206507968,-0.03800805778906824,0.11781631349316532,2.095864479870697,2.428552688646883
18.128394842147827,1.4410079635127413,-0.03800805778906824,0.12176123402927327,2.0912620742012162,2.4246077688132233
18.14890766143799,1.450870259936887,-0.04425418280432003,0.1174875701146082,2.0912620742012162,2.424936512132323
18.168334245681763,1.4400217338704704,-0.05444522895558723,0.12143249065172759,2.0909333309394524,2.422635308900038
18.1886568069458,1.4390355042282232,-0.06332130148486398,0.1220899774067348,2.0892896146313156,2.421320335625929
18.20973014831543,1.4390355042282232,-0.07384109124016286,0.1165013399784302,2.090604587677734,2.42230656558141
18.22985816001892,1.4390355042282232,-0.07449857810316052,0.12702112805857488,2.0915908174630253,2.422964052218734
18.2519588470459,1.4666499342220454,-0.07811475585659244,0.11617259659953523,2.0955357366082947,2.421320335625929
18.271979808807373,1.441336706726837,-0.08173093362179831,0.16811404943093466,2.090604587677734,2.418032902445359
18.289986610412598,1.4423229363691406,-0.0807447033210274,0.14148583652880473,2.09191956072488,2.4144167259544735
18.31000518798828,1.4597463267211839,-0.078443499289306,0.11485762308311002,2.0955357366082947,2.4104718061554506
18.328632593154907,1.4350905856594605,-0.08699082857408405,0.11880254362833033,2.0909333309394524,2.4025819665861095
18.348169088363647,1.4663211910076763,-0.08567585483366671,0.11946003038468526,2.090604587677734,2.392390923865276
18.367170572280884,1.4587600970783503,-0.08600459826862433,0.11222767604619739,2.0942207635591408,2.385487314315911
18.38616919517517,1.4495552870801727,-0.08304590735752523,0.11814505687163804,2.0912620742012162,2.37595375831855
18.40518355369568,1.429830694234956,-0.08041595988763212,0.13293850881590075,2.0912620742012162,2.3611603094639273
18.424192190170288,1.4311456670910312,-0.08140219018811051,0.10499532166667888,2.0883033848469785,2.3460381174338636
18.4459125995636,1.4419941931550366,-0.07679978212671099,0.11617259659953523,2.090604587677734,2.333545871943317
18.46491265296936,1.4465965981527542,-0.07614229526235364,0.120117517140703,2.0889608713698244,2.3236835729345886
18.485909938812256,1.4380492745859992,-0.07745726899145719,0.11781631349316532,2.088632128108379,2.3144787605758372
18.509260177612305,1.4515277463652645,-0.07712852555903546,0.11683008335724065,2.089947101154434,2.3108625843049833
18.530255794525146,1.415037249605955,-0.07745726899145719,0.1526631111458486,2.090275844416061,2.306588921448783
18.55281376838684,1.4202971410292664,-0.08041595988763212,0.11288516280593376,2.093234533772755,2.306917664745055
18.575418949127197,1.4492265438660021,-0.078443499289306,0.11781631349316532,2.0909333309394524,2.3092188678206327
18.596923351287842,1.4196396546013355,-0.08173093362179831,0.120117517140703,2.0896183578928524,2.3111913276020335
18.616538763046265,1.4281869781649061,-0.07877224272211694,0.11715882673596666,2.092577047248726,2.3138212739805954
18.6384437084198,1.454486435293133,-0.07679978212671099,0.11814505687163804,2.089947101154434,2.321382369840449
18.658058881759644,1.4137222767501703,-0.075484808398385,0.12077500389638372,2.0892896146313156,2.321382369840449
18.679054260253906,1.4337756128032821,-0.0751560649665464,0.11715882673596666,2.0883033848469785,2.322039856438471
18.699301719665527,1.4341043560173234,-0.0721973740843663,0.120117517140703,2.089947101154434,2.32171111313943
18.71993398666382,1.4380492745859992,-0.0721973740843663,0.12143249065172759,2.090604587677734,2.321382369840449
18.73993468284607,1.4281869781649061,-0.07384109124016286,0.11880254362833033,2.0896183578928524,2.318423680152351
18.760683059692383,1.4459391117244733,-0.07022491350060844,0.11913128700654996,2.090275844416061,2.3167799636610806
18.782881498336792,1.4643487317215529,-0.06923868321003643,0.1220899774067348,2.0915908174630253,2.305602691560325
18.804404973983765,1.417667195317573,-0.06332130148486398,0.11880254362833033,2.089947101154434,2.3006715421260724
18.82692575454712,1.442980422797357,-0.06069135406147996,0.12044626051858548,2.0912620742012162,2.295082906116713
18.85043954849243,1.4235845731690049,-0.058718893497981234,0.1174875701146082,2.0879746415856233,2.285878093903082
18.87243962287903,1.415037249605955,-0.04951407758062101,0.11683008335724065,2.089947101154434,2.2855493506105864
18.893953323364258,1.4114210742525815,-0.026830781531181624,0.11551510984149174,2.0909333309394524,2.283905634148984
18.913486003875732,1.4590888402926243,-0.02222837369189573,0.1165013399784302,2.090604587677734,2.2875218103664343
18.934462547302246,1.4410079635127413,-0.02091340002690148,0.11880254362833033,2.090604587677734,2.2881792969521837
18.953365325927734,1.4110923310386436,-0.023214603941624418,0.1240624376697381,2.087317155063049,2.2980415957665987
18.971526622772217,1.4127360471083414,-0.02847449862109938,0.10269411799182653,2.0869884118018303,2.3075751513377787
18.99052882194519,1.430159437448972,-0.035378110424457765,0.11683008335724065,2.089947101154434,2.3236835729345886
19.00955057144165,1.4199683978153002,-0.029789472294726144,0.12471992442340035,2.089947101154434,2.3397919946774217
19.028550148010254,1.4189821681734098,-0.027817011784850326,0.11814505687163804,2.090275844416061,2.3535992134322883
19.04691195487976,1.4209546274572027,-0.02847449862109938,0.10499532166667888,2.0915908174630253,2.3654339724531233
19.067009449005127,1.430159437448972,-0.02715952494897722,0.11683008335724065,2.090604587677734,2.375625015009263
19.085116863250732,1.429830694234956,-0.028145755202927836,0.1092689856231849,2.0879746415856233,2.385487314315911
19.10465431213379,1.4272007485228984,-0.027817011784850326,0.16384038566797104,2.0896183578928524,2.3927196671778677
19.12519145011902,1.4272007485228984,-0.028145755202927836,0.11880254362833033,2.0896183578928524,2.400609506699727
19.14683175086975,1.430159437448972,-0.028803242039364962,0.12340495091573989,2.089947101154434,2.4055406564201407
19.167848110198975,1.462047529221268,-0.028145755202927836,0.11551510984149174,2.0915908174630253,2.4088280895753544
19.190584421157837,1.4337756128032821,-0.029131985457724635,0.14312955339023842,2.0889608713698244,2.413759239320636
19.211862564086914,1.4380492745859992,-0.03373439332464789,0.12077500389638372,2.089947101154434,2.4140879826375214
19.23177170753479,1.4475828277951983,-0.029789472294726144,0.10959772900385922,2.090275844416061,2.4163891858575894
19.25229001045227,1.4814433788735317,-0.031104445969858924,0.12176123402927327,2.0915908174630253,2.418032902445359
19.275285720825195,1.4627050156499,-0.031104445969858924,0.11880254362833033,2.0909333309394524,2.4160604425402363
19.29779863357544,1.4370630449437976,-0.032090676227197606,0.11978877376273626,2.089947101154434,2.417704159127671
19.320512771606445,1.4370630449437976,-0.031104445969858924,0.1224187207841122,2.0896183578928524,2.41573169922295
19.34168267250061,1.4357480720875633,-0.032419419646499026,0.11880254362833033,2.0912620742012162,2.415074212588578
19.361223936080933,1.4380492745859992,-0.03406313674442102,0.17403143000319204,2.0909333309394524,2.411458036104307
19.382197380065918,1.475526001011743,-0.037021827526629913,0.1220899774067348,2.092577047248726,2.409156832891241
19.403811931610107,1.473224798510379,-0.03735057094734806,0.11880254362833033,2.0922483039867807,2.405869399735364
19.425230979919434,1.4538289488646932,-0.0429392091140513,0.11814505687163804,2.096193223133146,2.4065268863660085
19.448410511016846,1.462047529221268,-0.04885659073224932,0.11913128700654996,2.09191956072488,2.4042256831599103
19.471927642822266,1.4719098256525633,-0.055102715807208824,0.11913128700654996,2.09191956072488,2.404554426474869
19.493400812149048,1.4682936502939572,-0.05970512377929818,0.12077500389638372,2.088632128108379,2.4068556296814307
19.517950773239136,1.4531714624362675,-0.06266381462844045,0.11880254362833033,2.0915908174630253,2.4131017526870657
19.538045167922974,1.4364055585156756,-0.06759496606101711,0.120117517140703,2.0892896146313156,2.411458036104307
19.561650037765503,1.438706761014146,-0.06923868321003643,0.1648266157683354,2.090604587677734,2.4140879826375214
19.582984685897827,1.4400217338704704,-0.07318360437755334,0.1283361015625448,2.0915908174630253,2.4183616457631145
19.60158610343933,1.439364247442303,-0.06562250548538201,0.13228102206642361,2.0892896146313156,2.418032902445359
19.621094703674316,1.4419941931550366,-0.0666087357727651,0.1092689856231849,2.092905790510718,2.4206628489892776
19.639208555221558,1.4380492745859992,-0.06496501862760906,0.15858049178697764,2.0896183578928524,2.41737541581005
19.65820574760437,1.4400217338704704,-0.0652937620564473,0.11946003038468526,2.0915908174630253,2.4190191323988253
19.677252292633057,1.4436379092255847,-0.069896170070321,0.11946003038468526,2.090275844416061,2.4167179291750096
19.69609022140503,1.4390355042282232,-0.06430753177022186,0.12439118104661122,2.0892896146313156,2.417704159127671
19.71602201461792,1.4587600970783503,-0.06332130148486398,0.11946003038468526,2.09191956072488,2.418690389080936
19.735113859176636,1.4446241388679477,-0.06825245292033486,0.11880254362833033,2.090604587677734,2.4163891858575894
19.754868507385254,1.4377205313719295,-0.06332130148486398,0.11781631349316532,2.090604587677734,2.4206628489892776
19.775761604309082,1.441336706726837,-0.0685811963501387,0.120117517140703,2.090604587677734,2.4196766190348047
19.799988269805908,1.4535002056504784,-0.06397878834167287,0.11157018928612192,2.092577047248726,2.4262514854093986
19.822497844696045,1.441336706726837,-0.0666087357727651,0.120117517140703,2.090604587677734,2.430853891887686
19.845131635665894,1.460732556364053,-0.06397878834167287,0.12044626051858548,2.0915908174630253,2.439072474917754
19.868131160736084,1.4426516795832471,-0.06365004491322024,0.11814505687163804,2.089947101154434,2.4495922612586813
19.88913083076477,1.4488978006518352,-0.06792370949062768,0.11978877376273626,2.090604587677734,2.462741994284437
19.911158561706543,1.485388297449016,-0.06397878834167287,0.12044626051858548,2.090604587677734,2.470303090824853
19.932157516479492,1.4465965981527542,-0.06397878834167287,0.11978877376273626,2.0915908174630253,2.4818091073710145
19.953710556030273,1.4488978006518352,-0.06233507120037307,0.12110374727409776,2.0909333309394524,2.4896989473387547
19.97471046447754,1.4548151785073584,-0.06463627519886725,0.1316235353166127,2.092577047248726,2.498246274017119
19.995726823806763,1.47223856886701,-0.06365004491322024,0.11222767604619739,2.0909333309394524,2.5031774240460787
20.01654624938965,1.462047529221268,-0.06430753177022186,0.11683008335724065,2.092905790510718,2.507779830754518
20.038965225219727,1.4613900427926525,-0.06332130148486398,0.13392473893949086,2.092577047248726,2.510738520788917
20.061321020126343,1.456130151364296,-0.06430753177022186,0.120117517140703,2.0915908174630253,2.5153409275208727
20.086243629455566,1.4692798799371583,-0.06365004491322024,0.10269411799182653,2.092577047248726,2.5173133875532567
20.109289169311523,1.4587600970783503,-0.06365004491322024,0.123733694292781,2.0922483039867807,2.5199433342672224
20.13338589668274,1.4627050156499,-0.06332130148486398,0.1253774111767268,2.089947101154434,2.5209295642861758
20.15597939491272,1.4640199885072138,-0.06299255805660403,0.12307620753861472,2.090275844416061,2.525531971050083
20.18007254600525,1.487689499951754,-0.06397878834167287,0.1174875701146082,2.0896183578928524,2.5347367846215305
20.2039315700531,1.464677474935896,-0.06923868321003643,0.12307620753861472,2.0922483039867807,2.5508452085127957
20.227534294128418,1.4653349613645952,-0.06759496606101711,0.11880254362833033,2.092577047248726,2.569254836040019
20.249041080474854,1.485059554234362,-0.06299255805660403,0.11814505687163804,2.090275844416061,2.590623154008544
20.27009153366089,1.4949218506765223,-0.06332130148486398,0.10795401209963777,2.09191956072488,2.6123202156693495
20.29008913040161,1.4896619592400397,-0.06299255805660403,0.1165013399784302,2.094878250083626,2.637962198080875
20.30865168571472,1.4867032703076892,-0.06365004491322024,0.12471992442340035,2.0915908174630253,2.6606454906271875
20.327653169631958,1.4909769320990152,-0.06397878834167287,0.12340495091573989,2.09191956072488,2.687602447501017
20.347220182418823,1.485717040663676,-0.0685811963501387,0.11847380025002636,2.092577047248726,2.7148881483319114
20.366421937942505,1.5014967149743876,-0.06397878834167287,0.11551510984149174,2.0945495068213607,2.744475053521701
20.385488271713257,1.4952505938913545,-0.06365004491322024,0.12110374727409776,2.095864479870697,2.775048189637932
20.405033349990845,1.5093865521353726,-0.06266381462844045,0.11946003038468526,2.0942207635591408,2.802333892423899
20.42459797859192,1.504126660694273,-0.0610200974890662,0.11946003038468526,2.0955357366082947,2.8312633129401252
20.444090127944946,1.5110302682110908,-0.06200632777240203,0.1165013399784302,2.0935632770348382,2.859863990758698
20.463348865509033,1.5337135500758556,-0.06266381462844045,0.15825174841872183,2.095206993345937,2.885177234951678
20.48252582550049,1.5254949696855988,-0.06299255805660403,0.11978877376273626,2.0965219663956405,2.912462940380696
20.504225730895996,1.5327273204287408,-0.06299255805660403,0.1174875701146082,2.0965219663956405,2.937447442338745
20.526830434799194,1.5340422932915783,-0.06365004491322024,0.11354264956533121,2.0971794529207677,2.9637469187158825
20.550416231155396,1.5320698339973746,-0.0652937620564473,0.1174875701146082,2.0998093990231124,2.992018856556516
20.57385492324829,1.537987211880944,-0.06332130148486398,0.120117517140703,2.0975081961833997,3.0124009517589423
20.598379611968994,1.5376584686651138,-0.06627999234354087,0.12176123402927327,2.098165682708802,3.033111790850407
20.620940685272217,1.5419321304716185,-0.06595124891441317,0.1174875701146082,2.0998093990231124,3.0511926824694577
20.642457962036133,1.5435758465514615,-0.06233507120037307,0.12307620753861472,2.098823169234388,3.064999909017991
20.66267967224121,1.5471920219279527,-0.06266381462844045,0.120117517140703,2.101453115338575,3.077163418280431
20.68367910385132,1.5471920219279527,-0.06233507120037307,0.11551510984149174,2.098823169234388,3.088340697195387
20.70423460006714,1.559684264146858,-0.06299255805660403,0.120117517140703,2.0971794529207677,3.0982030022270326
20.724324703216553,1.5557393455498294,-0.06200632777240203,0.12077500389638372,2.1004668855491593,3.1077365638532695
20.744843244552612,1.5511369405218274,-0.06726622263150323,0.11814505687163804,2.0955357366082947,3.116612638555791
20.766353845596313,1.5524519133867691,-0.06365004491322024,0.11124144590595697,2.096193223133146,3.120557560672222
20.786442279815674,1.5600130073633451,-0.06134884091674858,0.11946003038468526,2.0998093990231124,3.1264749438774655
20.80596923828125,1.5550818591171358,-0.06266381462844045,0.14444452687789594,2.0975081961833997,3.127789917928072
20.828508138656616,1.5633004395287973,-0.06299255805660403,0.12176123402927327,2.097836939446078,3.1294336354938905
20.85004210472107,1.5586980344974601,-0.06266381462844045,0.1174875701146082,2.101453115338575,3.128776148467222
20.871017932891846,1.5725052495978564,-0.06266381462844045,0.12077500389638372,2.0998093990231124,3.125488713340704
20.89192485809326,1.5715190199471825,-0.06233507120037307,0.12143249065172759,2.0998093990231124,3.121215047693212
20.91586661338806,1.5554106023334777,-0.06299255805660403,0.10400909152082552,2.0971794529207677,3.113982690487214
20.940300226211548,1.5560680887661915,-0.06200632777240203,0.14740321722029226,2.0998093990231124,3.1047778723039983
20.965654611587524,1.5633004395287973,-0.06134884091674858,0.11617259659953523,2.0935632770348382,3.096559284714786
20.990175008773804,1.565272898828584,-0.06134884091674858,0.11847380025002636,2.0942207635591408,3.0906419016938007
21.01432490348816,1.5639579259620164,-0.06397878834167287,0.1220899774067348,2.095206993345937,3.0843957752107727
21.038797855377197,1.5554106023334777,-0.0603626106339899,0.11485762308311002,2.101781858601806,3.0801221097454614
21.058374166488647,1.557383061631743,-0.06167758434452722,0.1224187207841122,2.0955357366082947,3.077163418280431
21.078373193740845,1.5537668862518714,-0.06134884091674858,0.11978877376273626,2.101781858601806,3.0768346747848687
21.096911430358887,1.5527806566030296,-0.06134884091674858,0.11847380025002636,2.1024393451284067,3.0781496487677797
21.11616039276123,1.549821967657045,-0.06365004491322024,0.10795401209963777,2.0965219663956405,3.0794646227524587
21.135157585144043,1.561656723445938,-0.06134884091674858,0.120117517140703,2.092905790510718,3.083738288214891
21.154704570770264,1.5501507108732258,-0.06167758434452722,0.1010504010786561,2.09915191249725,3.088011953696058
21.173213720321655,1.5544243726844833,-0.06167758434452722,0.12143249065172759,2.1024393451284067,3.092285619196007
21.19221305847168,1.5633004395287973,-0.06266381462844045,0.12077500389638372,2.098823169234388,3.093271849698668
21.21203899383545,1.5662591284786238,-0.06200632777240203,0.120117517140703,2.09915191249725,3.099189232735722
21.231213569641113,1.5603417505798423,-0.06167758434452722,0.12143249065172759,2.093234533772755,3.1031341547805544
21.25381588935852,1.5603417505798423,-0.06266381462844045,0.11913128700654996,2.0975081961833997,3.106092846324773
21.27546739578247,1.5557393455498294,-0.06397878834167287,0.12340495091573989,2.095864479870697,3.1070790768415337
21.29701590538025,1.565272898828584,-0.06365004491322024,0.11978877376273626,2.0984944259715723,3.1090515378780905
21.31753182411194,1.5527806566030296,-0.06463627519886725,0.11189893266620206,2.095864479870697,3.1090515378780905
21.33763098716736,1.5550818591171358,-0.06562250548538201,0.11781631349316532,2.096193223133146,3.1077365638532695
21.359875440597534,1.5537668862518714,-0.06134884091674858,0.1335959955650442,2.0998093990231124,3.108722794371716
21.382976293563843,1.5560680887661915,-0.06332130148486398,0.12044626051858548,2.101781858601806,3.1070790768415337
21.405575275421143,1.5554106023334777,-0.06430753177022186,0.11321390618567484,2.0955357366082947,3.1047778723039983
21.428298711776733,1.5540956294681723,-0.06266381462844045,0.11913128700654996,2.101781858601806,3.106092846324773
21.451964139938354,1.568889074212547,-0.06266381462844045,0.12176123402927327,2.0984944259715723,3.1047778723039983
21.47387933731079,1.5613279802293982,-0.06069135406147996,0.120117517140703,2.0935632770348382,3.1067503333358344
21.49619174003601,1.565601642045253,-0.06365004491322024,0.11913128700654996,2.098165682708802,3.110695255411648
21.519235134124756,1.5682315877789998,-0.06200632777240203,0.12044626051858548,2.098165682708802,3.113325203471199
21.542321920394897,1.5540956294681723,-0.06134884091674858,0.11551510984149174,2.0998093990231124,3.1195713301415866
21.564976692199707,1.5649441556119257,-0.06200632777240203,0.12176123402927327,2.0942207635591408,3.126146200365098
21.58605408668518,1.5698753038629512,-0.06693747920208587,0.11946003038468526,2.1001381422861125,3.134036044693334
21.608340978622437,1.5560680887661915,-0.06134884091674858,0.1076252687185384,2.0998093990231124,3.1429121196412177
21.628352880477905,1.567902844562243,-0.06233507120037307,0.12110374727409776,2.09915191249725,3.153431912280403
21.650952100753784,1.5593555209303815,-0.06365004491322024,0.12504866780010554,2.096850709658181,3.1669103967722187
21.675021648406982,1.570204047079775,-0.06299255805660403,0.120117517140703,2.09915191249725,3.188278726245968
21.69425058364868,1.5649441556119257,-0.06430753177022186,0.11847380025002636,2.0984944259715723,3.208003338509275
21.713268518447876,1.5767789114186335,-0.06200632777240203,0.12143249065172759,2.098165682708802,3.230029156043291
21.732320308685303,1.570204047079775,-0.06332130148486398,0.11913128700654996,2.101781858601806,3.255671153257233
21.751882076263428,1.5794088571554714,-0.06299255805660403,0.11978877376273626,2.096193223133146,3.2832856126268988
21.770580530166626,1.5777651410698597,-0.06299255805660403,0.1224187207841122,2.097836939446078,3.311886303610823
21.789579153060913,1.575135195333489,-0.06299255805660403,0.11157018928612192,2.098165682708802,3.344760662241428
21.809008598327637,1.5872986943705674,-0.06200632777240203,0.11913128700654996,2.0984944259715723,3.3776350221524365
21.8280348777771,1.5813813164585955,-0.06167758434452722,0.123733694292781,2.0998093990231124,3.4128105886997284
21.8485050201416,1.5859837215008992,-0.06332130148486398,0.1138713929449029,2.0998093990231124,3.4493011313011
21.868508100509644,1.5938735587218968,-0.06200632777240203,0.11946003038468526,2.1001381422861125,3.488421624765996
21.887503623962402,1.5922298426335924,-0.06200632777240203,0.12307620753861472,2.1004668855491593,3.5255696581772806
21.910566568374634,1.597489734117294,-0.06233507120037307,0.11946003038468526,2.10112437207539,3.566333873889645
21.931904792785645,1.6004484230783342,-0.06299255805660403,0.12176123402927327,2.101453115338575,3.6090705540081056
21.954567909240723,1.6034071120404436,-0.06332130148486398,0.11978877376273626,2.101453115338575,3.651807236584524
21.97653889656067,1.6063658010036386,-0.06167758434452722,0.11946003038468526,2.101453115338575,3.691256484262421
21.997559785842896,1.610310719622947,-0.06200632777240203,0.12143249065172759,2.101453115338575,3.7307057341125867
22.020589113235474,1.6116256924964911,-0.06266381462844045,0.12077500389638372,2.101453115338575,3.7724561926115783
22.04366636276245,1.6162280975556615,-0.06332130148486398,0.12044626051858548,2.1027680883917763,3.8135491660350405
22.06528377532959,1.621816732274127,-0.06200632777240203,0.11946003038468526,2.1027680883917763,3.854642141941365
22.086578130722046,1.6257616509014619,-0.06266381462844045,0.11913128700654996,2.1027680883917763,3.890475218991202
22.10710072517395,1.6280628534350603,-0.06299255805660403,0.11847380025002636,2.1034255749186546,3.9266370418422607
22.130613565444946,1.631350285627194,-0.06266381462844045,0.1220899774067348,2.1027680883917763,3.962141378963201
22.153414964675903,1.6366101771377861,-0.06200632777240203,0.11978877376273626,2.1037543181821627,4.001590644739719
22.1768159866333,1.639240122894573,-0.06167758434452722,0.1220899774067348,2.104411804709319,4.039396193422853
22.19982361793518,1.6441712711912746,-0.06200632777240203,0.11978877376273626,2.104411804709319,4.0827903912678885
22.22086501121521,1.6474587033910815,-0.06200632777240203,0.120117517140703,2.105069291236661,4.1199384570177084
22.2420494556427,1.651403622033003,-0.06266381462844045,0.11978877376273626,2.1047405479729666,4.159387732884515
22.263163328170776,1.6556772838977765,-0.06200632777240203,0.11978877376273626,2.105726777764188,4.198508267369121
22.283350706100464,1.6606084322068237,-0.06134884091674858,0.12044626051858548,2.1063842642919015,4.239272524566464
22.303328275680542,1.6632383779732234,-0.06200632777240203,0.11946003038468526,2.1060555210280216,4.280694272727504
22.323702573776245,1.6645533508568386,-0.06332130148486398,0.12044626051858548,2.1063842642919015,4.320801047625154
22.343876600265503,1.6707994720578414,-0.07022491350060844,0.12044626051858548,2.1067130075558276,4.361894057661356
22.362696886062622,1.6770455932652828,-0.06167758434452722,0.11978877376273626,2.10737049408382,4.402658326627619
22.383058309555054,1.6832917144793107,-0.06200632777240203,0.12110374727409776,2.108027980611999,4.443093854492175
22.40315008163452,1.687236633144263,-0.06200632777240203,0.11683008335724065,2.1083567238761582,4.481556920395146
22.422961473464966,1.6921677814792884,-0.06167758434452722,0.12077500389638372,2.108685467140364,4.5150888262676405
22.442829608917236,1.6961127001504224,-0.06397878834167287,0.12800735818667794,2.1093429536689157,4.5502644553098435
22.463056087493896,1.6951264704823772,-0.06463627519886725,0.11617259659953523,2.1090142104046166,4.577878969491427
22.483016967773438,1.69808515948704,-0.06134884091674858,0.1138713929449029,2.1093429536689157,4.6061509736354305
22.520773887634277,1.702358821385476,-0.06299255805660403,0.13326725219051416,2.110329183462094,4.646915261432158
22.54169750213623,1.7030163078316864,-0.06134884091674858,0.11321390618567484,2.1090142104046166,4.67387229226195
22.565234661102295,1.706632483287277,-0.06233507120037307,0.12504866780010554,2.109671696933262,4.695898159990902
22.603672742843628,1.7082761994042603,-0.06266381462844045,0.11617259659953523,2.110329183462094,4.713979096914031
22.634634494781494,1.7105774019688904,-0.06134884091674858,0.131294791941582,2.110329183462094,4.721211471867881
22.654619932174683,1.7089336858511956,-0.06266381462844045,0.11847380025002636,2.110329183462094,4.721540216186478
22.675621509552002,1.708604942627718,-0.06200632777240203,0.120117517140703,2.1100004401976546,4.716609051430473
22.695746898651123,1.7102486587453107,-0.06266381462844045,0.1260348979297176,2.11065792672658,4.712992863973965
22.715324878692627,1.707947456180823,-0.06200632777240203,0.11913128700654996,2.109671696933262,4.705431744831972
22.735698223114014,1.707947456180823,-0.06233507120037307,0.1224187207841122,2.11065792672658,4.693925694184518
22.755234241485596,1.707947456180823,-0.06233507120037307,0.1227474641614055,2.110329183462094,4.678803456594588
22.775326013565063,1.7056462536173296,-0.06266381462844045,0.11880254362833033,2.1100004401976546,4.658421311000064
22.795727729797363,1.703345051054822,-0.06299255805660403,0.11913128700654996,2.1093429536689157,4.633765490818007
22.819775819778442,1.7020300781624005,-0.06134884091674858,0.120117517140703,2.1093429536689157,4.6058222293922535
22.84429168701172,1.6974276730414226,-0.06365004491322024,0.1220899774067348,2.109671696933262,4.570975340808131
22.869292497634888,1.6964414433731432,-0.06233507120037307,0.11715882673596666,2.1090142104046166,4.538100919766323
22.89008378982544,1.6944689840371108,-0.06200632777240203,0.12307620753861472,2.108685467140364,4.508842686777426
22.910765886306763,1.6892090924777583,-0.06200632777240203,0.11946003038468526,2.108027980611999,4.483529385387815
22.93375563621521,1.687236633144263,-0.06200632777240203,0.12044626051858548,2.1083567238761582,4.451312458086017
22.952268362045288,1.684935430589379,-0.06167758434452722,0.12110374727409776,2.108027980611999,4.425341671156376
22.971268892288208,1.682962971257353,-0.06200632777240203,0.1174875701146082,2.108027980611999,4.401672094278205
22.990445613861084,1.682305484813494,-0.06167758434452722,0.11913128700654996,2.107699237347886,4.378660006628905
23.01007056236267,1.6790180525953098,-0.06332130148486398,0.12110374727409776,2.10737049408382,4.3563054081183585
23.028395652770996,1.6786893093735928,-0.06200632777240203,0.11715882673596666,2.107699237347886,4.333293322356346
23.04746651649475,1.6770455932652828,-0.06299255805660403,0.12044626051858548,2.10737049408382,4.31554114255832
23.06746554374695,1.674086904271472,-0.06233507120037307,0.12077500389638372,2.1070417508198007,4.29351529062365
23.086728811264038,1.6734294178286024,-0.06200632777240203,0.12077500389638372,2.1070417508198007,4.27379064782607
23.10792303085327,1.6698132423941008,-0.06233507120037307,0.12110374727409776,2.1067130075558276,4.256038469890748
23.128636837005615,1.6671832966249067,-0.06332130148486398,0.12044626051858548,2.1063842642919015,4.23631382838332
23.149787664413452,1.6655395805197328,-0.06200632777240203,0.12077500389638372,2.1063842642919015,4.218890395611091
23.172987937927246,1.6652108372987504,-0.06200632777240203,0.12077500389638372,2.1060555210280216,4.199823243363304
23.19398832321167,1.6589647161033825,-0.06200632777240203,0.1220899774067348,2.1060555210280216,4.178126139835397
23.21566653251648,1.6589647161033825,-0.06233507120037307,0.12044626051858548,2.1063842642919015,4.159387732884515
23.23888325691223,1.6576497432209367,-0.06299255805660403,0.1220899774067348,2.105726777764188,4.1396630946264406
23.26248598098755,1.6540335677956064,-0.06233507120037307,0.12176123402927327,2.105069291236661,4.116979761432115
23.286516666412354,1.6537048245752228,-0.06562250548538201,0.12143249065172759,2.105069291236661,4.0965976366797925
23.30976152420044,1.6500886491520994,-0.06200632777240203,0.11978877376273626,2.104411804709319,4.075558024748006
23.333818435668945,1.6464724737309693,-0.06200632777240203,0.120117517140703,2.104411804709319,4.051888462186907
23.357937574386597,1.6445000144111825,-0.06167758434452722,0.120117517140703,2.105069291236661,4.027890156625351
23.38284730911255,1.6405550957733435,-0.06167758434452722,0.123733694292781,2.1037543181821627,4.002576876415577
23.405372381210327,1.6369389203573297,-0.06167758434452722,0.123733694292781,2.1034255749186546,3.9815372676641148
23.4259831905365,1.6349664610403016,-0.06266381462844045,0.11617259659953523,2.103096831655192,3.9644425860664203
23.446157932281494,1.632994001723831,-0.06134884091674858,0.12176123402927327,2.103096831655192,3.950306599705617
23.468023777008057,1.6343089746014163,-0.0610200974890662,0.1260348979297176,2.1037543181821627,3.937485589088767
23.489015102386475,1.6323365152851301,-0.0610200974890662,0.11551510984149174,2.104083061445718,3.924335834873893
23.50852680206299,1.631350285627194,-0.06167758434452722,0.12110374727409776,2.1034255749186546,3.9128298001540585
23.527518033981323,1.629706569530938,-0.06233507120037307,0.1283361015625448,2.103096831655192,3.902967484841254
23.5460262298584,1.6280628534350603,-0.06233507120037307,0.11683008335724065,2.103096831655192,3.8957351203728234
23.565025568008423,1.62773411021593,-0.06200632777240203,0.11946003038468526,2.1034255749186546,3.8898177313214526
23.58440375328064,1.6283915966542055,-0.06200632777240203,0.127349871434693,2.1027680883917763,3.883571598491512
23.60349726676941,1.6274053669968147,-0.06233507120037307,0.1165013399784302,2.103096831655192,3.8815991355048536
23.62302803993225,1.6283915966542055,-0.06167758434452722,0.11814505687163804,2.103096831655192,3.8779829533779195
23.646028518676758,1.62773411021593,-0.06167758434452722,0.12340495091573989,2.1027680883917763,3.8769967218921826
23.66554307937622,1.6264191373395582,-0.06332130148486398,0.1165013399784302,2.103096831655192,3.8769967218921826
23.686540842056274,1.62773411021593,-0.06134884091674858,0.12307620753861472,2.1034255749186546,3.8786404410358926
23.70611596107483,1.6274053669968147,-0.06200632777240203,0.12044626051858548,2.1034255749186546,3.8776542095491773
23.727627277374268,1.6264191373395582,-0.06167758434452722,0.11880254362833033,2.1027680883917763,3.8776542095491773
23.750135898590088,1.6283915966542055,-0.06266381462844045,0.12307620753861472,2.103096831655192,3.87666797806393
23.77326226234436,1.625104164463425,-0.0610200974890662,0.123733694292781,2.1027680883917763,3.8776542095491773
23.79551339149475,1.6257616509014619,-0.06167758434452722,0.12143249065172759,2.1027680883917763,3.87666797806393
23.817034482955933,1.62773411021593,-0.06167758434452722,0.12077500389638372,2.103096831655192,3.8763392342358407
23.83958601951599,1.6260903941205027,-0.06200632777240203,0.12077500389638372,2.1027680883917763,3.8756817465801507
23.861231088638306,1.6264191373395582,-0.06167758434452722,0.11880254362833033,2.1027680883917763,3.8779829533779195
23.88433814048767,1.6267478805586288,-0.06134884091674858,0.12340495091573989,2.1024393451284067,3.880284160183682
23.90882897377014,1.6260903941205027,-0.06134884091674858,0.11880254362833033,2.1034255749186546,3.884229086155039
23.931962728500366,1.6264191373395582,-0.06299255805660403,0.120117517140703,2.1024393451284067,3.888831499818058
23.956480503082275,1.6270766237777143,-0.06233507120037307,0.1227474641614055,2.103096831655192,3.8908039628263222
23.978538036346436,1.6280628534350603,-0.06167758434452722,0.11847380025002636,2.1027680883917763,3.8924476820043865
24.00004816055298,1.6283915966542055,-0.06266381462844045,0.12439118104661122,2.1027680883917763,3.890475218991202
24.02066135406494,1.6293778263117322,-0.06167758434452722,0.12143249065172759,2.1027680883917763,3.8871877806490103
24.0408718585968,1.6280628534350603,-0.06200632777240203,0.120117517140703,2.1034255749186546,3.8799554163537975
24.060381650924683,1.6267478805586288,-0.06167758434452722,0.12340495091573989,2.1034255749186546,3.8710793330085655
24.078691959381104,1.62773411021593,-0.06069135406147996,0.1289935883140274,2.1034255749186546,3.8615457621402234
24.098275661468506,1.6264191373395582,-0.06365004491322024,0.11551510984149174,2.103096831655192,3.8523409352242597
24.117290019989014,1.6254329076824359,-0.06332130148486398,0.11420013632438991,2.1034255749186546,3.8382049512781866
24.13551950454712,1.6257616509014619,-0.06069135406147996,0.1220899774067348,2.1027680883917763,3.826698918052905
24.155085802078247,1.623460448368592,-0.06134884091674858,0.12636364130608718,2.1027680883917763,3.8194665544115343
24.175095796585083,1.622802961930762,-0.0610200974890662,0.11781631349316532,2.1027680883917763,3.8109192156620213
24.199604272842407,1.623789191587529,-0.06266381462844045,0.11715882673596666,2.1027680883917763,3.802700620811762
24.222123622894287,1.621816732274127,-0.06134884091674858,0.1299798184406238,2.1024393451284067,3.789879613042651
24.244123697280884,1.6214879890552778,-0.06167758434452722,0.11452887970379227,2.1024393451284067,3.779031068194226
24.267640352249146,1.6208305026176233,-0.06299255805660403,0.12176123402927327,2.103096831655192,3.7711412175025516
24.28911018371582,1.6214879890552778,-0.0610200974890662,0.12077500389638372,2.1024393451284067,3.7704837299489746
24.31033754348755,1.6201730161800272,-0.06167758434452722,0.1174875701146082,2.1027680883917763,3.7750861428371305
24.333346366882324,1.6205017593988178,-0.06167758434452722,0.11978877376273626,2.101781858601806,3.785277200055771
24.35595726966858,1.6211592458364432,-0.06200632777240203,0.12077500389638372,2.101781858601806,3.8000706704805762
24.37895178794861,1.6208305026176233,-0.06332130148486398,0.1227474641614055,2.1024393451284067,3.816507860216844
24.40240240097046,1.622474218711869,-0.06167758434452722,0.11847380025002636,2.1027680883917763,3.836561232233986
24.424545526504517,1.6231317051496696,-0.0652937620564473,0.12340495091573989,2.1024393451284067,3.853327166673479
24.447053909301758,1.6254329076824359,-0.06200632777240203,0.11847380025002636,2.1027680883917763,3.874038027443777
24.467062950134277,1.6280628534350603,-0.0610200974890662,0.1224187207841122,2.1034255749186546,3.891790194332669
24.490066528320312,1.6290490830925417,-0.06200632777240203,0.12110374727409776,2.103096831655192,3.9125010563079026
24.514917373657227,1.630692799188646,-0.06266381462844045,0.12044626051858548,2.103096831655192,3.9358418697973176
24.539058685302734,1.6343089746014163,-0.06233507120037307,0.1220899774067348,2.104083061445718,3.9624701228345836
24.56257939338684,1.6362814339182583,-0.06167758434452722,0.120117517140703,2.104083061445718,3.9904133525209136
24.584454774856567,1.637596406796464,-0.06134884091674858,0.1220899774067348,2.1037543181821627,4.021644022452666
24.60735845565796,1.6431850415316471,-0.0652937620564473,0.12110374727409776,2.104083061445718,4.050573486515682
24.630871772766113,1.6441712711912746,-0.06167758434452722,0.12439118104661122,2.1047405479729666,4.084105367007954
24.65073561668396,1.6477874466111515,-0.06134884091674858,0.12044626051858548,2.105069291236661,4.115993529573472
24.66875720024109,1.6517323652532703,-0.06200632777240203,0.1220899774067348,2.1053980345004013,4.147552949851487
24.687751054763794,1.6527185949141714,-0.06069135406147996,0.120117517140703,2.105726777764188,4.178783627809354
24.707244634628296,1.6583072296621255,-0.06200632777240203,0.1220899774067348,2.1053980345004013,4.21100053943308
24.725754499435425,1.6606084322068237,-0.06167758434452722,0.12077500389638372,2.1053980345004013,4.242559964787716
24.74633526802063,1.6625808915315199,-0.06134884091674858,0.11715882673596666,2.1067130075558276,4.273461903785227
24.76593852043152,1.6698132423941008,-0.06233507120037307,0.12143249065172759,2.1060555210280216,4.303706356337475
24.786938667297363,1.6724431881644326,-0.06069135406147996,0.12143249065172759,2.1070417508198007,4.3309921138323135
24.809457540512085,1.675730620378963,-0.0610200974890662,0.11978877376273626,2.10737049408382,4.355319175851908
24.83048701286316,1.6806617687041707,-0.06069135406147996,0.12110374727409776,2.107699237347886,4.379646238936971
24.850396871566772,1.6842779441452955,-0.0685811963501387,0.12044626051858548,2.1083567238761582,4.399042141355129
24.871910333633423,1.684935430589379,-0.06233507120037307,0.12044626051858548,2.108027980611999,4.420081765094501
24.893919706344604,1.686250403477771,-0.06365004491322024,0.12077500389638372,2.108027980611999,4.436190227570131
24.916139364242554,1.686250403477771,-0.06200632777240203,0.11978877376273626,2.1083567238761582,4.451969946378943
24.9385027885437,1.6888803492554616,-0.0610200974890662,0.12044626051858548,2.1083567238761582,4.46610594487156
24.960558891296387,1.6892090924777583,-0.06200632777240203,0.1220899774067348,2.1083567238761582,4.480241943737425
24.98355770111084,1.6901953221447628,-0.06167758434452722,0.12143249065172759,2.1083567238761582,4.492076733773893
25.006178617477417,1.690524065367136,-0.06069135406147996,0.11978877376273626,2.1090142104046166,4.500624082297588
25.029114246368408,1.6901953221447628,-0.06200632777240203,0.12110374727409776,2.108685467140364,4.510157663506062
25.051947355270386,1.692825267924284,-0.06200632777240203,0.12044626051858548,2.108685467140364,4.5200199890753625
25.07487177848816,1.694797727259734,-0.05839015007106768,0.1240624376697381,2.1090142104046166,4.527581105470329
25.10039448738098,1.6951264704823772,-0.0603626106339899,0.1220899774067348,2.1090142104046166,4.534813477776131
25.12448215484619,1.693811497591922,-0.06200632777240203,0.11946003038468526,2.108685467140364,4.542045850181827
25.148589372634888,1.6951264704823772,-0.06134884091674858,0.1220899774067348,2.1093429536689157,4.549278222687644
25.173526525497437,1.6967701865958833,-0.06233507120037307,0.12044626051858548,2.1090142104046166,4.557825572142098
25.197935104370117,1.6964414433731432,-0.06200632777240203,0.11913128700654996,2.1093429536689157,4.564729200650201
25.217607498168945,1.6961127001504224,-0.06332130148486398,0.12143249065172759,2.1090142104046166,4.56966036392652
25.236608505249023,1.6987426459327362,-0.06167758434452722,0.1220899774067348,2.109671696933262,4.575577759920086
25.255116939544678,1.7000576188243646,-0.06266381462844045,0.11978877376273626,2.1093429536689157,4.579193946393938
25.274555683135986,1.6984139027098784,-0.06134884091674858,0.12143249065172759,2.1090142104046166,4.582810132893117
25.29306650161743,1.6977564162642216,-0.06167758434452722,0.1220899774067348,2.1090142104046166,4.585768830956757
25.313636541366577,1.6974276730414226,-0.06134884091674858,0.11880254362833033,2.1093429536689157,4.590042505967569
25.3336341381073,1.6987426459327362,-0.0610200974890662,0.1220899774067348,2.109671696933262,4.592672459838014
25.354195833206177,1.699728875601428,-0.06134884091674858,0.12110374727409776,2.1090142104046166,4.594316181013874
25.37519884109497,1.6984139027098784,-0.06167758434452722,0.120117517140703,2.108685467140364,4.596288646431845
25.397321939468384,1.7007151052702973,-0.06167758434452722,0.12143249065172759,2.1093429536689157,4.597274879143671
25.419403553009033,1.700386362047321,-0.06200632777240203,0.12077500389638372,2.1093429536689157,4.5992473445730075
25.440425872802734,1.700386362047321,-0.06200632777240203,0.12110374727409776,2.110329183462094,4.598918600334258
25.459950923919678,1.7000576188243646,-0.06200632777240203,0.12044626051858548,2.109671696933262,4.598261111857392
25.480936527252197,1.6990713891556137,-0.06200632777240203,0.12110374727409776,2.1100004401976546,4.59858985609572
25.50018811225891,1.7007151052702973,-0.06134884091674858,0.12044626051858548,2.1093429536689157,4.597932367619275
25.5218505859375,1.7000576188243646,-0.06167758434452722,0.12176123402927327,2.1093429536689157,4.59858985609572
25.54435658454895,1.6990713891556137,-0.06200632777240203,0.11946003038468526,2.1093429536689157,4.60023357729052
25.56534218788147,1.7000576188243646,-0.06200632777240203,0.12110374727409776,2.1093429536689157,4.601877298490587
25.58534073829651,1.7010438484932933,-0.06134884091674858,0.1220899774067348,2.1090142104046166,4.603849763937624
25.60687232017517,1.700386362047321,-0.0610200974890662,0.12044626051858548,2.109671696933262,4.6058222293922535
25.62901735305786,1.7000576188243646,-0.06200632777240203,0.12143249065172759,2.1093429536689157,4.6074659506102495
25.651544332504272,1.700386362047321,-0.06167758434452722,0.12176123402927327,2.109671696933262,4.604178508179534
25.67372703552246,1.6987426459327362,-0.0610200974890662,0.11946003038468526,2.1093429536689157,4.59858985609572
25.696245193481445,1.6970989298186434,-0.06365004491322024,0.120117517140703,2.1093429536689157,4.590371250200639
25.71599531173706,1.6987426459327362,-0.06266381462844045,0.12176123402927327,2.1090142104046166,4.5808376675267874
25.735125064849854,1.6977564162642216,-0.06200632777240203,0.11946003038468526,2.1093429536689157,4.5716328292501895
25.75463032722473,1.6977564162642216,-0.0610200974890662,0.120117517140703,2.1090142104046166,4.561441758492038
25.773671865463257,1.6970989298186434,-0.06134884091674858,0.1227474641614055,2.1090142104046166,4.553551897397327
25.79300594329834,1.6967701865958833,-0.06167758434452722,0.120117517140703,2.109671696933262,4.546648269037566
25.812126636505127,1.6944689840371108,-0.06167758434452722,0.11781631349316532,2.1090142104046166,4.53875840816684
25.83168363571167,1.693811497591922,-0.06200632777240203,0.12307620753861472,2.108685467140364,4.531197291610758
25.854397535324097,1.6954552137050396,-0.06134884091674858,0.11847380025002636,2.1090142104046166,4.522649942591708
25.876312494277954,1.6921677814792884,-0.06266381462844045,0.12110374727409776,2.1083567238761582,4.518705012322121
25.898473262786865,1.6924965247017765,-0.06134884091674858,0.12077500389638372,2.1083567238761582,4.514431337896766
25.920175313949585,1.6924965247017765,-0.0603626106339899,0.11880254362833033,2.108685467140364,4.51213012860516
25.94007420539856,1.6911815518119393,-0.0603626106339899,0.1224187207841122,2.108685467140364,4.510815151871609
25.95958662033081,1.6911815518119393,-0.06134884091674858,0.1220899774067348,2.108685467140364,4.508185198414336
25.98358702659607,1.6911815518119393,-0.06134884091674858,0.11847380025002636,2.1090142104046166,4.504569012431966
26.007110357284546,1.6918390382568194,-0.06332130148486398,0.12471992442340035,2.108027980611999,4.499309105592662
26.026143789291382,1.690524065367136,-0.06233507120037307,0.11978877376273626,2.108685467140364,4.491747989602656
26.04754614830017,1.689866578922409,-0.06069135406147996,0.11880254362833033,2.1083567238761582,4.48089943206588
26.068637132644653,1.689866578922409,-0.06069135406147996,0.12504866780010554,2.108685467140364,4.46906464227766
26.089559316635132,1.6888803492554616,-0.0610200974890662,0.12044626051858548,2.1083567238761582,4.4522986905257085
