Time (s),Left Foot Force (ai16),Right Foot Force (ai18),Handle Force (ai20),Handle Position (ai21),Seat Position (ai22)
0.025954723358154297,0.05108140588531643,-0.037021827526629913,0.12340495091573989,2.0718662218342936,4.331320857906596
0.04787755012512207,0.05141014928136732,-0.03735057094734806,0.12307620753861472,2.0718662218342936,4.334937042736449
0.06984972953796387,0.05009517569663083,-0.03735057094734806,0.12143249065172759,2.0718662218342936,4.333622066431981
0.09097790718078613,0.05075266248917672,-0.037021827526629913,0.1224187207841122,2.0718662218342936,4.3309921138323135
0.11142635345458984,0.05141014928136732,-0.03735057094734806,0.1227474641614055,2.0721949650934546,4.332307090130603
0.13166475296020508,0.05141014928136732,-0.037021827526629913,0.1227474641614055,2.071208735316105,4.331320857906596
0.15168428421020508,0.05108140588531643,-0.03735057094734806,0.1220899774067348,2.0718662218342936,4.3309921138323135
0.17220425605773926,0.05173889267732945,-0.03767931436816083,0.1227474641614055,2.0718662218342936,4.329348393463794
0.1917128562927246,0.05009517569663083,-0.038336801210070326,0.1224187207841122,2.0721949650934546,4.332635834205658
0.21198606491088867,0.05108140588531643,-0.03866554463116709,0.1220899774067348,2.0725237083526595,4.3309921138323135
0.2307424545288086,0.05173889267732945,-0.03735057094734806,0.12176123402927327,2.0725237083526595,4.332307090130603
0.25084733963012695,0.05206763607320282,-0.037021827526629913,0.1227474641614055,2.0721949650934546,4.331649601981073
0.27129244804382324,0.05141014928136732,-0.03735057094734806,0.1220899774067348,2.0721949650934546,4.332635834205658
0.2947111129760742,0.05075266248917672,-0.037021827526629913,0.1224187207841122,2.0718662218342936,4.332307090130603
0.3192727565765381,0.05075266248917672,-0.036693084106006385,0.12340495091573989,2.0721949650934546,4.3309921138323135
0.34213876724243164,0.05042391909294819,-0.03965177489502569,0.1227474641614055,2.0715374785751774,4.333293322356346
0.3682529926300049,0.05141014928136732,-0.03866554463116709,0.1227474641614055,2.0718662218342936,4.330334625684327
0.39235877990722656,0.05108140588531643,-0.03735057094734806,0.12143249065172759,2.0718662218342936,4.3309921138323135
0.4174044132232666,0.05141014928136732,-0.03866554463116709,0.1227474641614055,2.0721949650934546,4.3300058816106235
0.4414558410644531,0.05075266248917672,-0.03800805778906824,0.1227474641614055,2.0721949650934546,4.331320857906596
0.46298718452453613,0.05108140588531643,-0.03800805778906824,0.1227474641614055,2.0721949650934546,4.329348393463794
0.48668432235717773,0.05075266248917672,-0.03767931436816083,0.12307620753861472,2.0718662218342936,4.3300058816106235
0.5110805034637451,0.049766432300224595,-0.037021827526629913,0.1220899774067348,2.0721949650934546,4.329677137537113
0.5351095199584961,0.05075266248917672,-0.03735057094734806,0.12176123402927327,2.0718662218342936,4.330663369758224
0.5574185848236084,0.05141014928136732,-0.037021827526629913,0.12307620753861472,2.0725237083526595,4.330663369758224
0.5797317028045654,0.05108140588531643,-0.037021827526629913,0.12471992442340035,2.0718662218342936,4.330663369758224
0.6022582054138184,0.05108140588531643,-0.03767931436816083,0.1224187207841122,2.0718662218342936,4.329348393463794
0.624284029006958,0.05206763607320282,-0.03767931436816083,0.1227474641614055,2.0718662218342936,4.329019649390669
0.6462836265563965,0.045164024741194464,-0.037021827526629913,0.1224187207841122,2.0721949650934546,4.329348393463794
0.6678872108459473,0.05042391909294819,-0.03767931436816083,0.12176123402927327,2.0718662218342936,4.329019649390669
0.6898550987243652,0.05075266248917672,-0.03932303147364474,0.1224187207841122,2.0721949650934546,4.329677137537113
0.7104523181915283,0.04910894550714545,-0.037021827526629913,0.1220899774067348,2.0725237083526595,4.328690905317737
0.7323763370513916,0.05338260965580917,-0.04096674858149746,0.1220899774067348,2.0721949650934546,4.328362161244997
0.7533609867095947,0.05173889267732945,-0.03767931436816083,0.1227474641614055,2.0721949650934546,4.327375929027935
0.7738702297210693,0.05042391909294819,-0.03800805778906824,0.1224187207841122,2.0721949650934546,4.32803341717245
0.7942590713500977,0.05141014928136732,-0.037021827526629913,0.12307620753861472,2.0718662218342936,4.327375929027935
0.8148136138916016,0.04384905114969191,-0.03767931436816083,0.1220899774067348,2.0721949650934546,4.327375929027935
0.8351819515228271,0.05141014928136732,-0.03735057094734806,0.1227474641614055,2.0721949650934546,4.3260609527412175
0.8552477359771729,0.05108140588531643,-0.03932303147364474,0.1224187207841122,2.0718662218342936,4.326718440884191
0.8752353191375732,0.05141014928136732,-0.03767931436816083,0.1227474641614055,2.0718662218342936,4.3237597442468765
0.8957970142364502,0.05075266248917672,-0.03735057094734806,0.1224187207841122,2.0721949650934546,4.3237597442468765
0.9174957275390625,0.052725122864683366,-0.03735057094734806,0.1224187207841122,2.0721949650934546,4.322116023899552
0.9379663467407227,0.052725122864683366,-0.03767931436816083,0.1227474641614055,2.0721949650934546,4.321787279830664
0.9579324722290039,0.05108140588531643,-0.03767931436816083,0.1224187207841122,2.0721949650934546,4.322116023899552
0.97847580909729,0.05009517569663083,-0.03735057094734806,0.1220899774067348,2.0715374785751774,4.321787279830664
0.9993979930877686,0.05141014928136732,-0.03899428805235855,0.1220899774067348,2.0718662218342936,4.321458535761969
1.0231115818023682,0.05141014928136732,-0.03735057094734806,0.1227474641614055,2.0718662218342936,4.320472303557036
1.0466117858886719,0.05108140588531643,-0.037021827526629913,0.1220899774067348,2.071208735316105,4.3211297916934654
1.070136547088623,0.05042391909294819,-0.03767931436816083,0.1227474641614055,2.0718662218342936,4.319814815421376
1.0936737060546875,0.05206763607320282,-0.03899428805235855,0.1227474641614055,2.0718662218342936,4.318499839152363
1.117199182510376,0.05141014928136732,-0.03932303147364474,0.1227474641614055,2.0718662218342936,4.320472303557036
1.1405048370361328,0.05009517569663083,-0.041624235425302386,0.1224187207841122,2.0708799920570766,4.321458535761969
1.1628055572509766,0.05075266248917672,-0.0449116696500248,0.12143249065172759,2.0718662218342936,4.320472303557036
1.1864778995513916,0.05141014928136732,-0.04458292622712487,0.1224187207841122,2.0718662218342936,4.320472303557036
1.2067136764526367,0.049437688903729474,-0.0449116696500248,0.1224187207841122,2.0718662218342936,4.319157327286485
1.2287936210632324,0.05141014928136732,-0.04458292622712487,0.12143249065172759,2.0718662218342936,4.317184862886423
1.2511990070343018,0.04910894550714545,-0.045569156496110014,0.1224187207841122,2.0715374785751774,4.31554114255832
1.273740291595459,0.05042391909294819,-0.04655538676595161,0.1220899774067348,2.0718662218342936,4.314226166299293
1.2955002784729004,0.05108140588531643,-0.045897899919295354,0.1224187207841122,2.0721949650934546,4.312911190043336
1.3150355815887451,0.05042391909294819,-0.04655538676595161,0.1227474641614055,2.0721949650934546,4.312911190043336
1.3380215167999268,0.05009517569663083,-0.046226643342575896,0.1220899774067348,2.0721949650934546,4.31751360695262
1.3615539073944092,0.05075266248917672,-0.04721287361298876,0.1220899774067348,2.0721949650934546,4.319814815421376
1.3842339515686035,0.05108140588531643,-0.04819910388425913,0.1227474641614055,2.0718662218342936,4.325732208670019
1.4073638916015625,0.04910894550714545,-0.0508290512785097,0.1224187207841122,2.0721949650934546,4.333950810507808
1.4289360046386719,0.05042391909294819,-0.050171564429374454,0.12143249065172759,2.0721949650934546,4.343813132872545
1.4505548477172852,0.0487802021104725,-0.05050030785389431,0.1224187207841122,2.0721949650934546,4.35499043176348
1.4731318950653076,0.05009517569663083,-0.0508290512785097,0.1224187207841122,2.0718662218342936,4.368468939548804
1.4943253993988037,0.049437688903729474,-0.05115779470322057,0.1224187207841122,2.0718662218342936,4.384906144609818
1.5149953365325928,0.049766432300224595,-0.05050030785389431,0.12143249065172759,2.0725237083526595,4.4023295825109505
1.535982608795166,0.05042391909294819,-0.051486538128027004,0.1220899774067348,2.0721949650934546,4.417780556208442
1.5574920177459717,0.05075266248917672,-0.0508290512785097,0.1227474641614055,2.0725237083526595,4.435203995159897
1.5774931907653809,0.05075266248917672,-0.049842821004949994,0.1220899774067348,2.0721949650934546,4.45295617881984
1.5994048118591309,0.05075266248917672,-0.049842821004949994,0.1224187207841122,2.0718662218342936,4.47300957217792
1.6229209899902344,0.05009517569663083,-0.04885659073224932,0.1227474641614055,2.0725237083526595,4.490104268749521
1.6459174156188965,0.05075266248917672,-0.04787036046040702,0.1220899774067348,2.0725237083526595,4.510157663506062
1.670494794845581,0.05108140588531643,-0.04754161703665025,0.1224187207841122,2.0725237083526595,4.52626612869817
1.6937172412872314,0.049766432300224595,-0.046226643342575896,0.1224187207841122,2.0728524516119093,4.543689571197076
1.718425989151001,0.05108140588531643,-0.043596695958995624,0.12176123402927327,2.073509938130541,4.560455525848649
1.740678310394287,0.049766432300224595,-0.042610465691721666,0.1224187207841122,2.0728524516119093,4.575906504143936
1.7635037899017334,0.04746522852289095,-0.04096674858149746,0.12176123402927327,2.0725237083526595,4.588398784805366
1.7860612869262695,0.05141014928136732,-0.03998051831650143,0.1224187207841122,2.0728524516119093,4.602534786972088
1.8080494403839111,0.05108140588531643,-0.03800805778906824,0.12176123402927327,2.0731811948712027,4.617328278029185
1.831557273864746,0.05141014928136732,-0.03735057094734806,0.1224187207841122,2.0731811948712027,4.630806792476817
1.8540794849395752,0.05141014928136732,-0.04458292622712487,0.1220899774067348,2.0731811948712027,4.64592902862425
1.8760855197906494,0.05141014928136732,-0.035706853844703124,0.12143249065172759,2.0731811948712027,4.661051265223878
1.8976001739501953,0.05108140588531643,-0.03472062358425049,0.12110374727409776,2.073509938130541,4.679789689466942
1.9171106815338135,0.05141014928136732,-0.03472062358425049,0.12176123402927327,2.073509938130541,4.694583182785778
1.9381308555603027,0.05042391909294819,-0.033405649904969165,0.1227474641614055,2.073838681389923,4.712006631035863
1.959474802017212,0.05239637946898745,-0.032419419646499026,0.12077500389638372,2.073838681389923,4.732717523149032
1.9825501441955566,0.05173889267732945,-0.033405649904969165,0.12077500389638372,2.0731811948712027,4.755072137835927
2.0041983127593994,0.05075266248917672,-0.032419419646499026,0.1224187207841122,2.0731811948712027,4.781042941475809
2.027305841445923,0.05042391909294819,-0.030775702550934453,0.12176123402927327,2.07416742464935,4.808657468389205
2.0500829219818115,0.049766432300224595,-0.03011821571336812,0.1220899774067348,2.07416742464935,4.837258230076133
2.074289321899414,0.0487802021104725,-0.029789472294726144,0.1224187207841122,2.074496167908821,4.8675027155627335
2.0968661308288574,0.04910894550714545,-0.028803242039364962,0.1220899774067348,2.074496167908821,4.896432225227312
2.1191394329071045,0.04713648512577302,-0.02617329469587215,0.1220899774067348,2.07416742464935,4.925690481133086
2.1422972679138184,0.04680774172856603,-0.024200834192196347,0.12110374727409776,2.07416742464935,4.953633760961662
2.161839723587036,0.04647899833126996,-0.029789472294726144,0.12143249065172759,2.074496167908821,4.979604575494126
2.1818408966064453,0.044177794547701404,-0.023543347358388006,0.1220899774067348,2.07416742464935,5.006561625045653
2.2020106315612793,0.041876590759759386,-0.021242143443009676,0.12143249065172759,2.0748249111683363,5.030231230845917
2.222541332244873,0.04023287376569051,-0.02058465661088682,0.1220899774067348,2.0751536544278966,5.054558326987362
2.242314577102661,0.03990413036660827,-0.019927169779138026,0.12176123402927327,2.074496167908821,5.078556679877283
2.2628347873687744,0.03661669637085792,-0.019927169779138026,0.1174875701146082,2.0754823976875008,5.102883778644624
2.282181978225708,0.03563046617038364,-0.019927169779138026,0.10729652533735395,2.074496167908821,5.12721087874694
2.3024470806121826,0.03300051896516536,-0.022885860524954532,0.10828275548065208,2.0718662218342936,5.149236767836268
2.322458505630493,0.029384341548583992,-0.022557117108378294,0.1460882437356083,2.0672638162106773,5.17224889194911
2.34623384475708,0.023466960297888168,-0.023543347358388006,0.13852714617300282,2.068578789245115,5.196904740563485
2.368894100189209,0.01656334880162623,-0.026830781531181624,0.1362259425582851,2.0682500459864395,5.221889335260458
2.390322685241699,0.011960941115151308,-0.030446959132104184,0.13918463291931732,2.068578789245115,5.243586484465537
2.412323474884033,0.007029790002623937,-0.033405649904969165,0.16515535913496088,2.0731811948712027,5.2639686559348995
2.4348361492156982,0.00505732955183999,-0.03373439332464789,0.2000021555405635,2.0748249111683363,5.281392125869255
2.457021713256836,0.00045492182047990326,-0.03439188016428854,0.20559079261669164,2.0761398842068433,5.294541914974084
2.4796459674835205,0.0017698954598514005,-0.03603559726504299,0.22860282739778626,2.077783600505978,5.3030892781121315
2.503248691558838,0.0017698954598514005,-0.036693084106006385,0.2884341160788179,2.0794273168062287,5.307034215003641
2.5272278785705566,0.0011124086403498379,-0.036693084106006385,0.33675938593025473,2.0804135465869162,5.3076917044891605
2.5514211654663086,0.0017698954598514005,-0.03767931436816083,0.4176302423328212,2.0797560600664133,5.3030892781121315
2.573946475982666,-0.0028325122844012063,-0.040638005159737284,0.436368610929056,2.078112343765939,5.295856893907107
2.59446120262146,0.002427382278984813,-0.035378110424457765,0.3946182104355446,2.0810710331075986,5.28566580728341
2.616023063659668,0.005714816369135067,-0.03439188016428854,0.4255200817671392,2.085344695496412,5.275145976187775
2.6371285915374756,0.0076872768188180896,-0.031761932807990445,0.40513799648551996,2.085344695496412,5.262324932393124
2.6574347019195557,0.009659737265201487,-0.030446959132104184,0.4150002958464524,2.086330925279527,5.249832633683184
2.6806695461273193,0.011303454301337126,-0.029460728876178344,0.43143746131861327,2.0896183578928524,5.237669080027823
2.7027053833007812,0.01097471089429293,-0.029131985457724635,0.464969278390471,2.0922483039867807,5.226163016077608
2.725424289703369,0.012947171335187316,-0.029460728876178344,0.537950289834961,2.0945495068213607,5.215971931122288
2.7474722862243652,0.011632197708289924,-0.029789472294726144,0.5004735545925847,2.0975081961833997,5.206109591072829
2.76942777633667,0.01097471089429293,-0.030446959132104184,0.4301224880867421,2.09915191249725,5.197890974537247
2.79132342338562,0.009988480672611585,-0.030775702550934453,0.42026018881505117,2.100795628812252,5.190987336768141
2.813887357711792,0.007358533410766865,-0.03143318938887754,0.42946500147042344,2.104083061445718,5.186056167000466
2.8358917236328125,0.005714816369135067,-0.030446959132104184,0.4163152690901548,2.1060555210280216,5.183754954461415
2.857402801513672,0.0020986388694641256,-0.03011821571336812,0.41960270219488105,2.1093429536689157,5.179481274064128
2.8774075508117676,0.0017698954598514005,-0.029789472294726144,0.4281500282370194,2.1126303863144806,5.174550104427202
2.8979060649871826,0.0001261784104067687,-0.029460728876178344,0.4255200817671392,2.1155890756995004,5.168632700936691
2.9204962253570557,0.0001261784104067687,-0.030446959132104184,0.42289013529315345,2.1188765083539995,5.162386552895026
2.94449782371521,0.0011124086403498379,-0.029789472294726144,0.43045123139480557,2.123150170811927,5.152195469440005
2.968148708343506,0.0014411520501466657,-0.029131985457724635,0.43045123139480557,2.1267663467441498,5.137730706233877
2.990908145904541,0.0001261784104067687,-0.028145755202927836,0.41795898564332606,2.1303825226821624,5.120635986695252
3.0138299465179443,0.0014411520501466657,-0.02847449862109938,0.41828772895376626,2.1359711582341836,5.103212523231684
3.036193609237671,0.0020986388694641256,-0.02748826836686677,0.41269909266747606,2.14155979380021,5.079542913585242
3.059340476989746,0.002756125688413491,-0.02715952494897722,0.41861647226414184,2.1471484293803473,5.051270881486043
3.0819077491760254,0.006701046594389332,-0.029131985457724635,0.4130278359789532,2.153394551516154,5.0203688949456975
3.1032142639160156,0.008673507042421966,-0.02715952494897722,0.4146715525353648,2.1596406736698683,4.9874944434909905
3.123697519302368,0.01097471089429293,-0.025844551278358247,0.41730149902225167,2.165558052568989,4.952647527527248
3.143697500228882,0.016892092207119264,-0.025187064443612045,0.42256139198361603,2.1714754314844407,4.915170658574044
3.163027286529541,0.019850782852461918,-0.025844551278358247,0.4455734234970848,2.1780502969653623,4.87210513743619
3.1835548877716064,0.023795703701473686,-0.027817011784850326,0.46628425159577647,2.1846251624667765,4.828382131438932
3.203623056411743,0.027083137732349688,-0.029460728876178344,0.49422743197823804,2.1908712847122573,4.779399219685381
3.2236649990081787,0.03398674916779654,-0.027817011784850326,0.535649086815341,2.1974461502541285,4.733046267475296
3.243668794631958,0.03760292657052444,-0.02748826836686677,0.5800294302824083,2.2030347859812256,4.68504959815233
3.2672150135040283,0.03990413036660827,-0.028145755202927836,0.6336145844218155,2.2096096515620873,4.634422979340613
3.2892496585845947,0.03990413036660827,-0.03406313674442102,0.6701050873880465,2.2155270306030896,4.584125109808194
3.312089443206787,0.03924664356817517,-0.035049367004306886,0.7003494677749884,2.2211156663800087,4.537772175566375
3.336094379425049,0.03826041336985364,-0.02847449862109938,0.7269776719228602,2.2336079111144844,4.488789292070675
3.3599190711975098,0.03891790016882428,-0.03406313674442102,0.751633416244804,2.2467576424995794,4.449011249067099
3.381103038787842,0.03891790016882428,-0.03406313674442102,0.7776041333378128,2.250045075359737,4.40627451192403
3.4038517475128174,0.03826041336985364,-0.035706853844703124,0.791740093166371,2.264181036722465,4.37142763642365
3.427366018295288,0.03990413036660827,-0.033405649904969165,0.7904251201622126,2.2766732817351807,4.334937042736449
3.4504764080047607,0.041876590759759386,-0.035049367004306886,0.8068622826684961,2.2960691359994767,4.300090171708348
3.4730377197265625,0.041547847361124504,-0.03439188016428854,0.8269156207942518,2.306917664745055,4.267544511082388
3.4961788654327393,0.041876590759759386,-0.03472062358425049,0.8242856748186489,2.3299296956337243,4.2386150365244575
3.5186169147491455,0.042205334158304866,-0.035049367004306886,0.8088347421626378,2.3430794277043336,4.21100053943308
3.54266357421875,0.042862820955127695,-0.033405649904969165,0.8006161609277531,2.366420202375231,4.182728555668469
3.566878080368042,0.045164024741194464,-0.03636434068547742,0.7772753900850911,2.388774747431075,4.154127829285273
3.5905137062072754,0.04450653794562165,-0.033405649904969165,0.7723442412893362,2.41080054947167,4.124540872401912
3.6141602993011475,0.04680774172856603,-0.03307690648538475,0.7660981194680261,2.439401218239844,4.097255124564349
3.63511323928833,0.04910894550714545,-0.032090676227197606,0.7687280654998787,2.461427020976846,4.06996937795014
3.654113531112671,0.04910894550714545,-0.031104445969858924,0.7618244571605648,2.4785216740632476,4.0466285595187514
3.673658847808838,0.05009517569663083,-0.032090676227197606,0.7539346190357958,2.5028486807103074,4.0200003029439
3.6960043907165527,0.05075266248917672,-0.031104445969858924,0.7513046729887776,2.5275044310962005,3.992385815839294
3.7194864749908447,0.05108140588531643,-0.030775702550934453,0.7460447808865311,2.555447615372176,3.957210220912698
3.7444863319396973,0.0481227153168597,-0.029131985457724635,0.7453872943729773,2.583062056843663,3.919075933262477
3.7670063972473145,0.05173889267732945,-0.029131985457724635,0.7519621595007877,2.611991472308274,3.8852153176515563
3.789640188217163,0.05141014928136732,-0.028145755202927836,0.7644544031967626,2.6402634016547237,3.850697216145458
3.811164140701294,0.05239637946898745,-0.02748826836686677,0.783192768627829,2.6659053846071514,3.8194665544115343
3.831160306930542,0.05141014928136732,-0.02748826836686677,0.7950275256739672,2.6931910849726335,3.789879613042651
3.8491902351379395,0.05141014928136732,-0.028803242039364962,0.7973287284269137,2.7208055293132656,3.7616076480367218
3.8717846870422363,0.04910894550714545,-0.029131985457724635,0.788452660654771,2.7490774610597115,3.735308146738324
3.892198085784912,0.0530538662602906,-0.030775702550934453,0.78648020114588,2.7793218538882023,3.7099948776681018
3.913693428039551,0.04450653794562165,-0.028145755202927836,0.78549397139089,2.8089087606597274,3.6869828156597317
3.935542583465576,0.05173889267732945,-0.030775702550934453,0.78549397139089,2.8434268195106043,3.6606833171245854
3.955275774002075,0.04746522852289095,-0.029789472294726144,0.7628106869244535,2.8749861885191064,3.638657487834821
3.975902795791626,0.05141014928136732,-0.03011821571336812,0.7493322134517209,2.9058880715403523,3.6146591969735375
3.997623920440674,0.05173889267732945,-0.030775702550934453,0.7378261994546766,2.943693567919241,3.589017188418569
4.019850254058838,0.05075266248917672,-0.03011821571336812,0.7233614960682389,2.9798553483215655,3.5660051302058284
4.042779445648193,0.05206763607320282,-0.029460728876178344,0.7065955897623017,3.0173321038851566,3.5423355853445098
4.064454793930054,0.04647899833126996,-0.029789472294726144,0.6878572237503358,3.0554663478091513,3.517022322898957
4.088407278060913,0.049437688903729474,-0.030446959132104184,0.6733925200581983,3.0936005931997776,3.492695292236621
4.111626625061035,0.049766432300224595,-0.035378110424457765,0.6852272776312969,3.1346935317236513,3.4647520822712052
4.135570526123047,0.05141014928136732,-0.031761932807990445,0.6609002758859921,3.1780876767429582,3.439110078696845
4.157579183578491,0.05075266248917672,-0.03735057094734806,0.6543254105040563,3.217536901256535,3.40952315250995
4.181201934814453,0.05206763607320282,-0.03274816306589473,0.6671463979808026,3.259944819531546,3.3835524070740677
4.203081130981445,0.05108140588531643,-0.03307690648538475,0.6526816941555114,3.3020239962680846,3.359554124041637
4.226312637329102,0.046150254933884804,-0.03373439332464789,0.6447918556653287,3.343445687871764,3.3296384571136315
4.249397277832031,0.05173889267732945,-0.03307690648538475,0.6385457335069746,3.3828949198584657,3.301037765540019
4.272090196609497,0.0481227153168597,-0.03439188016428854,0.6625439922284284,3.4295765134741925,3.273423305609393
4.296096324920654,0.05108140588531643,-0.035378110424457765,0.6438056258520486,3.475271878848075,3.2461375901042544
4.318532943725586,0.05141014928136732,-0.03603559726504299,0.6286834353253055,3.5203097595332946,3.2178656448013356
4.340671062469482,0.05173889267732945,-0.037021827526629913,0.6184923938229012,3.564032668105927,3.194853596953078
4.37046217918396,0.05141014928136732,-0.03932303147364474,0.61553370434523,3.6182753777383234,3.164280448563385
4.406952381134033,0.05141014928136732,-0.036693084106006385,0.6069863791639616,3.6978313590855865,3.124173739293279
4.428595304489136,0.05239637946898745,-0.03998051831650143,0.6152049610696753,3.742869253260342,3.102476667771962
4.449781179428101,0.05141014928136732,-0.03998051831650143,0.6158624476207331,3.787249662760661,3.079793366248905
4.469288110733032,0.05141014928136732,-0.03965177489502569,0.5967953375555279,3.82998635609726,3.061383730617607
4.489831924438477,0.05141014928136732,-0.041624235425302386,0.6069863791639616,3.872723052137611,3.0383716865604242
4.509607315063477,0.05141014928136732,-0.040638005159737284,0.6122462715873556,3.9161172386247194,3.018975821265882
4.530646562576294,0.05173889267732945,-0.04195297884734722,0.6020552300048945,3.96016891573845,2.9995799563423886
4.549660921096802,0.05239637946898745,-0.0429392091140513,0.6168486774469326,4.004878083665246,2.9798553483215655
4.56974196434021,0.05173889267732945,-0.04392543938161031,0.6013977434494608,4.04761479126563,2.9611169710486998
4.5888707637786865,0.05042391909294819,-0.051815281552929,0.6023839732825325,4.090351501811901,2.941063620301937
4.610928297042847,0.049766432300224595,-0.04524041307301985,0.5843030929338726,4.136046911016367,2.9219965002699926
4.633428573608398,0.04779397191991984,-0.04458292622712487,0.5944941346046791,4.1853585075892,2.9009569199361303
4.655577182769775,0.05206763607320282,-0.043596695958995624,0.5852893227752278,4.234012620251332,2.880903570307261
4.6777098178863525,0.05173889267732945,-0.04458292622712487,0.6040276896699354,4.283652969139426,2.8592065039041783
4.6993749141693115,0.05141014928136732,-0.04326795253647597,0.612575014863376,4.334608298660043,2.836851951078043
4.723256826400757,0.05108140588531643,-0.0429392091140513,0.6280259487782425,4.387207353357504,2.8121961947915453
4.747172594070435,0.05141014928136732,-0.03932303147364474,0.6355870440572371,4.441450133788443,2.7865542088082638
4.770770788192749,0.05173889267732945,-0.03899428805235855,0.6513667210757901,4.496350408018515,2.7599259931825837
4.7942795753479,0.05141014928136732,-0.03767931436816083,0.6513667210757901,4.551908176350992,2.734612751712882
4.815796613693237,0.05108140588531643,-0.03735057094734806,0.6612290191545764,4.608452183343581,2.707655793837225
4.835813999176025,0.05042391909294819,-0.03636434068547742,0.6651739383738033,4.654476379690081,2.6872737041210977
4.856078624725342,0.05206763607320282,-0.035049367004306886,0.6756937229244573,4.703130534681184,2.6632754376145082
4.87923526763916,0.05173889267732945,-0.03307690648538475,0.6740500065916539,4.758030836914994,2.63697596797902
4.9033143520355225,0.05108140588531643,-0.033405649904969165,0.6704338306552775,4.8172048222779535,2.6087040387019047
4.925946950912476,0.05173889267732945,-0.035049367004306886,0.6733925200581983,4.874735092812563,2.5781309065409572
4.948939323425293,0.05206763607320282,-0.035049367004306886,0.6799673853841746,4.934566581602133,2.5469002883594354
4.971473455429077,0.05173889267732945,-0.03439188016428854,0.6855560208963412,4.9943980780998345,2.5143546975056728
4.990968942642212,0.05173889267732945,-0.035049367004306886,0.6855560208963412,5.045682224188957,2.4873977440105746
5.013674020767212,0.05141014928136732,-0.036693084106006385,0.6819398449782625,5.1048562461706375,2.4564958710833285
5.034932374954224,0.05108140588531643,-0.03965177489502569,0.6737212633249501,5.1594278512223015,2.4272377153679146
5.058324337005615,0.05206763607320282,-0.03965177489502569,0.6760224661908749,5.21893063318119,2.396335843620695
5.080854415893555,0.05239637946898745,-0.04326795253647597,0.6743787498583103,5.280077146981283,2.366420202375231
5.104715585708618,0.05173889267732945,-0.0429392091140513,0.6671463979808026,5.342867393469092,2.334860845148648
5.126618146896362,0.05206763607320282,-0.043596695958995624,0.6770086959898416,5.405000159786093,2.3085613812273116
5.148448705673218,0.05239637946898745,-0.046884130189422585,0.6783236690544645,5.46220176249692,2.2816044311051837
5.174334287643433,0.05173889267732945,-0.04787036046040702,0.6500517479952803,5.534196894673149,2.250045075359737
5.198761224746704,0.05239637946898745,-0.05937638035209647,0.6411756796811099,5.599288395268195,2.2230881260697055
5.22141432762146,0.05141014928136732,-0.05773266321752854,0.6533391806950768,5.66142120139919,2.1984323800872163
5.241324424743652,0.05206763607320282,-0.05543145923316328,0.6507092345356338,5.717636606054043,2.177392810416351
5.261898040771484,0.05206763607320282,-0.055102715807208824,0.6671463979808026,5.772537038504873,2.1589831871265246
5.282268047332764,0.05173889267732945,-0.05937638035209647,0.6743787498583103,5.829081204871889,2.1409023072623
5.301814556121826,0.05141014928136732,-0.05773266321752854,0.6645164518377504,5.885296634636876,2.1238076573446296
5.3219404220581055,0.05141014928136732,-0.05773266321752854,0.6628727354967701,5.942169563595749,2.1067130075558276
5.342954158782959,0.05173889267732945,-0.05674643293793952,0.6513667210757901,6.001672464169622,2.0883033848469785
5.3634514808654785,0.05206763607320282,-0.05707517636437326,0.6434768825808557,6.062490356229276,2.0708799920570766
5.383543968200684,0.05173889267732945,-0.05970512377929818,0.6230947996687799,6.120349549776078,2.0564152887032625
5.403335809707642,0.049437688903729474,-0.057403919790902924,0.5974528241124372,6.181496207966531,2.040964355667709
5.4250266551971436,0.05108140588531643,-0.06003386720659601,0.5744407944936452,6.2436291137357935,2.027157138991481
5.446930885314941,0.05141014928136732,-0.058718893497981234,0.55274373775216,6.307734504644844,2.0126924358849654
5.46746301651001,0.05009517569663083,-0.05608894608535969,0.5389365196996607,6.372168653529418,1.9992139626060488
5.487472772598267,0.05173889267732945,-0.05674643293793952,0.5455113854513176,6.430027899973903,1.9867217191385043
5.506969213485718,0.05173889267732945,-0.05773266321752854,0.5313754240572155,6.491832106373499,1.9742294757267462
5.525949716567993,0.05206763607320282,-0.05773266321752854,0.5109933400000847,6.545417677889597,1.963709691843453
5.545063257217407,0.05206763607320282,-0.06365004491322024,0.49652863504917794,6.601633225781362,1.9538473944873989
5.565901279449463,0.05108140588531643,-0.0521440249779265,0.4840363897717116,6.662779973458175,1.9439850971641672
5.587956666946411,0.05173889267732945,-0.04852784730820653,0.46201058867493083,6.7272141936611085,1.9344515431156935
5.61130428314209,0.05173889267732945,-0.045897899919295354,0.4449159368867219,6.797565857641988,1.925575475579938
5.630686521530151,0.05141014928136732,-0.042610465691721666,0.42683505500259183,6.858383898022746,1.9193293539958514
5.654250144958496,0.05206763607320282,-0.04392543938161031,0.41730149902225167,6.9238043984368565,1.91308323242411
5.677157163619995,0.05108140588531643,-0.036693084106006385,0.42256139198361603,6.996128586517311,1.9094670567828966
5.700802564620972,0.05141014928136732,-0.03373439332464789,0.36601754176752493,7.066480313848073,1.9058508811457424
5.723320960998535,0.05141014928136732,-0.029789472294726144,0.3272258294148252,7.135517072228576,1.904535908187778
5.747422695159912,0.05042391909294819,-0.026502038113479925,0.33281446600000497,7.20915629952729,1.9051933946666937
5.771131992340088,0.05108140588531643,-0.02617329469587215,0.29961138951584754,7.282466799336828,1.9061796243853166
5.795464038848877,0.049766432300224595,-0.022885860524954532,0.24175256138828816,7.360379773165288,1.9058508811457424
5.819915294647217,0.05075266248917672,-0.024200834192196347,0.22465790717663964,7.433032819247061,1.9065083676249241
5.843153476715088,0.05009517569663083,-0.025187064443612045,0.18981111140171747,7.503713403054065,1.9051933946666937
5.866564035415649,0.05042391909294819,-0.026502038113479925,0.1832362441747758,7.571435282170589,1.8976323001671538
5.891635179519653,0.05042391909294819,-0.02748826836686677,0.18356498753688238,7.628308524061259,1.8815238815082154
5.914693117141724,0.049437688903729474,-0.027817011784850326,0.17863383709686334,7.680250570727145,1.8539094496971742
5.939246892929077,0.05042391909294819,-0.030775702550934453,0.1773188636431393,7.715755266787049,1.8164327211456563
5.961943864822388,0.05108140588531643,-0.03011821571336812,0.18126378400045345,7.736795088961239,1.7756685606686424
5.985041379928589,0.05108140588531643,-0.03143318938887754,0.1852087043462146,7.747643747937159,1.7401642921774572
6.007614374160767,0.05042391909294819,-0.032090676227197606,0.18948236804112867,7.754218692992491,1.7115636316397527
6.030322790145874,0.05141014928136732,-0.03439188016428854,0.18882488131971195,7.757506165582895,1.6944689840371108
6.053330421447754,0.0487802021104725,-0.032419419646499026,0.19046859812265612,7.7624373745469875,1.6786893093735928
6.0760369300842285,0.05042391909294819,-0.031104445969858924,0.18981111140171747,7.763752363619993,1.6727719313858045
6.09889554977417,0.05009517569663083,-0.029789472294726144,0.188496137958884,7.764738605429146,1.6698132423941008
6.122509479522705,0.0487802021104725,-0.02847449862109938,0.1861949344308541,7.76276612181461,1.6704707288365765
6.145596265792847,0.05108140588531643,-0.02847449862109938,0.18487996098450818,7.763752363619993,1.6721144449430785
6.16721510887146,0.05042391909294819,-0.02748826836686677,0.18455121762272178,7.764081110889292,1.6750731339359124
6.1902241706848145,0.05009517569663083,-0.025187064443612045,0.1838937308989089,7.763094869082653,1.683949200923282
6.214197158813477,0.05042391909294819,-0.026502038113479925,0.18060629727503774,7.759478649157227,1.6918390382568194
6.238187789916992,0.049766432300224595,-0.02715952494897722,0.17797635037016224,7.758492407368177,1.69808515948704
6.262760877609253,0.04845145871371059,-0.02617329469587215,0.1753464034601382,7.756191176541711,1.7053175103940537
6.28674840927124,0.04910894550714545,-0.025844551278358247,0.1737026866387538,7.756519923801379,1.7135360909820314
6.31137490272522,0.04779397191991984,-0.024529577609241127,0.17337394327423483,7.760136143685354,1.720768441910116
6.335718393325806,0.0487802021104725,-0.025187064443612045,0.17337394327423483,7.758163660105997,1.7250421038269566
6.358224153518677,0.04910894550714545,-0.024529577609241127,0.17041525298992774,7.759478649157227,1.7280007928484244
6.382237434387207,0.049766432300224595,-0.025187064443612045,0.1691002795281321,7.760464890950045,1.7299732521970408
6.404468059539795,0.049766432300224595,-0.026830781531181624,0.16614158923434963,7.7591499018937915,1.7293157657474154
6.424477815628052,0.049437688903729474,-0.025187064443612045,0.15858049178697764,7.759478649157227,1.7296445089722172
6.447564125061035,0.0481227153168597,-0.02617329469587215,0.16548410250150505,7.759478649157227,1.7286582792978766
6.468074083328247,0.049437688903729474,-0.02715952494897722,0.16548410250150505,7.757834912844237,1.7280007928484244
6.490080833435059,0.049437688903729474,-0.02715952494897722,0.1635116423010202,7.753232451223527,1.7253708470514784
6.511590242385864,0.05042391909294819,-0.027817011784850326,0.1641691290348405,7.753232451223527,1.723727130929084
6.532100439071655,0.04746522852289095,-0.02748826836686677,0.1635116423010202,7.752246209458328,1.7217546715829144
6.552138566970825,0.05075266248917672,-0.026830781531181624,0.16055295199479708,7.750602473191361,1.721425928358627
6.572927236557007,0.05042391909294819,-0.032090676227197606,0.15595054483864113,7.749616231436199,1.720768441910116
6.596466302871704,0.05075266248917672,-0.028145755202927836,0.1526631111458486,7.74369878098421,1.720439698685892
6.61843204498291,0.05009517569663083,-0.029789472294726144,0.1533205978850633,7.735808847258696,1.720439698685892
6.64234733581543,0.05009517569663083,-0.03011821571336812,0.15167688103641064,7.722987705467038,1.7217546715829144
6.665958881378174,0.05042391909294819,-0.032419419646499026,0.15003316418570356,7.70161913722067,1.7247133606024567
6.6891984939575195,0.05075266248917672,-0.035049367004306886,0.15036190755600945,7.675319363323088,1.7299732521970408
6.714087724685669,0.05042391909294819,-0.03899428805235855,0.14806070396213938,7.6427733967842615,1.7424654947566367
6.7380828857421875,0.049766432300224595,-0.041624235425302386,0.14806070396213938,7.594118828050187,1.7638338044741986
6.7610924243927,0.049766432300224595,-0.045569156496110014,0.14773196059125704,7.5444780272633,1.794078181479654
6.785708427429199,0.05042391909294819,-0.04754161703665025,0.14543075699277114,7.486618562484958,1.8331986259780002
6.807857990264893,0.05042391909294819,-0.0508290512785097,0.14345829676227684,7.417910464173034,1.8716615844078264
6.832470893859863,0.05042391909294819,-0.05444522895558723,0.145759500364231,7.342298701336024,1.896317327212489
6.85548210144043,0.05108140588531643,-0.05247276840301965,0.14378704013423257,7.25616706626072,1.9074945973439472
6.879061698913574,0.05075266248917672,-0.051815281552929,0.14181457990125707,7.163131780232214,1.9160419215881423
6.904038190841675,0.05042391909294819,-0.05115779470322057,0.14641698710690304,7.059247892497052,1.9282054215138087
6.928048372268677,0.05108140588531643,-0.04951407758062101,0.13852714617300282,6.9537203104496985,1.9495737323100029
6.952590703964233,0.05042391909294819,-0.04392543938161031,0.145759500364231,6.844576558051253,1.9817905704167382
6.975649833679199,0.05141014928136732,-0.042610465691721666,0.145759500364231,6.7305016542354075,2.0258421659785215
6.99720573425293,0.05173889267732945,-0.04655538676595161,0.145759500364231,6.6299053764520055,2.0761398842068433
7.019473075866699,0.05141014928136732,-0.04655538676595161,0.14970442081531538,6.524706689063763,2.140573563993418
7.04347825050354,0.05141014928136732,-0.04425418280432003,0.14378704013423257,6.417864307544201,2.218485720130107
7.066005229949951,0.05173889267732945,-0.04326795253647597,0.145759500364231,6.3031320659157,2.3148075038735483
7.087090492248535,0.05173889267732945,-0.03998051831650143,0.14641698710690304,6.207795849239212,2.403568196530192
7.106665372848511,0.052725122864683366,-0.03932303147364474,0.14181457990125707,6.115747113574904,2.495616327341665
7.131197690963745,0.05042391909294819,-0.0412954920033525,0.1411570931562695,6.018109731265647,2.600156711362534
7.155721664428711,0.05173889267732945,-0.035706853844703124,0.14740321722029226,5.913239980123795,2.71160071446551
7.177738904953003,0.05206763607320282,-0.03406313674442102,0.14773196059125704,5.818232614147718,2.8177848328369857
7.201778411865234,0.05042391909294819,-0.03373439332464789,0.14477327024960363,5.724540252810611,2.923311474054428
7.2250871658325195,0.05173889267732945,-0.03373439332464789,0.14444452687789594,5.633477874659213,3.0275231516886723
7.2461113929748535,0.05206763607320282,-0.031104445969858924,0.14345829676227684,5.547017946971456,3.127789917928072
7.268112659454346,0.05141014928136732,-0.03011821571336812,0.13688342930576294,5.4700916393657675,3.2195093625271363
7.290131330490112,0.05239637946898745,-0.03373439332464789,0.14017086303816662,5.387576684689709,3.3194474059836128
7.313207626342773,0.05108140588531643,-0.037021827526629913,0.13918463291931732,5.30177429915652,3.425302846341928
7.334842205047607,0.05173889267732945,-0.03603559726504299,0.1362259425582851,5.223204313968896,3.5239259398471905
7.355849504470825,0.05075266248917672,-0.038336801210070326,0.1342534823138542,5.148579278593709,3.615974171795053
7.378567457199097,0.05141014928136732,-0.03899428805235855,0.13392473893949086,5.0686943429174764,3.7188709589272233
7.400893211364746,0.049437688903729474,-0.04326795253647597,0.1362259425582851,4.990781888529818,3.8234114800245282
7.423455476760864,0.05108140588531643,-0.04655538676595161,0.1342534823138542,4.913855680770841,3.92893824881878
7.444585084915161,0.05009517569663083,-0.04951407758062101,0.13326725219051416,4.840874418457078,4.0269039249097265
7.467204332351685,0.05009517569663083,-0.05050030785389431,0.1375409160529082,4.7655919568651175,4.1274995680246045
7.4891510009765625,0.05108140588531643,-0.05247276840301965,0.13326725219051416,4.688665785405646,4.231382668111684
7.511796474456787,0.049766432300224595,-0.0531302552534928,0.13392473893949086,4.615355812530166,4.330663369758224
7.532302141189575,0.04910894550714545,-0.05641768951160167,0.1362259425582851,4.545990780627119,4.423697950506567
7.552286148071289,0.04746522852289095,-0.05773266321752854,0.13688342930576294,4.483529385387815,4.506870221690611
7.574830770492554,0.044835281343452646,-0.05839015007106768,0.1342534823138542,4.413835626712129,4.600891065769914
7.596914529800415,0.04023287376569051,-0.05904763692499085,0.1358971991844214,4.3431556447094755,4.688665785405646
7.61945366859436,0.03497297936961839,-0.06233507120037307,0.1345822256881342,4.274119391867101,4.778741730970767
7.639470100402832,0.03037057175418771,-0.06496501862760906,0.1326097654412039,4.210671795427977,4.8559966610747205
7.659991979598999,0.027740624537439626,-0.06562250548538201,0.1309660485664678,4.147224205881699,4.933580348208313
7.679998874664307,0.02280947349044525,-0.06792370949062768,0.1309660485664678,4.089036526058393,5.0026166908655
7.702604532241821,0.019193296043022334,-0.0708824003614737,0.13228102206642361,4.026246437100173,5.077899190739855
7.723155736923218,0.01820706582818113,-0.07285486094639404,0.1303085618159887,3.969045000297686,5.149236767836268
7.743157148361206,0.014919631772794553,-0.0748273215348049,0.13063730519127004,3.915131007081783,5.213013229083735
7.763816595077515,0.011303454301337126,-0.07614229526235364,0.1303085618159887,3.8618745059609982,5.279090912817985
7.786744594573975,0.004728586143054714,-0.075484808398385,0.1303085618159887,3.8082892652991607,5.345168606870131
7.809415102005005,0.010317224079930187,-0.07647103869448371,0.1299798184406238,3.7543752850809335,5.412561290718561
7.829981327056885,0.006701046594389332,-0.078443499289306,0.1299798184406238,3.7086799026761907,5.471735363732861
7.851373672485352,0.004399842734177595,-0.08370339422597439,0.1299798184406238,3.661998292028627,5.533539404822867
7.871941089630127,0.0014411520501466657,-0.0807447033210274,0.1303085618159887,3.619261608859058,5.588768556058297
7.894057512283325,-0.0008600518203657204,-0.08140219018811051,0.12800735818667794,3.574881209718982,5.643340225042695
7.915621280670166,-0.006777433222450474,-0.08271716392344713,0.1289935883140274,3.5324732752018932,5.698569391853195
7.936619758605957,-0.008749893696473665,-0.08403213766034548,0.12767861481072734,3.4920378049319343,5.7478811546805355
7.957170009613037,-0.014009788310203525,-0.08304590735752523,0.12800735818667794,3.4571909785676036,5.79127551129386
7.9771728515625,-0.014009788310203525,-0.08436088109481427,0.12767861481072734,3.420700435609305,5.833354892214008
7.996857404708862,-0.012694814654540476,-0.083374650791701,0.12800735818667794,3.389141048427791,5.863599450201533
8.017565727233887,-0.014667275138593477,-0.08403213766034548,0.1283361015625448,3.3588966368449835,5.888584086936109
8.038583517074585,-0.016639735625999075,-0.08271716392344713,0.1319522786915599,3.3286522263537877,5.903706367893534
8.058702945709229,-0.015982248796491072,-0.08271716392344713,0.1303085618159887,3.303338970573925,5.909623782351895
8.081079483032227,-0.016968479040892936,-0.08107344675452019,0.1289935883140274,3.2799981769420263,5.911924999111673
8.10423231124878,-0.014338531724351955,-0.0807447033210274,0.1303085618159887,3.2609310502131708,5.906993820358533
8.127803564071655,-0.015982248796491072,-0.07811475585659244,0.1309660485664678,3.248767538550016,5.902062641672155
8.147693395614624,-0.017297222455880085,-0.07778601242397618,0.12965107506517531,3.241863923896478,5.895816482098471
8.169409275054932,-0.014667275138593477,-0.07647103869448371,0.1309660485664678,3.2398914625767263,5.886282870323545
8.193286657333374,-0.013352301482185941,-0.07811475585659244,0.1375409160529082,3.2441651287750384,5.874776787477665
8.214587211608887,-0.012037327827267047,-0.075484808398385,0.1441157835061056,3.2504112563325727,5.862941959784112
8.23659610748291,-0.012694814654540476,-0.07614229526235364,0.14838944733293932,3.258301101731287,5.848805916093567
8.258747816085815,-0.017625965870960575,-0.07647103869448371,0.15003316418570356,3.270793357090164,5.8320399114881045
8.278005599975586,-0.013681044896148187,-0.07679978212671099,0.1506906509262331,3.2849293304739837,5.818890104485612
8.297613382339478,-0.01499601855292812,-0.07811475585659244,0.15200562440630544,3.3007090219642476,5.798179159400053
8.317300081253052,-0.014009788310203525,-0.07877224272211694,0.15200562440630544,3.320762380316132,5.781741902213917
8.338480710983276,-0.013023558068316676,-0.07811475585659244,0.15299185451549702,3.345418149427028,5.759387233597629
8.35770583152771,-0.01499601855292812,-0.07910098615502517,0.15167688103641064,3.371060150066764,5.736703821211138
8.378811359405518,-0.014338531724351955,-0.07910098615502517,0.15200562440630544,3.3993321004056205,5.711719194648196
8.39928650856018,-0.015982248796491072,-0.08008721645433423,0.15299185451549702,3.4292477698478323,5.684762099405751
8.419365406036377,-0.01861219611676196,-0.08008721645433423,0.1533205978850633,3.4617933895090722,5.654188810754951
8.441363096237183,-0.016310992211198444,-0.07811475585659244,0.15397808462394974,3.495653985114538,5.614410664628586
8.463405847549438,-0.016968479040892936,-0.07745726899145719,0.15562180146973076,3.535431968231384,5.56970134820964
8.486511707305908,-0.01532476196735591,-0.07647103869448371,0.15595054483864113,3.5771824155357113,5.519403373304828
8.508440494537354,-0.014667275138593477,-0.075484808398385,0.15890923515515173,3.619919096273612,5.469105404748728
8.529160976409912,-0.01039361076070977,-0.07351234780880958,0.15989546525918386,3.6649569855714352,5.414205014852798
8.550877332687378,-0.007763663459045028,-0.07318360437755334,0.15956672189125481,3.711638596411414,5.354702205381532
8.57240104675293,-0.00513371616331143,-0.0725261175153317,0.1621966688324026,3.7668675484154583,5.290596978199622
8.595048666000366,-0.00513371616331143,-0.07186863065349786,0.16712781933300738,3.822096504817646,5.224190548002868
8.615710258483887,-0.002175025462686858,-0.07055365693099264,0.198358438749127,3.880941647843941,5.15186672481638
8.635692834854126,0.0020986388694641256,-0.06923868321003643,0.2049333059030345,3.9315681996590777,5.084145337584557
8.658325433731079,0.0011124086403498379,-0.0685811963501387,0.23945135794879602,3.9864684259025682,5.008534092148549
8.680489301681519,0.008344763634645633,-0.0666087357727651,0.2818592493116943,4.0466285595187514,4.920430569823898
8.701010465621948,0.01261842792859999,-0.06430753177022186,0.3249246261091193,4.10087130794211,4.839559440860837
8.72253680229187,0.02083701306593995,-0.06299255805660403,0.3137473528605132,4.15215536544753,4.757373348229209
8.745543003082275,0.02445319050837297,-0.05937638035209647,0.346621685711866,4.21100053943308,4.669927360830762
8.76819658279419,0.03563046617038364,-0.06003386720659601,0.3946182104355446,4.270503207426153,4.57985143484645
8.79129147529602,0.03990413036660827,-0.05345899867887288,0.4343961510865957,4.329677137537113,4.485501850387792
8.813802003860474,0.04056161716468322,-0.04852784730820653,0.45773692574365005,4.387207353357504,4.393124747324393
8.83531141281128,0.04549276813884706,-0.041624235425302386,0.48173518668482224,4.444737575200915,4.302720124163601
8.857040166854858,0.04910894550714545,-0.04458292622712487,0.5057334473038698,4.496350408018515,4.226122763868168
8.880600690841675,0.05042391909294819,-0.0449116696500248,0.5405802361396939,4.55453813002762,4.1367043989438494
8.902645826339722,0.05206763607320282,-0.043596695958995624,0.5675371855564195,4.613712091286805,4.051230974350945
8.927013397216797,0.05075266248917672,-0.04030926173807195,0.5885767555762624,4.675516013700771,3.9657575615576883
8.950237512588501,0.05141014928136732,-0.03965177489502569,0.6020552300048945,4.736333710750005,3.883242854659993
8.972944021224976,0.05075266248917672,-0.03899428805235855,0.6102738119301432,4.7964939265782185,3.803029364603872
8.997229814529419,0.05206763607320282,-0.03932303147364474,0.6204648534723662,4.858297871949995,3.7238021152303546
9.020056962966919,0.05206763607320282,-0.037021827526629913,0.6375595036908472,4.920101825369045,3.6455611058989232
9.044089794158936,0.05075266248917672,-0.03636434068547742,0.6681326277836506,4.98322076497582,3.570278798106566
9.06740140914917,0.05141014928136732,-0.035049367004306886,0.6977195216701015,5.046668457824576,3.4979551906939768
9.09037733078003,0.05141014928136732,-0.03406313674442102,0.7158004010820358,5.110116159616282,3.4266178208417606
9.113064527511597,0.05206763607320282,-0.033405649904969165,0.7200740634684524,5.174550104427202,3.3572529188556066
9.138081550598145,0.05009517569663083,-0.03439188016428854,0.738812429227931,5.239970292854977,3.286573048324171
9.162590980529785,0.05173889267732945,-0.035706853844703124,0.758865767866628,5.306705470261269,3.2178656448013356
9.184597730636597,0.05042391909294819,-0.03406313674442102,0.7631394301789991,5.373111913471955,3.1498157335473853
9.205227136611938,0.0530538662602906,-0.030775702550934453,0.7841789983836698,5.429984766878037,3.0929431061976693
9.224750757217407,0.049437688903729474,-0.029131985457724635,0.7716867547825348,5.487515117998343,3.0334405343314756
9.245917081832886,0.05141014928136732,-0.02847449862109938,0.7565645650800925,5.543073007758576,2.979526604857737
9.268617391586304,0.05206763607320282,-0.030446959132104184,0.7746454440618409,5.605863294918098,2.917722835481642
9.291611194610596,0.05206763607320282,-0.03011821571336812,0.7996299311779165,5.670297317375458,2.852960378805387
9.313568353652954,0.05141014928136732,-0.03439188016428854,0.8012736474274469,5.73506009572879,2.79049912969236
9.335565328598022,0.05009517569663083,-0.036693084106006385,0.78648020114588,5.798507904551151,2.73066783101153
9.357948541641235,0.05173889267732945,-0.04030926173807195,0.7716867547825348,5.865900666671761,2.6691928183554583
9.378034114837646,0.05173889267732945,-0.040638005159737284,0.7700430385148072,5.9273760263046515,2.608046551981586
9.398732900619507,0.05173889267732945,-0.04030926173807195,0.7601807408865766,5.988193905716172,2.5508452085127957
9.42037844657898,0.05141014928136732,-0.040638005159737284,0.7368399696810302,6.055586703091069,2.4883839740079363
9.442375898361206,0.05206763607320282,-0.04425418280432003,0.7223752662887715,6.12297951334695,2.4301964052471177
9.464894533157349,0.05042391909294819,-0.03998051831650143,0.7174441173854018,6.191029827694504,2.3733238118460522
9.487910509109497,0.05042391909294819,-0.040638005159737284,0.7263201854042378,6.261052629032573,2.317108706959214
9.507303237915039,0.05141014928136732,-0.038336801210070326,0.7125129684719231,6.323185549413338,2.27207087566823
9.529438972473145,0.05173889267732945,-0.03735057094734806,0.6750362363914792,6.392222141199751,2.2230881260697055
9.551600694656372,0.05173889267732945,-0.037021827526629913,0.6421619094955859,6.463888713723354,2.1770640671419224
9.575244903564453,0.05141014928136732,-0.03735057094734806,0.6605715326173589,6.534569064527771,2.1320262390195452
9.598031044006348,0.05206763607320282,-0.035049367004306886,0.6382169902349824,6.604920685031272,2.0922483039867807
9.619680166244507,0.05141014928136732,-0.035378110424457765,0.6073151224408142,6.678559781250508,2.0560865454462007
9.640677213668823,0.05141014928136732,-0.037021827526629913,0.5921929316512321,6.746281465480934,2.026828395738179
9.661683320999146,0.05206763607320282,-0.03472062358425049,0.5783857138755726,6.815318149246893,1.9988852193561784
9.683717012405396,0.05108140588531643,-0.03406313674442102,0.5606335765950277,6.88205362516386,1.976201935209153
9.704247951507568,0.05173889267732945,-0.03439188016428854,0.5244718149659642,6.9510903400417,1.9551623674662968
9.725738763809204,0.05206763607320282,-0.03373439332464789,0.5277592478697176,7.018812085532366,1.9377389755428316
9.747892379760742,0.05141014928136732,-0.033405649904969165,0.5083633936538554,7.09146504354232,1.9265617053048791
9.768450021743774,0.05141014928136732,-0.032419419646499026,0.4820639299831304,7.16017306138971,1.9120970027033748
9.789958953857422,0.05173889267732945,-0.029131985457724635,0.4754890640054562,7.229209842418419,1.904535908187778
9.811294317245483,0.05009517569663083,-0.028803242039364962,0.4695716846047407,7.300876613964204,1.898947273122343
9.832296133041382,0.04647899833126996,-0.02748826836686677,0.43505363770100314,7.3685984425707804,1.8943448677814718
9.853933095932007,0.05206763607320282,-0.02617329469587215,0.3933032371745471,7.441908984573112,1.8821813679825827
9.877925872802734,0.05108140588531643,-0.024529577609241127,0.38113973445987404,7.514890799398096,1.8604843143944791
9.900366067886353,0.05075266248917672,-0.024200834192196347,0.3206509628178882,7.591817598669681,1.8141315185272404
9.922672271728516,0.049766432300224595,-0.024200834192196347,0.29961138951584754,7.66742943166992,1.7569301967085111
9.94268798828125,0.05173889267732945,-0.024529577609241127,0.2555597819470431,7.734493858327809,1.707947456180823
9.964544773101807,0.05141014928136732,-0.02617329469587215,0.20690576604306254,7.803530786253216,1.6711282152791238
9.987629652023315,0.05173889267732945,-0.028145755202927836,0.2039470758319587,7.873553974999199,1.6395688661142418
10.009661436080933,0.05042391909294819,-0.029131985457724635,0.18915362468046015,7.9396322130941295,1.6247754212444288
10.030662536621094,0.05108140588531643,-0.03011821571336812,0.18159252736304096,7.990916827774534,1.6142556382442501
10.053048372268677,0.05009517569663083,-0.03373439332464789,0.18422247426085536,8.019846615068053,1.6060370577854517
10.075221061706543,0.05141014928136732,-0.03636434068547742,0.18126378400045345,8.035297752845167,1.59617476124606
10.097755670547485,0.05075266248917672,-0.04030926173807195,0.1832362441747758,8.038913976719506,1.588613667240433
10.120372772216797,0.05042391909294819,-0.04195297884734722,0.17140148308542447,8.034969005222848,1.5820388028930656
10.143532514572144,0.05141014928136732,-0.04392543938161031,0.1635116423010202,8.026750314806797,1.579737600372629
10.164993286132812,0.049766432300224595,-0.043596695958995624,0.16186792546504455,8.008340449263818,1.5803950868069798
10.185084342956543,0.05108140588531643,-0.041624235425302386,0.1621966688324026,7.992231818033048,1.583682518979451
10.205746173858643,0.04845145871371059,-0.04195297884734722,0.15923797852324412,7.971849469805572,1.588284924022948
10.228455781936646,0.05075266248917672,-0.042281722269486954,0.15956672189125481,7.944563425587564,1.597489734117294
10.251363039016724,0.05075266248917672,-0.040638005159737284,0.15956672189125481,7.910702435081479,1.6093244899679342
10.274123191833496,0.05108140588531643,-0.041624235425302386,0.15890923515515173,7.870923995730992,1.623789191587529
10.295144081115723,0.05075266248917672,-0.0449116696500248,0.15726551831346386,7.830488067907842,1.6415413254325881
10.314460039138794,0.05075266248917672,-0.045569156496110014,0.15693677494488095,7.786107178887845,1.6711282152791238
10.335552453994751,0.05108140588531643,-0.043596695958995624,0.15890923515515173,7.740082561330172,1.7227409012559036
10.358267545700073,0.05009517569663083,-0.040638005159737284,0.1562792882074696,7.683209295214228,1.8049267080668656
10.379592895507812,0.05239637946898745,-0.03965177489502569,0.15397808462394974,7.627322282768165,1.8769214761911848
10.399312973022461,0.05042391909294819,-0.03800805778906824,0.1562792882074696,7.569134052986651,1.9104532865028236
10.421010971069336,0.05141014928136732,-0.03767931436816083,0.1424720666459133,7.507658366416519,1.9295203944815782
10.442917108535767,0.05141014928136732,-0.035706853844703124,0.15496431473166428,7.439279009631478,1.9374102322999587
10.466592788696289,0.05206763607320282,-0.03965177489502569,0.14904693407429204,7.358078545775714,1.9479300160895585
10.488608360290527,0.05239637946898745,-0.036693084106006385,0.15989546525918386,7.278521839217674,1.9666683810567567
10.51101016998291,0.05108140588531643,-0.03866554463116709,0.1526631111458486,7.195348942954381,1.9893516651269956
10.534371376037598,0.05206763607320282,-0.03800805778906824,0.1533205978850633,7.107573620413178,2.018609814418995
10.557977676391602,0.049766432300224595,-0.037021827526629913,0.15003316418570356,7.018154592782542,2.053785342647977
10.58216667175293,0.05141014928136732,-0.036693084106006385,0.15496431473166428,6.925119383516881,2.098165682708802
10.602730751037598,0.05108140588531643,-0.035706853844703124,0.15134813766643368,6.839316619180903,2.1432035101458395
10.623257875442505,0.05173889267732945,-0.035049367004306886,0.15562180146973076,6.760417547076962,2.1918575145422063
10.643255949020386,0.05108140588531643,-0.037021827526629913,0.14871819070365688,6.681847241307946,2.243798952930205
10.662827014923096,0.05108140588531643,-0.03636434068547742,0.15792300505038429,6.6088656361764,2.297055365882772
10.68283724784851,0.05108140588531643,-0.03735057094734806,0.14838944733293932,6.534897810381807,2.3549141866527887
10.704911470413208,0.05173889267732945,-0.03866554463116709,0.1526631111458486,6.449095153884576,2.4259227420900284
10.726431846618652,0.05206763607320282,-0.038336801210070326,0.15825174841872183,6.3685524509645415,2.4920001506704503
10.748462200164795,0.05141014928136732,-0.038336801210070326,0.15693677494488095,6.28209234681587,2.5649811724855356
10.767385482788086,0.05009517569663083,-0.03866554463116709,0.15167688103641064,6.205165885020967,2.6290861271905195
10.787476301193237,0.05173889267732945,-0.036693084106006385,0.15792300505038429,6.127253204192066,2.6948348018807287
10.807800054550171,0.05141014928136732,-0.03735057094734806,0.1506906509262331,6.0513130131208825,2.7615697101793844
10.827815294265747,0.05239637946898745,-0.03767931436816083,0.15364934125454754,5.977674055568812,2.8289621090089043
10.848802089691162,0.05141014928136732,-0.03866554463116709,0.15299185451549702,5.907322565606664,2.8937245642901375
10.870400190353394,0.05173889267732945,-0.03899428805235855,0.14806070396213938,5.834341127761501,2.9627606883399173
10.890442132949829,0.05173889267732945,-0.03899428805235855,0.14970442081531538,5.767277116486782,3.0235782299460987
10.9089674949646,0.05206763607320282,-0.03932303147364474,0.15167688103641064,5.704158057985663,3.0847245187088803
10.930919170379639,0.05206763607320282,-0.03932303147364474,0.15463557136250808,5.639395284859163,3.149486990026894
10.952923774719238,0.05239637946898745,-0.03998051831650143,0.14871819070365688,5.57068758307568,3.2178656448013356
10.97744870185852,0.04549276813884706,-0.038336801210070326,0.14641698710690304,5.494418760684318,3.292819176183225
10.998032569885254,0.05173889267732945,-0.03965177489502569,0.15036190755600945,5.424396104632643,3.3634990472324016
11.021006345748901,0.05108140588531643,-0.040638005159737284,0.14510201362122868,5.353715971042621,3.4331926933729755
11.044081449508667,0.05173889267732945,-0.040638005159737284,0.14477327024960363,5.278433423377064,3.5094612186928402
11.06722354888916,0.05108140588531643,-0.041624235425302386,0.14806070396213938,5.206109591072829,3.5854010077957037
11.089394569396973,0.05075266248917672,-0.0412954920033525,0.14378704013423257,5.134772004727736,3.662984523208222
11.112592458724976,0.05206763607320282,-0.041624235425302386,0.14148583652880473,5.0640919190773275,3.739910559394197
11.134788990020752,0.05173889267732945,-0.042281722269486954,0.14082834978365144,4.999329245741464,3.8171653478145497
11.155889749526978,0.05141014928136732,-0.0429392091140513,0.14214332327362658,4.935881559463816,3.894091401186552
11.179535150527954,0.05075266248917672,-0.0449116696500248,0.1411570931562695,4.869146437655257,3.976277365585247
11.20199704170227,0.05141014928136732,-0.04425418280432003,0.1411570931562695,4.80339755837925,4.06076454804082
11.224987268447876,0.049766432300224595,-0.046226643342575896,0.14148583652880473,4.738306176725373,4.1396630946264406
11.247058629989624,0.0487802021104725,-0.04754161703665025,0.1404996064109505,4.671571082256654,4.224807787814735
11.267569065093994,0.049766432300224595,-0.04885659073224932,0.14017086303816662,4.6143695797835145,4.300090171708348
11.28977370262146,0.049766432300224595,-0.04852784730820653,0.14148583652880473,4.551250687933909,4.379974983040052
11.310387372970581,0.0481227153168597,-0.051486538128027004,0.13918463291931732,4.494377942978257,4.453942411262547
11.331387519836426,0.04680774172856603,-0.05444522895558723,0.1411570931562695,4.43684771584462,4.527909849663883
11.351386547088623,0.04352030775159314,-0.05641768951160167,0.14082834978365144,4.381289959454337,4.602206042731232
11.371357202529907,0.04121910396240021,-0.05674643293793952,0.1404996064109505,4.3300058816106235,4.669269872261912
11.391403675079346,0.03497297936961839,-0.05904763692499085,0.1404996064109505,4.276091856117267,4.738963665385587
11.41148042678833,0.036287952970789614,-0.0603626106339899,0.13786965942635615,4.224807787814735,4.807013746504927
11.432467460632324,0.032671775564108343,-0.06134884091674858,0.1375409160529082,4.173852468022503,4.876378814930232
11.45543122291565,0.02905559814653566,-0.06266381462844045,0.1375409160529082,4.116322273526174,4.9480451048611425
11.477691411972046,0.025110677314910027,-0.0652937620564473,0.13688342930576294,4.062079523733732,5.01543772707607
11.500244140625,0.02215198668263968,-0.06956742664013035,0.13852714617300282,4.0045493397719225,5.092035207408303
11.520323514938354,0.014590888366754748,-0.06923868321003643,0.1375409160529082,3.9591826841283493,5.153181703312364
11.539346933364868,0.010317224079930187,-0.0721973740843663,0.13852714617300282,3.919075933262477,5.207753314398728
11.559343338012695,0.007358533410766865,-0.0725261175153317,0.13786965942635615,3.8769967218921826,5.2639686559348995
11.578883647918701,0.004399842734177595,-0.075484808398385,0.13918463291931732,3.8378762074690256,5.315910323145028
11.600427389144897,0.002756125688413491,-0.07975847302113381,0.13852714617300282,3.801714389436381,5.368838231163706
11.622300863265991,0.00045492182047990326,-0.07910098615502517,0.13852714617300282,3.761936391809226,5.4286697875192855
11.645282983779907,-0.0025037688734978747,-0.08173093362179831,0.13786965942635615,3.7290620153249727,5.4806114754310435
11.66479206085205,-0.00513371616331143,-0.08304590735752523,0.1362259425582851,3.698817590314276,5.531238190355454
11.685795068740845,-0.008092406871428537,-0.08238842048946662,0.138198402799721,3.670545628963041,5.574303777605639
11.707595109939575,-0.009078637109135312,-0.083374650791701,0.1362259425582851,3.642273668717422,5.6193418395468555
11.728645086288452,-0.012366071240857285,-0.08436088109481427,0.13721217267937713,3.6146591969735375,5.658133751089534
11.75216293334961,-0.01532476196735591,-0.08370339422597439,0.13721217267937713,3.590660906889271,5.697583156661841
11.77316164970398,-0.017297222455880085,-0.08370339422597439,0.1352397124364443,3.569292567050408,5.733087625159391
11.796167850494385,-0.018940939532215845,-0.08403213766034548,0.13655468593206563,3.5489104588434084,5.763989665262859
11.819314002990723,-0.01828345270140147,-0.08567585483366671,0.13721217267937713,3.533130762540797,5.789960530716666
11.84231185913086,-0.019598426363403865,-0.08370339422597439,0.1352397124364443,3.518666041214382,5.811986455995728
11.864818334579468,-0.019269682947763128,-0.08501836796404497,0.13655468593206563,3.5068312694209913,5.828094969338398
11.884834051132202,-0.01795470928613435,-0.0863333417036797,0.1349109690623309,3.5009138835917724,5.836971089234328
11.908882141113281,-0.01795470928613435,-0.08403213766034548,0.13392473893949086,3.496968959730532,5.839929795913607
11.932236909866333,-0.016968479040892936,-0.08468962452938075,0.14181457990125707,3.497626447039357,5.839272305538388
11.952683925628662,-0.016639735625999075,-0.08304590735752523,0.14937567744484487,3.5019001145601933,5.834998618127956
11.974297285079956,-0.016639735625999075,-0.08238842048946662,0.15595054483864113,3.5101187060121917,5.827437478984197
11.997388124465942,-0.015982248796491072,-0.08173093362179831,0.15858049178697764,3.522610965185636,5.815273907641589
12.017940044403076,-0.014338531724351955,-0.08140219018811051,0.15989546525918386,3.5367469429148124,5.794562962757087
12.039937973022461,-0.01499601855292812,-0.0807447033210274,0.15858049178697764,3.554827845040798,5.775824489803599
12.060097217559814,-0.013352301482185941,-0.0807447033210274,0.15792300505038429,3.573566234969716,5.7511686057638824
12.081095457077026,-0.011708584413769763,-0.08173093362179831,0.16055295199479708,3.595920806019761,5.721581547042433
12.100589752197266,-0.01039361076070977,-0.0794297295880308,0.15989546525918386,3.6195903525662625,5.689364530166197
12.120616436004639,-0.006777433222450474,-0.07910098615502517,0.15989546525918386,3.646218593336997,5.656490025945221
12.141068696975708,-0.0048049727517611995,-0.07811475585659244,0.1608816953624813,3.6751480412003263,5.617698114567158
12.161179304122925,-0.0015175386413417702,-0.07581355183032076,0.161539182097605,3.7047349777150416,5.5759475024029745
12.1815185546875,0.0011124086403498379,-0.07614229526235364,0.16252541219967917,3.738266840585065,5.528608230980443
12.203274250030518,0.0030848690977502147,-0.0748273215348049,0.1635116423010202,3.7770586055128614,5.476995281752611
12.223634243011475,0.006372303186062994,-0.07318360437755334,0.16318289893398794,3.8171653478145497,5.42176614595543
12.244354963302612,0.010317224079930187,-0.075484808398385,0.16285415556687427,3.8585870677605443,5.362920824963638
12.26443886756897,0.014262144960623765,-0.07449857810316052,0.16285415556687427,3.9032962286826214,5.298158107049775
12.283697605133057,0.017878322423052165,-0.07153988722272625,0.16384038566797104,3.9483341365172033,5.235696611900116
12.304039716720581,0.017220835612521246,-0.0708824003614737,0.16614158923434963,3.9973169741621355,5.170933913395664
12.324962615966797,0.02248073008658781,-0.07679978212671099,0.16548410250150505,4.04761479126563,5.096966376119224
12.34508991241455,0.026096907524036858,-0.06759496606101711,0.16975776625919192,4.101528795831286,5.020697639472246
12.365423440933228,0.029384341548583992,-0.0666087357727651,0.17074399635517423,4.159058988908201,4.942127704357701
12.385934591293335,0.03398674916779654,-0.06463627519886725,0.17994881054930092,4.216917931556577,4.860927827249685
12.405584812164307,0.03891790016882428,-0.06463627519886725,0.21545309328390438,4.277406832287832,4.778084242257043
12.427079677581787,0.041876590759759386,-0.06332130148486398,0.2535873218753948,4.336580763121382,4.690309506893085
12.447105646133423,0.04549276813884706,-0.05937638035209647,0.28942034609135775,4.397069676671115,4.601219810009927
12.467602014541626,0.045164024741194464,-0.05970512377929818,0.29829641617467734,4.455586132004412,4.507527710052064
12.489694118499756,0.04549276813884706,-0.05773266321752854,0.3259108560977032,4.517061291385188,4.410876929608648
12.51077127456665,0.0481227153168597,-0.057403919790902924,0.3663462850884477,4.577878969491427,4.3152123984932755
12.53278660774231,0.05042391909294819,-0.058718893497981234,0.4018505633521399,4.637710421966421,4.223492811764278
12.55478048324585,0.05239637946898745,-0.04392543938161031,0.44031353060713035,4.698199370108226,4.129800775741199
12.576443672180176,0.05141014928136732,-0.04425418280432003,0.4682567114018912,4.759674558633324,4.035780010406459
12.598453044891357,0.05108140588531643,-0.042281722269486954,0.500144811297627,4.819177288581558,3.947676648789075
12.622352361679077,0.05141014928136732,-0.040638005159737284,0.5211843820564472,4.88361119231598,3.852669679040505
12.646009922027588,0.05075266248917672,-0.03899428805235855,0.5182256924329365,4.948702593810639,3.7576627227787958
12.668524026870728,0.05141014928136732,-0.040638005159737284,0.5188831790163446,5.01215028185941,3.6692306540434863
12.689963340759277,0.05206763607320282,-0.03965177489502569,0.5297317076092123,5.070666810292028,3.5877022136446017
12.709898471832275,0.049766432300224595,-0.03603559726504299,0.5708246183866715,5.126224644932934,3.5147211172632153
12.732430458068848,0.05108140588531643,-0.035378110424457765,0.5892342421358276,5.187042400949512,3.434836411514139
12.752797842025757,0.05075266248917672,-0.033405649904969165,0.6066576358870566,5.244243973852563,3.3598828676401573
12.77189016342163,0.05075266248917672,-0.026502038113479925,0.6096163253773235,5.299801830730807,3.2875592790357735
12.792425870895386,0.05108140588531643,-0.024200834192196347,0.6201361101975837,5.358975887543897,3.2142494658151035
12.812106847763062,0.05173889267732945,-0.025187064443612045,0.6250672593139417,5.414862504508344,3.144555837233327
12.831895112991333,0.05173889267732945,-0.02551580786093824,0.6493942614547292,5.471406618858906,3.075519700803724
12.851072788238525,0.05108140588531643,-0.024858321026379693,0.6776661825222481,5.526964506379897,3.0094422604946836
12.872606039047241,0.04910894550714545,-0.023543347358388006,0.6934458592433457,5.5864673412688,2.939748646495721
12.897065877914429,0.05141014928136732,-0.023872090775245325,0.6977195216701015,5.6535313207031095,2.859863990758698
12.91994571685791,0.05206763607320282,-0.023214603941624418,0.7059381032381,5.724211507724119,2.7799793406972975
12.943335056304932,0.05042391909294819,-0.023872090775245325,0.7302651045133182,5.793905472462128,2.7010809261509494
12.965768098831177,0.05009517569663083,-0.023872090775245325,0.7559070785692728,5.859983252920262,2.624483720085439
12.98577332496643,0.05009517569663083,-0.023872090775245325,0.7519621595007877,5.920801121035803,2.5590637922007176
13.005844593048096,0.05108140588531643,-0.023872090775245325,0.7335525370993676,5.981618999337869,2.495616327341665
13.028637409210205,0.05173889267732945,-0.031104445969858924,0.7233614960682389,6.046053087074769,2.431182635208072
13.050639152526855,0.05206763607320282,-0.024858321026379693,0.6950895755622561,6.114103386374949,2.3670776889902876
13.074286222457886,0.049766432300224595,-0.023872090775245325,0.6602427893486771,6.186756136059537,2.3036302317850184
13.097325086593628,0.05239637946898745,-0.025187064443612045,0.6927883727154558,6.263025102518983,2.2378815738049402
13.120997428894043,0.05075266248917672,-0.025187064443612045,0.6671463979808026,6.334691647046362,2.180022756613627
13.144429922103882,0.05042391909294819,-0.024529577609241127,0.6375595036908472,6.408988172813422,2.1264376034773456
13.167777061462402,0.05173889267732945,-0.025844551278358247,0.6507092345356338,6.483942207027471,2.07581114094715
13.188248872756958,0.05206763607320282,-0.02551580786093824,0.6221085698455089,6.550348865903241,2.037348179864423
13.209772825241089,0.05173889267732945,-0.02715952494897722,0.5803581735636134,6.619385506138267,2.0015151653562495
13.230742931365967,0.04713648512577302,-0.02551580786093824,0.5612910631638259,6.686449685446783,1.972257016245701
13.25091290473938,0.05173889267732945,-0.02715952494897722,0.551100021322529,6.75121265666136,1.9489162458217166
13.271183252334595,0.05075266248917672,-0.025844551278358247,0.5366353166812333,6.816961880003586,1.9275479350301326
13.292288064956665,0.05206763607320282,-0.025187064443612045,0.5034322442445422,6.882382371387307,1.9114395162230533
13.311523675918579,0.049766432300224595,-0.02551580786093824,0.4695716846047407,6.947802877064595,1.8973035569284384
13.33152985572815,0.05075266248917672,-0.025187064443612045,0.44918959984959317,7.008292201712619,1.8877700030198517
13.351524829864502,0.05206763607320282,-0.023872090775245325,0.43308117785701783,7.074698974693416,1.8808663950339748
13.371041059494019,0.05108140588531643,-0.02551580786093824,0.39954936015486564,7.139790776864075,1.8752777600080257
13.391048192977905,0.05173889267732945,-0.02551580786093824,0.3814684777776891,7.206197580204927,1.868045408811385
13.411956787109375,0.05141014928136732,-0.024858321026379693,0.367003771730089,7.273261892478819,1.851936990290322
13.431650400161743,0.04910894550714545,-0.024858321026379693,0.35648398543106885,7.338682487112299,1.8223500993134856
13.451020002365112,0.05108140588531643,-0.02617329469587215,0.33478692596639203,7.401473122652067,1.7802709658639737
13.471195697784424,0.05108140588531643,-0.027817011784850326,0.29961138951584754,7.468537482292841,1.7365481166981045
13.491783857345581,0.05108140588531643,-0.027817011784850326,0.2631208788632771,7.5326431357249,1.6957839569277213
13.512239933013916,0.05075266248917672,-0.028145755202927836,0.22071298694435137,7.594776322162573,1.6704707288365765
13.53158187866211,0.05075266248917672,-0.029789472294726144,0.19737220867331606,7.657895764572746,1.6464724737309693
13.551491498947144,0.05075266248917672,-0.031761932807990445,0.1861949344308541,7.715755266787049,1.637925150016054
13.57100248336792,0.05075266248917672,-0.03274816306589473,0.17797635037016224,7.768683572703479,1.6323365152851301
13.590883255004883,0.05075266248917672,-0.03373439332464789,0.18159252736304096,7.807147006798092,1.6283915966542055
13.611175775527954,0.05108140588531643,-0.03472062358425049,0.1730451999096351,7.829830573199518,1.6264191373395582
13.631175994873047,0.049766432300224595,-0.037021827526629913,0.1838937308989089,7.837063015084242,1.6247754212444288
13.650662422180176,0.05042391909294819,-0.037021827526629913,0.17436017336754958,7.836405520358976,1.6241179348064807
13.671191453933716,0.05075266248917672,-0.03965177489502569,0.16186792546504455,7.822269384175461,1.623789191587529
13.691813707351685,0.05108140588531643,-0.040638005159737284,0.15956672189125481,7.802215796976818,1.6254329076824359
13.710882902145386,0.05075266248917672,-0.0412954920033525,0.16384038566797104,7.773286034599846,1.629706569530938
13.730891942977905,0.05042391909294819,-0.03998051831650143,0.16318289893398794,7.742712539255371,1.6362814339182583
13.751243114471436,0.05075266248917672,-0.04096674858149746,0.1644978724016286,7.70359162036989,1.6487736762714593
13.772256851196289,0.049766432300224595,-0.0429392091140513,0.16252541219967917,7.662826971648681,1.6688270127305203
13.792203426361084,0.05009517569663083,-0.043596695958995624,0.15989546525918386,7.615158640456546,1.7020300781624005
13.81233549118042,0.05075266248917672,-0.04524041307301985,0.15956672189125481,7.564531594678473,1.7539715076692586
13.83233094215393,0.05173889267732945,-0.04392543938161031,0.16186792546504455,7.5099595950713525,1.8131452888340434
13.85190224647522,0.05173889267732945,-0.042281722269486954,0.161539182097605,7.4511138970693835,1.8644292332186727
13.872901201248169,0.05141014928136732,-0.040638005159737284,0.16186792546504455,7.3886519969515705,1.894016124543083
13.894196271896362,0.05141014928136732,-0.0412954920033525,0.16186792546504455,7.318300189644348,1.9071658541042396
13.917358875274658,0.05075266248917672,-0.03932303147364474,0.15463557136250808,7.234469788330984,1.9186718675140366
13.94270396232605,0.05173889267732945,-0.037021827526629913,0.15562180146973076,7.141763255948151,1.9285341647556988
13.967224359512329,0.05075266248917672,-0.035378110424457765,0.15825174841872183,7.048070514400094,1.948258759333575
13.987546920776367,0.05009517569663083,-0.035706853844703124,0.15299185451549702,6.960295236572094,1.972257016245701
14.007063388824463,0.05075266248917672,-0.03636434068547742,0.15200562440630544,6.878437416729747,1.9985564761063472
14.026067972183228,0.05141014928136732,-0.036693084106006385,0.15726551831346386,6.798552096037267,2.02945834176575
14.045586347579956,0.05075266248917672,-0.035706853844703124,0.15890923515515173,6.71735181214856,2.0649626134021024
14.06659722328186,0.05108140588531643,-0.036693084106006385,0.16186792546504455,6.630234122404987,2.1093429536689157
14.08709454536438,0.05173889267732945,-0.035049367004306886,0.15890923515515173,6.543116456842651,2.1589831871265246
14.108114957809448,0.05141014928136732,-0.03472062358425049,0.15825174841872183,6.455998815058784,2.216184517164273
14.128050327301025,0.05108140588531643,-0.03406313674442102,0.15299185451549702,6.365593739804538,2.274372078700295
14.148955583572388,0.05173889267732945,-0.03307690648538475,0.14937567744484487,6.276832417246841,2.3427506844013637
14.168577671051025,0.05108140588531643,-0.03307690648538475,0.15430682799326992,6.192016064233219,2.4117867794207255
14.189417600631714,0.05108140588531643,-0.035049367004306886,0.1644978724016286,6.10785722308586,2.4847677973540927
14.20994758605957,0.05206763607320282,-0.041624235425302386,0.15003316418570356,6.032245781576056,2.553803898634974
14.229458808898926,0.05075266248917672,-0.03373439332464789,0.15825174841872183,5.963209262119952,2.6248124634495626
14.249272584915161,0.05108140588531643,-0.03307690648538475,0.15989546525918386,5.901076405942884,2.694506058498939
14.26952576637268,0.05042391909294819,-0.03274816306589473,0.15562180146973076,5.839601050725851,2.7648571441797123
14.289007186889648,0.05239637946898745,-0.03307690648538475,0.1566080315762162,5.779769431400099,2.835865720816427
14.308579921722412,0.05108140588531643,-0.03373439332464789,0.1526631111458486,5.722896527381,2.9026006371350634
14.329116344451904,0.05173889267732945,-0.035706853844703124,0.15200562440630544,5.666023631879845,2.971308018295774
14.348905801773071,0.05206763607320282,-0.033405649904969165,0.15167688103641064,5.611780704697708,3.041001634425782
14.36862850189209,0.05141014928136732,-0.03406313674442102,0.1506906509262331,5.558195274954914,3.1077365638532695
14.388098955154419,0.05141014928136732,-0.035049367004306886,0.14806070396213938,5.505924832091883,3.1744714979141277
14.408619403839111,0.05206763607320282,-0.035049367004306886,0.14806070396213938,5.4539831409223405,3.244493872329604
14.428127527236938,0.05173889267732945,-0.035049367004306886,0.14904693407429204,5.4003977323302905,3.3158312265796064
14.447664499282837,0.05108140588531643,-0.035706853844703124,0.14871819070365688,5.350757268039942,3.3855248687240076
14.468241691589355,0.05206763607320282,-0.03735057094734806,0.14641698710690304,5.299473085994087,3.45620474765503
14.490249872207642,0.05141014928136732,-0.03866554463116709,0.15003316418570356,5.244901463240602,3.5321445315326523
14.513855934143066,0.04384905114969191,-0.038336801210070326,0.14937567744484487,5.185069933053664,3.6195903525662625
14.534854173660278,0.05173889267732945,-0.03899428805235855,0.145759500364231,5.1275396233521,3.6998038215443287
14.558498859405518,0.05173889267732945,-0.04096674858149746,0.14707447384924502,5.070009321166211,3.7865921751917355
14.581612825393677,0.05173889267732945,-0.04326795253647597,0.1460882437356083,5.00886283666653,3.880284160183682
14.605495691299438,0.05173889267732945,-0.04030926173807195,0.14477327024960363,4.948373849335774,3.9736474145621017
14.627499103546143,0.05141014928136732,-0.04195297884734722,0.14312955339023842,4.889528592077785,4.061093291963785
14.65049934387207,0.05173889267732945,-0.043596695958995624,0.14345829676227684,4.828053387048125,4.1455804860354695
14.673219442367554,0.04910894550714545,-0.04392543938161031,0.1441157835061056,4.759017069945328,4.236971316422711
14.69623327255249,0.05075266248917672,-0.04754161703665025,0.1441157835061056,4.692939461284253,4.325403464599014
14.717330694198608,0.04910894550714545,-0.04885659073224932,0.1460882437356083,4.630806792476817,4.408246976641256
14.737266778945923,0.04779397191991984,-0.05345899867887288,0.14904693407429204,4.574262783026778,4.48451561788689
14.75562310218811,0.04746522852289095,-0.05444522895558723,0.14806070396213938,4.52330743097285,4.554209385817314
14.775058269500732,0.04384905114969191,-0.05806140664425011,0.14937567744484487,4.472352083859187,4.624560651590866
14.794530868530273,0.041876590759759386,-0.05904763692499085,0.14740321722029226,4.42402669463613,4.690638251191222
14.813554763793945,0.03760292657052444,-0.06167758434452722,0.14773196059125704,4.375701309715296,4.756715859544309
14.832834720611572,0.03332926236613237,-0.06397878834167287,0.14904693407429204,4.330663369758224,4.820492266121795
14.850197315216064,0.02905559814653566,-0.0652937620564473,0.14871819070365688,4.290227850109887,4.879666259182735
14.870290756225586,0.027083137732349688,-0.0685811963501387,0.14838944733293932,4.250121077367655,4.938511515198358
14.889630556106567,0.02478193391168676,-0.07055365693099264,0.14773196059125704,4.2126442594613644,4.996699289659298
14.907987594604492,0.023466960297888168,-0.0725261175153317,0.1460882437356083,4.1774686518621715,5.049955903292247
14.928030967712402,0.019850782852461918,-0.07449857810316052,0.14543075699277114,4.1396630946264406,5.105513735347927
14.94725513458252,0.019522039447787562,-0.07679978212671099,0.14345829676227684,4.103172515557341,5.1571266388240415
14.967792510986328,0.015248375178743154,-0.078443499289306,0.13852714617300282,4.065038219053038,5.209397037730895
14.98979377746582,0.01327591474168334,-0.07975847302113381,0.14510201362122868,4.025260205387142,5.259694974739505
15.010531187057495,0.01327591474168334,-0.07975847302113381,0.1441157835061056,3.990084608635114,5.305719236035691
15.031367778778076,0.010317224079930187,-0.07910098615502517,0.1441157835061056,3.9581964525197653,5.350099778486653
15.052399635314941,0.0076872768188180896,-0.07975847302113381,0.14543075699277114,3.9309107119480036,5.389549153531467
15.072892904281616,0.0034136125069949286,-0.08008721645433423,0.14345829676227684,3.9042824602077126,5.42636857365168
15.093435049057007,0.0011124086403498379,-0.08041595988763212,0.1441157835061056,3.880941647843941,5.46220176249692
15.113627910614014,0.0001261784104067687,-0.08041595988763212,0.14444452687789594,3.8592445553993393,5.493761270899583
15.133657217025757,0.0007836652304609448,-0.08173093362179831,0.14280081001811723,3.8388624388969905,5.526307016541581
15.154545545578003,0.0007836652304609448,-0.08107344675452019,0.14181457990125707,3.8214390172151615,5.553264100805604
15.175248861312866,-0.002175025462686858,-0.08173093362179831,0.14214332327362658,3.8059880587399824,5.58054993187209
15.194252967834473,-0.003161255695396853,-0.08140219018811051,0.14181457990125707,3.792180819547652,5.602904590061946
15.214197874069214,-0.005791202986689392,-0.08173093362179831,0.14148583652880473,3.779031068194226,5.623944269526962
15.234962701797485,-0.007434920046754195,-0.0820596770555837,0.1411570931562695,3.7662100608659363,5.642353989993042
15.254474401473999,-0.008092406871428537,-0.0820596770555837,0.13951337629235006,3.7576627227787958,5.660763711335014
15.273474216461182,-0.010722354173835436,-0.08304590735752523,0.1404996064109505,3.7487866410301307,5.6752284930063635
15.2932767868042,-0.010722354173835436,-0.083374650791701,0.1424720666459133,3.742869253260342,5.6854195895110005
15.312984228134155,-0.012694814654540476,-0.083374650791701,0.14082834978365144,3.738266840585065,5.692651980743256
15.332815885543823,-0.013023558068316676,-0.0863333417036797,0.1411570931562695,3.7362943780191866,5.702843077711837
15.353225469589233,-0.013352301482185941,-0.08567585483366671,0.14280081001811723,3.7349794029783445,5.704158057985663
15.37478756904602,-0.014338531724351955,-0.08468962452938075,0.1506906509262331,3.7362943780191866,5.704486803054828
15.395613431930542,-0.014667275138593477,-0.08731957200943305,0.15693677494488095,3.7408967906815245,5.701528097442542
15.415875911712646,-0.014009788310203525,-0.08501836796404497,0.16121043873008392,3.7464854346692658,5.693966960981991
15.436198711395264,-0.014338531724351955,-0.08600459826862433,0.16515535913496088,3.755032772619265,5.681803393946095
15.457453966140747,-0.015982248796491072,-0.08468962452938075,0.1648266157683354,3.7662100608659363,5.666352376916284
15.477243900299072,-0.015653505381876903,-0.0863333417036797,0.1641691290348405,3.781661018444818,5.6446552051128105
15.498209476470947,-0.014009788310203525,-0.08436088109481427,0.16614158923434963,3.799084439108989,5.619670584543628
15.518219947814941,-0.013023558068316676,-0.08501836796404497,0.16745656269906428,3.8191378106114873,5.59304224070322
15.538291215896606,-0.011051097587053998,-0.08370339422597439,0.16614158923434963,3.8418211331895584,5.556880295175746
15.55858850479126,-0.008749893696473665,-0.08271716392344713,0.1687715361624807,3.8691068700590794,5.5177596487422855
15.579305410385132,-0.006119946398517179,-0.08173093362179831,0.16844279279674823,3.8983650710794024,5.475680302241235
15.600578308105469,-0.003161255695396853,-0.08140219018811051,0.1691002795281321,3.9309107119480036,5.427354808164777
15.62135624885559,-0.0011887952308076155,-0.07975847302113381,0.16975776625919192,3.967401280925574,5.37081069991587
15.642200708389282,0.002427382278984813,-0.0794297295880308,0.17107273972033982,4.00652180313444,5.314266599400974
15.66152310371399,0.0030848690977502147,-0.078443499289306,0.17107273972033982,4.0482722790977546,5.2501613783813825
15.682545185089111,0.005714816369135067,-0.078443499289306,0.17140148308542447,4.09528266091281,5.183754954461415
15.702962160110474,0.009002250450106705,-0.07679978212671099,0.1700865096246003,4.142293046356564,5.112746116362548
15.723572254180908,0.011632197708289924,-0.0751560649665464,0.1727164565449546,4.193905851412686,5.035491143413949
15.743727922439575,0.01623460539604213,-0.07416983467161314,0.17173022645042826,4.248806101259673,4.9572499502391985
15.764001846313477,0.02083701306593995,-0.07351234780880958,0.17994881054930092,4.304035100395814,4.876378814930232
15.783990859985352,0.02215198668263968,-0.0721973740843663,0.2009883856144773,4.363537778125898,4.788604061783497
15.80369257926941,0.028398111342168242,-0.07186863065349786,0.22695911064032678,4.42073925334945,4.700171835931542
15.824713945388794,0.03234303216296132,-0.069896170070321,0.2542448085662459,4.477611990431715,4.606479717878819
15.84495997428894,0.03530172277004594,-0.06956742664013035,0.31670604284609505,4.534813477776131,4.506212733329976
15.86498475074768,0.03826041336985364,-0.06627999234354087,0.3653600551254752,4.590042505967569,4.412849394342516
15.884150981903076,0.04253407755676096,-0.06430753177022186,0.38804334411994007,4.64428530728201,4.316527374754606
15.903688669204712,0.04549276813884706,-0.06365004491322024,0.46661299489694913,4.6988568587151285,4.224807787814735
15.922701835632324,0.04680774172856603,-0.0610200974890662,0.539594006275844,4.753757160473195,4.1301295197014305
15.942908763885498,0.04845145871371059,-0.05773266321752854,0.5336766270820192,4.808657468389205,4.038738705600128
15.961496829986572,0.049437688903729474,-0.051486538128027004,0.5274305045796011,4.860599082836426,3.953265294499573
15.982803583145142,0.05042391909294819,-0.046226643342575896,0.5616198064481424,4.9158281474770344,3.8612170183196115
16.002915382385254,0.05141014928136732,-0.043596695958995624,0.6046851762245297,4.969413496199044,3.77771609307269
16.02383065223694,0.05141014928136732,-0.042281722269486954,0.603041459837651,5.027930019116647,3.6886265343500595
16.043487548828125,0.05173889267732945,-0.04458292622712487,0.5892342421358276,5.084145337584557,3.6061118606904885
16.06301712989807,0.05075266248917672,-0.04096674858149746,0.5836456063727007,5.1357582385609035,3.530172069520153
16.082114934921265,0.05206763607320282,-0.03899428805235855,0.6273684622309763,5.1896723581579405,3.4594921840350157
16.101119995117188,0.05141014928136732,-0.03866554463116709,0.6533391806950768,5.242600250386894,3.3868398431599154
16.11983823776245,0.05173889267732945,-0.035049367004306886,0.634929557512298,5.295528149173467,3.315502482998181
16.138838052749634,0.04910894550714545,-0.03439188016428854,0.6421619094955859,5.350428523263168,3.2425214110040312
16.15734887123108,0.05173889267732945,-0.031104445969858924,0.6829260747746682,5.40401392532693,3.1731565237980592
16.17736554145813,0.05173889267732945,-0.029131985457724635,0.707253076286321,5.457599334394584,3.104449128799085
16.196742296218872,0.05141014928136732,-0.025187064443612045,0.7069243330243342,5.515458434366111,3.034426764775327
16.218942642211914,0.05206763607320282,-0.024858321026379693,0.7273064151821049,5.5759475024029745,2.9584870233880958
16.240028142929077,0.05173889267732945,-0.024529577609241127,0.7585370246115355,5.639724029872921,2.8805748268737577
16.259546995162964,0.05173889267732945,-0.025187064443612045,0.7611669706510957,5.69922688198218,2.8102237343113403
16.278546571731567,0.05206763607320282,-0.02617329469587215,0.7670843492302832,5.755771037328701,2.743160079942601
16.301360607147217,0.05141014928136732,-0.025187064443612045,0.7841789983836698,5.821848811020539,2.6655766412327795
16.32392144203186,0.05206763607320282,-0.02551580786093824,0.7960137554254685,5.887926596473899,2.584705773615123
16.346004247665405,0.05173889267732945,-0.025844551278358247,0.7835215118798164,5.956305610906333,2.5051498840622344
16.36970829963684,0.05141014928136732,-0.027817011784850326,0.7542633622914814,6.02731460117126,2.4275664586875556
16.391802072525024,0.05206763607320282,-0.025187064443612045,0.7424286050598499,6.0970086239548715,2.356557903179829
16.413007259368896,0.05141014928136732,-0.02617329469587215,0.7513046729887776,6.163415205760916,2.2908092432975242
16.434025764465332,0.05173889267732945,-0.027817011784850326,0.7490034701953949,6.230479291463604,2.226375558890204
16.455809831619263,0.05173889267732945,-0.02748826836686677,0.7194165769479588,6.297214644785477,2.1685167420246656
16.475836277008057,0.05173889267732945,-0.02748826836686677,0.6816111017126996,6.364607502757089,2.113945359374019
16.497718811035156,0.05239637946898745,-0.03011821571336812,0.6661601681775204,6.433315357465113,2.0636476403695947
16.51794457435608,0.05206763607320282,-0.028803242039364962,0.6638589653015037,6.500050751730943,2.021239760438348
16.539942502975464,0.05173889267732945,-0.02748826836686677,0.6671463979808026,6.565471176287794,1.986064232641768
16.563455820083618,0.05075266248917672,-0.026502038113479925,0.6451205989363225,6.638124025379905,1.9505599620427032
16.584455251693726,0.05206763607320282,-0.026830781531181624,0.6247385160398756,6.7114343833923,1.92195929992448
16.604486227035522,0.05173889267732945,-0.025844551278358247,0.6135612446911263,6.778498582627859,1.9022347055126183
16.62718367576599,0.05173889267732945,-0.02617329469587215,0.5948228778835307,6.849836497013367,1.886455030069075
16.64618182182312,0.05108140588531643,-0.02617329469587215,0.5711533616693961,6.917558219386177,1.876263989717827
16.66569209098816,0.05239637946898745,-0.026502038113479925,0.5580036303176228,6.980020015818539,1.8706753546993344
16.684693574905396,0.05206763607320282,-0.026502038113479925,0.535649086815341,7.042810571915022,1.8667304358681505
16.703208446502686,0.04910894550714545,-0.02847449862109938,0.5057334473038698,7.105272395090735,1.8611418008648737
16.722228050231934,0.05141014928136732,-0.025844551278358247,0.489296282530662,7.171021697295853,1.8552244226356733
16.742223262786865,0.05173889267732945,-0.026502038113479925,0.4820639299831304,7.233812295086538,1.8440471526735802
16.761213302612305,0.05108140588531643,-0.02617329469587215,0.46464053508899084,7.29561666680366,1.8315549098147323
16.78023886680603,0.05075266248917672,-0.02617329469587215,0.450175829762598,7.360379773165288,1.8167614643769685
16.798900365829468,0.05173889267732945,-0.026502038113479925,0.4301224880867421,7.425800388454754,1.799666816384639
16.819184064865112,0.05206763607320282,-0.02715952494897722,0.3893583173851871,7.487276056332946,1.7875033168951477
16.84075164794922,0.05173889267732945,-0.02617329469587215,0.33577315594863866,7.559600389436552,1.7736961013007027
16.862695693969727,0.05141014928136732,-0.026830781531181624,0.27331192247039116,7.632582236373984,1.7605463722035182
16.883922338485718,0.05108140588531643,-0.026830781531181624,0.22958905745133643,7.70194788441117,1.747396643144323
16.902432918548584,0.05173889267732945,-0.02715952494897722,0.19244105828356178,7.766382341786116,1.7339181708966247
16.923042058944702,0.05042391909294819,-0.029131985457724635,0.18356498753688238,7.8229268788643225,1.7201109554616891
16.944050550460815,0.05075266248917672,-0.030446959132104184,0.1832362441747758,7.875855206881255,1.7046600239475629
16.965474605560303,0.049766432300224595,-0.03274816306589473,0.17863383709686334,7.9110311825402215,1.692825267924284
16.984655141830444,0.05141014928136732,-0.031761932807990445,0.17929132382324287,7.928454798467538,1.681647998369709
17.005759477615356,0.05108140588531643,-0.03472062358425049,0.17962006718631207,7.929441040914592,1.6731006746071944
17.026066541671753,0.05075266248917672,-0.037021827526629913,0.16647033260065008,7.925824818627638,1.6645533508568386
17.046064376831055,0.05173889267732945,-0.03735057094734806,0.161539182097605,7.912346172379479,1.6625808915315199
17.065563917160034,0.05108140588531643,-0.03866554463116709,0.1608816953624813,7.894265062690403,1.6625808915315199
17.08514976501465,0.04910894550714545,-0.04096674858149746,0.16384038566797104,7.867965269086848,1.6648820940777858
17.105157136917114,0.05141014928136732,-0.043596695958995624,0.1644978724016286,7.84725418354273,1.6724431881644326
17.124186754226685,0.05141014928136732,-0.043596695958995624,0.1635116423010202,7.8173381740628995,1.6842779441452955
17.14364981651306,0.0487802021104725,-0.0429392091140513,0.1635116423010202,7.787093420782624,1.7049887671707982
17.162667751312256,0.05009517569663083,-0.04425418280432003,0.1635116423010202,7.757506165582895,1.7358906302476018
17.181675910949707,0.05108140588531643,-0.04392543938161031,0.16285415556687427,7.7226589582499425,1.7773122768092724
17.200677394866943,0.05141014928136732,-0.04392543938161031,0.16581284586796796,7.689455491463679,1.8253087884007713
17.220338344573975,0.05042391909294819,-0.04326795253647597,0.16712781933300738,7.656580776034822,1.8723190708803097
17.23975443840027,0.05042391909294819,-0.04195297884734722,0.161539182097605,7.61745987004007,1.9084808270632712
17.259262084960938,0.05141014928136732,-0.04030926173807195,0.16614158923434963,7.57505149949986,1.9268904485465956
17.2782621383667,0.05042391909294819,-0.04195297884734722,0.16811404943093466,7.526396943179544,1.9370814890571215
17.298270225524902,0.05108140588531643,-0.03965177489502569,0.16745656269906428,7.481687358676136,1.9436563539206178
17.316701889038086,0.05009517569663083,-0.04030926173807195,0.16548410250150505,7.433690312964981,1.9535186512427654
17.33690118789673,0.05108140588531643,-0.03866554463116709,0.16055295199479708,7.387665756537927,1.9656821513186538
17.355968475341797,0.05108140588531643,-0.03998051831650143,0.16022420862703127,7.333751285974364,1.983763029904406
17.375497102737427,0.05141014928136732,-0.041624235425302386,0.15036190755600945,7.278521839217674,2.0041451113588553
17.39450740814209,0.05141014928136732,-0.042610465691721666,0.15726551831346386,7.220991177126685,2.029787085019383
17.413976430892944,0.049766432300224595,-0.04030926173807195,0.15595054483864113,7.161159301000464,2.0564152887032625
17.433762073516846,0.049766432300224595,-0.03965177489502569,0.15825174841872183,7.096396240447936,2.0889608713698244
17.453261375427246,0.05108140588531643,-0.03965177489502569,0.15989546525918386,7.027688237799892,2.1257801169438797
17.472262620925903,0.05042391909294819,-0.03932303147364474,0.1621966688324026,6.956021534575892,2.167859255478606
17.49251437187195,0.05173889267732945,-0.038336801210070326,0.1566080315762162,6.882382371387307,2.2155270306030896
17.511682271957397,0.05108140588531643,-0.038336801210070326,0.1608816953624813,6.811044449321198,2.2645097800112155
17.531208515167236,0.05141014928136732,-0.03735057094734806,0.15726551831346386,6.737405321555693,2.322368599737573
17.552711486816406,0.05141014928136732,-0.03472062358425049,0.15923797852324412,6.654232577904129,2.388446004119266
17.574230432510376,0.05206763607320282,-0.035378110424457765,0.15726551831346386,6.575333553013101,2.4555096411065054
17.594265460968018,0.05108140588531643,-0.03439188016428854,0.15430682799326992,6.496434547747834,2.5212583076259745
17.616924285888672,0.05108140588531643,-0.03373439332464789,0.16022420862703127,6.413261867283391,2.5896369239412134
17.6382417678833,0.05206763607320282,-0.03439188016428854,0.15233436777611808,6.3363353753121165,2.6553855966684727
17.661317348480225,0.05141014928136732,-0.036693084106006385,0.14970442081531538,6.254477717494388,2.725736680152578
17.684414625167847,0.05141014928136732,-0.035706853844703124,0.15595054483864113,6.174921297963591,2.794772793998343
17.706005811691284,0.05173889267732945,-0.03472062358425049,0.15693677494488095,6.102268550764156,2.8608502210411975
17.727105140686035,0.05173889267732945,-0.03472062358425049,0.15759426168196497,6.035533235217371,2.919695296151087
17.74922752380371,0.05108140588531643,-0.03472062358425049,0.1526631111458486,5.966167969823479,2.980184091785498
17.771881580352783,0.05141014928136732,-0.03373439332464789,0.1526631111458486,5.902720132159817,3.03804294307774
17.79289412498474,0.05009517569663083,-0.037021827526629913,0.15529305810073848,5.837957324791458,3.0978742587243597
17.811516284942627,0.05206763607320282,-0.03636434068547742,0.14970442081531538,5.783714373038121,3.1471857853866747
17.830509662628174,0.04910894550714545,-0.03636434068547742,0.15134813766643368,5.731772644785497,3.196497314637234
17.849953651428223,0.05173889267732945,-0.03735057094734806,0.15397808462394974,5.678515943462145,3.246795077214965
17.869564533233643,0.05173889267732945,-0.036693084106006385,0.15233436777611808,5.627889209553291,3.294791637621739
17.88856792449951,0.05206763607320282,-0.035706853844703124,0.1526631111458486,5.576604992323833,3.3411444827297774
17.907599687576294,0.05173889267732945,-0.03735057094734806,0.1526631111458486,5.524992036868206,3.3914422537020834
17.92669105529785,0.05141014928136732,-0.03767931436816083,0.15364934125454754,5.474036577858052,3.4381238478065157
17.945714712142944,0.05141014928136732,-0.03800805778906824,0.15003316418570356,5.422094890789154,3.488421624765996
17.966347455978394,0.05108140588531643,-0.042281722269486954,0.1526631111458486,5.366208272842121,3.5400343796332328
17.987326622009277,0.05206763607320282,-0.03965177489502569,0.15003316418570356,5.306376725519152,3.593948343841495
18.0103440284729,0.05239637946898745,-0.040638005159737284,0.15101939429637448,5.236682845962833,3.653122211472518
18.033859252929688,0.05042391909294819,-0.042281722269486954,0.1526631111458486,5.1683039563006865,3.7099948776681018
18.058037042617798,0.05108140588531643,-0.04195297884734722,0.14740321722029226,5.089733995361927,3.7750861428371305
18.079554557800293,0.05108140588531643,-0.04326795253647597,0.14871819070365688,5.017738938741894,3.8352462570015127
18.10093641281128,0.05075266248917672,-0.04458292622712487,0.15003316418570356,4.945415149072499,3.8947488888605677
18.121219635009766,0.05108140588531643,-0.04819910388425913,0.14970442081531538,4.87802253705362,3.9512928313020907
18.143218278884888,0.05108140588531643,-0.04819910388425913,0.14378704013423257,4.806027513377051,4.013425424951935
18.16675090789795,0.05108140588531643,-0.04754161703665025,0.14904693407429204,4.727457613958639,4.080489183729574
18.186825275421143,0.05042391909294819,-0.050171564429374454,0.14773196059125704,4.652175169773509,4.1413068144564145
18.205860376358032,0.04910894550714545,-0.04852784730820653,0.145759500364231,4.5837963655791105,4.19883701136739
18.226882696151733,0.05009517569663083,-0.04754161703665025,0.14510201362122868,4.513116361157476,4.2606408863397105
18.24886131286621,0.0481227153168597,-0.04787036046040702,0.14740321722029226,4.439477668950574,4.322444767968632
18.270580291748047,0.04253407755676096,-0.04951407758062101,0.14312955339023842,4.359592849019185,4.390494794442345
18.292569160461426,0.04056161716468322,-0.04819910388425913,0.1441157835061056,4.280694272727504,4.456243620302567
18.312589406967163,0.03365800576700943,-0.051815281552929,0.14707447384924502,4.209028075405245,4.519362500698331
18.332167863845825,0.029384341548583992,-0.05345899867887288,0.1441157835061056,4.1429505342909,4.580508923299798
18.35055708885193,0.023466960297888168,-0.052801511828208414,0.14510201362122868,4.081475415530649,4.639025399022713
18.3695867061615,0.019850782852461918,-0.05247276840301965,0.13786965942635615,4.0190140712407105,4.6975418815021905
18.388614654541016,0.01656334880162623,-0.052801511828208414,0.13918463291931732,3.9581964525197653,4.756715859544309
18.406655073165894,0.01261842792859999,-0.0531302552534928,0.138198402799721,3.899022558757692,4.811944912174596
18.42665123939514,0.008344763634645633,-0.054116485529920044,0.13721217267937713,3.8359037446174287,4.869803926493865
18.444652557373047,0.01327591474168334,-0.05608894608535969,0.138198402799721,3.77771609307269,4.921088058734299
18.46418309211731,0.011632197708289924,-0.05806140664425011,0.13721217267937713,3.718542215174904,4.972372196616258
18.484171390533447,0.015577118584600619,-0.05970512377929818,0.1342534823138542,3.658053367323645,5.02760127458485
18.503723859786987,0.017220835612521246,-0.05806140664425011,0.13326725219051416,3.601180705187263,5.074283000501306
18.52497911453247,0.017549579017832204,-0.05970512377929818,0.1319522786915599,3.5433218163657436,5.124909666517692
18.5479793548584,0.02248073008658781,-0.06266381462844045,0.1319522786915599,3.4769155970758314,5.176193827633295
18.571582794189453,0.023795703701473686,-0.06233507120037307,0.1326097654412039,3.4105093833654934,5.228792973524704
18.593640089035034,0.027740624537439626,-0.06496501862760906,0.1326097654412039,3.349034328956991,5.270214805451673
18.614421129226685,0.027740624537439626,-0.06627999234354087,0.1303085618159887,3.2859155611837236,5.309006683463285
18.637356996536255,0.029713084950542104,-0.06562250548538201,0.12866484493832794,3.2211530802559314,5.346483585962153
18.65902328491211,0.030699315155875276,-0.06956742664013035,0.1283361015625448,3.1570480910273897,5.376070616634328
18.68199110031128,0.03135680195897997,-0.06825245292033486,0.12570615455326414,3.0909706451940195,5.405657649426853
18.704078674316406,0.029384341548583992,-0.06792370949062768,0.12669238468237293,3.0245644603802977,5.42932727719813
18.72618794441223,0.026425650926898206,-0.07318360437755334,0.12800735818667794,2.9604594841329326,5.450366947482393
18.750175714492798,0.024124447104968597,-0.0666087357727651,0.1349109690623309,2.8914233602309514,5.473050343231361
18.771606922149658,0.021165756470251026,-0.06693747920208587,0.1335959955650442,2.8283046221722596,5.491460056661499
18.794628143310547,0.024124447104968597,-0.06463627519886725,0.1326097654412039,2.768802064991969,5.504938597386844
18.817578077316284,0.023795703701473686,-0.06463627519886725,0.12866484493832794,2.708970767378607,5.520718352959744
18.837594509124756,0.020508269661538098,-0.06365004491322024,0.1335959955650442,2.659001773762811,5.530909445432626
18.8595449924469,0.02017952625704543,-0.06233507120037307,0.131294791941582,2.61297770239174,5.539456813514607
18.88168478012085,0.021494499874471315,-0.06266381462844045,0.1283361015625448,2.5666248892357233,5.5450454773601034
18.901780366897583,0.02248073008658781,-0.06167758434452722,0.1309660485664678,2.525531971050083,5.546360457099913
18.922921895980835,0.02248073008658781,-0.05904763692499085,0.12669238468237293,2.490027690671639,5.548661671655092
18.942060470581055,0.021165756470251026,-0.05839015007106768,0.127349871434693,2.4574821010607772,5.548661671655092
18.960604906082153,0.02083701306593995,-0.05707517636437326,0.12504866780010554,2.4295389186068204,5.547675436844091
18.979605436325073,0.019850782852461918,-0.05608894608535969,0.12570615455326414,2.4012669933282575,5.546360457099913
18.998607397079468,0.02017952625704543,-0.05050030785389431,0.12471992442340035,2.374967528390882,5.544059242558112
19.017257690429688,0.02017952625704543,-0.04852784730820653,0.12143249065172759,2.349983037081088,5.541758028029679
19.037256717681885,0.020508269661538098,-0.046884130189422585,0.1224187207841122,2.3256560327319367,5.539128068584973
19.05630850791931,0.02248073008658781,-0.04655538676595161,0.12143249065172759,2.3019865153072323,5.534854384524519
19.075264930725098,0.025110677314910027,-0.0449116696500248,0.1224187207841122,2.2816044311051837,5.5322244251255706
19.094268560409546,0.029384341548583992,-0.043596695958995624,0.12044626051858548,2.260564860549961,5.528608230980443
19.112836599349976,0.03300051896516536,-0.0429392091140513,0.12077500389638372,2.24215523650472,5.5233483122826
19.135005950927734,0.03891790016882428,-0.03767931436816083,0.12044626051858548,2.2257180723256695,5.521375842788831
19.157519340515137,0.03957538696743651,-0.03439188016428854,0.12143249065172759,2.2092809082825395,5.518417138566489
19.180177927017212,0.03234303216296132,-0.035049367004306886,0.1220899774067348,2.1958024338666986,5.514800944546786
19.20217728614807,0.027740624537439626,-0.040638005159737284,0.11880254362833033,2.1829814460894923,5.515129689456312
19.22192621231079,0.027083137732349688,-0.032090676227197606,0.11551510984149174,2.173447891126576,5.515458434366111
19.242876529693604,0.028398111342168242,-0.03274816306589473,0.10663903857472976,2.1642430794788883,5.515129689456312
19.26459503173828,0.03398674916779654,-0.035706853844703124,0.11814505687163804,2.1556957544127995,5.51381470981983
19.284618616104126,0.04121910396240021,-0.03735057094734806,0.1174875701146082,2.1471484293803473,5.513485964911386
19.305192708969116,0.042862820955127695,-0.03735057094734806,0.1165013399784302,2.1392585909183786,5.5111847505598615
19.325793504714966,0.044835281343452646,-0.03735057094734806,0.11715882673596666,2.1339986986259945,5.510856005653584
19.3468017578125,0.04713648512577302,-0.03603559726504299,0.11847380025002636,2.1297250361475464,5.506582321896594
19.367520809173584,0.04845145871371059,-0.036693084106006385,0.1174875701146082,2.1284100630788907,5.505267342288253
19.387527465820312,0.04746522852289095,-0.035378110424457765,0.11946003038468526,2.1280813198118467,5.50165114838761
19.40984344482422,0.04713648512577302,-0.037021827526629913,0.1174875701146082,2.1287388063459827,5.501979893286317
19.43184995651245,0.04647899833126996,-0.03800805778906824,0.1220899774067348,2.1313687524844473,5.5006649136931065
19.454601764678955,0.0487802021104725,-0.037021827526629913,0.12307620753861472,2.1330124688225522,5.500993658591004
19.475629568099976,0.04910894550714545,-0.035378110424457765,0.1260348979297176,2.135642414966031,5.499021189207667
19.49665117263794,0.0487802021104725,-0.035706853844703124,0.11946003038468526,2.1359711582341836,5.498363699415379
19.51695704460144,0.05042391909294819,-0.035049367004306886,0.11189893266620206,2.134327441893905,5.497706209624172
19.536040544509888,0.05042391909294819,-0.035049367004306886,0.11255641942610795,2.134327441893905,5.495404995363443
19.55543541908264,0.05108140588531643,-0.035049367004306886,0.11485762308311002,2.133669955358132,5.492775036224502
19.574946403503418,0.05042391909294819,-0.03472062358425049,0.11617259659953523,2.132683725554835,5.492117546442461
19.59535551071167,0.05009517569663083,-0.03406313674442102,0.11288516280593376,2.1310400092169712,5.491460056661499
19.614466428756714,0.05042391909294819,-0.03735057094734806,0.11025521576495301,2.1300537794148307,5.48883009754842
19.63350558280945,0.05108140588531643,-0.035706853844703124,0.10992647238444858,2.1287388063459827,5.4858713935668
19.652648210525513,0.05009517569663083,-0.035378110424457765,0.1092689856231849,2.1277525765448506,5.485542648681299
19.671669483184814,0.05009517569663083,-0.03800805778906824,0.10861149886158136,2.126108860210589,5.484885158911102
19.69072937965393,0.04910894550714545,-0.037021827526629913,0.10696778195608442,2.1238076573446296,5.484885158911102
19.712596893310547,0.05042391909294819,-0.03866554463116709,0.10828275548065208,2.1211777112149637,5.483570179373938
19.734678030014038,0.05108140588531643,-0.03866554463116709,0.11255641942610795,2.1185477650883366,5.483898924257826
19.755681037902832,0.05042391909294819,-0.03767931436816083,0.10499532166667888,2.1155890756995004,5.483570179373938
19.77619457244873,0.05009517569663083,-0.03735057094734806,0.1092689856231849,2.11164415652032,5.485542648681299
19.7962007522583,0.05042391909294819,-0.03767931436816083,0.11518636646234318,2.110329183462094,5.483241434490319
19.81532073020935,0.04910894550714545,-0.03899428805235855,0.11255641942610795,2.1083567238761582,5.483241434490319
19.83642601966858,0.05042391909294819,-0.03636434068547742,0.11683008335724065,2.108027980611999,5.484227669141983
19.857925176620483,0.05009517569663083,-0.038336801210070326,0.11946003038468526,2.1100004401976546,5.4858713935668
19.87792468070984,0.04910894550714545,-0.04096674858149746,0.11946003038468526,2.110329183462094,5.487515117998343
19.898021459579468,0.049766432300224595,-0.03932303147364474,0.11617259659953523,2.1100004401976546,5.48883009754842
19.918044805526733,0.04253407755676096,-0.04195297884734722,0.10894024224242563,2.108027980611999,5.489816332213805
19.93804621696472,0.04910894550714545,-0.040638005159737284,0.10795401209963777,2.107699237347886,5.491131311771421
19.95806336402893,0.05009517569663083,-0.0412954920033525,0.10499532166667888,2.1047405479729666,5.492446291333347
19.97956919670105,0.05042391909294819,-0.04195297884734722,0.11058395914537254,2.100795628812252,5.492117546442461
19.99858021736145,0.04910894550714545,-0.043596695958995624,0.11025521576495301,2.0971794529207677,5.489487587325074
20.021361827850342,0.0487802021104725,-0.0412954920033525,0.11157018928612192,2.093234533772755,5.485542648681299
20.04353976249695,0.04845145871371059,-0.04195297884734722,0.10335160475649674,2.089947101154434,5.4829126896069695
20.0661518573761,0.05009517569663083,-0.03800805778906824,0.1076252687185384,2.08402972245289,5.479625240788248
20.089155673980713,0.049766432300224595,-0.03800805778906824,0.11124144590595697,2.0800848033266424,5.477652771509909
20.11189556121826,0.049766432300224595,-0.03735057094734806,0.1010504010786561,2.078769830285995,5.474365322734153
20.134496450424194,0.05009517569663083,-0.03735057094734806,0.10861149886158136,2.0764686274665807,5.47370783298222
20.154496431350708,0.0487802021104725,-0.035378110424457765,0.10828275548065208,2.0754823976875008,5.474694067610521
20.175008296966553,0.049766432300224595,-0.033405649904969165,0.11025521576495301,2.0754823976875008,5.475351557364062
20.194011449813843,0.05075266248917672,-0.03373439332464789,0.11321390618567484,2.0748249111683363,5.477981516388961
20.212580680847168,0.04910894550714545,-0.03767931436816083,0.11124144590595697,2.0754823976875008,5.480940220312513
20.231670141220093,0.0481227153168597,-0.03735057094734806,0.11321390618567484,2.0748249111683363,5.482255199841075
20.250486612319946,0.046150254933884804,-0.03866554463116709,0.11518636646234318,2.0754823976875008,5.4862001384525705
20.269658088684082,0.04647899833126996,-0.041624235425302386,0.11420013632438991,2.0761398842068433,5.490145077102805
20.288804292678833,0.04450653794562165,-0.04458292622712487,0.11288516280593376,2.07581114094715,5.496391230044995
20.307856798171997,0.042205334158304866,-0.046226643342575896,0.1138713929449029,2.0754823976875008,5.500007423898121
20.326857089996338,0.04319156435340507,-0.04787036046040702,0.11420013632438991,2.0767973707263634,5.503952362684237
20.34886145591736,0.04121910396240021,-0.05115779470322057,0.11485762308311002,2.0771261139861905,5.509869770936374
20.372471570968628,0.04253407755676096,-0.05345899867887288,0.11485762308311002,2.077454857246062,5.515129689456312
20.394733667373657,0.04056161716468322,-0.0531302552534928,0.1165013399784302,2.078112343765939,5.5177596487422855
20.415260076522827,0.04056161716468322,-0.05247276840301965,0.1174875701146082,2.077783600505978,5.517102158919166
20.43499732017517,0.03957538696743651,-0.051486538128027004,0.1165013399784302,2.077783600505978,5.519403373304828
20.45699715614319,0.042205334158304866,-0.050171564429374454,0.11321390618567484,2.077783600505978,5.520060863131744
20.478583335876465,0.04352030775159314,-0.0508290512785097,0.10992647238444858,2.077454857246062,5.5177596487422855
20.49991250038147,0.04582151153641051,-0.049842821004949994,0.11058395914537254,2.078112343765939,5.513485964911386
20.522459268569946,0.0487802021104725,-0.049185334156387484,0.11189893266620206,2.078112343765939,5.5111847505598615
20.545968770980835,0.05009517569663083,-0.04951407758062101,0.11255641942610795,2.077783600505978,5.507239811702386
20.56867241859436,0.049766432300224595,-0.05641768951160167,0.11354264956533121,2.077454857246062,5.503952362684237
20.590674877166748,0.05042391909294819,-0.049185334156387484,0.11485762308311002,2.0771261139861905,5.499678679001033
20.613914251327515,0.05042391909294819,-0.04787036046040702,0.11420013632438991,2.077454857246062,5.494090015791816
20.635914087295532,0.05141014928136732,-0.046884130189422585,0.11189893266620206,2.078112343765939,5.48883009754842
20.658326864242554,0.05206763607320282,-0.046884130189422585,0.11157018928612192,2.077454857246062,5.479953985668912
20.68013906478882,0.05141014928136732,-0.046884130189422585,0.11157018928612192,2.078112343765939,5.473379088106657
20.703146934509277,0.04910894550714545,-0.046884130189422585,0.11354264956533121,2.077454857246062,5.465489211173535
20.727026224136353,0.05141014928136732,-0.04754161703665025,0.11321390618567484,2.077783600505978,5.457270589532135
20.750024795532227,0.05141014928136732,-0.04819910388425913,0.11452887970379227,2.077454857246062,5.452668161485898
20.77282738685608,0.05108140588531643,-0.049185334156387484,0.11354264956533121,2.077783600505978,5.445435774661729
20.795814752578735,0.05108140588531643,-0.050171564429374454,0.11452887970379227,2.077783600505978,5.440833346749845
20.818599700927734,0.05042391909294819,-0.05050030785389431,0.11288516280593376,2.077454857246062,5.435244684355509
20.842750072479248,0.05108140588531643,-0.051486538128027004,0.10894024224242563,2.077783600505978,5.429656022037951
20.86546277999878,0.0487802021104725,-0.051815281552929,0.11157018928612192,2.077454857246062,5.422094890789154
20.88599157333374,0.04845145871371059,-0.04951407758062101,0.11189893266620206,2.077783600505978,5.411246311415927
20.90515947341919,0.04713648512577302,-0.05050030785389431,0.10236537460936332,2.077454857246062,5.400068987513995
20.923877239227295,0.04647899833126996,-0.051486538128027004,0.11452887970379227,2.077454857246062,5.387576684689709
20.942382335662842,0.04549276813884706,-0.05345899867887288,0.11584385322055575,2.0767973707263634,5.375413127040857
20.961913108825684,0.046150254933884804,-0.051815281552929,0.1138713929449029,2.077454857246062,5.357989653194828
20.982412576675415,0.04746522852289095,-0.051486538128027004,0.1138713929449029,2.0771261139861905,5.3382649667051645
21.00133466720581,0.049437688903729474,-0.05050030785389431,0.11255641942610795,2.0771261139861905,5.315910323145028
21.021124362945557,0.05239637946898745,-0.051486538128027004,0.11222767604619739,2.0764686274665807,5.289610744011772
21.044685125350952,0.04647899833126996,-0.0508290512785097,0.1138713929449029,2.0771261139861905,5.260023719445318
21.067991733551025,0.04779397191991984,-0.05050030785389431,0.11354264956533121,2.0764686274665807,5.229121718206726
21.090904474258423,0.04713648512577302,-0.0521440249779265,0.11485762308311002,2.0764686274665807,5.199205953172429
21.1155686378479,0.04779397191991984,-0.05247276840301965,0.11452887970379227,2.0761398842068433,5.16403027605521
21.13758111000061,0.04647899833126996,-0.05444522895558723,0.11420013632438991,2.0764686274665807,5.133128281677378
21.1595721244812,0.04680774172856603,-0.05477397238135012,0.11452887970379227,2.0761398842068433,5.106171224526191
21.183120250701904,0.04713648512577302,-0.057403919790902924,0.1138713929449029,2.0764686274665807,5.076912957035528
21.205880403518677,0.04647899833126996,-0.05773266321752854,0.11321390618567484,2.0754823976875008,5.0489696696494235
21.229584455490112,0.04713648512577302,-0.058718893497981234,0.11354264956533121,2.0754823976875008,5.017738938741894
21.25279951095581,0.04680774172856603,-0.058718893497981234,0.11354264956533121,2.0751536544278966,4.98913816600745
21.274924278259277,0.04647899833126996,-0.06003386720659601,0.11518636646234318,2.0751536544278966,4.962509861966208
21.297658681869507,0.04680774172856603,-0.06003386720659601,0.1138713929449029,2.0751536544278966,4.936867792862523
21.318217992782593,0.04647899833126996,-0.06200632777240203,0.11420013632438991,2.0748249111683363,4.914184425221295
