Time (s),Button (a19),Right Foot Force (ai18),Handle Force (ai20),Handle Position (ai21),Seat Position (ai22)
0.029997587203979492,-2.269850452934516,-0.02551580786093824,1.6826342280354143,2.590951897364478,5.537813088869161
0.049602508544921875,-2.2682067301255335,-0.02617329469587215,1.6855929170335373,2.589308180585593,5.537484343940889
0.07241415977478027,-2.2682067301255335,-0.024200834192196347,1.682305484813494,2.5876644638086663,5.534196894673149
0.09495687484741211,-2.271822920313268,-0.024858321026379693,1.6790180525953098,2.585034516969649,5.535511874376978
0.11908102035522461,-2.2744528768318086,-0.025187064443612045,1.682962971257353,2.582733313489605,5.534854384524519
0.14478087425231934,-2.276096599663757,-0.025187064443612045,1.682962971257353,2.580432110013377,5.534525639598698
0.16650962829589844,-2.2793840453458083,-0.02617329469587215,1.680004282260571,2.578788393246975,5.533868149747872
0.19096040725708008,-2.2777403225017565,-0.024529577609241127,1.681976741591592,2.576815933129853,5.535840619303615
0.2135167121887207,-2.2849727030608973,-0.024529577609241127,1.683949200923282,2.5738572429593987,5.53715559901289
0.23691534996032715,-2.2879314042325567,-0.024529577609241127,1.681976741591592,2.569912322741862,5.539128068584973
0.2619211673736572,-2.2928625728956984,-0.025844551278358247,1.682305484813494,2.566953632585991,5.541100538166867
0.28548765182495117,-2.2958212741198354,-0.026502038113479925,1.6842779441452955,2.564652429135728,5.546689202035548
0.30950474739074707,-2.2961500187015114,-0.026502038113479925,1.6803330254823616,2.5613649956418683,5.548990416592638
0.3349618911743164,-2.2974649970306484,-0.025844551278358247,1.6846066873673278,2.559721278897807,5.551949121042849
0.35916996002197266,-2.298451230780057,-0.02715952494897722,1.6826342280354143,2.5580775621556553,5.558852764846142
0.3838183879852295,-2.2997662091160107,-0.027817011784850326,1.6826342280354143,2.5564338454154094,5.56181146937022
0.40702366828918457,-2.2964787632834307,-0.02748826836686677,1.6832917144793107,2.5541326419822625,5.563783939065267
0.4298088550567627,-2.3007524428705333,-0.02748826836686677,1.682305484813494,2.5531464119406255,5.5683863683920976
0.45498061180114746,-2.3007524428705333,-0.026830781531181624,1.6859216602556448,2.552160181899672,5.568715113346071
0.4779832363128662,-2.3066698454437358,-0.027817011784850326,1.684935430589379,2.551173951859401,5.57167381794419
0.5018391609191895,-2.308971057576882,-0.026502038113479925,1.6832917144793107,2.550187721819812,5.57167381794419
0.5258927345275879,-2.309628546759978,-0.02748826836686677,1.681647998369709,2.5498589784734342,5.573317542730535
0.5493729114532471,-2.3060123562650334,-0.027817011784850326,1.6826342280354143,2.548215261742679,5.572988797772717
0.5720739364624023,-2.308313568394763,-0.026502038113479925,1.686250403477771,2.548215261742679,5.572988797772717
0.5949525833129883,-2.312258503502133,-0.02715952494897722,1.683620457701287,2.5469002883594354,5.572988797772717
0.6171350479125977,-2.304368633322547,-0.02715952494897722,1.684935430589379,2.5469002883594354,5.572660052815173
0.6377232074737549,-2.3030536549729472,-0.026502038113479925,1.683620457701287,2.54525657163208,5.57200256290091
0.6587276458740234,-2.299108719947547,-0.02617329469587215,1.682305484813494,2.54525657163208,5.571016328031575
0.681462287902832,-2.297793741613541,-0.026830781531181624,1.683620457701287,2.54525657163208,5.570030093164712
0.7049732208251953,-2.2954925295384028,-0.02617329469587215,1.6846066873673278,2.5455853149774,5.56970134820964
0.7290403842926025,-2.2974649970306484,-0.02748826836686677,1.683620457701287,2.5442703415965724,5.571016328031575
0.7517075538635254,-2.297793741613541,-0.02715952494897722,1.6803330254823616,2.543284111561742,5.571016328031575
0.7751505374908447,-2.2968075078655934,-0.026502038113479925,1.682962971257353,2.542297881527589,5.56970134820964
0.7966806888580322,-2.297136252447999,-0.027817011784850326,1.6809905119259982,2.5426266248722316,5.5690438583003194
0.8186798095703125,-2.29877997536368,-0.026502038113479925,1.6803330254823616,2.5426266248722316,5.567071388578945
0.8411953449249268,-2.3007524428705333,-0.02617329469587215,1.680004282260571,2.5426266248722316,5.568057623438397
0.8642921447753906,-2.305354867087307,-0.027817011784850326,1.682305484813494,2.5416403948385304,5.5683863683920976
0.8891825675964355,-2.308971057576882,-0.026502038113479925,1.681647998369709,2.5413116514941136,5.568715113346071
0.913179874420166,-2.3069985900334533,-0.02617329469587215,1.6813192551478444,2.542297881527589,5.5683863683920976
0.9376850128173828,-2.310614780536454,-0.025844551278358247,1.6826342280354143,2.5439415982515534,5.5690438583003194
0.9627668857574463,-2.314888460259929,-0.024858321026379693,1.681976741591592,2.54361285490661,5.5690438583003194
0.9865474700927734,-2.320148373822488,-0.024858321026379693,1.683949200923282,2.54361285490661,5.570030093164712
1.010545015335083,-2.3194908846237414,-0.025187064443612045,1.6806617687041707,2.5419691381830223,5.57167381794419
1.0340757369995117,-2.322120841424607,-0.024200834192196347,1.682962971257353,2.5396679347731568,5.57068758307568
1.0550963878631592,-2.325737032051406,-0.024858321026379693,1.6826342280354143,2.539996678117198,5.571345072987746
1.0756258964538574,-2.323764564433111,-0.024858321026379693,1.682305484813494,2.540982908149772,5.571345072987746
1.0964841842651367,-2.322778330627273,-0.025187064443612045,1.682962971257353,2.5439415982515534,5.57167381794419
1.1194794178009033,-2.3273807550733974,-0.024529577609241127,1.6813192551478444,2.547557775050906,5.57167381794419
1.1432151794433594,-2.3273807550733974,-0.025844551278358247,1.681647998369709,2.551173951859401,5.573317542730535
1.1662263870239258,-2.3273807550733974,-0.025187064443612045,1.6813192551478444,2.5557763587198443,5.573646287688628
1.187795877456665,-2.3270520104685084,-0.024529577609241127,1.681976741591592,2.558406305503933,5.575290012483215
1.2097904682159424,-2.320477118422229,-0.026502038113479925,1.6813192551478444,2.560050022246467,5.5759475024029745
1.2322397232055664,-2.3198196292229922,-0.02551580786093824,1.6826342280354143,2.560050022246467,5.5759475024029745
1.2528746128082275,-2.3217920968236414,-0.02551580786093824,1.6842779441452955,2.560050022246467,5.577262482245792
1.2761924266815186,-2.3198196292229922,-0.02551580786093824,1.684935430589379,2.558735048852287,5.577262482245792
1.2969725131988525,-2.317847161631159,-0.03307690648538475,1.684935430589379,2.5577488188074535,5.577919972168851
1.3170571327209473,-2.316532183241499,-0.026502038113479925,1.6852641738114487,2.5564338454154094,5.577919972168851
1.3388152122497559,-2.3152172048557538,-0.025844551278358247,1.682305484813494,2.5544613853296267,5.57857746209301
1.3598809242248535,-2.313244737284473,-0.02617329469587215,1.681647998369709,2.551831438552839,5.577919972168851
1.3829102516174316,-2.3086423129857003,-0.026502038113479925,1.681647998369709,2.548215261742679,5.5769337372846755
1.4048993587493896,-2.305354867087307,-0.026502038113479925,1.6855929170335373,2.5449278282868355,5.574303777605639
1.426898717880249,-2.3017386766272487,-0.027817011784850326,1.681647998369709,2.5413116514941136,5.573975032646996
1.4517242908477783,-2.298451230780057,-0.026502038113479925,1.683620457701287,2.537366731366968,5.572988797772717
1.472754955291748,-2.292533828316455,-0.026502038113479925,1.681647998369709,2.535723014650509,5.572660052815173
1.4936859607696533,-2.290232616268554,-0.027817011784850326,1.681976741591592,2.5344080412786876,5.571345072987746
1.5146896839141846,-2.2899038716912545,-0.02617329469587215,1.681976741591592,2.5344080412786876,5.5690438583003194
1.5361981391906738,-2.2879314042325567,-0.02617329469587215,1.6809905119259982,2.5353942713074415,5.566742643626344
1.5551378726959229,-2.2859589367825994,-0.03373439332464789,1.6806617687041707,2.5360517579936515,5.564770173916491
1.575331687927246,-2.285630192208456,-0.02617329469587215,1.6803330254823616,2.5367092446801602,5.56279770421651
1.596817970275879,-2.2853014476345557,-0.02617329469587215,1.681976741591592,2.5370379880235268,5.561153979474063
1.6168289184570312,-2.2872739150816,-0.025187064443612045,1.682962971257353,2.5367092446801602,5.557537785064783
1.639904499053955,-2.286945170506486,-0.024858321026379693,1.6826342280354143,2.5363805013368683,5.555894060344243
1.659179925918579,-2.2793840453458083,-0.025187064443612045,1.6806617687041707,2.5353942713074415,5.554250335630543
1.6816956996917725,-2.276425344230873,-0.025187064443612045,1.6813192551478444,2.535065527964449,5.553592845746977
1.7034778594970703,-2.275110365963862,-0.02715952494897722,1.6813192551478444,2.534079297935919,5.551949121042849
1.7273883819580078,-2.2724804094414526,-0.026502038113479925,1.681976741591592,2.5337505545932255,5.552935355864506
1.7499034404754639,-2.2777403225017565,-0.03274816306589473,1.6806617687041707,2.5327643245655915,5.554250335630543
1.7717950344085693,-2.2678779855644615,-0.02617329469587215,1.6806617687041707,2.530791864512337,5.554250335630543
1.7953088283538818,-2.2639330508504263,-0.027817011784850326,1.682962971257353,2.529148147803339,5.555894060344243
1.8183090686798096,-2.262289328063165,-0.02715952494897722,1.6806617687041707,2.52783317443748,5.556551550231638
1.8414766788482666,-2.264590539967019,-0.02847449862109938,1.6806617687041707,2.5268469444138644,5.558524019900392
1.8644771575927734,-2.2662342627627234,-0.02748826836686677,1.6796755390387987,2.525203227709323,5.5595102547384645
1.8851041793823242,-2.2659055182030996,-0.026502038113479925,1.682305484813494,2.523888254347023,5.5595102547384645
1.9056260585784912,-2.266563007322588,-0.026830781531181624,1.6790180525953098,2.5232307676663175,5.560825234526395
1.9276230335235596,-2.2659055182030996,-0.02617329469587215,1.6796755390387987,2.5232307676663175,5.560825234526395
1.9491333961486816,-2.267549241003631,-0.02715952494897722,1.6809905119259982,2.523888254347023,5.561153979474063
1.9702236652374268,-2.2685354746868467,-0.02748826836686677,1.682962971257353,2.524874484368637,5.560825234526395
1.9907362461090088,-2.269850452934516,-0.026830781531181624,1.6770455932652828,2.526518201072808,5.559838999685036
2.013751268386841,-2.269850452934516,-0.02847449862109938,1.6826342280354143,2.528819404461763,5.560825234526395
2.035410165786743,-2.269850452934516,-0.028145755202927836,1.6806617687041707,2.5324355812231962,5.562140214318709
2.058478355407715,-2.270179197497037,-0.02748826836686677,1.680004282260571,2.5363805013368683,5.56279770421651
2.0807580947875977,-2.271822920313268,-0.028145755202927836,1.6826342280354143,2.540982908149772,5.562140214318709
2.101754665374756,-2.2724804094414526,-0.026830781531181624,1.6846066873673278,2.5442703415965724,5.563455194115407
2.1247620582580566,-2.2737953877007224,-0.026830781531181624,1.6826342280354143,2.5449278282868355,5.564441428965809
2.147374391555786,-2.2754391105302516,-0.02748826836686677,1.6826342280354143,2.54361285490661,5.564112684015401
2.169501543045044,-2.2757678550968836,-0.02748826836686677,1.683620457701287,2.542297881527589,5.568057623438397
2.1909372806549072,-2.2744528768318086,-0.028145755202927836,1.681647998369709,2.5439415982515534,5.570030093164712
2.214935779571533,-2.273137898570604,-0.028803242039364962,1.681647998369709,2.54525657163208,5.572988797772717
2.2384755611419678,-2.278726556207461,-0.02847449862109938,1.682305484813494,2.5495302351271314,5.576604992323833
2.2616639137268066,-2.2783978116386505,-0.03011821571336812,1.683949200923282,2.5557763587198443,5.57857746209301
2.2862625122070312,-2.2774115779336723,-0.028803242039364962,1.6846066873673278,2.5649811724855356,5.581864911730315
2.309781074523926,-2.276096599663757,-0.029460728876178344,1.68690788992208,2.5745147296634023,5.582851146626874
2.3325374126434326,-2.2790553007765135,-0.030446959132104184,1.6859216602556448,2.5870069770984436,5.585809851331424
2.356567144393921,-2.279712789915345,-0.029460728876178344,1.688551606033184,2.5998279680043965,5.588439811087541
2.379063367843628,-2.2839864693413787,-0.029789472294726144,1.687236633144263,2.6106764988647697,5.591398515834269
2.400575876235962,-2.2866164259316144,-0.029460728876178344,1.6878941195886856,2.6231687466297493,5.594028475627902
2.419593095779419,-2.2895751271141975,-0.029131985457724635,1.689537835700074,2.634017277677851,5.5960009454847235
2.44109845161438,-2.2918763391586965,-0.029131985457724635,1.690852808589528,2.6435508353385933,5.597315925394796
2.463125705718994,-2.2899038716912545,-0.029131985457724635,1.69151029503437,2.6534131364394145,5.600603375189324
2.4824090003967285,-2.2899038716912545,-0.032090676227197606,1.690852808589528,2.6622892074936395,5.599617140248062
2.502790927886963,-2.2912188500019104,-0.029789472294726144,1.6944689840371108,2.6685353316051295,5.601918355114877
2.521789073944092,-2.2905613608460964,-0.029131985457724635,1.692825267924284,2.673795225617132,5.602904590061946
2.541320323944092,-2.290232616268554,-0.03143318938887754,1.693482754369357,2.680698836540482,5.603562080028043
2.561307191848755,-2.2879314042325567,-0.030446959132104184,1.6951264704823772,2.68825993426111,5.6052058049481275
2.5834083557128906,-2.285630192208456,-0.03011821571336812,1.6967701865958833,2.6964785187909546,5.605534549932974
2.606440305709839,-2.2839864693413787,-0.032090676227197606,1.6987426459327362,2.705683333527734,5.6061920399035
2.6266157627105713,-2.281685257337655,-0.030446959132104184,1.6957839569277213,2.714559404944882,5.608821999796681
2.649815559387207,-2.27708283336583,-0.030446959132104184,1.6977564162642216,2.7231067330358387,5.610136979749921
2.670464277267456,-2.2691929638101986,-0.032090676227197606,1.7000576188243646,2.731982804577244,5.610136979749921
2.691981792449951,-2.260316860726408,-0.032090676227197606,1.699400132378511,2.73987264600104,5.612766939669707
2.7135679721832275,-2.253084480565815,-0.03307690648538475,1.6964414433731432,2.7497349478522755,5.612438194678763
2.7331230640411377,-2.2478245677948707,-0.032419419646499026,1.7013725917163092,2.7582822761880212,5.614081919636256
2.7521233558654785,-2.2419071660010395,-0.035706853844703124,1.7000576188243646,2.7655146309808556,5.6130956846609275
2.7716422080993652,-2.23138734078151,-0.033405649904969165,1.7007151052702973,2.772746985817204,5.613424429652426
2.7924764156341553,-2.2188950486512193,-0.035049367004306886,1.7010438484932933,2.7806368275067554,5.614081919636256
2.8134765625,-2.2110051801146797,-0.03373439332464789,1.703345051054822,2.786882952214769,5.612109449688097
2.836249589920044,-2.206074012348896,-0.035049367004306886,1.7049887671707982,2.79378656377251,5.611780704697708
2.858311891555786,-2.2093614575201457,-0.033405649904969165,1.7036737942779772,2.8013476621917146,5.610136979749921
2.8809056282043457,-2.212648902715157,-0.03274816306589473,1.706961226510633,2.8085800172470567,5.609150744784575
2.9034361839294434,-2.2149501143658146,-0.03274816306589473,1.706632483287277,2.8158123723472848,5.610794469728204
2.9254331588745117,-2.2165938369805662,-0.035378110424457765,1.705974996840625,2.824030957743231,5.6130956846609275
2.949199914932251,-2.2185663041261257,-0.03472062358425049,1.7072899697340096,2.8315920563592476,5.613424429652426
2.972233533859253,-2.228099895450644,-0.035049367004306886,1.7082761994042603,2.8394818984465173,5.615396899607243
2.9957618713378906,-2.233359807991503,-0.03406313674442102,1.707947456180823,2.850659174830335,5.6180268595625416
3.017777681350708,-2.229414873580123,-0.03406313674442102,1.7099199155217515,2.8624939381806214,5.621971799528818
3.036813974380493,-2.230729851713425,-0.03439188016428854,1.7109061451924907,2.8733424713613194,5.624273014527627
3.058807611465454,-2.230072362646296,-0.03406313674442102,1.7109061451924907,2.8835335177787953,5.625259249531287
3.0805578231811523,-2.2304011071797407,-0.03472062358425049,1.7125498613107992,2.8940533077275576,5.628546699561575
3.1017048358917236,-2.236975997898859,-0.03373439332464789,1.7109061451924907,2.903258124015329,5.6298616795814835
3.1237025260925293,-2.2317160853159113,-0.035378110424457765,1.7125498613107992,2.9137779141535396,5.631176659605849
3.1462154388427734,-2.2244837056142783,-0.035706853844703124,1.7135360909820314,2.924626447840469,5.6324916396346705
3.168569803237915,-2.2221824939152617,-0.036693084106006385,1.7148510638772967,2.935803725086799,5.633477874659213
3.1900689601898193,-2.2202100267539757,-0.03603559726504299,1.7151798071011648,2.9456660286364875,5.632162894627047
3.210991859436035,-2.2188950486512193,-0.03636434068547742,1.7151798071011648,2.953555871542154,5.6324916396346705
3.230565071105957,-2.214621369843578,-0.035378110424457765,1.7178097528928584,2.9627606883399173,5.631176659605849
3.2505719661712646,-2.208046479448796,-0.035706853844703124,1.7174810096688238,2.97032178791269,5.631834149619702
3.2717251777648926,-2.1985128885450798,-0.035706853844703124,1.7181384961169144,2.978211631003464,5.629204189570973
3.291934013366699,-2.1870068308231176,-0.035706853844703124,1.7187959825650885,2.986430217620002,5.627889209553291
3.3129401206970215,-2.183719385812873,-0.036693084106006385,1.7178097528928584,2.9946488043018213,5.624601759528568
3.335458517074585,-2.1824044078153824,-0.035706853844703124,1.723727130929084,3.0035248779918997,5.622300544527813
3.356860637664795,-2.1768157513681277,-0.03636434068547742,1.718467239340991,3.011414721336568,5.618684349554143
3.378932237625122,-2.171227094988925,-0.035706853844703124,1.721097185134361,3.019633308218918,5.613753174644202
3.4004409313201904,-2.160707271400547,-0.035049367004306886,1.721097185134361,3.02883812560629,5.610465724738924
3.4227709770202637,-2.159392293468892,-0.035378110424457765,1.7197822122375075,3.039029173526116,5.6068495298751335
3.4450716972351074,-2.1515024259576463,-0.03636434068547742,1.7217546715829144,3.048233991091205,5.603562080028043
3.4670798778533936,-2.1459137698853477,-0.03636434068547742,1.720439698685892,3.0571100652523966,5.598959650288604
3.4867351055145264,-2.141640091757939,-0.035378110424457765,1.721097185134361,3.0636849350526822,5.596329690461827
3.5067524909973145,-2.1452562809401026,-0.035049367004306886,1.7220834148072228,3.0682873439389406,5.593699730652733
3.5267045497894287,-2.142626325168457,-0.035378110424457765,1.7233983877046695,3.0725610093526,5.590412280916211
3.5487160682678223,-2.1429550696390964,-0.03603559726504299,1.721425928358627,3.073547239835316,5.588439811087541
3.5708367824554443,-2.1442700475239853,-0.03439188016428854,1.7233983877046695,3.076177187794076,5.5864673412688
3.59187650680542,-2.1413113472882324,-0.0429392091140513,1.7201109554616891,3.079135879256123,5.585809851331424
3.6120247840881348,-2.1386813915389724,-0.03472062358425049,1.7224121580315526,3.080779596738907,5.586138596299975
3.635843276977539,-2.1406538583495194,-0.03472062358425049,1.7224121580315526,3.083738288214891,5.585809851331424
3.6577067375183105,-2.139667624943197,-0.03636434068547742,1.7224121580315526,3.0834095447171164,5.585809851331424
3.6822996139526367,-2.1419688362278784,-0.035049367004306886,1.723727130929084,3.0834095447171164,5.586796086237901
3.7062554359436035,-2.139667624943197,-0.035378110424457765,1.7247133606024567,3.082423314224457,5.587124831207278
3.7287721633911133,-2.135722691338876,-0.035378110424457765,1.721097185134361,3.080779596738907,5.588111066117062
3.7487828731536865,-2.1334214800851696,-0.03472062358425049,1.7220834148072228,3.076505931289417,5.587124831207278
3.7735304832458496,-2.128161568690917,-0.035378110424457765,1.7220834148072228,3.0715747788708745,5.5864673412688
3.796942710876465,-2.1258603574746346,-0.035706853844703124,1.7247133606024567,3.064999909017991,5.587124831207278
3.82092547416687,-2.1232304018128096,-0.035049367004306886,1.721097185134361,3.058096295719653,5.5897547909722185
3.844595432281494,-2.1261891019334067,-0.03439188016428854,1.7220834148072228,3.051521425956474,5.588768556058297
3.868133068084717,-2.126846590851648,-0.03439188016428854,1.721425928358627,3.0446178127519428,5.588111066117062
3.891193389892578,-2.1291478020728074,-0.03406313674442102,1.720768441910116,3.036399225665936,5.58745357617693
3.916191816329956,-2.135065202408082,-0.036693084106006385,1.718467239340991,3.026865664730506,5.588111066117062
3.939882278442383,-2.141640091757939,-0.03406313674442102,1.720439698685892,3.0160171299824934,5.589426046000635
3.9638912677764893,-2.1455850254126085,-0.03439188016428854,1.7201109554616891,3.0068123127114377,5.593699730652733
3.986591339111328,-2.14952995910089,-0.03439188016428854,1.718467239340991,2.9995799563423886,5.598302160330252
4.010020971298218,-2.1534748928228207,-0.03636434068547742,1.71715226644481,2.995963778176993,5.598959650288604
4.032156229019165,-2.153803637301168,-0.035378110424457765,1.71715226644481,2.994977547770457,5.605863294918098
4.051355361938477,-2.156433593136374,-0.035706853844703124,1.7187959825650885,2.9946488043018213,5.610136979749921
4.0739734172821045,-2.160707271400547,-0.035049367004306886,1.71715226644481,2.9956350347080427,5.610136979749921
4.094529151916504,-2.1643234607319415,-0.03800805778906824,1.7194534690133467,2.994977547770457,5.612109449688097
4.115624666213989,-2.1623509938203904,-0.03603559726504299,1.720768441910116,2.9946488043018213,5.616054389594402
4.138080596923828,-2.159721037951454,-0.036693084106006385,1.7181384961169144,2.9953062912391974,5.618684349554143
4.161162614822388,-2.157091082097516,-0.03866554463116709,1.7174810096688238,2.994977547770457,5.6180268595625416
4.184710264205933,-2.157748571059595,-0.035706853844703124,1.718467239340991,2.9939913173648653,5.61901309455036
4.210709810256958,-2.1620222493359527,-0.035706853844703124,1.7187959825650885,2.9936625738965454,5.61901309455036
4.231764316558838,-2.159392293468892,-0.03472062358425049,1.7181384961169144,2.9926763434922132,5.620656819535613
4.254771709442139,-2.156433593136374,-0.035706853844703124,1.7201109554616891,2.99070388268638,5.620985564533497
4.279301881790161,-2.156104848656154,-0.035378110424457765,1.7181384961169144,2.987087704552141,5.61901309455036
4.302850246429443,-2.1574198265784386,-0.035378110424457765,1.718467239340991,2.985115243756978,5.618684349554143
4.3238677978515625,-2.159721037951454,-0.035378110424457765,1.7181384961169144,2.98182780910672,5.6180268595625416
4.345369577407837,-2.1820756633165996,-0.03439188016428854,1.7181384961169144,2.979526604857737,5.6193418395468555
4.368393898010254,-2.1649809497043355,-0.03472062358425049,1.7181384961169144,2.9768966571508537,5.620985564533497
4.391604900360107,-2.1643234607319415,-0.035706853844703124,1.7191247257892073,2.9745954529127814,5.621971799528818
4.414559364318848,-2.1649809497043355,-0.035378110424457765,1.718467239340991,2.971965505218347,5.620985564533497
4.437069892883301,-2.163008482789969,-0.03439188016428854,1.716823523220817,2.97032178791269,5.621971799528818
4.459367275238037,-2.1669534166271514,-0.03439188016428854,1.7158372935489634,2.9690068140700254,5.6226292895270875
4.478922605514526,-2.166624672139428,-0.03439188016428854,1.716823523220817,2.9670343533091272,5.622300544527813
4.4991278648376465,-2.1669534166271514,-0.03472062358425049,1.7187959825650885,2.9657193794705923,5.621971799528818
4.5192506313323975,-2.163008482789969,-0.03439188016428854,1.7187959825650885,2.9634181752571243,5.620328074538007
4.54078221321106,-2.160707271400547,-0.035049367004306886,1.718467239340991,2.959801997217576,5.619999329540678
4.56483793258667,-2.1639947162460964,-0.03439188016428854,1.7161660367728937,2.955199588821574,5.620985564533497
4.588507890701294,-2.167939650091729,-0.03439188016428854,1.7161660367728937,2.9509259239004004,5.619670584543628
4.612178325653076,-2.1685971390692886,-0.03603559726504299,1.7158372935489634,2.9473097459036577,5.620328074538007
4.635808229446411,-2.172213328462668,-0.03406313674442102,1.7145223206534492,2.944022311371861,5.621314309531659
4.659090280532837,-2.1755007733904326,-0.035049367004306886,1.716823523220817,2.941392363753745,5.6226292895270875
4.68314003944397,-2.1755007733904326,-0.03472062358425049,1.7141935774296226,2.9407348768502306,5.622958034526638
4.7064104080200195,-2.1774732403583887,-0.03406313674442102,1.7148510638772967,2.940406133398626,5.622958034526638
4.729937553405762,-2.1787882183417357,-0.03406313674442102,1.7145223206534492,2.939748646495721,5.6226292895270875
4.7539942264556885,-2.1817469188180523,-0.03439188016428854,1.713864834205817,2.9400773899471226,5.624601759528568
4.777595281600952,-2.1820756633165996,-0.03406313674442102,1.7161660367728937,2.939091159593221,5.625259249531287
4.80185866355896,-2.1817469188180523,-0.03472062358425049,1.713864834205817,2.9381049292402315,5.624601759528568
4.825808763504028,-2.1771444958631405,-0.035378110424457765,1.7128786045345228,2.9364612119872735,5.623944269526962
4.849907398223877,-2.1774732403583887,-0.035378110424457765,1.7158372935489634,2.9351462381867286,5.621971799528818
4.874681234359741,-2.1768157513681277,-0.033405649904969165,1.7151798071011648,2.934817494736845,5.620656819535613
4.898367166519165,-2.173199561938527,-0.033405649904969165,1.7132073477582668,2.9335025209383208,5.61901309455036
4.923451662063599,-2.1735283064309505,-0.03636434068547742,1.7158372935489634,2.933173777488942,5.618355604558203
4.9481189250946045,-2.1748432844029972,-0.03373439332464789,1.7158372935489634,2.9335025209383208,5.617040624577222
4.9711644649505615,-2.173199561938527,-0.03406313674442102,1.7161660367728937,2.9325162905904882,5.615396899607243
4.995124816894531,-2.1695833725373896,-0.033405649904969165,1.7145223206534492,2.9325162905904882,5.614410664628586
5.020531415939331,-2.1702408615172986,-0.03406313674442102,1.71715226644481,2.9321875471414125,5.614739409621195
5.043643236160278,-2.1676109056033015,-0.035049367004306886,1.7122211180870965,2.9318588036924376,5.612438194678763
5.068753719329834,-2.164652205218021,-0.03439188016428854,1.7151798071011648,2.93120131679479,5.611451959707595
5.092529296875,-2.16333722727511,-0.03472062358425049,1.7155085503250536,2.930872573346118,5.610794469728204
5.116020202636719,-2.16333722727511,-0.03472062358425049,1.713864834205817,2.929557599552436,5.6098082347611955
5.139551877975464,-2.163665971760486,-0.03373439332464789,1.7122211180870965,2.9289001126561995,5.610794469728204
5.1625730991363525,-2.1623509938203904,-0.03439188016428854,1.7135360909820314,2.9282426257603658,5.607178274861365
5.182382106781006,-2.1623509938203904,-0.03406313674442102,1.7145223206534492,2.9279138823125996,5.608493254809064
5.202382564544678,-2.163665971760486,-0.03472062358425049,1.7148510638772967,2.9285713692082322,5.607178274861365
5.222387790679932,-2.159063548986564,-0.03439188016428854,1.7118923748634145,2.9282426257603658,5.605863294918098
5.245900869369507,-2.171227094988925,-0.035049367004306886,1.7141935774296226,2.9282426257603658,5.6068495298751335
5.269957065582275,-2.1616935048517494,-0.035049367004306886,1.7128786045345228,2.9282426257603658,5.606520784889178
5.292842626571655,-2.1613647603677806,-0.037021827526629913,1.713864834205817,2.9282426257603658,5.604219569995245
5.316843748092651,-2.159063548986564,-0.035378110424457765,1.7158372935489634,2.9279138823125996,5.605863294918098
5.340615510940552,-2.159392293468892,-0.03406313674442102,1.7135360909820314,2.9282426257603658,5.605534549932974
5.3636345863342285,-2.158077315540986,-0.03472062358425049,1.7112348884161113,2.9272563954173694,5.6052058049481275
5.3871777057647705,-2.159721037951454,-0.03439188016428854,1.7135360909820314,2.9285713692082322,5.6045483149792625
5.4092676639556885,-2.159063548986564,-0.035706853844703124,1.7132073477582668,2.9282426257603658,5.604877059963557
5.433788537979126,-2.162679738305062,-0.03406313674442102,1.7122211180870965,2.9279138823125996,5.604219569995245
5.456257581710815,-2.166624672139428,-0.03439188016428854,1.7125498613107992,2.9279138823125996,5.605534549932974
5.48180890083313,-2.1662959276519405,-0.03439188016428854,1.7122211180870965,2.9272563954173694,5.607178274861365
5.504810810089111,-2.167939650091729,-0.03472062358425049,1.713864834205817,2.9289001126561995,5.6068495298751335
5.525809049606323,-2.1682683945803913,-0.03439188016428854,1.7148510638772967,2.9285713692082322,5.60783576483466
5.547316789627075,-2.1692546280477876,-0.03472062358425049,1.7145223206534492,2.9279138823125996,5.608493254809064
5.571334600448608,-2.172213328462668,-0.03406313674442102,1.713864834205817,2.9275851388649348,5.608821999796681
5.594069242477417,-2.1738570509236093,-0.035378110424457765,1.7122211180870965,2.9275851388649348,5.611123214717761
5.617976427078247,-2.1748432844029972,-0.03472062358425049,1.7161660367728937,2.9282426257603658,5.609479489772746
5.640496492385864,-2.176487006873351,-0.03373439332464789,1.7132073477582668,2.9279138823125996,5.610465724738924
5.664511203765869,-2.178130729349591,-0.03439188016428854,1.713864834205817,2.9279138823125996,5.6098082347611955
5.688138484954834,-2.1814181743197407,-0.03406313674442102,1.7132073477582668,2.9282426257603658,5.610136979749921
5.711138010025024,-2.180431940826221,-0.03406313674442102,1.7148510638772967,2.9275851388649348,5.6098082347611955
5.734875679016113,-2.1794457073348226,-0.03373439332464789,1.7135360909820314,2.9279138823125996,5.610465724738924
5.760037899017334,-2.1787882183417357,-0.03439188016428854,1.7132073477582668,2.9275851388649348,5.610136979749921
5.784093141555786,-2.1791169628381613,-0.03406313674442102,1.7115636316397527,2.9265989085225415,5.609479489772746
5.809208154678345,-2.176487006873351,-0.03406313674442102,1.7135360909820314,2.9259414216281154,5.609150744784575
5.831296682357788,-2.175829517884503,-0.03472062358425049,1.7125498613107992,2.924626447840469,5.608164509821724
5.855893135070801,-2.1728708174463387,-0.035706853844703124,1.7155085503250536,2.9229827306081693,5.610136979749921
5.87950587272644,-2.170898350498148,-0.03603559726504299,1.7112348884161113,2.9219965002699926,5.609479489772746
5.899032831192017,-2.172213328462668,-0.03439188016428854,1.7145223206534492,2.9210102699327183,5.6098082347611955
5.920033693313599,-2.1735283064309505,-0.03472062358425049,1.7141935774296226,2.9200240395963446,5.609479489772746
5.94156551361084,-2.171884583971185,-0.03406313674442102,1.7135360909820314,2.919695296151087,5.608821999796681
5.96421217918396,-2.1699121170272266,-0.03472062358425049,1.7099199155217515,2.919695296151087,5.608821999796681
5.986804246902466,-2.1695833725373896,-0.037021827526629913,1.7145223206534492,2.9193665527059296,5.6098082347611955
6.009796619415283,-2.170898350498148,-0.03406313674442102,1.7109061451924907,2.9190378092608724,5.608821999796681
6.0337910652160645,-2.1699121170272266,-0.03439188016428854,1.7122211180870965,2.9193665527059296,5.608493254809064
6.057345628738403,-2.170569606007606,-0.03439188016428854,1.7112348884161113,2.9193665527059296,5.608164509821724
6.080122947692871,-2.1685971390692886,-0.03406313674442102,1.7118923748634145,2.9203527830417024,5.605863294918098
6.1036458015441895,-2.1699121170272266,-0.03373439332464789,1.7135360909820314,2.919695296151087,5.607178274861365
6.128100156784058,-2.1702408615172986,-0.03439188016428854,1.7132073477582668,2.9213390133783763,5.60783576483466
6.151710033416748,-2.170898350498148,-0.035706853844703124,1.7155085503250536,2.9219965002699926,5.60783576483466
6.175371170043945,-2.1695833725373896,-0.03472062358425049,1.7128786045345228,2.9223252437159513,5.6075070198478745
6.199362277984619,-2.171227094988925,-0.03603559726504299,1.713864834205817,2.923311474054428,5.607178274861365
6.222365379333496,-2.1745145399096324,-0.03406313674442102,1.7155085503250536,2.923311474054428,5.6068495298751335
6.246742486953735,-2.1755007733904326,-0.03373439332464789,1.713864834205817,2.9236402175007883,5.6061920399035
6.271759271621704,-2.174185795416503,-0.03373439332464789,1.7132073477582668,2.9236402175007883,5.6075070198478745
6.295406341552734,-2.1735283064309505,-0.03406313674442102,1.7132073477582668,2.9242977043938083,5.606520784889178
6.3209943771362305,-2.1768157513681277,-0.033405649904969165,1.7155085503250536,2.9252839347340913,5.608164509821724
6.343625545501709,-2.1791169628381613,-0.03439188016428854,1.7122211180870965,2.926270165075278,5.6068495298751335
6.366634845733643,-2.1801031963288526,-0.03603559726504299,1.7125498613107992,2.9282426257603658,5.608821999796681
6.390158414840698,-2.1787882183417357,-0.033405649904969165,1.7128786045345228,2.9298863430007054,5.6068495298751335
6.412657022476196,-2.181089429821665,-0.035049367004306886,1.7141935774296226,2.929557599552436,5.607178274861365
6.436275482177734,-2.1856918528161873,-0.03373439332464789,1.7141935774296226,2.9302150864490755,5.608164509821724
6.4601922035217285,-2.1814181743197407,-0.03373439332464789,1.7151798071011648,2.929557599552436,5.609479489772746
6.484251260757446,-2.1820756633165996,-0.03406313674442102,1.7135360909820314,2.929557599552436,5.609479489772746
6.508972883224487,-2.184705619313468,-0.03439188016428854,1.71715226644481,2.9298863430007054,5.609150744784575
6.530285835266113,-2.184705619313468,-0.03373439332464789,1.7118923748634145,2.9289001126561995,5.609479489772746
6.5522141456604,-2.1840481303128354,-0.033405649904969165,1.7132073477582668,2.9289001126561995,5.609150744784575
6.57574200630188,-2.1814181743197407,-0.03439188016428854,1.7125498613107992,2.9279138823125996,5.610465724738924
6.599280834197998,-2.1807606853238255,-0.035049367004306886,1.7118923748634145,2.9285713692082322,5.609150744784575
6.621417760848999,-2.1820756633165996,-0.03406313674442102,1.7141935774296226,2.9285713692082322,5.608493254809064
6.643957614898682,-2.177801984853872,-0.035706853844703124,1.7112348884161113,2.9282426257603658,5.6068495298751335
6.666292905807495,-2.178130729349591,-0.03472062358425049,1.7158372935489634,2.9285713692082322,5.6045483149792625
6.688403367996216,-2.1784594738455456,-0.03406313674442102,1.713864834205817,2.9282426257603658,5.603233335044855
6.7114012241363525,-2.1748432844029972,-0.035378110424457765,1.7132073477582668,2.9279138823125996,5.602247100096956
6.732402086257935,-2.1715558394799377,-0.03439188016428854,1.7145223206534492,2.9275851388649348,5.599617140248062
6.753934383392334,-2.170569606007606,-0.03406313674442102,1.7135360909820314,2.9272563954173694,5.597973415351491
6.774961233139038,-2.170569606007606,-0.03406313674442102,1.7112348884161113,2.926270165075278,5.595672200507896
6.79805850982666,-2.1692546280477876,-0.03373439332464789,1.713864834205817,2.925612678181053,5.594028475627902
6.82027530670166,-2.170569606007606,-0.03373439332464789,1.7148510638772967,2.9252839347340913,5.591727260807508
6.845061779022217,-2.1649809497043355,-0.03636434068547742,1.7125498613107992,2.92495519128723,5.591069770861307
6.865097999572754,-2.162679738305062,-0.033405649904969165,1.713864834205817,2.924626447840469,5.590083535944077
6.885757207870483,-2.1653096941908845,-0.03274816306589473,1.7118923748634145,2.9242977043938083,5.589097301029328
6.905863285064697,-2.163008482789969,-0.03274816306589473,1.7115636316397527,2.92495519128723,5.587782321146858
6.926283597946167,-2.1649809497043355,-0.03373439332464789,1.7122211180870965,2.9242977043938083,5.587782321146858
6.946264982223511,-2.1616935048517494,-0.033405649904969165,1.7135360909820314,2.9236402175007883,5.587124831207278
6.9662697315216064,-2.159392293468892,-0.03373439332464789,1.7125498613107992,2.923311474054428,5.5864673412688
6.987188100814819,-2.159392293468892,-0.033405649904969165,1.7141935774296226,2.9236402175007883,5.586138596299975
7.010416507720947,-2.159392293468892,-0.03274816306589473,1.7092624290746938,2.9236402175007883,5.587124831207278
7.030958414077759,-2.159063548986564,-0.03373439332464789,1.7118923748634145,2.9236402175007883,5.585809851331424
7.052403211593628,-2.158406060022611,-0.040638005159737284,1.7112348884161113,2.9229827306081693,5.5864673412688
7.07541823387146,-2.159392293468892,-0.03373439332464789,1.7109061451924907,2.9216677568241343,5.585481106363151
7.100146293640137,-2.1600497824342506,-0.03307690648538475,1.7122211180870965,2.919695296151087,5.586138596299975
7.123138666152954,-2.1603785269172815,-0.03373439332464789,1.7118923748634145,2.9187090658159147,5.587782321146858
7.146763801574707,-2.1620222493359527,-0.03406313674442102,1.7099199155217515,2.917722835481642,5.587124831207278
7.170673370361328,-2.1649809497043355,-0.03406313674442102,1.7115636316397527,2.9173940920370844,5.588768556058297
7.194111108779907,-2.1639947162460964,-0.035378110424457765,1.7109061451924907,2.917722835481642,5.591069770861307
7.217365741729736,-2.162679738305062,-0.03472062358425049,1.7112348884161113,2.917722835481642,5.589426046000635
7.242128372192383,-2.163008482789969,-0.03406313674442102,1.7109061451924907,2.917065348592627,5.592384750754812
7.266141653060913,-2.164652205218021,-0.036693084106006385,1.7125498613107992,2.9173940920370844,5.591069770861307
7.289530992507935,-2.167282161115109,-0.03406313674442102,1.7105774019688904,2.917722835481642,5.590083535944077
7.313527822494507,-2.1623509938203904,-0.037021827526629913,1.7109061451924907,2.9180515789263,5.590083535944077
7.337181329727173,-2.1610360158840467,-0.03636434068547742,1.7135360909820314,2.916407861704011,5.590083535944077
7.3611273765563965,-2.1603785269172815,-0.035378110424457765,1.7112348884161113,2.9154216313718355,5.592056005781022
7.386279582977295,-2.162679738305062,-0.03406313674442102,1.7072899697340096,2.914764144484218,5.589426046000635
7.409274578094482,-2.163665971760486,-0.03406313674442102,1.7128786045345228,2.9137779141535396,5.591069770861307
7.432263374328613,-2.166624672139428,-0.03373439332464789,1.7112348884161113,2.9137779141535396,5.588768556058297
7.455591440200806,-2.1689258835584204,-0.03439188016428854,1.7112348884161113,2.9131204272669184,5.589097301029328
7.477294683456421,-2.166624672139428,-0.03439188016428854,1.7105774019688904,2.9131204272669184,5.588768556058297
7.500041961669922,-2.165967183164687,-0.03373439332464789,1.7128786045345228,2.9131204272669184,5.587124831207278
7.522169351577759,-2.1656384386776684,-0.03439188016428854,1.713864834205817,2.913449170710179,5.5864673412688
7.543797254562378,-2.1656384386776684,-0.033405649904969165,1.7089336858511956,2.9127916838237575,5.585809851331424
7.565830230712891,-2.167939650091729,-0.03373439332464789,1.7122211180870965,2.9131204272669184,5.584166126492809
7.587862491607666,-2.1689258835584204,-0.03274816306589473,1.7118923748634145,2.912462940380696,5.585809851331424
7.610252857208252,-2.1676109056033015,-0.033405649904969165,1.7102486587453107,2.913449170710179,5.583508636559291
7.631793737411499,-2.1656384386776684,-0.033405649904969165,1.7125498613107992,2.913449170710179,5.583837381525912
7.652883291244507,-2.164652205218021,-0.03307690648538475,1.7122211180870965,2.912462940380696,5.583837381525912
7.675091028213501,-2.1643234607319415,-0.033405649904969165,1.7089336858511956,2.912462940380696,5.584166126492809
7.695615768432617,-2.164652205218021,-0.03373439332464789,1.7115636316397527,2.912462940380696,5.584823616427428
7.716612100601196,-2.163008482789969,-0.03307690648538475,1.7118923748634145,2.9127916838237575,5.583179891592945
7.738137722015381,-2.1603785269172815,-0.03406313674442102,1.7109061451924907,2.912462940380696,5.585152361395151
7.7581377029418945,-2.1616935048517494,-0.03373439332464789,1.7099199155217515,2.9131204272669184,5.5864673412688
7.779797792434692,-2.1643234607319415,-0.03439188016428854,1.7095911722982124,2.9131204272669184,5.586138596299975
7.799539804458618,-2.167282161115109,-0.03307690648538475,1.7102486587453107,2.9131204272669184,5.585809851331424
7.819911479949951,-2.171227094988925,-0.03373439332464789,1.7132073477582668,2.9137779141535396,5.585152361395151
7.842608690261841,-2.1682683945803913,-0.03307690648538475,1.7118923748634145,2.9141066575969994,5.585809851331424
7.864851713180542,-2.1656384386776684,-0.03274816306589473,1.7164947799968449,2.915092887927977,5.583837381525912
7.884910583496094,-2.1653096941908845,-0.033405649904969165,1.7132073477582668,2.9154216313718355,5.586138596299975
7.906000375747681,-2.1685971390692886,-0.033405649904969165,1.7122211180870965,2.9157503748157945,5.585809851331424
7.925908803939819,-2.1682683945803913,-0.03307690648538475,1.7112348884161113,2.9167366051482686,5.584823616427428
7.94643497467041,-2.167939650091729,-0.03307690648538475,1.7128786045345228,2.917065348592627,5.585152361395151
7.968607187271118,-2.1662959276519405,-0.03274816306589473,1.7132073477582668,2.9173940920370844,5.584823616427428
7.990969181060791,-2.165967183164687,-0.032419419646499026,1.7095911722982124,2.9180515789263,5.585152361395151
8.01436710357666,-2.1682683945803913,-0.033405649904969165,1.7112348884161113,2.9183803223710574,5.584823616427428
8.0356285572052,-2.1689258835584204,-0.032419419646499026,1.7118923748634145,2.919695296151087,5.586796086237901
8.05867862701416,-2.1685971390692886,-0.03274816306589473,1.7112348884161113,2.9210102699327183,5.58745357617693
8.080729246139526,-2.1676109056033015,-0.03274816306589473,1.7125498613107992,2.9223252437159513,5.587782321146858
8.100728511810303,-2.1682683945803913,-0.03274816306589473,1.7122211180870965,2.923968960947248,5.588111066117062
8.12182092666626,-2.170898350498148,-0.033405649904969165,1.7128786045345228,2.9259414216281154,5.5897547909722185
8.144694566726685,-2.171227094988925,-0.03439188016428854,1.7115636316397527,2.929557599552436,5.590412280916211
8.167701959609985,-2.1751720288965974,-0.03439188016428854,1.7118923748634145,2.9335025209383208,5.591069770861307
8.190341711044312,-2.173199561938527,-0.033405649904969165,1.7118923748634145,2.936132468536986,5.59304224070322
8.212438583374023,-2.1820756633165996,-0.03406313674442102,1.7132073477582668,2.937447442338745,5.59304224070322
8.233358144760132,-2.174185795416503,-0.03373439332464789,1.7132073477582668,2.937447442338745,5.594357220603349
8.253905296325684,-2.1768157513681277,-0.03439188016428854,1.7145223206534492,2.937447442338745,5.596329690461827
8.275010585784912,-2.1784594738455456,-0.03406313674442102,1.7158372935489634,2.937118698888153,5.598959650288604
8.296243667602539,-2.1794457073348226,-0.03472062358425049,1.7145223206534492,2.937447442338745,5.601260865151547
8.31826400756836,-2.1817469188180523,-0.03800805778906824,1.7148510638772967,2.937447442338745,5.602575845079313
8.340799808502197,-2.1853631083150447,-0.035706853844703124,1.7132073477582668,2.937118698888153,5.6052058049481275
8.361889362335205,-2.188650553337094,-0.035378110424457765,1.7135360909820314,2.9384336726911267,5.607178274861365
8.38474178314209,-2.1906230203616626,-0.035049367004306886,1.7125498613107992,2.9400773899471226,5.6075070198478745
8.40633225440979,-2.1935817209144717,-0.035706853844703124,1.7118923748634145,2.941392363753745,5.6098082347611955
8.428055763244629,-2.1981841440347147,-0.035049367004306886,1.7151798071011648,2.9420498506576647,5.611451959707595
8.449724674224854,-2.1998278665889077,-0.035049367004306886,1.7158372935489634,2.9453372851833586,5.613753174644202
8.469419479370117,-2.2021290781747314,-0.03373439332464789,1.7155085503250536,2.950597180445641,5.615725644600684
8.487959146499634,-2.2027865672013864,-0.0412954920033525,1.7155085503250536,2.9575007930170627,5.616054389594402
8.51035189628601,-2.2057452678330773,-0.035378110424457765,1.71715226644481,2.9663768663896537,5.617698114567158
8.533351182937622,-2.207717734931552,-0.035049367004306886,1.7164947799968449,2.977554144076951,5.6180268595625416
8.555066108703613,-2.212648902715157,-0.03439188016428854,1.718467239340991,2.9877451914846977,5.6180268595625416
8.57743525505066,-2.212648902715157,-0.036693084106006385,1.7187959825650885,2.998593725932382,5.620328074538007
8.59899353981018,-2.21626509245714,-0.03603559726504299,1.720439698685892,3.008784773548237,5.619999329540678
8.618997573852539,-2.213635136278297,-0.035049367004306886,1.7217546715829144,3.0186470777895242,5.621314309531659
8.641506910324097,-2.2142926253215798,-0.035049367004306886,1.7194534690133467,3.0271944082095357,5.621971799528818
8.663592100143433,-2.21626509245714,-0.035049367004306886,1.720439698685892,3.0370567126303345,5.621643054530099
8.685953617095947,-2.2208675158067845,-0.03439188016428854,1.7194534690133467,3.045932786691975,5.621971799528818
8.706532001495361,-2.2182375596012704,-0.035378110424457765,1.7220834148072228,3.0554663478091513,5.621643054530099
8.729119539260864,-2.2208675158067845,-0.03603559726504299,1.7230696444802758,3.0633561915616285,5.621971799528818
8.750773668289185,-2.216922581504231,-0.03636434068547742,1.723727130929084,3.0712460353771864,5.623944269526962
8.770783185958862,-2.2159363479339516,-0.037021827526629913,1.7227409012559036,3.080779596738907,5.623944269526962
8.790498971939087,-2.2185663041261257,-0.03603559726504299,1.7247133606024567,3.0876832101968406,5.625259249531287
8.8104989528656,-2.2175800705522746,-0.036693084106006385,1.7233983877046695,3.0952443107069993,5.627889209553291
8.829308986663818,-2.219223793176551,-0.040638005159737284,1.7233983877046695,3.1037916417895954,5.627231719546121
8.851030111312866,-2.2182375596012704,-0.037021827526629913,1.7243846173779778,3.112010229440522,5.626902974542952
8.87160611152649,-2.2142926253215798,-0.03735057094734806,1.726357076725172,3.120557560672222,5.627889209553291
8.891034841537476,-2.2185663041261257,-0.03735057094734806,1.726357076725172,3.1284474049540583,5.628875444566135
8.911766529083252,-2.224154961085132,-0.038336801210070326,1.7280007928484244,3.135351018754425,5.6298616795814835
8.931723833084106,-2.2284286399826554,-0.03735057094734806,1.7266858199497792,3.143898350196139,5.6308479145993395
8.95423698425293,-2.23664725336063,-0.045569156496110014,1.7289870225226351,3.151788194672756,5.631505404612636
8.975345373153687,-2.2432221441707285,-0.038336801210070326,1.7273433063990586,3.160664269788374,5.635779089726233
8.99543046951294,-2.252755736015828,-0.03932303147364474,1.7273433063990586,3.16888285793373,5.634792854695838
9.015828371047974,-2.269850452934516,-0.03899428805235855,1.7280007928484244,3.1757864720320654,5.636436579747892
9.03651237487793,-2.299108719947547,-0.03998051831650143,1.7286582792978766,3.1843338038443196,5.636765324759139
9.05938196182251,-2.336585604109991,-0.0412954920033525,1.7289870225226351,3.191566161593625,5.635779089726233
9.080211162567139,-2.356967770520879,-0.04195297884734722,1.727672049623731,3.1994560064761686,5.634792854695838
9.100191354751587,-2.3668301094477946,-0.042281722269486954,1.7250421038269566,3.2083320820506143,5.6298616795814835
9.122363805770874,-2.3707750450810203,-0.0429392091140513,1.7309594818716418,3.2172081577118536,5.626574229540063
9.143882751464844,-2.381623618256822,-0.0429392091140513,1.7289870225226351,3.226412977008233,5.620328074538007
9.1668860912323,-2.413840594743603,-0.04425418280432003,1.7296445089722172,3.2359465399503025,5.611451959707595
9.188354730606079,-2.439482679792225,-0.042281722269486954,1.7306307386467532,3.2458088465490813,5.603562080028043
9.210450887680054,-2.4644672769597293,-0.041624235425302386,1.7286582792978766,3.2573148710526,5.592384750754812
9.233408451080322,-2.4766308313751666,-0.04096674858149746,1.726028333500586,3.267505921452211,5.577919972168851
9.256412029266357,-2.4924105781646366,-0.041624235425302386,1.7273433063990586,3.2790119462389793,5.565427663818679
9.279510736465454,-2.522326349742292,-0.042281722269486954,1.727672049623731,3.291175458321223,5.546689202035548
9.302542209625244,-2.5598032534192554,-0.03965177489502569,1.7256995902760215,3.3039964577275973,5.528608230980443
9.325042963027954,-2.5953076916062443,-0.03899428805235855,1.7256995902760215,3.3158312265796064,5.508554791317216
9.347067594528198,-2.6258809602801683,-0.03866554463116709,1.723727130929084,3.3289809699402757,5.487515117998343
9.370084047317505,-2.6548105069423107,-0.03866554463116709,1.7247133606024567,3.3424594570958597,5.463516741964355
9.392146110534668,-2.669932770792031,-0.03899428805235855,1.7220834148072228,3.355609200869451,5.440833346749845
9.413150787353516,-2.686041269864322,-0.03767931436816083,1.7220834148072228,3.3681014576451567,5.415848738993643
9.436359643936157,-2.725161913162412,-0.036693084106006385,1.720768441910116,3.3819086890360426,5.389549153531467
9.458686351776123,-2.740284179667608,-0.035378110424457765,1.7181384961169144,3.39703089510927,5.358975887543897
9.478686332702637,-2.7504752726375967,-0.035049367004306886,1.7178097528928584,3.4114956142222277,5.333005050465758
9.499292612075806,-2.751132762515638,-0.03439188016428854,1.716823523220817,3.4243166154684537,5.303418022851677
9.520411491394043,-2.740284179667608,-0.03439188016428854,1.7164947799968449,3.439767565957735,5.271529784309024
9.542842864990234,-2.7366679854509317,-0.032419419646499026,1.713864834205817,3.454889773106828,5.2389840587846805
9.566612482070923,-2.7307505768037985,-0.031761932807990445,1.7164947799968449,3.4736281606237345,5.2064383357375075
9.587664604187012,-2.729106852195237,-0.030446959132104184,1.7158372935489634,3.4907228303242115,5.170605168757922
9.611191511154175,-2.7294355971164057,-0.029789472294726144,1.7135360909820314,3.508474987714856,5.134772004727736
9.633183479309082,-2.7149708208418577,-0.029131985457724635,1.7099199155217515,3.5265558891770135,5.101568800298825
9.655835151672363,-2.715299565751357,-0.029131985457724635,1.7105774019688904,3.5452942784120216,5.067379364672606
9.677815198898315,-2.709710902326698,-0.028145755202927836,1.7095911722982124,3.5660051302058284,5.033847420729861
9.69673204421997,-2.725161913162412,-0.027817011784850326,1.7095911722982124,3.5837572893365217,5.004589157951305
9.716821908950806,-2.739297944877972,-0.026830781531181624,1.7082761994042603,3.602166936285297,4.97467340806504
9.739243030548096,-2.743900373917265,-0.02847449862109938,1.707947456180823,3.622220302229155,4.943771426712185
9.76128077507019,-2.754091466980355,-0.028145755202927836,1.706961226510633,3.6432598998703214,4.91451316967198
9.784299373626709,-2.768227499728915,-0.02847449862109938,1.706961226510633,3.6669294479400163,4.88393993674524
9.805747509002686,-2.800115761515968,-0.026502038113479925,1.706303740063941,3.6889552780885775,4.851394239357612
9.8284432888031,-2.8227991658128757,-0.02748826836686677,1.7046600239475629,3.711638596411414,4.8185197998127896
9.85279631614685,-2.8264153608229257,-0.027817011784850326,1.702358821385476,3.7385955843465837,4.784330385073362
9.876937627792358,-2.833647750944054,-0.026502038113479925,1.701701334939345,3.764237598221109,4.750798461419968
9.90092134475708,-2.8264153608229257,-0.02847449862109938,1.700386362047321,3.7928383071219263,4.712006631035863
9.92387843132019,-2.7948558418672893,-0.02617329469587215,1.7007151052702973,3.8191378106114873,4.676173502277808
9.948480129241943,-2.8037319563154903,-0.02617329469587215,1.7010438484932933,3.8460948027462614,4.639025399022713
9.972490310668945,-2.8037319563154903,-0.025187064443612045,1.6990713891556137,3.87535300275255,4.598918600334258
9.99652910232544,-2.8014307414391943,-0.025187064443612045,1.6987426459327362,3.90461120404974,4.557825572142098
10.015544414520264,-2.798143291639423,-0.025844551278358247,1.7043312807243476,3.929595736527855,4.522978686782176
10.035065650939941,-2.8070194061622957,-0.023214603941624418,1.6970989298186434,3.953265294499573,4.491747989602656
10.056452989578247,-2.815895520887075,-0.023214603941624418,1.6977564162642216,3.9795648043794456,4.45459989955869
10.078024864196777,-2.8234566558122003,-0.022885860524954532,1.6951264704823772,4.007179290923319,4.41712306795707
10.099137783050537,-2.8264153608229257,-0.025844551278358247,1.693811497591922,4.036766242136119,4.378002518424509
10.12113618850708,-2.841208886214928,-0.023872090775245325,1.693811497591922,4.065038219053038,4.338553227589682
10.14174485206604,-2.836606456032475,-0.023214603941624418,1.6951264704823772,4.09331019726766,4.296802731156463
10.164743900299072,-2.826744105825508,-0.023214603941624418,1.693482754369357,4.12519836031681,4.253408517650748
10.186304092407227,-2.8218129308159745,-0.022885860524954532,1.693811497591922,4.153470341338633,4.212315515455337
10.209039211273193,-2.808663131096083,-0.023214603941624418,1.690852808589528,4.186344739562498,4.165633868469027
10.231117963790894,-2.8135943059390174,-0.022557117108378294,1.690852808589528,4.216260443539891,4.122897152617806
10.253931522369385,-2.7843360027819366,-0.023214603941624418,1.6888803492554616,4.247819869180656,4.078845464064643
10.277562141418457,-2.7662550300126494,-0.023872090775245325,1.689866578922409,4.2833242250928985,4.027890156625351
10.301571130752563,-2.7623100906097355,-0.023214603941624418,1.6888803492554616,4.317842351019008,3.9802222921403225
10.324572563171387,-2.7462015884569597,-0.022557117108378294,1.6878941195886856,4.35268922314993,3.932554431226939
10.34719967842102,-2.7300930869595583,-0.023543347358388006,1.686250403477771,4.387207353357504,3.8865302929825374
10.371313095092773,-2.6922874227394558,-0.023214603941624418,1.687236633144263,4.423697950506567,3.8382049512781866
10.395074844360352,-2.655796741523965,-0.023543347358388006,1.68690788992208,4.459859805956806,3.790537100614721
10.41929578781128,-2.6084574843044526,-0.023872090775245325,1.686250403477771,4.497665384716096,3.7458279471389813
10.442996263504028,-2.5992526293714557,-0.024858321026379693,1.6852641738114487,4.534813477776131,3.703091258987681
10.466985940933228,-2.5407360563903363,-0.024200834192196347,1.683949200923282,4.5726190619148435,3.661998292028627
10.490200281143188,-2.528243755362098,-0.025844551278358247,1.6859216602556448,4.611410881554985,3.620905327396539
10.512643575668335,-2.5009579412552934,-0.025844551278358247,1.6806617687041707,4.64921647132476,3.5867159825656385
10.53617262840271,-2.4726858947697687,-0.025844551278358247,1.6842779441452955,4.686035831037001,3.551540408258804
10.557088613510132,-2.4286341051614926,-0.026830781531181624,1.6878941195886856,4.724498915063694,3.517022322898957
10.58036494255066,-2.4016770421143105,-0.027817011784850326,1.6846066873673278,4.759345814289215,3.486777906514253
10.602102994918823,-2.3711037897187355,-0.028145755202927836,1.6875653763664649,4.79748015968661,3.45620474765503
10.624095439910889,-2.359926472175554,-0.028145755202927836,1.687236633144263,4.834628274907189,3.425302846341928
10.647724866867065,-2.3487491549185164,-0.02847449862109938,1.688551606033184,4.87210513743619,3.3940722025948564
10.671830177307129,-2.3336269026129335,-0.02847449862109938,1.6892090924777583,4.912540702971341,3.364156534432671
10.693861961364746,-2.3014099320414334,-0.028803242039364962,1.688551606033184,4.950675060664736,3.33391212375284
10.714880228042603,-2.269850452934516,-0.029789472294726144,1.6892090924777583,4.9878231879938095,3.3079413806601656
10.73604965209961,-2.2636043062924918,-0.029789472294726144,1.6931540111468106,5.022012617580822,3.281970638351463
10.75605058670044,-2.2405921878351864,-0.029460728876178344,1.693482754369357,5.057845772512742,3.2589585888510233
10.776602745056152,-2.2165938369805662,-0.032090676227197606,1.6924965247017765,5.092692696566598,3.2323303608913725
10.797097444534302,-2.1912805093717425,-0.030775702550934453,1.6964414433731432,5.1268821341420265,3.208003338509275
10.818115711212158,-2.1620222493359527,-0.031104445969858924,1.6974276730414226,5.163044042158357,3.182690086181961
10.839728593826294,-2.1209291906208905,-0.031761932807990445,1.692825267924284,5.198877208513259,3.1600067827398797
10.860737800598145,-2.096930846009182,-0.033405649904969165,1.6987426459327362,5.235039122526235,3.134036044693334
10.882331371307373,-2.087397257394802,-0.03373439332464789,1.699400132378511,5.272844763170455,3.106421589830248
10.901849746704102,-2.069973802839451,-0.03307690648538475,1.699728875601428,5.304075512331539,3.083080801219453
10.921848773956299,-2.049591649268101,-0.033405649904969165,1.7030163078316864,5.335963753342262,3.060068756657114
10.943607568740845,-2.0344694068602065,-0.03439188016428854,1.7040025375011523,5.36916697595508,3.0360704821838986
10.966755390167236,-2.029866985352864,-0.03472062358425049,1.7036737942779772,5.404342670146387,3.009771003968066
10.990120649337769,-2.0084986003618526,-0.03439188016428854,1.7010438484932933,5.441162091598964,2.980512835249534
11.012120008468628,-1.986472727594086,-0.035378110424457765,1.706303740063941,5.473379088106657,2.9548708453654853
11.03363847732544,-1.9933763592491294,-0.036693084106006385,1.7056462536173296,5.50329487288385,2.93120131679479
11.053212404251099,-1.9937051036161113,-0.035706853844703124,1.706632483287277,5.529594465744033,2.907860532188283
11.075295209884644,-1.9798978403949776,-0.03636434068547742,1.7053175103940537,5.553921590688623,2.884519748082232
11.097835063934326,-1.9628031340934011,-0.03866554463116709,1.706303740063941,5.584823616427428,2.856576556489942
11.119871616363525,-1.9605019236755103,-0.03735057094734806,1.707947456180823,5.609479489772746,2.8315920563592476
11.142346143722534,-1.9549132698486062,-0.036693084106006385,1.7072899697340096,5.637422814782472,2.805621326537186
11.165399074554443,-1.9401197747322725,-0.03800805778906824,1.7072899697340096,5.665366141807811,2.7806368275067554
11.1868314743042,-1.9319011665268395,-0.038336801210070326,1.7109061451924907,5.692651980743256,2.756309815797497
11.20693039894104,-1.9249975357402362,-0.03866554463116709,1.7092624290746938,5.718622841297302,2.7342840083206195
11.22758936882019,-1.9157926948415585,-0.03899428805235855,1.7102486587453107,5.743607468314974,2.7142306615579392
11.248221397399902,-1.916121439156419,-0.038336801210070326,1.7109061451924907,5.7699070774866215,2.694177315117235
11.269150257110596,-1.9187513936831613,-0.040638005159737284,1.7128786045345228,5.797850414249245,2.6754389425002816
11.28998875617981,-1.9148064618982878,-0.04096674858149746,1.7118923748634145,5.826779988631162,2.6567005701561643
11.311025857925415,-1.9102040415223158,-0.04030926173807195,1.7135360909820314,5.858339526895069,2.638948428183464
11.330275774002075,-1.9138202289569806,-0.03965177489502569,1.7148510638772967,5.886611615553024,2.6225112599023883
11.349562883377075,-1.9171076721023093,-0.03899428805235855,1.7161660367728937,5.916198687418455,2.606402835182182
11.36965537071228,-1.9233538141386137,-0.03899428805235855,1.7174810096688238,5.9480869786816335,2.589965667296912
11.389734983444214,-1.9167789277867942,-0.03899428805235855,1.7178097528928584,5.978989036820341,2.5731997562557045
11.409783124923706,-1.912176507392499,-0.03965177489502569,1.721097185134361,6.010219842964861,2.557091332111279
11.429744958877563,-1.8891644060609043,-0.042610465691721666,1.7217546715829144,6.042765633335719,2.5416403948385304
11.4527428150177,-1.8743709129084907,-0.0429392091140513,1.7270145631744083,6.0749826812997965,2.5232307676663175
11.476747035980225,-1.8569474659775338,-0.043596695958995624,1.726028333500586,6.1098296956913725,2.5031774240460787
11.498343467712402,-1.8405102524439,-0.04458292622712487,1.7270145631744083,6.140731767971413,2.484110310690687
11.519765615463257,-1.8099370366878347,-0.04392543938161031,1.730301995421886,6.168346388086397,2.466358170886089
11.539333581924438,-1.7865961957827132,-0.0449116696500248,1.7319457115464394,6.193659791804054,2.4522222078549425
11.558377981185913,-1.7566804716608349,-0.04787036046040702,1.7345756573468623,6.213055777736487,2.4384149882737796
11.578608512878418,-1.7330108889604843,-0.049185334156387484,1.7362193734728422,6.232123019219773,2.4252652554514906
11.600558996200562,-1.7093413073293622,-0.049842821004949994,1.736876859923389,6.248889042787453,2.4131017526870657
11.624645709991455,-1.6856717267593913,-0.049842821004949994,1.738849319275562,6.263353848101172,2.402253223271548
11.647251844406128,-1.6593721940274908,-0.05115779470322057,1.73983554895195,6.277489908438474,2.394034640428888
11.669379949569702,-1.6524685668994112,-0.05378774210434861,1.7391780625010025,6.28340732922098,2.388446004119266
11.6886465549469,-1.6406337777430555,-0.0521440249779265,1.7414792650797104,6.286037294046634,2.3851585710047516
11.709687232971191,-1.638661312908912,-0.05247276840301965,1.7401642921774572,6.286037294046634,2.3845010843826278
11.730371236801147,-1.637017592219294,-0.052801511828208414,1.7427942379823236,6.282421092416666,2.3845010843826278
11.750904321670532,-1.637017592219294,-0.051486538128027004,1.7401642921774572,6.279462382021076,2.3900897206789624
11.77043604850769,-1.6439212191493107,-0.0531302552534928,1.742136751530972,6.2735449613079455,2.3973220735610243
11.793254137039185,-1.6393188011861595,-0.054116485529920044,1.7404930354029868,6.267298795112418,2.4068556296814307
11.815244913101196,-1.6416200101628293,-0.04951407758062101,1.742136751530972,6.256778936518202,2.4209915923075696
11.837841987609863,-1.63504512739835,-0.04885659073224932,1.7424654947566367,6.24395785929913,2.4384149882737796
11.857764959335327,-1.6327439184496728,-0.04885659073224932,1.7427942379823236,6.230808037014201,2.4558383844320435
11.878287076950073,-1.6343876391263006,-0.049842821004949994,1.7418080083053298,6.2170007241626735,2.475234240762583
11.898827314376831,-1.646551172288742,-0.04721287361298876,1.7427942379823236,6.198262229044374,2.500547477361938
11.918809175491333,-1.6633171238548308,-0.046226643342575896,1.7404930354029868,6.1795237349524355,2.5271756877549953
11.938339471817017,-1.6935615868319747,-0.04425418280432003,1.740821778628539,6.159799005433748,2.553475155287762
11.961421728134155,-1.7113137724246474,-0.04326795253647597,1.738849319275562,6.136458076960253,2.584705773615123
11.984543323516846,-1.7290659586145967,-0.04392543938161031,1.735561887022384,6.107199732219836,2.6192238262704066
12.008234024047852,-1.7583241927216038,-0.04096674858149746,1.7358906302476018,6.075968917508487,2.6586730303901844
12.029087781906128,-1.7701589845127506,-0.042281722269486954,1.7349044005720142,6.043751869454224,2.6974647489381143
12.049747705459595,-1.789883638099554,-0.03965177489502569,1.7349044005720142,6.012521060367851,2.7329690347524496
12.071130990982056,-1.8043483845434252,-0.03899428805235855,1.7339181708966247,5.978989036820341,2.77110326880511
12.09163784980774,-1.8188131313956994,-0.03800805778906824,1.7342469141217325,5.944470780562073,2.812524938205238
12.111654281616211,-1.822758062426533,-0.03866554463116709,1.7342469141217325,5.908637546602158,2.8503304314057094
12.131326913833618,-1.8368940655381683,-0.03800805778906824,1.7332606844464753,5.8751055326968205,2.887149695562365
12.152770757675171,-1.8562899774259145,-0.03735057094734806,1.7329319412214335,5.837628579605456,2.926270165075278
12.172669887542725,-1.8474138820629105,-0.03800805778906824,1.7332606844464753,5.799494140006181,2.965061892551944
12.193049669265747,-1.8368940655381683,-0.03767931436816083,1.7319457115464394,5.762017194542297,3.0061548257666844
12.215840578079224,-1.8322916458772516,-0.038336801210070326,1.7329319412214335,5.719937821625627,3.0505351954957525
12.237659454345703,-1.8368940655381683,-0.03767931436816083,1.7335894276715391,5.6758859830952675,3.0952443107069993
12.25966215133667,-1.8487288591438813,-0.03965177489502569,1.7365481166981045,5.631176659605849,3.1402821714998095
12.281394958496094,-1.8589199316375382,-0.03965177489502569,1.7319457115464394,5.585152361395151,3.187292495643968
12.303714752197266,-1.8720697029018416,-0.03767931436816083,1.7342469141217325,5.537484343940889,3.234960309296418
12.325718641281128,-1.8723984471878594,-0.036693084106006385,1.731616968321485,5.487186373111496,3.2849293304739837
12.34824538230896,-1.8783158443730381,-0.037021827526629913,1.7345756573468623,5.436230918890104,3.335227098107693
12.370252132415771,-1.8799595658257704,-0.03735057094734806,1.7322744547714153,5.382645512626648,3.3868398431599154
12.391505718231201,-1.8921231047439429,-0.035378110424457765,1.7306307386467532,5.329388858089623,3.435493898771542
12.414505243301392,-1.9098752972113815,-0.035706853844703124,1.7312882250965524,5.268899826598396,3.4890791120676554
12.434657573699951,-1.9207238595873941,-0.035049367004306886,1.730301995421886,5.212684484414041,3.539705635960757
12.456179141998291,-1.9401197747322725,-0.03439188016428854,1.7299732521970408,5.156469149569623,3.590003419500558
12.476691246032715,-1.9555707585308093,-0.03439188016428854,1.7309594818716418,5.100911311127387,3.640629950132209
12.497202396392822,-1.9743091863457212,-0.03406313674442102,1.7306307386467532,5.042394778752493,3.6948726654076838
12.518201351165771,-1.9697067654121903,-0.040638005159737284,1.7299732521970408,4.9878231879938095,3.7478004097316897
12.539813756942749,-1.9766103968288105,-0.036693084106006385,1.7296445089722172,4.932594114816587,3.800728158062424
12.561897039413452,-2.006854878478811,-0.03735057094734806,1.730301995421886,4.873748859544708,3.8641757127109577
12.582918405532837,-2.0107998110075354,-0.035049367004306886,1.7296445089722172,4.819177288581558,3.9249933225783096
12.603792667388916,-2.0344694068602065,-0.035706853844703124,1.7306307386467532,4.767235678608907,3.982194755427031
12.624792337417603,-2.04334550560671,-0.04195297884734722,1.7299732521970408,4.716280307115154,4.042026144720709
12.644563913345337,-2.0637276589099907,-0.035049367004306886,1.7296445089722172,4.667626150843555,4.09955633216589
12.666564226150513,-2.0811511132349327,-0.035378110424457765,1.7296445089722172,4.6206157205444995,4.158401500956117
12.686498165130615,-2.08246609094592,-0.035378110424457765,1.7289870225226351,4.569002875486966,4.220205371651144
12.708160161972046,-2.0992320570830194,-0.035706853844703124,1.7296445089722172,4.521663710021538,4.283981713186145
12.728427648544312,-2.1061356903722883,-0.036693084106006385,1.7322744547714153,4.478598222919836,4.338553227589682
12.748443841934204,-2.1051494570390226,-0.03735057094734806,1.7326031979964134,4.434546506887407,4.397069676671115
12.76744556427002,-2.1143543015636803,-0.03767931436816083,1.7326031979964134,4.394768467882076,4.453613667114777
12.786961793899536,-2.1298052909952294,-0.036693084106006385,1.7332606844464753,4.353675455411713,4.509171430959277
12.806011199951172,-2.1419688362278784,-0.03735057094734806,1.735233143797188,4.314883654428423,4.562756735352805
12.826374769210815,-2.1544611262585653,-0.037021827526629913,1.7365481166981045,4.275763112075099,4.618971999284192
12.846664428710938,-2.1662959276519405,-0.035706853844703124,1.7372056031486953,4.2386150365244575,4.672557315114775
12.867666006088257,-2.186678086321031,-0.03636434068547742,1.7381918328247488,4.20245319536052,4.728115102604369
12.888941049575806,-2.2093614575201457,-0.03636434068547742,1.7375343463740243,4.166620100409429,4.786631595604907
12.910409450531006,-2.21626509245714,-0.037021827526629913,1.73983554895195,4.132759471389761,4.840216929658505
12.933685779571533,-2.2221824939152617,-0.03800805778906824,1.73983554895195,4.099227588222281,4.8993909251796035
12.956695318222046,-2.2287573845149056,-0.04096674858149746,1.7404930354029868,4.063394499429448,4.958564928165326
12.979703426361084,-2.221196260333546,-0.04195297884734722,1.744109210885298,4.030520107874633,5.013136515421909
13.002717018127441,-2.21396388079982,-0.04458292622712487,1.747396643144323,3.9976457180516927,5.069023087479297
13.026719331741333,-2.199499122077595,-0.045897899919295354,1.7477253863703512,3.964771329938984,5.123594688106376
13.049645185470581,-2.2011428446365273,-0.045897899919295354,1.747396643144323,3.932554431226939,5.174550104427202
13.072739362716675,-2.1896367868483146,-0.046226643342575896,1.7506840754056363,3.9019812533181404,5.224519292681362
13.095790386199951,-2.1755007733904326,-0.04819910388425913,1.7513415618581751,3.873051795963908,5.272844763170455
13.116665601730347,-2.171884583971185,-0.049842821004949994,1.7546289941222621,3.8434648522466115,5.316567812644453
13.140212059020996,-2.1685971390692886,-0.04951407758062101,1.752656534763531,3.8158503726197748,5.362263335391074
13.161211967468262,-2.165967183164687,-0.051486538128027004,1.7543002508957488,3.7902083568286074,5.404671414966108
13.181628942489624,-2.1738570509236093,-0.051815281552929,1.7569301967085111,3.7662100608659363,5.4424770709981
13.204856634140015,-2.182733152314401,-0.05247276840301965,1.7569301967085111,3.7418830219702395,5.482255199841075
13.229737043380737,-2.186678086321031,-0.05477397238135012,1.7579164263886844,3.712953571408803,5.520389608045608
13.252219915390015,-2.190294275856977,-0.055760202659213554,1.7569301967085111,3.688297790611693,5.557537785064783
13.27745532989502,-2.1955541879603233,-0.05806140664425011,1.7552864805753592,3.665614473027032,5.594028475627902
13.303366899490356,-2.211991413674253,-0.058718893497981234,1.7589026560690695,3.640629950132209,5.6298616795814835
13.3272705078125,-2.2113339246342996,-0.05904763692499085,1.7579164263886844,3.6195903525662625,5.6574762610309675
13.352260112762451,-2.2221824939152617,-0.058718893497981234,1.7605463722035182,3.601838192585807,5.683775864249995
13.376622438430786,-2.2478245677948707,-0.06003386720659601,1.7582451696154557,3.5863872388729394,5.704815548124277
13.402540445327759,-2.2685354746868467,-0.05937638035209647,1.759231399295912,3.5719225165363535,5.72026656670842
13.426078796386719,-2.2721516648772395,-0.06003386720659601,1.7569301967085111,3.5623889496932617,5.729800174233213
13.450374364852905,-2.283328980196245,-0.06069135406147996,1.760217628976581,3.556142819757567,5.7353888408246885
13.475081205368042,-2.3086423129857003,-0.0603626106339899,1.7579164263886844,3.551869151936365,5.733745115348049
13.500817060470581,-2.3273807550733974,-0.06134884091674858,1.7562727102551798,3.5535128703262995,5.73275888006549
13.525876998901367,-2.3362568594982234,-0.06167758434452722,1.7546289941222621,3.5581152818369803,5.7238827626379125
13.546477317810059,-2.349077899539647,-0.06134884091674858,1.7575876831619364,3.564032668105927,5.712705429876113
13.567633867263794,-2.355652792014122,-0.0603626106339899,1.756601453481834,3.57159377285011,5.701528097442542
13.588683605194092,-2.370446300443553,-0.06134884091674858,1.7533140212163483,3.58014110873897,5.687720804888258
13.608399152755737,-2.3895134898276478,-0.06069135406147996,1.7549577373487988,3.590989650583844,5.671941042578728
13.628957509994507,-2.3974033615421715,-0.0603626106339899,1.752985277989928,3.6047968858864357,5.652545085627446
13.64869499206543,-2.4131831054035118,-0.06003386720659601,1.7543002508957488,3.619919096273612,5.631505404612636
13.669167757034302,-2.412854360733843,-0.05937638035209647,1.7536427644427919,3.637013769257718,5.608821999796681
13.688527345657349,-2.4148268287556225,-0.05806140664425011,1.752985277989928,3.6560809049791843,5.5821936566955594
13.708539247512817,-2.413840594743603,-0.05970512377929818,1.7523277915371576,3.6764630161306555,5.554250335630543
13.729675054550171,-2.412854360733843,-0.058718893497981234,1.7500265889531894,3.6994750778008263,5.523019567366292
13.75419306755066,-2.4240316796435466,-0.05543145923316328,1.7503553321794012,3.7290620153249727,5.4825839447238875
13.77839183807373,-2.4207442328752267,-0.05378774210434861,1.7523277915371576,3.763251366900797,5.434915939511175
13.801949501037598,-2.4191005095005003,-0.051815281552929,1.7490403592746924,3.8020431332280165,5.386590450272374
13.826690673828125,-2.423374190287869,-0.04819910388425913,1.747396643144323,3.8382049512781866,5.330046347610228
13.85164213180542,-2.4276478711177765,-0.045569156496110014,1.7450954405627666,3.8773254657205984,5.265612379483035
13.874083042144775,-2.4332365307288417,-0.0412954920033525,1.7437804676595203,3.9148022632344683,5.203808378427094
13.89687180519104,-2.4463863183368693,-0.04096674858149746,1.740821778628539,3.950964087436432,5.142004386222383
13.918127298355103,-2.4697271923398154,-0.035706853844703124,1.742136751530972,3.9851534503685704,5.083159103866418
13.939659833908081,-2.4782745549715934,-0.03406313674442102,1.7411505218541137,4.019671559042664,5.01905391684189
13.960569858551025,-2.4838632152472053,-0.03439188016428854,1.7378630895993752,4.0541896696182755,4.960208650578258
13.982023000717163,-2.5187101574602715,-0.03307690648538475,1.735233143797188,4.0860778306233545,4.902678369592925
14.001916408538818,-2.5660494043605957,-0.03143318938887754,1.7342469141217325,4.1186234812001,4.847449306492682
14.023206233978271,-2.6380445194212916,-0.031104445969858924,1.7319457115464394,4.150840389559325,4.794850204735373
14.042999267578125,-2.6906436982892075,-0.031761932807990445,1.7299732521970408,4.183714787637368,4.743894830365231
14.06434440612793,-2.722860698744659,-0.032090676227197606,1.727672049623731,4.216589187548141,4.695569415689295
14.084472894668579,-2.784007257815068,-0.032090676227197606,1.7273433063990586,4.251107309450611,4.648887727053746
14.104330062866211,-2.8606048425858255,-0.032090676227197606,1.726028333500586,4.285625433422583,4.602206042731232
14.124338388442993,-2.950023501601635,-0.03274816306589473,1.7220834148072228,4.319486071353834,4.555195618448853
14.14504599571228,-3.0292510811392344,-0.031104445969858924,1.7194534690133467,4.355319175851908,4.506541477510191
14.164578199386597,-3.096315103597692,-0.031104445969858924,1.716823523220817,4.389179818006047,4.4601885501084
14.183979749679565,-3.148256854937948,-0.03143318938887754,1.713864834205817,4.424355438765893,4.41021944136561
14.203986167907715,-3.215320899382315,-0.03143318938887754,1.7109061451924907,4.4601885501084,4.3599215931103386
14.224168539047241,-3.285672410578644,-0.030446959132104184,1.7056462536173296,4.496021663844629,4.307980029110814
14.243853569030762,-3.3399154078174766,-0.031104445969858924,1.7010438484932933,4.532841012591925,4.253079773621594
14.263617038726807,-3.3395866623541757,-0.03143318938887754,1.6977564162642216,4.5699891081466095,4.199494499364482
14.284044027328491,-3.3524077356543263,-0.030446959132104184,1.6944689840371108,4.606479717878819,4.143608022225958
14.303145408630371,-3.371474973750419,-0.029131985457724635,1.6918390382568194,4.64428530728201,4.086406574559873
14.32326078414917,-3.374762428701257,-0.029131985457724635,1.6901953221447628,4.681762155217479,4.026246437100173
14.342573404312134,-3.3323542622404654,-0.027817011784850326,1.690852808589528,4.720553983231343,3.967730024799658
14.361671924591064,-3.3238068804822856,-0.027817011784850326,1.689866578922409,4.759017069945328,3.9088848740111017
14.382704257965088,-3.299150972740978,-0.02617329469587215,1.690524065367136,4.798466392797014,3.8477385218137763
14.403533935546875,-3.26233148708414,-0.02715952494897722,1.690524065367136,4.841531907256559,3.785277200055771
14.423543930053711,-3.2278132227782232,-0.025187064443612045,1.6901953221447628,4.881638725745232,3.7247883464951093
14.445052862167358,-3.1591054495131115,-0.025187064443612045,1.690852808589528,4.9279916923495355,3.661669548302393
14.464532375335693,-3.176528950575757,-0.024200834192196347,1.69151029503437,4.971057218650701,3.6038106547849202
14.484145641326904,-3.1351070437687807,-0.023872090775245325,1.693482754369357,5.013465259943219,3.551869151936365
14.504302501678467,-3.0976300845527502,-0.024858321026379693,1.692825267924284,5.05751702795912,3.5005851399359087
14.523297548294067,-3.031881042574463,-0.025187064443612045,1.6924965247017765,5.101568800298825,3.450287362205157
14.545169353485107,-2.9930891132924984,-0.025844551278358247,1.6941402408145068,5.148250533972799,3.400318331248888
14.568334102630615,-2.9753368758137966,-0.02551580786093824,1.6967701865958833,5.199205953172429,3.3480480981745537
14.589781522750854,-2.947393540742065,-0.02551580786093824,1.6984139027098784,5.249175144287546,3.3007090219642476
14.613079071044922,-2.8589611174318437,-0.02715952494897722,1.7010438484932933,5.3030892781121315,3.2500825127758173
14.636744260787964,-2.787623452465774,-0.029460728876178344,1.702358821385476,5.355688439722785,3.2010997241686114
14.658414840698242,-2.7320655564955425,-0.026830781531181624,1.703345051054822,5.409602587293576,3.153431912280403
14.679292678833008,-2.6551392518025954,-0.029460728876178344,1.7053175103940537,5.45891431384705,3.11135274242586
14.699740171432495,-2.588075305801701,-0.02847449862109938,1.706303740063941,5.506582321896594,3.0692735744173665
14.720535039901733,-2.5351473953577814,-0.027817011784850326,1.7072899697340096,5.555236570457942,3.028180638647267
14.74161434173584,-2.440797658554033,-0.028803242039364962,1.706303740063941,5.604219569995245,2.9854439872225775
14.761425256729126,-2.3451329641023615,-0.029789472294726144,1.7102486587453107,5.651887595578406,2.9427073375619903
14.780442714691162,-2.239934698753698,-0.03143318938887754,1.7135360909820314,5.696268176410664,2.902271893695079
14.800652742385864,-2.1386813915389724,-0.03274816306589473,1.7155085503250536,5.742621233006709,2.859863990758698
14.819668769836426,-2.042030528004218,-0.03767931436816083,1.7161660367728937,5.788645550144096,2.8167986025917156
14.839176654815674,-1.9683917880105988,-0.041624235425302386,1.7191247257892073,5.83039618558729,2.775376933041255
14.858487844467163,-1.8921231047439429,-0.04096674858149746,1.7220834148072228,5.868859373583225,2.7339552649284453
14.877490997314453,-1.821771829665962,-0.0429392091140513,1.7227409012559036,5.902391386915838,2.6905611379241083
14.895514726638794,-1.7484618664348668,-0.0531302552534928,1.7240558741535204,5.934279676965264,2.6474957557700467
14.915565252304077,-1.700136470315391,-0.04787036046040702,1.7293157657474154,5.958278082668145,2.60607409182254
14.934077501296997,-1.652797311046356,-0.04951407758062101,1.7273433063990586,5.978989036820341,2.5636661990867657
14.953257083892822,-1.6376750804945412,-0.050171564429374454,1.7289870225226351,5.99674128418863,2.524216997687487
14.974070310592651,-1.6080881088977028,-0.052801511828208414,1.7273433063990586,6.012192315023656,2.486082770681762
14.994156122207642,-1.5919796472592713,-0.05345899867887288,1.7280007928484244,6.029287073324949,2.4512359778808253
15.01572871208191,-1.5788298830071936,-0.05477397238135012,1.7280007928484244,6.041121906477658,2.420334105671053
15.036486864089966,-1.5502291468404341,-0.05674643293793952,1.7283295360731397,6.052627994644657,2.393377153803247
15.056180715560913,-1.5515441231835676,-0.057403919790902924,1.7266858199497792,6.059531647724908,2.372666325228569
15.076918601989746,-1.532148222436879,-0.05806140664425011,1.7293157657474154,6.065120319365141,2.354256700042413
15.09779691696167,-1.5222859002812854,-0.05970512377929818,1.726357076725172,6.067421537125147,2.341764454492825
15.118574142456055,-1.5255733409805496,-0.05937638035209647,1.7270145631744083,6.068079027916487,2.3305871822349165
15.138726949691772,-1.524258364698534,-0.05773266321752854,1.726028333500586,6.068079027916487,2.324998546132577
15.158737897872925,-1.534449430964827,-0.05674643293793952,1.7273433063990586,6.065449064758507,2.3240123162339943
15.178854703903198,-1.5614064458562606,-0.05477397238135012,1.7240558741535204,6.064791573972084,2.326642262631433
15.199544191360474,-1.5834323004596589,-0.05247276840301965,1.723727130929084,6.062490356229276,2.3325596420399646
15.219792127609253,-1.598554529503406,-0.051815281552929,1.723727130929084,6.0621616108386736,2.342093197795609
15.239837169647217,-1.6024994588877775,-0.0521440249779265,1.7250421038269566,6.059531647724908,2.355571673263416
15.259904623031616,-1.6186079208364332,-0.050171564429374454,1.7243846173779778,6.057559175402469,2.3723375819199237
15.279932737350464,-1.6435924750077837,-0.04951407758062101,1.7227409012559036,6.051641758501367,2.3894322340548886
15.299955368041992,-1.6784393551289853,-0.046884130189422585,1.7240558741535204,6.047368068578953,2.4088280895753544
15.320950984954834,-1.6994789819633784,-0.04458292622712487,1.7224121580315526,6.038820688889204,2.431511378528526
15.34057879447937,-1.7159161910089973,-0.04425418280432003,1.721097185134361,6.028958327965238,2.4574821010607772
15.362529039382935,-1.7267647492598632,-0.04392543938161031,1.723727130929084,6.015808513826507,2.4847677973540927
15.382004022598267,-1.7136149817118005,-0.04458292622712487,1.7243846173779778,6.002329954838903,2.5127109808151395
15.400757789611816,-1.712300004975055,-0.043596695958995624,1.726357076725172,5.987536415072907,2.5406541648055057
15.422760725021362,-1.7014514470218651,-0.04458292622712487,1.7270145631744083,5.967154205730064,2.5725422695523186
15.445428133010864,-1.7076975864222539,-0.0449116696500248,1.726028333500586,5.94545701640927,2.610347755504093
15.46442723274231,-1.7221623305806484,-0.042610465691721666,1.7224121580315526,5.923759828392042,2.6458520389221727
15.482952356338501,-1.7369558193360723,-0.04096674858149746,1.7270145631744083,5.901733896428769,2.682013810053901
15.502735614776611,-1.7432019591582542,-0.04030926173807195,1.7293157657474154,5.877406749239158,2.71916181237118
15.522366046905518,-1.7326821447638594,-0.04096674858149746,1.726028333500586,5.854723329665469,2.760583479981035
15.543439865112305,-1.7372845635353797,-0.04096674858149746,1.7286582792978766,5.827437478984197,2.8039776094793876
15.564438581466675,-1.7563517274493046,-0.03998051831650143,1.7299732521970408,5.799494140006181,2.851974148529791
15.584615707397461,-1.7882399169385097,-0.03767931436816083,1.7289870225226351,5.773852019020907,2.8989844593006713
15.604622840881348,-1.8115807579183967,-0.03735057094734806,1.7306307386467532,5.7422924879045265,2.9473097459036577
15.624301433563232,-1.8174981543922044,-0.03636434068547742,1.7280007928484244,5.711719194648196,2.9956350347080427
15.644762992858887,-1.8194706198987185,-0.03735057094734806,1.7309594818716418,5.679502178604372,3.0465902736626416
15.665846347808838,-1.8280179705151753,-0.03636434068547742,1.7342469141217325,5.6446552051128105,3.100175463245418
15.686625003814697,-1.8362365770126245,-0.03603559726504299,1.7309594818716418,5.610136979749921,3.1514594511515726
15.705624341964722,-1.8474138820629105,-0.035049367004306886,1.7326031979964134,5.574961267523748,3.2040584160224808
15.725699424743652,-1.866809794354839,-0.03932303147364474,1.7345756573468623,5.53715559901289,3.2576436146120398
15.745259523391724,-1.887191940281958,-0.03274816306589473,1.7362193734728422,5.50329487288385,3.3085988678173512
15.765628814697266,-1.8983692464658033,-0.033405649904969165,1.7362193734728422,5.46516046630467,3.3618553292339897
15.784757852554321,-1.9016566895087854,-0.033405649904969165,1.7358906302476018,5.4286697875192855,3.415440537661091
15.804370880126953,-1.9092178085901665,-0.03373439332464789,1.736876859923389,5.390206643147489,3.4706694678285204
15.824511528015137,-1.9223675811802663,-0.032419419646499026,1.7381918328247488,5.350757268039942,3.527542120178006
15.844533205032349,-1.9401197747322725,-0.03274816306589473,1.738849319275562,5.310321662441527,3.5857297514879716
15.865224838256836,-1.9624743897473242,-0.03636434068547742,1.7395068057264649,5.267913592461114,3.6455611058989232
15.885898351669312,-1.9821990509045324,-0.032419419646499026,1.7427942379823236,5.223861803324626,3.707364927686711
15.907897472381592,-1.9963350585600093,-0.03307690648538475,1.7424654947566367,5.175865082991579,3.7747573990583887
15.929770708084106,-2.000279991002691,-0.033405649904969165,1.7427942379823236,5.126224644932934,3.8444510836827726
15.951189994812012,-2.0206621424708886,-0.03406313674442102,1.7450954405627666,5.0808578918659135,3.909542361699942
15.972006559371948,-2.0394005728101097,-0.031761932807990445,1.7460816702404398,5.034833654339596,3.974304902316871
15.992565155029297,-2.0657001254051304,-0.032090676227197606,1.748054129596402,4.988809421503686,4.039724937334476
16.0125834941864,-2.0811511132349327,-0.032090676227197606,1.745752927014526,4.93982649307122,4.109418650556947
16.032937049865723,-2.094958379383443,-0.03307690648538475,1.7464104134663763,4.893144780857747,4.175824931932309
16.054300546646118,-2.0913421905910976,-0.03406313674442102,1.7510128186318943,4.846134328878304,4.243217452834212
16.074141025543213,-2.1077794125990152,-0.03439188016428854,1.7496978457270007,4.799123881538401,4.312911190043336
16.0956449508667,-2.1186279794403293,-0.036693084106006385,1.7496978457270007,4.753099671793155,4.381947447662657
16.11616015434265,-2.128161568690917,-0.03472062358425049,1.752985277989928,4.708061699303073,4.451312458086017
16.136136531829834,-2.146571258831526,-0.03472062358425049,1.752656534763531,4.664009963742094,4.5203487332641865
16.156144618988037,-2.1531461483447067,-0.035049367004306886,1.7562727102551798,4.620944464797197,4.587741296341955
16.175143480300903,-2.1413113472882324,-0.03767931436816083,1.7575876831619364,4.5775502252663225,4.655791356789979
16.195240259170532,-2.1501874480522067,-0.03965177489502569,1.7585739128422508,4.537772175566375,4.718252773010345
16.21450161933899,-2.1469000033049657,-0.03800805778906824,1.7585739128422508,4.499309105592662,4.78038545275897
16.23490023612976,-2.156762337616828,-0.03965177489502569,1.760217628976581,4.4601885501084,4.843175629259223
16.254101276397705,-2.172542072954386,-0.04096674858149746,1.7612038586574637,4.421396741605195,4.903993347364709
16.27322483062744,-2.1689258835584204,-0.042281722269486954,1.7635050612470233,4.3865498651428965,4.962838606451139
16.294349908828735,-2.1653096941908845,-0.04524041307301985,1.7644912909286214,4.348744294120289,5.022012617580822
16.315356969833374,-2.164652205218021,-0.046884130189422585,1.7618613451115044,4.311596213790446,5.07921416901568
16.334871292114258,-2.153803637301168,-0.049842821004949994,1.7687649528847187,4.273461903785227,5.139045684687447
16.354560613632202,-2.148872470150507,-0.051486538128027004,1.7690936961122798,4.240587500652721,5.192302315382335
16.377079248428345,-2.1501874480522067,-0.05247276840301965,1.7687649528847187,4.205740635373647,5.2468739314107955
16.39709448814392,-2.1492012146255814,-0.05444522895558723,1.77106615547816,4.175496187946884,5.299801830730807
16.416762828826904,-2.159392293468892,-0.05707517636437326,1.7733673580727989,4.1462379739734185,5.348127309833027
16.43659210205078,-2.1600497824342506,-0.05674643293793952,1.7746823309845614,4.119280969108546,5.39579530492611
16.45620608329773,-2.157748571059595,-0.05839015007106768,1.7733673580727989,4.09331019726766,5.43918962250824
16.476258754730225,-2.159392293468892,-0.0610200974890662,1.7809284523208488,4.067010682607138,5.482255199841075
16.496010065078735,-2.1436125585810744,-0.06167758434452722,1.7782985064939483,4.043012376460275,5.524005802116028
16.517098903656006,-2.1419688362278784,-0.06397878834167287,1.777969763265698,4.018027839539074,5.565098918867448
16.537677764892578,-2.1554473596964163,-0.06627999234354087,1.7805997090923986,3.9940295352759705,5.604219569995245
16.55767273902893,-2.1472287477786383,-0.06825245292033486,1.7809284523208488,3.97167495130186,5.635779089726233
16.58037567138672,-2.1610360158840467,-0.0689099397800392,1.7799422226355734,3.9489916242460037,5.671612297537512
16.605767011642456,-2.18634934181918,-0.07285486094639404,1.7799422226355734,3.9266370418422607,5.705801783334322
16.62743091583252,-2.197526655014696,-0.0721973740843663,1.7815859387778241,3.9075698986354044,5.731772644785497
16.648526430130005,-2.215278858888289,-0.07384109124016286,1.7842158846067333,3.8947488888605677,5.748867390002532
16.66860270500183,-2.2389484651332623,-0.07351234780880958,1.7815859387778241,3.8839003423231935,5.760044723832073
16.690203428268433,-2.25374196966651,-0.07910098615502517,1.7819146820063496,3.87666797806393,5.763989665262859
16.709201097488403,-2.2790553007765135,-0.07351234780880958,1.7782985064939483,3.873051795963908,5.766619626239697
16.72820210456848,-2.29877997536368,-0.07449857810316052,1.7750110742125638,3.8723943083114762,5.763660920142047
16.747714042663574,-2.309628546759978,-0.07318360437755334,1.7750110742125638,3.873709283616991,5.755771037328701
16.766711235046387,-2.322120841424607,-0.07351234780880958,1.7756685606686424,3.8776542095491773,5.748538644894914
16.785733938217163,-2.332640668785006,-0.07384109124016286,1.7786272497222233,3.882256623166419,5.733087625159391
16.804739236831665,-2.342831751780343,-0.07351234780880958,1.7743535877565837,3.8908039628263222,5.715992880654297
16.82373857498169,-2.359926472175554,-0.07416983467161314,1.7750110742125638,3.899680046436639,5.696596921473033
16.842267990112305,-2.375377470031632,-0.07384109124016286,1.7730386148449198,3.9148022632344683,5.671941042578728
16.861267805099487,-2.388198511222539,-0.0725261175153317,1.7700799257951103,3.9315681996590777,5.643997715077194
16.880792140960693,-2.4154843180982244,-0.07318360437755334,1.7720523851614296,3.953265294499573,5.614081919636256
16.901499271392822,-2.439811424482298,-0.0708824003614737,1.7717236419336486,3.981866011545488,5.578248717130792
16.921486616134644,-2.443756360782896,-0.0685811963501387,1.77106615547816,4.014411656646337,5.536498109157708
16.944348573684692,-2.454933680499264,-0.0689099397800392,1.7697511825674759,4.0541896696182755,5.490145077102805
16.967387199401855,-2.4638097875417992,-0.06759496606101711,1.7674499799747154,4.104158747395108,5.432285980766069
16.99047875404358,-2.474658363067876,-0.06562250548538201,1.7697511825674759,4.156429037104225,5.370481955123188
17.013477325439453,-2.456906148714935,-0.06562250548538201,1.766463750292467,4.207713099390387,5.302431788633811
17.034008741378784,-2.4532899569931836,-0.06365004491322024,1.7661350070650992,4.25406600570962,5.234710377839672
17.05329203605652,-2.444742594863737,-0.05970512377929818,1.7658062638377556,4.297131475210793,5.170605168757922
17.078129768371582,-2.454933680499264,-0.055760202659213554,1.760875115430479,4.3474293177832894,5.092692696566598
17.100318431854248,-2.4966842596882874,-0.04951407758062101,1.7612038586574637,4.400357117815087,5.006232880529335
17.121339559555054,-2.532517437250727,-0.042281722269486954,1.7589026560690695,4.447696272489278,4.926019225591882
17.140851497650146,-2.5246275630289348,-0.04326795253647597,1.7562727102551798,4.490761757090164,4.855339172255262
17.161897897720337,-2.532517437250727,-0.041624235425302386,1.7562727102551798,4.535142221974222,4.780714197117278
17.182855129241943,-2.550269654795441,-0.040638005159737284,1.7536427644427919,4.5837963655791105,4.706417977757002
17.20241928100586,-2.587417816189411,-0.037021827526629913,1.7503553321794012,4.627848094152856,4.6380391662301745
17.222419500350952,-2.6045125464507195,-0.037021827526629913,1.7490403592746924,4.672886059401245,4.573605294581378
17.240919828414917,-2.660399169603468,-0.03472062358425049,1.7464104134663763,4.715294074170506,4.5118013844214655
17.260895490646362,-2.7531052321563223,-0.03143318938887754,1.7460816702404398,4.758688325601662,4.4532849229672085
17.279903650283813,-2.8675084883091535,-0.02715952494897722,1.7427942379823236,4.803068814005532,4.395754700219052
17.300013065338135,-2.9569271489452373,-0.02551580786093824,1.7427942379823236,4.849421772921059,4.342169412466325
17.31901216506958,-3.013800058083784,-0.025844551278358247,1.73983554895195,4.893144780857747,4.291871570364389
17.337520360946655,-3.07165921156576,-0.024529577609241127,1.740821778628539,4.936210303929818,4.242231220764749
17.356731176376343,-3.0917126702922766,-0.024529577609241127,1.7404930354029868,4.9815770424806045,4.1945633394042545
17.376243591308594,-3.123929704650635,-0.03143318938887754,1.7365481166981045,5.025300062868956,4.1455804860354695
17.394756078720093,-3.1472706190836597,-0.024858321026379693,1.7358906302476018,5.072968022240002,4.095940148795946
17.413773775100708,-3.164036628973463,-0.024529577609241127,1.7349044005720142,5.116691051511282,4.044984839944104
17.43286681175232,-3.1965824151107376,-0.023872090775245325,1.7332606844464753,5.163372786790394,3.9963307424944916
17.451639890670776,-3.204143557768442,-0.024529577609241127,1.7349044005720142,5.210383271733204,3.947019161061617
17.47064471244812,-3.1873775460043525,-0.024200834192196347,1.7339181708966247,5.258051251214252,3.8924476820043865
17.49086594581604,-3.198883632424385,-0.024858321026379693,1.7335894276715391,5.307362959746273,3.8355750008093907
17.51086735725403,-3.211047209900288,-0.024529577609241127,1.731616968321485,5.357332163630085,3.7773873492926975
17.530369758605957,-3.1886925272907574,-0.024529577609241127,1.7296445089722172,5.408287608000447,3.715583521410891
17.549837350845337,-3.129189628898588,-0.02551580786093824,1.7309594818716418,5.456613099808041,3.654765930085848
17.569835424423218,-3.1209709972946724,-0.024858321026379693,1.7319457115464394,5.508226046413103,3.593290856449895
17.588863849639893,-3.055550696333144,-0.025844551278358247,1.7332606844464753,5.556880295175746,3.533130762540797
17.608860969543457,-2.998349035670216,-0.026502038113479925,1.7342469141217325,5.6061920399035,3.4693544932564153
17.62737798690796,-2.9302987956008435,-0.026502038113479925,1.731616968321485,5.656490025945221,3.406564459950462
17.646376609802246,-2.8490987666550605,-0.02748826836686677,1.7312882250965524,5.703829312916781,3.345089405834164
17.66563582420349,-2.7557351916925468,-0.029789472294726144,1.7322744547714153,5.754784801988653,3.279340689806538
17.6845543384552,-2.627524684467201,-0.028803242039364962,1.7332606844464753,5.80672653342276,3.2178656448013356
17.704672813415527,-2.5315312029648545,-0.031104445969858924,1.7332606844464753,5.857353291283475,3.1511307076305046
17.724671363830566,-2.411868126726342,-0.029789472294726144,1.7329319412214335,5.908966291851773,3.0870257231987384
17.744181394577026,-2.2783978116386505,-0.031761932807990445,1.735561887022384,5.9628805168210635,3.021605769080587
17.763302087783813,-2.1337502245492868,-0.033405649904969165,1.7385205760501443,6.012192315023656,2.9575007930170627
17.782731533050537,-2.0278945190061255,-0.03636434068547742,1.7395068057264649,6.063476592402923,2.895039538040407
17.802238702774048,-1.9279562346369488,-0.03932303147364474,1.744766697336921,6.117390840782621,2.8315920563592476
17.821414947509766,-1.8595774201925892,-0.041624235425302386,1.744109210885298,6.167031406126031,2.7691308083935757
17.840426921844482,-1.7737751709472815,-0.04458292622712487,1.7477253863703512,6.210097067946794,2.7066695636820928
17.860466480255127,-1.7014514470218651,-0.04754161703665025,1.748054129596402,6.245930332685845,2.641578375127291
17.87897777557373,-1.6495098695859458,-0.049842821004949994,1.7510128186318943,6.271572487760009,2.580432110013377
17.89888072013855,-1.6166354560824423,-0.05115779470322057,1.7477253863703512,6.2843935660281875,2.5219157943057935
17.91787815093994,-1.587705973842845,-0.05345899867887288,1.7470678999183182,6.290968478150234,2.458797074365018
17.93744468688965,-1.5548315640550054,-0.05641768951160167,1.748382872822476,6.291954714979646,2.406198143050653
17.95799469947815,-1.5209709240069678,-0.0603626106339899,1.7464104134663763,6.288667258892875,2.355242929958071
17.977781534194946,-1.5140672986172452,-0.0603626106339899,1.7414792650797104,6.280448618816713,2.3102050977110635
17.99680495262146,-1.5239296206285113,-0.05970512377929818,1.7375343463740243,6.269271268635344,2.266810983034064
18.01580500602722,-1.5130810664256242,-0.06365004491322024,1.7372056031486953,6.258422664401947,2.2290055051505195
18.03549838066101,-1.5048624648958504,-0.06299255805660403,1.7332606844464753,6.245272841555663,2.194487460757698
18.053911924362183,-1.5245871087687488,-0.06200632777240203,1.7306307386467532,6.2294930548137195,2.165229309296388
18.072914838790894,-1.5189984596012596,-0.06266381462844045,1.7273433063990586,6.2127270322030315,2.1399160774558013
18.091938257217407,-1.5245871087687488,-0.07055365693099264,1.7224121580315526,6.197604738006253,2.1172327920261593
18.11107110977173,-1.5308332461394416,-0.06463627519886725,1.721097185134361,6.18478366301521,2.0965219663956405
18.130401611328125,-1.5163685070710757,-0.06397878834167287,1.716823523220817,6.169332624559966,2.0797560600664133
18.150047302246094,-1.5268883172656469,-0.06200632777240203,1.7145223206534492,6.154867823230529,2.065291356660339
18.17228388786316,-1.5232721324890437,-0.06332130148486398,1.7151798071011648,6.1381018042659985,2.052141626364823
18.195438861846924,-1.5199846918032487,-0.06299255805660403,1.7132073477582668,6.121664531559028,2.040635612412654
18.218850135803223,-1.5229433884195986,-0.06299255805660403,1.7141935774296226,6.103912277908306,2.032745774303945
18.242361545562744,-1.5226146443503459,-0.06266381462844045,1.7089336858511956,6.089118733889349,2.028800855258609
18.266366958618164,-1.521628412143742,-0.0708824003614737,1.7076187129574063,6.073667699692517,2.028472112005101
18.28990650177002,-1.5239296206285113,-0.06266381462844045,1.708604942627718,6.0621616108386736,2.0304445715267727
18.31107258796692,-1.5259020850515348,-0.06430753177022186,1.7049887671707982,6.0529567400263655,2.034718233828861
18.330586671829224,-1.521628412143742,-0.06299255805660403,1.706632483287277,6.04671057782625,2.039978125902671
18.349589824676514,-1.5203134358709627,-0.06233507120037307,1.706961226510633,6.040464415736572,2.04852545054566
18.369680643081665,-1.526230829122713,-0.06200632777240203,1.706632483287277,6.03684821668244,2.059373978018766
18.389203786849976,-1.5196559477357268,-0.06332130148486398,1.7056462536173296,6.030930800128071,2.0718662218342936
18.410204648971558,-1.5268883172656469,-0.06200632777240203,1.708604942627718,6.025670874384897,2.087645898324314
18.433202028274536,-1.5239296206285113,-0.06134884091674858,1.708604942627718,6.017452240567231,2.108027980611999
18.456740617752075,-1.5222859002812854,-0.06365004491322024,1.7102486587453107,6.010548588307234,2.130711265949543
18.476722717285156,-1.5285320376263538,-0.06365004491322024,1.7112348884161113,6.002987445509397,2.155367011141701
18.496065378189087,-1.5209709240069678,-0.06200632777240203,1.7105774019688904,5.994440066887474,2.1813377297134973
18.51606583595276,-1.53181947836223,-0.06266381462844045,1.7105774019688904,5.982933980603871,2.2076371918855977
18.537583589553833,-1.5166972511366767,-0.06233507120037307,1.7155085503250536,5.971427894689881,2.2388678036579064
18.559760332107544,-1.528203293553827,-0.06200632777240203,1.713864834205817,5.956963101492404,2.275687051862741
18.57927656173706,-1.5706112805090686,-0.05674643293793952,1.7122211180870965,5.941840818316042,2.312835044088184
18.599790573120117,-1.5847472768817168,-0.05839015007106768,1.7118923748634145,5.923431083129046,2.3526129835175724
18.61888074874878,-1.5840897886702952,-0.05904763692499085,1.71715226644481,5.904692603629919,2.392390923865276
18.637882232666016,-1.5666663513534045,-0.05904763692499085,1.7161660367728937,5.885296634636876,2.433812581773606
18.657525539398193,-1.5614064458562606,-0.058718893497981234,1.7187959825650885,5.864256940620128,2.4745767541033
18.67554783821106,-1.5347781750410205,-0.06069135406147996,1.7191247257892073,5.841244776667551,2.5182996175704417
18.694732904434204,-1.6169642002076108,-0.045897899919295354,1.7187959825650885,5.81691763347542,2.5633374557372655
18.71375298500061,-1.8033621518183902,-0.03932303147364474,1.7112348884161113,5.79259049187568,2.610347755504093
18.733222723007202,-1.8197993641505457,-0.041624235425302386,1.7109061451924907,5.765304645748979,2.6567005701561643
18.752012491226196,-1.8066495942425573,-0.042281722269486954,1.7187959825650885,5.7386762917993765,2.702724643069299
18.772687435150146,-1.8585911873603347,-0.03932303147364474,1.7112348884161113,5.70876048897977,2.749406204455949
18.795618295669556,-1.855632488875153,-0.03932303147364474,1.7132073477582668,5.6752284930063635,2.8010189187811707
18.81866455078125,-1.8638510958213506,-0.03899428805235855,1.7132073477582668,5.640381519901277,2.8555903262111864
18.839179277420044,-1.8714122143304521,-0.03800805778906824,1.7148510638772967,5.606520784889178,2.9058880715403523
18.85917901992798,-1.8898218946556191,-0.03800805778906824,1.7174810096688238,5.5769337372846755,2.950597180445641
18.878334760665894,-1.919737626634294,-0.037021827526629913,1.713864834205817,5.546689202035548,2.9936625738965454
18.900455713272095,-1.95359829248685,-0.035706853844703124,1.7155085503250536,5.514800944546786,3.0403441474587947
18.922457218170166,-1.978254118609114,-0.03603559726504299,1.7161660367728937,5.480940220312513,3.0893269276940396
18.944182634353638,-1.9792403516799648,-0.035706853844703124,1.7155085503250536,5.448394478346931,3.1376522233657345
18.96418046951294,-1.9772678855402652,-0.03603559726504299,1.718467239340991,5.417492463141096,3.1820325991178393
18.983959197998047,-1.9956775698226938,-0.036693084106006385,1.7164947799968449,5.387576684689709,3.224111772175318
19.006144523620605,-1.9976500360373237,-0.035706853844703124,1.721097185134361,5.356345929284924,3.2681634085788174
19.029690504074097,-2.015073487950142,-0.03636434068547742,1.7181384961169144,5.321827728677004,3.314844995835709
19.052778959274292,-2.0180321873942018,-0.03472062358425049,1.7217546715829144,5.28566580728341,3.3644852780329995
19.07270097732544,-2.0275657746157925,-0.035049367004306886,1.7227409012559036,5.2527913359761005,3.4072219471849783
19.095585107803345,-2.028552007787469,-0.035049367004306886,1.7181384961169144,5.220574356556046,3.4539035421970965
19.116865634918213,-2.032496940494494,-0.03603559726504299,1.7220834148072228,5.190658592115216,3.4946677541539914
19.137088537216187,-2.044331738810959,-0.03439188016428854,1.7253708470514784,5.1600853404811735,3.535431968231384
19.15626835823059,-2.0436742500078995,-0.03373439332464789,1.7230696444802758,5.132142047850111,3.5725800039092697
19.175579071044922,-2.0436742500078995,-0.0412954920033525,1.726357076725172,5.103541267818987,3.6097280414136197
19.194273471832275,-2.0463042052255798,-0.033405649904969165,1.726028333500586,5.075597978766481,3.6465473370562558
19.214272260665894,-2.038414339616056,-0.03373439332464789,1.7240558741535204,5.049627158744399,3.682051659611323
19.23258376121521,-2.0446604832128292,-0.03439188016428854,1.7286582792978766,5.022670106636539,3.719199702679696
19.252858877182007,-2.0449892276149253,-0.03472062358425049,1.727672049623731,4.996699289659298,3.7583202103202304
19.273937463760376,-2.0344694068602065,-0.033405649904969165,1.7289870225226351,4.968756007220026,3.7977694639490847
19.295666694641113,-2.027237030225685,-0.035378110424457765,1.7312882250965524,4.938182770730726,3.8398486703264005
19.317178964614868,-2.0249358195012492,-0.03373439332464789,1.7312882250965524,4.910568236279025,3.882256623166419
19.33768391609192,-2.0147447435685932,-0.03439188016428854,1.7332606844464753,4.8799950036092445,3.924335834873893
19.359071969985962,-2.01277227728402,-0.03439188016428854,1.7319457115464394,4.852709216986524,3.964771329938984
19.38306474685669,-2.0180321873942018,-0.035049367004306886,1.7358906302476018,4.819177288581558,4.01243919325908
19.405700206756592,-2.020990886856488,-0.03406313674442102,1.735561887022384,4.790905272335337,4.0597783162729755
19.42811632156372,-2.0361131288378513,-0.033405649904969165,1.7339181708966247,4.758030836914994,4.104158747395108
19.45068621635437,-2.0541940709657878,-0.03439188016428854,1.7362193734728422,4.726471380991687,4.15215536544753
19.473785400390625,-2.049591649268101,-0.03406313674442102,1.7362193734728422,4.695569415689295,4.198508267369121
19.49502944946289,-2.051892860111377,-0.03472062358425049,1.738849319275562,4.664009963742094,4.243874940881456
19.514941215515137,-2.0630701700801017,-0.03472062358425049,1.738849319275562,4.635409212126119,4.284967945327438
19.535743713378906,-2.0870685129632705,-0.035378110424457765,1.7404930354029868,4.607137206366228,4.325732208670019
19.557730197906494,-2.105478201483214,-0.03406313674442102,1.742136751530972,4.5775502252663225,4.371756380521833
19.58083486557007,-2.107450668153208,-0.042610465691721666,1.7418080083053298,4.54829199006731,4.41712306795707
19.603694200515747,-2.1097518792787078,-0.037021827526629913,1.7427942379823236,4.5203487332641865,4.461174782564391
19.626067876815796,-2.1146830460143415,-0.03603559726504299,1.7418080083053298,4.490761757090164,4.509171430959277
19.648243188858032,-2.1406538583495194,-0.036693084106006385,1.7437804676595203,4.463147247481813,4.5509219437256805
19.668242692947388,-2.178130729349591,-0.03735057094734806,1.7450954405627666,4.439477668950574,4.590371250200639
19.68788194656372,-2.1919379983827683,-0.03767931436816083,1.7450954405627666,4.418766788586989,4.625875628613114
19.707414150238037,-2.1952254434520895,-0.03998051831650143,1.7434517244337657,4.398713397240633,4.663023730900756
19.726924419403076,-2.197197910505042,-0.0412954920033525,1.745752927014526,4.378660006628905,4.695898159990902
19.745925664901733,-2.2123201581945864,-0.04096674858149746,1.745752927014526,4.359592849019185,4.727786358281395
19.765024662017822,-2.229414873580123,-0.041624235425302386,1.7470678999183182,4.343484388790913,4.753099671793155
19.78471302986145,-2.2570294151844212,-0.04195297884734722,1.747396643144323,4.327047184955966,4.782686663271802
19.804226875305176,-2.2685354746868467,-0.04326795253647597,1.744109210885298,4.312253701916508,4.805370024626256
19.823230266571045,-2.269850452934516,-0.043596695958995624,1.7460816702404398,4.2987751954853035,4.831669575359427
19.84274196624756,-2.288588893384485,-0.04392543938161031,1.748382872822476,4.286611665566726,4.854024194619074
19.861741065979004,-2.328695733495407,-0.04425418280432003,1.744766697336921,4.276420600159624,4.871776393015172
19.88075828552246,-2.3513791118944742,-0.051486538128027004,1.7464104134663763,4.268530743195276,4.885912403325624
19.90037441253662,-2.374391236109545,-0.04721287361298876,1.747396643144323,4.26261335054342,4.900377158501179
19.92060160636902,-2.38228110754891,-0.04951407758062101,1.7460816702404398,4.258997166175132,4.910568236279025
19.940109968185425,-2.4102244033855262,-0.04885659073224932,1.746739156692336,4.258339678110619,4.91780061419156
19.960482835769653,-2.4477012971199326,-0.051486538128027004,1.7464104134663763,4.259983398273315,4.919115592005875
19.979353666305542,-2.4664397452196245,-0.051815281552929,1.7464104134663763,4.262284606508998,4.919773080914423
19.99853229522705,-2.468740958201084,-0.052801511828208414,1.7470678999183182,4.266558278971198,4.914184425221295
20.01753258705139,-2.471042171195024,-0.0531302552534928,1.748054129596402,4.274776879949733,4.904650836251986
20.03662943840027,-2.4743296183508874,-0.051815281552929,1.7477253863703512,4.284639201280149,4.891829803116361
20.056029319763184,-2.4976704938922087,-0.04852784730820653,1.7477253863703512,4.29844645143002,4.873091370700616
20.07550024986267,-2.5137789862169075,-0.045897899919295354,1.747396643144323,4.3161986306889855,4.851394239357612
20.09757351875305,-2.5206826259738655,-0.04524041307301985,1.7470678999183182,4.341511924305193,4.820492266121795
20.120281219482422,-2.5187101574602715,-0.041624235425302386,1.746739156692336,4.37142763642365,4.786302851242589
20.143638610839844,-2.5144364757126714,-0.0412954920033525,1.7450954405627666,4.40989069724439,4.744881063367101
20.164684772491455,-2.4996429623069782,-0.04030926173807195,1.7437804676595203,4.4522986905257085,4.699843091627113
20.184635639190674,-2.4970130044226715,-0.03899428805235855,1.7434517244337657,4.494377942978257,4.657106333893305
20.20666742324829,-2.4848494494211573,-0.03866554463116709,1.7470678999183182,4.543360826993612,4.606479717878819
20.228278636932373,-2.4740008736341537,-0.038336801210070326,1.744109210885298,4.596946134906186,4.55289440897817
20.25218653678894,-2.4592073616447716,-0.037021827526629913,1.744766697336921,4.651188936955333,4.489446780409691
20.274184465408325,-2.4670972346416256,-0.035378110424457765,1.7450954405627666,4.705103000524064,4.42402669463613
20.296432733535767,-2.44868753120989,-0.03439188016428854,1.7424654947566367,4.756387115202191,4.3563054081183585
20.317432403564453,-2.456577404011689,-0.03406313674442102,1.7418080083053298,4.807342490881333,4.290227850109887
20.337944269180298,-2.4700559370532353,-0.03274816306589473,1.7414792650797104,4.8563254054847915,4.224479043801842
20.360032081604004,-2.449016275907049,-0.033405649904969165,1.7414792650797104,4.904322091808233,4.157415269029354
20.38262414932251,-2.4634810428332163,-0.03274816306589473,1.7391780625010025,4.956592461277539,4.089365269996505
20.40425133705139,-2.4825482363521822,-0.031761932807990445,1.73983554895195,5.009191581184749,4.018027839539074
20.427153825759888,-2.4950405360202166,-0.030446959132104184,1.735233143797188,5.061790707174988,3.9483341365172033
20.452574253082275,-2.5022729202077163,-0.030446959132104184,1.736876859923389,5.11603356231738,3.8779829533779195
20.47400975227356,-2.519038902211892,-0.02847449862109938,1.7335894276715391,5.173892615146505,3.8105904718661088
20.49627423286438,-2.541722290697979,-0.02715952494897722,1.7322744547714153,5.225176782039105,3.748129153497682
20.5194833278656,-2.5926777331171476,-0.02748826836686677,1.7322744547714153,5.280734636424757,3.684681609499596
20.541272401809692,-2.622593511925978,-0.028803242039364962,1.7312882250965524,5.333991284755594,3.6255077393209403
20.564234972000122,-2.623908491264475,-0.028145755202927836,1.7289870225226351,5.389220408723852,3.5696213107356507
20.588783740997314,-2.6929449125214404,-0.028803242039364962,1.7293157657474154,5.446422009221066,3.5091324750333737
20.612802982330322,-2.725161913162412,-0.02715952494897722,1.7286582792978766,5.505267342288253,3.454232285833538
20.638508081436157,-2.7057659634857867,-0.027817011784850326,1.7283295360731397,5.565427663818679,3.3953871770443933
20.662511587142944,-2.6873562494089067,-0.02847449862109938,1.7293157657474154,5.625916739535119,3.3371995596437944
20.687019109725952,-2.6876849942957253,-0.028145755202927836,1.7296445089722172,5.688378294998587,3.281313151214489
20.707530975341797,-2.660399169603468,-0.028145755202927836,1.7280007928484244,5.744264958521913,3.2290429253959214
20.727043628692627,-2.597280160484113,-0.030446959132104184,1.726357076725172,5.791604256438882,3.1846625473771435
20.746044158935547,-2.522655094496752,-0.032090676227197606,1.7309594818716418,5.839929795913607,3.1399534279826495
20.765044450759888,-2.4444138501698705,-0.031761932807990445,1.7335894276715391,5.8869403607828,3.0952443107069993
20.784080505371094,-2.3684738326239634,-0.03143318938887754,1.7345756573468623,5.9346084222380995,3.0492202215496453
20.80310606956482,-2.2859589367825994,-0.032419419646499026,1.735561887022384,5.983591471238683,3.004182364934962
20.82216215133667,-2.1801031963288526,-0.03439188016428854,1.7391780625010025,6.029615818684964,2.9575007930170627
20.841936349868774,-2.0657001254051304,-0.036693084106006385,1.7401642921774572,6.079913862370963,2.9121341969377346
20.860944271087646,-1.9812128178276731,-0.03998051831650143,1.7424654947566367,6.1279106950959825,2.8670963461838235
20.879945039749146,-1.9108615301448382,-0.04195297884734722,1.7470678999183182,6.175250043460751,2.821072266993957
20.900139093399048,-1.8539887675019988,-0.049185334156387484,1.7500265889531894,6.220945670634527,2.7734044726226736
20.920053958892822,-1.8105945251794253,-0.045897899919295354,1.7523277915371576,6.261710120193429,2.728037883884307
20.94056987762451,-1.7655565654507757,-0.04885659073224932,1.7516703050844795,6.294913425485275,2.682013810053901
20.95963740348816,-1.7139437258964991,-0.05115779470322057,1.7546289941222621,6.321541821212483,2.6382909414483233
20.98015332221985,-1.6820555409319127,-0.05247276840301965,1.7549577373487988,6.342581542796109,2.5948968176418035
20.99966549873352,-1.6403050336035312,-0.05641768951160167,1.752985277989928,6.357703843507279,2.552817668593565
21.01876950263977,-1.5952670883714792,-0.06069135406147996,1.7569301967085111,6.365264994121728,2.5133684674911327
21.039443731307983,-1.587705973842845,-0.055102715807208824,1.7562727102551798,6.372826144909105,2.477206700742131
21.06147027015686,-1.5788298830071936,-0.05773266321752854,1.7543002508957488,6.3767710932147335,2.4436748814332474
21.081496000289917,-1.5459554737467052,-0.0603626106339899,1.7519990483108068,6.379401058778028,2.4144167259544735
21.10128664970398,-1.518340971467561,-0.06167758434452722,1.7536427644427919,6.379729804474915,2.394363383741807
21.122196197509766,-1.5236008765586813,-0.06134884091674858,1.7523277915371576,6.3787435673852375,2.3739812984637916
21.14388394355774,-1.5189984596012596,-0.06167758434452722,1.7500265889531894,6.374469873364053,2.356557903179829
21.166470289230347,-1.520642179938869,-0.06200632777240203,1.7546289941222621,6.371839907840066,2.3457093741303336
21.18935227394104,-1.5245871087687488,-0.06233507120037307,1.749369102500835,6.368881196650621,2.338805764770555
21.21423840522766,-1.518340971467561,-0.06266381462844045,1.7477253863703512,6.365922485487675,2.336504561656697
21.237985610961914,-1.5255733409805496,-0.06167758434452722,1.7503553321794012,6.36296377435121,2.3384770214683903
21.260411739349365,-1.5314907342877744,-0.06266381462844045,1.7500265889531894,6.360333808918794,2.3440656576136174
21.283578395843506,-1.539709336207123,-0.0610200974890662,1.746739156692336,6.358690080534148,2.354256700042413
21.306713104248047,-1.537736871735461,-0.06069135406147996,1.7500265889531894,6.357703843507279,2.3670776889902876
21.328187704086304,-1.5433255210899353,-0.058718893497981234,1.7506840754056363,6.353430149758114,2.383514854449928
21.346736669540405,-1.5482566823315604,-0.05773266321752854,1.7510128186318943,6.348498964731406,2.400609506699727
21.365737199783325,-1.54431175333477,-0.058718893497981234,1.7490403592746924,6.343567779778001,2.41737541581005
21.38429284095764,-1.5469417059961934,-0.05904763692499085,1.752656534763531,6.336992866620694,2.4377575016300783
21.403808116912842,-1.543654265171353,-0.05904763692499085,1.752656534763531,6.325815514551562,2.459454561017556
21.42280864715576,-1.543654265171353,-0.05937638035209647,1.7539715076692586,6.314309417224918,2.4818091073710145
21.441319942474365,-1.6011844824231596,-0.052801511828208414,1.7500265889531894,6.300173355337523,2.507779830754518
21.46031880378723,-1.6311001977780362,-0.0521440249779265,1.7500265889531894,6.282749838017781,2.535065527964449
21.479866981506348,-1.6472086605756049,-0.0508290512785097,1.7490403592746924,6.2656550671854605,2.5633374557372655
21.499390363693237,-1.6790968434549656,-0.04885659073224932,1.748382872822476,6.242971622610078,2.5935818442147713
21.5203914642334,-1.7201898654447494,-0.045897899919295354,1.7460816702404398,6.220616925093461,2.6251412068137676
21.543232917785645,-1.7402432613384444,-0.045569156496110014,1.744109210885298,6.190372336670272,2.6622892074936395
21.566288709640503,-1.7372845635353797,-0.04425418280432003,1.7454241837886348,6.1551965687085515,2.702724643069299
21.588682651519775,-1.7491193548481727,-0.0449116696500248,1.7454241837886348,6.118377077110977,2.7408588761825805
21.612363815307617,-1.7645703327999545,-0.04787036046040702,1.7444379541110984,6.082872571046936,2.7806368275067554
21.633896827697754,-1.8283467147725212,-0.03932303147364474,1.7427942379823236,6.043751869454224,2.8220584972428724
21.653876543045044,-1.8316341573576698,-0.03866554463116709,1.7418080083053298,6.007918625576744,2.8575627867695608
21.673384428024292,-1.8263742492316348,-0.03866554463116709,1.7375343463740243,5.971427894689881,2.892080847104513
21.693678617477417,-1.8316341573576698,-0.03965177489502569,1.7372056031486953,5.933950931692728,2.929557599552436
21.715200901031494,-1.8431402065733713,-0.03800805778906824,1.7385205760501443,5.895487736860712,2.9676918402290138
21.736701011657715,-1.8612211415839723,-0.03735057094734806,1.7385205760501443,5.855052074866693,3.008456030075172
21.755765438079834,-1.876672122925702,-0.04030926173807195,1.7375343463740243,5.818232614147718,3.045932786691975
21.77527356147766,-1.8862057073954064,-0.03636434068547742,1.7395068057264649,5.778454450863321,3.083738288214891
21.795791149139404,-1.8973830135571441,-0.035706853844703124,1.7365481166981045,5.741634997701018,3.124502482804965
21.817086219787598,-1.9108615301448382,-0.035706853844703124,1.7395068057264649,5.700541862243545,3.161321756837332
21.837899923324585,-1.9266412573473308,-0.03472062358425049,1.7395068057264649,5.662407436497555,3.201757211246418
21.859830617904663,-1.9358460984483175,-0.036693084106006385,1.736876859923389,5.620328074538007,3.24285015455799
21.882320165634155,-1.9483383830751368,-0.035378110424457765,1.7362193734728422,5.579563696981312,3.286901791894581
21.902899026870728,-1.9483383830751368,-0.035706853844703124,1.7375343463740243,5.538470578726522,3.3273372520091073
21.92288064956665,-1.955242014189597,-0.03406313674442102,1.735561887022384,5.501979893286317,3.3667864832389234
21.94242000579834,-1.9618169010558344,-0.035049367004306886,1.736876859923389,5.464174231699678,3.4032770237858037
21.96147894859314,-1.9703642541143174,-0.035378110424457765,1.7358906302476018,5.425711083977608,3.4417400277436303
21.981005907058716,-1.9749666750540646,-0.035049367004306886,1.7385205760501443,5.388562919109407,3.477901828014126
22.000147819519043,-1.9743091863457212,-0.035049367004306886,1.735233143797188,5.348784799383196,3.5134061426172836
22.019147157669067,-1.9831852839833954,-0.035049367004306886,1.736876859923389,5.308677938719367,3.549567946196408
22.037657022476196,-1.984829005785955,-0.03406313674442102,1.735233143797188,5.266269868904071,3.5854010077957037
22.05765962600708,-1.986472727594086,-0.03406313674442102,1.7358906302476018,5.22287556929141,3.620247839981108
22.076658964157104,-1.9891026824986893,-0.035049367004306886,1.7342469141217325,5.177508806202644,3.656409648702889
22.096230268478394,-1.9871302163188986,-0.035049367004306886,1.7345756573468623,5.131813303241514,3.691256484262421
22.115230083465576,-1.9802265847528175,-0.03472062358425049,1.7342469141217325,5.087104038752073,3.725774577761242
22.136003732681274,-1.9877877050446033,-0.03472062358425049,1.7319457115464394,5.040422311502127,3.762265135581886
22.158121347427368,-2.001266224118397,-0.03406313674442102,1.7335894276715391,4.9878231879938095,3.802700620811762
22.180046319961548,-1.99140389305193,-0.03603559726504299,1.7326031979964134,4.933909092672687,3.843793596058504
22.20183300971985,-1.995020081086272,-0.035378110424457765,1.7322744547714153,4.881967470173116,3.883571598491512
22.223236560821533,-1.9868014719563807,-0.03472062358425049,1.7286582792978766,4.83035459778852,3.9230208594670537
22.245786666870117,-1.9762816524734166,-0.03439188016428854,1.7286582792978766,4.7764405204766245,3.9627988667061342
22.265767574310303,-1.9759529081182456,-0.035706853844703124,1.7280007928484244,4.723841426422782,4.002905620307873
22.28530240058899,-1.9660905775663504,-0.03439188016428854,1.7296445089722172,4.67387229226195,4.0410399129827095
22.305381536483765,-1.9769391411844268,-0.03406313674442102,1.7289870225226351,4.6235744188264105,4.077859232267801
22.32450556755066,-1.98811644940779,-0.03439188016428854,1.727672049623731,4.574262783026778,4.115007297716438
22.347264766693115,-1.99140389305193,-0.041624235425302386,1.7217546715829144,4.520677477453217,4.1557715491550455
22.36726713180542,-1.9802265847528175,-0.03406313674442102,1.7240558741535204,4.466434689026986,4.194892083400314
22.387381315231323,-1.978582862965842,-0.03373439332464789,1.7253708470514784,4.4135068825887265,4.233683876233224
22.407691478729248,-1.9818703065453567,-0.03406313674442102,1.7227409012559036,4.36090782538497,4.274119391867101
22.42731523513794,-1.9917326374175717,-0.03373439332464789,1.7220834148072228,4.3092950053552705,4.311596213790446
22.44762873649597,-2.000937479746271,-0.035049367004306886,1.7194534690133467,4.25373726168009,4.351702990889898
22.46805500984192,-2.006526134102876,-0.03406313674442102,1.7197822122375075,4.199823243363304,4.389508562114827
22.488569498062134,-2.0134297660446454,-0.03406313674442102,1.7197822122375075,4.145909230004354,4.4286291124709365
22.50825309753418,-2.0193471649307444,-0.035706853844703124,1.71715226644481,4.092323965447479,4.46906464227766
22.5292751789093,-2.0121147885242934,-0.035706853844703124,1.71715226644481,4.03742372995676,4.510486407688733
22.5488920211792,-2.019018420546271,-0.037021827526629913,1.7181384961169144,3.984495962602593,4.5509219437256805
22.570210218429565,-2.0183609317779996,-0.03800805778906824,1.71715226644481,3.9309107119480036,4.591686227135021
22.589820623397827,-2.0239495863370163,-0.036693084106006385,1.7148510638772967,3.8796266725240764,4.63245051377535
22.60886859893799,-2.029866985352864,-0.037021827526629913,1.7128786045345228,3.8316300751254353,4.671571082256654
22.62789535522461,-2.0347981512552833,-0.03735057094734806,1.7148510638772967,3.784948456272172,4.709376676543849
22.647412300109863,-2.0397293172085806,-0.03767931436816083,1.7132073477582668,3.7385955843465837,4.747839762384608
22.66641116142273,-2.046632949628811,-0.03767931436816083,1.7118923748634145,3.691256484262421,4.786631595604907
22.68588161468506,-2.0541940709657878,-0.036693084106006385,1.7092624290746938,3.6429311561525406,4.8257521763187885
22.704960823059082,-2.0630701700801017,-0.03899428805235855,1.7105774019688904,3.594934574929978,4.865201504642788
22.723464488983154,-2.0745762247349724,-0.038336801210070326,1.7105774019688904,3.5452942784120216,4.903335858478356
22.742469310760498,-2.086082279670052,-0.03965177489502569,1.708604942627718,3.4953252414608844,4.9411414709478105
22.76257348060608,-2.0989033126432086,-0.03932303147364474,1.7082761994042603,3.4433837459022394,4.978289597507855
22.781651973724365,-2.1229016573561257,-0.03800805778906824,1.7043312807243476,3.389141048427791,5.014780238030835
22.80520009994507,-2.1413113472882324,-0.03767931436816083,1.7040025375011523,3.3296384571136315,5.055873305194626
22.826199293136597,-2.158077315540986,-0.03636434068547742,1.702358821385476,3.267505921452211,5.094336419466589
22.84505319595337,-2.167282161115109,-0.03636434068547742,1.7010438484932933,3.2116195174705604,5.128525857169051
22.867125034332275,-2.1912805093717425,-0.03439188016428854,1.6974276730414226,3.156061860458643,5.162715297526567
22.88979959487915,-2.203772800743148,-0.035706853844703124,1.6967701865958833,3.096559284714786,5.19953469783185
22.912543296813965,-2.2156076034110015,-0.03373439332464789,1.6954552137050396,3.0403441474587947,5.236682845962833
22.93514895439148,-2.224154961085132,-0.03307690648538475,1.6921677814792884,2.987416448018367,5.269557316024525
22.957056522369385,-2.234017297063414,-0.03307690648538475,1.6918390382568194,2.938762416142123,5.301116809680255
22.980212926864624,-2.242235910543102,-0.03373439332464789,1.6901953221447628,2.889779643048765,5.332018816178252
23.001544952392578,-2.2514407578182856,-0.03373439332464789,1.6888803492554616,2.845728023470973,5.362592080177225
23.025550603866577,-2.2504545241726523,-0.035049367004306886,1.689537835700074,2.7980602280904265,5.393494091243358
23.048345804214478,-2.2573581597375365,-0.035049367004306886,1.686250403477771,2.7540086120126155,5.4224236356231446
23.071425437927246,-2.2682067301255335,-0.03636434068547742,1.6878941195886856,2.71160071446551,5.450366947482393
23.095488786697388,-2.264590539967019,-0.03636434068547742,1.687236633144263,2.6695215617307486,5.476009047118676
23.11850905418396,-2.270179197497037,-0.03636434068547742,1.6855929170335373,2.628428640460253,5.500007423898121
23.138327598571777,-2.2853014476345557,-0.035706853844703124,1.684935430589379,2.5955543043557916,5.51743090383059
23.158427953720093,-2.2866164259316144,-0.03472062358425049,1.6813192551478444,2.5639949424363433,5.535840619303615
23.180166244506836,-2.2948350403762676,-0.03735057094734806,1.6803330254823616,2.52947689114499,5.551620376102844
23.201924800872803,-2.297793741613541,-0.035049367004306886,1.679346795817045,2.4985750173518766,5.568057623438397
23.224156141281128,-2.30765607921362,-0.03472062358425049,1.6790180525953098,2.4680018875260092,5.581864911730315
23.244873762130737,-2.3109435251291015,-0.03406313674442102,1.678360566151894,2.4397299615620023,5.593699730652733
23.26387071609497,-2.314888460259929,-0.03373439332464789,1.6760593636005157,2.4163891858575894,5.602247100096956
23.282896757125854,-2.323764564433111,-0.033405649904969165,1.6760593636005157,2.395020870367841,5.611123214717761
23.302177667617798,-2.320148373822488,-0.033405649904969165,1.6744156474929341,2.3752962717000403,5.61901309455036
