Time (s),Button (a19),Right Foot Force (ai18),Handle Force (ai20),Handle Position (ai21),Seat Position (ai22)
0.024845123291015625,-1.5295182698450915,-0.05773266321752854,1.3397550535946614,2.067592559469221,2.504821140726027
0.0454864501953125,-1.5298470139183897,-0.057403919790902924,1.33844008073748,2.0689075325038346,2.5058073707348685
0.06566977500915527,-1.5295182698450915,-0.05773266321752854,1.3427137425230895,2.0702225055391525,2.507779830754518
0.08564472198486328,-1.5285320376263538,-0.057403919790902924,1.337453851094552,2.0689075325038346,2.505478627398515
0.10644721984863281,-1.5285320376263538,-0.05773266321752854,1.33844008073748,2.0682500459864395,2.504821140726027
0.12725210189819336,-1.5308332461394416,-0.05773266321752854,1.386436589993869,2.068578789245115,2.50383491071784
0.1475684642791748,-1.5295182698450915,-0.05773266321752854,1.344686201808538,2.069236275762598,2.5051498840622344
0.1670856475830078,-1.5285320376263538,-0.05839015007106768,1.3381113375231748,2.0682500459864395,2.504821140726027
0.1870863437652588,-1.5288607816990736,-0.057403919790902924,1.3387688239517814,2.068578789245115,2.5051498840622344
0.20742559432983398,-1.5308332461394416,-0.05839015007106768,1.3433712289515871,2.0682500459864395,2.504821140726027
0.22943401336669922,-1.530504502065565,-0.057403919790902924,1.3453436882369914,2.0702225055391525,2.5071223440810098
0.2499680519104004,-1.529189525771986,-0.05773266321752854,1.3377825943088655,2.068578789245115,2.504821140726027
0.2702908515930176,-1.5288607816990736,-0.057403919790902924,1.3798617257147974,2.065948843176943,2.504821140726027
0.29239392280578613,-1.5285320376263538,-0.05806140664425011,1.3417275128803148,2.0679213027278087,2.5058073707348685
0.31355714797973633,-1.5288607816990736,-0.057403919790902924,1.342384999308835,2.0682500459864395,2.504821140726027
0.3407306671142578,-1.5295182698450915,-0.057403919790902924,1.3430424857373402,2.0689075325038346,2.505478627398515
0.3618452548980713,-1.529189525771986,-0.05806140664425011,1.3397550535946614,2.068578789245115,2.5051498840622344
0.38415050506591797,-1.528203293553827,-0.05806140664425011,1.3440287153800698,2.0689075325038346,2.505478627398515
0.40384554862976074,-1.5295182698450915,-0.05773266321752854,1.33844008073748,2.068578789245115,2.504821140726027
0.4248013496398926,-1.5285320376263538,-0.05773266321752854,1.3397550535946614,2.0679213027278087,2.5058073707348685
0.44548988342285156,-1.5295182698450915,-0.05641768951160167,1.3400837968089467,2.0689075325038346,2.505478627398515
0.465543270111084,-1.5295182698450915,-0.05707517636437326,1.3742730910771788,2.0708799920570766,2.5074510874177274
0.4866068363189697,-1.5314907342877744,-0.05773266321752854,1.3851216171380887,2.0682500459864395,2.50383491071784
0.5057418346405029,-1.529189525771986,-0.05839015007106768,1.3397550535946614,2.068578789245115,2.5051498840622344
0.5262675285339355,-1.5278745494814927,-0.05839015007106768,1.340412540023228,2.0682500459864395,2.5051498840622344
0.546755313873291,-1.5308332461394416,-0.05707517636437326,1.3463299178796448,2.068578789245115,2.5051498840622344
0.5674176216125488,-1.5285320376263538,-0.05806140664425011,1.3397550535946614,2.0689075325038346,2.5051498840622344
0.5864155292510986,-1.528203293553827,-0.05707517636437326,1.3377825943088655,2.0682500459864395,2.5051498840622344
0.6070132255554199,-1.5298470139183897,-0.058718893497981234,1.3436999721658303,2.0689075325038346,2.5051498840622344
0.6279335021972656,-1.5295182698450915,-0.05806140664425011,1.3387688239517814,2.068578789245115,2.505478627398515
0.6484394073486328,-1.5295182698450915,-0.05773266321752854,1.3436999721658303,2.0689075325038346,2.505478627398515
0.6684000492095947,-1.5301757579918809,-0.055760202659213554,1.3538910118056424,2.0695650190214057,2.5058073707348685
0.6893982887268066,-1.530504502065565,-0.05904763692499085,1.339097567166079,2.0682500459864395,2.5058073707348685
0.7101974487304688,-1.5288607816990736,-0.05806140664425011,1.33844008073748,2.068578789245115,2.505478627398515
0.731910228729248,-1.5295182698450915,-0.055102715807208824,1.3558634710904112,2.0695650190214057,2.5061361140712948
0.752763032913208,-1.5301757579918809,-0.05970512377929818,1.3387688239517814,2.0682500459864395,2.505478627398515
0.7733166217803955,-1.5295182698450915,-0.05773266321752854,1.3430424857373402,2.068578789245115,2.5058073707348685
0.7937026023864746,-1.5301757579918809,-0.05904763692499085,1.3427137425230895,2.068578789245115,2.505478627398515
0.8133120536804199,-1.5360931513477278,-0.05707517636437326,1.3460011746654306,2.0695650190214057,2.505478627398515
0.8337860107421875,-1.529189525771986,-0.057403919790902924,1.3460011746654306,2.069893762280257,2.5041636540538295
0.8546981811523438,-1.5285320376263538,-0.05773266321752854,1.344686201808538,2.0689075325038346,2.505478627398515
0.8746955394744873,-1.5301757579918809,-0.057403919790902924,1.3397550535946614,2.069236275762598,2.5061361140712948
0.8941619396209717,-1.5301757579918809,-0.058718893497981234,1.341398769666049,2.0682500459864395,2.5051498840622344
0.9142146110534668,-1.5295182698450915,-0.058718893497981234,1.3436999721658303,2.069236275762598,2.505478627398515
0.9342639446258545,-1.5298470139183897,-0.05839015007106768,1.3440287153800698,2.0702225055391525,2.5061361140712948
0.9539716243743896,-1.5288607816990736,-0.05806140664425011,1.3400837968089467,2.0689075325038346,2.505478627398515
0.973970890045166,-1.529189525771986,-0.05904763692499085,1.340412540023228,2.068578789245115,2.5051498840622344
0.9944822788238525,-1.5301757579918809,-0.05773266321752854,1.340412540023228,2.068578789245115,2.504821140726027
1.0139954090118408,-1.5295182698450915,-0.05806140664425011,1.3430424857373402,2.0689075325038346,2.5041636540538295
1.0341947078704834,-1.529189525771986,-0.05806140664425011,1.3453436882369914,2.0689075325038346,2.5051498840622344
1.0554921627044678,-1.5288607816990736,-0.05773266321752854,1.3417275128803148,2.068578789245115,2.5061361140712948
1.075960636138916,-1.5308332461394416,-0.05806140664425011,1.3440287153800698,2.0689075325038346,2.5058073707348685
1.0970845222473145,-1.532476966511721,-0.05773266321752854,1.3443574585943057,2.069236275762598,2.5061361140712948
1.117844581604004,-1.5301757579918809,-0.05773266321752854,1.3371251078802344,2.068578789245115,2.505478627398515
1.1392102241516113,-1.529189525771986,-0.05773266321752854,1.342056256094577,2.068578789245115,2.5061361140712948
1.1597442626953125,-1.5301757579918809,-0.05773266321752854,1.3719718885792,2.0718662218342936,2.5064648574077935
1.1815693378448486,-1.5301757579918809,-0.05773266321752854,1.3410700264517792,2.0679213027278087,2.505478627398515
1.2011382579803467,-1.5288607816990736,-0.057403919790902924,1.342384999308835,2.0682500459864395,2.5051498840622344
1.2215797901153564,-1.529189525771986,-0.058718893497981234,1.337453851094552,2.0682500459864395,2.5051498840622344
1.2405805587768555,-1.530504502065565,-0.05773266321752854,1.3407412832375056,2.0679213027278087,2.5051498840622344
1.2603096961975098,-1.530504502065565,-0.05937638035209647,1.3417275128803148,2.0682500459864395,2.505478627398515
1.279308795928955,-1.5301757579918809,-0.05674643293793952,1.3640820514425436,2.067592559469221,2.5041636540538295
1.2997550964355469,-1.5298470139183897,-0.06069135406147996,1.33844008073748,2.0682500459864395,2.504821140726027
1.3187768459320068,-1.5288607816990736,-0.057403919790902924,1.340412540023228,2.0679213027278087,2.505478627398515
1.3392701148986816,-1.529189525771986,-0.05806140664425011,1.3397550535946614,2.067592559469221,2.5051498840622344
1.358290195465088,-1.5285320376263538,-0.058718893497981234,1.3397550535946614,2.0672638162106773,2.5058073707348685
1.3782708644866943,-1.5295182698450915,-0.057403919790902924,1.3377825943088655,2.067592559469221,2.5058073707348685
1.3983838558197021,-1.5295182698450915,-0.057403919790902924,1.342056256094577,2.0679213027278087,2.5061361140712948
1.4191670417785645,-1.5288607816990736,-0.05839015007106768,1.3400837968089467,2.0679213027278087,2.5064648574077935
1.4400722980499268,-1.5288607816990736,-0.05773266321752854,1.3726293750072027,2.0695650190214057,2.5064648574077935
1.463071346282959,-1.5295182698450915,-0.05839015007106768,1.3377825943088655,2.0672638162106773,2.5051498840622344
1.4850640296936035,-1.5295182698450915,-0.05773266321752854,1.3397550535946614,2.0672638162106773,2.5051498840622344
1.507033348083496,-1.5295182698450915,-0.05970512377929818,1.339426310380372,2.0679213027278087,2.504821140726027
1.5311391353607178,-1.529189525771986,-0.057403919790902924,1.3433712289515871,2.065620099918619,2.5031774240460787
1.553727149963379,-1.5301757579918809,-0.05839015007106768,1.3433712289515871,2.0682500459864395,2.5094235474395648
1.5747249126434326,-1.530504502065565,-0.05839015007106768,1.339097567166079,2.067592559469221,2.5058073707348685
1.5977368354797363,-1.5285320376263538,-0.05773266321752854,1.340412540023228,2.066935072952178,2.5058073707348685
1.6198885440826416,-1.5295182698450915,-0.05904763692499085,1.3427137425230895,2.0672638162106773,2.5061361140712948
1.641892433166504,-1.529189525771986,-0.05806140664425011,1.342056256094577,2.0672638162106773,2.505478627398515
1.6645395755767822,-1.5295182698450915,-0.05806140664425011,1.3440287153800698,2.067592559469221,2.503506167381923
1.6876411437988281,-1.5288607816990736,-0.05806140664425011,1.3460011746654306,2.0679213027278087,2.5058073707348685
1.7123970985412598,-1.5301757579918809,-0.05707517636437326,1.3410700264517792,2.0672638162106773,2.505478627398515
1.735447883605957,-1.529189525771986,-0.058718893497981234,1.339097567166079,2.0672638162106773,2.5058073707348685
1.7590246200561523,-1.5278745494814927,-0.05806140664425011,1.3407412832375056,2.0672638162106773,2.5058073707348685
1.7820539474487305,-1.529189525771986,-0.057403919790902924,1.3463299178796448,2.062003924079943,2.5041636540538295
1.8062751293182373,-1.528203293553827,-0.05773266321752854,1.344686201808538,2.0672638162106773,2.505478627398515
1.827314853668213,-1.529189525771986,-0.057403919790902924,1.3361388782372565,2.0672638162106773,2.5061361140712948
1.8473618030548096,-1.529189525771986,-0.05839015007106768,1.342384999308835,2.0679213027278087,2.5041636540538295
1.8671510219573975,-1.529189525771986,-0.05641768951160167,1.3443574585943057,2.066935072952178,2.5031774240460787
1.8871688842773438,-1.5311619902135114,-0.06134884091674858,1.3371251078802344,2.0672638162106773,2.504821140726027
1.9064021110534668,-1.5298470139183897,-0.057403919790902924,1.339097567166079,2.0672638162106773,2.5061361140712948
1.9268620014190674,-1.5295182698450915,-0.06134884091674858,1.3502748364499466,2.066277586435311,2.5061361140712948
1.9463903903961182,-1.529189525771986,-0.057403919790902924,1.342384999308835,2.0672638162106773,2.5041636540538295
1.9662222862243652,-1.529189525771986,-0.05773266321752854,1.3410700264517792,2.0679213027278087,2.505478627398515
1.9847204685211182,-1.529189525771986,-0.05773266321752854,1.3377825943088655,2.067592559469221,2.5051498840622344
2.0045111179351807,-1.529189525771986,-0.05806140664425011,1.3407412832375056,2.067592559469221,2.505478627398515
2.0246293544769287,-1.5295182698450915,-0.057403919790902924,1.339426310380372,2.0679213027278087,2.5051498840622344
2.0442521572113037,-1.5298470139183897,-0.05773266321752854,1.3400837968089467,2.066935072952178,2.5051498840622344
2.0634491443634033,-1.5301757579918809,-0.05773266321752854,1.3427137425230895,2.0682500459864395,2.5058073707348685
2.084442615509033,-1.5295182698450915,-0.05773266321752854,1.3542197550197779,2.0689075325038346,2.50383491071784
2.104334592819214,-1.528203293553827,-0.05806140664425011,1.3371251078802344,2.0672638162106773,2.5031774240460787
2.123361349105835,-1.529189525771986,-0.05839015007106768,1.3436999721658303,2.0672638162106773,2.5084373174283177
2.143941640853882,-1.5295182698450915,-0.05806140664425011,1.3400837968089467,2.066935072952178,2.505478627398515
2.164653778076172,-1.5288607816990736,-0.06167758434452722,1.3397550535946614,2.066935072952178,2.504821140726027
2.184605598449707,-1.5295182698450915,-0.05839015007106768,1.342384999308835,2.067592559469221,2.504821140726027
2.2031147480010986,-1.5295182698450915,-0.058718893497981234,1.3407412832375056,2.0682500459864395,2.5051498840622344
2.224113941192627,-1.5298470139183897,-0.05806140664425011,1.3387688239517814,2.066935072952178,2.504821140726027
2.243619918823242,-1.530504502065565,-0.057403919790902924,1.3417275128803148,2.0666063296937223,2.5051498840622344
2.2636196613311768,-1.5301757579918809,-0.05839015007106768,1.341398769666049,2.0672638162106773,2.5071223440810098
2.283092975616455,-1.5298470139183897,-0.057403919790902924,1.386436589993869,2.065948843176943,2.50383491071784
2.30316424369812,-1.5275458054093514,-0.05773266321752854,1.337453851094552,2.0672638162106773,2.5061361140712948
2.322676658630371,-1.529189525771986,-0.06562250548538201,1.337453851094552,2.0672638162106773,2.5051498840622344
2.3426764011383057,-1.529189525771986,-0.057403919790902924,1.337453851094552,2.0666063296937223,2.505478627398515
2.362184524536133,-1.5295182698450915,-0.057403919790902924,1.344686201808538,2.067592559469221,2.5051498840622344
2.3821828365325928,-1.5288607816990736,-0.05806140664425011,1.371643145365196,2.069236275762598,2.506793600744365
2.401226043701172,-1.5295182698450915,-0.05806140664425011,1.3417275128803148,2.0679213027278087,2.505478627398515
2.4223201274871826,-1.529189525771986,-0.057403919790902924,1.3443574585943057,2.0666063296937223,2.504821140726027
2.4428300857543945,-1.529189525771986,-0.057403919790902924,1.3397550535946614,2.0672638162106773,2.504821140726027
2.4621853828430176,-1.529189525771986,-0.05674643293793952,1.337453851094552,2.0672638162106773,2.5071223440810098
2.4821810722351074,-1.5288607816990736,-0.05970512377929818,1.3433712289515871,2.0672638162106773,2.5051498840622344
2.501777410507202,-1.5288607816990736,-0.057403919790902924,1.3453436882369914,2.066935072952178,2.5051498840622344
2.5202884674072266,-1.5252445969097568,-0.057403919790902924,1.3729581182212014,2.0721949650934546,2.5064648574077935
2.539799213409424,-1.5278745494814927,-0.05839015007106768,1.3397550535946614,2.067592559469221,2.505478627398515
2.5588226318359375,-1.529189525771986,-0.057403919790902924,1.3440287153800698,2.0679213027278087,2.5028486807103074
2.5778212547302246,-1.5311619902135114,-0.05674643293793952,1.3436999721658303,2.066935072952178,2.5064648574077935
2.5968825817108154,-1.529189525771986,-0.058718893497981234,1.3387688239517814,2.065948843176943,2.5051498840622344
2.6179609298706055,-1.5295182698450915,-0.05806140664425011,1.342056256094577,2.066935072952178,2.506793600744365
2.639906644821167,-1.530504502065565,-0.05773266321752854,1.3450149450227664,2.067592559469221,2.5051498840622344
2.6603286266326904,-1.5288607816990736,-0.05773266321752854,1.3456724314512127,2.067592559469221,2.5058073707348685
2.680114269256592,-1.5301757579918809,-0.058718893497981234,1.342384999308835,2.0679213027278087,2.505478627398515
2.700636148452759,-1.529189525771986,-0.05806140664425011,1.3381113375231748,2.067592559469221,2.5074510874177274
2.721147060394287,-1.5285320376263538,-0.05839015007106768,1.3367963646659125,2.066935072952178,2.505478627398515
2.7426578998565674,-1.529189525771986,-0.05806140664425011,1.344686201808538,2.0679213027278087,2.5058073707348685
2.763664484024048,-1.5301757579918809,-0.05674643293793952,1.3430424857373402,2.067592559469221,2.505478627398515
2.783662796020508,-1.529189525771986,-0.0652937620564473,1.3440287153800698,2.0672638162106773,2.5051498840622344
2.8051066398620605,-1.5285320376263538,-0.06332130148486398,1.3436999721658303,2.067592559469221,2.50383491071784
2.8274357318878174,-1.529189525771986,-0.057403919790902924,1.3460011746654306,2.0679213027278087,2.50383491071784
2.8510048389434814,-1.5288607816990736,-0.05806140664425011,1.341398769666049,2.066935072952178,2.5051498840622344
2.8729283809661865,-1.5285320376263538,-0.05806140664425011,1.3430424857373402,2.066935072952178,2.506793600744365
2.894927740097046,-1.5288607816990736,-0.057403919790902924,1.3443574585943057,2.0672638162106773,2.5064648574077935
2.914952278137207,-1.5288607816990736,-0.057403919790902924,1.3400837968089467,2.0672638162106773,2.5051498840622344
2.935955047607422,-1.5288607816990736,-0.05806140664425011,1.3400837968089467,2.0672638162106773,2.5051498840622344
2.958526372909546,-1.5288607816990736,-0.057403919790902924,1.3578359303750753,2.0679213027278087,2.5071223440810098
2.982468843460083,-1.5288607816990736,-0.05839015007106768,1.341398769666049,2.0672638162106773,2.505478627398515
3.004072904586792,-1.5301757579918809,-0.05707517636437326,1.3407412832375056,2.066935072952178,2.5051498840622344
3.026505470275879,-1.528203293553827,-0.057403919790902924,1.3433712289515871,2.0672638162106773,2.5058073707348685
3.049696922302246,-1.5288607816990736,-0.05707517636437326,1.3417275128803148,2.0672638162106773,2.5051498840622344
3.07069730758667,-1.5288607816990736,-0.057403919790902924,1.3460011746654306,2.063976383627656,2.5028486807103074
3.091613531112671,-1.5285320376263538,-0.05773266321752854,1.340412540023228,2.066935072952178,2.5061361140712948
3.11069917678833,-1.529189525771986,-0.057403919790902924,1.340412540023228,2.066935072952178,2.505478627398515
3.129697322845459,-1.5285320376263538,-0.058718893497981234,1.3367963646659125,2.066277586435311,2.504821140726027
3.1482629776000977,-1.529189525771986,-0.06069135406147996,1.3506035796641165,2.066277586435311,2.5061361140712948
3.167370557785034,-1.5314907342877744,-0.05839015007106768,1.3407412832375056,2.0672638162106773,2.5058073707348685
3.187387466430664,-1.5295182698450915,-0.0603626106339899,1.339426310380372,2.066935072952178,2.5051498840622344
3.206566095352173,-1.530504502065565,-0.06365004491322024,1.3417275128803148,2.066277586435311,2.5051498840622344
3.225583076477051,-1.5295182698450915,-0.05806140664425011,1.3450149450227664,2.0682500459864395,2.5031774240460787
3.2452101707458496,-1.5288607816990736,-0.058718893497981234,1.342056256094577,2.066935072952178,2.505478627398515
3.2682249546051025,-1.5288607816990736,-0.05806140664425011,1.341398769666049,2.065948843176943,2.504821140726027
3.2882206439971924,-1.5285320376263538,-0.057403919790902924,1.3450149450227664,2.0672638162106773,2.5044923973898916
3.307857036590576,-1.5295182698450915,-0.05773266321752854,1.339097567166079,2.066277586435311,2.505478627398515
3.32785964012146,-1.528203293553827,-0.05773266321752854,1.337453851094552,2.066277586435311,2.505478627398515
3.3479843139648438,-1.5298470139183897,-0.05773266321752854,1.3463299178796448,2.067592559469221,2.5087660607653266
3.371140241622925,-1.5249158528391566,-0.05937638035209647,1.339426310380372,2.065948843176943,2.5058073707348685
3.3941450119018555,-1.5288607816990736,-0.057403919790902924,1.3427137425230895,2.065948843176943,2.505478627398515
3.414681911468506,-1.5295182698450915,-0.05970512377929818,1.3387688239517814,2.065948843176943,2.5051498840622344
3.4366772174835205,-1.5295182698450915,-0.05773266321752854,1.3381113375231748,2.0666063296937223,2.5061361140712948
3.4571895599365234,-1.5285320376263538,-0.05641768951160167,1.3545484982339104,2.068578789245115,2.5061361140712948
3.4764111042022705,-1.5288607816990736,-0.058718893497981234,1.3377825943088655,2.0666063296937223,2.505478627398515
3.496938943862915,-1.5295182698450915,-0.05904763692499085,1.339426310380372,2.065948843176943,2.5051498840622344
3.5174694061279297,-1.530504502065565,-0.058718893497981234,1.342384999308835,2.065948843176943,2.5051498840622344
3.539473056793213,-1.528203293553827,-0.05839015007106768,1.3838066442822927,2.0689075325038346,2.5044923973898916
3.563105344772339,-1.529189525771986,-0.05806140664425011,1.3427137425230895,2.066277586435311,2.505478627398515
3.5871002674102783,-1.5245871087687488,-0.05839015007106768,1.340412540023228,2.066277586435311,2.504821140726027
3.6092989444732666,-1.5308332461394416,-0.057403919790902924,1.3450149450227664,2.066935072952178,2.5028486807103074
3.6326701641082764,-1.5298470139183897,-0.05773266321752854,1.342384999308835,2.066277586435311,2.5051498840622344
3.6547281742095947,-1.5288607816990736,-0.05773266321752854,1.3407412832375056,2.065948843176943,2.504821140726027
3.674978017807007,-1.5288607816990736,-0.05773266321752854,1.337453851094552,2.066277586435311,2.5051498840622344
3.6949594020843506,-1.5295182698450915,-0.05773266321752854,1.3387688239517814,2.065948843176943,2.504821140726027
3.714790105819702,-1.5298470139183897,-0.057403919790902924,1.339426310380372,2.065620099918619,2.506793600744365
3.733463764190674,-1.5285320376263538,-0.05707517636437326,1.3436999721658303,2.065948843176943,2.5058073707348685
3.752415895462036,-1.5295182698450915,-0.057403919790902924,1.33844008073748,2.066277586435311,2.504821140726027
3.7721214294433594,-1.529189525771986,-0.05839015007106768,1.3417275128803148,2.0666063296937223,2.5051498840622344
3.7910120487213135,-1.5288607816990736,-0.05806140664425011,1.340412540023228,2.065948843176943,2.5058073707348685
3.8102259635925293,-1.5295182698450915,-0.05970512377929818,1.3377825943088655,2.066935072952178,2.5061361140712948
3.828775644302368,-1.5301757579918809,-0.05773266321752854,1.3522472957349188,2.062003924079943,2.50383491071784
3.848212242126465,-1.5295182698450915,-0.05806140664425011,1.3377825943088655,2.065620099918619,2.5058073707348685
3.8672125339508057,-1.5298470139183897,-0.05839015007106768,1.3436999721658303,2.065948843176943,2.5051498840622344
3.886219024658203,-1.5288607816990736,-0.05806140664425011,1.341398769666049,2.065948843176943,2.506793600744365
3.906261444091797,-1.5295182698450915,-0.05773266321752854,1.340412540023228,2.066277586435311,2.505478627398515
3.926267147064209,-1.5295182698450915,-0.05839015007106768,1.3436999721658303,2.065620099918619,2.5058073707348685
3.945646286010742,-1.5295182698450915,-0.05806140664425011,1.342056256094577,2.066277586435311,2.5071223440810098
3.965243101119995,-1.529189525771986,-0.05773266321752854,1.33844008073748,2.065291356660339,2.504821140726027
3.988243818283081,-1.529189525771986,-0.05773266321752854,1.340412540023228,2.065948843176943,2.5058073707348685
4.011715412139893,-1.5295182698450915,-0.057403919790902924,1.3440287153800698,2.066277586435311,2.5051498840622344
4.03478741645813,-1.530504502065565,-0.05904763692499085,1.3469874043080627,2.0666063296937223,2.5064648574077935
4.058964729309082,-1.529189525771986,-0.05904763692499085,1.340412540023228,2.065948843176943,2.5051498840622344
4.081207036972046,-1.5298470139183897,-0.057403919790902924,1.3410700264517792,2.065620099918619,2.505478627398515
4.102726459503174,-1.5298470139183897,-0.05773266321752854,1.341398769666049,2.065948843176943,2.5061361140712948
4.125082492828369,-1.5272170613374028,-0.05937638035209647,1.3400837968089467,2.065620099918619,2.504821140726027
4.146108627319336,-1.5311619902135114,-0.05839015007106768,1.3387688239517814,2.065620099918619,2.504821140726027
4.165339231491089,-1.5295182698450915,-0.05970512377929818,1.3499460932357732,2.063976383627656,2.5044923973898916
4.1853437423706055,-1.529189525771986,-0.058718893497981234,1.3381113375231748,2.066277586435311,2.5051498840622344
4.209225177764893,-1.5308332461394416,-0.05904763692499085,1.3397550535946614,2.066277586435311,2.504821140726027
4.232224702835083,-1.5295182698450915,-0.057403919790902924,1.341398769666049,2.065620099918619,2.505478627398515
4.2539942264556885,-1.5288607816990736,-0.05773266321752854,1.3400837968089467,2.066277586435311,2.5051498840622344
4.275945663452148,-1.5288607816990736,-0.05806140664425011,1.3460011746654306,2.066277586435311,2.5051498840622344
4.296459674835205,-1.5295182698450915,-0.05773266321752854,1.369013199653094,2.0682500459864395,2.5051498840622344
4.316983938217163,-1.5301757579918809,-0.057403919790902924,1.3736156046491934,2.0666063296937223,2.506793600744365
4.337007284164429,-1.529189525771986,-0.05773266321752854,1.3381113375231748,2.0649626134021024,2.505478627398515
4.357070207595825,-1.5288607816990736,-0.05773266321752854,1.3387688239517814,2.065620099918619,2.504821140726027
4.376744031906128,-1.5298470139183897,-0.05773266321752854,1.3387688239517814,2.0649626134021024,2.5064648574077935
4.395787000656128,-1.5295182698450915,-0.05773266321752854,1.3397550535946614,2.065620099918619,2.505478627398515
4.4145848751068115,-1.5298470139183897,-0.05773266321752854,1.3387688239517814,2.066277586435311,2.505478627398515
4.433583974838257,-1.5295182698450915,-0.05904763692499085,1.339426310380372,2.065948843176943,2.5051498840622344
4.452095985412598,-1.528203293553827,-0.05773266321752854,1.3430424857373402,2.066277586435311,2.505478627398515
4.471140623092651,-1.5298470139183897,-0.05773266321752854,1.342384999308835,2.0666063296937223,2.505478627398515
4.490140438079834,-1.5295182698450915,-0.05839015007106768,1.3427137425230895,2.066277586435311,2.505478627398515
4.510159730911255,-1.529189525771986,-0.057403919790902924,1.3466586610938553,2.0672638162106773,2.50383491071784
4.529370307922363,-1.529189525771986,-0.05937638035209647,1.3453436882369914,2.0666063296937223,2.5051498840622344
4.5478808879852295,-1.529189525771986,-0.05773266321752854,1.3857791035659808,2.0672638162106773,2.5041636540538295
4.566897869110107,-1.5308332461394416,-0.05806140664425011,1.341398769666049,2.065620099918619,2.505478627398515
4.586857318878174,-1.5295182698450915,-0.05773266321752854,1.3400837968089467,2.066277586435311,2.5058073707348685
4.610888242721558,-1.5288607816990736,-0.05806140664425011,1.3453436882369914,2.0666063296937223,2.508108574091381
4.631884336471558,-1.5301757579918809,-0.05839015007106768,1.339097567166079,2.065291356660339,2.5051498840622344
4.654389142990112,-1.529189525771986,-0.0610200974890662,1.3483023771648568,2.065948843176943,2.5071223440810098
4.677388906478882,-1.5295182698450915,-0.05773266321752854,1.3443574585943057,2.065620099918619,2.5051498840622344
4.697914361953735,-1.529189525771986,-0.057403919790902924,1.3436999721658303,2.065948843176943,2.505478627398515
4.71855616569519,-1.529189525771986,-0.058718893497981234,1.340412540023228,2.065620099918619,2.505478627398515
4.738656520843506,-1.5288607816990736,-0.05839015007106768,1.3640820514425436,2.066935072952178,2.504821140726027
4.760254859924316,-1.5288607816990736,-0.05806140664425011,1.3440287153800698,2.066277586435311,2.5051498840622344
4.782353162765503,-1.5301757579918809,-0.05806140664425011,1.3450149450227664,2.066277586435311,2.5071223440810098
4.806281328201294,-1.5288607816990736,-0.05839015007106768,1.339097567166079,2.066277586435311,2.502519937374608
4.826791048049927,-1.5295182698450915,-0.05773266321752854,1.3417275128803148,2.065620099918619,2.5051498840622344
4.846328496932983,-1.529189525771986,-0.057403919790902924,1.3469874043080627,2.065948843176943,2.505478627398515
4.867332220077515,-1.5301757579918809,-0.05773266321752854,1.3453436882369914,2.065948843176943,2.5058073707348685
4.889331102371216,-1.5301757579918809,-0.05806140664425011,1.3450149450227664,2.0679213027278087,2.5087660607653266
4.912050485610962,-1.5255733409805496,-0.06134884091674858,1.3479736339506634,2.065620099918619,2.5064648574077935
4.935137748718262,-1.530504502065565,-0.05806140664425011,1.3571784439468653,2.066277586435311,2.506793600744365
4.957246780395508,-1.5288607816990736,-0.057403919790902924,1.33844008073748,2.066277586435311,2.5061361140712948
4.979189157485962,-1.5295182698450915,-0.058718893497981234,1.3453436882369914,2.0616751808221436,2.5044923973898916
5.003706455230713,-1.5295182698450915,-0.05806140664425011,1.3723006317932023,2.066277586435311,2.506793600744365
5.028216123580933,-1.5301757579918809,-0.06430753177022186,1.3381113375231748,2.065620099918619,2.5051498840622344
5.049557447433472,-1.530504502065565,-0.05707517636437326,1.3660545107268232,2.0649626134021024,2.50383491071784
5.072556257247925,-1.5295182698450915,-0.05806140664425011,1.341398769666049,2.066277586435311,2.5051498840622344
5.092275857925415,-1.530504502065565,-0.05904763692499085,1.3387688239517814,2.065291356660339,2.505478627398515
5.111487865447998,-1.530504502065565,-0.05773266321752854,1.3377825943088655,2.065620099918619,2.5051498840622344
5.130487442016602,-1.5298470139183897,-0.05773266321752854,1.33844008073748,2.065620099918619,2.505478627398515
5.149564743041992,-1.5301757579918809,-0.05839015007106768,1.377231780003031,2.064305126885761,2.505478627398515
5.16960597038269,-1.521628412143742,-0.05937638035209647,1.3361388782372565,2.066277586435311,2.5051498840622344
5.187672853469849,-1.529189525771986,-0.05904763692499085,1.339426310380372,2.066935072952178,2.5064648574077935
5.207072973251343,-1.5298470139183897,-0.05937638035209647,1.3466586610938553,2.068578789245115,2.5051498840622344
5.226583242416382,-1.530504502065565,-0.05773266321752854,1.3453436882369914,2.067592559469221,2.5044923973898916
5.246202230453491,-1.5308332461394416,-0.05904763692499085,1.3460011746654306,2.0679213027278087,2.5051498840622344
5.26618766784668,-1.5298470139183897,-0.057403919790902924,1.3607946193018863,2.065620099918619,2.504821140726027
5.286660194396973,-1.5288607816990736,-0.05773266321752854,1.340412540023228,2.0679213027278087,2.5051498840622344
5.308778762817383,-1.5308332461394416,-0.05707517636437326,1.3387688239517814,2.0679213027278087,2.5058073707348685
5.331784963607788,-1.5298470139183897,-0.05773266321752854,1.3387688239517814,2.066935072952178,2.504821140726027
5.353298902511597,-1.5295182698450915,-0.057403919790902924,1.342384999308835,2.067592559469221,2.505478627398515
5.3732993602752686,-1.5295182698450915,-0.057403919790902924,1.3453436882369914,2.0682500459864395,2.5090948041024093
5.393383026123047,-1.5298470139183897,-0.05839015007106768,1.337453851094552,2.0679213027278087,2.5058073707348685
5.413634538650513,-1.5295182698450915,-0.05674643293793952,1.364410794656596,2.066277586435311,2.5044923973898916
5.4360527992248535,-1.5301757579918809,-0.05806140664425011,1.3469874043080627,2.0702225055391525,2.504821140726027
5.456485033035278,-1.5295182698450915,-0.058718893497981234,1.3377825943088655,2.067592559469221,2.505478627398515
5.476586818695068,-1.529189525771986,-0.05904763692499085,1.3489598635932334,2.0689075325038346,2.5061361140712948
5.498906373977661,-1.5301757579918809,-0.05773266321752854,1.342384999308835,2.0682500459864395,2.504821140726027
5.522460222244263,-1.5285320376263538,-0.05707517636437326,1.3407412832375056,2.0672638162106773,2.505478627398515
5.543487787246704,-1.5295182698450915,-0.05641768951160167,1.3558634710904112,2.069236275762598,2.5064648574077935
5.565911769866943,-1.5311619902135114,-0.05970512377929818,1.3436999721658303,2.0666063296937223,2.5058073707348685
5.585914611816406,-1.529189525771986,-0.057403919790902924,1.3436999721658303,2.068578789245115,2.5061361140712948
5.6099748611450195,-1.5311619902135114,-0.05674643293793952,1.3440287153800698,2.0672638162106773,2.5064648574077935
5.629983425140381,-1.5301757579918809,-0.05839015007106768,1.35487724144804,2.0649626134021024,2.504821140726027
5.649425506591797,-1.5328057105867559,-0.05839015007106768,1.344686201808538,2.0689075325038346,2.503506167381923
5.668607473373413,-1.530504502065565,-0.05773266321752854,1.3377825943088655,2.067592559469221,2.5058073707348685
5.689109563827515,-1.529189525771986,-0.058718893497981234,1.3433712289515871,2.0623326673377864,2.5028486807103074
5.7091145515441895,-1.5298470139183897,-0.05773266321752854,1.3407412832375056,2.0672638162106773,2.5044923973898916
5.728119611740112,-1.5301757579918809,-0.05773266321752854,1.3430424857373402,2.068578789245115,2.5064648574077935
5.746640205383301,-1.5301757579918809,-0.05773266321752854,1.3460011746654306,2.068578789245115,2.5094235474395648
5.765393972396851,-1.5301757579918809,-0.05806140664425011,1.3838066442822927,2.0702225055391525,2.5044923973898916
5.784399032592773,-1.5288607816990736,-0.05806140664425011,1.339426310380372,2.067592559469221,2.504821140726027
5.803913116455078,-1.530504502065565,-0.05773266321752854,1.340412540023228,2.0672638162106773,2.50383491071784
5.822441577911377,-1.530504502065565,-0.05707517636437326,1.3443574585943057,2.0689075325038346,2.503506167381923
5.841984748840332,-1.529189525771986,-0.05806140664425011,1.337453851094552,2.0672638162106773,2.5051498840622344
5.8629584312438965,-1.5288607816990736,-0.05543145923316328,1.3581646735891761,2.0695650190214057,2.5051498840622344
5.885968208312988,-1.530504502065565,-0.057403919790902924,1.3400837968089467,2.0682500459864395,2.505478627398515
5.908676862716675,-1.529189525771986,-0.05839015007106768,1.3387688239517814,2.0672638162106773,2.5051498840622344
5.933216571807861,-1.53181947836223,-0.05773266321752854,1.3430424857373402,2.067592559469221,2.505478627398515
5.955184698104858,-1.5278745494814927,-0.058718893497981234,1.3440287153800698,2.0682500459864395,2.5090948041024093
5.979183673858643,-1.5249158528391566,-0.057403919790902924,1.3400837968089467,2.0666063296937223,2.505478627398515
6.002701759338379,-1.5298470139183897,-0.05806140664425011,1.3568497007327558,2.0682500459864395,2.5071223440810098
6.025280714035034,-1.5298470139183897,-0.05641768951160167,1.3456724314512127,2.0672638162106773,2.504821140726027
6.045807838439941,-1.5298470139183897,-0.057403919790902924,1.339426310380372,2.0682500459864395,2.5058073707348685
6.069925308227539,-1.529189525771986,-0.05806140664425011,1.3456724314512127,2.067592559469221,2.5064648574077935
6.093491315841675,-1.529189525771986,-0.05773266321752854,1.339097567166079,2.066935072952178,2.503506167381923
6.117010593414307,-1.5301757579918809,-0.057403919790902924,1.339097567166079,2.067592559469221,2.505478627398515
6.140015125274658,-1.5295182698450915,-0.058718893497981234,1.3387688239517814,2.0672638162106773,2.5051498840622344
6.160877227783203,-1.5295182698450915,-0.05970512377929818,1.3706569157231723,2.069893762280257,2.505478627398515
6.180953741073608,-1.5298470139183897,-0.05707517636437326,1.3453436882369914,2.0679213027278087,2.503506167381923
6.203899621963501,-1.530504502065565,-0.05707517636437326,1.367698226796995,2.068578789245115,2.5041636540538295
6.225535154342651,-1.5295182698450915,-0.05806140664425011,1.344686201808538,2.0679213027278087,2.505478627398515
6.247836589813232,-1.529189525771986,-0.05773266321752854,1.339097567166079,2.0672638162106773,2.5051498840622344
6.269021034240723,-1.520642179938869,-0.06167758434452722,1.3417275128803148,2.0666063296937223,2.504821140726027
6.290276288986206,-1.5285320376263538,-0.058718893497981234,1.3377825943088655,2.0672638162106773,2.504821140726027
6.311150312423706,-1.5298470139183897,-0.05970512377929818,1.339426310380372,2.067592559469221,2.505478627398515
6.331576108932495,-1.5295182698450915,-0.05707517636437326,1.3460011746654306,2.0672638162106773,2.5044923973898916
6.3511693477630615,-1.5288607816990736,-0.05839015007106768,1.340412540023228,2.0672638162106773,2.5058073707348685
6.3712427616119385,-1.5295182698450915,-0.05806140664425011,1.3364676214515865,2.066935072952178,2.5058073707348685
6.391530990600586,-1.5295182698450915,-0.05839015007106768,1.3407412832375056,2.067592559469221,2.505478627398515
6.411516904830933,-1.5288607816990736,-0.05674643293793952,1.337453851094552,2.0672638162106773,2.5051498840622344
6.431171178817749,-1.5301757579918809,-0.05806140664425011,1.3410700264517792,2.067592559469221,2.5061361140712948
6.45075798034668,-1.529189525771986,-0.05806140664425011,1.339426310380372,2.0666063296937223,2.505478627398515
6.471024036407471,-1.5298470139183897,-0.05806140664425011,1.3381113375231748,2.066935072952178,2.505478627398515
6.490522623062134,-1.529189525771986,-0.05707517636437326,1.339097567166079,2.0695650190214057,2.5061361140712948
6.510328531265259,-1.5295182698450915,-0.05806140664425011,1.3407412832375056,2.067592559469221,2.5051498840622344
6.529333591461182,-1.529189525771986,-0.057403919790902924,1.3535622685915039,2.0649626134021024,2.504821140726027
6.557846784591675,-1.5295182698450915,-0.05839015007106768,1.3377825943088655,2.0672638162106773,2.5058073707348685
6.579323768615723,-1.5298470139183897,-0.05674643293793952,1.3463299178796448,2.0672638162106773,2.5051498840622344
6.6003241539001465,-1.5301757579918809,-0.057403919790902924,1.353233525377362,2.066277586435311,2.504821140726027
6.620354175567627,-1.530504502065565,-0.05806140664425011,1.3436999721658303,2.0679213027278087,2.505478627398515
6.64867377281189,-1.5288607816990736,-0.05543145923316328,1.3552059846621667,2.067592559469221,2.5044923973898916
6.668188810348511,-1.5295182698450915,-0.05839015007106768,1.339097567166079,2.0672638162106773,2.5051498840622344
6.693052053451538,-1.5288607816990736,-0.05773266321752854,1.3381113375231748,2.0672638162106773,2.505478627398515
6.713531970977783,-1.529189525771986,-0.05806140664425011,1.3407412832375056,2.067592559469221,2.505478627398515
6.732794284820557,-1.5301757579918809,-0.05773266321752854,1.340412540023228,2.066935072952178,2.505478627398515
6.752675771713257,-1.5298470139183897,-0.05543145923316328,1.3552059846621667,2.068578789245115,2.504821140726027
6.772662401199341,-1.5295182698450915,-0.05904763692499085,1.3430424857373402,2.0682500459864395,2.507779830754518
6.793181419372559,-1.5285320376263538,-0.05773266321752854,1.339097567166079,2.066935072952178,2.5061361140712948
6.812732934951782,-1.530504502065565,-0.05773266321752854,1.3410700264517792,2.0679213027278087,2.5051498840622344
6.834729433059692,-1.5295182698450915,-0.05806140664425011,1.3450149450227664,2.067592559469221,2.505478627398515
6.857580184936523,-1.529189525771986,-0.057403919790902924,1.3407412832375056,2.066935072952178,2.505478627398515
6.880681276321411,-1.5295182698450915,-0.05806140664425011,1.340412540023228,2.0672638162106773,2.5051498840622344
6.905187129974365,-1.5298470139183897,-0.05773266321752854,1.3430424857373402,2.0679213027278087,2.505478627398515
6.9288880825042725,-1.5295182698450915,-0.05773266321752854,1.344686201808538,2.067592559469221,2.505478627398515
6.952408790588379,-1.5301757579918809,-0.05806140664425011,1.344686201808538,2.0702225055391525,2.5084373174283177
6.976426124572754,-1.5288607816990736,-0.057403919790902924,1.339426310380372,2.0679213027278087,2.5058073707348685
7.000549077987671,-1.5308332461394416,-0.05773266321752854,1.3456724314512127,2.0679213027278087,2.5061361140712948
7.025068998336792,-1.5295182698450915,-0.05773266321752854,1.3377825943088655,2.0672638162106773,2.505478627398515
7.048810958862305,-1.529189525771986,-0.057403919790902924,1.340412540023228,2.0666063296937223,2.5061361140712948
7.0740742683410645,-1.5298470139183897,-0.057403919790902924,1.3453436882369914,2.0695650190214057,2.5074510874177274
7.098127603530884,-1.530504502065565,-0.05806140664425011,1.3450149450227664,2.0679213027278087,2.509752290776793
7.121158599853516,-1.5288607816990736,-0.05773266321752854,1.33844008073748,2.0672638162106773,2.5058073707348685
7.142416477203369,-1.530504502065565,-0.0610200974890662,1.3492886068074168,2.065620099918619,2.5051498840622344
7.162207126617432,-1.5295182698450915,-0.05806140664425011,1.3443574585943057,2.0672638162106773,2.5058073707348685
7.182200908660889,-1.5301757579918809,-0.05806140664425011,1.3529047821632174,2.0636476403695947,2.50383491071784
7.202931880950928,-1.530504502065565,-0.05839015007106768,1.342056256094577,2.067592559469221,2.5058073707348685
7.224281549453735,-1.5301757579918809,-0.058718893497981234,1.3417275128803148,2.067592559469221,2.5041636540538295
7.243194818496704,-1.5298470139183897,-0.05839015007106768,1.339097567166079,2.066935072952178,2.505478627398515
7.26269268989563,-1.5301757579918809,-0.057403919790902924,1.3456724314512127,2.0679213027278087,2.5031774240460787
7.281690835952759,-1.5295182698450915,-0.057403919790902924,1.3453436882369914,2.0721949650934546,2.5058073707348685
7.3012471199035645,-1.5298470139183897,-0.057403919790902924,1.3460011746654306,2.066935072952178,2.505478627398515
7.3197550773620605,-1.5314907342877744,-0.057403919790902924,1.3430424857373402,2.0695650190214057,2.5074510874177274
7.338759183883667,-1.5314907342877744,-0.05773266321752854,1.377231780003031,2.0708799920570766,2.505478627398515
7.358264684677124,-1.529189525771986,-0.05773266321752854,1.3397550535946614,2.0672638162106773,2.5061361140712948
7.377265453338623,-1.5301757579918809,-0.05707517636437326,1.3440287153800698,2.0679213027278087,2.5087660607653266
7.396264553070068,-1.5301757579918809,-0.05904763692499085,1.339426310380372,2.066935072952178,2.5051498840622344
7.416363000869751,-1.5301757579918809,-0.057403919790902924,1.33844008073748,2.0672638162106773,2.5058073707348685
7.4378509521484375,-1.530504502065565,-0.057403919790902924,1.3440287153800698,2.0679213027278087,2.505478627398515
7.4585120677948,-1.529189525771986,-0.05806140664425011,1.3417275128803148,2.0682500459864395,2.505478627398515
7.47852897644043,-1.5295182698450915,-0.06003386720659601,1.342384999308835,2.068578789245115,2.506793600744365
7.501143932342529,-1.5301757579918809,-0.057403919790902924,1.3367963646659125,2.0682500459864395,2.5061361140712948
7.523738384246826,-1.5295182698450915,-0.058718893497981234,1.3387688239517814,2.067592559469221,2.504821140726027
7.546664237976074,-1.529189525771986,-0.057403919790902924,1.3427137425230895,2.068578789245115,2.5051498840622344
7.567668914794922,-1.5298470139183897,-0.05707517636437326,1.3456724314512127,2.0754823976875008,2.5071223440810098
7.587771892547607,-1.529189525771986,-0.05773266321752854,1.339426310380372,2.067592559469221,2.5041636540538295
7.608304738998413,-1.5311619902135114,-0.05674643293793952,1.3463299178796448,2.0679213027278087,2.5044923973898916
7.627848386764526,-1.529189525771986,-0.05806140664425011,1.3407412832375056,2.067592559469221,2.5071223440810098
7.6483376026153564,-1.5295182698450915,-0.05904763692499085,1.3410700264517792,2.0689075325038346,2.5061361140712948
7.671353578567505,-1.5295182698450915,-0.05937638035209647,1.3450149450227664,2.0682500459864395,2.5058073707348685
7.695081472396851,-1.5298470139183897,-0.05773266321752854,1.3381113375231748,2.0679213027278087,2.5051498840622344
7.717236042022705,-1.5295182698450915,-0.05806140664425011,1.3752593207191437,2.0689075325038346,2.5064648574077935
7.737359523773193,-1.529189525771986,-0.05773266321752854,1.3463299178796448,2.066277586435311,2.505478627398515
7.75687313079834,-1.529189525771986,-0.05806140664425011,1.339426310380372,2.0682500459864395,2.505478627398515
7.77716851234436,-1.529189525771986,-0.057403919790902924,1.3387688239517814,2.0682500459864395,2.5058073707348685
7.797449827194214,-1.530504502065565,-0.057403919790902924,1.341398769666049,2.0682500459864395,2.5051498840622344
7.817032098770142,-1.529189525771986,-0.058718893497981234,1.3699994292951467,2.0725237083526595,2.5071223440810098
7.837031841278076,-1.5219571562124175,-0.057403919790902924,1.3377825943088655,2.0682500459864395,2.5044923973898916
7.855597257614136,-1.5295182698450915,-0.05773266321752854,1.3364676214515865,2.0682500459864395,2.504821140726027
7.874602794647217,-1.5285320376263538,-0.05773266321752854,1.3456724314512127,2.0689075325038346,2.5044923973898916
7.89383602142334,-1.5288607816990736,-0.05773266321752854,1.344686201808538,2.0689075325038346,2.505478627398515
7.911954164505005,-1.5229433884195986,-0.05937638035209647,1.3430424857373402,2.0679213027278087,2.5044923973898916
7.931061267852783,-1.5311619902135114,-0.057403919790902924,1.3440287153800698,2.068578789245115,2.5051498840622344
7.950969934463501,-1.5308332461394416,-0.0603626106339899,1.3486311203790466,2.069236275762598,2.506793600744365
7.970970869064331,-1.5295182698450915,-0.05773266321752854,1.3377825943088655,2.0682500459864395,2.505478627398515
7.992493152618408,-1.529189525771986,-0.05707517636437326,1.3436999721658303,2.0689075325038346,2.5051498840622344
8.015139818191528,-1.5295182698450915,-0.057403919790902924,1.339097567166079,2.0682500459864395,2.5051498840622344
8.036141633987427,-1.530504502065565,-0.05839015007106768,1.339426310380372,2.0682500459864395,2.504821140726027
8.059835433959961,-1.5288607816990736,-0.05773266321752854,1.3387688239517814,2.0682500459864395,2.5051498840622344
8.082837581634521,-1.5308332461394416,-0.05937638035209647,1.3762455503610942,2.0725237083526595,2.5064648574077935
8.10534954071045,-1.5295182698450915,-0.05839015007106768,1.3377825943088655,2.0679213027278087,2.5051498840622344
8.128463745117188,-1.529189525771986,-0.057403919790902924,1.3460011746654306,2.0689075325038346,2.5058073707348685
8.151103973388672,-1.5301757579918809,-0.05773266321752854,1.3436999721658303,2.0679213027278087,2.5061361140712948
8.173104047775269,-1.5298470139183897,-0.05773266321752854,1.3410700264517792,2.0682500459864395,2.5058073707348685
8.195370435714722,-1.5301757579918809,-0.0610200974890662,1.3509323228782835,2.0682500459864395,2.5058073707348685
8.215478658676147,-1.5295182698450915,-0.05707517636437326,1.3453436882369914,2.069236275762598,2.5041636540538295
8.23560094833374,-1.5295182698450915,-0.057403919790902924,1.340412540023228,2.0689075325038346,2.5041636540538295
8.256113767623901,-1.5288607816990736,-0.057403919790902924,1.3381113375231748,2.068578789245115,2.505478627398515
8.276143074035645,-1.5295182698450915,-0.05806140664425011,1.3443574585943057,2.068578789245115,2.5061361140712948
8.2967209815979,-1.5301757579918809,-0.057403919790902924,1.3440287153800698,2.0679213027278087,2.504821140726027
8.319238901138306,-1.5288607816990736,-0.057403919790902924,1.3492886068074168,2.067592559469221,2.503506167381923
8.33867335319519,-1.5295182698450915,-0.05806140664425011,1.339426310380372,2.0679213027278087,2.5051498840622344
8.359524488449097,-1.530504502065565,-0.05806140664425011,1.3430424857373402,2.068578789245115,2.5051498840622344
8.381064891815186,-1.5285320376263538,-0.057403919790902924,1.3463299178796448,2.069236275762598,2.505478627398515
8.400579929351807,-1.5295182698450915,-0.05674643293793952,1.3407412832375056,2.068578789245115,2.5051498840622344
8.42014455795288,-1.530504502065565,-0.057403919790902924,1.3453436882369914,2.0682500459864395,2.5051498840622344
8.439141511917114,-1.5288607816990736,-0.057403919790902924,1.3450149450227664,2.0689075325038346,2.5028486807103074
8.457651376724243,-1.5285320376263538,-0.05806140664425011,1.3417275128803148,2.0689075325038346,2.505478627398515
8.477652311325073,-1.5288607816990736,-0.05773266321752854,1.339426310380372,2.0689075325038346,2.5051498840622344
8.496160507202148,-1.529189525771986,-0.057403919790902924,1.3400837968089467,2.068578789245115,2.5061361140712948
8.515542268753052,-1.5295182698450915,-0.05806140664425011,1.3479736339506634,2.0721949650934546,2.508108574091381
8.53467082977295,-1.5301757579918809,-0.05773266321752854,1.344686201808538,2.0689075325038346,2.5058073707348685
8.554810762405396,-1.5301757579918809,-0.05773266321752854,1.339426310380372,2.0689075325038346,2.505478627398515
8.577909231185913,-1.5288607816990736,-0.05806140664425011,1.3397550535946614,2.0682500459864395,2.5051498840622344
8.601507186889648,-1.530504502065565,-0.057403919790902924,1.3515898093066074,2.0672638162106773,2.5044923973898916
8.621246099472046,-1.528203293553827,-0.05806140664425011,1.337453851094552,2.0682500459864395,2.504821140726027
8.643224716186523,-1.5285320376263538,-0.05806140664425011,1.3483023771648568,2.065291356660339,2.5031774240460787
8.66675329208374,-1.5288607816990736,-0.05839015007106768,1.3433712289515871,2.068578789245115,2.5051498840622344
8.689177989959717,-1.529189525771986,-0.057403919790902924,1.3430424857373402,2.063976383627656,2.504821140726027
8.711106300354004,-1.5298470139183897,-0.058718893497981234,1.3460011746654306,2.0702225055391525,2.504821140726027
8.7341947555542,-1.5295182698450915,-0.057403919790902924,1.3436999721658303,2.0682500459864395,2.504821140726027
8.754796743392944,-1.5285320376263538,-0.057403919790902924,1.33844008073748,2.068578789245115,2.5051498840622344
8.777001857757568,-1.526230829122713,-0.05806140664425011,1.3407412832375056,2.067592559469221,2.505478627398515
8.799542427062988,-1.5288607816990736,-0.05477397238135012,1.3571784439468653,2.069893762280257,2.5064648574077935
8.822055101394653,-1.5288607816990736,-0.058718893497981234,1.339426310380372,2.0689075325038346,2.505478627398515
8.845510721206665,-1.529189525771986,-0.05806140664425011,1.339426310380372,2.068578789245115,2.505478627398515
8.86957836151123,-1.5295182698450915,-0.05806140664425011,1.3732868614351983,2.0731811948712027,2.5074510874177274
8.894962310791016,-1.529189525771986,-0.05839015007106768,1.3410700264517792,2.068578789245115,2.5051498840622344
8.918652772903442,-1.5295182698450915,-0.05707517636437326,1.3407412832375056,2.0682500459864395,2.505478627398515
8.940231323242188,-1.5298470139183897,-0.05773266321752854,1.3430424857373402,2.0679213027278087,2.5058073707348685
8.96184492111206,-1.5298470139183897,-0.05839015007106768,1.339097567166079,2.068578789245115,2.505478627398515
8.981371879577637,-1.5285320376263538,-0.057403919790902924,1.3387688239517814,2.0682500459864395,2.5051498840622344
9.000705003738403,-1.529189525771986,-0.06167758434452722,1.3473161475222664,2.0679213027278087,2.5058073707348685
9.020058631896973,-1.5295182698450915,-0.05806140664425011,1.3486311203790466,2.0666063296937223,2.502519937374608
9.03905963897705,-1.5433255210899353,-0.058718893497981234,1.3367963646659125,2.0679213027278087,2.5044923973898916
9.058567762374878,-1.5295182698450915,-0.05773266321752854,1.3397550535946614,2.0679213027278087,2.504821140726027
9.07856559753418,-1.5295182698450915,-0.05937638035209647,1.3427137425230895,2.068578789245115,2.505478627398515
9.098086833953857,-1.5298470139183897,-0.058718893497981234,1.375588063933129,2.0728524516119093,2.5071223440810098
9.119753360748291,-1.5295182698450915,-0.05773266321752854,1.339426310380372,2.068578789245115,2.505478627398515
9.141793727874756,-1.5288607816990736,-0.06003386720659601,1.3515898093066074,2.0666063296937223,2.5044923973898916
9.161461353302002,-1.530504502065565,-0.05839015007106768,1.340412540023228,2.0682500459864395,2.505478627398515
9.181461095809937,-1.5295182698450915,-0.05806140664425011,1.3427137425230895,2.0689075325038346,2.5061361140712948
9.205172538757324,-1.5295182698450915,-0.057403919790902924,1.3436999721658303,2.0689075325038346,2.5061361140712948
9.228111982345581,-1.5295182698450915,-0.05806140664425011,1.3407412832375056,2.0682500459864395,2.504821140726027
9.252420425415039,-1.5298470139183897,-0.05806140664425011,1.3371251078802344,2.0679213027278087,2.5058073707348685
9.276369094848633,-1.529189525771986,-0.05839015007106768,1.3377825943088655,2.0682500459864395,2.5051498840622344
9.298497915267944,-1.529189525771986,-0.05773266321752854,1.3410700264517792,2.0682500459864395,2.505478627398515
9.318546295166016,-1.5298470139183897,-0.05904763692499085,1.3377825943088655,2.0689075325038346,2.5061361140712948
9.338815450668335,-1.5295182698450915,-0.057403919790902924,1.33844008073748,2.0682500459864395,2.5051498840622344
9.361944437026978,-1.5288607816990736,-0.058718893497981234,1.3397550535946614,2.0689075325038346,2.505478627398515
9.385371208190918,-1.5295182698450915,-0.05806140664425011,1.3443574585943057,2.068578789245115,2.5051498840622344
9.406985521316528,-1.5347781750410205,-0.05773266321752854,1.344686201808538,2.069236275762598,2.5051498840622344
9.429650068283081,-1.5295182698450915,-0.057403919790902924,1.3460011746654306,2.0695650190214057,2.510738520788917
9.452264785766602,-1.5288607816990736,-0.05839015007106768,1.3381113375231748,2.068578789245115,2.5058073707348685
9.476175785064697,-1.528203293553827,-0.058718893497981234,1.3387688239517814,2.0679213027278087,2.5058073707348685
9.50020170211792,-1.5295182698450915,-0.05773266321752854,1.3476448907364664,2.0689075325038346,2.5051498840622344
9.52382516860962,-1.5285320376263538,-0.06463627519886725,1.341398769666049,2.068578789245115,2.505478627398515
9.545826435089111,-1.5285320376263538,-0.05674643293793952,1.339426310380372,2.0689075325038346,2.5051498840622344
9.569568395614624,-1.530504502065565,-0.058718893497981234,1.3381113375231748,2.0682500459864395,2.5051498840622344
9.590519428253174,-1.5295182698450915,-0.05773266321752854,1.3397550535946614,2.0689075325038346,2.505478627398515
9.610143184661865,-1.5295182698450915,-0.057403919790902924,1.3417275128803148,2.068578789245115,2.504821140726027
9.63017988204956,-1.529189525771986,-0.05773266321752854,1.341398769666049,2.067592559469221,2.5044923973898916
9.651674509048462,-1.5301757579918809,-0.05773266321752854,1.3417275128803148,2.067592559469221,2.505478627398515
9.670697927474976,-1.5275458054093514,-0.058718893497981234,1.339426310380372,2.0672638162106773,2.505478627398515
9.69171953201294,-1.529189525771986,-0.05773266321752854,1.3400837968089467,2.068578789245115,2.5051498840622344
9.713385343551636,-1.5301757579918809,-0.05839015007106768,1.3417275128803148,2.0682500459864395,2.504821140726027
9.733904123306274,-1.529189525771986,-0.057403919790902924,1.3460011746654306,2.069893762280257,2.507779830754518
9.755418062210083,-1.5288607816990736,-0.05970512377929818,1.3387688239517814,2.068578789245115,2.505478627398515
9.77641773223877,-1.5295182698450915,-0.05904763692499085,1.339097567166079,2.068578789245115,2.506793600744365
9.796026706695557,-1.5295182698450915,-0.05839015007106768,1.3476448907364664,2.071208735316105,2.504821140726027
9.816582441329956,-1.5295182698450915,-0.05806140664425011,1.3407412832375056,2.069236275762598,2.5061361140712948
9.836581468582153,-1.5288607816990736,-0.05773266321752854,1.3387688239517814,2.0682500459864395,2.504821140726027
9.85611867904663,-1.5295182698450915,-0.05806140664425011,1.341398769666049,2.0689075325038346,2.506793600744365
9.876121282577515,-1.5288607816990736,-0.057403919790902924,1.3377825943088655,2.068578789245115,2.505478627398515
9.89511775970459,-1.529189525771986,-0.05806140664425011,1.3844641307101926,2.070551248798093,2.504821140726027
9.913485050201416,-1.5285320376263538,-0.05904763692499085,1.339097567166079,2.0682500459864395,2.505478627398515
9.932489156723022,-1.5295182698450915,-0.058718893497981234,1.3436999721658303,2.069893762280257,2.5071223440810098
9.952401399612427,-1.529189525771986,-0.05970512377929818,1.344686201808538,2.0689075325038346,2.5061361140712948
9.97140622138977,-1.5288607816990736,-0.05904763692499085,1.3364676214515865,2.0682500459864395,2.504821140726027
9.989912509918213,-1.5295182698450915,-0.05839015007106768,1.339097567166079,2.0682500459864395,2.505478627398515
10.009925603866577,-1.5285320376263538,-0.05904763692499085,1.3407412832375056,2.0689075325038346,2.5058073707348685
10.029472351074219,-1.5288607816990736,-0.05937638035209647,1.3430424857373402,2.0689075325038346,2.5051498840622344
10.051079034805298,-1.5295182698450915,-0.05904763692499085,1.3450149450227664,2.06463387014391,2.5031774240460787
10.071077108383179,-1.5285320376263538,-0.05806140664425011,1.3828204146404346,2.0702225055391525,2.5041636540538295
10.091078042984009,-1.529189525771986,-0.05806140664425011,1.340412540023228,2.0689075325038346,2.5058073707348685
10.111802816390991,-1.5288607816990736,-0.05806140664425011,1.3427137425230895,2.070551248798093,2.508108574091381
10.133362293243408,-1.5298470139183897,-0.05543145923316328,1.3565209575186437,2.069893762280257,2.506793600744365
10.156084537506104,-1.5301757579918809,-0.05773266321752854,1.337453851094552,2.068578789245115,2.5064648574077935
10.176997184753418,-1.5288607816990736,-0.05806140664425011,1.3400837968089467,2.068578789245115,2.505478627398515
10.197506189346313,-1.529189525771986,-0.05773266321752854,1.3397550535946614,2.0689075325038346,2.505478627398515
10.220882415771484,-1.5295182698450915,-0.05839015007106768,1.3552059846621667,2.0672638162106773,2.5061361140712948
10.245474576950073,-1.5308332461394416,-0.058718893497981234,1.3561922143045289,2.067592559469221,2.5064648574077935
10.267475605010986,-1.529189525771986,-0.05970512377929818,1.3463299178796448,2.0689075325038346,2.5041636540538295
10.290544986724854,-1.5285320376263538,-0.05773266321752854,1.3371251078802344,2.0672638162106773,2.5051498840622344
10.3136625289917,-1.5301757579918809,-0.057403919790902924,1.3430424857373402,2.0682500459864395,2.5058073707348685
10.336678981781006,-1.529189525771986,-0.05707517636437326,1.3854503603520352,2.0679213027278087,2.50383491071784
10.35920238494873,-1.5295182698450915,-0.05806140664425011,1.337453851094552,2.0679213027278087,2.5071223440810098
10.382201194763184,-1.529189525771986,-0.05773266321752854,1.3381113375231748,2.0689075325038346,2.5051498840622344
10.401759147644043,-1.529189525771986,-0.05806140664425011,1.3450149450227664,2.0682500459864395,2.5064648574077935
10.42092776298523,-1.5288607816990736,-0.057403919790902924,1.3427137425230895,2.068578789245115,2.5058073707348685
10.440072298049927,-1.5285320376263538,-0.058718893497981234,1.3483023771648568,2.0708799920570766,2.5044923973898916
10.459383010864258,-1.5288607816990736,-0.05806140664425011,1.3430424857373402,2.069236275762598,2.505478627398515
10.478493452072144,-1.529189525771986,-0.058718893497981234,1.3397550535946614,2.068578789245115,2.505478627398515
10.497841358184814,-1.5308332461394416,-0.05707517636437326,1.3436999721658303,2.0679213027278087,2.5058073707348685
10.517268180847168,-1.5295182698450915,-0.05904763692499085,1.340412540023228,2.0689075325038346,2.505478627398515
10.53830361366272,-1.5298470139183897,-0.05707517636437326,1.3436999721658303,2.0689075325038346,2.5061361140712948
10.560878992080688,-1.5285320376263538,-0.05773266321752854,1.339097567166079,2.0682500459864395,2.5058073707348685
10.582876682281494,-1.530504502065565,-0.05773266321752854,1.3427137425230895,2.068578789245115,2.5051498840622344
10.604944467544556,-1.530504502065565,-0.05806140664425011,1.3450149450227664,2.069236275762598,2.505478627398515
10.628122091293335,-1.5255733409805496,-0.05806140664425011,1.342056256094577,2.0679213027278087,2.505478627398515
10.648608684539795,-1.5298470139183897,-0.058718893497981234,1.33844008073748,2.0682500459864395,2.505478627398515
10.668768644332886,-1.529189525771986,-0.05806140664425011,1.3397550535946614,2.068578789245115,2.5058073707348685
10.688769102096558,-1.529189525771986,-0.057403919790902924,1.3427137425230895,2.0679213027278087,2.504821140726027
10.709336280822754,-1.5278745494814927,-0.05773266321752854,1.340412540023228,2.0679213027278087,2.504821140726027
10.73226284980774,-1.5288607816990736,-0.06069135406147996,1.3387688239517814,2.0682500459864395,2.505478627398515
10.755032300949097,-1.5298470139183897,-0.05773266321752854,1.3460011746654306,2.0695650190214057,2.504821140726027
10.777595043182373,-1.5288607816990736,-0.05773266321752854,1.3361388782372565,2.0682500459864395,2.5051498840622344
10.797598838806152,-1.5288607816990736,-0.05773266321752854,1.342384999308835,2.068578789245115,2.5058073707348685
10.820170402526855,-1.5446404974167693,-0.057403919790902924,1.337453851094552,2.0689075325038346,2.505478627398515
10.842609405517578,-1.528203293553827,-0.05806140664425011,1.3344951621655428,2.068578789245115,2.504821140726027
10.865475177764893,-1.5295182698450915,-0.057403919790902924,1.3410700264517792,2.0682500459864395,2.5058073707348685
10.888998031616211,-1.5295182698450915,-0.05806140664425011,1.3371251078802344,2.0682500459864395,2.505478627398515
10.912241458892822,-1.5285320376263538,-0.058718893497981234,1.370985658937182,2.0708799920570766,2.506793600744365
10.936279058456421,-1.5298470139183897,-0.057403919790902924,1.342056256094577,2.0695650190214057,2.5051498840622344
10.959153890609741,-1.539709336207123,-0.05806140664425011,1.3706569157231723,2.0708799920570766,2.5071223440810098
10.981646299362183,-1.5295182698450915,-0.05707517636437326,1.3407412832375056,2.0682500459864395,2.5058073707348685
11.002181768417358,-1.5298470139183897,-0.05773266321752854,1.3407412832375056,2.0682500459864395,2.5061361140712948
11.02135705947876,-1.529189525771986,-0.057403919790902924,1.342384999308835,2.069236275762598,2.5051498840622344
11.040441036224365,-1.5288607816990736,-0.05839015007106768,1.3377825943088655,2.0682500459864395,2.5064648574077935
11.059951305389404,-1.5298470139183897,-0.058718893497981234,1.339097567166079,2.067592559469221,2.504821140726027
11.078951358795166,-1.5288607816990736,-0.057403919790902924,1.3476448907364664,2.0679213027278087,2.503506167381923
11.097478866577148,-1.529189525771986,-0.05773266321752854,1.342384999308835,2.068578789245115,2.505478627398515
11.117603540420532,-1.5298470139183897,-0.057403919790902924,1.3450149450227664,2.068578789245115,2.5061361140712948
11.137756824493408,-1.5295182698450915,-0.05674643293793952,1.3410700264517792,2.068578789245115,2.505478627398515
11.1612708568573,-1.5288607816990736,-0.05904763692499085,1.3427137425230895,2.0689075325038346,2.5061361140712948
11.18426775932312,-1.5298470139183897,-0.06003386720659601,1.3417275128803148,2.0682500459864395,2.5051498840622344
11.207058668136597,-1.529189525771986,-0.057403919790902924,1.342384999308835,2.0702225055391525,2.5051498840622344
11.22666597366333,-1.529189525771986,-0.05839015007106768,1.3450149450227664,2.0715374785751774,2.506793600744365
11.246665716171265,-1.529189525771986,-0.05773266321752854,1.340412540023228,2.068578789245115,2.504821140726027
11.266191482543945,-1.529189525771986,-0.057403919790902924,1.339097567166079,2.068578789245115,2.5058073707348685
11.287176370620728,-1.5308332461394416,-0.05707517636437326,1.3456724314512127,2.0682500459864395,2.5044923973898916
11.306710481643677,-1.529189525771986,-0.05806140664425011,1.3417275128803148,2.0682500459864395,2.505478627398515
11.327220916748047,-1.5288607816990736,-0.05839015007106768,1.339097567166079,2.0682500459864395,2.505478627398515
11.34690523147583,-1.5295182698450915,-0.05773266321752854,1.3453436882369914,2.0689075325038346,2.5061361140712948
11.367349624633789,-1.5301757579918809,-0.057403919790902924,1.3479736339506634,2.0689075325038346,2.5044923973898916
11.386355876922607,-1.528203293553827,-0.057403919790902924,1.3417275128803148,2.0682500459864395,2.5058073707348685
11.408878087997437,-1.5288607816990736,-0.05806140664425011,1.341398769666049,2.0682500459864395,2.5041636540538295
11.4315767288208,-1.5295182698450915,-0.05806140664425011,1.3433712289515871,2.0702225055391525,2.502519937374608
11.45114803314209,-1.5301757579918809,-0.05806140664425011,1.3397550535946614,2.067592559469221,2.5051498840622344
11.472143173217773,-1.5301757579918809,-0.05773266321752854,1.3407412832375056,2.0682500459864395,2.505478627398515
11.494240522384644,-1.528203293553827,-0.05839015007106768,1.3407412832375056,2.0689075325038346,2.505478627398515
11.513546705245972,-1.5298470139183897,-0.05839015007106768,1.3538910118056424,2.067592559469221,2.504821140726027
11.534317016601562,-1.528203293553827,-0.05707517636437326,1.339097567166079,2.068578789245115,2.505478627398515
11.555827617645264,-1.5298470139183897,-0.05806140664425011,1.340412540023228,2.069236275762598,2.506793600744365
11.57683253288269,-1.529189525771986,-0.05773266321752854,1.3387688239517814,2.068578789245115,2.505478627398515
11.59621810913086,-1.5295182698450915,-0.058718893497981234,1.342056256094577,2.068578789245115,2.5051498840622344
11.614366054534912,-1.5301757579918809,-0.05806140664425011,1.3456724314512127,2.0679213027278087,2.5044923973898916
11.63470983505249,-1.5298470139183897,-0.05806140664425011,1.3473161475222664,2.069236275762598,2.5058073707348685
11.65320110321045,-1.5298470139183897,-0.05773266321752854,1.340412540023228,2.0689075325038346,2.504821140726027
11.672200202941895,-1.529189525771986,-0.05773266321752854,1.3545484982339104,2.0672638162106773,2.5051498840622344
11.691800594329834,-1.5288607816990736,-0.05773266321752854,1.3640820514425436,2.066935072952178,2.5044923973898916
11.711832284927368,-1.529189525771986,-0.05773266321752854,1.3460011746654306,2.0702225055391525,2.508108574091381
11.730348587036133,-1.5288607816990736,-0.05806140664425011,1.3427137425230895,2.0689075325038346,2.5051498840622344
11.750348329544067,-1.5295182698450915,-0.05937638035209647,1.3782180096449541,2.0679213027278087,2.50383491071784
11.768859624862671,-1.530504502065565,-0.05806140664425011,1.3397550535946614,2.0679213027278087,2.505478627398515
11.78870415687561,-1.5295182698450915,-0.05904763692499085,1.3410700264517792,2.0689075325038346,2.5051498840622344
11.808928489685059,-1.529189525771986,-0.05806140664425011,1.3397550535946614,2.068578789245115,2.505478627398515
11.829450130462646,-1.5439830092529647,-0.05773266321752854,1.3453436882369914,2.0748249111683363,2.5064648574077935
11.849294185638428,-1.530504502065565,-0.05806140664425011,1.340412540023228,2.0682500459864395,2.5061361140712948
11.870638132095337,-1.529189525771986,-0.05773266321752854,1.342384999308835,2.068578789245115,2.505478627398515
11.89415168762207,-1.5295182698450915,-0.05806140664425011,1.3430424857373402,2.0636476403695947,2.50383491071784
11.91538143157959,-1.5295182698450915,-0.057403919790902924,1.3436999721658303,2.0689075325038346,2.505478627398515
11.93656325340271,-1.5298470139183897,-0.05773266321752854,1.339426310380372,2.068578789245115,2.505478627398515
11.95879340171814,-1.528203293553827,-0.05806140664425011,1.340412540023228,2.0689075325038346,2.5051498840622344
11.980793476104736,-1.5295182698450915,-0.05839015007106768,1.3476448907364664,2.0715374785751774,2.5071223440810098
12.001933813095093,-1.5295182698450915,-0.057403919790902924,1.3463299178796448,2.068578789245115,2.5012049640325382
12.024461269378662,-1.5268883172656469,-0.05641768951160167,1.3571784439468653,2.0689075325038346,2.5071223440810098
12.045455932617188,-1.5285320376263538,-0.057403919790902924,1.3430424857373402,2.068578789245115,2.5071223440810098
12.068010807037354,-1.535764407270761,-0.05773266321752854,1.339097567166079,2.067592559469221,2.5051498840622344
12.09209942817688,-1.5341206868888266,-0.05773266321752854,1.339426310380372,2.068578789245115,2.505478627398515
12.116382837295532,-1.529189525771986,-0.05674643293793952,1.3443574585943057,2.069236275762598,2.505478627398515
12.140353202819824,-1.5285320376263538,-0.05904763692499085,1.3387688239517814,2.0682500459864395,2.5058073707348685
12.164612054824829,-1.533463198737405,-0.057403919790902924,1.3430424857373402,2.0689075325038346,2.5058073707348685
12.188658237457275,-1.5295182698450915,-0.05674643293793952,1.3443574585943057,2.0689075325038346,2.5058073707348685
12.212838888168335,-1.529189525771986,-0.05806140664425011,1.3430424857373402,2.068578789245115,2.505478627398515
12.233580112457275,-1.5314907342877744,-0.057403919790902924,1.3456724314512127,2.0679213027278087,2.5041636540538295
12.258772373199463,-1.5288607816990736,-0.05806140664425011,1.3775605232170067,2.0725237083526595,2.506793600744365
12.283223867416382,-1.529189525771986,-0.05839015007106768,1.3427137425230895,2.0682500459864395,2.5061361140712948
12.306877851486206,-1.528203293553827,-0.05773266321752854,1.3387688239517814,2.068578789245115,2.5058073707348685
12.331924200057983,-1.532148222436879,-0.05904763692499085,1.342056256094577,2.0682500459864395,2.5051498840622344
12.356978178024292,-1.5295182698450915,-0.05839015007106768,1.3400837968089467,2.0682500459864395,2.504821140726027
12.381630420684814,-1.529189525771986,-0.05839015007106768,1.341398769666049,2.068578789245115,2.5058073707348685
12.406149864196777,-1.5229433884195986,-0.05773266321752854,1.3430424857373402,2.0679213027278087,2.5051498840622344
12.426980972290039,-1.5301757579918809,-0.05773266321752854,1.33844008073748,2.0682500459864395,2.5051498840622344
12.447478771209717,-1.529189525771986,-0.058718893497981234,1.3407412832375056,2.0689075325038346,2.505478627398515
12.469993352890015,-1.529189525771986,-0.05839015007106768,1.3417275128803148,2.0682500459864395,2.505478627398515
12.492991924285889,-1.5288607816990736,-0.05904763692499085,1.342056256094577,2.0679213027278087,2.5041636540538295
12.514528512954712,-1.5288607816990736,-0.05674643293793952,1.3453436882369914,2.068578789245115,2.5058073707348685
12.53653860092163,-1.529189525771986,-0.05707517636437326,1.340412540023228,2.068578789245115,2.5058073707348685
12.559857845306396,-1.5295182698450915,-0.0610200974890662,1.3407412832375056,2.068578789245115,2.5051498840622344
12.582953929901123,-1.5288607816990736,-0.057403919790902924,1.339426310380372,2.068578789245115,2.505478627398515
12.606557846069336,-1.529189525771986,-0.05839015007106768,1.339426310380372,2.0682500459864395,2.5051498840622344
12.62912106513977,-1.5288607816990736,-0.05773266321752854,1.3381113375231748,2.0679213027278087,2.50383491071784
12.652724266052246,-1.5295182698450915,-0.05773266321752854,1.3473161475222664,2.07581114094715,2.5084373174283177
12.676721096038818,-1.5295182698450915,-0.05773266321752854,1.344686201808538,2.068578789245115,2.5058073707348685
12.698808193206787,-1.529189525771986,-0.05773266321752854,1.3387688239517814,2.0682500459864395,2.5051498840622344
12.723947763442993,-1.5285320376263538,-0.05674643293793952,1.3604658760878068,2.0666063296937223,2.504821140726027
12.748113632202148,-1.529189525771986,-0.05806140664425011,1.3381113375231748,2.0682500459864395,2.5051498840622344
12.770521402359009,-1.5295182698450915,-0.057403919790902924,1.3387688239517814,2.068578789245115,2.5051498840622344
12.795135021209717,-1.529189525771986,-0.05806140664425011,1.3479736339506634,2.0682500459864395,2.5031774240460787
12.819811820983887,-1.5301757579918809,-0.057403919790902924,1.3443574585943057,2.0682500459864395,2.5058073707348685
12.84531283378601,-1.529189525771986,-0.057403919790902924,1.3381113375231748,2.0682500459864395,2.5058073707348685
12.866710662841797,-1.5295182698450915,-0.05806140664425011,1.3407412832375056,2.0682500459864395,2.504821140726027
12.8871488571167,-1.530504502065565,-0.05970512377929818,1.3407412832375056,2.069236275762598,2.505478627398515
12.911768436431885,-1.529189525771986,-0.05707517636437326,1.3397550535946614,2.0679213027278087,2.5051498840622344
12.933459520339966,-1.5295182698450915,-0.057403919790902924,1.339097567166079,2.068578789245115,2.505478627398515
12.953998804092407,-1.5301757579918809,-0.057403919790902924,1.3364676214515865,2.0679213027278087,2.505478627398515
12.977064847946167,-1.5298470139183897,-0.05937638035209647,1.3430424857373402,2.068578789245115,2.5061361140712948
13.00075078010559,-1.5298470139183897,-0.057403919790902924,1.3397550535946614,2.0689075325038346,2.5051498840622344
13.024287462234497,-1.5288607816990736,-0.05937638035209647,1.3440287153800698,2.0689075325038346,2.5015337073679467
13.048911094665527,-1.5298470139183897,-0.05773266321752854,1.3381113375231748,2.0682500459864395,2.5051498840622344
13.071539878845215,-1.5288607816990736,-0.05806140664425011,1.339426310380372,2.0689075325038346,2.505478627398515
13.092095851898193,-1.5288607816990736,-0.057403919790902924,1.3364676214515865,2.0682500459864395,2.5051498840622344
13.113348960876465,-1.5288607816990736,-0.06496501862760906,1.339097567166079,2.0682500459864395,2.5051498840622344
13.135961532592773,-1.5301757579918809,-0.05773266321752854,1.3460011746654306,2.068578789245115,2.5058073707348685
13.158546447753906,-1.5288607816990736,-0.05674643293793952,1.3397550535946614,2.068578789245115,2.505478627398515
13.18255877494812,-1.5298470139183897,-0.06134884091674858,1.3509323228782835,2.067592559469221,2.505478627398515
13.206458806991577,-1.5295182698450915,-0.058718893497981234,1.3397550535946614,2.0679213027278087,2.5051498840622344
13.22813081741333,-1.530504502065565,-0.05904763692499085,1.3436999721658303,2.0682500459864395,2.505478627398515
13.250558376312256,-1.530504502065565,-0.05773266321752854,1.339097567166079,2.0682500459864395,2.5051498840622344
13.272618770599365,-1.529189525771986,-0.057403919790902924,1.342384999308835,2.068578789245115,2.5015337073679467
13.295130014419556,-1.529189525771986,-0.05839015007106768,1.341398769666049,2.068578789245115,2.503506167381923
13.318295001983643,-1.5301757579918809,-0.05839015007106768,1.3397550535946614,2.0682500459864395,2.504821140726027
13.339792013168335,-1.5298470139183897,-0.057403919790902924,1.342384999308835,2.0689075325038346,2.5044923973898916
13.361796855926514,-1.529189525771986,-0.05773266321752854,1.3453436882369914,2.066935072952178,2.505478627398515
13.380798101425171,-1.5308332461394416,-0.057403919790902924,1.3407412832375056,2.0689075325038346,2.5051498840622344
13.402911901473999,-1.5301757579918809,-0.05674643293793952,1.3456724314512127,2.0679213027278087,2.504821140726027
13.425511360168457,-1.5295182698450915,-0.05806140664425011,1.3400837968089467,2.0682500459864395,2.504821140726027
13.445863008499146,-1.5288607816990736,-0.057403919790902924,1.3433712289515871,2.068578789245115,2.5090948041024093
13.467530965805054,-1.530504502065565,-0.057403919790902924,1.3443574585943057,2.0689075325038346,2.5051498840622344
13.489638805389404,-1.530504502065565,-0.057403919790902924,1.3387688239517814,2.0689075325038346,2.5051498840622344
13.512338399887085,-1.529189525771986,-0.05806140664425011,1.3453436882369914,2.067592559469221,2.5044923973898916
13.534846067428589,-1.529189525771986,-0.05773266321752854,1.3443574585943057,2.0695650190214057,2.506793600744365
13.555748224258423,-1.529189525771986,-0.057403919790902924,1.3450149450227664,2.068578789245115,2.5051498840622344
13.576874256134033,-1.5295182698450915,-0.057403919790902924,1.3371251078802344,2.068578789245115,2.5058073707348685
13.597463130950928,-1.529189525771986,-0.05773266321752854,1.3407412832375056,2.0689075325038346,2.5051498840622344
13.619495391845703,-1.5301757579918809,-0.06003386720659601,1.339426310380372,2.068578789245115,2.5058073707348685
13.639512538909912,-1.5295182698450915,-0.05806140664425011,1.3400837968089467,2.0682500459864395,2.505478627398515
13.659024953842163,-1.528203293553827,-0.058718893497981234,1.3450149450227664,2.069236275762598,2.5061361140712948
13.681033611297607,-1.529189525771986,-0.057403919790902924,1.371643145365196,2.0731811948712027,2.5071223440810098
13.704713344573975,-1.5295182698450915,-0.05839015007106768,1.33844008073748,2.068578789245115,2.504821140726027
13.72703218460083,-1.528203293553827,-0.05773266321752854,1.3381113375231748,2.068578789245115,2.504821140726027
13.748592853546143,-1.530504502065565,-0.05773266321752854,1.3450149450227664,2.068578789245115,2.5058073707348685
13.769614219665527,-1.5301757579918809,-0.05707517636437326,1.3453436882369914,2.0672638162106773,2.5058073707348685
13.789626359939575,-1.5295182698450915,-0.06069135406147996,1.337453851094552,2.0682500459864395,2.5051498840622344
13.810175895690918,-1.5288607816990736,-0.057403919790902924,1.340412540023228,2.068578789245115,2.5051498840622344
13.829711437225342,-1.5308332461394416,-0.058718893497981234,1.3469874043080627,2.068578789245115,2.5058073707348685
13.851229906082153,-1.5301757579918809,-0.05707517636437326,1.3463299178796448,2.0689075325038346,2.5051498840622344
13.872255563735962,-1.5288607816990736,-0.05839015007106768,1.3410700264517792,2.068578789245115,2.5058073707348685
13.895886898040771,-1.529189525771986,-0.058718893497981234,1.339426310380372,2.0682500459864395,2.5058073707348685
13.918570041656494,-1.5301757579918809,-0.05839015007106768,1.3433712289515871,2.0682500459864395,2.5051498840622344
13.9418306350708,-1.5301757579918809,-0.05839015007106768,1.3400837968089467,2.068578789245115,2.504821140726027
13.964648246765137,-1.5285320376263538,-0.05608894608535969,1.3538910118056424,2.069236275762598,2.504821140726027
13.986000061035156,-1.5295182698450915,-0.057403919790902924,1.339426310380372,2.0689075325038346,2.5051498840622344
14.006256818771362,-1.5337919428130191,-0.05937638035209647,1.342056256094577,2.0689075325038346,2.505478627398515
14.026184558868408,-1.5285320376263538,-0.05904763692499085,1.3801904689287623,2.0721949650934546,2.505478627398515
14.046381711959839,-1.5308332461394416,-0.05773266321752854,1.3460011746654306,2.068578789245115,2.5051498840622344
14.067625045776367,-1.5295182698450915,-0.05773266321752854,1.3466586610938553,2.068578789245115,2.5064648574077935
14.088990211486816,-1.530504502065565,-0.05707517636437326,1.342384999308835,2.0682500459864395,2.5051498840622344
14.110598802566528,-1.5288607816990736,-0.05707517636437326,1.340412540023228,2.0689075325038346,2.505478627398515
14.13417387008667,-1.5285320376263538,-0.057403919790902924,1.3466586610938553,2.0695650190214057,2.502519937374608
14.156788349151611,-1.529189525771986,-0.057403919790902924,1.3746018342911688,2.073509938130541,2.5064648574077935
14.17935585975647,-1.5295182698450915,-0.05806140664425011,1.342056256094577,2.068578789245115,2.5058073707348685
14.203869819641113,-1.530504502065565,-0.05806140664425011,1.3358101350229221,2.0679213027278087,2.504821140726027
14.22702145576477,-1.5288607816990736,-0.05773266321752854,1.3440287153800698,2.0689075325038346,2.5021911940389816
14.247534036636353,-1.529189525771986,-0.05806140664425011,1.3436999721658303,2.070551248798093,2.5071223440810098
14.26953673362732,-1.530504502065565,-0.05839015007106768,1.3417275128803148,2.0682500459864395,2.5051498840622344
14.290632724761963,-1.5288607816990736,-0.05806140664425011,1.3427137425230895,2.069236275762598,2.5051498840622344
14.314244985580444,-1.529189525771986,-0.05806140664425011,1.370985658937182,2.071208735316105,2.5058073707348685
14.334863662719727,-1.529189525771986,-0.057403919790902924,1.3397550535946614,2.0682500459864395,2.504821140726027
14.358457803726196,-1.5295182698450915,-0.05674643293793952,1.3407412832375056,2.0689075325038346,2.5051498840622344
14.380168914794922,-1.5295182698450915,-0.05806140664425011,1.3844641307101926,2.071208735316105,2.5051498840622344
14.402665615081787,-1.529189525771986,-0.05674643293793952,1.3400837968089467,2.0682500459864395,2.505478627398515
14.42418622970581,-1.5298470139183897,-0.05806140664425011,1.3443574585943057,2.066935072952178,2.5044923973898916
14.444281578063965,-1.5311619902135114,-0.05773266321752854,1.3371251078802344,2.0689075325038346,2.504821140726027
14.46543574333191,-1.5295182698450915,-0.06003386720659601,1.3466586610938553,2.0689075325038346,2.5061361140712948
14.48470139503479,-1.5298470139183897,-0.05707517636437326,1.3805192121427257,2.0715374785751774,2.5051498840622344
14.506412744522095,-1.529189525771986,-0.057403919790902924,1.3410700264517792,2.068578789245115,2.5051498840622344
14.528844356536865,-1.529189525771986,-0.05806140664425011,1.339426310380372,2.0682500459864395,2.505478627398515
14.550756454467773,-1.5298470139183897,-0.05904763692499085,1.361123362515963,2.0672638162106773,2.5058073707348685
14.574756145477295,-1.5298470139183897,-0.05641768951160167,1.3443574585943057,2.0682500459864395,2.504821140726027
14.59816288948059,-1.5288607816990736,-0.057403919790902924,1.337453851094552,2.068578789245115,2.504821140726027
14.620248556137085,-1.529189525771986,-0.057403919790902924,1.3621095921581787,2.069893762280257,2.5074510874177274
14.64225172996521,-1.5288607816990736,-0.057403919790902924,1.3387688239517814,2.0689075325038346,2.5058073707348685
14.664844512939453,-1.5295182698450915,-0.05806140664425011,1.3453436882369914,2.0689075325038346,2.5051498840622344
14.688048362731934,-1.5295182698450915,-0.057403919790902924,1.342056256094577,2.0689075325038346,2.506793600744365
14.710065126419067,-1.5295182698450915,-0.05806140664425011,1.3387688239517814,2.0682500459864395,2.505478627398515
14.732933759689331,-1.5298470139183897,-0.05839015007106768,1.339097567166079,2.0682500459864395,2.5051498840622344
14.754771709442139,-1.5301757579918809,-0.05773266321752854,1.3397550535946614,2.068578789245115,2.5064648574077935
14.777764320373535,-1.5288607816990736,-0.05904763692499085,1.3381113375231748,2.0682500459864395,2.5058073707348685
14.800225734710693,-1.529189525771986,-0.05970512377929818,1.3377825943088655,2.068578789245115,2.5051498840622344
14.820745468139648,-1.5295182698450915,-0.06266381462844045,1.344686201808538,2.0689075325038346,2.5058073707348685
14.840829133987427,-1.5288607816990736,-0.057403919790902924,1.3427137425230895,2.0689075325038346,2.5061361140712948
14.863473892211914,-1.529189525771986,-0.05806140664425011,1.3443574585943057,2.069236275762598,2.5071223440810098
14.885366201400757,-1.5295182698450915,-0.05970512377929818,1.339426310380372,2.0682500459864395,2.505478627398515
14.906887292861938,-1.529189525771986,-0.05773266321752854,1.344686201808538,2.0689075325038346,2.5058073707348685
14.930202722549438,-1.5295182698450915,-0.05839015007106768,1.3466586610938553,2.068578789245115,2.5061361140712948
14.952718496322632,-1.5295182698450915,-0.05806140664425011,1.3430424857373402,2.068578789245115,2.504821140726027
14.974772214889526,-1.5295182698450915,-0.05773266321752854,1.3400837968089467,2.0689075325038346,2.505478627398515
14.997283935546875,-1.5285320376263538,-0.05839015007106768,1.3367963646659125,2.069236275762598,2.505478627398515
15.02126431465149,-1.529189525771986,-0.057403919790902924,1.3436999721658303,2.0689075325038346,2.505478627398515
15.043936967849731,-1.529189525771986,-0.05773266321752854,1.342384999308835,2.068578789245115,2.5058073707348685
15.06777548789978,-1.529189525771986,-0.05707517636437326,1.3670407403689329,2.0679213027278087,2.5044923973898916
15.090755701065063,-1.529189525771986,-0.057403919790902924,1.3479736339506634,2.0718662218342936,2.504821140726027
15.114538669586182,-1.5295182698450915,-0.05674643293793952,1.3469874043080627,2.07581114094715,2.508108574091381
15.137059450149536,-1.529189525771986,-0.057403919790902924,1.3407412832375056,2.0682500459864395,2.505478627398515
15.160581588745117,-1.5288607816990736,-0.05707517636437326,1.3433712289515871,2.067592559469221,2.5064648574077935
15.183825254440308,-1.5298470139183897,-0.057403919790902924,1.3456724314512127,2.0695650190214057,2.5058073707348685
15.206505298614502,-1.5295182698450915,-0.057403919790902924,1.3565209575186437,2.0666063296937223,2.5058073707348685
15.228138208389282,-1.5288607816990736,-0.05773266321752854,1.3456724314512127,2.069236275762598,2.501862450703428
15.250685453414917,-1.5301757579918809,-0.05773266321752854,1.3492886068074168,2.0689075325038346,2.5058073707348685
15.27373719215393,-1.5298470139183897,-0.05608894608535969,1.3400837968089467,2.069236275762598,2.5058073707348685
15.296255826950073,-1.529189525771986,-0.05773266321752854,1.3407412832375056,2.068578789245115,2.505478627398515
15.31826138496399,-1.5295182698450915,-0.05773266321752854,1.342056256094577,2.0689075325038346,2.5051498840622344
15.339482307434082,-1.5288607816990736,-0.05970512377929818,1.3407412832375056,2.0682500459864395,2.505478627398515
15.359889030456543,-1.5298470139183897,-0.057403919790902924,1.3450149450227664,2.068578789245115,2.5031774240460787
15.381864309310913,-1.5295182698450915,-0.05806140664425011,1.33844008073748,2.068578789245115,2.504821140726027
15.40233564376831,-1.529189525771986,-0.057403919790902924,1.3453436882369914,2.0689075325038346,2.509752290776793
15.4248685836792,-1.5288607816990736,-0.057403919790902924,1.3397550535946614,2.0682500459864395,2.5051498840622344
15.445626497268677,-1.5285320376263538,-0.05839015007106768,1.339097567166079,2.067592559469221,2.5058073707348685
15.46539855003357,-1.529189525771986,-0.0603626106339899,1.3400837968089467,2.0682500459864395,2.506793600744365
15.486419916152954,-1.530504502065565,-0.057403919790902924,1.3410700264517792,2.0682500459864395,2.505478627398515
15.507315635681152,-1.5295182698450915,-0.058718893497981234,1.3443574585943057,2.0679213027278087,2.5058073707348685
15.526862144470215,-1.528203293553827,-0.05773266321752854,1.3400837968089467,2.0682500459864395,2.5051498840622344
15.548653841018677,-1.5295182698450915,-0.05806140664425011,1.3453436882369914,2.0689075325038346,2.501862450703428
15.570564031600952,-1.5295182698450915,-0.06003386720659601,1.3453436882369914,2.0689075325038346,2.503506167381923
15.592602014541626,-1.5288607816990736,-0.057403919790902924,1.344686201808538,2.069236275762598,2.5064648574077935
15.614219188690186,-1.529189525771986,-0.057403919790902924,1.3542197550197779,2.0649626134021024,2.5051498840622344
15.634833574295044,-1.529189525771986,-0.05773266321752854,1.3371251078802344,2.068578789245115,2.5058073707348685
15.658514499664307,-1.5288607816990736,-0.05806140664425011,1.3377825943088655,2.068578789245115,2.5051498840622344
15.681509733200073,-1.5295182698450915,-0.05904763692499085,1.340412540023228,2.0679213027278087,2.504821140726027
15.703113555908203,-1.5295182698450915,-0.058718893497981234,1.3479736339506634,2.0695650190214057,2.504821140726027
15.72581672668457,-1.5288607816990736,-0.058718893497981234,1.3387688239517814,2.0682500459864395,2.505478627398515
15.7485032081604,-1.5295182698450915,-0.05773266321752854,1.3436999721658303,2.069236275762598,2.504821140726027
15.770580530166626,-1.5301757579918809,-0.05806140664425011,1.3450149450227664,2.0689075325038346,2.5051498840622344
15.79447889328003,-1.5295182698450915,-0.058718893497981234,1.3614521057300377,2.0672638162106773,2.503506167381923
15.81703495979309,-1.5295182698450915,-0.05773266321752854,1.3410700264517792,2.0689075325038346,2.505478627398515
15.837302923202515,-1.5308332461394416,-0.058718893497981234,1.3410700264517792,2.0682500459864395,2.505478627398515
15.859060049057007,-1.5285320376263538,-0.057403919790902924,1.3440287153800698,2.0689075325038346,2.5058073707348685
15.881980419158936,-1.5298470139183897,-0.05707517636437326,1.3453436882369914,2.0689075325038346,2.5058073707348685
15.906750679016113,-1.5298470139183897,-0.05904763692499085,1.339426310380372,2.0682500459864395,2.5058073707348685
15.928205966949463,-1.5288607816990736,-0.05773266321752854,1.3387688239517814,2.0679213027278087,2.5051498840622344
15.949731349945068,-1.529189525771986,-0.05839015007106768,1.341398769666049,2.0682500459864395,2.5061361140712948
15.971820592880249,-1.5311619902135114,-0.05773266321752854,1.344686201808538,2.068578789245115,2.505478627398515
15.995767593383789,-1.5295182698450915,-0.058718893497981234,1.344686201808538,2.0702225055391525,2.5100810341140942
16.0202898979187,-1.5295182698450915,-0.05773266321752854,1.3400837968089467,2.0682500459864395,2.505478627398515
16.0443058013916,-1.529189525771986,-0.06003386720659601,1.341398769666049,2.0689075325038346,2.505478627398515
16.06799817085266,-1.529189525771986,-0.05839015007106768,1.3407412832375056,2.0682500459864395,2.505478627398515
16.091976404190063,-1.5295182698450915,-0.05806140664425011,1.337453851094552,2.068578789245115,2.504821140726027
16.115960121154785,-1.5288607816990736,-0.05937638035209647,1.340412540023228,2.068578789245115,2.5058073707348685
16.139283895492554,-1.5295182698450915,-0.05773266321752854,1.3407412832375056,2.0682500459864395,2.504821140726027
16.163808345794678,-1.528203293553827,-0.05773266321752854,1.3440287153800698,2.0689075325038346,2.504821140726027
16.186821699142456,-1.5295182698450915,-0.05707517636437326,1.3371251078802344,2.0682500459864395,2.505478627398515
16.21037459373474,-1.529189525771986,-0.05773266321752854,1.3456724314512127,2.0689075325038346,2.50383491071784
16.233539819717407,-1.5295182698450915,-0.05773266321752854,1.3466586610938553,2.068578789245115,2.504821140726027
16.259092330932617,-1.5285320376263538,-0.05773266321752854,1.3397550535946614,2.0682500459864395,2.5051498840622344
16.283524990081787,-1.530504502065565,-0.05970512377929818,1.33844008073748,2.0689075325038346,2.504821140726027
16.304946422576904,-1.5295182698450915,-0.05674643293793952,1.3397550535946614,2.068578789245115,2.504821140726027
16.328558683395386,-1.5288607816990736,-0.05839015007106768,1.3427137425230895,2.0689075325038346,2.5051498840622344
16.35225486755371,-1.5295182698450915,-0.05773266321752854,1.3617808489441094,2.066935072952178,2.5058073707348685
16.3771710395813,-1.529189525771986,-0.05839015007106768,1.3397550535946614,2.0682500459864395,2.505478627398515
16.40172243118286,-1.5295182698450915,-0.05806140664425011,1.3736156046491934,2.071208735316105,2.5071223440810098
16.42586588859558,-1.529189525771986,-0.05937638035209647,1.3594796464455525,2.067592559469221,2.5058073707348685
16.450947999954224,-1.5295182698450915,-0.05904763692499085,1.3466586610938553,2.0689075325038346,2.504821140726027
16.47594380378723,-1.530504502065565,-0.057403919790902924,1.344686201808538,2.068578789245115,2.506793600744365
16.497475385665894,-1.5298470139183897,-0.055102715807208824,1.3565209575186437,2.070551248798093,2.506793600744365
16.518572092056274,-1.5295182698450915,-0.05773266321752854,1.3400837968089467,2.0682500459864395,2.505478627398515
16.54192280769348,-1.5298470139183897,-0.05806140664425011,1.3841353874962432,2.0666063296937223,2.503506167381923
16.56510591506958,-1.5301757579918809,-0.057403919790902924,1.342056256094577,2.0689075325038346,2.50383491071784
16.588521718978882,-1.529189525771986,-0.057403919790902924,1.3417275128803148,2.0689075325038346,2.505478627398515
16.611640214920044,-1.5295182698450915,-0.05773266321752854,1.342384999308835,2.069236275762598,2.5031774240460787
16.635244607925415,-1.5285320376263538,-0.05839015007106768,1.342056256094577,2.0679213027278087,2.5051498840622344
16.65985941886902,-1.5295182698450915,-0.057403919790902924,1.3387688239517814,2.0682500459864395,2.505478627398515
16.686378002166748,-1.5301757579918809,-0.057403919790902924,1.3456724314512127,2.0708799920570766,2.506793600744365
16.709954261779785,-1.5288607816990736,-0.05806140664425011,1.3433712289515871,2.0689075325038346,2.5090948041024093
16.73360776901245,-1.5295182698450915,-0.05773266321752854,1.342056256094577,2.0689075325038346,2.5071223440810098
16.758201360702515,-1.530504502065565,-0.05641768951160167,1.3861078467799253,2.068578789245115,2.5041636540538295
16.78235387802124,-1.5295182698450915,-0.05674643293793952,1.3466586610938553,2.0695650190214057,2.5041636540538295
16.805761337280273,-1.5295182698450915,-0.05773266321752854,1.342056256094577,2.0682500459864395,2.5051498840622344
16.8302001953125,-1.5301757579918809,-0.05937638035209647,1.342056256094577,2.0682500459864395,2.504821140726027
16.85372805595398,-1.5308332461394416,-0.05839015007106768,1.340412540023228,2.0682500459864395,2.504821140726027
16.879247188568115,-1.5301757579918809,-0.05806140664425011,1.3440287153800698,2.0682500459864395,2.5064648574077935
16.903358697891235,-1.5295182698450915,-0.05839015007106768,1.3410700264517792,2.0695650190214057,2.5064648574077935
16.929478645324707,-1.5295182698450915,-0.05839015007106768,1.340412540023228,2.0689075325038346,2.5051498840622344
16.95405077934265,-1.5298470139183897,-0.055760202659213554,1.3588221600173698,2.069893762280257,2.506793600744365
16.976047039031982,-1.5288607816990736,-0.05806140664425011,1.3440287153800698,2.0689075325038346,2.5031774240460787
16.995702505111694,-1.5295182698450915,-0.058718893497981234,1.342056256094577,2.068578789245115,2.5061361140712948
17.018207788467407,-1.5295182698450915,-0.05773266321752854,1.339426310380372,2.068578789245115,2.505478627398515
17.041832447052002,-1.530504502065565,-0.05773266321752854,1.3387688239517814,2.0679213027278087,2.505478627398515
17.064501762390137,-1.5298470139183897,-0.057403919790902924,1.3729581182212014,2.0725237083526595,2.5074510874177274
17.089502096176147,-1.5288607816990736,-0.05773266321752854,1.3381113375231748,2.068578789245115,2.505478627398515
17.114371061325073,-1.5301757579918809,-0.0603626106339899,1.3492886068074168,2.068578789245115,2.5061361140712948
17.137985467910767,-1.5295182698450915,-0.05543145923316328,1.3552059846621667,2.069236275762598,2.5041636540538295
17.16343593597412,-1.5308332461394416,-0.05806140664425011,1.3410700264517792,2.0682500459864395,2.505478627398515
17.187434673309326,-1.529189525771986,-0.055102715807208824,1.3555347278762904,2.069893762280257,2.5051498840622344
17.210967779159546,-1.5298470139183897,-0.05806140664425011,1.3450149450227664,2.0689075325038346,2.508108574091381
17.23579978942871,-1.529189525771986,-0.05773266321752854,1.341398769666049,2.0689075325038346,2.505478627398515
17.260334014892578,-1.5288607816990736,-0.057403919790902924,1.3450149450227664,2.068578789245115,2.504821140726027
17.281333446502686,-1.5295182698450915,-0.05839015007106768,1.339097567166079,2.0682500459864395,2.5051498840622344
17.30086612701416,-1.5288607816990736,-0.05773266321752854,1.3381113375231748,2.068578789245115,2.505478627398515
17.320903539657593,-1.529189525771986,-0.057403919790902924,1.339097567166079,2.068578789245115,2.5041636540538295
17.346071243286133,-1.530504502065565,-0.06299255805660403,1.3377825943088655,2.0682500459864395,2.5044923973898916
17.369189023971558,-1.5298470139183897,-0.057403919790902924,1.3407412832375056,2.068578789245115,2.505478627398515
17.39177703857422,-1.5285320376263538,-0.05839015007106768,1.3460011746654306,2.0689075325038346,2.505478627398515
17.411604166030884,-1.5278745494814927,-0.05806140664425011,1.3381113375231748,2.0682500459864395,2.5051498840622344
17.432114124298096,-1.530504502065565,-0.05839015007106768,1.3673694835829648,2.0695650190214057,2.5044923973898916
17.450809478759766,-1.5295182698450915,-0.05839015007106768,1.3400837968089467,2.0682500459864395,2.5051498840622344
17.470880270004272,-1.529189525771986,-0.05839015007106768,1.3417275128803148,2.068578789245115,2.5051498840622344
17.49080801010132,-1.5295182698450915,-0.05839015007106768,1.3634245650144317,2.0679213027278087,2.5041636540538295
17.511356592178345,-1.530504502065565,-0.057403919790902924,1.3417275128803148,2.068578789245115,2.5058073707348685
17.532634258270264,-1.5301757579918809,-0.06167758434452722,1.3492886068074168,2.068578789245115,2.5061361140712948
17.553167581558228,-1.529189525771986,-0.05904763692499085,1.3558634710904112,2.066935072952178,2.5061361140712948
17.572574615478516,-1.5288607816990736,-0.058718893497981234,1.342056256094577,2.068578789245115,2.5074510874177274
17.59268307685852,-1.530504502065565,-0.058718893497981234,1.3450149450227664,2.068578789245115,2.5058073707348685
17.61441469192505,-1.5285320376263538,-0.05707517636437326,1.3453436882369914,2.069236275762598,2.504821140726027
17.637019634246826,-1.5255733409805496,-0.05806140664425011,1.339097567166079,2.068578789245115,2.505478627398515
17.659797191619873,-1.5295182698450915,-0.05707517636437326,1.3440287153800698,2.0689075325038346,2.5041636540538295
17.681402444839478,-1.5298470139183897,-0.05839015007106768,1.339097567166079,2.068578789245115,2.5058073707348685
17.70323157310486,-1.5295182698450915,-0.05773266321752854,1.3427137425230895,2.069236275762598,2.5051498840622344
17.724764108657837,-1.5295182698450915,-0.05904763692499085,1.3818341849985665,2.065948843176943,2.5051498840622344
17.745778560638428,-1.532148222436879,-0.05773266321752854,1.3456724314512127,2.069236275762598,2.506793600744365
17.765469074249268,-1.530504502065565,-0.05707517636437326,1.3397550535946614,2.068578789245115,2.5051498840622344
17.787378072738647,-1.5288607816990736,-0.057403919790902924,1.341398769666049,2.068578789245115,2.505478627398515
17.81100630760193,-1.530504502065565,-0.05806140664425011,1.3443574585943057,2.0689075325038346,2.5064648574077935
17.83252787590027,-1.5285320376263538,-0.05773266321752854,1.3440287153800698,2.0689075325038346,2.5051498840622344
17.85566258430481,-1.5301757579918809,-0.05707517636437326,1.344686201808538,2.068578789245115,2.5064648574077935
17.87766194343567,-1.530504502065565,-0.057403919790902924,1.341398769666049,2.0689075325038346,2.504821140726027
17.898173332214355,-1.5295182698450915,-0.05773266321752854,1.3377825943088655,2.0679213027278087,2.505478627398515
17.92029643058777,-1.5278745494814927,-0.057403919790902924,1.3397550535946614,2.0689075325038346,2.5044923973898916
17.9424147605896,-1.5288607816990736,-0.05970512377929818,1.33844008073748,2.0679213027278087,2.505478627398515
17.96437382698059,-1.5295182698450915,-0.05970512377929818,1.3483023771648568,2.069236275762598,2.5051498840622344
17.989266872406006,-1.5298470139183897,-0.057403919790902924,1.3387688239517814,2.0689075325038346,2.5058073707348685
18.013807773590088,-1.5212996680752586,-0.05773266321752854,1.33844008073748,2.0679213027278087,2.5051498840622344
18.037427186965942,-1.5301757579918809,-0.05773266321752854,1.3430424857373402,2.0689075325038346,2.5051498840622344
18.061062812805176,-1.528203293553827,-0.05839015007106768,1.3867653332078118,2.0695650190214057,2.503506167381923
18.085586309432983,-1.532148222436879,-0.05806140664425011,1.3742730910771788,2.0708799920570766,2.5064648574077935
18.10813617706299,-1.528203293553827,-0.058718893497981234,1.3450149450227664,2.069236275762598,2.5061361140712948
18.129831790924072,-1.529189525771986,-0.055760202659213554,1.3529047821632174,2.0679213027278087,2.5028486807103074
18.152437925338745,-1.5314907342877744,-0.05806140664425011,1.3456724314512127,2.068578789245115,2.505478627398515
18.174543619155884,-1.529189525771986,-0.05839015007106768,1.3387688239517814,2.068578789245115,2.505478627398515
18.196295738220215,-1.5288607816990736,-0.06134884091674858,1.3469874043080627,2.0679213027278087,2.5064648574077935
18.219215154647827,-1.5288607816990736,-0.058718893497981234,1.3397550535946614,2.0682500459864395,2.5051498840622344
18.23988437652588,-1.529189525771986,-0.05806140664425011,1.3407412832375056,2.0689075325038346,2.5061361140712948
18.262871980667114,-1.5295182698450915,-0.05937638035209647,1.353233525377362,2.067592559469221,2.5044923973898916
18.285382986068726,-1.529189525771986,-0.05707517636437326,1.341398769666049,2.0679213027278087,2.504821140726027
18.309592247009277,-1.5295182698450915,-0.05806140664425011,1.339426310380372,2.068578789245115,2.505478627398515
18.332230806350708,-1.5288607816990736,-0.05904763692499085,1.3371251078802344,2.0682500459864395,2.505478627398515
18.352725505828857,-1.5295182698450915,-0.05806140664425011,1.340412540023228,2.068578789245115,2.5051498840622344
18.374796152114868,-1.529189525771986,-0.05773266321752854,1.342384999308835,2.0708799920570766,2.5087660607653266
18.398408889770508,-1.529189525771986,-0.057403919790902924,1.3417275128803148,2.068578789245115,2.504821140726027
18.422510862350464,-1.5295182698450915,-0.05970512377929818,1.3430424857373402,2.0679213027278087,2.505478627398515
18.44483995437622,-1.5298470139183897,-0.05773266321752854,1.3417275128803148,2.069236275762598,2.5064648574077935
18.466853857040405,-1.5295182698450915,-0.057403919790902924,1.3450149450227664,2.069236275762598,2.5058073707348685
18.487855434417725,-1.534449430964827,-0.05937638035209647,1.3463299178796448,2.0689075325038346,2.5061361140712948
18.509474277496338,-1.529189525771986,-0.06167758434452722,1.3443574585943057,2.0682500459864395,2.5064648574077935
18.53253722190857,-1.5301757579918809,-0.057403919790902924,1.3433712289515871,2.0689075325038346,2.505478627398515
18.554070234298706,-1.5298470139183897,-0.0603626106339899,1.3463299178796448,2.0682500459864395,2.5064648574077935
18.575067043304443,-1.5285320376263538,-0.05773266321752854,1.3440287153800698,2.0702225055391525,2.5041636540538295
18.596742868423462,-1.530504502065565,-0.05674643293793952,1.3529047821632174,2.068578789245115,2.50383491071784
18.619850158691406,-1.529189525771986,-0.05773266321752854,1.340412540023228,2.068578789245115,2.5058073707348685
18.643003225326538,-1.5301757579918809,-0.05674643293793952,1.3522472957349188,2.069236275762598,2.5044923973898916
18.66400122642517,-1.5285320376263538,-0.058718893497981234,1.3387688239517814,2.0682500459864395,2.5064648574077935
18.684001684188843,-1.526230829122713,-0.058718893497981234,1.3515898093066074,2.067592559469221,2.5041636540538295
18.705819368362427,-1.5245871087687488,-0.05806140664425011,1.3463299178796448,2.0695650190214057,2.504821140726027
18.72933030128479,-1.529189525771986,-0.057403919790902924,1.3430424857373402,2.0689075325038346,2.5051498840622344
18.751939058303833,-1.5285320376263538,-0.0652937620564473,1.341398769666049,2.068578789245115,2.5051498840622344
18.772939443588257,-1.529189525771986,-0.05839015007106768,1.3440287153800698,2.0689075325038346,2.5061361140712948
18.79351806640625,-1.5288607816990736,-0.05806140664425011,1.342056256094577,2.0682500459864395,2.505478627398515
18.81374740600586,-1.5288607816990736,-0.057403919790902924,1.340412540023228,2.0682500459864395,2.505478627398515
18.83717393875122,-1.5295182698450915,-0.057403919790902924,1.3407412832375056,2.0689075325038346,2.5051498840622344
18.86044430732727,-1.5288607816990736,-0.05806140664425011,1.364410794656596,2.067592559469221,2.50383491071784
18.881538152694702,-1.5295182698450915,-0.05970512377929818,1.3377825943088655,2.068578789245115,2.5051498840622344
18.90296196937561,-1.5308332461394416,-0.05806140664425011,1.3463299178796448,2.069893762280257,2.504821140726027
18.923645973205566,-1.5314907342877744,-0.05674643293793952,1.3469874043080627,2.0682500459864395,2.5041636540538295
18.94617223739624,-1.5295182698450915,-0.05674643293793952,1.344686201808538,2.0689075325038346,2.5061361140712948
18.969520568847656,-1.5295182698450915,-0.05773266321752854,1.3805192121427257,2.065948843176943,2.5051498840622344
18.990625381469727,-1.5298470139183897,-0.05806140664425011,1.339426310380372,2.068578789245115,2.505478627398515
19.013223886489868,-1.529189525771986,-0.05839015007106768,1.366383253940862,2.0695650190214057,2.5064648574077935
19.034786462783813,-1.5295182698450915,-0.05707517636437326,1.3400837968089467,2.0682500459864395,2.5044923973898916
19.058300256729126,-1.5295182698450915,-0.057403919790902924,1.3624383353722458,2.066935072952178,2.5041636540538295
19.079697132110596,-1.5298470139183897,-0.05674643293793952,1.3367963646659125,2.068578789245115,2.5058073707348685
19.10020923614502,-1.5295182698450915,-0.057403919790902924,1.341398769666049,2.068578789245115,2.5061361140712948
19.121400833129883,-1.5298470139183897,-0.05543145923316328,1.3558634710904112,2.069893762280257,2.505478627398515
19.144012451171875,-1.53181947836223,-0.058718893497981234,1.3476448907364664,2.0695650190214057,2.5058073707348685
19.16575002670288,-1.5301757579918809,-0.05773266321752854,1.342384999308835,2.068578789245115,2.5058073707348685
19.18774175643921,-1.529189525771986,-0.05674643293793952,1.3483023771648568,2.0679213027278087,2.50383491071784
19.209455490112305,-1.5301757579918809,-0.05806140664425011,1.3387688239517814,2.0689075325038346,2.505478627398515
19.23410201072693,-1.5301757579918809,-0.057403919790902924,1.339426310380372,2.068578789245115,2.505478627398515
19.25734305381775,-1.5295182698450915,-0.05543145923316328,1.35487724144804,2.0695650190214057,2.5058073707348685
19.277341604232788,-1.5295182698450915,-0.05773266321752854,1.339426310380372,2.068578789245115,2.5051498840622344
19.297906398773193,-1.529189525771986,-0.057403919790902924,1.3463299178796448,2.0689075325038346,2.5051498840622344
19.319044589996338,-1.528203293553827,-0.05707517636437326,1.3476448907364664,2.070551248798093,2.506793600744365
19.340245485305786,-1.5301757579918809,-0.05773266321752854,1.3410700264517792,2.068578789245115,2.5058073707348685
19.361371755599976,-1.5298470139183897,-0.06003386720659601,1.3469874043080627,2.0695650190214057,2.506793600744365
19.38337016105652,-1.5295182698450915,-0.057403919790902924,1.3453436882369914,2.0672638162106773,2.505478627398515
19.404884099960327,-1.5295182698450915,-0.05839015007106768,1.3427137425230895,2.068578789245115,2.5058073707348685
19.42570996284485,-1.5311619902135114,-0.05707517636437326,1.3433712289515871,2.068578789245115,2.5061361140712948
19.447347402572632,-1.529189525771986,-0.05839015007106768,1.3407412832375056,2.068578789245115,2.5058073707348685
19.46928596496582,-1.530504502065565,-0.05806140664425011,1.340412540023228,2.0682500459864395,2.505478627398515
19.491820335388184,-1.5308332461394416,-0.05608894608535969,1.3529047821632174,2.0682500459864395,2.504821140726027
19.514864683151245,-1.528203293553827,-0.05674643293793952,1.341398769666049,2.068578789245115,2.5061361140712948
19.537041664123535,-1.530504502065565,-0.05806140664425011,1.3443574585943057,2.0702225055391525,2.507779830754518
19.558592319488525,-1.5288607816990736,-0.057403919790902924,1.342384999308835,2.068578789245115,2.5051498840622344
19.57959246635437,-1.529189525771986,-0.0603626106339899,1.3456724314512127,2.0695650190214057,2.5061361140712948
19.602368354797363,-1.5301757579918809,-0.057403919790902924,1.339426310380372,2.0682500459864395,2.505478627398515
19.624969720840454,-1.5285320376263538,-0.05904763692499085,1.3440287153800698,2.0682500459864395,2.5051498840622344
19.648834228515625,-1.5288607816990736,-0.058718893497981234,1.3377825943088655,2.068578789245115,2.5051498840622344
19.672828435897827,-1.5295182698450915,-0.057403919790902924,1.342056256094577,2.0689075325038346,2.505478627398515
19.697468996047974,-1.5288607816990736,-0.057403919790902924,1.3436999721658303,2.0682500459864395,2.504821140726027
19.72059178352356,-1.5295182698450915,-0.05773266321752854,1.3387688239517814,2.0682500459864395,2.504821140726027
19.743918657302856,-1.529189525771986,-0.057403919790902924,1.3397550535946614,2.0689075325038346,2.505478627398515
19.768357038497925,-1.529189525771986,-0.05773266321752854,1.3387688239517814,2.069236275762598,2.505478627398515
19.791996002197266,-1.5298470139183897,-0.05937638035209647,1.3377825943088655,2.067592559469221,2.5031774240460787
19.812915802001953,-1.529189525771986,-0.05937638035209647,1.33844008073748,2.0682500459864395,2.505478627398515
19.832422733306885,-1.529189525771986,-0.05674643293793952,1.3433712289515871,2.069236275762598,2.5061361140712948
19.852782487869263,-1.5308332461394416,-0.055760202659213554,1.3542197550197779,2.0689075325038346,2.5044923973898916
19.872777700424194,-1.5301757579918809,-0.05839015007106768,1.3400837968089467,2.067592559469221,2.5058073707348685
19.893795013427734,-1.5298470139183897,-0.05773266321752854,1.3466586610938553,2.069893762280257,2.504821140726027
19.91632866859436,-1.5295182698450915,-0.057403919790902924,1.3397550535946614,2.0682500459864395,2.5051498840622344
19.93753457069397,-1.529189525771986,-0.05806140664425011,1.387751562849635,2.0672638162106773,2.503506167381923
19.958603382110596,-1.529189525771986,-0.05773266321752854,1.33844008073748,2.0689075325038346,2.505478627398515
19.981061220169067,-1.529189525771986,-0.06299255805660403,1.3489598635932334,2.067592559469221,2.5064648574077935
20.005776405334473,-1.529189525771986,-0.05641768951160167,1.3578359303750753,2.069893762280257,2.5061361140712948
20.02953839302063,-1.5285320376263538,-0.05773266321752854,1.3364676214515865,2.0689075325038346,2.505478627398515
20.05112648010254,-1.5301757579918809,-0.058718893497981234,1.3381113375231748,2.069236275762598,2.505478627398515
20.07213568687439,-1.5308332461394416,-0.05707517636437326,1.337453851094552,2.068578789245115,2.504821140726027
20.092140436172485,-1.529189525771986,-0.06167758434452722,1.3397550535946614,2.068578789245115,2.505478627398515
20.113472938537598,-1.529189525771986,-0.05806140664425011,1.342384999308835,2.0689075325038346,2.5051498840622344
20.136852025985718,-1.530504502065565,-0.05674643293793952,1.3466586610938553,2.0679213027278087,2.5058073707348685
20.15847659111023,-1.530504502065565,-0.05773266321752854,1.3427137425230895,2.068578789245115,2.5061361140712948
20.181480884552002,-1.5288607816990736,-0.05773266321752854,1.3400837968089467,2.0689075325038346,2.504821140726027
20.204347610473633,-1.529189525771986,-0.057403919790902924,1.3430424857373402,2.0682500459864395,2.5051498840622344
20.226661443710327,-1.529189525771986,-0.055102715807208824,1.353233525377362,2.0695650190214057,2.503506167381923
20.25017547607422,-1.529189525771986,-0.05773266321752854,1.3407412832375056,2.0689075325038346,2.505478627398515
20.27481245994568,-1.5301757579918809,-0.05773266321752854,1.340412540023228,2.0682500459864395,2.5051498840622344
20.2946937084198,-1.528203293553827,-0.06003386720659601,1.339426310380372,2.0682500459864395,2.5058073707348685
20.317390203475952,-1.530504502065565,-0.058718893497981234,1.339426310380372,2.0679213027278087,2.5061361140712948
20.339293956756592,-1.529189525771986,-0.05904763692499085,1.3699994292951467,2.0721949650934546,2.505478627398515
20.360835313796997,-1.529189525771986,-0.058718893497981234,1.339097567166079,2.068578789245115,2.505478627398515
20.38140058517456,-1.529189525771986,-0.05806140664425011,1.3397550535946614,2.0682500459864395,2.504821140726027
20.403085231781006,-1.5314907342877744,-0.05806140664425011,1.3397550535946614,2.0682500459864395,2.505478627398515
20.42419981956482,-1.5285320376263538,-0.05839015007106768,1.3453436882369914,2.0715374785751774,2.5090948041024093
20.446298122406006,-1.5449692414989624,-0.05970512377929818,1.339097567166079,2.0679213027278087,2.505478627398515
20.469355821609497,-1.529189525771986,-0.05839015007106768,1.344686201808538,2.0689075325038346,2.5058073707348685
20.490321159362793,-1.5295182698450915,-0.05674643293793952,1.3397550535946614,2.069236275762598,2.504821140726027
20.510346174240112,-1.529189525771986,-0.05773266321752854,1.3361388782372565,2.0682500459864395,2.504821140726027
20.533153533935547,-1.529189525771986,-0.05806140664425011,1.3407412832375056,2.068578789245115,2.5041636540538295
20.555694341659546,-1.5295182698450915,-0.05773266321752854,1.3443574585943057,2.0689075325038346,2.5051498840622344
20.578728437423706,-1.5295182698450915,-0.05806140664425011,1.340412540023228,2.068578789245115,2.504821140726027
20.59924077987671,-1.5301757579918809,-0.05970512377929818,1.3407412832375056,2.0682500459864395,2.5058073707348685
20.619361400604248,-1.5311619902135114,-0.057403919790902924,1.3410700264517792,2.0689075325038346,2.504821140726027
20.639467000961304,-1.5295182698450915,-0.05773266321752854,1.3453436882369914,2.0689075325038346,2.509752290776793
20.660544872283936,-1.5288607816990736,-0.057403919790902924,1.3443574585943057,2.069236275762598,2.5084373174283177
20.68476676940918,-1.5311619902135114,-0.058718893497981234,1.3450149450227664,2.067592559469221,2.5044923973898916
20.708645820617676,-1.529189525771986,-0.057403919790902924,1.3443574585943057,2.068578789245115,2.5061361140712948
20.732316970825195,-1.5295182698450915,-0.05773266321752854,1.3410700264517792,2.068578789245115,2.5051498840622344
20.754749536514282,-1.5295182698450915,-0.05904763692499085,1.3381113375231748,2.0682500459864395,2.5051498840622344
20.775856971740723,-1.5301757579918809,-0.06397878834167287,1.3417275128803148,2.068578789245115,2.5058073707348685
20.79829502105713,-1.529189525771986,-0.05707517636437326,1.3397550535946614,2.0682500459864395,2.505478627398515
20.821388721466064,-1.5308332461394416,-0.058718893497981234,1.3492886068074168,2.069236275762598,2.5058073707348685
20.846431970596313,-1.529189525771986,-0.057403919790902924,1.375588063933129,2.0728524516119093,2.5071223440810098
20.869431495666504,-1.530504502065565,-0.05773266321752854,1.3377825943088655,2.0682500459864395,2.5058073707348685
20.892959356307983,-1.5295182698450915,-0.057403919790902924,1.3427137425230895,2.068578789245115,2.505478627398515
20.915316343307495,-1.5301757579918809,-0.05773266321752854,1.3788754960728957,2.0725237083526595,2.5061361140712948
20.937415838241577,-1.5301757579918809,-0.05773266321752854,1.3456724314512127,2.068578789245115,2.5094235474395648
20.958173036575317,-1.5298470139183897,-0.05773266321752854,1.3397550535946614,2.0689075325038346,2.5058073707348685
20.978172302246094,-1.5295182698450915,-0.05773266321752854,1.3436999721658303,2.068578789245115,2.505478627398515
20.99868679046631,-1.5288607816990736,-0.05773266321752854,1.340412540023228,2.0682500459864395,2.5051498840622344
21.01916813850403,-1.5295182698450915,-0.0603626106339899,1.3502748364499466,2.068578789245115,2.5064648574077935
21.039860010147095,-1.5295182698450915,-0.05806140664425011,1.3371251078802344,2.0682500459864395,2.504821140726027
21.062379598617554,-1.529189525771986,-0.05773266321752854,1.3433712289515871,2.068578789245115,2.5061361140712948
21.084391832351685,-1.5295182698450915,-0.05904763692499085,1.339426310380372,2.0682500459864395,2.5051498840622344
21.105498552322388,-1.5311619902135114,-0.05806140664425011,1.340412540023228,2.0695650190214057,2.5064648574077935
21.130022287368774,-1.5295182698450915,-0.057403919790902924,1.339426310380372,2.0682500459864395,2.5051498840622344
21.151665925979614,-1.5311619902135114,-0.05543145923316328,1.3558634710904112,2.0702225055391525,2.505478627398515
21.173803329467773,-1.529189525771986,-0.057403919790902924,1.339426310380372,2.0689075325038346,2.5051498840622344
21.19531536102295,-1.5285320376263538,-0.057403919790902924,1.3433712289515871,2.068578789245115,2.505478627398515
21.21767020225525,-1.5295182698450915,-0.05773266321752854,1.3463299178796448,2.069236275762598,2.5051498840622344
21.239524364471436,-1.5295182698450915,-0.05839015007106768,1.3400837968089467,2.067592559469221,2.5058073707348685
21.262601613998413,-1.529189525771986,-0.05937638035209647,1.3723006317932023,2.0695650190214057,2.506793600744365
21.285884618759155,-1.530504502065565,-0.05806140664425011,1.3440287153800698,2.068578789245115,2.5058073707348685
21.309471130371094,-1.5295182698450915,-0.05806140664425011,1.342384999308835,2.0689075325038346,2.5051498840622344
21.332015991210938,-1.5295182698450915,-0.06003386720659601,1.3397550535946614,2.068578789245115,2.505478627398515
21.35253620147705,-1.5295182698450915,-0.05839015007106768,1.3407412832375056,2.0679213027278087,2.5061361140712948
21.374539375305176,-1.529189525771986,-0.05674643293793952,1.3430424857373402,2.0679213027278087,2.5061361140712948
21.397628784179688,-1.530504502065565,-0.05839015007106768,1.3433712289515871,2.0682500459864395,2.5058073707348685
21.418235301971436,-1.5295182698450915,-0.0610200974890662,1.3496173500215967,2.0672638162106773,2.5064648574077935
21.438811779022217,-1.530504502065565,-0.05773266321752854,1.3377825943088655,2.0682500459864395,2.505478627398515
21.46232032775879,-1.5298470139183897,-0.05773266321752854,1.33844008073748,2.0682500459864395,2.5051498840622344
21.485451698303223,-1.5295182698450915,-0.05806140664425011,1.3387688239517814,2.0682500459864395,2.5044923973898916
21.507066011428833,-1.5298470139183897,-0.05773266321752854,1.342384999308835,2.0679213027278087,2.504821140726027
21.530970811843872,-1.529189525771986,-0.05806140664425011,1.339097567166079,2.0682500459864395,2.5061361140712948
21.553227424621582,-1.5288607816990736,-0.057403919790902924,1.3456724314512127,2.0689075325038346,2.504821140726027
21.577767848968506,-1.529189525771986,-0.05806140664425011,1.344686201808538,2.068578789245115,2.505478627398515
21.602211952209473,-1.529189525771986,-0.05773266321752854,1.3387688239517814,2.0682500459864395,2.5051498840622344
21.625311136245728,-1.5295182698450915,-0.057403919790902924,1.3397550535946614,2.068578789245115,2.505478627398515
21.648184299468994,-1.529189525771986,-0.057403919790902924,1.340412540023228,2.068578789245115,2.505478627398515
21.673149824142456,-1.530504502065565,-0.057403919790902924,1.3476448907364664,2.07581114094715,2.5071223440810098
21.696993112564087,-1.5301757579918809,-0.05773266321752854,1.3440287153800698,2.069236275762598,2.5031774240460787
21.720227479934692,-1.529189525771986,-0.05674643293793952,1.340412540023228,2.0682500459864395,2.505478627398515
21.743319511413574,-1.530504502065565,-0.05773266321752854,1.337453851094552,2.0689075325038346,2.5058073707348685
21.76356863975525,-1.529189525771986,-0.058718893497981234,1.3463299178796448,2.0689075325038346,2.505478627398515
21.78356647491455,-1.5252445969097568,-0.05773266321752854,1.3782180096449541,2.069893762280257,2.508108574091381
21.804076433181763,-1.5295182698450915,-0.057403919790902924,1.3430424857373402,2.0682500459864395,2.5064648574077935
21.826175451278687,-1.5298470139183897,-0.058718893497981234,1.3397550535946614,2.0682500459864395,2.504821140726027
21.848692417144775,-1.5288607816990736,-0.05773266321752854,1.3469874043080627,2.0689075325038346,2.507779830754518
21.870489358901978,-1.5295182698450915,-0.05970512377929818,1.3410700264517792,2.0682500459864395,2.504821140726027
21.894481897354126,-1.5295182698450915,-0.05674643293793952,1.3410700264517792,2.068578789245115,2.505478627398515
21.917998790740967,-1.529189525771986,-0.05904763692499085,1.3400837968089467,2.068578789245115,2.505478627398515
21.939698696136475,-1.5295182698450915,-0.05839015007106768,1.340412540023228,2.0682500459864395,2.505478627398515
21.96031141281128,-1.529189525771986,-0.057403919790902924,1.3417275128803148,2.0689075325038346,2.5051498840622344
21.984312295913696,-1.5288607816990736,-0.05839015007106768,1.33844008073748,2.068578789245115,2.5058073707348685
22.00793170928955,-1.529189525771986,-0.05773266321752854,1.344686201808538,2.068578789245115,2.5058073707348685
22.03260326385498,-1.5288607816990736,-0.05773266321752854,1.3335089325224627,2.0682500459864395,2.504821140726027
22.056052446365356,-1.5288607816990736,-0.05477397238135012,1.3565209575186437,2.069893762280257,2.5071223440810098
22.080042839050293,-1.5285320376263538,-0.05773266321752854,1.33844008073748,2.0682500459864395,2.504821140726027
22.104512453079224,-1.5298470139183897,-0.05707517636437326,1.341398769666049,2.0682500459864395,2.505478627398515
22.126516819000244,-1.529189525771986,-0.05970512377929818,1.3486311203790466,2.0682500459864395,2.5031774240460787
22.14958381652832,-1.529189525771986,-0.057403919790902924,1.3427137425230895,2.068578789245115,2.5058073707348685
22.172590017318726,-1.5295182698450915,-0.05773266321752854,1.3427137425230895,2.068578789245115,2.504821140726027
22.195204257965088,-1.5288607816990736,-0.05806140664425011,1.3377825943088655,2.0679213027278087,2.5051498840622344
22.220033407211304,-1.5295182698450915,-0.05707517636437326,1.3469874043080627,2.068578789245115,2.5015337073679467
22.245582818984985,-1.5295182698450915,-0.05674643293793952,1.3427137425230895,2.068578789245115,2.5064648574077935
22.271581172943115,-1.529189525771986,-0.057403919790902924,1.337453851094552,2.069236275762598,2.5058073707348685
22.29505467414856,-1.5295182698450915,-0.05806140664425011,1.341398769666049,2.0689075325038346,2.5061361140712948
22.319323301315308,-1.5301757579918809,-0.05806140664425011,1.3427137425230895,2.068578789245115,2.5061361140712948
22.343953132629395,-1.5295182698450915,-0.057403919790902924,1.3604658760878068,2.0682500459864395,2.5064648574077935
22.367559909820557,-1.529189525771986,-0.05937638035209647,1.3407412832375056,2.0689075325038346,2.5061361140712948
22.392478227615356,-1.5301757579918809,-0.0603626106339899,1.339426310380372,2.068578789245115,2.505478627398515
22.417025327682495,-1.5288607816990736,-0.06463627519886725,1.33844008073748,2.0682500459864395,2.504821140726027
22.440553188323975,-1.5295182698450915,-0.057403919790902924,1.3463299178796448,2.069893762280257,2.504821140726027
22.466094255447388,-1.5288607816990736,-0.05806140664425011,1.33844008073748,2.0682500459864395,2.505478627398515
22.48976731300354,-1.5301757579918809,-0.05806140664425011,1.3440287153800698,2.0689075325038346,2.506793600744365
22.514366149902344,-1.5295182698450915,-0.05806140664425011,1.3417275128803148,2.0689075325038346,2.5061361140712948
22.534663438796997,-1.5298470139183897,-0.06200632777240203,1.3496173500215967,2.068578789245115,2.506793600744365
22.55621361732483,-1.5295182698450915,-0.05806140664425011,1.339426310380372,2.0682500459864395,2.5051498840622344
22.57921600341797,-1.5295182698450915,-0.05937638035209647,1.3381113375231748,2.068578789245115,2.5051498840622344
22.60385227203369,-1.5295182698450915,-0.058718893497981234,1.3450149450227664,2.068578789245115,2.505478627398515
22.626859664916992,-1.5301757579918809,-0.05707517636437326,1.341398769666049,2.068578789245115,2.5058073707348685
22.650908946990967,-1.5295182698450915,-0.05773266321752854,1.3407412832375056,2.0682500459864395,2.5051498840622344
22.673906087875366,-1.529189525771986,-0.05806140664425011,1.3381113375231748,2.0682500459864395,2.505478627398515
22.696444749832153,-1.5301757579918809,-0.05707517636437326,1.3407412832375056,2.0689075325038346,2.5031774240460787
22.720459461212158,-1.5288607816990736,-0.057403919790902924,1.3427137425230895,2.069236275762598,2.505478627398515
22.74516224861145,-1.529189525771986,-0.05773266321752854,1.3443574585943057,2.0689075325038346,2.5028486807103074
22.76708960533142,-1.5295182698450915,-0.058718893497981234,1.341398769666049,2.0682500459864395,2.505478627398515
22.791088819503784,-1.5298470139183897,-0.05839015007106768,1.3433712289515871,2.0689075325038346,2.5058073707348685
22.814759492874146,-1.529189525771986,-0.05806140664425011,1.339097567166079,2.0689075325038346,2.505478627398515
22.839919805526733,-1.5295182698450915,-0.05839015007106768,1.33844008073748,2.068578789245115,2.505478627398515
22.864439010620117,-1.5268883172656469,-0.05970512377929818,1.3407412832375056,2.068578789245115,2.505478627398515
22.885684490203857,-1.5288607816990736,-0.05707517636437326,1.342056256094577,2.0689075325038346,2.504821140726027
22.9082190990448,-1.5298470139183897,-0.05806140664425011,1.3377825943088655,2.068578789245115,2.5051498840622344
22.931913375854492,-1.5295182698450915,-0.05773266321752854,1.3443574585943057,2.068578789245115,2.5051498840622344
22.9549458026886,-1.5301757579918809,-0.057403919790902924,1.3361388782372565,2.0679213027278087,2.505478627398515
22.977946996688843,-1.5298470139183897,-0.05839015007106768,1.3377825943088655,2.0682500459864395,2.5051498840622344
23.000491857528687,-1.5298470139183897,-0.05773266321752854,1.3450149450227664,2.0682500459864395,2.505478627398515
23.022669553756714,-1.5298470139183897,-0.05806140664425011,1.3417275128803148,2.068578789245115,2.503506167381923
23.044208765029907,-1.5301757579918809,-0.05806140664425011,1.342056256094577,2.0689075325038346,2.5058073707348685
23.067707538604736,-1.5288607816990736,-0.05773266321752854,1.3436999721658303,2.0689075325038346,2.505478627398515
23.092710494995117,-1.5298470139183897,-0.05707517636437326,1.3387688239517814,2.0682500459864395,2.504821140726027
23.116405487060547,-1.5288607816990736,-0.057403919790902924,1.3653970242987392,2.0682500459864395,2.5044923973898916
23.14244556427002,-1.5301757579918809,-0.05839015007106768,1.3427137425230895,2.068578789245115,2.505478627398515
23.16644310951233,-1.529189525771986,-0.05904763692499085,1.33844008073748,2.0689075325038346,2.5051498840622344
23.19005584716797,-1.5295182698450915,-0.05839015007106768,1.3673694835829648,2.0721949650934546,2.5074510874177274
23.21440076828003,-1.5301757579918809,-0.05806140664425011,1.339097567166079,2.068578789245115,2.504821140726027
23.235979318618774,-1.5298470139183897,-0.057403919790902924,1.3453436882369914,2.068578789245115,2.5058073707348685
23.2594792842865,-1.5298470139183897,-0.057403919790902924,1.340412540023228,2.0689075325038346,2.505478627398515
23.2834792137146,-1.5288607816990736,-0.058718893497981234,1.339097567166079,2.0682500459864395,2.505478627398515
23.30702829360962,-1.5295182698450915,-0.05773266321752854,1.33844008073748,2.0682500459864395,2.5051498840622344
23.32951021194458,-1.5301757579918809,-0.058718893497981234,1.3427137425230895,2.0689075325038346,2.505478627398515
23.352201223373413,-1.529189525771986,-0.05806140664425011,1.339097567166079,2.068578789245115,2.5061361140712948
23.37617039680481,-1.5308332461394416,-0.057403919790902924,1.3397550535946614,2.068578789245115,2.5058073707348685
23.40068769454956,-1.529189525771986,-0.05773266321752854,1.3473161475222664,2.0754823976875008,2.506793600744365
23.423926830291748,-1.5301757579918809,-0.05904763692499085,1.3410700264517792,2.068578789245115,2.5058073707348685
23.448442697525024,-1.5295182698450915,-0.05839015007106768,1.3407412832375056,2.0689075325038346,2.5051498840622344
23.47235345840454,-1.5301757579918809,-0.057403919790902924,1.339426310380372,2.0689075325038346,2.505478627398515
23.49613618850708,-1.530504502065565,-0.05806140664425011,1.3410700264517792,2.069236275762598,2.504821140726027
23.520679473876953,-1.530504502065565,-0.05773266321752854,1.3400837968089467,2.068578789245115,2.5051498840622344
23.545795440673828,-1.5295182698450915,-0.05839015007106768,1.3489598635932334,2.069236275762598,2.504821140726027
23.5693781375885,-1.530504502065565,-0.05773266321752854,1.3594796464455525,2.0689075325038346,2.506793600744365
23.59366750717163,-1.529189525771986,-0.057403919790902924,1.3469874043080627,2.0666063296937223,2.5031774240460787
23.618642807006836,-1.5295182698450915,-0.05773266321752854,1.3456724314512127,2.065620099918619,2.5058073707348685
23.644334316253662,-1.5295182698450915,-0.05904763692499085,1.340412540023228,2.068578789245115,2.505478627398515
23.668335437774658,-1.529189525771986,-0.05773266321752854,1.3440287153800698,2.0682500459864395,2.505478627398515
23.692096710205078,-1.5295182698450915,-0.05773266321752854,1.3400837968089467,2.068578789245115,2.505478627398515
23.716092348098755,-1.529189525771986,-0.05773266321752854,1.3427137425230895,2.068578789245115,2.5061361140712948
23.738730669021606,-1.5295182698450915,-0.06069135406147996,1.3522472957349188,2.0672638162106773,2.505478627398515
23.762550830841064,-1.5298470139183897,-0.05806140664425011,1.3397550535946614,2.0682500459864395,2.505478627398515
23.78665256500244,-1.5308332461394416,-0.05839015007106768,1.3456724314512127,2.0689075325038346,2.505478627398515
23.80822515487671,-1.532148222436879,-0.057403919790902924,1.342384999308835,2.0682500459864395,2.505478627398515
23.830767154693604,-1.5311619902135114,-0.057403919790902924,1.3427137425230895,2.0689075325038346,2.506793600744365
23.853264331817627,-1.5295182698450915,-0.05806140664425011,1.3407412832375056,2.069236275762598,2.5058073707348685
23.877265214920044,-1.5295182698450915,-0.05773266321752854,1.3713144021511898,2.0728524516119093,2.5074510874177274
23.897624731063843,-1.5288607816990736,-0.05839015007106768,1.3397550535946614,2.0679213027278087,2.504821140726027
23.918843507766724,-1.5295182698450915,-0.057403919790902924,1.3400837968089467,2.068578789245115,2.504821140726027
23.93895673751831,-1.529189525771986,-0.05674643293793952,1.3453436882369914,2.0689075325038346,2.5061361140712948
23.961686611175537,-1.5308332461394416,-0.05773266321752854,1.3381113375231748,2.0679213027278087,2.5044923973898916
23.985902786254883,-1.5288607816990736,-0.05839015007106768,1.3479736339506634,2.073509938130541,2.5064648574077935
24.00642442703247,-1.5328057105867559,-0.058718893497981234,1.3436999721658303,2.068578789245115,2.5064648574077935
24.027833938598633,-1.5295182698450915,-0.05839015007106768,1.3450149450227664,2.0689075325038346,2.5044923973898916
24.04991054534912,-1.5288607816990736,-0.05839015007106768,1.3400837968089467,2.0682500459864395,2.504821140726027
24.07214093208313,-1.5295182698450915,-0.057403919790902924,1.339097567166079,2.0682500459864395,2.5051498840622344
24.09471368789673,-1.5295182698450915,-0.05839015007106768,1.342384999308835,2.068578789245115,2.505478627398515
24.117219924926758,-1.5295182698450915,-0.05806140664425011,1.3400837968089467,2.068578789245115,2.505478627398515
24.13927721977234,-1.5311619902135114,-0.05773266321752854,1.342056256094577,2.0689075325038346,2.5058073707348685
24.160290718078613,-1.529189525771986,-0.05773266321752854,1.339426310380372,2.0689075325038346,2.505478627398515
24.18330669403076,-1.5295182698450915,-0.05904763692499085,1.3476448907364664,2.068578789245115,2.505478627398515
24.205814361572266,-1.530504502065565,-0.05773266321752854,1.3387688239517814,2.0689075325038346,2.505478627398515
24.229823350906372,-1.5298470139183897,-0.05839015007106768,1.339426310380372,2.068578789245115,2.505478627398515
24.250988245010376,-1.529189525771986,-0.05773266321752854,1.3594796464455525,2.0679213027278087,2.5064648574077935
24.272887229919434,-1.5295182698450915,-0.05806140664425011,1.3637533082284887,2.066935072952178,2.5041636540538295
24.29552674293518,-1.5288607816990736,-0.05773266321752854,1.3410700264517792,2.0689075325038346,2.5051498840622344
24.31815481185913,-1.529189525771986,-0.057403919790902924,1.3397550535946614,2.0689075325038346,2.5041636540538295
24.34192705154419,-1.530504502065565,-0.057403919790902924,1.3400837968089467,2.0689075325038346,2.505478627398515
24.363003492355347,-1.5295182698450915,-0.05806140664425011,1.371643145365196,2.071208735316105,2.5061361140712948
24.382665395736694,-1.5285320376263538,-0.05904763692499085,1.3453436882369914,2.0689075325038346,2.5051498840622344
24.401175260543823,-1.529189525771986,-0.05904763692499085,1.3400837968089467,2.068578789245115,2.5051498840622344
24.421231985092163,-1.5364218954248878,-0.05707517636437326,1.3400837968089467,2.068578789245115,2.5058073707348685
24.440837860107422,-1.5301757579918809,-0.057403919790902924,1.339097567166079,2.068578789245115,2.505478627398515
24.460363149642944,-1.529189525771986,-0.05773266321752854,1.341398769666049,2.0689075325038346,2.5058073707348685
24.478760957717896,-1.5298470139183897,-0.05806140664425011,1.3433712289515871,2.0689075325038346,2.5074510874177274
24.498265743255615,-1.5288607816990736,-0.05839015007106768,1.33844008073748,2.0682500459864395,2.505478627398515
24.520129680633545,-1.5301757579918809,-0.05839015007106768,1.3440287153800698,2.068578789245115,2.504821140726027
24.539812326431274,-1.5295182698450915,-0.05839015007106768,1.3377825943088655,2.069236275762598,2.504821140726027
24.561537742614746,-1.5285320376263538,-0.05806140664425011,1.3407412832375056,2.0682500459864395,2.5061361140712948
24.584541082382202,-1.5298470139183897,-0.057403919790902924,1.3443574585943057,2.0682500459864395,2.505478627398515
24.60654377937317,-1.5308332461394416,-0.05773266321752854,1.3400837968089467,2.068578789245115,2.5058073707348685
24.63184094429016,-1.5288607816990736,-0.05806140664425011,1.3407412832375056,2.0682500459864395,2.504821140726027
24.65511131286621,-1.529189525771986,-0.057403919790902924,1.3443574585943057,2.0682500459864395,2.505478627398515
24.678114891052246,-1.529189525771986,-0.057403919790902924,1.3387688239517814,2.068578789245115,2.504821140726027
24.70288395881653,-1.5308332461394416,-0.05806140664425011,1.337453851094552,2.068578789245115,2.5058073707348685
24.726632118225098,-1.5288607816990736,-0.05707517636437326,1.3861078467799253,2.067592559469221,2.50383491071784
24.749057292938232,-1.528203293553827,-0.05773266321752854,1.3525760389490695,2.06463387014391,2.5051498840622344
24.77006220817566,-1.5295182698450915,-0.057403919790902924,1.3430424857373402,2.0689075325038346,2.5058073707348685
24.789982557296753,-1.529189525771986,-0.057403919790902924,1.33844008073748,2.0689075325038346,2.5058073707348685
24.8112211227417,-1.529189525771986,-0.058718893497981234,1.3417275128803148,2.0682500459864395,2.504821140726027
24.830708980560303,-1.5239296206285113,-0.05839015007106768,1.3400837968089467,2.0679213027278087,2.505478627398515
24.8514244556427,-1.5295182698450915,-0.057403919790902924,1.3367963646659125,2.068578789245115,2.5058073707348685
24.870407581329346,-1.529189525771986,-0.057403919790902924,1.3417275128803148,2.069236275762598,2.505478627398515
24.890783548355103,-1.5295182698450915,-0.05773266321752854,1.341398769666049,2.0695650190214057,2.5058073707348685
24.91055154800415,-1.5295182698450915,-0.05773266321752854,1.337453851094552,2.0682500459864395,2.5058073707348685
24.93267583847046,-1.5295182698450915,-0.05674643293793952,1.3594796464455525,2.0682500459864395,2.506793600744365
24.956595182418823,-1.5295182698450915,-0.05773266321752854,1.33844008073748,2.068578789245115,2.505478627398515
24.981785774230957,-1.5285320376263538,-0.05773266321752854,1.341398769666049,2.0689075325038346,2.5051498840622344
25.007527351379395,-1.5301757579918809,-0.058718893497981234,1.3436999721658303,2.068578789245115,2.5058073707348685
25.03228235244751,-1.5295182698450915,-0.05839015007106768,1.3463299178796448,2.0689075325038346,2.5031774240460787
25.056923389434814,-1.5298470139183897,-0.05674643293793952,1.3400837968089467,2.0689075325038346,2.5064648574077935
25.07892346382141,-1.529189525771986,-0.05806140664425011,1.3430424857373402,2.068578789245115,2.5051498840622344
25.10143518447876,-1.529189525771986,-0.05806140664425011,1.3400837968089467,2.0689075325038346,2.505478627398515
25.12360191345215,-1.5298470139183897,-0.05773266321752854,1.339426310380372,2.068578789245115,2.5051498840622344
25.147232055664062,-1.5295182698450915,-0.05806140664425011,1.342384999308835,2.0689075325038346,2.505478627398515
25.168442487716675,-1.5288607816990736,-0.057403919790902924,1.337453851094552,2.0682500459864395,2.5051498840622344
25.1889169216156,-1.5288607816990736,-0.05674643293793952,1.3430424857373402,2.0689075325038346,2.504821140726027
25.209460496902466,-1.5285320376263538,-0.05773266321752854,1.340412540023228,2.0682500459864395,2.505478627398515
25.2293860912323,-1.5295182698450915,-0.058718893497981234,1.3410700264517792,2.0689075325038346,2.505478627398515
25.250871896743774,-1.5288607816990736,-0.05773266321752854,1.339097567166079,2.068578789245115,2.504821140726027
25.270609855651855,-1.529189525771986,-0.05773266321752854,1.3381113375231748,2.068578789245115,2.5061361140712948
25.29125165939331,-1.5295182698450915,-0.057403919790902924,1.3430424857373402,2.068578789245115,2.5058073707348685
25.312525510787964,-1.528203293553827,-0.05773266321752854,1.3502748364499466,2.065291356660339,2.503506167381923
25.33312678337097,-1.529189525771986,-0.05773266321752854,1.3460011746654306,2.0689075325038346,2.5058073707348685
25.352640867233276,-1.5298470139183897,-0.057403919790902924,1.3479736339506634,2.07581114094715,2.507779830754518
25.373640537261963,-1.529189525771986,-0.057403919790902924,1.3430424857373402,2.068578789245115,2.505478627398515
25.392640352249146,-1.5285320376263538,-0.05773266321752854,1.3381113375231748,2.0689075325038346,2.5058073707348685
25.412179946899414,-1.5285320376263538,-0.05839015007106768,1.3397550535946614,2.0682500459864395,2.5058073707348685
25.432238340377808,-1.5295182698450915,-0.05839015007106768,1.340412540023228,2.0689075325038346,2.5058073707348685
25.45305871963501,-1.528203293553827,-0.058718893497981234,1.3496173500215967,2.068578789245115,2.5041636540538295
25.47305703163147,-1.5295182698450915,-0.05937638035209647,1.3397550535946614,2.068578789245115,2.505478627398515
25.493597269058228,-1.530504502065565,-0.05937638035209647,1.344686201808538,2.069236275762598,2.5061361140712948
25.513601541519165,-1.528203293553827,-0.05937638035209647,1.3430424857373402,2.068578789245115,2.505478627398515
25.536146640777588,-1.5301757579918809,-0.057403919790902924,1.3400837968089467,2.0672638162106773,2.505478627398515
25.557825326919556,-1.5295182698450915,-0.05806140664425011,1.3400837968089467,2.0682500459864395,2.5051498840622344
25.579317569732666,-1.5288607816990736,-0.058718893497981234,1.3381113375231748,2.0682500459864395,2.505478627398515
25.603046655654907,-1.5295182698450915,-0.05773266321752854,1.340412540023228,2.0689075325038346,2.5058073707348685
25.628076553344727,-1.528203293553827,-0.05773266321752854,1.3387688239517814,2.0682500459864395,2.5058073707348685
25.6501145362854,-1.529189525771986,-0.05806140664425011,1.3450149450227664,2.069236275762598,2.5031774240460787
25.672149419784546,-1.529189525771986,-0.05707517636437326,1.339426310380372,2.0682500459864395,2.505478627398515
25.695186853408813,-1.5288607816990736,-0.057403919790902924,1.3512610660924471,2.065291356660339,2.50383491071784
25.7158625125885,-1.5301757579918809,-0.05773266321752854,1.3381113375231748,2.0689075325038346,2.505478627398515
25.73642086982727,-1.5295182698450915,-0.057403919790902924,1.3410700264517792,2.068578789245115,2.505478627398515
25.75834894180298,-1.5298470139183897,-0.058718893497981234,1.3407412832375056,2.0679213027278087,2.5051498840622344
25.77937126159668,-1.526230829122713,-0.05773266321752854,1.339426310380372,2.069236275762598,2.504821140726027
25.799132347106934,-1.529189525771986,-0.05773266321752854,1.342056256094577,2.0682500459864395,2.5051498840622344
25.81973147392273,-1.5288607816990736,-0.05839015007106768,1.339426310380372,2.067592559469221,2.5061361140712948
25.840744972229004,-1.5298470139183897,-0.05839015007106768,1.3430424857373402,2.069893762280257,2.5058073707348685
25.86200761795044,-1.529189525771986,-0.05543145923316328,1.3542197550197779,2.069893762280257,2.5061361140712948
25.881418228149414,-1.5285320376263538,-0.05806140664425011,1.341398769666049,2.0682500459864395,2.505478627398515
25.900845766067505,-1.529189525771986,-0.05806140664425011,1.3456724314512127,2.0689075325038346,2.5028486807103074
25.920085906982422,-1.5295182698450915,-0.05773266321752854,1.3387688239517814,2.0682500459864395,2.505478627398515
25.939916610717773,-1.5295182698450915,-0.05773266321752854,1.3453436882369914,2.068578789245115,2.505478627398515
25.95934295654297,-1.529189525771986,-0.05970512377929818,1.3397550535946614,2.069236275762598,2.5058073707348685
25.98052668571472,-1.5295182698450915,-0.05773266321752854,1.3433712289515871,2.069236275762598,2.502519937374608
26.00405979156494,-1.532148222436879,-0.05707517636437326,1.3450149450227664,2.0695650190214057,2.5028486807103074
26.027069807052612,-1.5295182698450915,-0.05707517636437326,1.344686201808538,2.066277586435311,2.5051498840622344
26.05117678642273,-1.5203134358709627,-0.057403919790902924,1.342384999308835,2.067592559469221,2.5051498840622344
26.075491428375244,-1.5308332461394416,-0.05773266321752854,1.33844008073748,2.068578789245115,2.505478627398515
26.097941875457764,-1.5308332461394416,-0.05839015007106768,1.3430424857373402,2.0689075325038346,2.505478627398515
26.118724584579468,-1.5298470139183897,-0.05904763692499085,1.353233525377362,2.0672638162106773,2.5051498840622344
26.138696908950806,-1.5288607816990736,-0.05773266321752854,1.3397550535946614,2.068578789245115,2.5051498840622344
26.159507513046265,-1.5288607816990736,-0.06332130148486398,1.339426310380372,2.0689075325038346,2.5051498840622344
26.180102348327637,-1.5298470139183897,-0.05806140664425011,1.3397550535946614,2.069236275762598,2.5058073707348685
26.20169997215271,-1.5298470139183897,-0.057403919790902924,1.3427137425230895,2.068578789245115,2.5051498840622344
26.22119450569153,-1.530504502065565,-0.057403919790902924,1.341398769666049,2.0679213027278087,2.5061361140712948
26.242562532424927,-1.5295182698450915,-0.05937638035209647,1.3473161475222664,2.0689075325038346,2.50383491071784
26.26240110397339,-1.529189525771986,-0.05641768951160167,1.3466586610938553,2.0689075325038346,2.504821140726027
26.28337812423706,-1.5285320376263538,-0.05773266321752854,1.3377825943088655,2.0682500459864395,2.5058073707348685
26.304306030273438,-1.5295182698450915,-0.057403919790902924,1.3456724314512127,2.068578789245115,2.5058073707348685
26.323543548583984,-1.5298470139183897,-0.055760202659213554,1.3575071871609716,2.069893762280257,2.505478627398515
26.344164609909058,-1.530504502065565,-0.05806140664425011,1.3410700264517792,2.068578789245115,2.5051498840622344
26.36369824409485,-1.529189525771986,-0.05773266321752854,1.3456724314512127,2.0751536544278966,2.508108574091381
26.382702350616455,-1.529189525771986,-0.05806140664425011,1.341398769666049,2.068578789245115,2.5058073707348685
26.402210235595703,-1.5295182698450915,-0.057403919790902924,1.3450149450227664,2.069236275762598,2.505478627398515
26.421215534210205,-1.5308332461394416,-0.057403919790902924,1.3407412832375056,2.0682500459864395,2.505478627398515
26.439745664596558,-1.529189525771986,-0.057403919790902924,1.3387688239517814,2.0689075325038346,2.505478627398515
26.45926022529602,-1.530504502065565,-0.05839015007106768,1.33844008073748,2.068578789245115,2.5061361140712948
26.478278160095215,-1.5301757579918809,-0.05707517636437326,1.3430424857373402,2.068578789245115,2.5058073707348685
26.49865698814392,-1.5285320376263538,-0.05806140664425011,1.3456724314512127,2.0695650190214057,2.5100810341140942
26.520682334899902,-1.5288607816990736,-0.058718893497981234,1.3443574585943057,2.0689075325038346,2.505478627398515
26.5437490940094,-1.529189525771986,-0.05806140664425011,1.3364676214515865,2.0682500459864395,2.5044923973898916
26.5677707195282,-1.5298470139183897,-0.05773266321752854,1.3483023771648568,2.0689075325038346,2.504821140726027
26.591442108154297,-1.5288607816990736,-0.05806140664425011,1.3377825943088655,2.068578789245115,2.5061361140712948
26.616554737091064,-1.5298470139183897,-0.05970512377929818,1.3377825943088655,2.0682500459864395,2.5058073707348685
26.641111135482788,-1.5268883172656469,-0.05773266321752854,1.340412540023228,2.0682500459864395,2.5058073707348685
26.665769815444946,-1.5295182698450915,-0.05773266321752854,1.339426310380372,2.068578789245115,2.505478627398515
26.68986940383911,-1.5301757579918809,-0.05707517636437326,1.340412540023228,2.068578789245115,2.5051498840622344
26.714321613311768,-1.5295182698450915,-0.05904763692499085,1.3660545107268232,2.069893762280257,2.50383491071784
26.73726463317871,-1.5351069191174076,-0.057403919790902924,1.3397550535946614,2.068578789245115,2.5051498840622344
26.75777268409729,-1.5288607816990736,-0.057403919790902924,1.3443574585943057,2.068578789245115,2.505478627398515
26.77877426147461,-1.5301757579918809,-0.05839015007106768,1.3381113375231748,2.0679213027278087,2.504821140726027
26.799789905548096,-1.5285320376263538,-0.05839015007106768,1.3460011746654306,2.069236275762598,2.5090948041024093
26.82331371307373,-1.5298470139183897,-0.0610200974890662,1.3515898093066074,2.0672638162106773,2.5061361140712948
26.846828937530518,-1.529189525771986,-0.05839015007106768,1.340412540023228,2.0689075325038346,2.505478627398515
26.87147831916809,-1.5301757579918809,-0.05806140664425011,1.3436999721658303,2.069236275762598,2.505478627398515
26.89363431930542,-1.5301757579918809,-0.05674643293793952,1.3588221600173698,2.0679213027278087,2.5061361140712948
26.91480541229248,-1.5288607816990736,-0.05806140664425011,1.342056256094577,2.068578789245115,2.5051498840622344
26.936572551727295,-1.529189525771986,-0.05707517636437326,1.3407412832375056,2.068578789245115,2.505478627398515
26.96064305305481,-1.5295182698450915,-0.05773266321752854,1.3427137425230895,2.0689075325038346,2.505478627398515
26.982049226760864,-1.5295182698450915,-0.05773266321752854,1.3463299178796448,2.0689075325038346,2.505478627398515
27.00215792655945,-1.529189525771986,-0.05773266321752854,1.3427137425230895,2.069236275762598,2.504821140726027
27.02175736427307,-1.5301757579918809,-0.05773266321752854,1.3433712289515871,2.0689075325038346,2.5051498840622344
27.041260480880737,-1.5288607816990736,-0.055760202659213554,1.3558634710904112,2.069893762280257,2.504821140726027
27.060859441757202,-1.5295182698450915,-0.06003386720659601,1.337453851094552,2.0689075325038346,2.505478627398515
27.08097195625305,-1.528203293553827,-0.057403919790902924,1.3381113375231748,2.0682500459864395,2.5051498840622344
27.099681615829468,-1.5295182698450915,-0.05773266321752854,1.340412540023228,2.0682500459864395,2.505478627398515
27.1216402053833,-1.529189525771986,-0.05806140664425011,1.3400837968089467,2.0689075325038346,2.5058073707348685
27.141940116882324,-1.529189525771986,-0.05839015007106768,1.3381113375231748,2.068578789245115,2.505478627398515
27.163456678390503,-1.5288607816990736,-0.05839015007106768,1.3436999721658303,2.068578789245115,2.5058073707348685
27.18448781967163,-1.5295182698450915,-0.05904763692499085,1.339426310380372,2.0689075325038346,2.5051498840622344
27.20433473587036,-1.5298470139183897,-0.05806140664425011,1.3469874043080627,2.0682500459864395,2.5064648574077935
27.22579312324524,-1.5298470139183897,-0.05970512377929818,1.3387688239517814,2.0682500459864395,2.505478627398515
27.245829343795776,-1.5295182698450915,-0.05773266321752854,1.3410700264517792,2.068578789245115,2.5058073707348685
27.265575885772705,-1.5285320376263538,-0.057403919790902924,1.3397550535946614,2.0682500459864395,2.504821140726027
27.28607964515686,-1.5301757579918809,-0.05806140664425011,1.3782180096449541,2.0679213027278087,2.5064648574077935
27.305365085601807,-1.5301757579918809,-0.05707517636437326,1.386436589993869,2.070551248798093,2.5044923973898916
27.32539200782776,-1.5298470139183897,-0.05773266321752854,1.3450149450227664,2.069236275762598,2.5064648574077935
27.344918966293335,-1.5285320376263538,-0.05707517636437326,1.3427137425230895,2.0689075325038346,2.5090948041024093
27.36443567276001,-1.5295182698450915,-0.05937638035209647,1.3354813918085837,2.069236275762598,2.5051498840622344
27.38493061065674,-1.5288607816990736,-0.05806140664425011,1.339426310380372,2.068578789245115,2.5061361140712948
27.404028177261353,-1.5288607816990736,-0.05806140664425011,1.3571784439468653,2.0666063296937223,2.505478627398515
27.424737453460693,-1.5301757579918809,-0.05773266321752854,1.3377825943088655,2.0682500459864395,2.505478627398515
27.445390462875366,-1.529189525771986,-0.05773266321752854,1.3440287153800698,2.0689075325038346,2.505478627398515
27.466288328170776,-1.5298470139183897,-0.05937638035209647,1.342384999308835,2.068578789245115,2.505478627398515
27.487488269805908,-1.526230829122713,-0.05806140664425011,1.3436999721658303,2.0682500459864395,2.505478627398515
27.508508920669556,-1.5311619902135114,-0.05773266321752854,1.33844008073748,2.0682500459864395,2.5058073707348685
27.52860951423645,-1.529189525771986,-0.05773266321752854,1.3397550535946614,2.068578789245115,2.5051498840622344
27.549689769744873,-1.5298470139183897,-0.058718893497981234,1.339097567166079,2.0682500459864395,2.5061361140712948
27.570292711257935,-1.529189525771986,-0.05806140664425011,1.337453851094552,2.068578789245115,2.5051498840622344
27.591336250305176,-1.5295182698450915,-0.05806140664425011,1.387422819635695,2.067592559469221,2.503506167381923
27.611056804656982,-1.5298470139183897,-0.05904763692499085,1.344686201808538,2.062661410595673,2.503506167381923
27.632688999176025,-1.5278745494814927,-0.05839015007106768,1.3387688239517814,2.0682500459864395,2.5051498840622344
27.652762413024902,-1.5295182698450915,-0.05904763692499085,1.3443574585943057,2.068578789245115,2.505478627398515
27.673388242721558,-1.5308332461394416,-0.057403919790902924,1.3397550535946614,2.0689075325038346,2.5058073707348685
27.693620681762695,-1.529189525771986,-0.06069135406147996,1.3496173500215967,2.068578789245115,2.5064648574077935
27.71381640434265,-1.529189525771986,-0.05773266321752854,1.3387688239517814,2.0689075325038346,2.5051498840622344
27.733905792236328,-1.529189525771986,-0.05773266321752854,1.3430424857373402,2.068578789245115,2.5051498840622344
27.753417015075684,-1.5308332461394416,-0.05970512377929818,1.342384999308835,2.068578789245115,2.5061361140712948
27.772884368896484,-1.5295182698450915,-0.057403919790902924,1.3469874043080627,2.067592559469221,2.5061361140712948
27.792163133621216,-1.5308332461394416,-0.058718893497981234,1.339426310380372,2.068578789245115,2.5058073707348685
27.812206983566284,-1.53181947836223,-0.057403919790902924,1.3440287153800698,2.0708799920570766,2.507779830754518
27.832740545272827,-1.5295182698450915,-0.05839015007106768,1.337453851094552,2.067592559469221,2.5058073707348685
27.851710081100464,-1.5295182698450915,-0.05608894608535969,1.3460011746654306,2.0679213027278087,2.5058073707348685
27.87152934074402,-1.5298470139183897,-0.057403919790902924,1.3377825943088655,2.0679213027278087,2.504821140726027
27.892053365707397,-1.5314907342877744,-0.05904763692499085,1.3450149450227664,2.069236275762598,2.5041636540538295
27.911052703857422,-1.529189525771986,-0.05773266321752854,1.339426310380372,2.068578789245115,2.505478627398515
27.9315185546875,-1.529189525771986,-0.05806140664425011,1.339097567166079,2.0682500459864395,2.504821140726027
27.952975511550903,-1.5301757579918809,-0.05674643293793952,1.3463299178796448,2.0666063296937223,2.503506167381923
27.974862813949585,-1.5295182698450915,-0.05806140664425011,1.33844008073748,2.068578789245115,2.5058073707348685
27.996848583221436,-1.5295182698450915,-0.05806140664425011,1.340412540023228,2.068578789245115,2.5051498840622344
28.018381357192993,-1.529189525771986,-0.05839015007106768,1.3453436882369914,2.0689075325038346,2.510738520788917
28.038821697235107,-1.530504502065565,-0.05674643293793952,1.3440287153800698,2.0689075325038346,2.5051498840622344
28.059031009674072,-1.5298470139183897,-0.05839015007106768,1.3410700264517792,2.0682500459864395,2.505478627398515
28.07861089706421,-1.529189525771986,-0.05773266321752854,1.339426310380372,2.0682500459864395,2.5058073707348685
28.09856128692627,-1.529189525771986,-0.058718893497981234,1.3436999721658303,2.068578789245115,2.5061361140712948
28.118990421295166,-1.530504502065565,-0.057403919790902924,1.337453851094552,2.067592559469221,2.5051498840622344
28.139575719833374,-1.5308332461394416,-0.05773266321752854,1.3604658760878068,2.068578789245115,2.5071223440810098
28.158578634262085,-1.530504502065565,-0.05806140664425011,1.3450149450227664,2.070551248798093,2.506793600744365
28.18057894706726,-1.5301757579918809,-0.058718893497981234,1.3578359303750753,2.069893762280257,2.507779830754518
28.204542636871338,-1.530504502065565,-0.05773266321752854,1.3440287153800698,2.0679213027278087,2.5051498840622344
28.22834849357605,-1.5298470139183897,-0.05543145923316328,1.3364676214515865,2.0682500459864395,2.5044923973898916
28.248401880264282,-1.5295182698450915,-0.05674643293793952,1.3410700264517792,2.0682500459864395,2.505478627398515
28.268479108810425,-1.5301757579918809,-0.05707517636437326,1.341398769666049,2.068578789245115,2.505478627398515
28.287479639053345,-1.5295182698450915,-0.05806140664425011,1.3387688239517814,2.068578789245115,2.504821140726027
28.307008504867554,-1.530504502065565,-0.05707517636437326,1.3397550535946614,2.068578789245115,2.5058073707348685
28.325178384780884,-1.5311619902135114,-0.05773266321752854,1.339426310380372,2.068578789245115,2.5051498840622344
28.344196557998657,-1.5301757579918809,-0.057403919790902924,1.3440287153800698,2.062990153853603,2.502519937374608
28.363574028015137,-1.5295182698450915,-0.05773266321752854,1.3367963646659125,2.0682500459864395,2.5051498840622344
28.382691144943237,-1.5341206868888266,-0.05806140664425011,1.3436999721658303,2.0689075325038346,2.506793600744365
28.402305841445923,-1.5301757579918809,-0.05904763692499085,1.3430424857373402,2.0689075325038346,2.5058073707348685
28.42133069038391,-1.5295182698450915,-0.05839015007106768,1.3371251078802344,2.068578789245115,2.5051498840622344
28.442087173461914,-1.5298470139183897,-0.05806140664425011,1.3410700264517792,2.0682500459864395,2.5051498840622344
28.464086294174194,-1.5301757579918809,-0.05904763692499085,1.3427137425230895,2.069236275762598,2.5071223440810098
28.48522973060608,-1.529189525771986,-0.05773266321752854,1.3364676214515865,2.0682500459864395,2.504821140726027
28.504775524139404,-1.5295182698450915,-0.05839015007106768,1.3400837968089467,2.0682500459864395,2.505478627398515
28.528861045837402,-1.5295182698450915,-0.05806140664425011,1.3456724314512127,2.068578789245115,2.504821140726027
28.55122971534729,-1.5308332461394416,-0.05707517636437326,1.3381113375231748,2.0679213027278087,2.5058073707348685
28.574238061904907,-1.5298470139183897,-0.05773266321752854,1.3456724314512127,2.069236275762598,2.504821140726027
28.595771312713623,-1.5295182698450915,-0.057403919790902924,1.3601371328737246,2.0682500459864395,2.5058073707348685
28.61575746536255,-1.5354356631939878,-0.05773266321752854,1.3397550535946614,2.069236275762598,2.5051498840622344
28.636321783065796,-1.5301757579918809,-0.05773266321752854,1.33844008073748,2.0682500459864395,2.5058073707348685
28.657616138458252,-1.5295182698450915,-0.05641768951160167,1.3584934168032743,2.069236275762598,2.5071223440810098
28.678170442581177,-1.5295182698450915,-0.05806140664425011,1.339097567166079,2.068578789245115,2.505478627398515
28.697170734405518,-1.5308332461394416,-0.05806140664425011,1.3430424857373402,2.0682500459864395,2.5058073707348685
