Time (s),Button (a19),Right Foot Force (ai18),Handle Force (ai20),Handle Position (ai21),Seat Position (ai22)
0.02889728546142578,-1.5255733409805496,-0.058718893497981234,1.6777030797085517,2.0790985735460894,5.744922448729997
0.05113959312438965,-1.5252445969097568,-0.05970512377929818,1.6790180525953098,2.0794273168062287,5.745251193834468
0.0738668441772461,-1.5255733409805496,-0.05904763692499085,1.6780318229302138,2.078769830285995,5.743607468314974
0.09770870208740234,-1.5255733409805496,-0.05904763692499085,1.6767168500436753,2.0794273168062287,5.745251193834468
0.12047743797302246,-1.5255733409805496,-0.05839015007106768,1.677374336486908,2.077454857246062,5.744922448729997
0.14204978942871094,-1.5255733409805496,-0.05806140664425011,1.6763881068220865,2.078769830285995,5.744593703625812
0.16505074501037598,-1.5252445969097568,-0.05839015007106768,1.6767168500436753,2.078769830285995,5.744922448729997
0.1865997314453125,-1.526230829122713,-0.05904763692499085,1.6777030797085517,2.0790985735460894,5.745579938939224
0.21099472045898438,-1.5249158528391566,-0.058718893497981234,1.6763881068220865,2.0784410870259444,5.7439362134183005
0.23427724838256836,-1.5226146443503459,-0.05937638035209647,1.6796755390387987,2.078769830285995,5.743607468314974
0.2576313018798828,-1.5252445969097568,-0.06562250548538201,1.678360566151894,2.078769830285995,5.745579938939224
0.28159332275390625,-1.5249158528391566,-0.05839015007106768,1.677374336486908,2.078769830285995,5.745579938939224
0.3046293258666992,-1.526230829122713,-0.05839015007106768,1.6770455932652828,2.078769830285995,5.744593703625812
0.32918691635131836,-1.526230829122713,-0.05806140664425011,1.6754018771574286,2.078112343765939,5.744922448729997
0.35343050956726074,-1.5252445969097568,-0.05773266321752854,1.6790180525953098,2.0784410870259444,5.744922448729997
0.3761255741119385,-1.5259020850515348,-0.058718893497981234,1.6754018771574286,2.078112343765939,5.745579938939224
0.3996462821960449,-1.5268883172656469,-0.05904763692499085,1.6790180525953098,2.0794273168062287,5.7459086840442675
0.4252152442932129,-1.5255733409805496,-0.05904763692499085,1.6763881068220865,2.078769830285995,5.744264958521913
0.4487614631652832,-1.5255733409805496,-0.05904763692499085,1.678360566151894,2.0784410870259444,5.745251193834468
0.4744858741760254,-1.5259020850515348,-0.05904763692499085,1.678360566151894,2.0784410870259444,5.7459086840442675
0.4981977939605713,-1.5255733409805496,-0.058718893497981234,1.6809905119259982,2.0790985735460894,5.743278723211933
0.5237677097320557,-1.526230829122713,-0.05904763692499085,1.6786893093735928,2.078769830285995,5.744264958521913
0.547760009765625,-1.5252445969097568,-0.05839015007106768,1.678360566151894,2.0784410870259444,5.7462374291495975
0.5703036785125732,-1.5255733409805496,-0.05839015007106768,1.6760593636005157,2.0784410870259444,5.744593703625812
0.5925045013427734,-1.5259020850515348,-0.05904763692499085,1.6750731339359124,2.078769830285995,5.7439362134183005
0.6120154857635498,-1.5259020850515348,-0.05937638035209647,1.6763881068220865,2.078769830285995,5.7459086840442675
0.6346616744995117,-1.5255733409805496,-0.05970512377929818,1.6763881068220865,2.0784410870259444,5.744593703625812
0.65675950050354,-1.526230829122713,-0.058718893497981234,1.6777030797085517,2.0784410870259444,5.7439362134183005
0.6783976554870605,-1.5259020850515348,-0.06003386720659601,1.6760593636005157,2.0784410870259444,5.7439362134183005
0.6999225616455078,-1.5268883172656469,-0.05904763692499085,1.6777030797085517,2.078769830285995,5.745579938939224
0.7222752571105957,-1.5259020850515348,-0.05904763692499085,1.6786893093735928,2.078769830285995,5.744593703625812
0.7452399730682373,-1.5255733409805496,-0.058718893497981234,1.6744156474929341,2.078112343765939,5.745251193834468
0.7672467231750488,-1.5259020850515348,-0.058718893497981234,1.6803330254823616,2.0784410870259444,5.745251193834468
0.7896504402160645,-1.526230829122713,-0.05904763692499085,1.6767168500436753,2.0790985735460894,5.7459086840442675
0.8117661476135254,-1.5255733409805496,-0.058718893497981234,1.6767168500436753,2.0790985735460894,5.7462374291495975
0.8352763652801514,-1.526230829122713,-0.05937638035209647,1.6770455932652828,2.0790985735460894,5.7439362134183005
0.8595771789550781,-1.5265595731940835,-0.058718893497981234,1.6786893093735928,2.078769830285995,5.745579938939224
0.883659839630127,-1.5259020850515348,-0.05839015007106768,1.6767168500436753,2.078769830285995,5.743607468314974
0.9066660404205322,-1.532148222436879,-0.06463627519886725,1.6790180525953098,2.078769830285995,5.7462374291495975
0.930431604385376,-1.5259020850515348,-0.05937638035209647,1.6760593636005157,2.078769830285995,5.7462374291495975
0.954448938369751,-1.5252445969097568,-0.058718893497981234,1.6760593636005157,2.078769830285995,5.7439362134183005
0.9769589900970459,-1.5249158528391566,-0.05839015007106768,1.6786893093735928,2.078769830285995,5.745579938939224
1.0002245903015137,-1.5249158528391566,-0.06069135406147996,1.6754018771574286,2.078769830285995,5.744922448729997
1.0232768058776855,-1.5255733409805496,-0.06200632777240203,1.6763881068220865,2.0784410870259444,5.743607468314974
1.0472707748413086,-1.5259020850515348,-0.0610200974890662,1.679346795817045,2.078769830285995,5.743607468314974
1.0678303241729736,-1.5252445969097568,-0.058718893497981234,1.6790180525953098,2.078769830285995,5.745251193834468
1.088928461074829,-1.5255733409805496,-0.05904763692499085,1.6770455932652828,2.078769830285995,5.7459086840442675
1.1128616333007812,-1.5252445969097568,-0.058718893497981234,1.6803330254823616,2.078112343765939,5.744922448729997
1.1367144584655762,-1.5252445969097568,-0.05937638035209647,1.678360566151894,2.0784410870259444,5.744264958521913
1.1602513790130615,-1.5259020850515348,-0.058718893497981234,1.677374336486908,2.0784410870259444,5.744922448729997
1.1834743022918701,-1.5255733409805496,-0.058718893497981234,1.6790180525953098,2.078112343765939,5.7459086840442675
1.2061381340026855,-1.526230829122713,-0.05806140664425011,1.6770455932652828,2.078769830285995,5.744922448729997
1.2280807495117188,-1.5252445969097568,-0.05937638035209647,1.6763881068220865,2.078769830285995,5.744264958521913
1.2484705448150635,-1.5255733409805496,-0.058718893497981234,1.677374336486908,2.078769830285995,5.745251193834468
1.2704322338104248,-1.5259020850515348,-0.05806140664425011,1.678360566151894,2.078769830285995,5.745251193834468
1.2904553413391113,-1.526230829122713,-0.05937638035209647,1.678360566151894,2.078769830285995,5.7439362134183005
1.310453176498413,-1.5259020850515348,-0.058718893497981234,1.677374336486908,2.078769830285995,5.746566174255212
1.3299686908721924,-1.5249158528391566,-0.05904763692499085,1.6790180525953098,2.0790985735460894,5.744593703625812
1.3519704341888428,-1.5259020850515348,-0.05904763692499085,1.6763881068220865,2.078112343765939,5.744922448729997
1.3735551834106445,-1.5239296206285113,-0.05904763692499085,1.6770455932652828,2.0784410870259444,5.744264958521913
1.397599220275879,-1.5255733409805496,-0.05937638035209647,1.675730620378963,2.0784410870259444,5.744593703625812
1.4209909439086914,-1.5259020850515348,-0.0603626106339899,1.678360566151894,2.077783600505978,5.743607468314974
1.444922685623169,-1.5252445969097568,-0.05839015007106768,1.6813192551478444,2.0794273168062287,5.744264958521913
1.4656474590301514,-1.526230829122713,-0.05806140664425011,1.6770455932652828,2.078769830285995,5.742621233006709
1.4868013858795166,-1.528203293553827,-0.058718893497981234,1.6760593636005157,2.078769830285995,5.745251193834468
1.5071678161621094,-1.5255733409805496,-0.058718893497981234,1.677374336486908,2.0790985735460894,5.744922448729997
1.5279901027679443,-1.5252445969097568,-0.05904763692499085,1.6777030797085517,2.078769830285995,5.743607468314974
1.5489897727966309,-1.5255733409805496,-0.05904763692499085,1.6767168500436753,2.078769830285995,5.7462374291495975
1.5703082084655762,-1.5252445969097568,-0.05904763692499085,1.677374336486908,2.078769830285995,5.744922448729997
1.590343952178955,-1.526230829122713,-0.05839015007106768,1.6760593636005157,2.078769830285995,5.7459086840442675
1.6155378818511963,-1.5272170613374028,-0.058718893497981234,1.6777030797085517,2.0790985735460894,5.743278723211933
1.6357014179229736,-1.5259020850515348,-0.05937638035209647,1.6780318229302138,2.078112343765939,5.744593703625812
1.659060001373291,-1.5255733409805496,-0.05839015007106768,1.6770455932652828,2.0784410870259444,5.745579938939224
1.6821849346160889,-1.524258364698534,-0.058718893497981234,1.6786893093735928,2.078769830285995,5.744264958521913
1.7041842937469482,-1.5272170613374028,-0.05839015007106768,1.6790180525953098,2.078769830285995,5.744593703625812
1.725982904434204,-1.5255733409805496,-0.06003386720659601,1.6803330254823616,2.0790985735460894,5.743607468314974
1.7466986179351807,-1.5259020850515348,-0.058718893497981234,1.6786893093735928,2.078769830285995,5.743278723211933
1.7668952941894531,-1.5259020850515348,-0.05839015007106768,1.6777030797085517,2.078769830285995,5.742949978109178
1.788034439086914,-1.526230829122713,-0.0603626106339899,1.679346795817045,2.078769830285995,5.743607468314974
1.8073766231536865,-1.5295182698450915,-0.06167758434452722,1.6767168500436753,2.078769830285995,5.743607468314974
1.8275506496429443,-1.5255733409805496,-0.058718893497981234,1.677374336486908,2.078769830285995,5.743278723211933
1.8476667404174805,-1.5255733409805496,-0.05970512377929818,1.6767168500436753,2.0790985735460894,5.743607468314974
1.8678250312805176,-1.5255733409805496,-0.058718893497981234,1.6767168500436753,2.078769830285995,5.743607468314974
1.8875524997711182,-1.526230829122713,-0.05773266321752854,1.6796755390387987,2.078769830285995,5.742621233006709
1.9078586101531982,-1.5255733409805496,-0.05806140664425011,1.678360566151894,2.078112343765939,5.744264958521913
1.928023338317871,-1.5252445969097568,-0.05904763692499085,1.6767168500436753,2.078769830285995,5.7439362134183005
1.9594311714172363,-1.5259020850515348,-0.05839015007106768,1.6780318229302138,2.0784410870259444,5.742949978109178
1.9934585094451904,-1.5252445969097568,-0.05937638035209647,1.6777030797085517,2.078769830285995,5.7439362134183005
2.0142297744750977,-1.5252445969097568,-0.05839015007106768,1.6777030797085517,2.0794273168062287,5.7439362134183005
2.0354981422424316,-1.5255733409805496,-0.058718893497981234,1.675730620378963,2.078112343765939,5.743607468314974
2.0660367012023926,-1.5259020850515348,-0.05904763692499085,1.6780318229302138,2.078112343765939,5.744922448729997
2.0990612506866455,-1.5252445969097568,-0.05839015007106768,1.6770455932652828,2.078769830285995,5.742621233006709
2.119063377380371,-1.5255733409805496,-0.05937638035209647,1.6790180525953098,2.078769830285995,5.7422924879045265
2.139488458633423,-1.526230829122713,-0.05904763692499085,1.6767168500436753,2.0784410870259444,5.7459086840442675
2.1590845584869385,-1.526230829122713,-0.058718893497981234,1.6767168500436753,2.0784410870259444,5.744922448729997
2.1790804862976074,-1.5245871087687488,-0.05904763692499085,1.6760593636005157,2.078769830285995,5.744593703625812
2.1995961666107178,-1.5252445969097568,-0.05806140664425011,1.6770455932652828,2.078769830285995,5.743607468314974
2.2201430797576904,-1.5259020850515348,-0.058718893497981234,1.679346795817045,2.078769830285995,5.744593703625812
2.2416374683380127,-1.5259020850515348,-0.058718893497981234,1.678360566151894,2.0784410870259444,5.744264958521913
2.2631595134735107,-1.5255733409805496,-0.058718893497981234,1.6777030797085517,2.078112343765939,5.742621233006709
2.2857890129089355,-1.5255733409805496,-0.05970512377929818,1.678360566151894,2.0790985735460894,5.744593703625812
2.309309959411621,-1.5255733409805496,-0.058718893497981234,1.677374336486908,2.078769830285995,5.7439362134183005
2.332305908203125,-1.5252445969097568,-0.05937638035209647,1.6777030797085517,2.078769830285995,5.7439362134183005
2.352327585220337,-1.5245871087687488,-0.058718893497981234,1.6780318229302138,2.0794273168062287,5.743607468314974
2.3738291263580322,-1.5259020850515348,-0.05839015007106768,1.6796755390387987,2.078769830285995,5.744264958521913
2.3961904048919678,-1.5245871087687488,-0.05904763692499085,1.677374336486908,2.078112343765939,5.742949978109178
2.4187333583831787,-1.5255733409805496,-0.06003386720659601,1.6760593636005157,2.078112343765939,5.743607468314974
2.438847064971924,-1.5259020850515348,-0.05839015007106768,1.6767168500436753,2.0784410870259444,5.742621233006709
2.4599170684814453,-1.5255733409805496,-0.05839015007106768,1.675730620378963,2.078769830285995,5.742949978109178
2.48211669921875,-1.5259020850515348,-0.05839015007106768,1.6790180525953098,2.078769830285995,5.7422924879045265
2.5051169395446777,-1.5255733409805496,-0.05904763692499085,1.678360566151894,2.078769830285995,5.743278723211933
2.527992010116577,-1.5265595731940835,-0.0603626106339899,1.6754018771574286,2.078769830285995,5.7439362134183005
2.5500080585479736,-1.5255733409805496,-0.058718893497981234,1.6806617687041707,2.0784410870259444,5.745251193834468
2.571509838104248,-1.526230829122713,-0.05970512377929818,1.680004282260571,2.078769830285995,5.743607468314974
2.5920212268829346,-1.526230829122713,-0.05806140664425011,1.6750731339359124,2.078112343765939,5.7439362134183005
2.613020658493042,-1.5252445969097568,-0.0603626106339899,1.6777030797085517,2.078112343765939,5.7439362134183005
2.6315743923187256,-1.5255733409805496,-0.05839015007106768,1.677374336486908,2.0784410870259444,5.743278723211933
2.6516191959381104,-1.5259020850515348,-0.05937638035209647,1.6780318229302138,2.0784410870259444,5.744593703625812
2.6754062175750732,-1.5255733409805496,-0.058718893497981234,1.678360566151894,2.078769830285995,5.7439362134183005
2.698014736175537,-1.5252445969097568,-0.058718893497981234,1.6803330254823616,2.0784410870259444,5.745251193834468
2.720665693283081,-1.5252445969097568,-0.05806140664425011,1.6790180525953098,2.0784410870259444,5.7439362134183005
2.7426741123199463,-1.5255733409805496,-0.06069135406147996,1.6777030797085517,2.078769830285995,5.743607468314974
2.7651896476745605,-1.524258364698534,-0.058718893497981234,1.6770455932652828,2.0784410870259444,5.740977507498653
2.786717176437378,-1.524258364698534,-0.06200632777240203,1.677374336486908,2.078769830285995,5.7439362134183005
2.809398889541626,-1.5236008765586813,-0.05970512377929818,1.675730620378963,2.078112343765939,5.741634997701018
2.829427480697632,-1.5232721324890437,-0.05839015007106768,1.678360566151894,2.0790985735460894,5.7386762917993765
2.852567672729492,-1.5239296206285113,-0.05806140664425011,1.6780318229302138,2.0784410870259444,5.739991272197249
2.8747568130493164,-1.5239296206285113,-0.0603626106339899,1.678360566151894,2.078769830285995,5.7386762917993765
2.897313356399536,-1.5245871087687488,-0.05839015007106768,1.6763881068220865,2.078769830285995,5.7390050368984165
2.919945240020752,-1.526230829122713,-0.058718893497981234,1.6763881068220865,2.0784410870259444,5.737361311406075
2.9409196376800537,-1.5265595731940835,-0.05806140664425011,1.678360566151894,2.078769830285995,5.733416370253578
2.9619195461273193,-1.526230829122713,-0.05806140664425011,1.6750731339359124,2.078769830285995,5.7324301349718745
2.981940984725952,-1.5272170613374028,-0.058718893497981234,1.675730620378963,2.0790985735460894,5.729800174233213
3.0019493103027344,-1.5275458054093514,-0.05839015007106768,1.6747443907144144,2.078769830285995,5.729142684051399
3.023745536804199,-1.5295182698450915,-0.057403919790902924,1.6790180525953098,2.078769830285995,5.729142684051399
3.045905113220215,-1.529189525771986,-0.058718893497981234,1.674086904271472,2.078769830285995,5.729471429142163
3.0666770935058594,-1.5295182698450915,-0.05806140664425011,1.6767168500436753,2.078769830285995,5.729800174233213
3.087730646133423,-1.5295182698450915,-0.05806140664425011,1.6777030797085517,2.0784410870259444,5.729142684051399
3.107468366622925,-1.528203293553827,-0.05970512377929818,1.6763881068220865,2.078769830285995,5.728485193870724
3.1274895668029785,-1.5288607816990736,-0.058718893497981234,1.675730620378963,2.078769830285995,5.7288139389609185
3.149531602859497,-1.5285320376263538,-0.05806140664425011,1.6767168500436753,2.078769830285995,5.729471429142163
3.1721529960632324,-1.5374081276575278,-0.05904763692499085,1.6760593636005157,2.0790985735460894,5.728485193870724
3.1942241191864014,-1.5285320376263538,-0.05904763692499085,1.6747443907144144,2.0784410870259444,5.728485193870724
3.21468186378479,-1.5295182698450915,-0.0603626106339899,1.6747443907144144,2.0790985735460894,5.728156448780815
3.238194227218628,-1.5295182698450915,-0.06003386720659601,1.6760593636005157,2.078769830285995,5.7288139389609185
3.2611937522888184,-1.5278745494814927,-0.05970512377929818,1.677374336486908,2.0784410870259444,5.728156448780815
3.2852349281311035,-1.5295182698450915,-0.05806140664425011,1.674086904271472,2.078769830285995,5.727170213512796
3.30623197555542,-1.5301757579918809,-0.05839015007106768,1.6747443907144144,2.078112343765939,5.72651272333554
3.327746629714966,-1.5285320376263538,-0.05904763692499085,1.6763881068220865,2.0784410870259444,5.727170213512796
3.3507707118988037,-1.530504502065565,-0.05806140664425011,1.6744156474929341,2.0790985735460894,5.725526488071795
3.3723549842834473,-1.5295182698450915,-0.05839015007106768,1.6760593636005157,2.078769830285995,5.72651272333554
3.393869400024414,-1.5446404974167693,-0.05839015007106768,1.675730620378963,2.0790985735460894,5.72651272333554
3.4148635864257812,-1.5288607816990736,-0.05839015007106768,1.6763881068220865,2.078769830285995,5.727498958601851
3.4386444091796875,-1.5298470139183897,-0.05773266321752854,1.675730620378963,2.078112343765939,5.72651272333554
3.462064504623413,-1.5285320376263538,-0.05937638035209647,1.6767168500436753,2.078769830285995,5.726183978247341
3.486093044281006,-1.5298470139183897,-0.05839015007106768,1.6763881068220865,2.0790985735460894,5.725197742984449
3.510101079940796,-1.5301757579918809,-0.058718893497981234,1.6767168500436753,2.078769830285995,5.7238827626379125
3.530621290206909,-1.529189525771986,-0.058718893497981234,1.6754018771574286,2.078769830285995,5.724211507724119
3.551757574081421,-1.529189525771986,-0.05839015007106768,1.6763881068220865,2.0784410870259444,5.7238827626379125
3.5742850303649902,-1.5288607816990736,-0.05806140664425011,1.6714569585004242,2.078769830285995,5.722239037211147
3.5978991985321045,-1.5275458054093514,-0.05904763692499085,1.6747443907144144,2.0790985735460894,5.723554017551991
3.6212871074676514,-1.529189525771986,-0.058718893497981234,1.6754018771574286,2.078769830285995,5.7238827626379125
3.6453402042388916,-1.5278745494814927,-0.05806140664425011,1.675730620378963,2.078112343765939,5.724211507724119
3.6688027381896973,-1.529189525771986,-0.06069135406147996,1.6754018771574286,2.0784410870259444,5.722239037211147
3.6934421062469482,-1.5295182698450915,-0.05970512377929818,1.6780318229302138,2.0790985735460894,5.720595311791496
3.716987371444702,-1.5295182698450915,-0.05937638035209647,1.6754018771574286,2.078769830285995,5.7219102921266485
3.7415974140167236,-1.5265595731940835,-0.058718893497981234,1.6744156474929341,2.078769830285995,5.718951586378957
3.766120433807373,-1.5285320376263538,-0.05904763692499085,1.6737581610500283,2.078769830285995,5.720595311791496
3.789729356765747,-1.530504502065565,-0.06003386720659601,1.6744156474929341,2.078112343765939,5.719937821625627
3.8131675720214844,-1.5278745494814927,-0.06003386720659601,1.6763881068220865,2.078769830285995,5.72026656670842
3.8371684551239014,-1.5268883172656469,-0.058718893497981234,1.6760593636005157,2.0784410870259444,5.719937821625627
3.8611671924591064,-1.5380656158135877,-0.05839015007106768,1.675730620378963,2.0790985735460894,5.72026656670842
3.8831896781921387,-1.530504502065565,-0.05937638035209647,1.674086904271472,2.0784410870259444,5.71960907654312
3.9034383296966553,-1.528203293553827,-0.06003386720659601,1.6777030797085517,2.078769830285995,5.718951586378957
3.9229557514190674,-1.5278745494814927,-0.05839015007106768,1.6763881068220865,2.0790985735460894,5.720924056874857
3.945955753326416,-1.528203293553827,-0.058718893497981234,1.6737581610500283,2.078769830285995,5.7192803314608955
3.9704766273498535,-1.5285320376263538,-0.05839015007106768,1.6750731339359124,2.078769830285995,5.718951586378957
3.990010976791382,-1.528203293553827,-0.05839015007106768,1.677374336486908,2.078769830285995,5.718951586378957
4.013474225997925,-1.528203293553827,-0.05839015007106768,1.6760593636005157,2.078769830285995,5.719937821625627
4.03565239906311,-1.5268883172656469,-0.05773266321752854,1.675730620378963,2.078769830285995,5.719937821625627
4.059401512145996,-1.5295182698450915,-0.05806140664425011,1.675730620378963,2.078769830285995,5.7192803314608955
4.082866907119751,-1.5278745494814927,-0.05839015007106768,1.6763881068220865,2.078769830285995,5.718294096215931
4.104962587356567,-1.5272170613374028,-0.05806140664425011,1.674086904271472,2.0784410870259444,5.718622841297302
4.1295788288116455,-1.5288607816990736,-0.058718893497981234,1.6754018771574286,2.078112343765939,5.717965351134844
4.153632640838623,-1.5298470139183897,-0.05773266321752854,1.6760593636005157,2.078769830285995,5.721252801958503
4.178255796432495,-1.5275458054093514,-0.05904763692499085,1.6747443907144144,2.078769830285995,5.718951586378957
4.20293402671814,-1.528203293553827,-0.06463627519886725,1.674086904271472,2.078769830285995,5.72026656670842
4.227654218673706,-1.5259020850515348,-0.05839015007106768,1.6754018771574286,2.078769830285995,5.721252801958503
4.24959135055542,-1.5295182698450915,-0.05839015007106768,1.6737581610500283,2.078769830285995,5.7192803314608955
4.270199298858643,-1.5288607816990736,-0.058718893497981234,1.6731006746071944,2.0784410870259444,5.72026656670842
4.294151782989502,-1.5285320376263538,-0.05904763692499085,1.6731006746071944,2.078112343765939,5.719937821625627
4.3152453899383545,-1.5278745494814927,-0.05839015007106768,1.6754018771574286,2.0784410870259444,5.717965351134844
4.33879542350769,-1.5275458054093514,-0.058718893497981234,1.6744156474929341,2.078769830285995,5.718951586378957
4.360876798629761,-1.5278745494814927,-0.05904763692499085,1.6760593636005157,2.0784410870259444,5.7192803314608955
4.382994890213013,-1.5268883172656469,-0.058718893497981234,1.6780318229302138,2.0784410870259444,5.720924056874857
4.404680013656616,-1.5278745494814927,-0.05904763692499085,1.6750731339359124,2.078769830285995,5.7192803314608955
4.424234628677368,-1.5288607816990736,-0.05806140664425011,1.675730620378963,2.078769830285995,5.718622841297302
4.444334030151367,-1.528203293553827,-0.05839015007106768,1.6727719313858045,2.0784410870259444,5.718622841297302
4.466912269592285,-1.5275458054093514,-0.0603626106339899,1.6724431881644326,2.0784410870259444,5.719937821625627
4.488098382949829,-1.5278745494814927,-0.06003386720659601,1.6767168500436753,2.0784410870259444,5.72026656670842
4.511192083358765,-1.5285320376263538,-0.058718893497981234,1.6727719313858045,2.0790985735460894,5.721252801958503
4.532794237136841,-1.5298470139183897,-0.058718893497981234,1.675730620378963,2.078769830285995,5.720595311791496
4.55378794670105,-1.5278745494814927,-0.0610200974890662,1.677374336486908,2.078769830285995,5.72026656670842
4.576550722122192,-1.5275458054093514,-0.05839015007106768,1.6760593636005157,2.0784410870259444,5.7192803314608955
4.5972044467926025,-1.529189525771986,-0.05839015007106768,1.6754018771574286,2.078112343765939,5.719937821625627
4.618931531906128,-1.5275458054093514,-0.05806140664425011,1.6694844991728897,2.0784410870259444,5.718622841297302
4.640832424163818,-1.529189525771986,-0.05806140664425011,1.6754018771574286,2.078769830285995,5.71960907654312
4.66154670715332,-1.5278745494814927,-0.05839015007106768,1.6763881068220865,2.0794273168062287,5.718294096215931
4.683197259902954,-1.5275458054093514,-0.06167758434452722,1.6767168500436753,2.078769830285995,5.719937821625627
4.705460786819458,-1.5285320376263538,-0.058718893497981234,1.674086904271472,2.078769830285995,5.718951586378957
4.727519512176514,-1.528203293553827,-0.05937638035209647,1.6727719313858045,2.0784410870259444,5.719937821625627
4.75062370300293,-1.5285320376263538,-0.05904763692499085,1.6734294178286024,2.078769830285995,5.718294096215931
4.772132873535156,-1.5275458054093514,-0.05839015007106768,1.6717857017217423,2.078112343765939,5.71960907654312
4.794461250305176,-1.5278745494814927,-0.05839015007106768,1.6760593636005157,2.078769830285995,5.718951586378957
4.815646171569824,-1.528203293553827,-0.058718893497981234,1.675730620378963,2.078769830285995,5.720595311791496
4.835644721984863,-1.5268883172656469,-0.05806140664425011,1.675730620378963,2.078112343765939,5.719937821625627
4.855702877044678,-1.5252445969097568,-0.05839015007106768,1.6737581610500283,2.0790985735460894,5.719937821625627
4.876402378082275,-1.5278745494814927,-0.058718893497981234,1.6734294178286024,2.078769830285995,5.72026656670842
4.896954298019409,-1.528203293553827,-0.05904763692499085,1.6754018771574286,2.0784410870259444,5.718294096215931
4.918559789657593,-1.5268883172656469,-0.06003386720659601,1.6786893093735928,2.078769830285995,5.72026656670842
4.938560485839844,-1.5285320376263538,-0.06003386720659601,1.6754018771574286,2.078769830285995,5.72026656670842
4.9585771560668945,-1.5268883172656469,-0.05806140664425011,1.675730620378963,2.078769830285995,5.7192803314608955
4.980259418487549,-1.5285320376263538,-0.058718893497981234,1.6763881068220865,2.0784410870259444,5.7192803314608955
5.002126455307007,-1.5275458054093514,-0.05839015007106768,1.6747443907144144,2.078769830285995,5.719937821625627
5.022662162780762,-1.5278745494814927,-0.05970512377929818,1.6777030797085517,2.0784410870259444,5.71960907654312
5.043072938919067,-1.5278745494814927,-0.058718893497981234,1.6754018771574286,2.078769830285995,5.718622841297302
5.064613103866577,-1.528203293553827,-0.05904763692499085,1.6737581610500283,2.078769830285995,5.7219102921266485
5.086185455322266,-1.5268883172656469,-0.057403919790902924,1.675730620378963,2.078769830285995,5.718294096215931
5.107292175292969,-1.5268883172656469,-0.05773266321752854,1.6770455932652828,2.0790985735460894,5.721581547042433
5.131799221038818,-1.5275458054093514,-0.05839015007106768,1.675730620378963,2.078769830285995,5.71960907654312
5.15380334854126,-1.5275458054093514,-0.05937638035209647,1.675730620378963,2.0794273168062287,5.720595311791496
5.1753034591674805,-1.5285320376263538,-0.05970512377929818,1.6777030797085517,2.078112343765939,5.721581547042433
5.197885036468506,-1.5275458054093514,-0.06003386720659601,1.6763881068220865,2.078112343765939,5.7192803314608955
5.2180211544036865,-1.5268883172656469,-0.05904763692499085,1.6744156474929341,2.078769830285995,5.721252801958503
5.240628957748413,-1.5278745494814927,-0.05937638035209647,1.6780318229302138,2.078769830285995,5.718622841297302
5.265139579772949,-1.5285320376263538,-0.05904763692499085,1.675730620378963,2.078769830285995,5.721252801958503
5.289413690567017,-1.5275458054093514,-0.05806140664425011,1.6747443907144144,2.0784410870259444,5.721581547042433
5.31207275390625,-1.5278745494814927,-0.058718893497981234,1.6731006746071944,2.0784410870259444,5.7192803314608955
5.336383104324341,-1.5278745494814927,-0.058718893497981234,1.6747443907144144,2.0790985735460894,5.721581547042433
5.359886169433594,-1.5278745494814927,-0.05839015007106768,1.6780318229302138,2.078112343765939,5.721252801958503
5.383525609970093,-1.5275458054093514,-0.05839015007106768,1.6754018771574286,2.0784410870259444,5.718951586378957
5.408531427383423,-1.5275458054093514,-0.05904763692499085,1.6747443907144144,2.0784410870259444,5.720924056874857
5.430529356002808,-1.5272170613374028,-0.05904763692499085,1.679346795817045,2.078112343765939,5.7219102921266485
5.454527139663696,-1.528203293553827,-0.06003386720659601,1.675730620378963,2.077783600505978,5.720595311791496
5.476334810256958,-1.5278745494814927,-0.05839015007106768,1.6760593636005157,2.078769830285995,5.72026656670842
5.496988773345947,-1.5275458054093514,-0.058718893497981234,1.6724431881644326,2.0784410870259444,5.720595311791496
5.518517017364502,-1.528203293553827,-0.06003386720659601,1.6754018771574286,2.078769830285995,5.719937821625627
5.5405144691467285,-1.5275458054093514,-0.0652937620564473,1.6760593636005157,2.078769830285995,5.720595311791496
5.5651538372039795,-1.5275458054093514,-0.05839015007106768,1.677374336486908,2.078769830285995,5.7219102921266485
5.587676286697388,-1.5278745494814927,-0.058718893497981234,1.6763881068220865,2.078769830285995,5.720924056874857
5.611189365386963,-1.5278745494814927,-0.058718893497981234,1.6744156474929341,2.078769830285995,5.71960907654312
5.636213541030884,-1.5285320376263538,-0.05839015007106768,1.6731006746071944,2.0784410870259444,5.720924056874857
5.66134786605835,-1.5272170613374028,-0.05839015007106768,1.675730620378963,2.078769830285995,5.71960907654312
5.684899568557739,-1.5275458054093514,-0.058718893497981234,1.6754018771574286,2.078769830285995,5.7219102921266485
5.709433317184448,-1.5275458054093514,-0.05773266321752854,1.6750731339359124,2.078112343765939,5.719937821625627
5.733139276504517,-1.5265595731940835,-0.05806140664425011,1.674086904271472,2.078112343765939,5.719937821625627
5.7564966678619385,-1.5272170613374028,-0.05839015007106768,1.674086904271472,2.0794273168062287,5.721252801958503
5.779193162918091,-1.5275458054093514,-0.058718893497981234,1.6744156474929341,2.078769830285995,5.721252801958503
5.800454616546631,-1.5265595731940835,-0.05904763692499085,1.6754018771574286,2.078112343765939,5.7219102921266485
5.823042631149292,-1.5268883172656469,-0.057403919790902924,1.6767168500436753,2.0790985735460894,5.719937821625627
5.846953392028809,-1.5275458054093514,-0.0603626106339899,1.6767168500436753,2.078769830285995,5.72026656670842
5.871480941772461,-1.5278745494814927,-0.05806140664425011,1.674086904271472,2.0784410870259444,5.720595311791496
5.894185781478882,-1.5275458054093514,-0.058718893497981234,1.6747443907144144,2.0784410870259444,5.721252801958503
5.918649911880493,-1.5278745494814927,-0.05806140664425011,1.6744156474929341,2.078769830285995,5.719937821625627
5.942647933959961,-1.5278745494814927,-0.05904763692499085,1.6770455932652828,2.0784410870259444,5.719937821625627
5.965679168701172,-1.5268883172656469,-0.05839015007106768,1.675730620378963,2.0784410870259444,5.720924056874857
5.989769220352173,-1.5268883172656469,-0.058718893497981234,1.675730620378963,2.0784410870259444,5.722896527381
6.010798454284668,-1.5285320376263538,-0.05839015007106768,1.6770455932652828,2.078769830285995,5.719937821625627
6.033482313156128,-1.5275458054093514,-0.05937638035209647,1.6763881068220865,2.078769830285995,5.720595311791496
6.057485342025757,-1.5272170613374028,-0.05839015007106768,1.675730620378963,2.078769830285995,5.719937821625627
6.080122232437134,-1.5272170613374028,-0.05839015007106768,1.6744156474929341,2.078769830285995,5.723554017551991
6.102955341339111,-1.5272170613374028,-0.05839015007106768,1.6750731339359124,2.0784410870259444,5.719937821625627
6.127538442611694,-1.5268883172656469,-0.05904763692499085,1.6747443907144144,2.078112343765939,5.722896527381
6.1518683433532715,-1.5278745494814927,-0.05839015007106768,1.675730620378963,2.078112343765939,5.71960907654312
6.174622535705566,-1.5275458054093514,-0.058718893497981234,1.677374336486908,2.078769830285995,5.720924056874857
6.195383548736572,-1.5268883172656469,-0.05970512377929818,1.6760593636005157,2.0784410870259444,5.72026656670842
6.217815637588501,-1.5275458054093514,-0.05839015007106768,1.6747443907144144,2.0790985735460894,5.720595311791496
6.241002798080444,-1.5275458054093514,-0.058718893497981234,1.6777030797085517,2.0784410870259444,5.71960907654312
6.265688896179199,-1.5278745494814927,-0.05839015007106768,1.6737581610500283,2.078112343765939,5.72026656670842
6.290611982345581,-1.5272170613374028,-0.05806140664425011,1.6760593636005157,2.078112343765939,5.719937821625627
6.315025091171265,-1.5272170613374028,-0.05839015007106768,1.6763881068220865,2.078769830285995,5.721252801958503
6.340016841888428,-1.528203293553827,-0.06003386720659601,1.675730620378963,2.078112343765939,5.721252801958503
6.363131046295166,-1.5272170613374028,-0.05904763692499085,1.6770455932652828,2.078112343765939,5.721252801958503
6.387354135513306,-1.5278745494814927,-0.05839015007106768,1.6763881068220865,2.0784410870259444,5.7219102921266485
6.411447525024414,-1.5278745494814927,-0.058718893497981234,1.674086904271472,2.078769830285995,5.71960907654312
6.435884714126587,-1.5272170613374028,-0.05839015007106768,1.6780318229302138,2.078112343765939,5.7192803314608955
6.459607362747192,-1.5275458054093514,-0.058718893497981234,1.6760593636005157,2.078769830285995,5.720924056874857
6.484155654907227,-1.5272170613374028,-0.05839015007106768,1.6744156474929341,2.0784410870259444,5.720924056874857
6.508839845657349,-1.5278745494814927,-0.05839015007106768,1.6780318229302138,2.078769830285995,5.721252801958503
6.5323638916015625,-1.5272170613374028,-0.05839015007106768,1.6767168500436753,2.0790985735460894,5.721581547042433
6.555361986160278,-1.5275458054093514,-0.05839015007106768,1.6737581610500283,2.078769830285995,5.721252801958503
6.576881170272827,-1.528203293553827,-0.05839015007106768,1.6747443907144144,2.078769830285995,5.721252801958503
6.597501039505005,-1.5272170613374028,-0.0603626106339899,1.6731006746071944,2.0790985735460894,5.721252801958503
6.621167182922363,-1.526230829122713,-0.05806140664425011,1.6734294178286024,2.0784410870259444,5.72026656670842
6.643206596374512,-1.528203293553827,-0.05806140664425011,1.674086904271472,2.078769830285995,5.71960907654312
6.663208723068237,-1.5272170613374028,-0.06003386720659601,1.677374336486908,2.0790985735460894,5.721581547042433
6.684036016464233,-1.5272170613374028,-0.058718893497981234,1.674086904271472,2.078769830285995,5.719937821625627
6.706554174423218,-1.528203293553827,-0.06003386720659601,1.6763881068220865,2.0784410870259444,5.72026656670842
6.726100444793701,-1.528203293553827,-0.05970512377929818,1.6731006746071944,2.0784410870259444,5.71960907654312
6.748088359832764,-1.5278745494814927,-0.05773266321752854,1.6737581610500283,2.078112343765939,5.721252801958503
6.771780967712402,-1.5272170613374028,-0.05970512377929818,1.6737581610500283,2.078112343765939,5.721252801958503
6.7955851554870605,-1.528203293553827,-0.05806140664425011,1.6767168500436753,2.078769830285995,5.721252801958503
6.818194627761841,-1.5278745494814927,-0.05904763692499085,1.6737581610500283,2.077783600505978,5.71960907654312
6.840710401535034,-1.5285320376263538,-0.05904763692499085,1.6763881068220865,2.078112343765939,5.719937821625627
6.865246534347534,-1.5272170613374028,-0.05970512377929818,1.6767168500436753,2.078112343765939,5.720595311791496
6.888774633407593,-1.526230829122713,-0.05773266321752854,1.6737581610500283,2.078112343765939,5.721581547042433
6.909777641296387,-1.5275458054093514,-0.058718893497981234,1.675730620378963,2.078112343765939,5.721252801958503
6.931297063827515,-1.528203293553827,-0.05839015007106768,1.674086904271472,2.078112343765939,5.720595311791496
6.952822208404541,-1.5285320376263538,-0.058718893497981234,1.6737581610500283,2.0784410870259444,5.720595311791496
6.97472357749939,-1.5288607816990736,-0.05937638035209647,1.677374336486908,2.0784410870259444,5.720595311791496
6.998117446899414,-1.5268883172656469,-0.05937638035209647,1.6754018771574286,2.078769830285995,5.720595311791496
7.021539688110352,-1.528203293553827,-0.05839015007106768,1.6747443907144144,2.078769830285995,5.720924056874857
7.044734477996826,-1.528203293553827,-0.058718893497981234,1.6754018771574286,2.0784410870259444,5.719937821625627
7.065873622894287,-1.5275458054093514,-0.058718893497981234,1.674086904271472,2.078112343765939,5.720595311791496
7.08758020401001,-1.5278745494814927,-0.05904763692499085,1.675730620378963,2.0784410870259444,5.720595311791496
7.111262559890747,-1.5278745494814927,-0.058718893497981234,1.6737581610500283,2.078769830285995,5.721252801958503
7.135268688201904,-1.5285320376263538,-0.058718893497981234,1.675730620378963,2.078112343765939,5.71960907654312
7.1592724323272705,-1.5275458054093514,-0.05904763692499085,1.6760593636005157,2.0784410870259444,5.721581547042433
7.181305885314941,-1.528203293553827,-0.06299255805660403,1.6744156474929341,2.0784410870259444,5.72026656670842
7.203819990158081,-1.5272170613374028,-0.058718893497981234,1.6754018771574286,2.0784410870259444,5.720595311791496
7.227031946182251,-1.5272170613374028,-0.05970512377929818,1.6750731339359124,2.078769830285995,5.719937821625627
7.251447916030884,-1.5278745494814927,-0.058718893497981234,1.6760593636005157,2.078769830285995,5.721581547042433
7.276482820510864,-1.5272170613374028,-0.058718893497981234,1.674086904271472,2.078112343765939,5.720924056874857
7.301129579544067,-1.5275458054093514,-0.05839015007106768,1.6724431881644326,2.077783600505978,5.72026656670842
7.3239030838012695,-1.5272170613374028,-0.05839015007106768,1.677374336486908,2.078769830285995,5.718294096215931
7.345564603805542,-1.528203293553827,-0.05806140664425011,1.6767168500436753,2.078112343765939,5.72026656670842
7.367844343185425,-1.5275458054093514,-0.05839015007106768,1.675730620378963,2.077783600505978,5.720595311791496
7.388601064682007,-1.5275458054093514,-0.05904763692499085,1.6734294178286024,2.078112343765939,5.721252801958503
7.41060733795166,-1.528203293553827,-0.05839015007106768,1.678360566151894,2.078769830285995,5.7192803314608955
7.4311418533325195,-1.5272170613374028,-0.05904763692499085,1.6731006746071944,2.078112343765939,5.720924056874857
7.4511449337005615,-1.528203293553827,-0.05904763692499085,1.6767168500436753,2.0784410870259444,5.720595311791496
7.471736907958984,-1.5272170613374028,-0.05904763692499085,1.6777030797085517,2.0784410870259444,5.719937821625627
7.4961535930633545,-1.529189525771986,-0.06003386720659601,1.6767168500436753,2.078112343765939,5.721252801958503
7.520171880722046,-1.5275458054093514,-0.058718893497981234,1.6750731339359124,2.078769830285995,5.719937821625627
7.543079376220703,-1.528203293553827,-0.05806140664425011,1.6754018771574286,2.078769830285995,5.719937821625627
7.5667564868927,-1.5278745494814927,-0.05904763692499085,1.6747443907144144,2.078769830285995,5.720924056874857
7.589576959609985,-1.528203293553827,-0.058718893497981234,1.6754018771574286,2.0784410870259444,5.721252801958503
7.613489866256714,-1.528203293553827,-0.05839015007106768,1.6734294178286024,2.078769830285995,5.721252801958503
7.637217283248901,-1.5275458054093514,-0.05839015007106768,1.6750731339359124,2.078769830285995,5.72026656670842
7.660396099090576,-1.5295182698450915,-0.05937638035209647,1.6767168500436753,2.078112343765939,5.7219102921266485
7.683331489562988,-1.529189525771986,-0.058718893497981234,1.6754018771574286,2.077783600505978,5.7219102921266485
7.7083580493927,-1.526230829122713,-0.05904763692499085,1.674086904271472,2.0784410870259444,5.7219102921266485
7.73151969909668,-1.5295182698450915,-0.05904763692499085,1.674086904271472,2.077783600505978,5.719937821625627
7.755559682846069,-1.5351069191174076,-0.05839015007106768,1.6760593636005157,2.0784410870259444,5.720924056874857
7.778733491897583,-1.5278745494814927,-0.058718893497981234,1.6717857017217423,2.078112343765939,5.720924056874857
7.802447557449341,-1.5288607816990736,-0.05937638035209647,1.6760593636005157,2.078112343765939,5.720595311791496
7.826318025588989,-1.528203293553827,-0.05937638035209647,1.675730620378963,2.0784410870259444,5.721581547042433
7.850500106811523,-1.528203293553827,-0.058718893497981234,1.6754018771574286,2.077783600505978,5.721252801958503
7.874278783798218,-1.5288607816990736,-0.0610200974890662,1.6754018771574286,2.077783600505978,5.72026656670842
7.8977415561676025,-1.5275458054093514,-0.058718893497981234,1.6770455932652828,2.077783600505978,5.720595311791496
7.917306900024414,-1.5275458054093514,-0.058718893497981234,1.6767168500436753,2.077783600505978,5.71960907654312
7.937276840209961,-1.5275458054093514,-0.05839015007106768,1.6744156474929341,2.077783600505978,5.719937821625627
7.957293510437012,-1.5275458054093514,-0.05839015007106768,1.6750731339359124,2.077783600505978,5.722896527381
7.977842569351196,-1.5285320376263538,-0.06003386720659601,1.6737581610500283,2.078112343765939,5.7192803314608955
7.998002290725708,-1.5275458054093514,-0.05839015007106768,1.675730620378963,2.078112343765939,5.72026656670842
8.017889499664307,-1.5278745494814927,-0.05839015007106768,1.6737581610500283,2.077783600505978,5.718951586378957
8.042838335037231,-1.528203293553827,-0.05839015007106768,1.6770455932652828,2.077783600505978,5.720924056874857
8.064491748809814,-1.5285320376263538,-0.06200632777240203,1.6763881068220865,2.078112343765939,5.721252801958503
8.08717393875122,-1.5272170613374028,-0.05806140664425011,1.6744156474929341,2.078112343765939,5.720924056874857
8.109180688858032,-1.528203293553827,-0.058718893497981234,1.6754018771574286,2.077783600505978,5.72026656670842
8.129698753356934,-1.5275458054093514,-0.05904763692499085,1.6737581610500283,2.077783600505978,5.7192803314608955
8.150784015655518,-1.5278745494814927,-0.05970512377929818,1.6770455932652828,2.077783600505978,5.718622841297302
8.173495531082153,-1.5275458054093514,-0.058718893497981234,1.6750731339359124,2.077783600505978,5.71960907654312
8.19825267791748,-1.5278745494814927,-0.05970512377929818,1.6763881068220865,2.078112343765939,5.721581547042433
8.222992897033691,-1.5272170613374028,-0.058718893497981234,1.6750731339359124,2.077783600505978,5.720924056874857
8.244993209838867,-1.5278745494814927,-0.05839015007106768,1.6763881068220865,2.0784410870259444,5.719937821625627
8.268700122833252,-1.526230829122713,-0.05904763692499085,1.6750731339359124,2.078112343765939,5.721252801958503
8.290241241455078,-1.5265595731940835,-0.05839015007106768,1.677374336486908,2.078112343765939,5.720595311791496
8.310770273208618,-1.528203293553827,-0.05937638035209647,1.674086904271472,2.078112343765939,5.7192803314608955
8.332847356796265,-1.5268883172656469,-0.058718893497981234,1.6744156474929341,2.0790985735460894,5.718951586378957
8.355870246887207,-1.5278745494814927,-0.05904763692499085,1.6760593636005157,2.077783600505978,5.721252801958503
8.378530740737915,-1.5275458054093514,-0.05839015007106768,1.6737581610500283,2.0784410870259444,5.720595311791496
8.402079820632935,-1.5268883172656469,-0.058718893497981234,1.6750731339359124,2.078112343765939,5.721252801958503
8.423414707183838,-1.528203293553827,-0.057403919790902924,1.675730620378963,2.078112343765939,5.720595311791496
8.447402238845825,-1.5278745494814927,-0.0603626106339899,1.6767168500436753,2.078112343765939,5.718622841297302
8.471940517425537,-1.5268883172656469,-0.05806140664425011,1.6747443907144144,2.078112343765939,5.71960907654312
8.494640827178955,-1.528203293553827,-0.058718893497981234,1.6767168500436753,2.077783600505978,5.7192803314608955
8.51828670501709,-1.5275458054093514,-0.05839015007106768,1.6744156474929341,2.0784410870259444,5.721252801958503
8.54137396812439,-1.5278745494814927,-0.05970512377929818,1.677374336486908,2.0784410870259444,5.720595311791496
8.566046237945557,-1.5285320376263538,-0.0603626106339899,1.6754018771574286,2.078769830285995,5.72026656670842
8.588687658309937,-1.528203293553827,-0.058718893497981234,1.6750731339359124,2.078769830285995,5.719937821625627
8.610390663146973,-1.528203293553827,-0.05806140664425011,1.6747443907144144,2.0784410870259444,5.719937821625627
8.633248329162598,-1.5285320376263538,-0.06003386720659601,1.674086904271472,2.078112343765939,5.720595311791496
8.656245231628418,-1.5272170613374028,-0.05773266321752854,1.6744156474929341,2.078112343765939,5.718951586378957
8.675806522369385,-1.5278745494814927,-0.05839015007106768,1.6744156474929341,2.078112343765939,5.7192803314608955
8.699699401855469,-1.5268883172656469,-0.058718893497981234,1.6737581610500283,2.078769830285995,5.720924056874857
8.722204446792603,-1.5275458054093514,-0.05904763692499085,1.6754018771574286,2.078769830285995,5.719937821625627
8.742201566696167,-1.528203293553827,-0.058718893497981234,1.677374336486908,2.077783600505978,5.71960907654312
8.761702537536621,-1.5245871087687488,-0.05839015007106768,1.674086904271472,2.078112343765939,5.721252801958503
8.781842947006226,-1.5275458054093514,-0.05773266321752854,1.6760593636005157,2.078769830285995,5.718622841297302
8.800991535186768,-1.5275458054093514,-0.058718893497981234,1.675730620378963,2.078112343765939,5.721581547042433
8.82162356376648,-1.5272170613374028,-0.05904763692499085,1.6737581610500283,2.078112343765939,5.71960907654312
8.84164309501648,-1.5278745494814927,-0.058718893497981234,1.679346795817045,2.078769830285995,5.72026656670842
8.862623453140259,-1.5259020850515348,-0.05806140664425011,1.6780318229302138,2.0784410870259444,5.718294096215931
8.884880304336548,-1.5295182698450915,-0.05937638035209647,1.675730620378963,2.078769830285995,5.721581547042433
8.90803837776184,-1.5278745494814927,-0.058718893497981234,1.6780318229302138,2.078769830285995,5.720924056874857
8.929534912109375,-1.5278745494814927,-0.05970512377929818,1.6750731339359124,2.078769830285995,5.719937821625627
8.952525615692139,-1.5295182698450915,-0.05904763692499085,1.6767168500436753,2.078112343765939,5.72026656670842
8.975265264511108,-1.5278745494814927,-0.058718893497981234,1.6763881068220865,2.077783600505978,5.721252801958503
8.998960733413696,-1.5275458054093514,-0.058718893497981234,1.674086904271472,2.078112343765939,5.720924056874857
9.021659135818481,-1.528203293553827,-0.05839015007106768,1.6760593636005157,2.0784410870259444,5.72026656670842
9.044661045074463,-1.5275458054093514,-0.05904763692499085,1.6747443907144144,2.078769830285995,5.719937821625627
9.068275451660156,-1.5272170613374028,-0.05839015007106768,1.6747443907144144,2.0790985735460894,5.719937821625627
9.089411973953247,-1.5295182698450915,-0.05904763692499085,1.6770455932652828,2.077783600505978,5.720595311791496
9.10971212387085,-1.5278745494814927,-0.05806140664425011,1.6734294178286024,2.078769830285995,5.72026656670842
9.130922794342041,-1.5275458054093514,-0.06562250548538201,1.6747443907144144,2.078769830285995,5.71960907654312
9.14992618560791,-1.5268883172656469,-0.058718893497981234,1.6754018771574286,2.0790985735460894,5.71960907654312
9.171442031860352,-1.5268883172656469,-0.05839015007106768,1.675730620378963,2.0784410870259444,5.72026656670842
9.191965103149414,-1.5278745494814927,-0.05937638035209647,1.6747443907144144,2.078769830285995,5.72026656670842
9.214466571807861,-1.5275458054093514,-0.058718893497981234,1.6767168500436753,2.078112343765939,5.719937821625627
9.236583709716797,-1.5275458054093514,-0.05937638035209647,1.6750731339359124,2.0794273168062287,5.720595311791496
9.259584426879883,-1.5275458054093514,-0.05806140664425011,1.6754018771574286,2.0790985735460894,5.720924056874857
9.281261682510376,-1.5275458054093514,-0.05937638035209647,1.675730620378963,2.0790985735460894,5.720595311791496
9.304086685180664,-1.5275458054093514,-0.05839015007106768,1.675730620378963,2.0784410870259444,5.72026656670842
9.32459807395935,-1.5275458054093514,-0.06003386720659601,1.677374336486908,2.078769830285995,5.718951586378957
9.347614526748657,-1.5268883172656469,-0.058718893497981234,1.6767168500436753,2.078769830285995,5.72026656670842
9.369104385375977,-1.526230829122713,-0.058718893497981234,1.674086904271472,2.0790985735460894,5.72026656670842
9.391247272491455,-1.5265595731940835,-0.05806140664425011,1.6777030797085517,2.078769830285995,5.720924056874857
9.41225004196167,-1.5275458054093514,-0.05904763692499085,1.6754018771574286,2.078769830285995,5.720595311791496
9.434821128845215,-1.5268883172656469,-0.058718893497981234,1.6760593636005157,2.078112343765939,5.71960907654312
9.456810474395752,-1.5268883172656469,-0.058718893497981234,1.6767168500436753,2.078112343765939,5.720924056874857
9.476340770721436,-1.5272170613374028,-0.05904763692499085,1.6754018771574286,2.078769830285995,5.7192803314608955
9.497376441955566,-1.5272170613374028,-0.058718893497981234,1.6734294178286024,2.0784410870259444,5.721252801958503
9.517387866973877,-1.528203293553827,-0.05937638035209647,1.6744156474929341,2.078769830285995,5.718622841297302
9.539391279220581,-1.528203293553827,-0.05806140664425011,1.6747443907144144,2.0790985735460894,5.718622841297302
9.563293933868408,-1.5272170613374028,-0.05839015007106768,1.675730620378963,2.0790985735460894,5.719937821625627
9.583303928375244,-1.5278745494814927,-0.058718893497981234,1.6734294178286024,2.0784410870259444,5.719937821625627
9.606820821762085,-1.5275458054093514,-0.058718893497981234,1.6737581610500283,2.078112343765939,5.72026656670842
9.627121448516846,-1.528203293553827,-0.05839015007106768,1.6767168500436753,2.078769830285995,5.720924056874857
9.64766550064087,-1.5278745494814927,-0.05970512377929818,1.6763881068220865,2.0784410870259444,5.719937821625627
9.668085098266602,-1.5265595731940835,-0.05839015007106768,1.6754018771574286,2.078769830285995,5.719937821625627
9.691373825073242,-1.5275458054093514,-0.05904763692499085,1.6747443907144144,2.0784410870259444,5.721581547042433
9.716025829315186,-1.5268883172656469,-0.06003386720659601,1.6747443907144144,2.078769830285995,5.7192803314608955
9.739020109176636,-1.5278745494814927,-0.058718893497981234,1.6760593636005157,2.078769830285995,5.72026656670842
9.76253366470337,-1.5275458054093514,-0.058718893497981234,1.6754018771574286,2.078769830285995,5.71960907654312
9.78583550453186,-1.5259020850515348,-0.06627999234354087,1.674086904271472,2.0794273168062287,5.7219102921266485
9.805375099182129,-1.5288607816990736,-0.05839015007106768,1.675730620378963,2.078769830285995,5.72026656670842
9.825938701629639,-1.5278745494814927,-0.058718893497981234,1.6750731339359124,2.0784410870259444,5.718951586378957
9.847953081130981,-1.5278745494814927,-0.05839015007106768,1.6760593636005157,2.078769830285995,5.719937821625627
9.868449926376343,-1.528203293553827,-0.05806140664425011,1.678360566151894,2.078769830285995,5.718622841297302
9.889645099639893,-1.5278745494814927,-0.06003386720659601,1.6767168500436753,2.0790985735460894,5.721252801958503
9.91306185722351,-1.5268883172656469,-0.05773266321752854,1.6754018771574286,2.0790985735460894,5.720595311791496
9.937593221664429,-1.5275458054093514,-0.05904763692499085,1.6763881068220865,2.0790985735460894,5.720595311791496
9.962133884429932,-1.5265595731940835,-0.05839015007106768,1.6786893093735928,2.078769830285995,5.718951586378957
9.986198902130127,-1.5259020850515348,-0.06167758434452722,1.6770455932652828,2.078769830285995,5.718622841297302
10.008742570877075,-1.5259020850515348,-0.05904763692499085,1.6770455932652828,2.0784410870259444,5.718294096215931
10.030739784240723,-1.528203293553827,-0.058718893497981234,1.6760593636005157,2.078769830285995,5.716650370813343
10.050740003585815,-1.5268883172656469,-0.05806140664425011,1.6737581610500283,2.078769830285995,5.715992880654297
10.071264266967773,-1.5255733409805496,-0.05904763692499085,1.6767168500436753,2.0784410870259444,5.714677900339614
10.091773748397827,-1.5275458054093514,-0.05937638035209647,1.6763881068220865,2.078769830285995,5.715992880654297
10.112783432006836,-1.5285320376263538,-0.05970512377929818,1.6744156474929341,2.078112343765939,5.715992880654297
10.13443660736084,-1.526230829122713,-0.06003386720659601,1.6744156474929341,2.078769830285995,5.717307860973525
10.156568050384521,-1.529189525771986,-0.05773266321752854,1.6763881068220865,2.078769830285995,5.718622841297302
10.178834199905396,-1.5288607816990736,-0.05839015007106768,1.6777030797085517,2.0790985735460894,5.72026656670842
10.200992107391357,-1.5278745494814927,-0.05839015007106768,1.6744156474929341,2.0784410870259444,5.722896527381
10.220508098602295,-1.5295182698450915,-0.05773266321752854,1.6790180525953098,2.078769830285995,5.7238827626379125
10.240824937820435,-1.5288607816990736,-0.05839015007106768,1.6747443907144144,2.078769830285995,5.725526488071795
10.261824131011963,-1.5301757579918809,-0.05970512377929818,1.6777030797085517,2.078769830285995,5.728156448780815
10.293597936630249,-1.5285320376263538,-0.05806140664425011,1.677374336486908,2.0790985735460894,5.7324301349718745
10.316110849380493,-1.5301757579918809,-0.05839015007106768,1.6770455932652828,2.078769830285995,5.7360463310173415
10.340111017227173,-1.5278745494814927,-0.05839015007106768,1.677374336486908,2.078769830285995,5.738347546700623
10.361494541168213,-1.5275458054093514,-0.05970512377929818,1.6777030797085517,2.0784410870259444,5.739991272197249
10.381211042404175,-1.5252445969097568,-0.05839015007106768,1.675730620378963,2.078769830285995,5.742949978109178
10.404151916503906,-1.5252445969097568,-0.05970512377929818,1.6780318229302138,2.078769830285995,5.744264958521913
10.424579381942749,-1.5259020850515348,-0.05806140664425011,1.6780318229302138,2.078769830285995,5.7439362134183005
10.443492650985718,-1.524258364698534,-0.058718893497981234,1.6760593636005157,2.078769830285995,5.744264958521913
10.463000774383545,-1.5236008765586813,-0.05937638035209647,1.678360566151894,2.0784410870259444,5.743607468314974
10.483299970626831,-1.5252445969097568,-0.05904763692499085,1.677374336486908,2.078769830285995,5.741634997701018
10.5028715133667,-1.5212996680752586,-0.058718893497981234,1.6763881068220865,2.0797560600664133,5.7386762917993765
10.522403955459595,-1.526230829122713,-0.05904763692499085,1.677374336486908,2.0784410870259444,5.736703821211138
10.542383432388306,-1.5212996680752586,-0.05937638035209647,1.6786893093735928,2.0790985735460894,5.73506009572879
10.563387870788574,-1.5226146443503459,-0.05937638035209647,1.675730620378963,2.078769830285995,5.734402605537849
10.584593057632446,-1.5209709240069678,-0.0610200974890662,1.6770455932652828,2.078769830285995,5.733416370253578
10.606732368469238,-1.5180122274010002,-0.06069135406147996,1.6767168500436753,2.078769830285995,5.734731350633177
10.628415584564209,-1.5272170613374028,-0.05839015007106768,1.675730620378963,2.078769830285995,5.734731350633177
10.65142011642456,-1.5226146443503459,-0.05839015007106768,1.6760593636005157,2.0784410870259444,5.734731350633177
10.67431092262268,-1.5219571562124175,-0.05937638035209647,1.6763881068220865,2.078769830285995,5.734073860442806
10.697144031524658,-1.526230829122713,-0.05839015007106768,1.6767168500436753,2.078769830285995,5.73275888006549
10.720736026763916,-1.5239296206285113,-0.0610200974890662,1.6763881068220865,2.0790985735460894,5.734731350633177
10.74576473236084,-1.5255733409805496,-0.05904763692499085,1.6780318229302138,2.0784410870259444,5.737361311406075
10.767923593521118,-1.5229433884195986,-0.058718893497981234,1.677374336486908,2.0790985735460894,5.740320017297431
10.788489818572998,-1.520642179938869,-0.058718893497981234,1.6760593636005157,2.078769830285995,5.7396625270973525
10.810006856918335,-1.5239296206285113,-0.0603626106339899,1.6777030797085517,2.078769830285995,5.742621233006709
10.830527067184448,-1.524258364698534,-0.0603626106339899,1.6777030797085517,2.078769830285995,5.743278723211933
10.852605104446411,-1.521628412143742,-0.05904763692499085,1.6777030797085517,2.078769830285995,5.742949978109178
10.875046014785767,-1.5229433884195986,-0.05806140664425011,1.6777030797085517,2.078112343765939,5.743607468314974
10.898705244064331,-1.5226146443503459,-0.05970512377929818,1.6760593636005157,2.078769830285995,5.744593703625812
10.924119472503662,-1.5229433884195986,-0.058718893497981234,1.6760593636005157,2.0784410870259444,5.741634997701018
10.948901891708374,-1.5222859002812854,-0.058718893497981234,1.6760593636005157,2.078769830285995,5.739991272197249
10.972022294998169,-1.5226146443503459,-0.05970512377929818,1.6763881068220865,2.078769830285995,5.7422924879045265
10.99413776397705,-1.5239296206285113,-0.058718893497981234,1.6796755390387987,2.078769830285995,5.742949978109178
11.01365351676941,-1.5219571562124175,-0.05904763692499085,1.677374336486908,2.0790985735460894,5.741306252599692
11.036620140075684,-1.5212996680752586,-0.058718893497981234,1.674086904271472,2.078769830285995,5.740977507498653
11.062250852584839,-1.5226146443503459,-0.05937638035209647,1.677374336486908,2.078769830285995,5.739991272197249
11.098312377929688,-1.5226146443503459,-0.0610200974890662,1.678360566151894,2.078769830285995,5.741634997701018
11.134662866592407,-1.5219571562124175,-0.05904763692499085,1.6780318229302138,2.078769830285995,5.7422924879045265
11.156816482543945,-1.5229433884195986,-0.05937638035209647,1.6770455932652828,2.078769830285995,5.740320017297431
11.176968574523926,-1.5226146443503459,-0.06003386720659601,1.6763881068220865,2.078769830285995,5.740977507498653
11.198668241500854,-1.521628412143742,-0.058718893497981234,1.679346795817045,2.0790985735460894,5.740977507498653
11.222514152526855,-1.5226146443503459,-0.05904763692499085,1.6763881068220865,2.0794273168062287,5.7422924879045265
11.24151611328125,-1.5229433884195986,-0.058718893497981234,1.6780318229302138,2.078769830285995,5.7422924879045265
11.261546850204468,-1.5229433884195986,-0.05839015007106768,1.679346795817045,2.078769830285995,5.743278723211933
11.28124189376831,-1.5219571562124175,-0.058718893497981234,1.6777030797085517,2.078112343765939,5.742949978109178
11.30251932144165,-1.5226146443503459,-0.058718893497981234,1.6760593636005157,2.078769830285995,5.743278723211933
11.325085639953613,-1.524258364698534,-0.06003386720659601,1.6767168500436753,2.0790985735460894,5.743607468314974
11.347082614898682,-1.524258364698534,-0.05904763692499085,1.6760593636005157,2.078112343765939,5.743607468314974
11.367620468139648,-1.5229433884195986,-0.05937638035209647,1.6786893093735928,2.0784410870259444,5.743607468314974
11.386840343475342,-1.5219571562124175,-0.05839015007106768,1.6767168500436753,2.078112343765939,5.7422924879045265
11.40858769416809,-1.5236008765586813,-0.05970512377929818,1.680004282260571,2.0784410870259444,5.744593703625812
11.433824300765991,-1.5226146443503459,-0.058718893497981234,1.6796755390387987,2.0790985735460894,5.742949978109178
11.458721399307251,-1.526230829122713,-0.05970512377929818,1.6777030797085517,2.078112343765939,5.743607468314974
11.482729434967041,-1.5255733409805496,-0.058718893497981234,1.6786893093735928,2.077783600505978,5.744922448729997
11.507509231567383,-1.5229433884195986,-0.05937638035209647,1.6770455932652828,2.0790985735460894,5.743278723211933
11.532147884368896,-1.5236008765586813,-0.058718893497981234,1.679346795817045,2.0784410870259444,5.7422924879045265
11.557165622711182,-1.5229433884195986,-0.058718893497981234,1.6770455932652828,2.078769830285995,5.742621233006709
11.58194875717163,-1.5232721324890437,-0.05904763692499085,1.6786893093735928,2.078112343765939,5.742949978109178
11.60588026046753,-1.5239296206285113,-0.05937638035209647,1.6777030797085517,2.078769830285995,5.742949978109178
11.63026475906372,-1.5239296206285113,-0.06003386720659601,1.6786893093735928,2.078769830285995,5.744922448729997
11.655792236328125,-1.5222859002812854,-0.05904763692499085,1.6790180525953098,2.0790985735460894,5.742949978109178
11.681492328643799,-1.5236008765586813,-0.06562250548538201,1.677374336486908,2.078112343765939,5.743607468314974
11.707257986068726,-1.524258364698534,-0.05904763692499085,1.6786893093735928,2.0784410870259444,5.7439362134183005
11.730351209640503,-1.5232721324890437,-0.05839015007106768,1.6796755390387987,2.0794273168062287,5.743278723211933
11.75440764427185,-1.5236008765586813,-0.05839015007106768,1.6763881068220865,2.0790985735460894,5.744264958521913
11.777892112731934,-1.524258364698534,-0.05904763692499085,1.677374336486908,2.0784410870259444,5.744922448729997
11.801554203033447,-1.5232721324890437,-0.05904763692499085,1.6780318229302138,2.078769830285995,5.744922448729997
11.823084831237793,-1.5245871087687488,-0.05937638035209647,1.677374336486908,2.0790985735460894,5.7439362134183005
11.844629526138306,-1.5249158528391566,-0.05937638035209647,1.6770455932652828,2.078769830285995,5.742949978109178
11.86489224433899,-1.5239296206285113,-0.06003386720659601,1.6780318229302138,2.078769830285995,5.744264958521913
11.884928226470947,-1.5236008765586813,-0.058718893497981234,1.675730620378963,2.0790985735460894,5.744922448729997
11.904370307922363,-1.5232721324890437,-0.05839015007106768,1.6754018771574286,2.078769830285995,5.744922448729997
11.924528360366821,-1.5239296206285113,-0.058718893497981234,1.679346795817045,2.078769830285995,5.744264958521913
11.944526672363281,-1.5236008765586813,-0.06003386720659601,1.6780318229302138,2.078769830285995,5.7459086840442675
11.964730501174927,-1.5232721324890437,-0.05839015007106768,1.677374336486908,2.078769830285995,5.745251193834468
11.986252784729004,-1.5229433884195986,-0.058718893497981234,1.6763881068220865,2.0794273168062287,5.744264958521913
12.006815195083618,-1.5226146443503459,-0.05937638035209647,1.6786893093735928,2.078769830285995,5.745579938939224
12.02949333190918,-1.5249158528391566,-0.058718893497981234,1.680004282260571,2.078769830285995,5.7459086840442675
12.053496837615967,-1.5229433884195986,-0.05904763692499085,1.6780318229302138,2.0790985735460894,5.744264958521913
12.075059413909912,-1.5236008765586813,-0.05904763692499085,1.6767168500436753,2.078769830285995,5.745579938939224
12.09480595588684,-1.524258364698534,-0.05937638035209647,1.6790180525953098,2.0784410870259444,5.7439362134183005
12.114314317703247,-1.5252445969097568,-0.05904763692499085,1.6790180525953098,2.078769830285995,5.744264958521913
12.133315324783325,-1.5236008765586813,-0.05937638035209647,1.679346795817045,2.078769830285995,5.744264958521913
12.152369260787964,-1.5245871087687488,-0.05937638035209647,1.6767168500436753,2.0784410870259444,5.744264958521913
12.171878337860107,-1.5232721324890437,-0.05839015007106768,1.6770455932652828,2.0784410870259444,5.7439362134183005
12.191423416137695,-1.5236008765586813,-0.058718893497981234,1.6777030797085517,2.078769830285995,5.743607468314974
12.211954116821289,-1.5245871087687488,-0.058718893497981234,1.6777030797085517,2.078769830285995,5.745579938939224
12.234953165054321,-1.524258364698534,-0.058718893497981234,1.6770455932652828,2.078769830285995,5.7439362134183005
12.258049964904785,-1.5255733409805496,-0.05937638035209647,1.6790180525953098,2.078769830285995,5.744593703625812
12.282063007354736,-1.5249158528391566,-0.05839015007106768,1.6780318229302138,2.0794273168062287,5.744264958521913
12.307861804962158,-1.5226146443503459,-0.0603626106339899,1.6790180525953098,2.0790985735460894,5.744593703625812
12.331531763076782,-1.5249158528391566,-0.058718893497981234,1.677374336486908,2.0790985735460894,5.745251193834468
12.356533527374268,-1.5229433884195986,-0.05904763692499085,1.679346795817045,2.0794273168062287,5.744264958521913
12.38007378578186,-1.5236008765586813,-0.05839015007106768,1.6777030797085517,2.078769830285995,5.744922448729997
12.405065536499023,-1.524258364698534,-0.06069135406147996,1.6770455932652828,2.0790985735460894,5.745579938939224
12.428758382797241,-1.524258364698534,-0.05904763692499085,1.679346795817045,2.078769830285995,5.745579938939224
12.452819108963013,-1.524258364698534,-0.05970512377929818,1.675730620378963,2.078769830285995,5.744922448729997
12.47691798210144,-1.524258364698534,-0.05970512377929818,1.678360566151894,2.078112343765939,5.744922448729997
12.50113558769226,-1.5275458054093514,-0.05904763692499085,1.6770455932652828,2.078769830285995,5.744922448729997
12.524181365966797,-1.5239296206285113,-0.058718893497981234,1.6770455932652828,2.078769830285995,5.744922448729997
12.549193859100342,-1.5236008765586813,-0.05904763692499085,1.6777030797085517,2.078769830285995,5.744922448729997
12.572335481643677,-1.5265595731940835,-0.05904763692499085,1.6760593636005157,2.078769830285995,5.7439362134183005
12.595738649368286,-1.5236008765586813,-0.05839015007106768,1.678360566151894,2.078112343765939,5.744593703625812
12.618966102600098,-1.5236008765586813,-0.058718893497981234,1.675730620378963,2.078769830285995,5.744593703625812
12.640948295593262,-1.5236008765586813,-0.05904763692499085,1.6803330254823616,2.078769830285995,5.7439362134183005
12.662531852722168,-1.524258364698534,-0.058718893497981234,1.6777030797085517,2.078769830285995,5.743607468314974
12.681820631027222,-1.5245871087687488,-0.0610200974890662,1.678360566151894,2.078769830285995,5.743607468314974
12.703127145767212,-1.5239296206285113,-0.05937638035209647,1.6777030797085517,2.078769830285995,5.743278723211933
12.722561120986938,-1.5239296206285113,-0.0666087357727651,1.6763881068220865,2.0784410870259444,5.743607468314974
12.743407726287842,-1.5249158528391566,-0.05904763692499085,1.6777030797085517,2.078769830285995,5.743278723211933
12.76569676399231,-1.526230829122713,-0.05970512377929818,1.6767168500436753,2.078112343765939,5.742621233006709
12.785737037658691,-1.5239296206285113,-0.058718893497981234,1.6767168500436753,2.078769830285995,5.742949978109178
12.80519723892212,-1.5236008765586813,-0.05904763692499085,1.6786893093735928,2.0784410870259444,5.7422924879045265
12.825868368148804,-1.5236008765586813,-0.05839015007106768,1.6770455932652828,2.078769830285995,5.741963742802629
12.845954656600952,-1.5252445969097568,-0.05839015007106768,1.679346795817045,2.078769830285995,5.742621233006709
12.867721557617188,-1.524258364698534,-0.05839015007106768,1.6786893093735928,2.078769830285995,5.7422924879045265
12.89182186126709,-1.5239296206285113,-0.06200632777240203,1.679346795817045,2.0790985735460894,5.7422924879045265
12.916723012924194,-1.5252445969097568,-0.058718893497981234,1.6763881068220865,2.078769830285995,5.740648762397899
12.940732717514038,-1.5170259952024694,-0.05806140664425011,1.677374336486908,2.078769830285995,5.740977507498653
12.965145349502563,-1.5259020850515348,-0.058718893497981234,1.6763881068220865,2.078769830285995,5.741306252599692
12.988488674163818,-1.5245871087687488,-0.06003386720659601,1.678360566151894,2.078769830285995,5.742621233006709
13.01204252243042,-1.5245871087687488,-0.05839015007106768,1.678360566151894,2.0784410870259444,5.743607468314974
13.036688566207886,-1.5239296206285113,-0.05806140664425011,1.6777030797085517,2.078769830285995,5.742621233006709
13.060485124588013,-1.5249158528391566,-0.05904763692499085,1.6760593636005157,2.078769830285995,5.741634997701018
13.085222959518433,-1.5252445969097568,-0.058718893497981234,1.6780318229302138,2.078769830285995,5.743278723211933
13.10997223854065,-1.5249158528391566,-0.05839015007106768,1.679346795817045,2.078769830285995,5.741306252599692
13.134495496749878,-1.5265595731940835,-0.05904763692499085,1.6754018771574286,2.078769830285995,5.7422924879045265
13.159586906433105,-1.5259020850515348,-0.058718893497981234,1.6763881068220865,2.0784410870259444,5.740320017297431
13.183594226837158,-1.5265595731940835,-0.058718893497981234,1.6727719313858045,2.078112343765939,5.740977507498653
13.206520557403564,-1.5259020850515348,-0.05904763692499085,1.675730620378963,2.0784410870259444,5.739991272197249
13.231409788131714,-1.529189525771986,-0.05904763692499085,1.678360566151894,2.078769830285995,5.740320017297431
13.253885984420776,-1.5255733409805496,-0.0666087357727651,1.6721144449430785,2.078769830285995,5.7396625270973525
13.276775360107422,-1.5239296206285113,-0.06627999234354087,1.677374336486908,2.0794273168062287,5.740320017297431
13.299709796905518,-1.5245871087687488,-0.05904763692499085,1.678360566151894,2.078112343765939,5.739991272197249
13.322219133377075,-1.526230829122713,-0.05839015007106768,1.678360566151894,2.078769830285995,5.743278723211933
13.343254804611206,-1.5255733409805496,-0.05970512377929818,1.679346795817045,2.0784410870259444,5.741306252599692
13.366219758987427,-1.5275458054093514,-0.058718893497981234,1.6780318229302138,2.078769830285995,5.742949978109178
13.38773488998413,-1.5239296206285113,-0.05839015007106768,1.6786893093735928,2.078769830285995,5.743607468314974
13.407265901565552,-1.524258364698534,-0.05904763692499085,1.6744156474929341,2.0784410870259444,5.7422924879045265
13.428308486938477,-1.5249158528391566,-0.058718893497981234,1.6790180525953098,2.0790985735460894,5.741963742802629
13.451310634613037,-1.5249158528391566,-0.05937638035209647,1.6767168500436753,2.078769830285995,5.741963742802629
13.473875284194946,-1.5255733409805496,-0.05937638035209647,1.6760593636005157,2.078769830285995,5.740320017297431
13.494412899017334,-1.5232721324890437,-0.058718893497981234,1.679346795817045,2.0784410870259444,5.740320017297431
13.514933109283447,-1.5275458054093514,-0.05904763692499085,1.6777030797085517,2.078769830285995,5.7386762917993765
13.537455797195435,-1.5259020850515348,-0.05839015007106768,1.6777030797085517,2.078769830285995,5.739991272197249
13.56123685836792,-1.526230829122713,-0.06003386720659601,1.6767168500436753,2.078769830285995,5.737690056503972
13.58476734161377,-1.5265595731940835,-0.06266381462844045,1.6763881068220865,2.078769830285995,5.7386762917993765
13.605838537216187,-1.5259020850515348,-0.05839015007106768,1.678360566151894,2.078112343765939,5.738018801602155
13.626862525939941,-1.5259020850515348,-0.05970512377929818,1.6780318229302138,2.0790985735460894,5.737690056503972
13.648441076278687,-1.533463198737405,-0.05904763692499085,1.6809905119259982,2.078769830285995,5.7393337819977415
13.670690774917603,-1.5272170613374028,-0.05839015007106768,1.6763881068220865,2.0794273168062287,5.7396625270973525
13.689728021621704,-1.5249158528391566,-0.058718893497981234,1.6767168500436753,2.0784410870259444,5.738347546700623
13.70831847190857,-1.5268883172656469,-0.057403919790902924,1.6777030797085517,2.078769830285995,5.739991272197249
13.727848768234253,-1.5265595731940835,-0.05839015007106768,1.6790180525953098,2.078769830285995,5.737690056503972
13.74782919883728,-1.5265595731940835,-0.05806140664425011,1.6780318229302138,2.078769830285995,5.7393337819977415
13.766339778900146,-1.5259020850515348,-0.06003386720659601,1.6780318229302138,2.0784410870259444,5.737032566308463
13.785343408584595,-1.532148222436879,-0.05839015007106768,1.6760593636005157,2.078769830285995,5.7390050368984165
13.804853200912476,-1.5249158528391566,-0.05904763692499085,1.6754018771574286,2.0790985735460894,5.7396625270973525
13.823364734649658,-1.5252445969097568,-0.05904763692499085,1.6790180525953098,2.078769830285995,5.7393337819977415
13.842362403869629,-1.5259020850515348,-0.05839015007106768,1.6767168500436753,2.0790985735460894,5.7393337819977415
13.861900329589844,-1.5255733409805496,-0.058718893497981234,1.6767168500436753,2.078769830285995,5.741634997701018
13.88306713104248,-1.5272170613374028,-0.05970512377929818,1.6767168500436753,2.078769830285995,5.7396625270973525
13.904757976531982,-1.524258364698534,-0.05904763692499085,1.675730620378963,2.078112343765939,5.740320017297431
13.927402019500732,-1.5249158528391566,-0.05937638035209647,1.6777030797085517,2.0784410870259444,5.739991272197249
13.949452638626099,-1.5255733409805496,-0.058718893497981234,1.6760593636005157,2.078769830285995,5.740648762397899
13.971235275268555,-1.5249158528391566,-0.058718893497981234,1.6786893093735928,2.078769830285995,5.739991272197249
13.992846727371216,-1.5255733409805496,-0.058718893497981234,1.6777030797085517,2.078769830285995,5.739991272197249
14.013375759124756,-1.5252445969097568,-0.05806140664425011,1.6754018771574286,2.0784410870259444,5.737032566308463
14.035372018814087,-1.5259020850515348,-0.058718893497981234,1.6777030797085517,2.078769830285995,5.7360463310173415
14.057476282119751,-1.5245871087687488,-0.05839015007106768,1.6760593636005157,2.0784410870259444,5.7360463310173415
14.078981876373291,-1.526230829122713,-0.05839015007106768,1.677374336486908,2.078769830285995,5.7353888408246885
14.098556280136108,-1.5252445969097568,-0.05839015007106768,1.6770455932652828,2.0790985735460894,5.7360463310173415
14.119082927703857,-1.5252445969097568,-0.058718893497981234,1.675730620378963,2.078769830285995,5.735717585920873
14.139101266860962,-1.5328057105867559,-0.058718893497981234,1.6777030797085517,2.0794273168062287,5.7353888408246885
14.1605966091156,-1.5255733409805496,-0.06003386720659601,1.6786893093735928,2.078769830285995,5.737361311406075
14.181312561035156,-1.5252445969097568,-0.05806140664425011,1.6767168500436753,2.078769830285995,5.737032566308463
14.201841831207275,-1.5252445969097568,-0.05806140664425011,1.6750731339359124,2.078769830285995,5.738018801602155
14.221375703811646,-1.5249158528391566,-0.058718893497981234,1.6767168500436753,2.0784410870259444,5.737690056503972
14.242431402206421,-1.5245871087687488,-0.058718893497981234,1.6770455932652828,2.078769830285995,5.7390050368984165
14.26497507095337,-1.5265595731940835,-0.05970512377929818,1.6754018771574286,2.0790985735460894,5.7390050368984165
14.285934925079346,-1.5245871087687488,-0.05937638035209647,1.6767168500436753,2.078769830285995,5.738347546700623
14.307436466217041,-1.5249158528391566,-0.05904763692499085,1.675730620378963,2.0784410870259444,5.7386762917993765
14.329345226287842,-1.5265595731940835,-0.05904763692499085,1.6780318229302138,2.0784410870259444,5.7386762917993765
14.349945783615112,-1.5245871087687488,-0.058718893497981234,1.6777030797085517,2.078769830285995,5.738347546700623
14.37282919883728,-1.5252445969097568,-0.05937638035209647,1.6763881068220865,2.078769830285995,5.7396625270973525
14.396435260772705,-1.526230829122713,-0.05970512377929818,1.6777030797085517,2.078769830285995,5.737690056503972
14.417977571487427,-1.5255733409805496,-0.058718893497981234,1.6767168500436753,2.077783600505978,5.7393337819977415
14.442256689071655,-1.5245871087687488,-0.058718893497981234,1.6763881068220865,2.078769830285995,5.7386762917993765
14.462730407714844,-1.5255733409805496,-0.05839015007106768,1.6754018771574286,2.078769830285995,5.738018801602155
14.482343196868896,-1.5259020850515348,-0.058718893497981234,1.675730620378963,2.0790985735460894,5.7393337819977415
14.501369714736938,-1.5245871087687488,-0.0603626106339899,1.6754018771574286,2.0790985735460894,5.738018801602155
14.520878553390503,-1.5255733409805496,-0.05904763692499085,1.675730620378963,2.0790985735460894,5.737361311406075
14.539878368377686,-1.5265595731940835,-0.058718893497981234,1.675730620378963,2.078769830285995,5.739991272197249
14.558788061141968,-1.5252445969097568,-0.05937638035209647,1.6777030797085517,2.0784410870259444,5.738018801602155
14.578068971633911,-1.5268883172656469,-0.05937638035209647,1.678360566151894,2.078769830285995,5.7386762917993765
14.597631931304932,-1.5259020850515348,-0.05839015007106768,1.678360566151894,2.078769830285995,5.738018801602155
14.616143226623535,-1.526230829122713,-0.05806140664425011,1.6760593636005157,2.0790985735460894,5.738018801602155
14.636142253875732,-1.5255733409805496,-0.058718893497981234,1.6770455932652828,2.078769830285995,5.738347546700623
14.655143737792969,-1.5245871087687488,-0.058718893497981234,1.6767168500436753,2.078769830285995,5.738347546700623
14.674660682678223,-1.5255733409805496,-0.05839015007106768,1.6770455932652828,2.0784410870259444,5.737361311406075
14.69579553604126,-1.5249158528391566,-0.058718893497981234,1.6790180525953098,2.078769830285995,5.738018801602155
14.717402935028076,-1.5255733409805496,-0.05806140664425011,1.6780318229302138,2.078769830285995,5.7386762917993765
14.740405797958374,-1.526230829122713,-0.05937638035209647,1.6780318229302138,2.0790985735460894,5.737690056503972
14.764914274215698,-1.5259020850515348,-0.05937638035209647,1.6790180525953098,2.0784410870259444,5.7390050368984165
14.786918878555298,-1.5252445969097568,-0.05937638035209647,1.6777030797085517,2.077783600505978,5.7393337819977415
14.808613538742065,-1.526230829122713,-0.05839015007106768,1.675730620378963,2.0790985735460894,5.7360463310173415
14.832208156585693,-1.5255733409805496,-0.05904763692499085,1.6770455932652828,2.078769830285995,5.737032566308463
14.856483697891235,-1.526230829122713,-0.06069135406147996,1.6780318229302138,2.078769830285995,5.734402605537849
14.877074480056763,-1.5249158528391566,-0.05839015007106768,1.6767168500436753,2.0784410870259444,5.735717585920873
14.898395776748657,-1.526230829122713,-0.06069135406147996,1.675730620378963,2.0784410870259444,5.735717585920873
14.918907403945923,-1.5239296206285113,-0.058718893497981234,1.6750731339359124,2.0790985735460894,5.735717585920873
14.938422918319702,-1.5252445969097568,-0.0603626106339899,1.677374336486908,2.0784410870259444,5.737032566308463
14.958423137664795,-1.5245871087687488,-0.05839015007106768,1.678360566151894,2.0790985735460894,5.737690056503972
14.979459285736084,-1.5249158528391566,-0.05904763692499085,1.6777030797085517,2.078769830285995,5.738018801602155
14.999928951263428,-1.5252445969097568,-0.05839015007106768,1.6786893093735928,2.0784410870259444,5.737032566308463
15.021210193634033,-1.5239296206285113,-0.058718893497981234,1.675730620378963,2.078769830285995,5.738018801602155
15.04117488861084,-1.524258364698534,-0.05937638035209647,1.677374336486908,2.078769830285995,5.737361311406075
15.06018352508545,-1.5255733409805496,-0.058718893497981234,1.6760593636005157,2.078769830285995,5.737361311406075
15.08015775680542,-1.5259020850515348,-0.05937638035209647,1.6760593636005157,2.0790985735460894,5.737032566308463
15.099831581115723,-1.5255733409805496,-0.05904763692499085,1.6770455932652828,2.078769830285995,5.737361311406075
15.119791269302368,-1.5245871087687488,-0.05839015007106768,1.6750731339359124,2.078769830285995,5.738347546700623
15.13985800743103,-1.5249158528391566,-0.05839015007106768,1.6777030797085517,2.0784410870259444,5.738347546700623
15.159449815750122,-1.5255733409805496,-0.05839015007106768,1.6777030797085517,2.078769830285995,5.7386762917993765
15.179333448410034,-1.5268883172656469,-0.05937638035209647,1.6770455932652828,2.078112343765939,5.7386762917993765
15.198851108551025,-1.5255733409805496,-0.05839015007106768,1.6770455932652828,2.078769830285995,5.737690056503972
15.218743085861206,-1.5259020850515348,-0.05970512377929818,1.677374336486908,2.078769830285995,5.737690056503972
15.238507986068726,-1.5245871087687488,-0.06003386720659601,1.6777030797085517,2.078112343765939,5.738018801602155
15.258916139602661,-1.5259020850515348,-0.06069135406147996,1.6767168500436753,2.0790985735460894,5.7360463310173415
15.279199600219727,-1.5255733409805496,-0.058718893497981234,1.6777030797085517,2.078769830285995,5.736703821211138
15.300102710723877,-1.5249158528391566,-0.05839015007106768,1.6760593636005157,2.0790985735460894,5.735717585920873
15.320455074310303,-1.5245871087687488,-0.05970512377929818,1.677374336486908,2.078112343765939,5.737032566308463
15.340576171875,-1.5245871087687488,-0.058718893497981234,1.6760593636005157,2.078769830285995,5.7360463310173415
15.361498594284058,-1.5255733409805496,-0.058718893497981234,1.6790180525953098,2.078769830285995,5.735717585920873
15.381922721862793,-1.5252445969097568,-0.05839015007106768,1.678360566151894,2.078769830285995,5.736703821211138
15.402909278869629,-1.5245871087687488,-0.058718893497981234,1.675730620378963,2.078769830285995,5.736375076114098
15.423171281814575,-1.5255733409805496,-0.058718893497981234,1.677374336486908,2.0784410870259444,5.737032566308463
15.44257926940918,-1.5236008765586813,-0.05839015007106768,1.6777030797085517,2.0790985735460894,5.73506009572879
15.463048696517944,-1.5259020850515348,-0.05904763692499085,1.677374336486908,2.078769830285995,5.73506009572879
15.483568668365479,-1.5259020850515348,-0.05904763692499085,1.6777030797085517,2.0784410870259444,5.737361311406075
15.503117084503174,-1.5252445969097568,-0.057403919790902924,1.6770455932652828,2.078769830285995,5.737690056503972
15.522752285003662,-1.5249158528391566,-0.06069135406147996,1.6754018771574286,2.0784410870259444,5.737361311406075
15.543254852294922,-1.5259020850515348,-0.05970512377929818,1.6777030797085517,2.0790985735460894,5.7360463310173415
15.56261157989502,-1.5252445969097568,-0.05970512377929818,1.6790180525953098,2.078769830285995,5.736375076114098
15.582195043563843,-1.5245871087687488,-0.05839015007106768,1.6763881068220865,2.0784410870259444,5.736375076114098
15.602347135543823,-1.5252445969097568,-0.05904763692499085,1.6731006746071944,2.078769830285995,5.737361311406075
15.622403621673584,-1.524258364698534,-0.0603626106339899,1.6763881068220865,2.078769830285995,5.736375076114098
15.64269471168518,-1.5252445969097568,-0.058718893497981234,1.6780318229302138,2.078769830285995,5.7360463310173415
15.662497758865356,-1.5252445969097568,-0.05937638035209647,1.6786893093735928,2.0784410870259444,5.736375076114098
15.681118488311768,-1.5252445969097568,-0.05806140664425011,1.675730620378963,2.0790985735460894,5.73506009572879
15.700898170471191,-1.5180122274010002,-0.05937638035209647,1.6763881068220865,2.0790985735460894,5.736703821211138
15.721704959869385,-1.5255733409805496,-0.058718893497981234,1.6813192551478444,2.0790985735460894,5.735717585920873
15.741705894470215,-1.5252445969097568,-0.058718893497981234,1.6763881068220865,2.0784410870259444,5.737361311406075
15.76121735572815,-1.5249158528391566,-0.05806140664425011,1.6786893093735928,2.078769830285995,5.738347546700623
15.780353784561157,-1.5268883172656469,-0.06134884091674858,1.6777030797085517,2.078769830285995,5.737032566308463
15.79977798461914,-1.5255733409805496,-0.058718893497981234,1.6777030797085517,2.078769830285995,5.738347546700623
15.82028841972351,-1.5249158528391566,-0.05839015007106768,1.6767168500436753,2.078769830285995,5.7386762917993765
15.840287923812866,-1.5259020850515348,-0.05970512377929818,1.6790180525953098,2.0784410870259444,5.736375076114098
15.859768629074097,-1.5259020850515348,-0.06003386720659601,1.6786893093735928,2.0790985735460894,5.738347546700623
15.880147218704224,-1.5255733409805496,-0.05806140664425011,1.6770455932652828,2.078769830285995,5.738018801602155
15.89955735206604,-1.526230829122713,-0.058718893497981234,1.6777030797085517,2.078769830285995,5.7390050368984165
15.918070554733276,-1.5252445969097568,-0.06003386720659601,1.675730620378963,2.078112343765939,5.736703821211138
15.938068866729736,-1.526230829122713,-0.05904763692499085,1.677374336486908,2.0794273168062287,5.737032566308463
15.957070350646973,-1.5275458054093514,-0.058718893497981234,1.6750731339359124,2.0784410870259444,5.737690056503972
15.976577520370483,-1.5249158528391566,-0.058718893497981234,1.677374336486908,2.0790985735460894,5.736375076114098
15.995647430419922,-1.5265595731940835,-0.05839015007106768,1.6767168500436753,2.0790985735460894,5.737690056503972
16.016170024871826,-1.5249158528391566,-0.05904763692499085,1.6777030797085517,2.078769830285995,5.737032566308463
16.03829312324524,-1.5249158528391566,-0.05839015007106768,1.6777030797085517,2.078112343765939,5.737361311406075
16.06000018119812,-1.5249158528391566,-0.05904763692499085,1.678360566151894,2.078769830285995,5.738347546700623
16.083900928497314,-1.5249158528391566,-0.05904763692499085,1.6777030797085517,2.078769830285995,5.737690056503972
16.10440754890442,-1.5219571562124175,-0.05937638035209647,1.677374336486908,2.0790985735460894,5.737361311406075
16.123923778533936,-1.5252445969097568,-0.05839015007106768,1.6777030797085517,2.078769830285995,5.736703821211138
16.147180557250977,-1.526230829122713,-0.06069135406147996,1.6780318229302138,2.078769830285995,5.738347546700623
16.169689178466797,-1.524258364698534,-0.05970512377929818,1.675730620378963,2.078769830285995,5.735717585920873
16.19195032119751,-1.524258364698534,-0.05937638035209647,1.6767168500436753,2.078769830285995,5.737032566308463
16.215273141860962,-1.5255733409805496,-0.05970512377929818,1.6767168500436753,2.0790985735460894,5.737032566308463
16.2397301197052,-1.524258364698534,-0.05904763692499085,1.6763881068220865,2.078112343765939,5.737690056503972
16.263376712799072,-1.5268883172656469,-0.058718893497981234,1.6744156474929341,2.078769830285995,5.736703821211138
16.285377025604248,-1.5259020850515348,-0.0610200974890662,1.6780318229302138,2.078769830285995,5.737690056503972
16.30529522895813,-1.5245871087687488,-0.05904763692499085,1.6786893093735928,2.0790985735460894,5.737690056503972
16.324832439422607,-1.524258364698534,-0.05904763692499085,1.6770455932652828,2.0784410870259444,5.736375076114098
16.345831394195557,-1.5249158528391566,-0.06134884091674858,1.6760593636005157,2.078769830285995,5.736703821211138
16.369086027145386,-1.5249158528391566,-0.05839015007106768,1.678360566151894,2.078769830285995,5.736703821211138
16.391276121139526,-1.526230829122713,-0.0603626106339899,1.6770455932652828,2.078769830285995,5.736375076114098
16.412826538085938,-1.5255733409805496,-0.05806140664425011,1.6760593636005157,2.078112343765939,5.737361311406075
16.43634796142578,-1.5252445969097568,-0.058718893497981234,1.6770455932652828,2.0784410870259444,5.738018801602155
16.459519624710083,-1.5259020850515348,-0.05970512377929818,1.6780318229302138,2.0784410870259444,5.736375076114098
16.482794761657715,-1.5249158528391566,-0.05937638035209647,1.6780318229302138,2.078769830285995,5.737032566308463
16.50316286087036,-1.5249158528391566,-0.05839015007106768,1.6780318229302138,2.0784410870259444,5.737032566308463
16.5214684009552,-1.5245871087687488,-0.05839015007106768,1.678360566151894,2.078769830285995,5.7353888408246885
16.540465593338013,-1.5265595731940835,-0.05806140664425011,1.677374336486908,2.078769830285995,5.736375076114098
16.56046748161316,-1.5245871087687488,-0.05839015007106768,1.6777030797085517,2.0784410870259444,5.738018801602155
16.578978538513184,-1.5255733409805496,-0.05839015007106768,1.6780318229302138,2.0784410870259444,5.737361311406075
16.599066495895386,-1.526230829122713,-0.05904763692499085,1.6760593636005157,2.0790985735460894,5.737361311406075
16.61755394935608,-1.5245871087687488,-0.05937638035209647,1.6777030797085517,2.078112343765939,5.737032566308463
16.636561155319214,-1.5252445969097568,-0.058718893497981234,1.6763881068220865,2.078769830285995,5.736703821211138
16.655582427978516,-1.524258364698534,-0.058718893497981234,1.6770455932652828,2.0790985735460894,5.737361311406075
16.674726247787476,-1.5245871087687488,-0.05904763692499085,1.675730620378963,2.078769830285995,5.736703821211138
16.695104122161865,-1.5252445969097568,-0.05839015007106768,1.6777030797085517,2.0784410870259444,5.737032566308463
16.71443819999695,-1.524258364698534,-0.05806140664425011,1.6770455932652828,2.078769830285995,5.736703821211138
16.735923290252686,-1.524258364698534,-0.05904763692499085,1.6734294178286024,2.078769830285995,5.736703821211138
16.75692057609558,-1.524258364698534,-0.05904763692499085,1.6754018771574286,2.0784410870259444,5.735717585920873
16.77768564224243,-1.5249158528391566,-0.05806140664425011,1.677374336486908,2.0790985735460894,5.73506009572879
16.79820466041565,-1.5245871087687488,-0.05806140664425011,1.6770455932652828,2.0784410870259444,5.734073860442806
16.820719957351685,-1.5236008765586813,-0.05937638035209647,1.6763881068220865,2.0794273168062287,5.738018801602155
16.842721700668335,-1.5245871087687488,-0.05904763692499085,1.6777030797085517,2.078112343765939,5.7360463310173415
16.865717887878418,-1.5249158528391566,-0.058718893497981234,1.6777030797085517,2.0790985735460894,5.736375076114098
16.88523554801941,-1.5239296206285113,-0.058718893497981234,1.6754018771574286,2.078769830285995,5.737361311406075
16.905094385147095,-1.5275458054093514,-0.058718893497981234,1.678360566151894,2.0790985735460894,5.735717585920873
16.92460823059082,-1.5249158528391566,-0.058718893497981234,1.6777030797085517,2.078769830285995,5.734731350633177
16.943610429763794,-1.5259020850515348,-0.058718893497981234,1.6777030797085517,2.0790985735460894,5.735717585920873
16.963114738464355,-1.5252445969097568,-0.05806140664425011,1.6777030797085517,2.0784410870259444,5.7353888408246885
16.983097553253174,-1.5265595731940835,-0.06003386720659601,1.6770455932652828,2.078769830285995,5.7353888408246885
17.003287315368652,-1.5252445969097568,-0.05904763692499085,1.678360566151894,2.078769830285995,5.734731350633177
17.02234411239624,-1.5252445969097568,-0.058718893497981234,1.6767168500436753,2.0784410870259444,5.7360463310173415
17.042433261871338,-1.5255733409805496,-0.05839015007106768,1.6780318229302138,2.078769830285995,5.73506009572879
17.061119079589844,-1.5245871087687488,-0.05806140664425011,1.6760593636005157,2.0794273168062287,5.735717585920873
17.0804226398468,-1.5265595731940835,-0.06134884091674858,1.677374336486908,2.078769830285995,5.734402605537849
17.10019087791443,-1.5272170613374028,-0.058718893497981234,1.6777030797085517,2.078769830285995,5.735717585920873
17.12128210067749,-1.5265595731940835,-0.05839015007106768,1.6790180525953098,2.0790985735460894,5.736375076114098
17.14028263092041,-1.5268883172656469,-0.05904763692499085,1.6763881068220865,2.078112343765939,5.734731350633177
17.159878730773926,-1.526230829122713,-0.05839015007106768,1.675730620378963,2.078769830285995,5.734731350633177
17.1789128780365,-1.5265595731940835,-0.05839015007106768,1.678360566151894,2.0784410870259444,5.7360463310173415
17.19842839241028,-1.5272170613374028,-0.05839015007106768,1.6767168500436753,2.078112343765939,5.734731350633177
17.21797466278076,-1.5272170613374028,-0.05904763692499085,1.6806617687041707,2.0790985735460894,5.73506009572879
17.236974000930786,-1.5275458054093514,-0.05937638035209647,1.6777030797085517,2.078769830285995,5.733416370253578
17.255977153778076,-1.5268883172656469,-0.05839015007106768,1.6747443907144144,2.0784410870259444,5.73275888006549
17.27548575401306,-1.528203293553827,-0.058718893497981234,1.6763881068220865,2.078769830285995,5.732101389878543
17.29468536376953,-1.5285320376263538,-0.05806140664425011,1.6767168500436753,2.0784410870259444,5.734073860442806
17.31323528289795,-1.5288607816990736,-0.05839015007106768,1.678360566151894,2.0784410870259444,5.731115154600262
17.33237910270691,-1.5285320376263538,-0.05937638035209647,1.6767168500436753,2.078769830285995,5.731772644785497
17.351404666900635,-1.528203293553827,-0.05904763692499085,1.6754018771574286,2.078112343765939,5.729800174233213
17.371000051498413,-1.5288607816990736,-0.05839015007106768,1.675730620378963,2.0784410870259444,5.730457664416167
17.39005708694458,-1.5288607816990736,-0.06397878834167287,1.6727719313858045,2.0784410870259444,5.728485193870724
17.409658432006836,-1.5308332461394416,-0.05904763692499085,1.6760593636005157,2.078112343765939,5.72782770369119
17.428282976150513,-1.529189525771986,-0.06627999234354087,1.6763881068220865,2.078769830285995,5.725197742984449
17.44730496406555,-1.529189525771986,-0.05839015007106768,1.6780318229302138,2.0784410870259444,5.725855233159424
17.46648621559143,-1.5295182698450915,-0.05806140664425011,1.6760593636005157,2.078769830285995,5.725197742984449
17.486565828323364,-1.5249158528391566,-0.05970512377929818,1.6763881068220865,2.0784410870259444,5.722896527381
17.505707263946533,-1.528203293553827,-0.05806140664425011,1.6747443907144144,2.078769830285995,5.7238827626379125
17.52524423599243,-1.529189525771986,-0.05970512377929818,1.6744156474929341,2.078112343765939,5.724540252810611
17.544315338134766,-1.5275458054093514,-0.05839015007106768,1.6754018771574286,2.0790985735460894,5.722567782295932
17.56483292579651,-1.5275458054093514,-0.06003386720659601,1.6777030797085517,2.078769830285995,5.7238827626379125
17.58489966392517,-1.5285320376263538,-0.05839015007106768,1.6760593636005157,2.078769830285995,5.724540252810611
17.605514764785767,-1.5275458054093514,-0.058718893497981234,1.6747443907144144,2.078769830285995,5.723554017551991
17.62802004814148,-1.5285320376263538,-0.05773266321752854,1.6754018771574286,2.078769830285995,5.722567782295932
17.650026559829712,-1.528203293553827,-0.05806140664425011,1.6760593636005157,2.078769830285995,5.722896527381
17.67154884338379,-1.5275458054093514,-0.058718893497981234,1.674086904271472,2.0784410870259444,5.722567782295932
17.69257164001465,-1.5275458054093514,-0.05839015007106768,1.6750731339359124,2.078769830285995,5.724211507724119
17.712620735168457,-1.5278745494814927,-0.058718893497981234,1.6750731339359124,2.078769830285995,5.722567782295932
17.734242916107178,-1.5278745494814927,-0.05839015007106768,1.6770455932652828,2.0784410870259444,5.722567782295932
17.756269216537476,-1.5265595731940835,-0.05839015007106768,1.6747443907144144,2.078769830285995,5.722239037211147
17.779956340789795,-1.5278745494814927,-0.058718893497981234,1.6760593636005157,2.0790985735460894,5.721581547042433
17.801769256591797,-1.5275458054093514,-0.05806140664425011,1.6760593636005157,2.0784410870259444,5.722239037211147
17.824358224868774,-1.5272170613374028,-0.05839015007106768,1.6763881068220865,2.0784410870259444,5.721252801958503
17.84601378440857,-1.5278745494814927,-0.05806140664425011,1.6780318229302138,2.078769830285995,5.72026656670842
17.868032217025757,-1.5275458054093514,-0.05937638035209647,1.675730620378963,2.078769830285995,5.7192803314608955
17.88754963874817,-1.5278745494814927,-0.058718893497981234,1.6763881068220865,2.0784410870259444,5.720595311791496
17.907673120498657,-1.5259020850515348,-0.0652937620564473,1.6744156474929341,2.0790985735460894,5.71960907654312
17.931132316589355,-1.5272170613374028,-0.058718893497981234,1.6777030797085517,2.078769830285995,5.718622841297302
17.953441858291626,-1.5272170613374028,-0.058718893497981234,1.6754018771574286,2.0784410870259444,5.718622841297302
17.977070093154907,-1.5275458054093514,-0.05839015007106768,1.677374336486908,2.078769830285995,5.718951586378957
17.997472047805786,-1.5272170613374028,-0.05839015007106768,1.6760593636005157,2.078769830285995,5.7192803314608955
18.015981435775757,-1.528203293553827,-0.05904763692499085,1.6737581610500283,2.0784410870259444,5.719937821625627
18.03498387336731,-1.5265595731940835,-0.058718893497981234,1.6750731339359124,2.078769830285995,5.719937821625627
18.054981231689453,-1.5272170613374028,-0.058718893497981234,1.6744156474929341,2.0790985735460894,5.721252801958503
18.073489665985107,-1.5275458054093514,-0.05904763692499085,1.675730620378963,2.078112343765939,5.7192803314608955
18.092523336410522,-1.5268883172656469,-0.05904763692499085,1.6747443907144144,2.078769830285995,5.720924056874857
18.112550735473633,-1.530504502065565,-0.05839015007106768,1.6744156474929341,2.0790985735460894,5.718294096215931
18.132059574127197,-1.528203293553827,-0.05839015007106768,1.6780318229302138,2.078769830285995,5.718951586378957
18.151158809661865,-1.5275458054093514,-0.05839015007106768,1.6770455932652828,2.078769830285995,5.718622841297302
18.172477960586548,-1.5265595731940835,-0.058718893497981234,1.6750731339359124,2.0784410870259444,5.720595311791496
18.19536328315735,-1.528203293553827,-0.05806140664425011,1.6747443907144144,2.0790985735460894,5.7192803314608955
18.218888521194458,-1.5268883172656469,-0.05904763692499085,1.6760593636005157,2.078769830285995,5.718622841297302
18.242889404296875,-1.5272170613374028,-0.05806140664425011,1.6760593636005157,2.078769830285995,5.71960907654312
18.265678882598877,-1.5278745494814927,-0.05839015007106768,1.6744156474929341,2.078769830285995,5.7192803314608955
18.288685083389282,-1.5288607816990736,-0.05839015007106768,1.6763881068220865,2.078769830285995,5.718951586378957
18.312814712524414,-1.5268883172656469,-0.06003386720659601,1.6747443907144144,2.078769830285995,5.72026656670842
18.337819576263428,-1.5278745494814927,-0.05839015007106768,1.6747443907144144,2.0784410870259444,5.718294096215931
18.359569787979126,-1.5275458054093514,-0.05839015007106768,1.6737581610500283,2.078769830285995,5.717636606054043
18.38158941268921,-1.5275458054093514,-0.05839015007106768,1.6750731339359124,2.078769830285995,5.717965351134844
18.402102947235107,-1.5265595731940835,-0.05937638035209647,1.6760593636005157,2.078769830285995,5.716321625733678
18.421390771865845,-1.5272170613374028,-0.05839015007106768,1.6770455932652828,2.0784410870259444,5.718622841297302
18.44239330291748,-1.526230829122713,-0.058718893497981234,1.6744156474929341,2.078112343765939,5.717636606054043
18.46490240097046,-1.5278745494814927,-0.058718893497981234,1.6750731339359124,2.078112343765939,5.7192803314608955
18.486918449401855,-1.5265595731940835,-0.05839015007106768,1.677374336486908,2.078112343765939,5.718622841297302
18.510945796966553,-1.5265595731940835,-0.0603626106339899,1.6747443907144144,2.078769830285995,5.718951586378957
18.531977653503418,-1.5275458054093514,-0.05839015007106768,1.674086904271472,2.0771261139861905,5.716321625733678
18.551953077316284,-1.5268883172656469,-0.05970512377929818,1.6777030797085517,2.077454857246062,5.7169791158932926
18.571940422058105,-1.5245871087687488,-0.05904763692499085,1.6744156474929341,2.077783600505978,5.7156641355752
18.590944528579712,-1.5278745494814927,-0.05806140664425011,1.6760593636005157,2.078112343765939,5.714677900339614
18.610311269760132,-1.5249158528391566,-0.058718893497981234,1.6747443907144144,2.078112343765939,5.714677900339614
18.62887406349182,-1.5278745494814927,-0.05839015007106768,1.6770455932652828,2.078112343765939,5.712705429876113
18.6489737033844,-1.528203293553827,-0.05839015007106768,1.677374336486908,2.078112343765939,5.711061704497671
18.66848850250244,-1.5252445969097568,-0.057403919790902924,1.6750731339359124,2.077783600505978,5.7081029988343515
18.688515186309814,-1.5265595731940835,-0.05970512377929818,1.674086904271472,2.078112343765939,5.70678801854692
18.709078073501587,-1.529189525771986,-0.05904763692499085,1.6767168500436753,2.078112343765939,5.704158057985663
18.729609727859497,-1.5295182698450915,-0.058718893497981234,1.6744156474929341,2.078112343765939,5.702185587576623
18.74959421157837,-1.5275458054093514,-0.05806140664425011,1.6731006746071944,2.077783600505978,5.704158057985663
18.77064085006714,-1.528203293553827,-0.05904763692499085,1.6747443907144144,2.078769830285995,5.706459273475771
18.790645122528076,-1.5288607816990736,-0.05904763692499085,1.6744156474929341,2.077783600505978,5.705801783334322
18.81395959854126,-1.5285320376263538,-0.058718893497981234,1.6760593636005157,2.078112343765939,5.707445508690069
18.83701491355896,-1.528203293553827,-0.06069135406147996,1.6747443907144144,2.077783600505978,5.70876048897977
18.858016967773438,-1.5295182698450915,-0.05806140664425011,1.6731006746071944,2.077783600505978,5.70843174390692
18.88053846359253,-1.532148222436879,-0.05839015007106768,1.6760593636005157,2.078112343765939,5.7081029988343515
18.90110969543457,-1.5288607816990736,-0.05904763692499085,1.6754018771574286,2.077783600505978,5.70876048897977
18.92364001274109,-1.5278745494814927,-0.06003386720659601,1.6750731339359124,2.077454857246062,5.70876048897977
18.946660041809082,-1.5288607816990736,-0.058718893497981234,1.674086904271472,2.078112343765939,5.707445508690069
18.968642950057983,-1.5288607816990736,-0.058718893497981234,1.6754018771574286,2.078112343765939,5.707116763618353
18.990668535232544,-1.5265595731940835,-0.058718893497981234,1.6750731339359124,2.077783600505978,5.706459273475771
19.01385760307312,-1.5252445969097568,-0.06003386720659601,1.6750731339359124,2.077454857246062,5.705144293194008
19.03484034538269,-1.5275458054093514,-0.05839015007106768,1.6750731339359124,2.077454857246062,5.702514332644087
19.056383848190308,-1.5272170613374028,-0.058718893497981234,1.6727719313858045,2.078112343765939,5.702185587576623
19.078388929367065,-1.5265595731940835,-0.05839015007106768,1.6734294178286024,2.078112343765939,5.699555627047096
19.100510120391846,-1.5278745494814927,-0.05806140664425011,1.6750731339359124,2.0784410870259444,5.69922688198218
19.122824907302856,-1.5265595731940835,-0.05839015007106768,1.6760593636005157,2.077783600505978,5.698240646789128
19.145744800567627,-1.528203293553827,-0.05806140664425011,1.6744156474929341,2.077454857246062,5.694953196164012
19.16725254058838,-1.5278745494814927,-0.058718893497981234,1.6747443907144144,2.077783600505978,5.694624451103055
19.18626070022583,-1.5278745494814927,-0.05839015007106768,1.6731006746071944,2.077783600505978,5.693309470862058
19.205769777297974,-1.5275458054093514,-0.05970512377929818,1.6734294178286024,2.078112343765939,5.694624451103055
19.22428059577942,-1.528203293553827,-0.05970512377929818,1.6734294178286024,2.078112343765939,5.694624451103055
19.24330163002014,-1.5272170613374028,-0.05970512377929818,1.6734294178286024,2.077454857246062,5.693966960981991
19.261825561523438,-1.5288607816990736,-0.05839015007106768,1.6734294178286024,2.077454857246062,5.694953196164012
19.28183126449585,-1.5295182698450915,-0.06003386720659601,1.6737581610500283,2.078112343765939,5.692651980743256
19.300677061080933,-1.5275458054093514,-0.05839015007106768,1.6750731339359124,2.077783600505978,5.694295706042381
19.319678783416748,-1.528203293553827,-0.057403919790902924,1.6737581610500283,2.0784410870259444,5.693638215921884
19.339213371276855,-1.5285320376263538,-0.05904763692499085,1.6737581610500283,2.078112343765939,5.693309470862058
19.36019492149353,-1.5275458054093514,-0.05773266321752854,1.6714569585004242,2.078112343765939,5.695610686286772
19.38072657585144,-1.5275458054093514,-0.05839015007106768,1.6750731339359124,2.0784410870259444,5.693309470862058
19.403088808059692,-1.5278745494814927,-0.05806140664425011,1.6721144449430785,2.077783600505978,5.693966960981991
19.42659091949463,-1.5275458054093514,-0.05904763692499085,1.6727719313858045,2.077783600505978,5.693638215921884
19.449504137039185,-1.528203293553827,-0.05806140664425011,1.675730620378963,2.0771261139861905,5.692980725802515
19.47010850906372,-1.5278745494814927,-0.05839015007106768,1.6721144449430785,2.077783600505978,5.693309470862058
19.49312114715576,-1.5288607816990736,-0.05806140664425011,1.6737581610500283,2.078112343765939,5.693638215921884
19.5141761302948,-1.5466129619128366,-0.06069135406147996,1.6734294178286024,2.078112343765939,5.692651980743256
19.538179397583008,-1.529189525771986,-0.05806140664425011,1.6744156474929341,2.077783600505978,5.693638215921884
19.561183214187622,-1.528203293553827,-0.06332130148486398,1.6724431881644326,2.077783600505978,5.693638215921884
19.58483386039734,-1.5295182698450915,-0.058718893497981234,1.6760593636005157,2.078112343765939,5.693309470862058
19.6099112033844,-1.5275458054093514,-0.05937638035209647,1.6737581610500283,2.077783600505978,5.692980725802515
19.63344669342041,-1.5285320376263538,-0.058718893497981234,1.6747443907144144,2.077783600505978,5.693309470862058
19.655550479888916,-1.5285320376263538,-0.05970512377929818,1.6724431881644326,2.077454857246062,5.694953196164012
19.679238319396973,-1.5278745494814927,-0.05806140664425011,1.6727719313858045,2.077454857246062,5.69528194122525
19.699797868728638,-1.5275458054093514,-0.058718893497981234,1.6734294178286024,2.0771261139861905,5.693638215921884
19.72045922279358,-1.5268883172656469,-0.05806140664425011,1.6731006746071944,2.077783600505978,5.693966960981991
19.740458488464355,-1.5275458054093514,-0.05806140664425011,1.674086904271472,2.077454857246062,5.692980725802515
19.762275457382202,-1.5272170613374028,-0.05806140664425011,1.674086904271472,2.077454857246062,5.693638215921884
19.782603979110718,-1.528203293553827,-0.05839015007106768,1.6747443907144144,2.077454857246062,5.691665745567171
19.801727056503296,-1.5285320376263538,-0.05839015007106768,1.6698132423941008,2.0771261139861905,5.691337000509042
19.823021173477173,-1.5288607816990736,-0.05904763692499085,1.6744156474929341,2.077454857246062,5.692980725802515
19.841935396194458,-1.5285320376263538,-0.05904763692499085,1.6744156474929341,2.077454857246062,5.693309470862058
19.860142946243286,-1.5288607816990736,-0.058718893497981234,1.669155755951696,2.077454857246062,5.691994490625584
19.87965154647827,-1.5298470139183897,-0.05839015007106768,1.6724431881644326,2.0771261139861905,5.692651980743256
19.898334503173828,-1.529189525771986,-0.0610200974890662,1.6727719313858045,2.077454857246062,5.693966960981991
19.91782259941101,-1.529189525771986,-0.05970512377929818,1.674086904271472,2.077783600505978,5.692651980743256
19.93682360649109,-1.5308332461394416,-0.05937638035209647,1.6750731339359124,2.077454857246062,5.692980725802515
19.955822944641113,-1.5298470139183897,-0.05904763692499085,1.6734294178286024,2.0771261139861905,5.692980725802515
19.9743492603302,-1.529189525771986,-0.05937638035209647,1.6731006746071944,2.077454857246062,5.693638215921884
19.993380069732666,-1.5308332461394416,-0.05904763692499085,1.6721144449430785,2.077783600505978,5.692980725802515
20.01514983177185,-1.5308332461394416,-0.05839015007106768,1.674086904271472,2.077454857246062,5.692980725802515
20.037339448928833,-1.5295182698450915,-0.058718893497981234,1.6734294178286024,2.0771261139861905,5.693966960981991
20.059336185455322,-1.5295182698450915,-0.05839015007106768,1.6744156474929341,2.0771261139861905,5.694295706042381
20.079967260360718,-1.5288607816990736,-0.05806140664425011,1.6731006746071944,2.0771261139861905,5.693638215921884
20.100573539733887,-1.528203293553827,-0.06595124891441317,1.6744156474929341,2.077454857246062,5.692980725802515
20.122024297714233,-1.5288607816990736,-0.058718893497981234,1.6731006746071944,2.0771261139861905,5.694624451103055
20.1420419216156,-1.5278745494814927,-0.05773266321752854,1.6737581610500283,2.077783600505978,5.693966960981991
20.163020133972168,-1.5275458054093514,-0.05904763692499085,1.6721144449430785,2.0771261139861905,5.692323235684278
20.18403935432434,-1.5275458054093514,-0.05806140664425011,1.674086904271472,2.0771261139861905,5.692651980743256
20.205753803253174,-1.5278745494814927,-0.058718893497981234,1.6731006746071944,2.0767973707263634,5.690679510393631
20.225258111953735,-1.5272170613374028,-0.06069135406147996,1.6727719313858045,2.077454857246062,5.690679510393631
20.245346069335938,-1.5298470139183897,-0.05773266321752854,1.6717857017217423,2.0771261139861905,5.689364530166197
20.26777172088623,-1.5295182698450915,-0.05904763692499085,1.6724431881644326,2.077454857246062,5.688378294998587
20.28988790512085,-1.5288607816990736,-0.05904763692499085,1.6747443907144144,2.077454857246062,5.687392059833518
20.310441493988037,-1.529189525771986,-0.05839015007106768,1.6727719313858045,2.077454857246062,5.686077079617378
20.330950021743774,-1.530504502065565,-0.05806140664425011,1.6734294178286024,2.077454857246062,5.687063314779059
20.35331702232361,-1.530504502065565,-0.05806140664425011,1.6714569585004242,2.0771261139861905,5.686405824670989
20.375610828399658,-1.529189525771986,-0.058718893497981234,1.6721144449430785,2.077783600505978,5.687063314779059
20.39570426940918,-1.528203293553827,-0.05806140664425011,1.6721144449430785,2.077783600505978,5.686077079617378
20.414224863052368,-1.5301757579918809,-0.05806140664425011,1.6747443907144144,2.078112343765939,5.6880495499432815
20.43331503868103,-1.528203293553827,-0.05707517636437326,1.6727719313858045,2.0771261139861905,5.687063314779059
20.45263123512268,-1.5272170613374028,-0.05806140664425011,1.6731006746071944,2.077783600505978,5.687063314779059
20.471654891967773,-1.530504502065565,-0.058718893497981234,1.6744156474929341,2.078112343765939,5.687392059833518
20.49066138267517,-1.5278745494814927,-0.05839015007106768,1.6724431881644326,2.0771261139861905,5.688378294998587
20.51035237312317,-1.528203293553827,-0.058718893497981234,1.6727719313858045,2.077454857246062,5.688378294998587
20.5303373336792,-1.529189525771986,-0.05773266321752854,1.6750731339359124,2.077454857246062,5.687720804888258
20.552745580673218,-1.529189525771986,-0.05773266321752854,1.6770455932652828,2.0771261139861905,5.68443335435355
20.574374437332153,-1.5331344546619838,-0.05904763692499085,1.6711282152791238,2.077454857246062,5.6854195895110005
20.598583459854126,-1.5331344546619838,-0.05773266321752854,1.668169526288222,2.077454857246062,5.684762099405751
20.62253475189209,-1.5337919428130191,-0.05806140664425011,1.674086904271472,2.0771261139861905,5.684762099405751
20.642526626586914,-1.533463198737405,-0.05937638035209647,1.6724431881644326,2.0767973707263634,5.68443335435355
20.665226221084595,-1.535764407270761,-0.05839015007106768,1.6737581610500283,2.077783600505978,5.683118374147567
20.686373472213745,-1.5331344546619838,-0.05839015007106768,1.6744156474929341,2.077454857246062,5.682460884046267
20.705891132354736,-1.5347781750410205,-0.058718893497981234,1.6727719313858045,2.077454857246062,5.683118374147567
20.725406646728516,-1.5331344546619838,-0.05839015007106768,1.6704707288365765,2.0771261139861905,5.680488413749133
20.748403310775757,-1.532148222436879,-0.0610200974890662,1.6714569585004242,2.0771261139861905,5.680488413749133
20.771183729171753,-1.5331344546619838,-0.05839015007106768,1.6727719313858045,2.077454857246062,5.680159668700597
20.79470205307007,-1.532148222436879,-0.05839015007106768,1.6711282152791238,2.0767973707263634,5.6781871984153
20.8172504901886,-1.533463198737405,-0.05937638035209647,1.6711282152791238,2.077783600505978,5.675557238050674
20.839772939682007,-1.5308332461394416,-0.058718893497981234,1.6717857017217423,2.0771261139861905,5.675557238050674
20.860814094543457,-1.533463198737405,-0.05904763692499085,1.6717857017217423,2.077454857246062,5.673584767789028
20.881348133087158,-1.5347781750410205,-0.05806140664425011,1.6707994720578414,2.0771261139861905,5.671612297537512
20.90290641784668,-1.5360931513477278,-0.05970512377929818,1.6731006746071944,2.077454857246062,5.668982337217904
20.92277717590332,-1.535764407270761,-0.05937638035209647,1.6727719313858045,2.077454857246062,5.6679961021026894
20.94232439994812,-1.5374081276575278,-0.057403919790902924,1.6721144449430785,2.078112343765939,5.666352376916284
20.96090841293335,-1.537736871735461,-0.058718893497981234,1.6711282152791238,2.0784410870259444,5.666352376916284
20.981116771697998,-1.5374081276575278,-0.05806140664425011,1.6707994720578414,2.078112343765939,5.665366141807811
20.999454498291016,-1.5374081276575278,-0.05839015007106768,1.6711282152791238,2.078112343765939,5.665366141807811
21.019817352294922,-1.535764407270761,-0.05773266321752854,1.669155755951696,2.0784410870259444,5.666681121953003
21.03749394416809,-1.534449430964827,-0.05806140664425011,1.6707994720578414,2.078112343765939,5.6647086517369
21.057937145233154,-1.533463198737405,-0.05839015007106768,1.6698132423941008,2.078769830285995,5.666681121953003
21.076873540878296,-1.5331344546619838,-0.05773266321752854,1.6724431881644326,2.078769830285995,5.666023631879845
21.096879482269287,-1.533463198737405,-0.05839015007106768,1.6727719313858045,2.0784410870259444,5.665037396772215
21.117902040481567,-1.5331344546619838,-0.05806140664425011,1.67014198561533,2.078112343765939,5.665694886843688
21.139477729797363,-1.534449430964827,-0.05937638035209647,1.6724431881644326,2.0790985735460894,5.666352376916284
21.160477876663208,-1.5364218954248878,-0.05806140664425011,1.6714569585004242,2.077783600505978,5.665366141807811
21.181392908096313,-1.5331344546619838,-0.06003386720659601,1.67014198561533,2.0771261139861905,5.663393671598448
21.2036714553833,-1.535764407270761,-0.05806140664425011,1.669155755951696,2.077454857246062,5.663722416632639
21.225199937820435,-1.5331344546619838,-0.058718893497981234,1.6704707288365765,2.0771261139861905,5.664379906701867
21.247203588485718,-1.5351069191174076,-0.05773266321752854,1.6734294178286024,2.0771261139861905,5.6630649265645365
21.267183303833008,-1.5341206868888266,-0.06003386720659601,1.6704707288365765,2.077783600505978,5.665366141807811
21.287847757339478,-1.534449430964827,-0.05839015007106768,1.6694844991728897,2.0767973707263634,5.6647086517369
21.307661533355713,-1.5351069191174076,-0.05839015007106768,1.6694844991728897,2.0771261139861905,5.664379906701867
21.3293616771698,-1.5328057105867559,-0.05773266321752854,1.6675120398459942,2.0771261139861905,5.664051161667112
21.35146737098694,-1.5295182698450915,-0.05806140664425011,1.6714569585004242,2.0771261139861905,5.664379906701867
21.373085737228394,-1.53181947836223,-0.05839015007106768,1.677374336486908,2.0771261139861905,5.664051161667112
21.393994569778442,-1.532148222436879,-0.05773266321752854,1.6717857017217423,2.0767973707263634,5.6630649265645365
21.416015148162842,-1.53181947836223,-0.05937638035209647,1.67014198561533,2.0767973707263634,5.664051161667112
21.436015129089355,-1.532148222436879,-0.05839015007106768,1.6721144449430785,2.0767973707263634,5.663393671598448
21.458033084869385,-1.5308332461394416,-0.05839015007106768,1.6707994720578414,2.0771261139861905,5.662736181530906
21.478287935256958,-1.5314907342877744,-0.05806140664425011,1.6717857017217423,2.0767973707263634,5.662736181530906
21.498806476593018,-1.5311619902135114,-0.05806140664425011,1.6727719313858045,2.0771261139861905,5.662407436497555
21.517215251922607,-1.5314907342877744,-0.05839015007106768,1.669155755951696,2.0761398842068433,5.660763711335014
21.53672766685486,-1.53181947836223,-0.05806140664425011,1.6721144449430785,2.0771261139861905,5.660763711335014
21.555808067321777,-1.5314907342877744,-0.05806140664425011,1.6684982695093622,2.0767973707263634,5.6601062212719615
21.574662685394287,-1.53181947836223,-0.05839015007106768,1.669155755951696,2.0767973707263634,5.658462496119238
21.59367322921753,-1.5314907342877744,-0.05839015007106768,1.6698132423941008,2.0764686274665807,5.656818770973523
21.612727880477905,-1.5311619902135114,-0.05839015007106768,1.6714569585004242,2.0764686274665807,5.656490025945221
21.632237672805786,-1.532476966511721,-0.05773266321752854,1.67014198561533,2.0767973707263634,5.656161280917198
21.65125846862793,-1.53181947836223,-0.058718893497981234,1.668169526288222,2.0764686274665807,5.6535313207031095
21.671428680419922,-1.5308332461394416,-0.058718893497981234,1.6684982695093622,2.0771261139861905,5.650901360506942
21.69461941719055,-1.532476966511721,-0.05904763692499085,1.6688270127305203,2.0767973707263634,5.649257635393433
21.717703104019165,-1.532476966511721,-0.05904763692499085,1.6671832966249067,2.0764686274665807,5.648928890371571
21.73980164527893,-1.533463198737405,-0.05773266321752854,1.669155755951696,2.0771261139861905,5.646298930206743
21.762444972991943,-1.5314907342877744,-0.05806140664425011,1.6684982695093622,2.0767973707263634,5.646627675226367
21.786500930786133,-1.5314907342877744,-0.05773266321752854,1.6698132423941008,2.0767973707263634,5.646298930206743
21.809686183929443,-1.5295182698450915,-0.05904763692499085,1.6675120398459942,2.0771261139861905,5.6456414401683315
21.83144521713257,-1.5298470139183897,-0.05937638035209647,1.6704707288365765,2.077454857246062,5.646956420246272
21.85244607925415,-1.529189525771986,-0.05806140664425011,1.6684982695093622,2.0771261139861905,5.646956420246272
21.872972011566162,-1.529189525771986,-0.05806140664425011,1.6678407830670992,2.077454857246062,5.645970185187397
21.89542865753174,-1.5295182698450915,-0.06003386720659601,1.6717857017217423,2.0767973707263634,5.646298930206743
21.915514707565308,-1.5308332461394416,-0.05937638035209647,1.6698132423941008,2.077454857246062,5.646627675226367
21.93758749961853,-1.532476966511721,-0.058718893497981234,1.67014198561533,2.0771261139861905,5.646298930206743
21.959288120269775,-1.5311619902135114,-0.05839015007106768,1.67014198561533,2.0767973707263634,5.645312695149545
21.979209899902344,-1.5308332461394416,-0.05806140664425011,1.6711282152791238,2.0771261139861905,5.643668970059805
21.998740673065186,-1.5328057105867559,-0.05707517636437326,1.67014198561533,2.0767973707263634,5.645970185187397
22.020398139953613,-1.5314907342877744,-0.05904763692499085,1.6694844991728897,2.077454857246062,5.6456414401683315
22.042569398880005,-1.530504502065565,-0.05806140664425011,1.6694844991728897,2.0771261139861905,5.6456414401683315
22.064577341079712,-1.5308332461394416,-0.05806140664425011,1.67014198561533,2.077454857246062,5.646298930206743
22.086149215698242,-1.5311619902135114,-0.05904763692499085,1.6707994720578414,2.077783600505978,5.646627675226367
22.107665538787842,-1.5311619902135114,-0.05806140664425011,1.6704707288365765,2.077783600505978,5.646956420246272
22.130274534225464,-1.5308332461394416,-0.058718893497981234,1.6711282152791238,2.077454857246062,5.647285165266456
22.150179862976074,-1.5268883172656469,-0.05806140664425011,1.6684982695093622,2.077783600505978,5.64761391028692
22.16981601715088,-1.5337919428130191,-0.05806140664425011,1.669155755951696,2.077783600505978,5.648928890371571
22.189817905426025,-1.532148222436879,-0.05839015007106768,1.6678407830670992,2.077783600505978,5.648600145349989
22.20836329460144,-1.5308332461394416,-0.05839015007106768,1.6698132423941008,2.077783600505978,5.646956420246272
22.227521657943726,-1.532476966511721,-0.058718893497981234,1.6698132423941008,2.077454857246062,5.64761391028692
22.246588945388794,-1.5328057105867559,-0.05839015007106768,1.6675120398459942,2.078112343765939,5.649257635393433
22.26579523086548,-1.5331344546619838,-0.057403919790902924,1.6711282152791238,2.077783600505978,5.648600145349989
22.284985542297363,-1.5331344546619838,-0.05773266321752854,1.6684982695093622,2.077454857246062,5.647942655307663
22.303892850875854,-1.5328057105867559,-0.05839015007106768,1.67014198561533,2.0784410870259444,5.647942655307663
22.322401523590088,-1.53181947836223,-0.058718893497981234,1.669155755951696,2.077783600505978,5.64761391028692
22.3424015045166,-1.532148222436879,-0.05839015007106768,1.6684982695093622,2.078769830285995,5.64761391028692
22.362406253814697,-1.532476966511721,-0.058718893497981234,1.6707994720578414,2.077454857246062,5.64761391028692
22.38392472267151,-1.5331344546619838,-0.05904763692499085,1.669155755951696,2.077454857246062,5.648600145349989
22.407176971435547,-1.5328057105867559,-0.058718893497981234,1.67014198561533,2.078112343765939,5.647942655307663
22.42997908592224,-1.532476966511721,-0.05839015007106768,1.6671832966249067,2.078112343765939,5.649915125437997
22.450348377227783,-1.5341206868888266,-0.058718893497981234,1.6704707288365765,2.078112343765939,5.648928890371571
22.47279381752014,-1.5337919428130191,-0.05806140664425011,1.6694844991728897,2.078112343765939,5.647942655307663
22.493945837020874,-1.5341206868888266,-0.05839015007106768,1.6668545534038366,2.077783600505978,5.651558850554304
22.514137268066406,-1.5341206868888266,-0.05970512377929818,1.668169526288222,2.077454857246062,5.65057261548368
22.534136295318604,-1.534449430964827,-0.05806140664425011,1.6688270127305203,2.078112343765939,5.649586380415576
22.55413556098938,-1.534449430964827,-0.05904763692499085,1.668169526288222,2.077783600505978,5.649257635393433
22.57371759414673,-1.534449430964827,-0.05839015007106768,1.6714569585004242,2.077783600505978,5.650901360506942
22.594786405563354,-1.534449430964827,-0.05806140664425011,1.668169526288222,2.078112343765939,5.6502438704607
22.615944147109985,-1.5347781750410205,-0.05773266321752854,1.6694844991728897,2.078112343765939,5.6502438704607
22.63610816001892,-1.535764407270761,-0.05839015007106768,1.6684982695093622,2.077783600505978,5.651887595578406
22.658198356628418,-1.534449430964827,-0.058718893497981234,1.6668545534038366,2.078112343765939,5.648928890371571
22.681045532226562,-1.53181947836223,-0.05839015007106768,1.67014198561533,2.077783600505978,5.65057261548368
22.701716423034668,-1.5347781750410205,-0.05806140664425011,1.67014198561533,2.077783600505978,5.65057261548368
22.72390341758728,-1.5351069191174076,-0.05806140664425011,1.6704707288365765,2.0784410870259444,5.649915125437997
22.74507451057434,-1.5347781750410205,-0.05904763692499085,1.6671832966249067,2.077783600505978,5.6502438704607
22.767181158065796,-1.5337919428130191,-0.058718893497981234,1.6707994720578414,2.077783600505978,5.6502438704607
22.78569507598877,-1.534449430964827,-0.06069135406147996,1.6707994720578414,2.078112343765939,5.649586380415576
22.804921627044678,-1.5337919428130191,-0.05806140664425011,1.6698132423941008,2.077454857246062,5.649586380415576
22.824432849884033,-1.5341206868888266,-0.058718893497981234,1.6665258101827842,2.077783600505978,5.651887595578406
22.84343409538269,-1.534449430964827,-0.05839015007106768,1.67014198561533,2.0771261139861905,5.649586380415576
22.862431287765503,-1.534449430964827,-0.05839015007106768,1.669155755951696,2.077454857246062,5.65057261548368
22.880946397781372,-1.5351069191174076,-0.05904763692499085,1.6698132423941008,2.078769830285995,5.6502438704607
22.900456190109253,-1.5364218954248878,-0.058718893497981234,1.6707994720578414,2.077783600505978,5.648928890371571
22.9200439453125,-1.5347781750410205,-0.058718893497981234,1.6675120398459942,2.078112343765939,5.648600145349989
22.940037488937378,-1.5354356631939878,-0.05904763692499085,1.6668545534038366,2.078112343765939,5.6502438704607
22.96256685256958,-1.5354356631939878,-0.058718893497981234,1.6684982695093622,2.078112343765939,5.649586380415576
22.986615419387817,-1.5351069191174076,-0.058718893497981234,1.669155755951696,2.0784410870259444,5.6502438704607
23.0082106590271,-1.534449430964827,-0.05806140664425011,1.6704707288365765,2.078769830285995,5.649915125437997
23.031742572784424,-1.5347781750410205,-0.05970512377929818,1.6704707288365765,2.078112343765939,5.651558850554304
23.054741621017456,-1.5354356631939878,-0.05806140664425011,1.6684982695093622,2.078769830285995,5.6502438704607
23.075295448303223,-1.5354356631939878,-0.057403919790902924,1.669155755951696,2.078112343765939,5.651558850554304
23.096298694610596,-1.5341206868888266,-0.05904763692499085,1.6698132423941008,2.078112343765939,5.650901360506942
23.117327451705933,-1.5347781750410205,-0.05904763692499085,1.6731006746071944,2.0784410870259444,5.651887595578406
23.13879632949829,-1.5347781750410205,-0.05806140664425011,1.6678407830670992,2.078769830285995,5.651558850554304
23.1600661277771,-1.5347781750410205,-0.057403919790902924,1.6704707288365765,2.0790985735460894,5.652216340602785
23.182104110717773,-1.5354356631939878,-0.05970512377929818,1.6698132423941008,2.0790985735460894,5.651230105530484
23.204825162887573,-1.5364218954248878,-0.05839015007106768,1.6698132423941008,2.0790985735460894,5.652216340602785
23.228955268859863,-1.5351069191174076,-0.058718893497981234,1.6684982695093622,2.078769830285995,5.651558850554304
23.252954959869385,-1.535764407270761,-0.05806140664425011,1.669155755951696,2.0790985735460894,5.652216340602785
23.275465488433838,-1.5347781750410205,-0.05904763692499085,1.6688270127305203,2.0790985735460894,5.651230105530484
23.29846501350403,-1.5351069191174076,-0.05773266321752854,1.6694844991728897,2.0794273168062287,5.651887595578406
23.321129083633423,-1.5380656158135877,-0.05904763692499085,1.6661970669617499,2.078769830285995,5.6535313207031095
23.344164609909058,-1.534449430964827,-0.058718893497981234,1.6698132423941008,2.0790985735460894,5.652873830652387
23.364655017852783,-1.5347781750410205,-0.05773266321752854,1.67014198561533,2.0794273168062287,5.652545085627446
23.38465666770935,-1.5341206868888266,-0.05806140664425011,1.67014198561533,2.0790985735460894,5.651230105530484
23.405099391937256,-1.5347781750410205,-0.05839015007106768,1.6698132423941008,2.0790985735460894,5.651887595578406
23.424119234085083,-1.5341206868888266,-0.05806140664425011,1.67014198561533,2.0794273168062287,5.651230105530484
23.44309973716736,-1.5354356631939878,-0.05970512377929818,1.6707994720578414,2.0794273168062287,5.652873830652387
23.462612867355347,-1.533463198737405,-0.05839015007106768,1.6721144449430785,2.0794273168062287,5.651558850554304
23.481683492660522,-1.5341206868888266,-0.05806140664425011,1.6711282152791238,2.0790985735460894,5.652873830652387
23.500689268112183,-1.534449430964827,-0.05839015007106768,1.6721144449430785,2.0790985735460894,5.652545085627446
23.520681142807007,-1.5337919428130191,-0.0603626106339899,1.6714569585004242,2.0794273168062287,5.651558850554304
23.538686752319336,-1.5354356631939878,-0.05839015007106768,1.6714569585004242,2.0790985735460894,5.652216340602785
23.55783486366272,-1.5347781750410205,-0.05773266321752854,1.6688270127305203,2.0794273168062287,5.65386006572889
23.577499866485596,-1.5354356631939878,-0.05839015007106768,1.668169526288222,2.0794273168062287,5.654846300807913
23.59848666191101,-1.5347781750410205,-0.058718893497981234,1.6694844991728897,2.0790985735460894,5.6535313207031095
23.62050771713257,-1.5347781750410205,-0.05839015007106768,1.6688270127305203,2.078112343765939,5.654846300807913
23.641507625579834,-1.5347781750410205,-0.05904763692499085,1.6688270127305203,2.0790985735460894,5.652873830652387
23.664273977279663,-1.5341206868888266,-0.05839015007106768,1.6727719313858045,2.0784410870259444,5.657147516002105
23.686614751815796,-1.535764407270761,-0.05806140664425011,1.6721144449430785,2.0790985735460894,5.65386006572889
23.709132194519043,-1.5354356631939878,-0.05937638035209647,1.6717857017217423,2.0790985735460894,5.6545175557812914
23.73040223121643,-1.5337919428130191,-0.05806140664425011,1.6704707288365765,2.0794273168062287,5.6535313207031095
23.752400636672974,-1.534449430964827,-0.05839015007106768,1.6707994720578414,2.0794273168062287,5.652873830652387
23.775447607040405,-1.5354356631939878,-0.058718893497981234,1.6698132423941008,2.0790985735460894,5.6545175557812914
23.79752016067505,-1.5328057105867559,-0.058718893497981234,1.6707994720578414,2.0790985735460894,5.6535313207031095
23.81755828857422,-1.534449430964827,-0.058718893497981234,1.6717857017217423,2.0790985735460894,5.654188810754951
23.83755850791931,-1.5341206868888266,-0.05839015007106768,1.669155755951696,2.078769830285995,5.654846300807913
23.86012077331543,-1.534449430964827,-0.05839015007106768,1.6684982695093622,2.0790985735460894,5.655175045834814
23.882108211517334,-1.5360931513477278,-0.05904763692499085,1.6688270127305203,2.078769830285995,5.6558325358894574
23.90541696548462,-1.536750639502241,-0.05806140664425011,1.6704707288365765,2.078769830285995,5.658133751089534
23.928086042404175,-1.5354356631939878,-0.05773266321752854,1.6707994720578414,2.0794273168062287,5.658462496119238
23.95008897781372,-1.5370793835797876,-0.05806140664425011,1.674086904271472,2.0797560600664133,5.66142120139919
23.970620155334473,-1.539709336207123,-0.06003386720659601,1.67014198561533,2.0794273168062287,5.663393671598448
23.99230647087097,-1.5364218954248878,-0.06627999234354087,1.669155755951696,2.0794273168062287,5.664051161667112
24.01166820526123,-1.5341206868888266,-0.05904763692499085,1.6704707288365765,2.0790985735460894,5.664051161667112
24.029855489730835,-1.532148222436879,-0.05904763692499085,1.6714569585004242,2.0790985735460894,5.664051161667112
24.04886746406555,-1.532148222436879,-0.05904763692499085,1.6717857017217423,2.0790985735460894,5.666352376916284
24.068379163742065,-1.5311619902135114,-0.05806140664425011,1.6707994720578414,2.078769830285995,5.663722416632639
24.08738946914673,-1.5314907342877744,-0.05773266321752854,1.6721144449430785,2.078769830285995,5.666023631879845
24.10694456100464,-1.5308332461394416,-0.05806140664425011,1.6727719313858045,2.078769830285995,5.665694886843688
24.12751078605652,-1.5301757579918809,-0.05904763692499085,1.6734294178286024,2.078769830285995,5.665694886843688
24.149465322494507,-1.528203293553827,-0.05937638035209647,1.6724431881644326,2.0794273168062287,5.662736181530906
24.17121434211731,-1.529189525771986,-0.058718893497981234,1.6721144449430785,2.078769830285995,5.661092456366962
24.19221591949463,-1.530504502065565,-0.05904763692499085,1.6688270127305203,2.078769830285995,5.660763711335014
24.21377921104431,-1.5328057105867559,-0.05839015007106768,1.6721144449430785,2.0784410870259444,5.657805006060111
24.232779264450073,-1.529189525771986,-0.05937638035209647,1.6698132423941008,2.078769830285995,5.656161280917198
24.253780603408813,-1.529189525771986,-0.05904763692499085,1.669155755951696,2.0784410870259444,5.656818770973523
24.276341438293457,-1.529189525771986,-0.05937638035209647,1.6688270127305203,2.078769830285995,5.656818770973523
24.29859709739685,-1.5275458054093514,-0.05937638035209647,1.6707994720578414,2.0790985735460894,5.658133751089534
24.322179794311523,-1.5259020850515348,-0.058718893497981234,1.6688270127305203,2.078769830285995,5.658462496119238
24.34317636489868,-1.5255733409805496,-0.058718893497981234,1.67014198561533,2.078769830285995,5.658791241149221
24.362903356552124,-1.5255733409805496,-0.05937638035209647,1.6707994720578414,2.0784410870259444,5.658791241149221
24.382800579071045,-1.5239296206285113,-0.05839015007106768,1.6721144449430785,2.078769830285995,5.657805006060111
24.40394878387451,-1.5236008765586813,-0.058718893497981234,1.6727719313858045,2.078769830285995,5.658791241149221
24.424525499343872,-1.5249158528391566,-0.05970512377929818,1.6698132423941008,2.078769830285995,5.659119986179486
24.44643807411194,-1.5331344546619838,-0.05970512377929818,1.6668545534038366,2.078112343765939,5.661092456366962
24.465944528579712,-1.5341206868888266,-0.05904763692499085,1.6704707288365765,2.0790985735460894,5.662407436497555
24.486315488815308,-1.5433255210899353,-0.05806140664425011,1.6688270127305203,2.078769830285995,5.661749946431698
24.507094144821167,-1.5535165877040973,-0.05839015007106768,1.67014198561533,2.078769830285995,5.664379906701867
24.526387929916382,-1.557790260855931,-0.05839015007106768,1.6704707288365765,2.078769830285995,5.666023631879845
24.5463809967041,-1.5512153790974927,-0.058718893497981234,1.6684982695093622,2.0790985735460894,5.671283552496576
24.564382314682007,-1.5446404974167693,-0.05839015007106768,1.6707994720578414,2.0784410870259444,5.677529708322454
24.583892583847046,-1.535764407270761,-0.05904763692499085,1.6675120398459942,2.078769830285995,5.68443335435355
24.60340929031372,-1.5341206868888266,-0.058718893497981234,1.6744156474929341,2.078769830285995,5.696268176410664
24.622997045516968,-1.530504502065565,-0.05970512377929818,1.6744156474929341,2.0790985735460894,5.705801783334322
24.644062042236328,-1.5265595731940835,-0.05904763692499085,1.6744156474929341,2.078769830285995,5.712705429876113
24.66686177253723,-1.526230829122713,-0.05904763692499085,1.6734294178286024,2.078769830285995,5.712705429876113
24.687856435775757,-1.5259020850515348,-0.05806140664425011,1.6767168500436753,2.0790985735460894,5.712047939723885
24.709391832351685,-1.5203134358709627,-0.058718893497981234,1.6750731339359124,2.078769830285995,5.705144293194008
24.72988271713257,-1.5301757579918809,-0.058718893497981234,1.6734294178286024,2.078769830285995,5.695610686286772
24.749901056289673,-1.528203293553827,-0.058718893497981234,1.6734294178286024,2.0790985735460894,5.687720804888258
24.771397829055786,-1.524258364698534,-0.058718893497981234,1.6727719313858045,2.0784410870259444,5.676543473185297
24.79242706298828,-1.53181947836223,-0.05937638035209647,1.6717857017217423,2.078769830285995,5.666352376916284
24.81293749809265,-1.5212996680752586,-0.05937638035209647,1.67014198561533,2.078769830285995,5.6545175557812914
24.833444356918335,-1.5285320376263538,-0.05970512377929818,1.6688270127305203,2.078769830285995,5.643668970059805
24.85546112060547,-1.528203293553827,-0.05806140664425011,1.6704707288365765,2.0790985735460894,5.632162894627047
24.87598943710327,-1.526230829122713,-0.05839015007106768,1.6665258101827842,2.078769830285995,5.623944269526962
24.896016359329224,-1.5314907342877744,-0.05806140664425011,1.669155755951696,2.0790985735460894,5.614410664628586
24.915679931640625,-1.5239296206285113,-0.05806140664425011,1.6668545534038366,2.078769830285995,5.604219569995245
24.937076330184937,-1.5298470139183897,-0.05839015007106768,1.6675120398459942,2.0790985735460894,5.596658435439207
24.95769762992859,-1.5272170613374028,-0.058718893497981234,1.6661970669617499,2.078769830285995,5.585809851331424
24.97945261001587,-1.5249158528391566,-0.05937638035209647,1.6665258101827842,2.0784410870259444,5.577262482245792
25.000823974609375,-1.529189525771986,-0.058718893497981234,1.6632383779732234,2.078112343765939,5.570030093164712
25.02039909362793,-1.5245871087687488,-0.05806140664425011,1.6619234050898857,2.078112343765939,5.559181509792166
25.0394070148468,-1.5275458054093514,-0.05839015007106768,1.662252148310694,2.078769830285995,5.55260661092368
25.059412956237793,-1.5285320376263538,-0.05839015007106768,1.662252148310694,2.078769830285995,5.545702967229462
25.07791829109192,-1.5268883172656469,-0.05806140664425011,1.6606084322068237,2.078769830285995,5.537813088869161
25.096925020217896,-1.5268883172656469,-0.05839015007106768,1.6606084322068237,2.078769830285995,5.531238190355454
25.11574912071228,-1.530504502065565,-0.05970512377929818,1.6606084322068237,2.078769830285995,5.522033332619001
25.135783433914185,-1.5255733409805496,-0.05806140664425011,1.6615946618690942,2.078769830285995,5.515458434366111
25.158142566680908,-1.5272170613374028,-0.058718893497981234,1.6586359728827456,2.0784410870259444,5.5088835362215995
25.17812418937683,-1.5265595731940835,-0.05937638035209647,1.6596222025447078,2.0790985735460894,5.501979893286317
25.20115375518799,-1.5265595731940835,-0.05806140664425011,1.6563347703387625,2.0784410870259444,5.494747505577091
25.22397756576538,-1.528203293553827,-0.06069135406147996,1.6569922567798157,2.078769830285995,5.487186373111496
25.246300220489502,-1.526230829122713,-0.05839015007106768,1.6546910542364242,2.078769830285995,5.482255199841075
25.26882290840149,-1.528203293553827,-0.05773266321752854,1.6573210000003678,2.0784410870259444,5.473379088106657
25.29302740097046,-1.5268883172656469,-0.05806140664425011,1.6560060271182608,2.0784410870259444,5.466475445781738
25.31341290473938,-1.526230829122713,-0.058718893497981234,1.655019797456858,2.078112343765939,5.460558038168642
25.333524227142334,-1.5301757579918809,-0.058718893497981234,1.6530473381345054,2.0790985735460894,5.455955610085013
25.35352635383606,-1.5265595731940835,-0.058718893497981234,1.6543623110160068,2.078112343765939,5.451681926911366
25.374096393585205,-1.5288607816990736,-0.05839015007106768,1.6533760813548555,2.078769830285995,5.447736988637243
25.394349575042725,-1.5265595731940835,-0.058718893497981234,1.6530473381345054,2.078769830285995,5.44280581584855
25.41401696205139,-1.5265595731940835,-0.05806140664425011,1.6520611084735541,2.078769830285995,5.440175857052406
25.434036016464233,-1.5295182698450915,-0.05773266321752854,1.6494311627117466,2.078112343765939,5.433929704979769
25.455087184906006,-1.5285320376263538,-0.0610200974890662,1.651403622033003,2.078769830285995,5.4312997462410335
25.4756121635437,-1.5278745494814927,-0.05773266321752854,1.6523898516938544,2.078112343765939,5.430313511718388
25.495692253112793,-1.528203293553827,-0.05773266321752854,1.6497599059319148,2.0784410870259444,5.425711083977608
25.51649045944214,-1.5288607816990736,-0.05904763692499085,1.6507461355925184,2.0784410870259444,5.4224236356231446
25.536893606185913,-1.528203293553827,-0.05839015007106768,1.6500886491520994,2.078769830285995,5.42143740112197
25.55689311027527,-1.5268883172656469,-0.058718893497981234,1.6500886491520994,2.0784410870259444,5.418478697632743
25.57563042640686,-1.5272170613374028,-0.05970512377929818,1.6484449330513404,2.078112343765939,5.416834973481322
25.59463620185852,-1.5245871087687488,-0.05904763692499085,1.6491024194915949,2.077783600505978,5.415519994164945
25.614341974258423,-1.5255733409805496,-0.05773266321752854,1.6504173923723007,2.0784410870259444,5.414533759680439
25.633339405059814,-1.5275458054093514,-0.05904763692499085,1.6527185949141714,2.078112343765939,5.413547525198311
25.6523597240448,-1.5272170613374028,-0.05904763692499085,1.6494311627117466,2.077783600505978,5.414533759680439
25.67187786102295,-1.5249158528391566,-0.05839015007106768,1.6520611084735541,2.0784410870259444,5.415519994164945
25.695037364959717,-1.528203293553827,-0.05839015007106768,1.6500886491520994,2.0784410870259444,5.414862504508344
25.716756105422974,-1.5166972511366767,-0.058718893497981234,1.6507461355925184,2.0784410870259444,5.414862504508344
25.73829674720764,-1.5275458054093514,-0.05839015007106768,1.6507461355925184,2.077783600505978,5.417492463141096
25.759292602539062,-1.5265595731940835,-0.05904763692499085,1.6497599059319148,2.0784410870259444,5.4181499528019295
25.780027627944946,-1.5265595731940835,-0.058718893497981234,1.6494311627117466,2.078769830285995,5.4197936769586414
25.79995369911194,-1.5275458054093514,-0.05806140664425011,1.6530473381345054,2.078112343765939,5.421108656288775
25.819968223571777,-1.526230829122713,-0.05839015007106768,1.6537048245752228,2.077783600505978,5.422752380457399
25.842164993286133,-1.5275458054093514,-0.05937638035209647,1.6504173923723007,2.0784410870259444,5.424067359797064
25.863813638687134,-1.5265595731940835,-0.05839015007106768,1.651403622033003,2.0784410870259444,5.4253823391409695
