Time Elapsed (min),Stroke Rate,Average Power,Score,Misses,Handle Force (ai20),Handle Position (ai21),Raw Seat Position (ai22),Converted Seat Position,Left Foot Force (ai16),Right Foot Force (ai18)
0.00,0,0,0,0,0,0,114.55000000000001,15.0,0,0
0.00,23.9420591316337,135.95985064508744,0,0,0,0,128.86,18.0,0,0
0.00,23.018487100142693,123.62572164765295,0,0,0,0,143.16999999999996,21.0,0,0
0.00,24.76223481776092,118.83177516510601,0,0,0,0,157.48000000000002,24.0,0,0
0.00,25.555459090429636,117.7967722075911,0,0,0,0,171.79000000000002,27.0,0,0
0.00,25.748338844615148,110.53657517185985,0,0,0,0,186.10000000000002,30.0,0,0
0.00,25.290903041777035,108.23604628383586,0,0,0,0,200.40999999999997,33.0,0,0
0.00,26.27089457540234,106.23318132056318,1,0,0,0,214.71999999999997,36.0,0,0
0.00,27.52310914117977,111.6376880522938,1,0,0,0,229.03000000000003,39.0,0,0
0.00,27.889851323176273,110.3650382779103,1,0,0,0,243.34000000000003,42.00000000000001,0,0
0.02,25.892620034350628,114.12940948190194,1,0,0,0,257.65000000000003,45.00000000000001,0,0
0.02,25.268738552832215,113.44370660466944,1,0,0,0,271.96000000000004,48.00000000000001,0,0
0.02,26.301084460770806,117.44325781634899,1,0,0,0,286.27000000000004,51.00000000000001,0,0
0.02,27.62744917931537,123.15111816786553,1,0,0,0,300.58000000000004,54.00000000000001,0,0
0.02,27.20314854997691,124.43316822275206,1,0,0,0,314.89000000000004,57.000000000000014,0,0
0.02,28.624774002086266,124.99303972245488,1,0,0,0,329.20000000000005,60.00000000000001,0,0
0.02,30.08647100668548,128.09886014825602,1,0,0,0,343.51,63.0,0,0
0.02,28.48966104680273,128.75080028797163,1,0,0,0,357.82,66.0,0,0
0.02,27.617667139998378,131.09454617594233,1,0,0,0,372.13,69.0,0,0
0.02,28.796554242998596,134.19440247827706,1,0,0,0,386.44,72.0,0,0
0.03,29.558672832254498,135.05753658975968,1,0,0,0,400.75,75.0,0,0
0.03,30.731933814417577,136.9167328151402,1,0,0,0,415.06,78.0,0,0
0.03,29.388720699088502,139.68232918536796,1,0,0,0,429.37,81.0,0,0
0.03,28.813374474427963,140.69689588857275,1,0,0,0,443.68,84.0,0,0
0.03,28.304693469398217,141.38730684149104,1,0,0,0,457.99,87.0,0,0
0.03,28.871110736003654,140.89845004808996,1,0,0,0,472.3,90.0,0,0
0.03,29.712700113248864,142.3511224417781,1,0,0,0,486.61,93.0,0,0
0.03,30.06995100934875,143.13953423650005,1,0,0,0,500.92,96.0,0,0
0.03,29.510448663142412,142.40398497578272,1,0,0,0,515.23,99.0,0,0
0.03,29.323877087505156,141.97735014324056,1,0,0,0,520,100.0,0,0
0.05,28.086307075043557,139.04552578334486,1,0,0,0,505.69,97.0,0,0
0.05,27.31914016303636,136.97931232541575,1,0,0,0,491.38,94.0,0,0
0.05,29.01562644655428,134.9082615930272,1,0,0,0,477.07,91.0,0,0
0.05,29.329735822513857,132.69792422550174,1,0,0,0,462.76,88.0,0,0
0.05,27.445884584893623,131.018477383985,1,0,0,0,448.45,85.0,0,0
0.05,25.531691679334802,128.15739316285539,1,0,0,0,434.14,82.0,0,0
0.05,26.900921638851322,126.33211645953267,1,0,0,0,419.83,79.0,0,0
0.05,25.56613680011835,124.63960746293374,1,0,0,0,405.52,76.0,0,0
0.05,23.748732196781628,122.85300963384125,1,0,0,0,391.21,73.0,0,0
0.07,24.292388222779756,121.32860397487505,1,0,0,0,376.9,70.0,0,0
0.07,25.354626819009447,119.31416822584319,1,0,0,0,362.59000000000003,67.0,0,0
0.07,23.508618249795184,118.70421053968502,1,0,0,0,348.28,63.99999999999999,0,0
0.07,22.76242527171249,117.34977023666552,1,0,0,0,333.96999999999997,60.99999999999999,0,0
0.07,20.932449511431848,116.04980442803414,1,0,0,0,319.65999999999997,57.99999999999999,0,0
0.07,22.72536900722164,114.8617497230644,1,0,0,0,305.34999999999997,54.99999999999999,0,0
0.07,21.624101520835094,113.51676286035888,1,0,0,0,291.03999999999996,51.99999999999999,0,0
0.07,21.058500497118516,112.43323942605784,1,0,0,0,276.7299999999999,48.99999999999998,0,0
0.07,20.23458837283044,110.95805036858758,1,0,0,0,262.4199999999999,45.99999999999997,0,0
0.08,21.430232505034944,109.93271357983636,1,0,0,0,248.10999999999984,42.99999999999997,0,0
0.08,21.958822064158795,108.68174526677046,1,0,0,0,233.79999999999984,39.99999999999997,0,0
0.08,20.579515747169935,108.00852641099358,1,0,0,0,219.48999999999984,36.999999999999964,0,0
0.08,20.219917239322456,106.7275530042846,1,0,0,0,205.1799999999999,33.99999999999997,0,0
0.08,21.069139252490064,105.35821572209069,1,0,0,0,190.8699999999999,30.99999999999997,0,0
0.08,19.24603206452589,104.71857541013641,1,0,0,0,176.55999999999983,27.99999999999997,0,0
0.08,18.669321995802946,103.51973458104295,1,0,0,0,162.24999999999983,24.99999999999997,0,0
0.08,18.314575395967115,102.69054947312748,1,0,0,0,147.93999999999988,21.99999999999997,0,0
0.08,18,101.93583685204193,1,0,0,0,133.62999999999988,18.99999999999997,0,0
0.08,19.854403140733332,100.89266073431384,1,0,0,0,119.31999999999988,15.999999999999972,0,0
0.10,18.911004056169208,99.59492944044875,1,0,0,0,105.00999999999982,12.999999999999972,0,0
0.10,18.130999974303396,98.46726160893564,1,0,0,0,90.69999999999987,9.999999999999972,0,0
0.10,18.63954385667937,97.28576097293812,1,0,0,0,76.38999999999987,6.999999999999972,0,0
0.10,19.73480718617159,96.62019884547003,1,0,0,0,62.07999999999987,3.9999999999999716,0,0
0.10,19.420169923767535,96.57047423386713,1,0,0,0,47.76999999999987,0.9999999999999716,0,0
0.10,18,95.96853634470531,1,0,0,0,43,0.0,0,0
0.10,18.267918826779958,96.40782438463572,1,0,0,0,57.31,3.0,0,0
0.10,18.852040901802866,97.24748311307143,1,0,0,0,71.62,6.0,0,0
0.10,19.329760210661945,97.82470592164331,1,0,0,0,85.93,9.0,0,0
0.10,18.298752422915374,97.70284994494546,1,0,0,0,100.24000000000001,12.0,0,0
0.12,19.12736455282211,98.30264510217248,1,0,0,0,114.55000000000001,15.0,0,0
0.12,18,98.55349809722871,1,0,0,0,128.86,18.0,0,0
0.12,18,98.21183130177468,1,0,0,0,143.16999999999996,21.0,0,0
0.12,18,98.90830033973026,1,0,0,0,157.48000000000002,24.0,0,0
0.12,18,99.30704081671749,1,0,0,0,171.79000000000002,27.0,0,0
0.12,19.791897477843985,99.43812633841522,1,0,0,0,186.10000000000002,30.0,0,0
0.12,18.101415730475438,99.83887314718582,1,0,0,0,200.40999999999997,33.0,0,0
0.12,18,99.58582684861618,1,0,0,0,214.71999999999997,36.0,0,0
0.12,18,99.50894994892354,1,0,0,0,229.03000000000003,39.0,0,0
0.12,18,99.35231066212108,1,0,0,0,243.34000000000003,42.00000000000001,0,0
0.13,18,99.70157792907845,1,0,0,0,257.65000000000003,45.00000000000001,0,0
0.13,18,100.09448284533748,1,0,0,0,271.96000000000004,48.00000000000001,0,0
0.13,18.47035845621512,101.08255140400144,1,0,0,0,286.27000000000004,51.00000000000001,0,0
0.13,18,101.2882925602636,1,0,0,0,300.58000000000004,54.00000000000001,0,0
0.13,18,102.31924171185109,2,0,0,0,314.89000000000004,57.000000000000014,0,0
0.13,19.899426039929217,103.4752365332827,2,0,0,0,329.20000000000005,60.00000000000001,0,0
0.13,21.495819388116924,104.07666106714098,2,0,0,0,343.51,63.0,0,0
0.13,22.727799428594217,105.10012021878197,2,0,0,0,357.82,66.0,0,0
0.13,21.676494900855413,106.204242913035,2,0,0,0,372.13,69.0,0,0
0.13,20.77764343458173,106.77089148611861,2,0,0,0,386.44,72.0,0,0
0.15,21.05099164951606,107.05514350526484,2,0,0,0,400.75,75.0,0,0
0.15,22.833463280360633,107.08905188593593,2,0,0,0,415.06,78.0,0,0
0.15,21.772668765527506,108.0742338428411,2,0,0,0,429.37,81.0,0,0
0.15,21.83396072134221,108.87407413355591,2,0,0,0,443.68,84.0,0,0
0.15,22.921667802368972,109.66752630136814,2,0,0,0,457.99,87.0,0,0
0.15,23.473714803040615,110.33476525990012,2,0,0,0,472.3,90.0,0,0
0.15,22.02192350179662,110.74822083048036,2,0,0,0,486.61,93.0,0,0
0.15,22.969591993894074,111.1328888530029,2,0,0,0,500.92,96.0,0,0
0.15,24.103581368482054,111.51909357287934,2,0,0,0,515.23,99.0,0,0
0.15,8.571428571428571,112.15639354727774,2,0,0,0,520,100.0,0,0
0.17,8.571428571428571,111.35565907678318,2,0,0,0,505.69,97.0,0,0
0.17,8.571428571428571,110.77253827967967,2,0,0,0,491.38,94.0,0,0
0.17,8.571428571428571,110.34973766452896,2,0,0,0,477.07,91.0,0,0
0.17,8.571428571428571,110.14506076601941,2,0,0,0,462.76,88.0,0,0
0.17,8.571428571428571,109.71279800112934,2,0,0,0,448.45,85.0,0,0
0.17,8.571428571428571,108.91392269243426,2,0,0,0,434.14,82.0,0,0
0.17,8.571428571428571,108.7496449133682,2,0,0,0,419.83,79.0,0,0
0.17,8.571428571428571,108.09057129243804,2,0,0,0,405.52,76.0,0,0
0.17,8.571428571428571,107.35968578871153,2,0,0,0,391.21,73.0,0,0
0.17,8.571428571428571,106.7290263252896,2,0,0,0,376.9,70.0,0,0
0.18,8.571428571428571,106.24990281228912,2,0,0,0,362.59000000000003,67.0,0,0
0.18,8.571428571428571,105.8475455172203,2,0,0,0,348.28,63.99999999999999,0,0
0.18,8.571428571428571,105.148097296129,2,0,0,0,333.96999999999997,60.99999999999999,0,0
0.18,8.571428571428571,104.86084414004445,2,0,0,0,319.65999999999997,57.99999999999999,0,0
0.18,8.571428571428571,104.07374471869491,2,0,0,0,305.34999999999997,54.99999999999999,0,0
0.18,8.571428571428571,103.48181663568005,2,0,0,0,291.03999999999996,51.99999999999999,0,0
0.18,8.571428571428571,103.24935370368522,2,0,0,0,276.7299999999999,48.99999999999998,0,0
0.18,8.571428571428571,102.59354808710422,2,0,0,0,262.4199999999999,45.99999999999997,0,0
0.18,8.571428571428571,102.27763141419963,2,0,0,0,248.10999999999984,42.99999999999997,0,0
0.18,8.571428571428571,102.14863852366682,2,0,0,0,233.79999999999984,39.99999999999997,0,0
0.20,8.571428571428571,101.78266276656639,2,0,0,0,219.48999999999984,36.999999999999964,0,0
0.20,8.571428571428571,101.26821313481292,2,0,0,0,205.1799999999999,33.99999999999997,0,0
0.20,8.571428571428571,100.66743359383014,2,0,0,0,190.8699999999999,30.99999999999997,0,0
0.20,8.571428571428571,100.59153156667111,2,0,0,0,176.55999999999983,27.99999999999997,0,0
0.20,8.571428571428571,99.99488979615772,2,0,0,0,162.24999999999983,24.99999999999997,0,0
0.20,8.571428571428571,99.70014305446067,2,0,0,0,147.93999999999988,21.99999999999997,0,0
0.20,8.571428571428571,99.39681150423249,2,0,0,0,133.62999999999988,18.99999999999997,0,0
0.20,8.571428571428571,98.80767785188851,2,0,0,0,119.31999999999988,15.999999999999972,0,0
0.20,8.571428571428571,98.35140676039185,2,0,0,0,105.00999999999982,12.999999999999972,0,0
0.20,8.571428571428571,97.99041709120415,2,0,0,0,90.69999999999987,9.999999999999972,0,0
0.22,8.571428571428571,97.79224642062094,2,0,0,0,76.38999999999987,6.999999999999972,0,0
0.22,8.571428571428571,97.63723052275456,2,0,0,0,62.07999999999987,3.9999999999999716,0,0
0.22,8.571428571428571,97.33121048807058,2,0,0,0,47.76999999999987,0.9999999999999716,0,0
0.22,8.571428571428571,97.08309357076476,2,0,0,0,43,0.0,0,0
0.22,8.571428571428571,97.32583923291875,2,0,0,0,57.31,3.0,0,0
0.22,8.571428571428571,97.54115197249416,2,0,0,0,71.62,6.0,0,0
0.22,8.571428571428571,97.84611701747401,3,0,0,0,85.93,9.0,0,0
0.22,8.571428571428571,97.67888329619024,3,0,0,0,100.24000000000001,12.0,0,0
0.22,8.571428571428571,97.69435781644933,3,0,0,0,114.55000000000001,15.0,0,0
0.22,8.571428571428571,97.5995741520222,3,0,0,0,128.86,18.0,0,0
0.23,8.571428571428571,97.7069884478294,3,0,0,0,143.16999999999996,21.0,0,0
0.23,8.571428571428571,98.13767656831828,3,0,0,0,157.48000000000002,24.0,0,0
0.23,8.571428571428571,98.41920688442384,3,0,0,0,171.79000000000002,27.0,0,0
0.23,8.571428571428571,98.68753051514105,3,0,0,0,186.10000000000002,30.0,0,0
0.23,8.571428571428571,98.79138847206175,3,0,0,0,200.40999999999997,33.0,0,0
0.23,8.571428571428571,99.04267376010826,3,0,0,0,214.71999999999997,36.0,0,0
0.23,8.571428571428571,99.40839585923007,3,0,0,0,229.03000000000003,39.0,0,0
0.23,8.571428571428571,99.3849145058731,3,0,0,0,243.34000000000003,42.00000000000001,0,0
0.23,8.571428571428571,99.68271534780088,3,0,0,0,257.65000000000003,45.00000000000001,0,0
0.23,8.571428571428571,99.90078391350936,3,0,0,0,271.96000000000004,48.00000000000001,0,0
0.25,8.571428571428571,100.31741258807583,3,0,0,0,286.27000000000004,51.00000000000001,0,0
0.25,8.571428571428571,100.92347124770298,3,0,0,0,300.58000000000004,54.00000000000001,0,0
0.25,8.571428571428571,101.55928094899255,3,0,0,0,314.89000000000004,57.000000000000014,0,0
0.25,8.571428571428571,101.71569358997245,3,0,0,0,329.20000000000005,60.00000000000001,0,0
0.25,8.571428571428571,102.21885783765183,3,0,0,0,343.51,63.0,0,0
0.25,8.571428571428571,102.55256620469719,3,0,0,0,357.82,66.0,0,0
0.25,8.571428571428571,103.12603953150702,3,0,0,0,372.13,69.0,0,0
0.25,8.571428571428571,103.65823558462785,3,0,0,0,386.44,72.0,0,0
0.25,8.571428571428571,103.8085308301532,3,0,0,0,400.75,75.0,0,0
0.25,8.571428571428571,104.33720415157947,3,0,0,0,415.06,78.0,0,0
0.27,8.571428571428571,104.94005958615338,3,0,0,0,429.37,81.0,0,0
0.27,8.571428571428571,105.43566217874513,3,0,0,0,443.68,84.0,0,0
0.27,8.571428571428571,106.04845029708295,3,0,0,0,457.99,87.0,0,0
0.27,8.571428571428571,106.7301712022088,3,0,0,0,472.3,90.0,0,0
0.27,8.571428571428571,106.97015747708355,3,0,0,0,486.61,93.0,0,0
0.27,8.571428571428571,107.27985907955403,3,0,0,0,500.92,96.0,0,0
0.27,8.571428571428571,107.49943173137709,3,0,0,0,515.23,99.0,0,0
0.27,8.571428571428571,107.713282297336,3,0,0,0,520,100.0,0,0
0.27,8.571428571428571,107.21279030796758,3,0,0,0,505.69,97.0,0,0
0.27,8.571428571428571,106.75711201361257,3,0,0,0,491.38,94.0,0,0
0.28,8.571428571428571,106.48933364982989,3,0,0,0,477.07,91.0,0,0
0.28,8.571428571428571,106.34839117532562,3,0,0,0,462.76,88.0,0,0
0.28,8.571428571428571,106.08476710462769,3,0,0,0,448.45,85.0,0,0
0.28,8.571428571428571,105.9596598417848,3,0,0,0,434.14,82.0,0,0
0.28,8.571428571428571,105.74779161600408,3,0,0,0,419.83,79.0,0,0
0.28,8.571428571428571,105.38812692509019,3,0,0,0,405.52,76.0,0,0
0.28,8.571428571428571,105.2957201611932,3,0,0,0,391.21,73.0,0,0
0.28,8.571428571428571,105.1705733134312,3,0,0,0,376.9,70.0,0,0
0.28,8.571428571428571,104.94812733847986,3,0,0,0,362.59000000000003,67.0,0,0
0.28,8.571428571428571,104.64478587350777,3,0,0,0,348.28,63.99999999999999,0,0
0.30,8.571428571428571,104.42780657815153,3,0,0,0,333.96999999999997,60.99999999999999,0,0
0.30,8.571428571428571,104.03188542430159,3,0,0,0,319.65999999999997,57.99999999999999,0,0
0.30,8.571428571428571,103.77641834502876,3,0,0,0,305.34999999999997,54.99999999999999,0,0
0.30,8.571428571428571,103.3672250037543,3,0,0,0,291.03999999999996,51.99999999999999,0,0
0.30,8.571428571428571,103.03465670557335,3,0,0,0,276.7299999999999,48.99999999999998,0,0
0.30,8.571428571428571,102.96694142723963,3,0,0,0,262.4199999999999,45.99999999999997,0,0
0.30,8.571428571428571,102.6337750238543,3,0,0,0,248.10999999999984,42.99999999999997,0,0
0.30,8.571428571428571,102.35670070949939,3,0,0,0,233.79999999999984,39.99999999999997,0,0
0.30,8.571428571428571,102.0647396346314,3,0,0,0,219.48999999999984,36.999999999999964,0,0
0.30,8.571428571428571,101.8716179040807,3,0,0,0,205.1799999999999,33.99999999999997,0,0
0.32,8.571428571428571,101.62894887546629,3,0,0,0,190.8699999999999,30.99999999999997,0,0
0.32,8.571428571428571,101.46108504709373,3,0,0,0,176.55999999999983,27.99999999999997,0,0
0.32,8.571428571428571,101.32712097595916,3,0,0,0,162.24999999999983,24.99999999999997,0,0
0.32,8.571428571428571,101.23768597944611,3,0,0,0,147.93999999999988,21.99999999999997,0,0
0.32,8.571428571428571,100.94427556931628,3,0,0,0,133.62999999999988,18.99999999999997,0,0
0.32,8.571428571428571,100.81417848002292,4,0,0,0,119.31999999999988,15.999999999999972,0,0
0.32,8.571428571428571,100.74660670308928,4,0,0,0,105.00999999999982,12.999999999999972,0,0
0.32,8.571428571428571,100.41279536123,4,0,0,0,90.69999999999987,9.999999999999972,0,0
0.32,8.571428571428571,100.25119334049046,4,0,0,0,76.38999999999987,6.999999999999972,0,0
0.32,8.571428571428571,100.0500182690378,4,0,0,0,62.07999999999987,3.9999999999999716,0,0
0.33,8.571428571428571,99.81043459860354,4,0,0,0,47.76999999999987,0.9999999999999716,0,0
0.33,8.571428571428571,99.59588466994535,4,0,0,0,43,0.0,0,0
0.33,8.571428571428571,99.70501667081847,4,0,0,0,57.31,3.0,0,0
0.33,8.571428571428571,99.72704302442453,4,0,0,0,71.62,6.0,0,0
0.33,8.571428571428571,99.69813537621731,4,0,0,0,85.93,9.0,0,0
0.33,8.571428571428571,99.70467743032862,4,0,0,0,100.24000000000001,12.0,0,0
0.33,8.571428571428571,99.74110031343722,4,0,0,0,114.55000000000001,15.0,0,0
0.33,8.571428571428571,99.8491124550764,4,0,0,0,128.86,18.0,0,0
0.33,8.571428571428571,99.90006564527987,4,0,0,0,143.16999999999996,21.0,0,0
0.33,8.571428571428571,99.96876524139445,4,0,0,0,157.48000000000002,24.0,0,0
0.35,8.571428571428571,100.16660554414892,4,0,0,0,171.79000000000002,27.0,0,0
0.35,8.571428571428571,100.01060821944435,4,0,0,0,186.10000000000002,30.0,0,0
0.35,8.571428571428571,100.1275085132958,4,0,0,0,200.40999999999997,33.0,0,0
0.35,8.571428571428571,99.96076408778497,4,0,0,0,214.71999999999997,36.0,0,0
0.35,8.571428571428571,100.01122986454153,4,0,0,0,229.03000000000003,39.0,0,0
0.35,8.571428571428571,100.08494444390533,4,0,0,0,243.34000000000003,42.00000000000001,0,0
0.35,8.571428571428571,100.25039800582462,4,0,0,0,257.65000000000003,45.00000000000001,0,0
0.35,8.571428571428571,100.41808789163349,4,0,0,0,271.96000000000004,48.00000000000001,0,0
0.35,8.571428571428571,100.78653773763315,4,0,0,0,286.27000000000004,51.00000000000001,0,0
0.35,8.571428571428571,101.08099628610768,4,0,0,0,300.58000000000004,54.00000000000001,0,0
0.37,8.571428571428571,101.50898521624067,4,0,0,0,314.89000000000004,57.000000000000014,0,0
0.37,8.571428571428571,101.85487193138518,4,0,0,0,329.20000000000005,60.00000000000001,0,0
0.37,8.571428571428571,102.07653114540217,4,0,0,0,343.51,63.0,0,0
0.37,8.571428571428571,102.44196805553827,4,0,0,0,357.82,66.0,0,0
0.37,8.571428571428571,102.61259975639645,4,0,0,0,372.13,69.0,0,0
0.37,8.571428571428571,103.03701947450251,4,0,0,0,386.44,72.0,0,0
0.37,8.571428571428571,103.24522387659886,4,0,0,0,400.75,75.0,0,0
0.37,8.571428571428571,103.48608535891596,4,0,0,0,415.06,78.0,0,0
0.37,8.571428571428571,103.53087030923913,4,0,0,0,429.37,81.0,0,0
0.37,8.571428571428571,103.80451708467793,4,0,0,0,443.68,84.0,0,0
0.38,8.571428571428571,103.9751281325844,5,0,0,0,457.99,87.0,0,0
0.38,8.571428571428571,104.37304516363288,5,1,0,0,472.3,90.0,0,0
0.38,8.571428571428571,104.62486900905063,5,1,0,0,486.61,93.0,0,0
0.38,8.571428571428571,104.6968849853256,5,1,0,0,500.92,96.0,0,0
0.38,8.571428571428571,104.90209646974218,5,1,0,0,515.23,99.0,0,0
0.38,8.571428571428571,105.37089220618438,5,1,0,0,520,100.0,0,0
0.38,8.571428571428571,105.07441979155207,5,1,0,0,505.69,97.0,0,0
0.38,8.571428571428571,104.930558232651,5,1,0,0,491.38,94.0,0,0
0.38,8.571428571428571,104.70013683077791,5,1,0,0,477.07,91.0,0,0
0.40,8.571428571428571,104.38023304187475,5,1,0,0,462.76,88.0,0,0
0.40,8.571428571428571,104.1389424174013,5,1,0,0,448.45,85.0,0,0
0.40,8.571428571428571,104.06920891822992,5,1,0,0,434.14,82.0,0,0
0.40,8.571428571428571,103.86956731825765,5,1,0,0,419.83,79.0,0,0
0.40,8.571428571428571,103.63843359813517,5,1,0,0,405.52,76.0,0,0
0.40,8.571428571428571,103.4795885233681,5,1,0,0,391.21,73.0,0,0
0.40,8.571428571428571,103.22805925031629,5,1,0,0,376.9,70.0,0,0
0.40,8.571428571428571,102.95044586487386,5,1,0,0,362.59000000000003,67.0,0,0
0.40,8.571428571428571,102.67749894766871,5,1,0,0,348.28,63.99999999999999,0,0
0.40,8.571428571428571,102.55932775583452,5,1,0,0,333.96999999999997,60.99999999999999,0,0
0.42,8.571428571428571,102.36230440011028,5,1,0,0,319.65999999999997,57.99999999999999,0,0
0.42,8.571428571428571,102.32969149337508,5,1,0,0,305.34999999999997,54.99999999999999,0,0
0.42,8.571428571428571,102.09247791808484,5,1,0,0,291.03999999999996,51.99999999999999,0,0
0.42,8.571428571428571,101.87019126197151,5,1,0,0,276.7299999999999,48.99999999999998,0,0
0.42,8.571428571428571,101.76820811254724,5,1,0,0,262.4199999999999,45.99999999999997,0,0
0.42,8.571428571428571,101.52949432446466,5,1,0,0,248.10999999999984,42.99999999999997,0,0
0.42,8.571428571428571,101.24446950257304,6,1,0,0,233.79999999999984,39.99999999999997,0,0
0.42,8.571428571428571,100.9916116194394,6,1,0,0,219.48999999999984,36.999999999999964,0,0
0.42,8.571428571428571,100.81568165977136,6,1,0,0,205.1799999999999,33.99999999999997,0,0
0.42,8.571428571428571,100.57761576836566,6,1,0,0,190.8699999999999,30.99999999999997,0,0
0.43,8.571428571428571,100.24900987583005,6,1,0,0,176.55999999999983,27.99999999999997,0,0
0.43,8.571428571428571,100.05774333400022,6,1,0,0,162.24999999999983,24.99999999999997,0,0
0.43,8.571428571428571,99.73069415142747,6,1,0,0,147.93999999999988,21.99999999999997,0,0
0.43,8.571428571428571,99.49473545410048,6,1,0,0,133.62999999999988,18.99999999999997,0,0
0.43,8.571428571428571,99.31589568701705,7,1,0,0,119.31999999999988,15.999999999999972,0,0
0.43,8.571428571428571,99.12743167095985,8,1,0,0,105.00999999999982,12.999999999999972,0,0
0.43,8.571428571428571,99.04134562114446,8,1,0,0,90.69999999999987,9.999999999999972,0,0
0.43,8.571428571428571,98.90596842218957,8,1,0,0,76.38999999999987,6.999999999999972,0,0
0.43,8.571428571428571,98.80056476057855,8,1,0,0,62.07999999999987,3.9999999999999716,0,0
0.43,8.571428571428571,98.54454078153479,8,1,0,0,47.76999999999987,0.9999999999999716,0,0
0.45,8.571428571428571,98.26014500264873,9,1,0,0,43,0.0,0,0
0.45,8.571428571428571,98.34830903826536,9,1,0,0,57.31,3.0,0,0
0.45,8.571428571428571,98.48690190712846,9,1,0,0,71.62,6.0,0,0
0.45,8.571428571428571,98.70062999735292,9,1,0,0,85.93,9.0,0,0
0.45,8.571428571428571,98.85606571203574,9,1,0,0,100.24000000000001,12.0,0,0
0.45,8.571428571428571,98.97815741822691,9,1,0,0,114.55000000000001,15.0,0,0
0.45,8.571428571428571,98.99912270692593,9,1,0,0,128.86,18.0,0,0
0.45,8.571428571428571,99.09900155924319,9,1,0,0,143.16999999999996,21.0,0,0
0.45,8.571428571428571,99.11470577245028,9,1,0,0,157.48000000000002,24.0,0,0
0.45,8.571428571428571,99.11486398253838,9,1,0,0,171.79000000000002,27.0,0,0
0.47,8.571428571428571,99.25153672986083,9,1,0,0,186.10000000000002,30.0,0,0
0.47,8.571428571428571,99.13943148392713,9,1,0,0,200.40999999999997,33.0,0,0
0.47,8.571428571428571,99.29270662222315,9,1,0,0,214.71999999999997,36.0,0,0
0.47,8.571428571428571,99.38367438014488,9,2,0,0,229.03000000000003,39.0,0,0
0.47,8.571428571428571,99.49887507377144,9,2,0,0,243.34000000000003,42.00000000000001,0,0
0.47,8.571428571428571,99.4727748799442,9,2,0,0,257.65000000000003,45.00000000000001,0,0
0.47,8.571428571428571,99.64436451498389,9,2,0,0,271.96000000000004,48.00000000000001,0,0
0.47,8.571428571428571,99.80669656439667,9,2,0,0,286.27000000000004,51.00000000000001,0,0
0.47,8.571428571428571,99.99942545154899,9,2,0,0,300.58000000000004,54.00000000000001,0,0
0.47,8.571428571428571,100.40393226074036,9,2,0,0,314.89000000000004,57.000000000000014,0,0
0.48,8.571428571428571,100.51258653598273,10,2,0,0,329.20000000000005,60.00000000000001,0,0
0.48,8.571428571428571,100.53729027136433,10,2,0,0,343.51,63.0,0,0
0.48,8.571428571428571,100.79644911676118,10,2,0,0,357.82,66.0,0,0
0.48,8.571428571428571,100.93140365987135,10,2,0,0,372.13,69.0,0,0
0.48,8.571428571428571,101.01172104542155,10,2,0,0,386.44,72.0,0,0
0.48,8.571428571428571,101.25862911639877,10,2,0,0,400.75,75.0,0,0
0.48,8.571428571428571,101.5517186185566,10,2,0,0,415.06,78.0,0,0
0.48,8.571428571428571,101.72811029309094,10,2,0,0,429.37,81.0,0,0
0.48,8.571428571428571,101.96835895239646,10,2,0,0,443.68,84.0,0,0
0.48,8.571428571428571,102.12624944197096,10,2,0,0,457.99,87.0,0,0
0.50,8.571428571428571,102.1244166159097,10,2,0,0,472.3,90.0,0,0
0.50,8.571428571428571,102.42652426515282,10,2,0,0,486.61,93.0,0,0
0.50,8.571428571428571,102.71478520037238,10,2,0,0,500.92,96.0,0,0
0.50,8.571428571428571,102.91843205266436,10,2,0,0,515.23,99.0,0,0
0.50,8.571428571428571,103.05925208399371,10,2,0,0,520,100.0,0,0
0.50,8.571428571428571,102.95341819574863,10,2,0,0,505.69,97.0,0,0
0.50,8.571428571428571,102.85993752549538,10,2,0,0,491.38,94.0,0,0
0.50,8.571428571428571,102.62482825724487,10,2,0,0,477.07,91.0,0,0
0.50,8.571428571428571,102.44634582003349,10,2,0,0,462.76,88.0,0,0
0.50,8.571428571428571,102.18817972114448,10,2,0,0,448.45,85.0,0,0
0.52,8.571428571428571,101.9940579236479,10,2,0,0,434.14,82.0,0,0
0.52,8.571428571428571,101.84082623988606,10,2,0,0,419.83,79.0,0,0
0.52,8.571428571428571,101.69433957368071,10,2,0,0,405.52,76.0,0,0
0.52,8.571428571428571,101.47952019829083,10,2,0,0,391.21,73.0,0,0
0.52,8.571428571428571,101.26376067703437,10,2,0,0,376.9,70.0,0,0
0.52,8.571428571428571,101.09958887106374,10,2,0,0,362.59000000000003,67.0,0,0
0.52,8.571428571428571,100.93265569034455,10,2,0,0,348.28,63.99999999999999,0,0
0.52,8.571428571428571,100.75952389054711,10,2,0,0,333.96999999999997,60.99999999999999,0,0
0.52,8.571428571428571,100.5252616104144,10,2,0,0,319.65999999999997,57.99999999999999,0,0
0.52,8.571428571428571,100.2871470077227,10,2,0,0,305.34999999999997,54.99999999999999,0,0
0.53,8.571428571428571,100.12434613386954,10,2,0,0,291.03999999999996,51.99999999999999,0,0
0.53,8.571428571428571,100.03296657132525,10,2,0,0,276.7299999999999,48.99999999999998,0,0
0.53,8.571428571428571,99.8318116659785,10,2,0,0,262.4199999999999,45.99999999999997,0,0
0.53,8.571428571428571,99.67898912196068,10,2,0,0,248.10999999999984,42.99999999999997,0,0
0.53,8.571428571428571,99.51929548127337,10,2,0,0,233.79999999999984,39.99999999999997,0,0
0.53,8.571428571428571,99.43078818861152,10,2,0,0,219.48999999999984,36.999999999999964,0,0
0.53,8.571428571428571,99.2494788652937,10,2,0,0,205.1799999999999,33.99999999999997,0,0
0.53,8.571428571428571,99.08942941058977,10,2,0,0,190.8699999999999,30.99999999999997,0,0
0.53,8.571428571428571,98.96600525766829,10,2,0,0,176.55999999999983,27.99999999999997,0,0
0.53,8.571428571428571,98.71420207057037,10,2,0,0,162.24999999999983,24.99999999999997,0,0
0.55,8.571428571428571,98.53105220792226,10,2,0,0,147.93999999999988,21.99999999999997,0,0
0.55,8.571428571428571,98.41174107616843,10,2,0,0,133.62999999999988,18.99999999999997,0,0
0.55,8.571428571428571,98.30777750909775,10,2,0,0,119.31999999999988,15.999999999999972,0,0
0.55,8.571428571428571,98.26475759522314,10,2,0,0,105.00999999999982,12.999999999999972,0,0
0.55,8.571428571428571,98.100160827345,10,2,0,0,90.69999999999987,9.999999999999972,0,0
0.55,8.571428571428571,98.04495185306143,10,2,0,0,76.38999999999987,6.999999999999972,0,0
0.55,8.571428571428571,97.99571824038557,10,2,0,0,62.07999999999987,3.9999999999999716,0,0
0.55,8.571428571428571,97.83889511356432,10,2,0,0,47.76999999999987,0.9999999999999716,0,0
0.55,8.571428571428571,97.75873965394868,10,2,0,0,43,0.0,0,0
0.55,8.571428571428571,97.91128632323507,10,2,0,0,57.31,3.0,0,0
0.57,8.571428571428571,97.99461043528626,10,2,0,0,71.62,6.0,0,0
0.57,8.571428571428571,97.99408528352629,10,2,0,0,85.93,9.0,0,0
0.57,8.571428571428571,97.95461969801295,10,2,0,0,100.24000000000001,12.0,0,0
0.57,8.571428571428571,98.04680191476281,10,2,0,0,114.55000000000001,15.0,0,0
0.57,8.571428571428571,98.1448116838734,10,2,0,0,128.86,18.0,0,0
0.57,8.571428571428571,98.23477263360782,10,2,0,0,143.16999999999996,21.0,0,0
0.57,8.571428571428571,98.18957553249636,10,2,0,0,157.48000000000002,24.0,0,0
0.57,8.571428571428571,98.36835882963284,10,2,0,0,171.79000000000002,27.0,0,0
0.57,8.571428571428571,98.36283949543349,10,2,0,0,186.10000000000002,30.0,0,0
0.57,8.571428571428571,98.27511212292885,10,2,0,0,200.40999999999997,33.0,0,0
0.58,8.571428571428571,98.30234091331475,10,2,0,0,214.71999999999997,36.0,0,0
0.58,8.571428571428571,98.3826266472851,10,2,0,0,229.03000000000003,39.0,0,0
0.58,8.571428571428571,98.50359757760165,10,2,0,0,243.34000000000003,42.00000000000001,0,0
0.58,8.571428571428571,98.54178029957876,10,2,0,0,257.65000000000003,45.00000000000001,0,0
0.58,8.571428571428571,98.6687285797554,10,2,0,0,271.96000000000004,48.00000000000001,0,0
0.58,8.571428571428571,98.8333824562593,10,2,0,0,286.27000000000004,51.00000000000001,0,0
0.58,8.571428571428571,98.93771881399672,11,2,0,0,300.58000000000004,54.00000000000001,0,0
0.58,8.571428571428571,99.08630423501536,11,2,0,0,314.89000000000004,57.000000000000014,0,0
0.58,8.571428571428571,99.19802489665506,11,2,0,0,329.20000000000005,60.00000000000001,0,0
0.58,8.571428571428571,99.44405999567886,11,2,0,0,343.51,63.0,0,0
0.60,8.571428571428571,99.53266816069294,11,2,0,0,357.82,66.0,0,0
0.60,8.571428571428571,99.58192216919257,11,2,0,0,372.13,69.0,0,0
0.60,8.571428571428571,99.80102634547944,11,2,0,0,386.44,72.0,0,0
0.60,8.571428571428571,99.96045894895971,11,2,0,0,400.75,75.0,0,0
0.60,8.571428571428571,100.09263438098583,11,2,0,0,415.06,78.0,0,0
0.60,8.571428571428571,100.35995463559323,11,2,0,0,429.37,81.0,0,0
0.60,8.571428571428571,100.40693420087268,11,2,0,0,443.68,84.0,0,0
0.60,8.571428571428571,100.53650014482352,11,2,0,0,457.99,87.0,0,0
0.60,8.571428571428571,100.80101426689248,11,2,0,0,472.3,90.0,0,0
0.60,8.571428571428571,101.08771219345259,11,2,0,0,486.61,93.0,0,0
0.62,8.571428571428571,101.29273432010805,11,2,0,0,500.92,96.0,0,0
0.62,8.571428571428571,101.41217910458221,11,2,0,0,515.23,99.0,0,0
0.62,8.571428571428571,101.6078151918194,11,2,0,0,520,100.0,0,0
0.62,8.571428571428571,101.48991355382194,11,2,0,0,505.69,97.0,0,0
0.62,8.571428571428571,101.4029367253,11,2,0,0,491.38,94.0,0,0
0.62,8.571428571428571,101.28030396880193,11,2,0,0,477.07,91.0,0,0
0.62,8.571428571428571,101.15106294309288,11,2,0,0,462.76,88.0,0,0
0.62,8.571428571428571,101.02389729460732,11,2,0,0,448.45,85.0,0,0
0.62,8.571428571428571,100.92959391363043,11,2,0,0,434.14,82.0,0,0
0.62,8.571428571428571,100.7431279592077,11,2,0,0,419.83,79.0,0,0
0.63,8.571428571428571,100.62516037326236,11,2,0,0,405.52,76.0,0,0
0.63,8.571428571428571,100.57819771572312,11,2,0,0,391.21,73.0,0,0
0.63,8.571428571428571,100.42717759365388,11,2,0,0,376.9,70.0,0,0
0.63,8.571428571428571,100.39825839603414,11,2,0,0,362.59000000000003,67.0,0,0
0.63,8.571428571428571,100.30317311671546,11,2,0,0,348.28,63.99999999999999,0,0
0.63,8.571428571428571,100.19986645158157,11,2,0,0,333.96999999999997,60.99999999999999,0,0
0.63,8.571428571428571,100.06581730524512,11,2,0,0,319.65999999999997,57.99999999999999,0,0
0.63,8.571428571428571,99.959983448238,11,2,0,0,305.34999999999997,54.99999999999999,0,0
0.63,8.571428571428571,99.7787793183642,11,2,0,0,291.03999999999996,51.99999999999999,0,0
0.63,8.571428571428571,99.73446578542388,11,2,0,0,276.7299999999999,48.99999999999998,0,0
0.65,8.571428571428571,99.67279207456086,11,2,0,0,262.4199999999999,45.99999999999997,0,0
0.65,8.571428571428571,99.59693097388383,11,2,0,0,248.10999999999984,42.99999999999997,0,0
0.65,8.571428571428571,99.58511756158539,11,2,0,0,233.79999999999984,39.99999999999997,0,0
0.65,8.571428571428571,99.45063792201798,11,2,0,0,219.48999999999984,36.999999999999964,0,0
0.65,8.571428571428571,99.33939540698024,11,2,0,0,205.1799999999999,33.99999999999997,0,0
0.65,8.571428571428571,99.17666125400604,11,2,0,0,190.8699999999999,30.99999999999997,0,0
0.65,8.571428571428571,99.0696287107871,11,2,0,0,176.55999999999983,27.99999999999997,0,0
0.65,8.571428571428571,98.9123489382709,11,2,0,0,162.24999999999983,24.99999999999997,0,0
0.65,8.571428571428571,98.81056412305375,11,2,0,0,147.93999999999988,21.99999999999997,0,0
0.65,8.571428571428571,98.76431726464955,11,3,0,0,133.62999999999988,18.99999999999997,0,0
0.67,8.571428571428571,98.64868322488978,11,3,0,0,119.31999999999988,15.999999999999972,0,0
0.67,8.571428571428571,98.5868274443295,11,3,0,0,105.00999999999982,12.999999999999972,0,0
0.67,8.571428571428571,98.4552845688191,11,3,0,0,90.69999999999987,9.999999999999972,0,0
0.67,8.571428571428571,98.3341820828318,11,3,0,0,76.38999999999987,6.999999999999972,0,0
0.67,8.571428571428571,98.21795437392983,11,3,0,0,62.07999999999987,3.9999999999999716,0,0
0.67,8.571428571428571,98.06874522461904,11,3,0,0,47.76999999999987,0.9999999999999716,0,0
0.67,8.571428571428571,97.98222438976813,11,3,0,0,43,0.0,0,0
0.67,8.571428571428571,97.98626454122629,11,3,0,0,57.31,3.0,0,0
0.67,8.571428571428571,98.1047252216913,11,3,0,0,71.62,6.0,0,0
0.67,8.571428571428571,98.15359614761769,11,3,0,0,85.93,9.0,0,0
0.68,8.571428571428571,98.23219505788424,11,3,0,0,100.24000000000001,12.0,0,0
0.68,8.571428571428571,98.2181449815446,11,3,0,0,114.55000000000001,15.0,0,0
0.68,8.571428571428571,98.28234376500518,11,3,0,0,128.86,18.0,0,0
0.68,8.571428571428571,98.37719869468575,11,3,0,0,143.16999999999996,21.0,0,0
0.68,8.571428571428571,98.43013427491141,11,3,0,0,157.48000000000002,24.0,0,0
0.68,8.571428571428571,98.51892220580639,11,3,0,0,171.79000000000002,27.0,0,0
0.68,8.571428571428571,98.51321475488717,11,3,0,0,186.10000000000002,30.0,0,0
0.68,8.571428571428571,98.55707302357011,12,3,0,0,200.40999999999997,33.0,0,0
0.68,8.571428571428571,98.57393747880731,12,3,0,0,214.71999999999997,36.0,0,0
0.68,8.571428571428571,98.64720509320072,12,3,0,0,229.03000000000003,39.0,0,0
0.70,8.571428571428571,98.6732113846172,13,3,0,0,243.34000000000003,42.00000000000001,0,0
0.70,8.571428571428571,98.76419658611306,13,3,0,0,257.65000000000003,45.00000000000001,0,0
0.70,8.571428571428571,98.86250657797892,13,3,0,0,271.96000000000004,48.00000000000001,0,0
0.70,8.571428571428571,99.11163648284085,13,3,0,0,286.27000000000004,51.00000000000001,0,0
0.70,8.571428571428571,99.28431688493905,13,3,0,0,300.58000000000004,54.00000000000001,0,0
0.70,8.571428571428571,99.4685330747216,13,3,0,0,314.89000000000004,57.000000000000014,0,0
0.70,8.571428571428571,99.6126589444274,13,3,0,0,329.20000000000005,60.00000000000001,0,0
0.70,8.571428571428571,99.83260514923022,13,3,0,0,343.51,63.0,0,0
0.70,8.571428571428571,99.93729107375559,14,3,0,0,357.82,66.0,0,0
0.70,8.571428571428571,100.12851867073539,14,3,0,0,372.13,69.0,0,0
0.72,8.571428571428571,100.19039390903582,14,3,0,0,386.44,72.0,0,0
0.72,8.571428571428571,100.23005385075075,14,3,0,0,400.75,75.0,0,0
0.72,8.571428571428571,100.38059147906567,14,3,0,0,415.06,78.0,0,0
0.72,8.571428571428571,100.54458468121082,15,3,0,0,429.37,81.0,0,0
0.72,8.571428571428571,100.76951842753088,15,3,0,0,443.68,84.0,0,0
0.72,8.571428571428571,100.96297930918314,15,3,0,0,457.99,87.0,0,0
0.72,8.571428571428571,101.08903719168191,15,3,0,0,472.3,90.0,0,0
0.72,8.571428571428571,101.29594997872441,15,3,0,0,486.61,93.0,0,0
0.72,8.571428571428571,101.4814241204473,15,3,0,0,500.92,96.0,0,0
0.72,8.571428571428571,101.6023382597327,15,3,0,0,515.23,99.0,0,0
0.73,8.571428571428571,101.84258552363252,15,3,0,0,520,100.0,0,0
0.73,8.571428571428571,101.70339102087657,15,3,0,0,505.69,97.0,0,0
0.73,8.571428571428571,101.60198729465614,15,4,0,0,491.38,94.0,0,0
0.73,8.571428571428571,101.50521611276554,15,4,0,0,477.07,91.0,0,0
0.73,8.571428571428571,101.35344422220099,15,4,0,0,462.76,88.0,0,0
0.73,8.571428571428571,101.1521940527343,15,4,0,0,448.45,85.0,0,0
0.73,8.571428571428571,101.07740719386179,15,4,0,0,434.14,82.0,0,0
0.73,8.571428571428571,101.02853112751077,15,4,0,0,419.83,79.0,0,0
0.73,8.571428571428571,100.98064932094341,15,4,0,0,405.52,76.0,0,0
0.73,8.571428571428571,100.87968788842306,15,4,0,0,391.21,73.0,0,0
0.75,8.571428571428571,100.70537510784001,15,4,0,0,376.9,70.0,0,0
0.75,8.571428571428571,100.57595663836896,15,4,0,0,362.59000000000003,67.0,0,0
0.75,8.571428571428571,100.45788483726747,15,4,0,0,348.28,63.99999999999999,0,0
0.75,8.571428571428571,100.33567098188304,15,4,0,0,333.96999999999997,60.99999999999999,0,0
0.75,8.571428571428571,100.22560485365202,15,4,0,0,319.65999999999997,57.99999999999999,0,0
0.75,8.571428571428571,100.10562494739699,15,4,0,0,305.34999999999997,54.99999999999999,0,0
0.75,8.571428571428571,100.02061595909187,15,4,0,0,291.03999999999996,51.99999999999999,0,0
0.75,8.571428571428571,100.0031177885728,16,4,0,0,276.7299999999999,48.99999999999998,0,0
0.75,8.571428571428571,99.95636103807867,16,4,0,0,262.4199999999999,45.99999999999997,0,0
0.75,8.571428571428571,99.83134280825601,16,4,0,0,248.10999999999984,42.99999999999997,0,0
0.77,8.571428571428571,99.76820268093329,16,4,0,0,233.79999999999984,39.99999999999997,0,0
0.77,8.571428571428571,99.6856058017207,16,4,0,0,219.48999999999984,36.999999999999964,0,0
0.77,8.571428571428571,99.60158118005884,16,4,0,0,205.1799999999999,33.99999999999997,0,0
0.77,8.571428571428571,99.52562619331279,16,4,0,0,190.8699999999999,30.99999999999997,0,0
0.77,8.571428571428571,99.44261253855274,16,4,0,0,176.55999999999983,27.99999999999997,0,0
0.77,8.571428571428571,99.31497319367978,16,4,0,0,162.24999999999983,24.99999999999997,0,0
0.77,8.571428571428571,99.26370149279079,16,4,0,0,147.93999999999988,21.99999999999997,0,0
0.77,8.571428571428571,99.21795657919839,16,4,0,0,133.62999999999988,18.99999999999997,0,0
0.77,8.571428571428571,99.16766797419398,16,4,0,0,119.31999999999988,15.999999999999972,0,0
0.77,8.571428571428571,99.04547755789551,16,4,0,0,105.00999999999982,12.999999999999972,0,0
0.78,8.571428571428571,98.95867978902464,16,4,0,0,90.69999999999987,9.999999999999972,0,0
0.78,8.571428571428571,98.78767178302476,16,4,0,0,76.38999999999987,6.999999999999972,0,0
0.78,8.571428571428571,98.70473945914694,16,4,0,0,62.07999999999987,3.9999999999999716,0,0
0.78,8.571428571428571,98.65044760061616,16,4,0,0,47.76999999999987,0.9999999999999716,0,0
0.78,8.571428571428571,98.57331389190834,16,4,0,0,43,0.0,0,0
0.78,8.571428571428571,98.64516801680877,16,4,0,0,57.31,3.0,0,0
0.78,8.571428571428571,98.6473203914882,16,4,0,0,71.62,6.0,0,0
0.78,8.571428571428571,98.63704750182913,16,4,0,0,85.93,9.0,0,0
0.78,8.571428571428571,98.69713617209987,16,4,0,0,100.24000000000001,12.0,0,0
0.78,8.571428571428571,98.70271855421562,16,4,0,0,114.55000000000001,15.0,0,0
0.80,8.571428571428571,98.76123930686204,16,4,0,0,128.86,18.0,0,0
0.80,8.571428571428571,98.80433354162513,16,4,0,0,143.16999999999996,21.0,0,0
0.80,8.571428571428571,98.77677031620523,16,4,0,0,157.48000000000002,24.0,0,0
0.80,8.571428571428571,98.85325040295466,16,4,0,0,171.79000000000002,27.0,0,0
0.80,8.571428571428571,98.91124099979494,16,4,0,0,186.10000000000002,30.0,0,0
0.80,8.571428571428571,98.88634929294054,16,4,0,0,200.40999999999997,33.0,0,0
0.80,8.571428571428571,98.98246604195886,16,4,0,0,214.71999999999997,36.0,0,0
0.80,8.571428571428571,98.9420345669131,16,4,0,0,229.03000000000003,39.0,0,0
0.80,8.571428571428571,98.96524210035223,16,4,0,0,243.34000000000003,42.00000000000001,0,0
0.80,8.571428571428571,98.98106452742032,16,4,0,0,257.65000000000003,45.00000000000001,0,0
0.82,8.571428571428571,99.00424001277119,16,4,0,0,271.96000000000004,48.00000000000001,0,0
0.82,8.571428571428571,99.13768994232862,16,4,0,0,286.27000000000004,51.00000000000001,0,0
0.82,8.571428571428571,99.20132637542078,16,4,0,0,300.58000000000004,54.00000000000001,0,0
0.82,8.571428571428571,99.2668635902229,16,4,0,0,314.89000000000004,57.000000000000014,0,0
0.82,8.571428571428571,99.48441376718242,16,4,0,0,329.20000000000005,60.00000000000001,0,0
0.82,8.571428571428571,99.62464958564834,16,4,0,0,343.51,63.0,0,0
0.82,8.571428571428571,99.70414355816284,16,4,0,0,357.82,66.0,0,0
0.82,8.571428571428571,99.79424198482822,16,4,0,0,372.13,69.0,0,0
0.82,8.571428571428571,100.02719042002808,16,4,0,0,386.44,72.0,0,0
0.82,8.571428571428571,100.148773255208,16,4,0,0,400.75,75.0,0,0
0.83,8.571428571428571,100.26017629844887,16,4,0,0,415.06,78.0,0,0
0.83,8.571428571428571,100.37608178486025,16,4,0,0,429.37,81.0,0,0
0.83,8.571428571428571,100.57206954103944,16,4,0,0,443.68,84.0,0,0
0.83,8.571428571428571,100.65520198952656,16,4,0,0,457.99,87.0,0,0
0.83,8.571428571428571,100.84305038489734,16,4,0,0,472.3,90.0,0,0
0.83,8.571428571428571,100.9050304310181,17,4,0,0,486.61,93.0,0,0
0.83,8.571428571428571,100.97097524126092,18,4,0,0,500.92,96.0,0,0
0.83,8.571428571428571,101.09112276890383,18,4,0,0,515.23,99.0,0,0
0.83,8.571428571428571,101.27697777504078,18,4,0,0,520,100.0,0,0
0.83,8.571428571428571,101.12769097111084,18,4,0,0,505.69,97.0,0,0
0.85,8.571428571428571,100.98029249470143,18,4,0,0,491.38,94.0,0,0
0.85,8.571428571428571,100.90073777137013,18,4,0,0,477.07,91.0,0,0
0.85,8.571428571428571,100.7805680579043,18,4,0,0,462.76,88.0,0,0
0.85,8.571428571428571,100.65572287544707,18,4,0,0,448.45,85.0,0,0
0.85,8.571428571428571,100.57670086594337,18,4,0,0,434.14,82.0,0,0
0.85,8.571428571428571,100.51400634568819,18,4,0,0,419.83,79.0,0,0
0.85,8.571428571428571,100.36306371478265,18,4,0,0,405.52,76.0,0,0
0.85,8.571428571428571,100.26844941390655,18,4,0,0,391.21,73.0,0,0
0.85,8.571428571428571,100.19770884094123,18,4,0,0,376.9,70.0,0,0
0.85,8.571428571428571,100.0911941946641,18,4,0,0,362.59000000000003,67.0,0,0
0.87,8.571428571428571,99.98136175006286,18,4,0,0,348.28,63.99999999999999,0,0
0.87,8.571428571428571,99.94627041311077,18,4,0,0,333.96999999999997,60.99999999999999,0,0
0.87,8.571428571428571,99.83474046586595,18,4,0,0,319.65999999999997,57.99999999999999,0,0
0.87,8.571428571428571,99.75979915707833,18,4,0,0,305.34999999999997,54.99999999999999,0,0
0.87,8.571428571428571,99.65606959651782,18,4,0,0,291.03999999999996,51.99999999999999,0,0
0.87,8.571428571428571,99.5926580119555,18,4,0,0,276.7299999999999,48.99999999999998,0,0
0.87,8.571428571428571,99.50744715644431,18,4,0,0,262.4199999999999,45.99999999999997,0,0
0.87,8.571428571428571,99.37807379110545,18,4,0,0,248.10999999999984,42.99999999999997,0,0
0.87,8.571428571428571,99.29244812026245,18,4,0,0,233.79999999999984,39.99999999999997,0,0
0.87,8.571428571428571,99.17306422482999,18,4,0,0,219.48999999999984,36.999999999999964,0,0
0.88,8.571428571428571,99.02131103118371,18,4,0,0,205.1799999999999,33.99999999999997,0,0
0.88,8.571428571428571,98.91051467528544,18,4,0,0,190.8699999999999,30.99999999999997,0,0
0.88,8.571428571428571,98.81089852546154,18,4,0,0,176.55999999999983,27.99999999999997,0,0
0.88,8.571428571428571,98.73474034554262,18,4,0,0,162.24999999999983,24.99999999999997,0,0
0.88,8.571428571428571,98.67494612578454,18,4,0,0,147.93999999999988,21.99999999999997,0,0
0.88,8.571428571428571,98.57536892124206,18,4,0,0,133.62999999999988,18.99999999999997,0,0
0.88,8.571428571428571,98.52086740201621,18,4,0,0,119.31999999999988,15.999999999999972,0,0
0.88,8.571428571428571,98.44076337714702,18,4,0,0,105.00999999999982,12.999999999999972,0,0
0.88,8.571428571428571,98.41556132752378,18,4,0,0,90.69999999999987,9.999999999999972,0,0
0.88,8.571428571428571,98.29814724632134,18,4,0,0,76.38999999999987,6.999999999999972,0,0
0.90,8.571428571428571,98.15318297431068,18,4,0,0,62.07999999999987,3.9999999999999716,0,0
0.90,8.571428571428571,98.10085435364424,18,4,0,0,47.76999999999987,0.9999999999999716,0,0
0.90,8.571428571428571,97.97399472163237,18,4,0,0,43,0.0,0,0
0.90,8.571428571428571,97.96255634871072,18,4,0,0,57.31,3.0,0,0
0.90,8.571428571428571,97.96055357561899,18,4,0,0,71.62,6.0,0,0
0.90,8.571428571428571,97.9909620103282,18,4,0,0,85.93,9.0,0,0
0.90,8.571428571428571,98.08265823504928,19,4,0,0,100.24000000000001,12.0,0,0
0.90,8.571428571428571,98.04073733052603,19,4,0,0,114.55000000000001,15.0,0,0
0.90,8.571428571428571,98.08295086968178,19,4,0,0,128.86,18.0,0,0
0.90,8.571428571428571,98.09648395809458,19,4,0,0,143.16999999999996,21.0,0,0
0.92,8.571428571428571,98.08909501901708,19,4,0,0,157.48000000000002,24.0,0,0
0.92,8.571428571428571,98.12911555600316,19,4,0,0,171.79000000000002,27.0,0,0
0.92,8.571428571428571,98.15220346717658,19,4,0,0,186.10000000000002,30.0,0,0
0.92,8.571428571428571,98.17540611439313,19,4,0,0,200.40999999999997,33.0,0,0
0.92,8.571428571428571,98.2333322132511,19,4,0,0,214.71999999999997,36.0,0,0
0.92,8.571428571428571,98.28549568208305,19,4,0,0,229.03000000000003,39.0,0,0
0.92,8.571428571428571,98.3417441342628,19,4,0,0,243.34000000000003,42.00000000000001,0,0
0.92,8.571428571428571,98.30054350009222,19,4,0,0,257.65000000000003,45.00000000000001,0,0
0.92,8.571428571428571,98.37819161339043,19,4,0,0,271.96000000000004,48.00000000000001,0,0
0.92,8.571428571428571,98.4376514253206,19,4,0,0,286.27000000000004,51.00000000000001,0,0
0.93,8.571428571428571,98.50324721307774,19,4,0,0,300.58000000000004,54.00000000000001,0,0
0.93,8.571428571428571,98.58719601447513,19,4,0,0,314.89000000000004,57.000000000000014,0,0
0.93,8.571428571428571,98.75935500342807,19,4,0,0,329.20000000000005,60.00000000000001,0,0
0.93,8.571428571428571,98.91177003812533,19,4,0,0,343.51,63.0,0,0
0.93,8.571428571428571,99.06599024941578,19,4,0,0,357.82,66.0,0,0
0.93,8.571428571428571,99.1095361110066,19,4,0,0,372.13,69.0,0,0
0.93,8.571428571428571,99.25079399997425,19,4,0,0,386.44,72.0,0,0
0.93,8.571428571428571,99.41081125236538,19,4,0,0,400.75,75.0,0,0
0.93,8.571428571428571,99.56506832110723,19,4,0,0,415.06,78.0,0,0
0.93,8.571428571428571,99.72140197713966,20,4,0,0,429.37,81.0,0,0
0.95,8.571428571428571,99.87614080102104,20,4,0,0,443.68,84.0,0,0
0.95,8.571428571428571,99.9638686642183,20,4,0,0,457.99,87.0,0,0
0.95,8.571428571428571,100.11899558582928,20,4,0,0,472.3,90.0,0,0
0.95,8.571428571428571,100.20717099065766,20,4,0,0,486.61,93.0,0,0
0.95,8.571428571428571,100.27256471333102,20,4,0,0,500.92,96.0,0,0
0.95,8.571428571428571,100.3866022181616,20,4,0,0,515.23,99.0,0,0
0.95,8.571428571428571,100.41630608668933,20,4,0,0,520,100.0,0,0
0.95,8.571428571428571,100.3421709024655,20,4,0,0,505.69,97.0,0,0
0.95,8.571428571428571,100.27448513906744,20,4,0,0,491.38,94.0,0,0
0.95,8.571428571428571,100.18780137694317,20,4,0,0,477.07,91.0,0,0
0.97,8.571428571428571,100.12692847571466,20,4,0,0,462.76,88.0,0,0
0.97,8.571428571428571,100.08346162098633,20,4,0,0,448.45,85.0,0,0
0.97,8.571428571428571,99.98528199558318,20,4,0,0,434.14,82.0,0,0
0.97,8.571428571428571,99.97607614553495,20,4,0,0,419.83,79.0,0,0
0.97,8.571428571428571,99.91130760711314,20,4,0,0,405.52,76.0,0,0
0.97,8.571428571428571,99.88072803236572,20,4,0,0,391.21,73.0,0,0
0.97,8.571428571428571,99.78061698719063,21,4,0,0,376.9,70.0,0,0
0.97,8.571428571428571,99.66088664465356,21,4,0,0,362.59000000000003,67.0,0,0
0.97,8.571428571428571,99.64029294179876,21,4,0,0,348.28,63.99999999999999,0,0
0.97,8.571428571428571,99.51670574943229,21,4,0,0,333.96999999999997,60.99999999999999,0,0
0.98,8.571428571428571,99.44802755941096,22,4,0,0,319.65999999999997,57.99999999999999,0,0
0.98,8.571428571428571,99.40866086576249,22,4,0,0,305.34999999999997,54.99999999999999,0,0
0.98,8.571428571428571,99.32832965862029,22,4,0,0,291.03999999999996,51.99999999999999,0,0
0.98,8.571428571428571,99.26804255423234,22,4,0,0,276.7299999999999,48.99999999999998,0,0
0.98,8.571428571428571,99.20256302384315,22,4,0,0,262.4199999999999,45.99999999999997,0,0
0.98,8.571428571428571,99.13708024609497,22,4,0,0,248.10999999999984,42.99999999999997,0,0
0.98,8.571428571428571,99.10951615777726,22,4,0,0,233.79999999999984,39.99999999999997,0,0
0.98,8.571428571428571,99.01152020914074,22,4,0,0,219.48999999999984,36.999999999999964,0,0
0.98,8.571428571428571,98.9415181487177,22,4,0,0,205.1799999999999,33.99999999999997,0,0
0.98,8.571428571428571,98.88587976023217,22,4,0,0,190.8699999999999,30.99999999999997,0,0
1.00,8.571428571428571,98.8184312437856,22,4,0,0,176.55999999999983,27.99999999999997,0,0
1.00,8.571428571428571,98.76324929356426,23,4,0,0,162.24999999999983,24.99999999999997,0,0
1.00,8.571428571428571,98.7212063274665,23,4,0,0,147.93999999999988,21.99999999999997,0,0
1.00,8.571428571428571,98.68165661393193,23,4,0,0,133.62999999999988,18.99999999999997,0,0
1.00,8.571428571428571,98.58309648202889,23,4,0,0,119.31999999999988,15.999999999999972,0,0
1.00,8.571428571428571,98.56717820017393,23,4,0,0,105.00999999999982,12.999999999999972,0,0
1.00,8.571428571428571,98.47868906166312,23,4,0,0,90.69999999999987,9.999999999999972,0,0
1.00,8.571428571428571,98.3452012262043,23,4,0,0,76.38999999999987,6.999999999999972,0,0
1.00,8.571428571428571,98.29723485697167,23,4,0,0,62.07999999999987,3.9999999999999716,0,0
1.00,8.571428571428571,98.2054879733242,23,4,0,0,47.76999999999987,0.9999999999999716,0,0
1.02,8.571428571428571,98.1386477665224,23,4,0,0,43,0.0,0,0
1.02,8.571428571428571,98.18330274802572,23,4,0,0,57.31,3.0,0,0
1.02,8.571428571428571,98.20566698198785,23,4,0,0,71.62,6.0,0,0
1.02,8.571428571428571,98.170939999159,23,4,0,0,85.93,9.0,0,0
1.02,8.571428571428571,98.17158752378786,23,4,0,0,100.24000000000001,12.0,0,0
1.02,8.571428571428571,98.19683693356625,23,4,0,0,114.55000000000001,15.0,0,0
1.02,8.571428571428571,98.21360374183142,23,4,0,0,128.86,18.0,0,0
1.02,8.571428571428571,98.29070575060787,23,4,0,0,143.16999999999996,21.0,0,0
1.02,8.571428571428571,98.2939405946305,23,4,0,0,157.48000000000002,24.0,0,0
1.03,8.571428571428571,98.30017824735809,23,4,0,0,171.79000000000002,27.0,0,0
1.03,8.571428571428571,98.33096233900865,23,4,0,0,186.10000000000002,30.0,0,0
1.03,8.571428571428571,98.40577748159929,23,4,0,0,200.40999999999997,33.0,0,0
1.03,8.571428571428571,98.47475274047277,23,4,0,0,214.71999999999997,36.0,0,0
1.03,8.571428571428571,98.48990414675032,23,4,0,0,229.03000000000003,39.0,0,0
1.03,8.571428571428571,98.57686982398134,23,5,0,0,243.34000000000003,42.00000000000001,0,0
1.03,8.571428571428571,98.6146216075844,23,5,0,0,257.65000000000003,45.00000000000001,0,0
1.03,8.571428571428571,98.67356711688525,23,5,0,0,271.96000000000004,48.00000000000001,0,0
1.03,8.571428571428571,98.80957148073153,23,5,0,0,286.27000000000004,51.00000000000001,0,0
1.03,8.571428571428571,98.86331515455784,23,5,0,0,300.58000000000004,54.00000000000001,0,0
1.05,8.571428571428571,98.94109537454152,23,5,0,0,314.89000000000004,57.000000000000014,0,0
1.05,8.571428571428571,99.03608459334382,23,5,0,0,329.20000000000005,60.00000000000001,0,0
1.05,8.571428571428571,99.22019279595403,24,5,0,0,343.51,63.0,0,0
1.05,8.571428571428571,99.36999889903694,24,5,0,0,357.82,66.0,0,0
1.05,8.571428571428571,99.3886948229606,24,5,0,0,372.13,69.0,0,0
1.05,8.571428571428571,99.47751123484784,25,5,0,0,386.44,72.0,0,0
1.05,8.571428571428571,99.53922134856482,25,5,0,0,400.75,75.0,0,0
1.05,8.571428571428571,99.61685026901594,25,5,0,0,415.06,78.0,0,0
1.05,8.571428571428571,99.75252990424961,25,5,0,0,429.37,81.0,0,0
1.07,8.571428571428571,99.89613986789783,25,5,0,0,443.68,84.0,0,0
1.07,8.571428571428571,99.92204912046047,25,5,0,0,457.99,87.0,0,0
1.07,8.571428571428571,99.98478768332058,25,5,0,0,472.3,90.0,0,0
1.07,8.571428571428571,100.08306268174924,25,5,0,0,486.61,93.0,0,0
1.07,8.571428571428571,100.14870330668484,25,5,0,0,500.92,96.0,0,0
1.07,8.571428571428571,100.21294931260988,25,5,0,0,515.23,99.0,0,0
1.07,8.571428571428571,100.30897422126631,25,5,0,0,520,100.0,0,0
1.07,8.571428571428571,100.22845179687141,25,5,0,0,505.69,97.0,0,0
1.07,8.571428571428571,100.15938818343103,25,5,0,0,491.38,94.0,0,0
1.07,8.571428571428571,100.08753596112726,25,5,0,0,477.07,91.0,0,0
1.08,8.571428571428571,100.02996939695976,25,5,0,0,462.76,88.0,0,0
1.08,8.571428571428571,99.99365210099617,25,5,0,0,448.45,85.0,0,0
1.08,8.571428571428571,99.90010676210592,25,5,0,0,434.14,82.0,0,0
1.08,8.571428571428571,99.81842549111303,25,5,0,0,419.83,79.0,0,0
1.08,8.571428571428571,99.77367205126848,25,5,0,0,405.52,76.0,0,0
1.08,8.571428571428571,99.6604822216499,25,5,0,0,391.21,73.0,0,0
1.08,8.571428571428571,99.5823623099688,25,5,0,0,376.9,70.0,0,0
1.08,8.571428571428571,99.49975834098161,25,5,0,0,362.59000000000003,67.0,0,0
1.08,8.571428571428571,99.37064901743878,25,5,0,0,348.28,63.99999999999999,0,0
1.08,8.571428571428571,99.31493176931353,25,5,0,0,333.96999999999997,60.99999999999999,0,0
1.10,8.571428571428571,99.29809202964212,25,5,0,0,319.65999999999997,57.99999999999999,0,0
1.10,8.571428571428571,99.22121166450498,25,5,0,0,305.34999999999997,54.99999999999999,0,0
1.10,8.571428571428571,99.13576512066479,25,5,0,0,291.03999999999996,51.99999999999999,0,0
1.10,8.571428571428571,99.10052867973027,25,5,0,0,276.7299999999999,48.99999999999998,0,0
1.10,8.571428571428571,98.97838350853185,25,5,0,0,262.4199999999999,45.99999999999997,0,0
1.10,8.571428571428571,98.89237480064637,25,5,0,0,248.10999999999984,42.99999999999997,0,0
1.10,8.571428571428571,98.77583799800655,25,5,0,0,233.79999999999984,39.99999999999997,0,0
1.10,8.571428571428571,98.69128733497514,25,5,0,0,219.48999999999984,36.999999999999964,0,0
1.10,8.571428571428571,98.62138614620237,25,5,0,0,205.1799999999999,33.99999999999997,0,0
1.10,8.571428571428571,98.55506885834161,25,5,0,0,190.8699999999999,30.99999999999997,0,0
1.12,8.571428571428571,98.4897715000768,25,5,0,0,176.55999999999983,27.99999999999997,0,0
1.12,8.571428571428571,98.41570459778252,25,5,0,0,162.24999999999983,24.99999999999997,0,0
1.12,8.571428571428571,98.40693261887746,25,5,0,0,147.93999999999988,21.99999999999997,0,0
1.12,8.571428571428571,98.33703274681112,25,5,0,0,133.62999999999988,18.99999999999997,0,0
1.12,8.571428571428571,98.24880350717228,25,5,0,0,119.31999999999988,15.999999999999972,0,0
1.12,8.571428571428571,98.15121855801303,25,5,0,0,105.00999999999982,12.999999999999972,0,0
1.12,8.571428571428571,98.11664672377574,25,5,0,0,90.69999999999987,9.999999999999972,0,0
1.12,8.571428571428571,98.05358005586453,25,5,0,0,76.38999999999987,6.999999999999972,0,0
1.12,8.571428571428571,98.00060879109931,25,5,0,0,62.07999999999987,3.9999999999999716,0,0
1.12,8.571428571428571,97.91636276038535,25,5,0,0,47.76999999999987,0.9999999999999716,0,0
1.13,8.571428571428571,97.84587317865564,25,5,0,0,43,0.0,0,0
1.13,8.571428571428571,97.92127540996235,25,5,0,0,57.31,3.0,0,0
1.13,8.571428571428571,97.96716153657182,25,5,0,0,71.62,6.0,0,0
1.13,8.571428571428571,98.01705820652403,25,5,0,0,85.93,9.0,0,0
1.13,8.571428571428571,98.09747775218607,26,5,0,0,100.24000000000001,12.0,0,0
1.13,8.571428571428571,98.15906998414614,26,5,0,0,114.55000000000001,15.0,0,0
1.13,8.571428571428571,98.16001160178196,26,5,0,0,128.86,18.0,0,0
1.13,8.571428571428571,98.19236881464703,26,5,0,0,143.16999999999996,21.0,0,0
1.13,8.571428571428571,98.20393759809912,26,5,0,0,157.48000000000002,24.0,0,0
1.13,8.571428571428571,98.27300194802869,26,5,0,0,171.79000000000002,27.0,0,0
1.15,8.571428571428571,98.27261086997491,26,5,0,0,186.10000000000002,30.0,0,0
1.15,8.571428571428571,98.2808602112934,26,5,0,0,200.40999999999997,33.0,0,0
1.15,8.571428571428571,98.30906416395383,26,5,0,0,214.71999999999997,36.0,0,0
1.15,8.571428571428571,98.31389561325686,26,5,0,0,229.03000000000003,39.0,0,0
1.15,8.571428571428571,98.4097986191364,27,5,0,0,243.34000000000003,42.00000000000001,0,0
1.15,8.571428571428571,98.42911350211007,27,5,0,0,257.65000000000003,45.00000000000001,0,0
1.15,8.571428571428571,98.43522444524741,27,5,0,0,271.96000000000004,48.00000000000001,0,0
1.15,8.571428571428571,98.52100195553074,27,5,0,0,286.27000000000004,51.00000000000001,0,0
1.15,8.571428571428571,98.54421719023235,27,5,0,0,300.58000000000004,54.00000000000001,0,0
1.15,8.571428571428571,98.57860437202639,28,5,0,0,314.89000000000004,57.000000000000014,0,0
1.17,8.571428571428571,98.68096031797242,28,5,0,0,329.20000000000005,60.00000000000001,0,0
1.17,8.571428571428571,98.74470468617284,28,5,0,0,343.51,63.0,0,0
1.17,8.571428571428571,98.81643729938737,28,5,0,0,357.82,66.0,0,0
1.17,8.571428571428571,98.88956558954898,28,5,0,0,372.13,69.0,0,0
1.17,8.571428571428571,98.9103151920206,28,5,0,0,386.44,72.0,0,0
1.17,8.571428571428571,98.99129489740957,28,5,0,0,400.75,75.0,0,0
1.17,8.571428571428571,99.10335488634024,28,5,0,0,415.06,78.0,0,0
1.17,8.571428571428571,99.15934780840858,28,5,0,0,429.37,81.0,0,0
1.17,8.571428571428571,99.17247422460946,28,5,0,0,443.68,84.0,0,0
1.17,8.571428571428571,99.33066166865302,28,5,0,0,457.99,87.0,0,0
1.18,8.571428571428571,99.3833798301065,28,5,0,0,472.3,90.0,0,0
1.18,8.571428571428571,99.42360212865074,28,5,0,0,486.61,93.0,0,0
1.18,8.571428571428571,99.52728823718004,28,5,0,0,500.92,96.0,0,0
1.18,8.571428571428571,99.64842022421324,28,5,0,0,515.23,99.0,0,0
1.18,8.571428571428571,99.75656778170071,28,5,0,0,520,100.0,0,0
1.18,8.571428571428571,99.70859910959526,28,5,0,0,505.69,97.0,0,0
1.18,8.571428571428571,99.66027168958264,28,5,0,0,491.38,94.0,0,0
1.18,8.571428571428571,99.64558832599006,28,5,0,0,477.07,91.0,0,0
1.18,8.571428571428571,99.5277311212753,28,5,0,0,462.76,88.0,0,0
1.18,8.571428571428571,99.44348609762405,28,5,0,0,448.45,85.0,0,0
1.20,8.571428571428571,99.3872765378841,28,5,0,0,434.14,82.0,0,0
1.20,8.571428571428571,99.33094636036843,28,5,0,0,419.83,79.0,0,0
1.20,8.571428571428571,99.28087104551678,28,5,0,0,405.52,76.0,0,0
1.20,8.571428571428571,99.23675756971718,28,5,0,0,391.21,73.0,0,0
1.20,8.571428571428571,99.19798971919786,28,5,0,0,376.9,70.0,0,0
1.20,8.571428571428571,99.13660204498704,28,5,0,0,362.59000000000003,67.0,0,0
1.20,8.571428571428571,99.11657217752732,28,5,0,0,348.28,63.99999999999999,0,0
1.20,8.571428571428571,99.0898491852614,29,5,0,0,333.96999999999997,60.99999999999999,0,0
1.20,8.571428571428571,99.02409621872211,29,5,0,0,319.65999999999997,57.99999999999999,0,0
1.20,8.571428571428571,98.95441428679965,29,5,0,0,305.34999999999997,54.99999999999999,0,0
1.22,8.571428571428571,98.89340769372397,29,5,0,0,291.03999999999996,51.99999999999999,0,0
1.22,8.571428571428571,98.82101361224697,29,5,0,0,276.7299999999999,48.99999999999998,0,0
1.22,8.571428571428571,98.76503047196057,29,5,0,0,262.4199999999999,45.99999999999997,0,0
1.22,8.571428571428571,98.69032812747788,29,5,0,0,248.10999999999984,42.99999999999997,0,0
1.22,8.571428571428571,98.61137270289153,29,5,0,0,233.79999999999984,39.99999999999997,0,0
1.22,8.571428571428571,98.5502998078679,29,5,0,0,219.48999999999984,36.999999999999964,0,0
1.22,8.571428571428571,98.51560739682054,29,5,0,0,205.1799999999999,33.99999999999997,0,0
1.22,8.571428571428571,98.4735734679892,29,5,0,0,190.8699999999999,30.99999999999997,0,0
1.22,8.571428571428571,98.39072312455744,29,5,0,0,176.55999999999983,27.99999999999997,0,0
1.22,8.571428571428571,98.34377041265164,29,5,0,0,162.24999999999983,24.99999999999997,0,0
1.23,8.571428571428571,98.30565550765,29,5,0,0,147.93999999999988,21.99999999999997,0,0
1.23,8.571428571428571,98.23435466498097,29,5,0,0,133.62999999999988,18.99999999999997,0,0
1.23,8.571428571428571,98.16782368976648,29,5,0,0,119.31999999999988,15.999999999999972,0,0
1.23,8.571428571428571,98.15171949948525,29,5,0,0,105.00999999999982,12.999999999999972,0,0
1.23,8.571428571428571,98.12712130905192,29,5,0,0,90.69999999999987,9.999999999999972,0,0
1.23,8.571428571428571,98.06336033006448,29,5,0,0,76.38999999999987,6.999999999999972,0,0
1.23,8.571428571428571,97.98365041294501,29,5,0,0,62.07999999999987,3.9999999999999716,0,0
1.23,8.571428571428571,97.91494704855579,30,5,0,0,47.76999999999987,0.9999999999999716,0,0
1.23,8.571428571428571,97.91297562031987,30,5,0,0,43,0.0,0,0
1.23,8.571428571428571,97.98497851122542,30,5,0,0,57.31,3.0,0,0
1.25,8.571428571428571,97.98972215627361,30,5,0,0,71.62,6.0,0,0
1.25,8.571428571428571,98.00761270708463,30,5,0,0,85.93,9.0,0,0
1.25,8.571428571428571,98.05668060029178,30,5,0,0,100.24000000000001,12.0,0,0
1.25,8.571428571428571,98.10244396877741,30,5,0,0,114.55000000000001,15.0,0,0
1.25,8.571428571428571,98.14093232713954,30,5,0,0,128.86,18.0,0,0
1.25,8.571428571428571,98.19881480520418,30,5,0,0,143.16999999999996,21.0,0,0
1.25,8.571428571428571,98.19414628176753,30,5,0,0,157.48000000000002,24.0,0,0
1.25,8.571428571428571,98.21731820770411,30,5,0,0,171.79000000000002,27.0,0,0
1.25,8.571428571428571,98.27108466050913,30,5,0,0,186.10000000000002,30.0,0,0
1.25,8.571428571428571,98.33150786981284,30,5,0,0,200.40999999999997,33.0,0,0
1.27,8.571428571428571,98.36638655604285,30,5,0,0,214.71999999999997,36.0,0,0
1.27,8.571428571428571,98.36248873482641,30,5,0,0,229.03000000000003,39.0,0,0
1.27,8.571428571428571,98.33124367924808,30,5,0,0,243.34000000000003,42.00000000000001,0,0
1.27,8.571428571428571,98.339904376248,30,5,0,0,257.65000000000003,45.00000000000001,0,0
1.27,8.571428571428571,98.34505693697302,30,5,0,0,271.96000000000004,48.00000000000001,0,0
1.27,8.571428571428571,98.37762541088304,30,5,0,0,286.27000000000004,51.00000000000001,0,0
1.27,8.571428571428571,98.48596465038999,30,5,0,0,300.58000000000004,54.00000000000001,0,0
1.27,8.571428571428571,98.58545386580423,30,5,0,0,314.89000000000004,57.000000000000014,0,0
1.27,8.571428571428571,98.68625210677453,30,5,0,0,329.20000000000005,60.00000000000001,0,0
1.27,8.571428571428571,98.78550951023846,30,5,0,0,343.51,63.0,0,0
1.28,8.571428571428571,98.90133760037854,30,5,0,0,357.82,66.0,0,0
1.28,8.571428571428571,98.99501128085961,30,5,0,0,372.13,69.0,0,0
1.28,8.571428571428571,99.07013818182593,30,5,0,0,386.44,72.0,0,0
1.28,8.571428571428571,99.18775555188408,30,5,0,0,400.75,75.0,0,0
1.28,8.571428571428571,99.2578648751641,30,5,0,0,415.06,78.0,0,0
1.28,8.571428571428571,99.33128121729483,30,5,0,0,429.37,81.0,0,0
1.28,8.571428571428571,99.38335644663671,30,5,0,0,443.68,84.0,0,0
1.28,8.571428571428571,99.51312181012126,30,5,0,0,457.99,87.0,0,0
1.28,8.571428571428571,99.57954006946945,30,5,0,0,472.3,90.0,0,0
1.28,8.571428571428571,99.61143744106393,30,5,0,0,486.61,93.0,0,0
1.30,8.571428571428571,99.64011213272694,30,5,0,0,500.92,96.0,0,0
1.30,8.571428571428571,99.65157811000076,30,5,0,0,515.23,99.0,0,0
1.30,8.571428571428571,99.72892159877469,30,5,0,0,520,100.0,0,0
1.30,8.571428571428571,99.68430745074151,30,5,0,0,505.69,97.0,0,0
1.30,8.571428571428571,99.60648208569626,30,5,0,0,491.38,94.0,0,0
1.30,8.571428571428571,99.5591495606376,30,5,0,0,477.07,91.0,0,0
1.30,8.571428571428571,99.45399341521981,30,5,0,0,462.76,88.0,0,0
1.30,8.571428571428571,99.42581586604862,30,5,0,0,448.45,85.0,0,0
1.30,8.571428571428571,99.35314950925827,30,5,0,0,434.14,82.0,0,0
1.30,8.571428571428571,99.27932742735435,30,5,0,0,419.83,79.0,0,0
1.32,8.571428571428571,99.2141267829173,30,5,0,0,405.52,76.0,0,0
1.32,8.571428571428571,99.15006699247165,30,5,0,0,391.21,73.0,0,0
1.32,8.571428571428571,99.11371090961242,30,5,0,0,376.9,70.0,0,0
1.32,8.571428571428571,99.08219576665813,30,5,0,0,362.59000000000003,67.0,0,0
1.32,8.571428571428571,99.01914058198376,30,5,0,0,348.28,63.99999999999999,0,0
1.32,8.571428571428571,98.95054949927962,30,5,0,0,333.96999999999997,60.99999999999999,0,0
1.32,8.571428571428571,98.8894960546408,30,5,0,0,319.65999999999997,57.99999999999999,0,0
1.32,8.571428571428571,98.83182041405189,30,5,0,0,305.34999999999997,54.99999999999999,0,0
1.32,8.571428571428571,98.73041623544628,30,5,0,0,291.03999999999996,51.99999999999999,0,0
1.32,8.571428571428571,98.65202075846943,30,5,0,0,276.7299999999999,48.99999999999998,0,0
1.33,8.571428571428571,98.61918696017183,30,5,0,0,262.4199999999999,45.99999999999997,0,0
1.33,8.571428571428571,98.57102402713282,30,5,0,0,248.10999999999984,42.99999999999997,0,0
1.33,8.571428571428571,98.49807801103478,30,5,0,0,233.79999999999984,39.99999999999997,0,0
1.33,8.571428571428571,98.42357053500382,30,5,0,0,219.48999999999984,36.999999999999964,0,0
1.33,8.571428571428571,98.36946110266037,30,5,0,0,205.1799999999999,33.99999999999997,0,0
1.33,8.571428571428571,98.30946986227215,30,5,0,0,190.8699999999999,30.99999999999997,0,0
1.33,8.571428571428571,98.26534430724547,30,5,0,0,176.55999999999983,27.99999999999997,0,0
1.33,8.571428571428571,98.19693354412144,30,5,0,0,162.24999999999983,24.99999999999997,0,0
1.33,8.571428571428571,98.12860509719096,30,5,0,0,147.93999999999988,21.99999999999997,0,0
1.33,8.571428571428571,98.06663615718413,30,5,0,0,133.62999999999988,18.99999999999997,0,0
1.35,8.571428571428571,98.02703173096876,30,5,0,0,119.31999999999988,15.999999999999972,0,0
1.35,8.571428571428571,98.00359328542878,30,5,0,0,105.00999999999982,12.999999999999972,0,0
1.35,8.571428571428571,97.97326987593883,30,5,0,0,90.69999999999987,9.999999999999972,0,0
1.35,8.571428571428571,97.88594782952275,30,5,0,0,76.38999999999987,6.999999999999972,0,0
1.35,8.571428571428571,97.86573226558056,30,5,0,0,62.07999999999987,3.9999999999999716,0,0
1.35,8.571428571428571,97.81277947760215,30,5,0,0,47.76999999999987,0.9999999999999716,0,0
1.35,8.571428571428571,97.72488037115309,30,5,0,0,43,0.0,0,0
1.35,8.571428571428571,97.73909483152612,30,5,0,0,57.31,3.0,0,0
1.35,8.571428571428571,97.75283098613902,30,5,0,0,71.62,6.0,0,0
1.35,8.571428571428571,97.80490862889458,30,5,0,0,85.93,9.0,0,0
1.37,8.571428571428571,97.81497419666246,30,5,0,0,100.24000000000001,12.0,0,0
1.37,8.571428571428571,97.87648868543802,30,5,0,0,114.55000000000001,15.0,0,0
1.37,8.571428571428571,97.89321084903179,30,5,0,0,128.86,18.0,0,0
1.37,8.571428571428571,97.85351015162985,30,5,0,0,143.16999999999996,21.0,0,0
1.37,8.571428571428571,97.86114086319677,30,5,0,0,157.48000000000002,24.0,0,0
1.37,8.571428571428571,97.89937021242251,30,5,0,0,171.79000000000002,27.0,0,0
1.37,8.571428571428571,97.93125380984586,30,5,0,0,186.10000000000002,30.0,0,0
1.37,8.571428571428571,97.94178932232168,30,5,0,0,200.40999999999997,33.0,0,0
1.37,8.571428571428571,97.96319087682156,30,5,0,0,214.71999999999997,36.0,0,0
1.37,8.571428571428571,98.01822855948978,30,5,0,0,229.03000000000003,39.0,0,0
1.38,8.571428571428571,98.06511270383113,30,5,0,0,243.34000000000003,42.00000000000001,0,0
1.38,8.571428571428571,98.02611761193387,30,5,0,0,257.65000000000003,45.00000000000001,0,0
1.38,8.571428571428571,98.05368484950273,30,5,0,0,271.96000000000004,48.00000000000001,0,0
1.38,8.571428571428571,98.12967400264118,30,5,0,0,286.27000000000004,51.00000000000001,0,0
1.38,8.571428571428571,98.23094418104753,30,5,0,0,300.58000000000004,54.00000000000001,0,0
1.38,8.571428571428571,98.30055272710824,30,5,0,0,314.89000000000004,57.000000000000014,0,0
1.38,8.571428571428571,98.36525394435574,30,5,0,0,329.20000000000005,60.00000000000001,0,0
1.38,8.571428571428571,98.47898599073866,30,5,0,0,343.51,63.0,0,0
1.38,8.571428571428571,98.51067668219689,31,5,0,0,357.82,66.0,0,0
1.38,8.571428571428571,98.56142510798331,31,5,0,0,372.13,69.0,0,0
1.40,8.571428571428571,98.58743106924636,31,5,0,0,386.44,72.0,0,0
1.40,8.571428571428571,98.71677971281845,31,6,0,0,400.75,75.0,0,0
1.40,8.571428571428571,98.77899016336892,31,6,0,0,415.06,78.0,0,0
1.40,8.571428571428571,98.84923514641962,31,6,0,0,429.37,81.0,0,0
1.40,8.571428571428571,98.9302166483073,31,6,0,0,443.68,84.0,0,0
1.40,8.571428571428571,98.99030115190217,31,6,0,0,457.99,87.0,0,0
1.40,8.571428571428571,99.10557021456957,31,6,0,0,472.3,90.0,0,0
1.40,8.571428571428571,99.157401817977,31,6,0,0,486.61,93.0,0,0
1.40,8.571428571428571,99.23044968828472,31,6,0,0,500.92,96.0,0,0
1.40,8.571428571428571,99.25121679421922,31,6,0,0,515.23,99.0,0,0
1.42,8.571428571428571,99.31712485414435,31,6,0,0,520,100.0,0,0
1.42,8.571428571428571,99.26142038478665,31,6,0,0,505.69,97.0,0,0
1.42,8.571428571428571,99.22679963430909,31,6,0,0,491.38,94.0,0,0
1.42,8.571428571428571,99.17809918027751,31,6,0,0,477.07,91.0,0,0
1.42,8.571428571428571,99.15142594997852,31,6,0,0,462.76,88.0,0,0
1.42,8.571428571428571,99.11416291310503,31,6,0,0,448.45,85.0,0,0
1.42,8.571428571428571,99.04333347174249,31,6,0,0,434.14,82.0,0,0
1.42,8.571428571428571,99.01641550725748,31,6,0,0,419.83,79.0,0,0
1.42,8.571428571428571,98.97352458118391,31,6,0,0,405.52,76.0,0,0
1.42,8.571428571428571,98.9171087641522,31,6,0,0,391.21,73.0,0,0
1.43,8.571428571428571,98.86549978119994,31,6,0,0,376.9,70.0,0,0
1.43,8.571428571428571,98.8144506704083,31,6,0,0,362.59000000000003,67.0,0,0
1.43,8.571428571428571,98.75506444751407,31,6,0,0,348.28,63.99999999999999,0,0
1.43,8.571428571428571,98.71452405881179,31,6,0,0,333.96999999999997,60.99999999999999,0,0
1.43,8.571428571428571,98.65771321748707,32,6,0,0,319.65999999999997,57.99999999999999,0,0
1.43,8.571428571428571,98.58150509269174,32,6,0,0,305.34999999999997,54.99999999999999,0,0
1.43,8.571428571428571,98.54223254019128,32,6,0,0,291.03999999999996,51.99999999999999,0,0
1.43,8.571428571428571,98.49256469718607,32,6,0,0,276.7299999999999,48.99999999999998,0,0
1.43,8.571428571428571,98.46840300197651,32,6,0,0,262.4199999999999,45.99999999999997,0,0
1.43,8.571428571428571,98.41952955369689,32,6,0,0,248.10999999999984,42.99999999999997,0,0
1.45,8.571428571428571,98.37959069528635,32,6,0,0,233.79999999999984,39.99999999999997,0,0
1.45,8.571428571428571,98.32340788397006,32,6,0,0,219.48999999999984,36.999999999999964,0,0
1.45,8.571428571428571,98.2428398706362,32,6,0,0,205.1799999999999,33.99999999999997,0,0
1.45,8.571428571428571,98.18548614967412,32,6,0,0,190.8699999999999,30.99999999999997,0,0
1.45,8.571428571428571,98.13327291035876,32,6,0,0,176.55999999999983,27.99999999999997,0,0
1.45,8.571428571428571,98.10988046924076,32,6,0,0,162.24999999999983,24.99999999999997,0,0
1.45,8.571428571428571,98.04952507385036,32,6,0,0,147.93999999999988,21.99999999999997,0,0
1.45,8.571428571428571,97.9790864221225,32,6,0,0,133.62999999999988,18.99999999999997,0,0
1.45,8.571428571428571,97.89318127446614,33,6,0,0,119.31999999999988,15.999999999999972,0,0
1.45,8.571428571428571,97.8440340527302,33,6,0,0,105.00999999999982,12.999999999999972,0,0
1.47,8.571428571428571,97.78014606700599,34,6,0,0,90.69999999999987,9.999999999999972,0,0
1.47,8.571428571428571,97.71232803449533,34,6,0,0,76.38999999999987,6.999999999999972,0,0
1.47,8.571428571428571,97.69803245456829,34,6,0,0,62.07999999999987,3.9999999999999716,0,0
1.47,8.571428571428571,97.6151291076717,34,6,0,0,47.76999999999987,0.9999999999999716,0,0
1.47,8.571428571428571,97.57385266828165,34,6,0,0,43,0.0,0,0
1.47,8.571428571428571,97.613285864881,34,6,0,0,57.31,3.0,0,0
1.47,8.571428571428571,97.62995197821861,34,6,0,0,71.62,6.0,0,0
1.47,8.571428571428571,97.60063229735006,34,6,0,0,85.93,9.0,0,0
1.47,8.571428571428571,97.58719302878983,34,6,0,0,100.24000000000001,12.0,0,0
1.47,8.571428571428571,97.59569682139727,34,6,0,0,114.55000000000001,15.0,0,0
1.48,8.571428571428571,97.62313992273285,34,6,0,0,128.86,18.0,0,0
1.48,8.571428571428571,97.61847098860223,34,6,0,0,143.16999999999996,21.0,0,0
1.48,8.571428571428571,97.65023561847828,34,6,0,0,157.48000000000002,24.0,0,0
1.48,8.571428571428571,97.6344936753869,34,6,0,0,171.79000000000002,27.0,0,0
1.48,8.571428571428571,97.65073506027656,34,6,0,0,186.10000000000002,30.0,0,0
1.48,8.571428571428571,97.6824155639155,34,6,0,0,200.40999999999997,33.0,0,0
1.48,8.571428571428571,97.72149743370274,34,6,0,0,214.71999999999997,36.0,0,0
1.48,8.571428571428571,97.78260049353864,34,6,0,0,229.03000000000003,39.0,0,0
1.48,8.571428571428571,97.83041645854735,34,6,0,0,243.34000000000003,42.00000000000001,0,0
1.48,8.571428571428571,97.80481190768668,34,6,0,0,257.65000000000003,45.00000000000001,0,0
1.50,8.571428571428571,97.79759727286178,34,6,0,0,271.96000000000004,48.00000000000001,0,0
1.50,8.571428571428571,97.85827640990273,34,6,0,0,286.27000000000004,51.00000000000001,0,0
1.50,8.571428571428571,97.96509737481793,35,6,0,0,300.58000000000004,54.00000000000001,0,0
1.50,8.571428571428571,98.06802706796616,35,6,0,0,314.89000000000004,57.000000000000014,0,0
1.50,8.571428571428571,98.08914188641269,35,6,0,0,329.20000000000005,60.00000000000001,0,0
1.50,8.571428571428571,98.1816359072769,35,6,0,0,343.51,63.0,0,0
1.50,8.571428571428571,98.24381661046759,36,6,0,0,357.82,66.0,0,0
1.50,8.571428571428571,98.3367113637135,36,6,0,0,372.13,69.0,0,0
1.50,8.571428571428571,98.39621205106465,36,6,0,0,386.44,72.0,0,0
1.50,8.571428571428571,98.495964248291,36,6,0,0,400.75,75.0,0,0
1.52,8.571428571428571,98.5829568235676,36,6,0,0,415.06,78.0,0,0
1.52,8.571428571428571,98.6327110599111,36,6,0,0,429.37,81.0,0,0
1.52,8.571428571428571,98.72305930054665,36,6,0,0,443.68,84.0,0,0
1.52,8.571428571428571,98.79827672339947,36,6,0,0,457.99,87.0,0,0
1.52,8.571428571428571,98.8894110593461,36,6,0,0,472.3,90.0,0,0
1.52,8.571428571428571,98.934657654146,36,6,0,0,486.61,93.0,0,0
1.52,8.571428571428571,98.99478821616412,36,6,0,0,500.92,96.0,0,0
1.52,8.571428571428571,99.07132759978434,36,6,0,0,515.23,99.0,0,0
1.52,8.571428571428571,99.15233180059563,36,6,0,0,520,100.0,0,0
1.52,8.571428571428571,99.07726991403598,36,6,0,0,505.69,97.0,0,0
1.53,8.571428571428571,99.01720559859677,36,6,0,0,491.38,94.0,0,0
1.53,8.571428571428571,98.96297109861955,36,6,0,0,477.07,91.0,0,0
1.53,8.571428571428571,98.94480499995595,36,6,0,0,462.76,88.0,0,0
1.53,8.571428571428571,98.90602294225705,36,6,0,0,448.45,85.0,0,0
1.53,8.571428571428571,98.86733535127512,36,6,0,0,434.14,82.0,0,0
1.53,8.571428571428571,98.80359853507704,36,6,0,0,419.83,79.0,0,0
1.53,8.571428571428571,98.77415799389121,37,6,0,0,405.52,76.0,0,0
1.53,8.571428571428571,98.73084309176066,37,6,0,0,391.21,73.0,0,0
1.53,8.571428571428571,98.66991125182834,37,6,0,0,376.9,70.0,0,0
1.53,8.571428571428571,98.60850469305258,37,6,0,0,362.59000000000003,67.0,0,0
1.55,8.571428571428571,98.57816014961637,37,6,0,0,348.28,63.99999999999999,0,0
1.55,8.571428571428571,98.5301629863553,37,6,0,0,333.96999999999997,60.99999999999999,0,0
1.55,8.571428571428571,98.51060956020723,37,6,0,0,319.65999999999997,57.99999999999999,0,0
1.55,8.571428571428571,98.48079329685298,37,6,0,0,305.34999999999997,54.99999999999999,0,0
1.55,8.571428571428571,98.40277148254066,37,6,0,0,291.03999999999996,51.99999999999999,0,0
1.55,8.571428571428571,98.35624953679987,37,6,0,0,276.7299999999999,48.99999999999998,0,0
1.55,8.571428571428571,98.31906134612521,37,6,0,0,262.4199999999999,45.99999999999997,0,0
1.55,8.571428571428571,98.2383809365656,37,7,0,0,248.10999999999984,42.99999999999997,0,0
1.55,8.571428571428571,98.19334989835482,37,7,0,0,233.79999999999984,39.99999999999997,0,0
1.55,8.571428571428571,98.14027529321464,37,7,0,0,219.48999999999984,36.999999999999964,0,0
1.57,8.571428571428571,98.09097536936115,37,7,0,0,205.1799999999999,33.99999999999997,0,0
1.57,8.571428571428571,98.02770779738019,38,7,0,0,190.8699999999999,30.99999999999997,0,0
1.57,8.571428571428571,98.02403651406217,38,7,0,0,176.55999999999983,27.99999999999997,0,0
1.57,8.571428571428571,98.00180177363876,38,7,0,0,162.24999999999983,24.99999999999997,0,0
1.57,8.571428571428571,97.9472056820532,38,7,0,0,147.93999999999988,21.99999999999997,0,0
1.57,8.571428571428571,97.87457515599492,38,7,0,0,133.62999999999988,18.99999999999997,0,0
1.57,8.571428571428571,97.80815512908384,38,7,0,0,119.31999999999988,15.999999999999972,0,0
1.57,8.571428571428571,97.77242813258674,38,7,0,0,105.00999999999982,12.999999999999972,0,0
1.57,8.571428571428571,97.68976526091997,38,7,0,0,90.69999999999987,9.999999999999972,0,0
1.57,8.571428571428571,97.61815660413328,38,7,0,0,76.38999999999987,6.999999999999972,0,0
1.58,8.571428571428571,97.58993120475554,38,7,0,0,62.07999999999987,3.9999999999999716,0,0
1.58,8.571428571428571,97.54831507658142,38,7,0,0,47.76999999999987,0.9999999999999716,0,0
1.58,8.571428571428571,97.501463497761,38,7,0,0,43,0.0,0,0
1.58,8.571428571428571,97.53325113378624,38,7,0,0,57.31,3.0,0,0
1.58,8.571428571428571,97.57210898739581,38,7,0,0,71.62,6.0,0,0
1.58,8.571428571428571,97.5738785424299,38,7,0,0,85.93,9.0,0,0
1.58,8.571428571428571,97.58148802105607,38,7,0,0,100.24000000000001,12.0,0,0
1.58,8.571428571428571,97.54741971690193,38,7,0,0,114.55000000000001,15.0,0,0
1.58,8.571428571428571,97.57437543169377,38,7,0,0,128.86,18.0,0,0
1.58,8.571428571428571,97.55872709317786,38,7,0,0,143.16999999999996,21.0,0,0
1.60,8.571428571428571,97.59599573721879,38,7,0,0,157.48000000000002,24.0,0,0
1.60,8.571428571428571,97.63499094212456,38,7,0,0,171.79000000000002,27.0,0,0
1.60,8.571428571428571,97.6074419876748,38,7,0,0,186.10000000000002,30.0,0,0
1.60,8.571428571428571,97.62741102601545,38,7,0,0,200.40999999999997,33.0,0,0
1.60,8.571428571428571,97.66504261330479,38,7,0,0,214.71999999999997,36.0,0,0
1.60,8.571428571428571,97.67988692029324,38,7,0,0,229.03000000000003,39.0,0,0
1.60,8.571428571428571,97.69298607111962,38,7,0,0,243.34000000000003,42.00000000000001,0,0
1.60,8.571428571428571,97.70118119817668,38,7,0,0,257.65000000000003,45.00000000000001,0,0
1.60,8.571428571428571,97.68674932028958,38,7,0,0,271.96000000000004,48.00000000000001,0,0
1.60,8.571428571428571,97.76912145738996,38,7,0,0,286.27000000000004,51.00000000000001,0,0
1.62,8.571428571428571,97.83245256943495,38,7,0,0,300.58000000000004,54.00000000000001,0,0
1.62,8.571428571428571,97.92687639051526,38,7,0,0,314.89000000000004,57.000000000000014,0,0
1.62,8.571428571428571,97.97497185597872,38,7,0,0,329.20000000000005,60.00000000000001,0,0
1.62,8.571428571428571,98.08144222987832,38,7,0,0,343.51,63.0,0,0
1.62,8.571428571428571,98.15335444415766,39,7,0,0,357.82,66.0,0,0
1.62,8.571428571428571,98.25648294525794,39,7,0,0,372.13,69.0,0,0
1.62,8.571428571428571,98.33998081802503,39,7,0,0,386.44,72.0,0,0
1.62,8.571428571428571,98.37088468824265,39,7,0,0,400.75,75.0,0,0
1.62,8.571428571428571,98.4230476280601,39,7,0,0,415.06,78.0,0,0
1.62,8.571428571428571,98.5105409045912,39,7,0,0,429.37,81.0,0,0
1.63,8.571428571428571,98.5712488350839,39,7,0,0,443.68,84.0,0,0
1.63,8.571428571428571,98.63353542234827,39,7,0,0,457.99,87.0,0,0
1.63,8.571428571428571,98.68304726082323,39,7,0,0,472.3,90.0,0,0
1.63,8.571428571428571,98.75153846998343,39,7,0,0,486.61,93.0,0,0
1.63,8.571428571428571,98.83602012656392,39,7,0,0,500.92,96.0,0,0
1.63,8.571428571428571,98.86873973295197,39,7,0,0,515.23,99.0,0,0
1.63,8.571428571428571,98.95643156459353,39,7,0,0,520,100.0,0,0
1.63,8.571428571428571,98.9385862524411,39,7,0,0,505.69,97.0,0,0
1.63,8.571428571428571,98.88738951982494,40,7,0,0,491.38,94.0,0,0
1.63,8.571428571428571,98.8503128879393,40,7,0,0,477.07,91.0,0,0
1.65,8.571428571428571,98.7879703180372,40,7,0,0,462.76,88.0,0,0
1.65,8.571428571428571,98.74874885554969,40,7,0,0,448.45,85.0,0,0
1.65,8.571428571428571,98.72364501852307,40,7,0,0,434.14,82.0,0,0
1.65,8.571428571428571,98.68548191391208,40,7,0,0,419.83,79.0,0,0
1.65,8.571428571428571,98.66385171231374,40,7,0,0,405.52,76.0,0,0
1.65,8.571428571428571,98.6151536904756,40,7,0,0,391.21,73.0,0,0
1.65,8.571428571428571,98.5975844944049,40,7,0,0,376.9,70.0,0,0
1.65,8.571428571428571,98.55578086247542,40,7,0,0,362.59000000000003,67.0,0,0
1.65,8.571428571428571,98.4982215233415,40,7,0,0,348.28,63.99999999999999,0,0
1.65,8.571428571428571,98.47112175638496,40,7,0,0,333.96999999999997,60.99999999999999,0,0
1.67,8.571428571428571,98.41557216235427,40,7,0,0,319.65999999999997,57.99999999999999,0,0
1.67,8.571428571428571,98.38067674429918,40,7,0,0,305.34999999999997,54.99999999999999,0,0
1.67,8.571428571428571,98.36721728248182,40,7,0,0,291.03999999999996,51.99999999999999,0,0
1.67,8.571428571428571,98.34761788450885,40,7,0,0,276.7299999999999,48.99999999999998,0,0
1.67,8.571428571428571,98.3271389406155,40,7,0,0,262.4199999999999,45.99999999999997,0,0
1.67,8.571428571428571,98.30588562423107,40,7,0,0,248.10999999999984,42.99999999999997,0,0
1.67,8.571428571428571,98.28024859260417,40,7,0,0,233.79999999999984,39.99999999999997,0,0
1.67,8.571428571428571,98.23029581426405,40,7,0,0,219.48999999999984,36.999999999999964,0,0
1.67,8.571428571428571,98.1906036732417,40,7,0,0,205.1799999999999,33.99999999999997,0,0
1.67,8.571428571428571,98.15335635362794,40,7,0,0,190.8699999999999,30.99999999999997,0,0
1.68,8.571428571428571,98.0813264074101,40,7,0,0,176.55999999999983,27.99999999999997,0,0
1.68,8.571428571428571,98.03628498486223,40,7,0,0,162.24999999999983,24.99999999999997,0,0
1.68,8.571428571428571,97.97607846636885,40,7,0,0,147.93999999999988,21.99999999999997,0,0
1.68,8.571428571428571,97.9071673158303,40,7,0,0,133.62999999999988,18.99999999999997,0,0
1.68,8.571428571428571,97.83063390126355,41,7,0,0,119.31999999999988,15.999999999999972,0,0
1.68,8.571428571428571,97.75614470563436,41,7,0,0,105.00999999999982,12.999999999999972,0,0
1.68,8.571428571428571,97.6836687758782,41,7,0,0,90.69999999999987,9.999999999999972,0,0
1.68,8.571428571428571,97.66698289225322,41,7,0,0,76.38999999999987,6.999999999999972,0,0
1.68,8.571428571428571,97.58406177250387,41,7,0,0,62.07999999999987,3.9999999999999716,0,0
1.68,8.571428571428571,97.54320553954287,41,7,0,0,47.76999999999987,0.9999999999999716,0,0
1.70,8.571428571428571,97.49588481840374,41,7,0,0,43,0.0,0,0
1.70,8.571428571428571,97.5263109585118,41,7,0,0,57.31,3.0,0,0
1.70,8.571428571428571,97.56307688304497,41,7,0,0,71.62,6.0,0,0
1.70,8.571428571428571,97.53791319003669,41,7,0,0,85.93,9.0,0,0
1.70,8.571428571428571,97.56822631319012,41,7,0,0,100.24000000000001,12.0,0,0
1.70,8.571428571428571,97.6168090775945,41,7,0,0,114.55000000000001,15.0,0,0
1.70,8.571428571428571,97.64409451164192,41,7,0,0,128.86,18.0,0,0
1.70,8.571428571428571,97.65368784878216,41,7,0,0,143.16999999999996,21.0,0,0
1.70,8.571428571428571,97.6610911109193,41,7,0,0,157.48000000000002,24.0,0,0
1.70,8.571428571428571,97.66305486296406,41,7,0,0,171.79000000000002,27.0,0,0
1.72,8.571428571428571,97.69586192706461,41,7,0,0,186.10000000000002,30.0,0,0
1.72,8.571428571428571,97.73497322367702,41,7,0,0,200.40999999999997,33.0,0,0
1.72,8.571428571428571,97.74817564922049,41,7,0,0,214.71999999999997,36.0,0,0
1.72,8.571428571428571,97.77887019455315,41,7,0,0,229.03000000000003,39.0,0,0
1.72,8.571428571428571,97.78820028647398,41,7,0,0,243.34000000000003,42.00000000000001,0,0
1.72,8.571428571428571,97.79243583919431,41,7,0,0,257.65000000000003,45.00000000000001,0,0
1.72,8.571428571428571,97.8117450540875,41,7,0,0,271.96000000000004,48.00000000000001,0,0
1.72,8.571428571428571,97.91333606693841,41,7,0,0,286.27000000000004,51.00000000000001,0,0
1.72,8.571428571428571,97.96776417483446,41,7,0,0,300.58000000000004,54.00000000000001,0,0
1.72,8.571428571428571,97.99926406567253,41,7,0,0,314.89000000000004,57.000000000000014,0,0
1.73,8.571428571428571,98.07915277906866,41,7,0,0,329.20000000000005,60.00000000000001,0,0
1.73,8.571428571428571,98.17409659399266,41,7,0,0,343.51,63.0,0,0
1.73,8.571428571428571,98.21860308488141,41,7,0,0,357.82,66.0,0,0
1.73,8.571428571428571,98.23936949566722,41,7,0,0,372.13,69.0,0,0
1.73,8.571428571428571,98.33931304885078,41,7,0,0,386.44,72.0,0,0
1.73,8.571428571428571,98.42270297821702,41,8,0,0,400.75,75.0,0,0
1.73,8.571428571428571,98.51834002637068,41,9,0,0,415.06,78.0,0,0
1.73,8.571428571428571,98.53268348702142,41,9,0,0,429.37,81.0,0,0
1.73,8.571428571428571,98.5781812897824,41,9,0,0,443.68,84.0,0,0
1.73,8.571428571428571,98.63964244656745,41,9,0,0,457.99,87.0,0,0
1.75,8.571428571428571,98.70595510628233,41,9,0,0,472.3,90.0,0,0
1.75,8.571428571428571,98.77927518929998,41,9,0,0,486.61,93.0,0,0
1.75,8.571428571428571,98.82338686462188,42,9,0,0,500.92,96.0,0,0
1.75,8.571428571428571,98.86805192367353,42,9,0,0,515.23,99.0,0,0
1.75,8.571428571428571,98.94607707736054,42,9,0,0,520,100.0,0,0
1.75,8.571428571428571,98.92105195233812,42,9,0,0,505.69,97.0,0,0
1.75,8.571428571428571,98.85077796169746,42,9,0,0,491.38,94.0,0,0
1.75,8.571428571428571,98.80996278249266,42,9,0,0,477.07,91.0,0,0
1.75,8.571428571428571,98.74490304197974,42,9,0,0,462.76,88.0,0,0
1.75,8.571428571428571,98.727989742905,43,9,0,0,448.45,85.0,0,0
1.77,8.571428571428571,98.69414647010024,43,9,0,0,434.14,82.0,0,0
1.77,8.571428571428571,98.6320222695479,43,9,0,0,419.83,79.0,0,0
1.77,8.571428571428571,98.6159986861308,43,9,0,0,405.52,76.0,0,0
1.77,8.571428571428571,98.55425295118319,43,9,0,0,391.21,73.0,0,0
1.77,8.571428571428571,98.51234131199574,43,9,0,0,376.9,70.0,0,0
1.77,8.571428571428571,98.43935182133878,43,10,0,0,362.59000000000003,67.0,0,0
1.77,8.571428571428571,98.40550019281864,43,10,0,0,348.28,63.99999999999999,0,0
1.77,8.571428571428571,98.38079047171072,43,10,0,0,333.96999999999997,60.99999999999999,0,0
1.77,8.571428571428571,98.35303449630796,43,10,0,0,319.65999999999997,57.99999999999999,0,0
1.77,8.571428571428571,98.3123811172031,43,10,0,0,305.34999999999997,54.99999999999999,0,0
1.78,8.571428571428571,98.27377264884852,43,10,0,0,291.03999999999996,51.99999999999999,0,0
1.78,8.571428571428571,98.24972356762022,43,10,0,0,276.7299999999999,48.99999999999998,0,0
1.78,8.571428571428571,98.19730043800186,43,10,0,0,262.4199999999999,45.99999999999997,0,0
1.78,8.571428571428571,98.14771691495193,43,10,0,0,248.10999999999984,42.99999999999997,0,0
1.78,8.571428571428571,98.08579174444375,43,10,0,0,233.79999999999984,39.99999999999997,0,0
1.78,8.571428571428571,98.0349413459846,43,10,0,0,219.48999999999984,36.999999999999964,0,0
1.78,8.571428571428571,97.9970031026243,43,10,0,0,205.1799999999999,33.99999999999997,0,0
1.78,8.571428571428571,97.95970211019365,43,10,0,0,190.8699999999999,30.99999999999997,0,0
1.78,8.571428571428571,97.90291793687489,44,10,0,0,176.55999999999983,27.99999999999997,0,0
1.78,8.571428571428571,97.84850800240837,44,10,0,0,162.24999999999983,24.99999999999997,0,0
1.80,8.571428571428571,97.83868801068752,44,10,0,0,147.93999999999988,21.99999999999997,0,0
1.80,8.571428571428571,97.77076919056539,44,10,0,0,133.62999999999988,18.99999999999997,0,0
1.80,8.571428571428571,97.71858245359854,44,10,0,0,119.31999999999988,15.999999999999972,0,0
1.80,8.571428571428571,97.67910292931388,44,10,0,0,105.00999999999982,12.999999999999972,0,0
1.80,8.571428571428571,97.6325999071898,44,10,0,0,90.69999999999987,9.999999999999972,0,0
1.80,8.571428571428571,97.58555052500454,44,10,0,0,76.38999999999987,6.999999999999972,0,0
1.80,8.571428571428571,97.53798136620452,44,10,0,0,62.07999999999987,3.9999999999999716,0,0
1.80,8.571428571428571,97.51137380630405,44,10,0,0,47.76999999999987,0.9999999999999716,0,0
1.80,8.571428571428571,97.45020343197253,44,10,0,0,43,0.0,0,0
1.80,8.571428571428571,97.42832150467962,44,10,0,0,57.31,3.0,0,0
1.82,8.571428571428571,97.42804337972139,44,10,0,0,71.62,6.0,0,0
1.82,8.571428571428571,97.45795698866654,44,10,0,0,85.93,9.0,0,0
1.82,8.571428571428571,97.50421919216897,44,10,0,0,100.24000000000001,12.0,0,0
1.82,8.571428571428571,97.51187888646571,44,10,0,0,114.55000000000001,15.0,0,0
1.82,8.571428571428571,97.53801544011002,44,10,0,0,128.86,18.0,0,0
1.82,8.571428571428571,97.53046740612618,44,10,0,0,143.16999999999996,21.0,0,0
1.82,8.571428571428571,97.57482137595018,45,10,0,0,157.48000000000002,24.0,0,0
1.82,8.571428571428571,97.59540911001417,45,10,0,0,171.79000000000002,27.0,0,0
1.82,8.571428571428571,97.64007722492573,45,10,0,0,186.10000000000002,30.0,0,0
1.82,8.571428571428571,97.65952013998124,46,10,0,0,200.40999999999997,33.0,0,0
1.83,8.571428571428571,97.69981423270602,46,10,0,0,214.71999999999997,36.0,0,0
1.83,8.571428571428571,97.73746998204571,46,10,0,0,229.03000000000003,39.0,0,0
1.83,8.571428571428571,97.73954088918573,46,10,0,0,243.34000000000003,42.00000000000001,0,0
1.83,8.571428571428571,97.71877473973896,46,10,0,0,257.65000000000003,45.00000000000001,0,0
1.83,8.571428571428571,97.76338004078784,46,10,0,0,271.96000000000004,48.00000000000001,0,0
1.83,8.571428571428571,97.83869978988254,46,10,0,0,286.27000000000004,51.00000000000001,0,0
1.83,8.571428571428571,97.92187774449945,46,10,0,0,300.58000000000004,54.00000000000001,0,0
1.83,8.571428571428571,97.97029062283778,46,10,0,0,314.89000000000004,57.000000000000014,0,0
1.83,8.571428571428571,98.03404577599726,46,10,0,0,329.20000000000005,60.00000000000001,0,0
1.83,8.571428571428571,98.05993733785463,46,10,0,0,343.51,63.0,0,0
1.85,8.571428571428571,98.11988208049574,46,10,0,0,357.82,66.0,0,0
1.85,8.571428571428571,98.20086139421417,46,10,0,0,372.13,69.0,0,0
1.85,8.571428571428571,98.26149360374156,46,10,0,0,386.44,72.0,0,0
1.85,8.571428571428571,98.346031193278,46,10,0,0,400.75,75.0,0,0
1.85,8.571428571428571,98.38821531492866,46,10,0,0,415.06,78.0,0,0
1.85,8.571428571428571,98.45486946276606,46,10,0,0,429.37,81.0,0,0
1.85,8.571428571428571,98.48498262029304,46,10,0,0,443.68,84.0,0,0
1.85,8.571428571428571,98.51965614746243,46,10,0,0,457.99,87.0,0,0
1.85,8.571428571428571,98.54812640652418,46,10,0,0,472.3,90.0,0,0
1.85,8.571428571428571,98.65063383556124,46,10,0,0,486.61,93.0,0,0
1.87,8.571428571428571,98.73215809679697,46,10,0,0,500.92,96.0,0,0
1.87,8.571428571428571,98.77360098567397,46,10,0,0,515.23,99.0,0,0
1.87,8.571428571428571,98.83591633110875,46,10,0,0,520,100.0,0,0
1.87,8.571428571428571,98.79449936688633,46,10,0,0,505.69,97.0,0,0
1.87,8.571428571428571,98.76102728219591,46,10,0,0,491.38,94.0,0,0
1.87,8.571428571428571,98.71959655381329,46,10,0,0,477.07,91.0,0,0
1.87,8.571428571428571,98.71568323777963,46,10,0,0,462.76,88.0,0,0
1.87,8.571428571428571,98.69218861464482,46,10,0,0,448.45,85.0,0,0
1.87,8.571428571428571,98.625904345885,46,10,0,0,434.14,82.0,0,0
1.87,8.571428571428571,98.57005676033798,46,10,0,0,419.83,79.0,0,0
1.88,8.571428571428571,98.5407304669326,46,10,0,0,405.52,76.0,0,0
1.88,8.571428571428571,98.49713758814967,46,10,0,0,391.21,73.0,0,0
1.88,8.571428571428571,98.46850971017496,46,10,0,0,376.9,70.0,0,0
1.88,8.571428571428571,98.43924121732931,46,10,0,0,362.59000000000003,67.0,0,0
1.88,8.571428571428571,98.37164838097246,46,10,0,0,348.28,63.99999999999999,0,0
1.88,8.571428571428571,98.31227673046948,46,10,0,0,333.96999999999997,60.99999999999999,0,0
1.88,8.571428571428571,98.2703339553871,46,10,0,0,319.65999999999997,57.99999999999999,0,0
1.88,8.571428571428571,98.25642426649051,46,10,0,0,305.34999999999997,54.99999999999999,0,0
1.88,8.571428571428571,98.24462412527727,46,10,0,0,291.03999999999996,51.99999999999999,0,0
1.88,8.571428571428571,98.22981222280238,46,10,0,0,276.7299999999999,48.99999999999998,0,0
1.90,8.571428571428571,98.213469593258,46,10,0,0,262.4199999999999,45.99999999999997,0,0
1.90,8.571428571428571,98.16798830232219,46,10,0,0,248.10999999999984,42.99999999999997,0,0
1.90,8.571428571428571,98.13924501326034,46,10,0,0,233.79999999999984,39.99999999999997,0,0
1.90,8.571428571428571,98.12266311332621,47,10,0,0,219.48999999999984,36.999999999999964,0,0
1.90,8.571428571428571,98.09026453645218,47,10,0,0,205.1799999999999,33.99999999999997,0,0
1.90,8.571428571428571,98.05860295308322,47,10,0,0,190.8699999999999,30.99999999999997,0,0
1.90,8.571428571428571,98.00023864362225,47,10,0,0,176.55999999999983,27.99999999999997,0,0
1.90,8.571428571428571,97.96111982738864,47,10,0,0,162.24999999999983,24.99999999999997,0,0
1.90,8.571428571428571,97.90940036648323,47,10,0,0,147.93999999999988,21.99999999999997,0,0
1.90,8.571428571428571,97.86892221677577,47,10,0,0,133.62999999999988,18.99999999999997,0,0
1.92,8.571428571428571,97.8449987579518,47,10,0,0,119.31999999999988,15.999999999999972,0,0
1.92,8.571428571428571,97.78381705014252,48,10,0,0,105.00999999999982,12.999999999999972,0,0
1.92,8.571428571428571,97.77703193035072,48,10,0,0,90.69999999999987,9.999999999999972,0,0
1.92,8.571428571428571,97.73862321458336,48,10,0,0,76.38999999999987,6.999999999999972,0,0
1.92,8.571428571428571,97.67921329614359,48,10,0,0,62.07999999999987,3.9999999999999716,0,0
1.92,8.571428571428571,97.66047873425741,48,11,0,0,47.76999999999987,0.9999999999999716,0,0
1.92,8.571428571428571,97.62987842251154,48,11,0,0,43,0.0,0,0
1.92,8.571428571428571,97.68458084004251,48,11,0,0,57.31,3.0,0,0
1.92,8.571428571428571,97.68916336109402,48,11,0,0,71.62,6.0,0,0
1.92,8.571428571428571,97.73025951333982,48,11,0,0,85.93,9.0,0,0
1.93,8.571428571428571,97.7366098641448,49,11,0,0,100.24000000000001,12.0,0,0
1.93,8.571428571428571,97.76480136409596,49,11,0,0,114.55000000000001,15.0,0,0
1.93,8.571428571428571,97.7874911712968,49,11,0,0,128.86,18.0,0,0
1.93,8.571428571428571,97.8219570046243,49,11,0,0,143.16999999999996,21.0,0,0
1.93,8.571428571428571,97.81886347015963,49,11,0,0,157.48000000000002,24.0,0,0
1.93,8.571428571428571,97.83636991207257,49,11,0,0,171.79000000000002,27.0,0,0
1.93,8.571428571428571,97.88828370570191,49,11,0,0,186.10000000000002,30.0,0,0
1.93,8.571428571428571,97.88360507629734,49,11,0,0,200.40999999999997,33.0,0,0
1.93,8.571428571428571,97.91795313240844,49,11,0,0,214.71999999999997,36.0,0,0
1.93,8.571428571428571,97.93936133195994,49,11,0,0,229.03000000000003,39.0,0,0
1.95,8.571428571428571,97.93935688929677,49,11,0,0,243.34000000000003,42.00000000000001,0,0
1.95,8.571428571428571,97.97535122114164,49,11,0,0,257.65000000000003,45.00000000000001,0,0
1.95,8.571428571428571,97.97686972091776,49,11,0,0,271.96000000000004,48.00000000000001,0,0
1.95,8.571428571428571,98.02807449313093,49,11,0,0,286.27000000000004,51.00000000000001,0,0
1.95,8.571428571428571,98.09148533556481,49,11,0,0,300.58000000000004,54.00000000000001,0,0
1.95,8.571428571428571,98.14071947612591,49,11,0,0,314.89000000000004,57.000000000000014,0,0
1.95,8.571428571428571,98.18381067838456,49,11,0,0,329.20000000000005,60.00000000000001,0,0
1.95,8.571428571428571,98.24022175713758,49,11,0,0,343.51,63.0,0,0
1.95,8.571428571428571,98.32112757535289,49,11,0,0,357.82,66.0,0,0
1.95,8.571428571428571,98.3890292513768,49,11,0,0,372.13,69.0,0,0
1.97,8.571428571428571,98.40905908770866,49,11,0,0,386.44,72.0,0,0
1.97,8.571428571428571,98.45905247969372,49,12,0,0,400.75,75.0,0,0
1.97,8.571428571428571,98.50337319000684,49,12,0,0,415.06,78.0,0,0
1.97,8.571428571428571,98.53188021403898,49,12,0,0,429.37,81.0,0,0
1.97,8.571428571428571,98.59832520068392,49,12,0,0,443.68,84.0,0,0
1.97,8.571428571428571,98.63341403513347,49,12,0,0,457.99,87.0,0,0
1.97,8.571428571428571,98.69905631950894,50,12,0,0,472.3,90.0,0,0
1.97,8.571428571428571,98.72472325800591,50,12,0,0,486.61,93.0,0,0
1.97,8.571428571428571,98.75053744665077,50,12,0,0,500.92,96.0,0,0
1.97,8.571428571428571,98.81984904037814,50,12,0,0,515.23,99.0,0,0
1.98,8.571428571428571,98.84959305172102,50,12,0,0,520,100.0,0,0
1.98,8.571428571428571,98.84538131612324,50,12,0,0,505.69,97.0,0,0
1.98,8.571428571428571,98.81375452997284,50,12,0,0,491.38,94.0,0,0
1.98,8.571428571428571,98.77904883005556,50,12,0,0,477.07,91.0,0,0
1.98,8.571428571428571,98.76822882699436,50,12,0,0,462.76,88.0,0,0
1.98,8.571428571428571,98.73536828708916,50,12,0,0,448.45,85.0,0,0
1.98,8.571428571428571,98.68456997327584,50,12,0,0,434.14,82.0,0,0
1.98,8.571428571428571,98.64061635701147,50,12,0,0,419.83,79.0,0,0
1.98,8.571428571428571,98.59983180681343,50,12,0,0,405.52,76.0,0,0
1.98,8.571428571428571,98.5489414602463,50,12,0,0,391.21,73.0,0,0
2.00,8.571428571428571,98.5271243903726,50,12,0,0,376.9,70.0,0,0
2.00,8.571428571428571,98.48207360231571,50,12,0,0,362.59000000000003,67.0,0,0
2.00,8.571428571428571,98.45646645780323,50,12,0,0,348.28,63.99999999999999,0,0
2.00,8.571428571428571,98.40726098648696,50,12,0,0,333.96999999999997,60.99999999999999,0,0
2.00,8.571428571428571,98.38093595487688,50,12,0,0,319.65999999999997,57.99999999999999,0,0
2.00,8.571428571428571,98.3285762754968,50,12,0,0,305.34999999999997,54.99999999999999,0,0
2.00,8.571428571428571,98.30016813524074,50,12,0,0,291.03999999999996,51.99999999999999,0,0
2.00,8.571428571428571,98.26219124198165,50,12,0,0,276.7299999999999,48.99999999999998,0,0
2.00,8.571428571428571,98.20251291380713,50,12,0,0,262.4199999999999,45.99999999999997,0,0
2.00,8.571428571428571,98.15468700065556,50,12,0,0,248.10999999999984,42.99999999999997,0,0
2.02,8.571428571428571,98.12237390959918,50,12,0,0,233.79999999999984,39.99999999999997,0,0
2.02,8.571428571428571,98.06609522825967,50,12,0,0,219.48999999999984,36.999999999999964,0,0
2.02,8.571428571428571,98.0381561209995,50,12,0,0,205.1799999999999,33.99999999999997,0,0
2.02,8.571428571428571,98.01356934778225,50,12,0,0,190.8699999999999,30.99999999999997,0,0
2.02,8.571428571428571,97.98942065498613,50,12,0,0,176.55999999999983,27.99999999999997,0,0
2.02,8.571428571428571,97.97031656191315,50,12,0,0,162.24999999999983,24.99999999999997,0,0
2.02,8.571428571428571,97.9147132038971,50,12,0,0,147.93999999999988,21.99999999999997,0,0
2.02,8.571428571428571,97.89122342532735,50,12,0,0,133.62999999999988,18.99999999999997,0,0
2.02,8.571428571428571,97.85804085697438,50,12,0,0,119.31999999999988,15.999999999999972,0,0
2.02,8.571428571428571,97.82189207691532,50,12,0,0,105.00999999999982,12.999999999999972,0,0
2.03,8.571428571428571,97.80225835379333,50,12,0,0,90.69999999999987,9.999999999999972,0,0
2.03,8.571428571428571,97.7668848795317,50,12,0,0,76.38999999999987,6.999999999999972,0,0
2.03,8.571428571428571,97.74160951443287,50,12,0,0,62.07999999999987,3.9999999999999716,0,0
2.03,8.571428571428571,97.70626060684518,50,12,0,0,47.76999999999987,0.9999999999999716,0,0
2.03,8.571428571428571,97.67684025870946,50,12,0,0,43,0.0,0,0
2.03,8.571428571428571,97.70266093378866,50,12,0,0,57.31,3.0,0,0
2.03,8.571428571428571,97.71386993731078,50,12,0,0,71.62,6.0,0,0
2.03,8.571428571428571,97.72846986555177,50,12,0,0,85.93,9.0,0,0
2.03,8.571428571428571,97.74468195559388,50,12,0,0,100.24000000000001,12.0,0,0
2.03,8.571428571428571,97.72039031394516,50,12,0,0,114.55000000000001,15.0,0,0
2.05,8.571428571428571,97.74539306232757,50,12,0,0,128.86,18.0,0,0
2.05,8.571428571428571,97.77431793559106,50,12,0,0,143.16999999999996,21.0,0,0
2.05,8.571428571428571,97.76332832307186,50,12,0,0,157.48000000000002,24.0,0,0
2.05,8.571428571428571,97.76369063672607,50,12,0,0,171.79000000000002,27.0,0,0
2.05,8.571428571428571,97.79206451969483,50,12,0,0,186.10000000000002,30.0,0,0
2.05,8.571428571428571,97.82113388753963,50,12,0,0,200.40999999999997,33.0,0,0
2.05,8.571428571428571,97.8471730610194,51,12,0,0,214.71999999999997,36.0,0,0
2.05,8.571428571428571,97.84874307282615,52,12,0,0,229.03000000000003,39.0,0,0
2.05,8.571428571428571,97.85390565383004,52,12,0,0,243.34000000000003,42.00000000000001,0,0
2.05,8.571428571428571,97.86490711131609,52,12,0,0,257.65000000000003,45.00000000000001,0,0
2.07,8.571428571428571,97.88284856244186,52,12,0,0,271.96000000000004,48.00000000000001,0,0
2.07,8.571428571428571,97.90005149904391,52,12,0,0,286.27000000000004,51.00000000000001,0,0
2.07,8.571428571428571,97.93298944661733,52,12,0,0,300.58000000000004,54.00000000000001,0,0
2.07,8.571428571428571,98.0230875390547,52,12,0,0,314.89000000000004,57.000000000000014,0,0
2.07,8.571428571428571,98.08313472568632,52,12,0,0,329.20000000000005,60.00000000000001,0,0
2.07,8.571428571428571,98.10819561942685,52,12,0,0,343.51,63.0,0,0
2.07,8.571428571428571,98.13345794618279,52,12,0,0,357.82,66.0,0,0
2.07,8.571428571428571,98.18399880130949,52,12,0,0,372.13,69.0,0,0
2.07,8.571428571428571,98.21496961830238,52,12,0,0,386.44,72.0,0,0
2.07,8.571428571428571,98.26591941548978,52,12,0,0,400.75,75.0,0,0
2.08,8.571428571428571,98.34818000446377,52,12,0,0,415.06,78.0,0,0
2.08,8.571428571428571,98.39202951702244,52,12,0,0,429.37,81.0,0,0
2.08,8.571428571428571,98.47234569725279,52,12,0,0,443.68,84.0,0,0
2.08,8.571428571428571,98.53885553431671,52,12,0,0,457.99,87.0,0,0
2.08,8.571428571428571,98.56995911474303,52,12,0,0,472.3,90.0,0,0
2.08,8.571428571428571,98.64348927512779,52,12,0,0,486.61,93.0,0,0
2.08,8.571428571428571,98.70893000216587,52,12,0,0,500.92,96.0,0,0
2.08,8.571428571428571,98.78859788691184,52,12,0,0,515.23,99.0,0,0
2.08,8.571428571428571,98.81898776149423,52,12,0,0,520,100.0,0,0
2.08,8.571428571428571,98.76146004295309,52,12,0,0,505.69,97.0,0,0
2.10,8.571428571428571,98.74570029806785,52,12,0,0,491.38,94.0,0,0
2.10,8.571428571428571,98.69922545292904,52,12,0,0,477.07,91.0,0,0
2.10,8.571428571428571,98.66542671100152,52,12,0,0,462.76,88.0,0,0
2.10,8.571428571428571,98.63396177924066,52,12,0,0,448.45,85.0,0,0
2.10,8.571428571428571,98.59358966075689,52,12,0,0,434.14,82.0,0,0
2.10,8.571428571428571,98.55013937577417,52,12,0,0,419.83,79.0,0,0
2.10,8.571428571428571,98.52445697157161,52,12,0,0,405.52,76.0,0,0
2.10,8.571428571428571,98.48356036114043,52,12,0,0,391.21,73.0,0,0
2.10,8.571428571428571,98.46890565802384,52,12,0,0,376.9,70.0,0,0
2.10,8.571428571428571,98.45043964716145,52,12,0,0,362.59000000000003,67.0,0,0
2.12,8.571428571428571,98.41779879594081,52,12,0,0,348.28,63.99999999999999,0,0
2.12,8.571428571428571,98.38379478480975,52,12,0,0,333.96999999999997,60.99999999999999,0,0
2.12,8.571428571428571,98.35783032547658,52,12,0,0,319.65999999999997,57.99999999999999,0,0
2.12,8.571428571428571,98.34573823498343,52,12,0,0,305.34999999999997,54.99999999999999,0,0
2.12,8.571428571428571,98.29749479876067,52,12,0,0,291.03999999999996,51.99999999999999,0,0
2.12,8.571428571428571,98.26105838720115,52,12,0,0,276.7299999999999,48.99999999999998,0,0
2.12,8.571428571428571,98.2239965761156,52,12,0,0,262.4199999999999,45.99999999999997,0,0
2.12,8.571428571428571,98.21057275824896,52,12,0,0,248.10999999999984,42.99999999999997,0,0
2.12,8.571428571428571,98.19772423888084,52,12,0,0,233.79999999999984,39.99999999999997,0,0
2.12,8.571428571428571,98.16312921294579,52,12,0,0,219.48999999999984,36.999999999999964,0,0
2.13,8.571428571428571,98.1102840947488,52,12,0,0,205.1799999999999,33.99999999999997,0,0
2.13,8.571428571428571,98.06621228238109,52,12,0,0,190.8699999999999,30.99999999999997,0,0
2.13,8.571428571428571,98.0079214585937,52,12,0,0,176.55999999999983,27.99999999999997,0,0
2.13,8.571428571428571,97.98198771206785,52,12,0,0,162.24999999999983,24.99999999999997,0,0
2.13,8.571428571428571,97.96730521908682,52,12,0,0,147.93999999999988,21.99999999999997,0,0
2.13,8.571428571428571,97.94083651420358,52,12,0,0,133.62999999999988,18.99999999999997,0,0
2.13,8.571428571428571,97.9029402546008,52,12,0,0,119.31999999999988,15.999999999999972,0,0
2.13,8.571428571428571,97.86146425621749,52,12,0,0,105.00999999999982,12.999999999999972,0,0
2.13,8.571428571428571,97.85255920564232,52,12,0,0,90.69999999999987,9.999999999999972,0,0
2.13,8.571428571428571,97.81745349373998,52,12,0,0,76.38999999999987,6.999999999999972,0,0
2.15,8.571428571428571,97.77645593466374,52,12,0,0,62.07999999999987,3.9999999999999716,0,0
2.15,8.571428571428571,97.74678061404398,52,12,0,0,47.76999999999987,0.9999999999999716,0,0
2.15,8.571428571428571,97.71550805634361,52,12,0,0,43,0.0,0,0
2.15,8.571428571428571,97.74652348669757,52,12,0,0,57.31,3.0,0,0
2.15,8.571428571428571,97.7370750257203,52,12,0,0,71.62,6.0,0,0
2.15,8.571428571428571,97.75862462354927,52,12,0,0,85.93,9.0,0,0
2.15,8.571428571428571,97.79350100637373,52,12,0,0,100.24000000000001,12.0,0,0
2.15,8.571428571428571,97.82066067782475,52,12,0,0,114.55000000000001,15.0,0,0
2.15,8.571428571428571,97.82532138354696,52,12,0,0,128.86,18.0,0,0
2.15,8.571428571428571,97.86087486708055,52,12,0,0,143.16999999999996,21.0,0,0
2.17,8.571428571428571,97.87975142539918,52,12,0,0,157.48000000000002,24.0,0,0
2.17,8.571428571428571,97.89988101081838,52,12,0,0,171.79000000000002,27.0,0,0
2.17,8.571428571428571,97.8846722369823,52,12,0,0,186.10000000000002,30.0,0,0
2.17,8.571428571428571,97.90835946875748,52,12,0,0,200.40999999999997,33.0,0,0
2.17,8.571428571428571,97.92129480575056,52,12,0,0,214.71999999999997,36.0,0,0
2.17,8.571428571428571,97.89894996518548,52,12,0,0,229.03000000000003,39.0,0,0
2.17,8.571428571428571,97.91781379217092,52,12,0,0,243.34000000000003,42.00000000000001,0,0
2.17,8.571428571428571,97.90644489953414,52,12,0,0,257.65000000000003,45.00000000000001,0,0
2.17,8.571428571428571,97.91957500890705,52,12,0,0,271.96000000000004,48.00000000000001,0,0
2.17,8.571428571428571,97.9523486107655,52,12,0,0,286.27000000000004,51.00000000000001,0,0
2.18,8.571428571428571,98.02220336369969,52,12,0,0,300.58000000000004,54.00000000000001,0,0
2.18,8.571428571428571,98.05577529849224,52,12,0,0,314.89000000000004,57.000000000000014,0,0
2.18,8.571428571428571,98.06858904538252,52,12,0,0,329.20000000000005,60.00000000000001,0,0
2.18,8.571428571428571,98.11699199947135,52,12,0,0,343.51,63.0,0,0
2.18,8.571428571428571,98.15126717391023,52,12,0,0,357.82,66.0,0,0
2.18,8.571428571428571,98.17373013416892,52,12,0,0,372.13,69.0,0,0
2.18,8.571428571428571,98.21776289875326,52,12,0,0,386.44,72.0,0,0
2.18,8.571428571428571,98.23818793687282,52,12,0,0,400.75,75.0,0,0
2.18,8.571428571428571,98.2773431044094,52,12,0,0,415.06,78.0,0,0
2.18,8.571428571428571,98.33657082845974,52,12,0,0,429.37,81.0,0,0
2.20,8.571428571428571,98.3897294223848,52,12,0,0,443.68,84.0,0,0
2.20,8.571428571428571,98.46795605446466,52,12,0,0,457.99,87.0,0,0
2.20,8.571428571428571,98.5440020056775,52,12,0,0,472.3,90.0,0,0
2.20,8.571428571428571,98.6181341696257,52,12,0,0,486.61,93.0,0,0
2.20,8.571428571428571,98.63476740686579,52,12,0,0,500.92,96.0,0,0
2.20,8.571428571428571,98.68416951442346,52,12,0,0,515.23,99.0,0,0
2.20,8.571428571428571,98.72882762397884,52,12,0,0,520,100.0,0,0
2.20,8.571428571428571,98.68436187236072,52,12,0,0,505.69,97.0,0,0
2.20,8.571428571428571,98.63594015327392,52,12,0,0,491.38,94.0,0,0
2.20,8.571428571428571,98.61238940734789,52,12,0,0,477.07,91.0,0,0
2.22,8.571428571428571,98.56351566915193,52,12,0,0,462.76,88.0,0,0
2.22,8.571428571428571,98.53807311733216,52,12,0,0,448.45,85.0,0,0
2.22,8.571428571428571,98.51336289210896,52,12,0,0,434.14,82.0,0,0
2.22,8.571428571428571,98.495138310644,53,12,0,0,419.83,79.0,0,0
2.22,8.571428571428571,98.47041567428217,53,12,0,0,405.52,76.0,0,0
2.22,8.571428571428571,98.45609130080301,53,12,0,0,391.21,73.0,0,0
2.22,8.571428571428571,98.41865577820799,53,12,0,0,376.9,70.0,0,0
2.22,8.571428571428571,98.3898483600586,53,12,0,0,362.59000000000003,67.0,0,0
2.22,8.571428571428571,98.35049596458346,53,12,0,0,348.28,63.99999999999999,0,0
2.22,8.571428571428571,98.33765752164075,53,12,0,0,333.96999999999997,60.99999999999999,0,0
2.23,8.571428571428571,98.2911453657733,53,12,0,0,319.65999999999997,57.99999999999999,0,0
2.23,8.571428571428571,98.25044311121093,54,12,0,0,305.34999999999997,54.99999999999999,0,0
2.23,8.571428571428571,98.22339599409767,54,12,0,0,291.03999999999996,51.99999999999999,0,0
2.23,8.571428571428571,98.16905421784799,54,12,0,0,276.7299999999999,48.99999999999998,0,0
2.23,8.571428571428571,98.14627844070414,54,12,0,0,262.4199999999999,45.99999999999997,0,0
2.23,8.571428571428571,98.13818666221216,54,12,0,0,248.10999999999984,42.99999999999997,0,0
2.23,8.571428571428571,98.10432829721027,54,12,0,0,233.79999999999984,39.99999999999997,0,0
2.23,8.571428571428571,98.08973303944417,54,12,0,0,219.48999999999984,36.999999999999964,0,0
2.23,8.571428571428571,98.05442522752466,54,12,0,0,205.1799999999999,33.99999999999997,0,0
2.23,8.571428571428571,97.99818779336391,54,12,0,0,190.8699999999999,30.99999999999997,0,0
2.25,8.571428571428571,97.95381749199838,54,12,0,0,176.55999999999983,27.99999999999997,0,0
2.25,8.571428571428571,97.93268252536635,54,12,0,0,162.24999999999983,24.99999999999997,0,0
2.25,8.571428571428571,97.90155446844098,54,12,0,0,147.93999999999988,21.99999999999997,0,0
2.25,8.571428571428571,97.89165815540308,54,12,0,0,133.62999999999988,18.99999999999997,0,0
2.25,8.571428571428571,97.83825511214867,55,12,0,0,119.31999999999988,15.999999999999972,0,0
2.25,8.571428571428571,97.79762713147487,55,12,0,0,105.00999999999982,12.999999999999972,0,0
2.25,8.571428571428571,97.7489851802189,55,12,0,0,90.69999999999987,9.999999999999972,0,0
2.25,8.571428571428571,97.71827580669758,55,12,0,0,76.38999999999987,6.999999999999972,0,0
2.25,8.571428571428571,97.67628474290281,55,12,0,0,62.07999999999987,3.9999999999999716,0,0
2.25,8.571428571428571,97.62946394681384,55,12,0,0,47.76999999999987,0.9999999999999716,0,0
2.27,8.571428571428571,97.60413155588317,55,12,0,0,43,0.0,0,0
2.27,8.571428571428571,97.62705413506599,55,12,0,0,57.31,3.0,0,0
2.27,8.571428571428571,97.65170539045647,55,12,0,0,71.62,6.0,0,0
2.27,8.571428571428571,97.6773587346842,55,12,0,0,85.93,9.0,0,0
2.27,8.571428571428571,97.68667834852769,55,12,0,0,100.24000000000001,12.0,0,0
2.27,8.571428571428571,97.69230156121658,55,12,0,0,114.55000000000001,15.0,0,0
2.27,8.571428571428571,97.72092426797757,56,12,0,0,128.86,18.0,0,0
2.27,8.571428571428571,97.72736520806023,56,12,0,0,143.16999999999996,21.0,0,0
2.27,8.571428571428571,97.74082623651844,56,12,0,0,157.48000000000002,24.0,0,0
2.27,8.571428571428571,97.73438334943788,56,12,0,0,171.79000000000002,27.0,0,0
2.28,8.571428571428571,97.7232777553963,56,12,0,0,186.10000000000002,30.0,0,0
2.28,8.571428571428571,97.73129341440358,56,12,0,0,200.40999999999997,33.0,0,0
2.28,8.571428571428571,97.75609232089903,56,12,0,0,214.71999999999997,36.0,0,0
2.28,8.571428571428571,97.78576061263183,56,12,0,0,229.03000000000003,39.0,0,0
2.28,8.571428571428571,97.76657526246647,57,12,0,0,243.34000000000003,42.00000000000001,0,0
2.28,8.571428571428571,97.765800663073,57,12,0,0,257.65000000000003,45.00000000000001,0,0
2.28,8.571428571428571,97.78528572593677,57,12,0,0,271.96000000000004,48.00000000000001,0,0
2.28,8.571428571428571,97.80702098699385,57,12,0,0,286.27000000000004,51.00000000000001,0,0
2.28,8.571428571428571,97.87319688997832,57,12,0,0,300.58000000000004,54.00000000000001,0,0
2.28,8.571428571428571,97.95070143145122,57,12,0,0,314.89000000000004,57.000000000000014,0,0
2.30,8.571428571428571,98.01294732856353,57,12,0,0,329.20000000000005,60.00000000000001,0,0
2.30,8.571428571428571,98.0609877336956,57,12,0,0,343.51,63.0,0,0
2.30,8.571428571428571,98.07482652447648,57,12,0,0,357.82,66.0,0,0
2.30,8.571428571428571,98.11041115786327,57,12,0,0,372.13,69.0,0,0
2.30,8.571428571428571,98.14099059858049,57,12,0,0,386.44,72.0,0,0
2.30,8.571428571428571,98.21585145433998,57,12,0,0,400.75,75.0,0,0
2.30,8.571428571428571,98.27533334123956,58,12,0,0,415.06,78.0,0,0
2.30,8.571428571428571,98.3094467114922,59,12,0,0,429.37,81.0,0,0
2.30,8.571428571428571,98.38868721510569,59,12,0,0,443.68,84.0,0,0
2.30,8.571428571428571,98.4268946502621,59,12,0,0,457.99,87.0,0,0
2.32,8.571428571428571,98.48373531920002,59,12,0,0,472.3,90.0,0,0
2.32,8.571428571428571,98.49726024126295,59,12,0,0,486.61,93.0,0,0
2.32,8.571428571428571,98.54590452819865,59,12,0,0,500.92,96.0,0,0
2.32,8.571428571428571,98.57946286436193,59,12,0,0,515.23,99.0,0,0
2.32,8.571428571428571,98.6038832509786,59,12,0,0,520,100.0,0,0
2.32,8.571428571428571,98.56457455128563,59,12,0,0,505.69,97.0,0,0
2.32,8.571428571428571,98.53046994407796,59,12,0,0,491.38,94.0,0,0
2.32,8.571428571428571,98.49434641946675,59,12,0,0,477.07,91.0,0,0
2.32,8.571428571428571,98.46069596394933,59,12,0,0,462.76,88.0,0,0
2.32,8.571428571428571,98.43573133772192,59,12,0,0,448.45,85.0,0,0
2.33,8.571428571428571,98.3948688319941,59,12,0,0,434.14,82.0,0,0
2.33,8.571428571428571,98.33911044349736,59,12,0,0,419.83,79.0,0,0
2.33,8.571428571428571,98.30602204713365,59,12,0,0,405.52,76.0,0,0
2.33,8.571428571428571,98.26627605271517,59,12,0,0,391.21,73.0,0,0
2.33,8.571428571428571,98.24910753184932,59,12,0,0,376.9,70.0,0,0
2.33,8.571428571428571,98.2269698629394,59,12,0,0,362.59000000000003,67.0,0,0
2.33,8.571428571428571,98.17419931296743,59,12,0,0,348.28,63.99999999999999,0,0
2.33,8.571428571428571,98.15523723520901,59,12,0,0,333.96999999999997,60.99999999999999,0,0
2.33,8.571428571428571,98.12051586228041,59,12,0,0,319.65999999999997,57.99999999999999,0,0
2.33,8.571428571428571,98.08019904610512,59,12,0,0,305.34999999999997,54.99999999999999,0,0
2.35,8.571428571428571,98.05714499307061,59,12,0,0,291.03999999999996,51.99999999999999,0,0
2.35,8.571428571428571,98.0346334060055,59,12,0,0,276.7299999999999,48.99999999999998,0,0
2.35,8.571428571428571,98.01764001518028,59,12,0,0,262.4199999999999,45.99999999999997,0,0
2.35,8.571428571428571,98.0138530543573,59,12,0,0,248.10999999999984,42.99999999999997,0,0
2.35,8.571428571428571,97.9909924854118,59,12,0,0,233.79999999999984,39.99999999999997,0,0
2.35,8.571428571428571,97.95980891700705,59,12,0,0,219.48999999999984,36.999999999999964,0,0
2.35,8.571428571428571,97.90960313813626,59,12,0,0,205.1799999999999,33.99999999999997,0,0
2.35,8.571428571428571,97.85103034513813,59,12,0,0,190.8699999999999,30.99999999999997,0,0
2.35,8.571428571428571,97.83521406517715,59,12,0,0,176.55999999999983,27.99999999999997,0,0
2.35,8.571428571428571,97.78830046093597,59,12,0,0,162.24999999999983,24.99999999999997,0,0
2.37,8.571428571428571,97.72743586494747,59,12,0,0,147.93999999999988,21.99999999999997,0,0
2.37,8.571428571428571,97.6926770575514,59,12,0,0,133.62999999999988,18.99999999999997,0,0
2.37,8.571428571428571,97.65120805530395,59,12,0,0,119.31999999999988,15.999999999999972,0,0
2.37,8.571428571428571,97.62464150076858,59,12,0,0,105.00999999999982,12.999999999999972,0,0
2.37,8.571428571428571,97.60027302470029,59,12,0,0,90.69999999999987,9.999999999999972,0,0
2.37,8.571428571428571,97.5545181202641,59,12,0,0,76.38999999999987,6.999999999999972,0,0
2.37,8.571428571428571,97.54504314479952,59,12,0,0,62.07999999999987,3.9999999999999716,0,0
2.37,8.571428571428571,97.50331497521485,59,12,0,0,47.76999999999987,0.9999999999999716,0,0
2.37,8.571428571428571,97.4766856679128,59,12,0,0,43,0.0,0,0
2.37,8.571428571428571,97.47609413899556,59,12,0,0,57.31,3.0,0,0
2.38,8.571428571428571,97.4824125031996,59,12,0,0,71.62,6.0,0,0
2.38,8.571428571428571,97.49866097749307,59,12,0,0,85.93,9.0,0,0
2.38,8.571428571428571,97.53733942299625,59,12,0,0,100.24000000000001,12.0,0,0
2.38,8.571428571428571,97.55287994291987,59,12,0,0,114.55000000000001,15.0,0,0
2.38,8.571428571428571,97.53577580792773,59,12,0,0,128.86,18.0,0,0
2.38,8.571428571428571,97.551758708261,59,12,0,0,143.16999999999996,21.0,0,0
2.38,8.571428571428571,97.5332515688948,59,12,0,0,157.48000000000002,24.0,0,0
2.38,8.571428571428571,97.5360607385772,59,12,0,0,171.79000000000002,27.0,0,0
2.38,8.571428571428571,97.57073630901058,59,12,0,0,186.10000000000002,30.0,0,0
2.38,8.571428571428571,97.55515380512168,59,12,0,0,200.40999999999997,33.0,0,0
2.40,8.571428571428571,97.57643235799641,59,12,0,0,214.71999999999997,36.0,0,0
2.40,8.571428571428571,97.60721674873417,59,12,0,0,229.03000000000003,39.0,0,0
2.40,8.571428571428571,97.60715524113168,59,12,0,0,243.34000000000003,42.00000000000001,0,0
2.40,8.571428571428571,97.59175650374532,59,12,0,0,257.65000000000003,45.00000000000001,0,0
2.40,8.571428571428571,97.62002803617855,59,12,0,0,271.96000000000004,48.00000000000001,0,0
2.40,8.571428571428571,97.67834290466166,59,12,0,0,286.27000000000004,51.00000000000001,0,0
2.40,8.571428571428571,97.7100740239565,59,12,0,0,300.58000000000004,54.00000000000001,0,0
2.43,8.571428571428571,97.76863569244738,59,12,0,0,314.89000000000004,57.000000000000014,0,0
2.48,8.571428571428571,97.82739958132673,59,12,0,0,329.20000000000005,60.00000000000001,0,0
2.52,8.571428571428571,97.87239051774307,59,12,0,0,343.51,63.0,0,0
2.52,8.571428571428571,97.92926817581508,59,12,0,0,357.82,66.0,0,0
2.55,8.571428571428571,97.94763799225304,59,12,0,0,372.13,69.0,0,0
2.57,8.571428571428571,97.98233255253524,59,12,0,0,386.44,72.0,0,0
2.57,8.571428571428571,98.03102219127297,59,12,0,0,400.75,75.0,0,0
2.57,8.571428571428571,98.08144890983412,59,12,0,0,415.06,78.0,0,0
2.57,8.571428571428571,98.12898758578633,59,12,0,0,429.37,81.0,0,0
2.57,8.571428571428571,98.1992651609069,59,12,0,0,443.68,84.0,0,0
2.57,8.571428571428571,98.27802765689525,59,12,0,0,457.99,87.0,0,0
2.57,8.571428571428571,98.3327914134856,59,12,0,0,472.3,90.0,0,0
2.57,8.571428571428571,98.40550478781691,59,12,0,0,486.61,93.0,0,0
2.57,8.571428571428571,98.44003257438537,59,12,0,0,500.92,96.0,0,0
2.57,8.571428571428571,98.49574785021207,59,12,0,0,515.23,99.0,0,0
2.58,3.75,98.5403448779542,59,12,0,0,520,100.0,0,0
2.58,3.75,98.50176011337165,59,12,0,0,505.69,97.0,0,0
2.58,3.75,98.48844024506396,59,12,0,0,491.38,94.0,0,0
2.58,3.75,98.46781213180317,59,13,0,0,477.07,91.0,0,0
2.58,3.75,98.45662349878809,59,13,0,0,462.76,88.0,0,0
2.58,3.75,98.40975331955059,59,13,0,0,448.45,85.0,0,0
2.58,3.75,98.37357126415024,59,13,0,0,434.14,82.0,0,0
2.58,3.75,98.32283937717915,59,13,0,0,419.83,79.0,0,0
2.58,3.75,98.27247464873882,59,13,0,0,405.52,76.0,0,0
2.58,3.75,98.23233218178284,59,13,0,0,391.21,73.0,0,0
2.60,3.75,98.20360631216585,59,13,0,0,376.9,70.0,0,0
2.60,3.75,98.16215616398938,59,13,0,0,362.59000000000003,67.0,0,0
2.60,3.75,98.13849485482768,59,13,0,0,348.28,63.99999999999999,0,0
2.60,3.75,98.08068562411644,59,13,0,0,333.96999999999997,60.99999999999999,0,0
2.60,3.75,98.04135201774588,59,13,0,0,319.65999999999997,57.99999999999999,0,0
2.60,3.75,98.01410836867053,59,13,0,0,305.34999999999997,54.99999999999999,0,0
2.60,3.75,98.00827133400307,59,13,0,0,291.03999999999996,51.99999999999999,0,0
2.60,3.75,98.0029189622427,59,13,0,0,276.7299999999999,48.99999999999998,0,0
2.60,3.75,97.99812776378506,59,13,0,0,262.4199999999999,45.99999999999997,0,0
2.60,3.75,97.95513386351726,59,13,0,0,248.10999999999984,42.99999999999997,0,0
2.62,3.75,97.94979660631529,59,13,0,0,233.79999999999984,39.99999999999997,0,0
2.62,3.75,97.91647375842734,59,13,0,0,219.48999999999984,36.999999999999964,0,0
2.62,3.75,97.90053688671237,59,13,0,0,205.1799999999999,33.99999999999997,0,0
2.62,3.75,97.87888624226748,59,13,0,0,190.8699999999999,30.99999999999997,0,0
2.62,3.75,97.85525366652631,59,13,0,0,176.55999999999983,27.99999999999997,0,0
2.62,3.75,97.81025187522975,59,13,0,0,162.24999999999983,24.99999999999997,0,0
2.62,3.75,97.80075310720787,59,13,0,0,147.93999999999988,21.99999999999997,0,0
2.62,3.75,97.75691741028878,59,13,0,0,133.62999999999988,18.99999999999997,0,0
2.62,3.75,97.72041165717167,59,13,0,0,119.31999999999988,15.999999999999972,0,0
2.62,3.75,97.69582836730184,59,13,0,0,105.00999999999982,12.999999999999972,0,0
2.63,3.75,97.64677125757858,59,13,0,0,90.69999999999987,9.999999999999972,0,0
2.63,3.75,97.62911428587982,59,13,0,0,76.38999999999987,6.999999999999972,0,0
2.63,3.75,97.59880687886739,59,13,0,0,62.07999999999987,3.9999999999999716,0,0
2.63,3.75,97.57615754767099,59,13,0,0,47.76999999999987,0.9999999999999716,0,0
2.63,3.75,97.5490906363155,59,13,0,0,43,0.0,0,0
2.63,3.75,97.57492450576827,59,13,0,0,57.31,3.0,0,0
2.63,3.75,97.57447547439149,59,13,0,0,71.62,6.0,0,0
2.63,3.75,97.59807964580949,59,13,0,0,85.93,9.0,0,0
2.63,3.75,97.62928277027626,59,13,0,0,100.24000000000001,12.0,0,0
2.63,3.75,97.64782709232416,59,13,0,0,114.55000000000001,15.0,0,0
2.65,3.75,97.67032625863676,59,13,0,0,128.86,18.0,0,0
2.65,3.75,97.66201427756354,59,13,0,0,143.16999999999996,21.0,0,0
2.65,3.75,97.67771603464438,59,13,0,0,157.48000000000002,24.0,0,0
2.65,3.75,97.70101157687384,60,13,0,0,171.79000000000002,27.0,0,0
2.65,3.75,97.70601825879675,60,13,0,0,186.10000000000002,30.0,0,0
2.65,3.75,97.68862562399877,60,13,0,0,200.40999999999997,33.0,0,0
2.65,3.75,97.70807771599559,60,13,0,0,214.71999999999997,36.0,0,0
2.65,3.75,97.70975595625677,60,13,0,0,229.03000000000003,39.0,0,0
2.65,3.75,97.74454608282554,60,13,0,0,243.34000000000003,42.00000000000001,0,0
2.65,3.75,97.73731283133363,60,13,0,0,257.65000000000003,45.00000000000001,0,0
2.67,3.75,97.73530113631746,60,13,0,0,271.96000000000004,48.00000000000001,0,0
2.67,3.75,97.75708428262871,60,13,0,0,286.27000000000004,51.00000000000001,0,0
2.67,3.75,97.77239813890364,60,13,0,0,300.58000000000004,54.00000000000001,0,0
2.67,3.75,97.80394919075974,60,13,0,0,314.89000000000004,57.000000000000014,0,0
2.67,3.75,97.85874756192442,60,13,0,0,329.20000000000005,60.00000000000001,0,0
2.67,3.75,97.89120918013126,60,13,0,0,343.51,63.0,0,0
2.67,3.75,97.9031053921423,60,13,0,0,357.82,66.0,0,0
2.67,3.75,97.93140111632941,60,13,0,0,372.13,69.0,0,0
2.67,3.75,97.96084299988632,60,13,0,0,386.44,72.0,0,0
2.68,3.75,97.98643858727435,60,13,0,0,400.75,75.0,0,0
2.68,3.75,98.0347776031557,60,13,0,0,415.06,78.0,0,0
2.68,3.75,98.05931512009238,60,13,0,0,429.37,81.0,0,0
2.68,3.75,98.10269136809019,60,13,0,0,443.68,84.0,0,0
2.68,3.75,98.12486405636857,60,13,0,0,457.99,87.0,0,0
2.68,3.75,98.14016861389929,60,13,0,0,472.3,90.0,0,0
2.68,3.75,98.20193256246857,60,13,0,0,486.61,93.0,0,0
2.68,3.75,98.2396192247323,60,13,0,0,500.92,96.0,0,0
2.68,3.75,98.28177308277186,60,13,0,0,515.23,99.0,0,0
2.68,8.571428571428571,98.30988563078641,60,13,0,0,520,100.0,0,0
2.68,8.571428571428571,98.26710570823685,60,13,0,0,505.69,97.0,0,0
2.70,8.571428571428571,98.2307094561179,60,13,0,0,491.38,94.0,0,0
2.70,8.571428571428571,98.20231217419607,60,13,0,0,477.07,91.0,0,0
2.70,8.571428571428571,98.1794468530527,60,13,0,0,462.76,88.0,0,0
2.70,8.571428571428571,98.143328117276,60,13,0,0,448.45,85.0,0,0
2.70,8.571428571428571,98.12502106642793,60,13,0,0,434.14,82.0,0,0
2.70,8.571428571428571,98.1181445816825,60,13,0,0,419.83,79.0,0,0
2.70,8.571428571428571,98.07857023356404,60,13,0,0,405.52,76.0,0,0
2.72,8.571428571428571,98.05636790005133,60,13,0,0,391.21,73.0,0,0
2.72,8.571428571428571,98.03179709700085,60,13,0,0,376.9,70.0,0,0
2.72,8.571428571428571,97.99681067175084,60,13,0,0,362.59000000000003,67.0,0,0
2.72,8.571428571428571,97.96318857261072,60,13,0,0,348.28,63.99999999999999,0,0
2.72,8.571428571428571,97.92102821680925,60,13,0,0,333.96999999999997,60.99999999999999,0,0
2.72,8.571428571428571,97.88128847585743,60,13,0,0,319.65999999999997,57.99999999999999,0,0
2.72,8.571428571428571,97.8575880935106,60,13,0,0,305.34999999999997,54.99999999999999,0,0
2.72,8.571428571428571,97.80936644678434,60,13,0,0,291.03999999999996,51.99999999999999,0,0
2.72,8.571428571428571,97.7755981310254,60,13,0,0,276.7299999999999,48.99999999999998,0,0
2.72,8.571428571428571,97.75226522077091,60,13,0,0,262.4199999999999,45.99999999999997,0,0
2.73,8.571428571428571,97.74173115740307,60,13,0,0,248.10999999999984,42.99999999999997,0,0
2.73,8.571428571428571,97.71207448367227,60,13,0,0,233.79999999999984,39.99999999999997,0,0
2.73,8.571428571428571,97.6816426243126,60,13,0,0,219.48999999999984,36.999999999999964,0,0
2.73,8.571428571428571,97.65465913796437,60,13,0,0,205.1799999999999,33.99999999999997,0,0
2.73,8.571428571428571,97.62451905072899,60,13,0,0,190.8699999999999,30.99999999999997,0,0
2.73,8.571428571428571,97.58293444338223,60,13,0,0,176.55999999999983,27.99999999999997,0,0
2.73,8.571428571428571,97.57383985046637,60,13,0,0,162.24999999999983,24.99999999999997,0,0
2.73,8.571428571428571,97.54598629508128,60,13,0,0,147.93999999999988,21.99999999999997,0,0
2.73,8.571428571428571,97.49857384897147,60,13,0,0,133.62999999999988,18.99999999999997,0,0
2.73,8.571428571428571,97.47233929277937,60,13,0,0,119.31999999999988,15.999999999999972,0,0
2.75,8.571428571428571,97.4494875891015,60,13,0,0,105.00999999999982,12.999999999999972,0,0
2.75,8.571428571428571,97.4108330803106,60,13,0,0,90.69999999999987,9.999999999999972,0,0
2.75,8.571428571428571,97.38025218584104,60,13,0,0,76.38999999999987,6.999999999999972,0,0
2.75,8.571428571428571,97.36247643909739,60,13,0,0,62.07999999999987,3.9999999999999716,0,0
2.75,8.571428571428571,97.32103962145248,60,13,0,0,47.76999999999987,0.9999999999999716,0,0
2.75,8.571428571428571,97.28559217370001,60,13,0,0,43,0.0,0,0
2.75,8.571428571428571,97.29080998217665,60,13,0,0,57.31,3.0,0,0
2.75,8.571428571428571,97.29085396737734,60,13,0,0,71.62,6.0,0,0
2.75,8.571428571428571,97.29505187049216,60,13,0,0,85.93,9.0,0,0
2.75,8.571428571428571,97.32570458751734,60,13,0,0,100.24000000000001,12.0,0,0
2.77,8.571428571428571,97.3603781237434,60,13,0,0,114.55000000000001,15.0,0,0
2.77,8.571428571428571,97.35084157289495,60,13,0,0,128.86,18.0,0,0
2.77,8.571428571428571,97.33785836625083,60,13,0,0,143.16999999999996,21.0,0,0
2.77,8.571428571428571,97.33448063377269,60,13,0,0,157.48000000000002,24.0,0,0
2.77,8.571428571428571,97.34195296972004,60,13,0,0,171.79000000000002,27.0,0,0
2.77,8.571428571428571,97.33766327831758,60,13,0,0,186.10000000000002,30.0,0,0
2.77,8.571428571428571,97.37731860776503,60,13,0,0,200.40999999999997,33.0,0,0
2.77,8.571428571428571,97.40451912998134,60,13,0,0,214.71999999999997,36.0,0,0
2.77,8.571428571428571,97.40247815909377,60,13,0,0,229.03000000000003,39.0,0,0
2.77,8.571428571428571,97.41890710584474,60,13,0,0,243.34000000000003,42.00000000000001,0,0
2.78,8.571428571428571,97.41297760437796,60,13,0,0,257.65000000000003,45.00000000000001,0,0
2.78,8.571428571428571,97.41973036165646,60,13,0,0,271.96000000000004,48.00000000000001,0,0
2.78,8.571428571428571,97.4679213644503,60,13,0,0,286.27000000000004,51.00000000000001,0,0
2.78,8.571428571428571,97.53058714359946,60,13,0,0,300.58000000000004,54.00000000000001,0,0
2.78,8.571428571428571,97.56083811201056,60,13,0,0,314.89000000000004,57.000000000000014,0,0
2.78,8.571428571428571,97.6332243968414,60,13,0,0,329.20000000000005,60.00000000000001,0,0
2.78,8.571428571428571,97.6768509334559,60,13,0,0,343.51,63.0,0,0
2.78,8.571428571428571,97.71578090501934,61,13,0,0,357.82,66.0,0,0
2.78,8.571428571428571,97.75642801773238,61,13,0,0,372.13,69.0,0,0
2.80,8.571428571428571,97.80455669689063,61,13,0,0,386.44,72.0,0,0
2.80,8.571428571428571,97.83917489517601,61,13,0,0,400.75,75.0,0,0
2.80,8.571428571428571,97.87527876247425,61,13,0,0,415.06,78.0,0,0
2.80,8.571428571428571,97.90342374189417,61,13,0,0,429.37,81.0,0,0
2.80,8.571428571428571,97.94639773138117,61,13,0,0,443.68,84.0,0,0
2.80,8.571428571428571,97.970481539261,61,13,0,0,457.99,87.0,0,0
2.80,8.571428571428571,98.00602666430692,61,13,0,0,472.3,90.0,0,0
2.82,8.571428571428571,98.05486987893077,61,13,0,0,486.61,93.0,0,0
2.82,8.571428571428571,98.10548431248836,61,13,0,0,500.92,96.0,0,0
2.82,8.571428571428571,98.17229512257322,61,13,0,0,515.23,99.0,0,0
2.82,8.571428571428571,98.22463214756131,62,13,0,0,520,100.0,0,0
2.82,8.571428571428571,98.21628115580444,62,13,0,0,505.69,97.0,0,0
2.82,8.571428571428571,98.19785213555349,62,13,0,0,491.38,94.0,0,0
2.82,8.571428571428571,98.16751966015426,62,13,0,0,477.07,91.0,0,0
2.83,8.571428571428571,98.13655134146873,62,13,0,0,462.76,88.0,0,0
2.83,8.571428571428571,98.1004991149661,62,13,0,0,448.45,85.0,0,0
2.83,8.571428571428571,98.05593229690085,62,13,0,0,434.14,82.0,0,0
2.83,8.571428571428571,98.03541798006793,62,13,0,0,419.83,79.0,0,0
2.83,8.571428571428571,97.99538467841555,62,13,0,0,405.52,76.0,0,0
2.85,8.571428571428571,97.97189047359899,62,13,0,0,391.21,73.0,0,0
2.88,8.571428571428571,97.96115680550481,62,13,0,0,376.9,70.0,0,0
2.88,8.571428571428571,97.93119624448646,62,13,0,0,362.59000000000003,67.0,0,0
2.88,8.571428571428571,97.90374262851432,62,13,0,0,348.28,63.99999999999999,0,0
2.88,8.571428571428571,97.8990582142424,62,13,0,0,333.96999999999997,60.99999999999999,0,0
2.90,8.571428571428571,97.84958508656615,62,13,0,0,319.65999999999997,57.99999999999999,0,0
2.90,8.571428571428571,97.83887574345773,62,13,0,0,305.34999999999997,54.99999999999999,0,0
2.90,8.571428571428571,97.81577904357805,62,13,0,0,291.03999999999996,51.99999999999999,0,0
2.90,8.571428571428571,97.78329828001279,62,13,0,0,276.7299999999999,48.99999999999998,0,0
2.90,8.571428571428571,97.7554590650538,62,13,0,0,262.4199999999999,45.99999999999997,0,0
2.90,8.571428571428571,97.71757394797372,62,13,0,0,248.10999999999984,42.99999999999997,0,0
2.90,8.571428571428571,97.68627316548694,62,13,0,0,233.79999999999984,39.99999999999997,0,0
2.90,8.571428571428571,97.63806123330767,62,13,0,0,219.48999999999984,36.999999999999964,0,0
2.90,8.571428571428571,97.59053035314676,62,13,0,0,205.1799999999999,33.99999999999997,0,0
2.90,8.571428571428571,97.56486783282419,62,13,0,0,190.8699999999999,30.99999999999997,0,0
2.92,8.571428571428571,97.52931871739491,62,13,0,0,176.55999999999983,27.99999999999997,0,0
2.92,8.571428571428571,97.5221897431374,62,13,0,0,162.24999999999983,24.99999999999997,0,0
2.92,8.571428571428571,97.5167662622841,62,13,0,0,147.93999999999988,21.99999999999997,0,0
2.92,8.571428571428571,97.48121238529794,62,13,0,0,133.62999999999988,18.99999999999997,0,0
2.92,8.571428571428571,97.4635280785413,62,13,0,0,119.31999999999988,15.999999999999972,0,0
2.92,8.571428571428571,97.41332320352727,62,13,0,0,105.00999999999982,12.999999999999972,0,0
2.92,8.571428571428571,97.38090438358293,62,13,0,0,90.69999999999987,9.999999999999972,0,0
2.92,8.571428571428571,97.37130333280173,62,13,0,0,76.38999999999987,6.999999999999972,0,0
2.92,8.571428571428571,97.32058611664047,62,13,0,0,62.07999999999987,3.9999999999999716,0,0
2.93,8.571428571428571,97.30041578905586,63,13,0,0,47.76999999999987,0.9999999999999716,0,0
2.93,8.571428571428571,97.2763513419881,63,13,0,0,43,0.0,0,0
2.93,8.571428571428571,97.28662297885005,63,14,0,0,57.31,3.0,0,0
2.95,8.571428571428571,97.29148701757028,63,14,0,0,71.62,6.0,0,0
2.97,8.571428571428571,97.31522996637673,63,14,0,0,85.93,9.0,0,0
2.98,8.571428571428571,97.29939370094053,63,14,0,0,100.24000000000001,12.0,0,0
2.98,8.571428571428571,97.30147750251324,63,14,0,0,114.55000000000001,15.0,0,0
2.98,8.571428571428571,97.31819048528601,63,14,0,0,128.86,18.0,0,0
3.00,8.571428571428571,97.32723289070574,63,14,0,0,143.16999999999996,21.0,0,0
3.00,8.571428571428571,97.33518486469174,63,14,0,0,157.48000000000002,24.0,0,0
3.00,8.571428571428571,97.33811468461302,63,14,0,0,171.79000000000002,27.0,0,0
3.02,8.571428571428571,97.32540437046073,63,14,0,0,186.10000000000002,30.0,0,0
3.02,8.571428571428571,97.32638369964442,64,14,0,0,200.40999999999997,33.0,0,0
3.03,8.571428571428571,97.34613040802346,64,14,0,0,214.71999999999997,36.0,0,0
3.03,8.571428571428571,97.35512840920288,64,14,0,0,229.03000000000003,39.0,0,0
3.05,8.571428571428571,97.38501696693545,64,14,0,0,243.34000000000003,42.00000000000001,0,0
3.05,8.571428571428571,97.41263926452423,64,14,0,0,257.65000000000003,45.00000000000001,0,0
3.05,8.571428571428571,97.40457192676473,64,14,0,0,271.96000000000004,48.00000000000001,0,0
3.05,8.571428571428571,97.43128288128202,64,14,0,0,286.27000000000004,51.00000000000001,0,0
3.07,8.571428571428571,97.46379421437275,64,14,0,0,300.58000000000004,54.00000000000001,0,0
3.08,8.571428571428571,97.48930969544001,64,14,0,0,314.89000000000004,57.000000000000014,0,0
3.08,8.571428571428571,97.52787667009571,64,14,0,0,329.20000000000005,60.00000000000001,0,0
3.08,8.571428571428571,97.55852564787503,64,14,0,0,343.51,63.0,0,0
3.08,8.571428571428571,97.58283454259363,64,14,0,0,357.82,66.0,0,0
3.10,8.571428571428571,97.60293219731862,64,14,0,0,372.13,69.0,0,0
3.10,8.571428571428571,97.65215026935063,64,14,0,0,386.44,72.0,0,0
3.10,8.571428571428571,97.67043104017294,64,14,0,0,400.75,75.0,0,0
3.12,8.571428571428571,97.7264805831263,64,14,0,0,415.06,78.0,0,0
3.12,8.571428571428571,97.746822236995,64,14,0,0,429.37,81.0,0,0
3.12,8.571428571428571,97.7763673711929,64,14,0,0,443.68,84.0,0,0
3.12,8.571428571428571,97.79119054003549,64,14,0,0,457.99,87.0,0,0
3.12,8.571428571428571,97.80528319035949,64,14,0,0,472.3,90.0,0,0
3.12,8.571428571428571,97.82848832997107,64,14,0,0,486.61,93.0,0,0
3.12,8.571428571428571,97.85503169639364,64,14,0,0,500.92,96.0,0,0
3.12,8.571428571428571,97.9036520043184,64,14,0,0,515.23,99.0,0,0
3.13,3.1578947368421053,97.93019988958957,64,14,0,0,520,100.0,0,0
3.13,3.1578947368421053,97.89063064505983,64,14,0,0,505.69,97.0,0,0
3.13,3.1578947368421053,97.86386592809603,64,14,0,0,491.38,94.0,0,0
3.13,3.1578947368421053,97.84508299347354,64,14,0,0,477.07,91.0,0,0
3.13,3.1578947368421053,97.81639112430831,64,14,0,0,462.76,88.0,0,0
3.13,3.1578947368421053,97.80715904609164,64,14,0,0,448.45,85.0,0,0
3.13,3.1578947368421053,97.79246740545322,64,14,0,0,434.14,82.0,0,0
3.13,3.1578947368421053,97.76911385304143,64,14,0,0,419.83,79.0,0,0
3.13,3.1578947368421053,97.74673740651018,65,14,0,0,405.52,76.0,0,0
3.13,3.1578947368421053,97.70424528653237,65,14,0,0,391.21,73.0,0,0
3.15,3.1578947368421053,97.6780969792574,65,14,0,0,376.9,70.0,0,0
3.15,3.1578947368421053,97.66718305215149,65,14,0,0,362.59000000000003,67.0,0,0
3.15,3.1578947368421053,97.63873403824891,65,14,0,0,348.28,63.99999999999999,0,0
3.15,3.1578947368421053,97.60275343057884,65,14,0,0,333.96999999999997,60.99999999999999,0,0
3.15,3.1578947368421053,97.58434577586281,65,14,0,0,319.65999999999997,57.99999999999999,0,0
3.15,3.1578947368421053,97.55407230326546,65,14,0,0,305.34999999999997,54.99999999999999,0,0
3.15,3.1578947368421053,97.51884310827066,65,14,0,0,291.03999999999996,51.99999999999999,0,0
3.15,3.1578947368421053,97.50057519942912,66,14,0,0,276.7299999999999,48.99999999999998,0,0
3.15,3.1578947368421053,97.46695843840594,66,14,0,0,262.4199999999999,45.99999999999997,0,0
3.15,3.1578947368421053,97.4486780835616,66,14,0,0,248.10999999999984,42.99999999999997,0,0
3.17,3.1578947368421053,97.42151857540692,66,14,0,0,233.79999999999984,39.99999999999997,0,0
3.17,3.1578947368421053,97.39760515255108,66,14,0,0,219.48999999999984,36.999999999999964,0,0
3.17,3.1578947368421053,97.38014527580488,66,14,0,0,205.1799999999999,33.99999999999997,0,0
3.17,3.1578947368421053,97.3773574350176,66,14,0,0,190.8699999999999,30.99999999999997,0,0
3.17,3.1578947368421053,97.37437703578051,66,14,0,0,176.55999999999983,27.99999999999997,0,0
3.17,3.1578947368421053,97.35984023572495,66,14,0,0,162.24999999999983,24.99999999999997,0,0
3.17,3.1578947368421053,97.32495553889355,66,14,0,0,147.93999999999988,21.99999999999997,0,0
3.17,3.1578947368421053,97.30396762166501,66,14,0,0,133.62999999999988,18.99999999999997,0,0
3.17,3.1578947368421053,97.2905399252584,66,14,0,0,119.31999999999988,15.999999999999972,0,0
3.18,3.1578947368421053,97.25931470528808,66,14,0,0,105.00999999999982,12.999999999999972,0,0
3.18,3.1578947368421053,97.214060002982,66,14,0,0,90.69999999999987,9.999999999999972,0,0
3.18,3.1578947368421053,97.19583226440336,66,14,0,0,76.38999999999987,6.999999999999972,0,0
3.18,3.1578947368421053,97.15457008987748,66,14,0,0,62.07999999999987,3.9999999999999716,0,0
3.18,3.1578947368421053,97.1343582446953,66,14,0,0,47.76999999999987,0.9999999999999716,0,0
3.18,3.1578947368421053,97.11445806645578,66,14,0,0,43,0.0,0,0
3.18,3.1578947368421053,97.13519992589616,66,14,0,0,57.31,3.0,0,0
3.18,3.1578947368421053,97.16977015916288,66,14,0,0,71.62,6.0,0,0
3.18,3.1578947368421053,97.18155346012844,66,14,0,0,85.93,9.0,0,0
3.18,3.1578947368421053,97.182840666099,66,14,0,0,100.24000000000001,12.0,0,0
3.18,3.1578947368421053,97.21170190786603,66,14,0,0,114.55000000000001,15.0,0,0
3.20,3.1578947368421053,97.23281759427034,66,14,0,0,128.86,18.0,0,0
3.20,3.1578947368421053,97.21784749365273,66,14,0,0,143.16999999999996,21.0,0,0
3.20,3.1578947368421053,97.20869491856948,66,14,0,0,157.48000000000002,24.0,0,0
3.20,3.1578947368421053,97.2270544566431,66,14,0,0,171.79000000000002,27.0,0,0
3.20,3.1578947368421053,97.25274149831515,67,14,0,0,186.10000000000002,30.0,0,0
3.20,3.1578947368421053,97.24650991703302,67,14,0,0,200.40999999999997,33.0,0,0
3.20,3.1578947368421053,97.27090477225136,67,14,0,0,214.71999999999997,36.0,0,0
3.20,3.1578947368421053,97.29666469731455,67,14,0,0,229.03000000000003,39.0,0,0
3.20,3.1578947368421053,97.308604251094,67,14,0,0,243.34000000000003,42.00000000000001,0,0
3.22,3.1578947368421053,97.32002255197187,67,14,0,0,257.65000000000003,45.00000000000001,0,0
3.22,3.1578947368421053,97.34654292490804,67,14,0,0,271.96000000000004,48.00000000000001,0,0
3.22,3.1578947368421053,97.3812314305925,67,14,0,0,286.27000000000004,51.00000000000001,0,0
3.22,3.1578947368421053,97.41728188537371,67,14,0,0,300.58000000000004,54.00000000000001,0,0
3.22,3.1578947368421053,97.47826187535293,67,14,0,0,314.89000000000004,57.000000000000014,0,0
3.22,3.1578947368421053,97.5120446468077,67,14,0,0,329.20000000000005,60.00000000000001,0,0
3.22,3.1578947368421053,97.56374095586081,68,14,0,0,343.51,63.0,0,0
3.22,3.1578947368421053,97.59579046908276,68,14,0,0,357.82,66.0,0,0
3.22,3.1578947368421053,97.64680755023302,68,14,0,0,372.13,69.0,0,0
3.22,3.1578947368421053,97.68104705879585,68,14,0,0,386.44,72.0,0,0
3.23,3.1578947368421053,97.69708298110162,68,14,0,0,400.75,75.0,0,0
3.23,3.1578947368421053,97.73874188649627,68,14,0,0,415.06,78.0,0,0
3.23,3.1578947368421053,97.76690925234277,68,14,0,0,429.37,81.0,0,0
3.23,3.1578947368421053,97.80456608455206,68,14,0,0,443.68,84.0,0,0
3.23,3.1578947368421053,97.83861002414322,68,14,0,0,457.99,87.0,0,0
3.23,3.1578947368421053,97.86627129090493,68,14,0,0,472.3,90.0,0,0
3.23,3.1578947368421053,97.8954148763793,68,14,0,0,486.61,93.0,0,0
3.23,3.1578947368421053,97.90693380717275,68,14,0,0,500.92,96.0,0,0
3.23,3.1578947368421053,97.9546960818866,68,14,0,0,515.23,99.0,0,0
3.23,8.571428571428571,98.00484631244471,68,14,0,0,520,100.0,0,0
3.23,8.571428571428571,97.99481549173623,68,14,0,0,505.69,97.0,0,0
3.25,8.571428571428571,97.97966603318672,68,14,0,0,491.38,94.0,0,0
3.25,8.571428571428571,97.96149956193776,68,14,0,0,477.07,91.0,0,0
3.25,8.571428571428571,97.95172816230908,68,14,0,0,462.76,88.0,0,0
3.25,8.571428571428571,97.91107733921787,68,14,0,0,448.45,85.0,0,0
3.25,8.571428571428571,97.90163275322315,68,14,0,0,434.14,82.0,0,0
3.25,8.571428571428571,97.88018659381929,68,14,0,0,419.83,79.0,0,0
3.25,8.571428571428571,97.86292081177541,68,14,0,0,405.52,76.0,0,0
3.25,8.571428571428571,97.83665528433339,68,14,0,0,391.21,73.0,0,0
3.25,8.571428571428571,97.80985889379532,68,14,0,0,376.9,70.0,0,0
3.25,8.571428571428571,97.78958519916458,68,14,0,0,362.59000000000003,67.0,0,0
3.27,8.571428571428571,97.77426071562839,68,14,0,0,348.28,63.99999999999999,0,0
3.27,8.571428571428571,97.73973688263634,68,14,0,0,333.96999999999997,60.99999999999999,0,0
3.27,8.571428571428571,97.72107237302633,68,14,0,0,319.65999999999997,57.99999999999999,0,0
3.27,8.571428571428571,97.68954956558524,68,14,0,0,305.34999999999997,54.99999999999999,0,0
3.27,8.571428571428571,97.6545619832085,68,14,0,0,291.03999999999996,51.99999999999999,0,0
3.27,8.571428571428571,97.63521536902272,68,14,0,0,276.7299999999999,48.99999999999998,0,0
3.27,8.571428571428571,97.61303697152053,68,14,0,0,262.4199999999999,45.99999999999997,0,0
3.27,8.571428571428571,97.59588307720148,68,14,0,0,248.10999999999984,42.99999999999997,0,0
3.27,8.571428571428571,97.56613803515776,68,14,0,0,233.79999999999984,39.99999999999997,0,0
3.28,8.571428571428571,97.53486959168389,68,14,0,0,219.48999999999984,36.999999999999964,0,0
3.28,8.571428571428571,97.52301448120083,68,14,0,0,205.1799999999999,33.99999999999997,0,0
3.30,8.571428571428571,97.49128511660955,68,14,0,0,190.8699999999999,30.99999999999997,0,0
3.30,8.571428571428571,97.4611351495432,68,14,0,0,176.55999999999983,27.99999999999997,0,0
3.30,8.571428571428571,97.44158987618233,68,14,0,0,162.24999999999983,24.99999999999997,0,0
3.30,8.571428571428571,97.41841454533501,68,14,0,0,147.93999999999988,21.99999999999997,0,0
3.30,8.571428571428571,97.39750592926325,68,14,0,0,133.62999999999988,18.99999999999997,0,0
3.30,8.571428571428571,97.37820384436509,68,14,0,0,119.31999999999988,15.999999999999972,0,0
3.30,8.571428571428571,97.34551801953073,68,14,0,0,105.00999999999982,12.999999999999972,0,0
3.30,8.571428571428571,97.3145033477728,68,14,0,0,90.69999999999987,9.999999999999972,0,0
3.30,8.571428571428571,97.30683193680694,68,14,0,0,76.38999999999987,6.999999999999972,0,0
3.30,8.571428571428571,97.26607769593252,68,14,0,0,62.07999999999987,3.9999999999999716,0,0
3.32,8.571428571428571,97.2269736657535,68,14,0,0,47.76999999999987,0.9999999999999716,0,0
3.32,8.571428571428571,97.20923956697843,68,14,0,0,43,0.0,0,0
3.32,8.571428571428571,97.2132745442878,68,14,0,0,57.31,3.0,0,0
3.32,8.571428571428571,97.22291804836543,68,14,0,0,71.62,6.0,0,0
3.32,8.571428571428571,97.22185003486442,68,14,0,0,85.93,9.0,0,0
3.32,8.571428571428571,97.2553880536175,68,14,0,0,100.24000000000001,12.0,0,0
3.32,8.571428571428571,97.25993168944643,68,14,0,0,114.55000000000001,15.0,0,0
3.32,8.571428571428571,97.26498457748484,68,14,0,0,128.86,18.0,0,0
3.32,8.571428571428571,97.26560238713215,68,14,0,0,143.16999999999996,21.0,0,0
3.32,8.571428571428571,97.27728440950642,68,14,0,0,157.48000000000002,24.0,0,0
3.33,8.571428571428571,97.28598588441298,68,14,0,0,171.79000000000002,27.0,0,0
3.33,8.571428571428571,97.30392618887979,68,14,0,0,186.10000000000002,30.0,0,0
3.33,8.571428571428571,97.30262800351184,68,14,0,0,200.40999999999997,33.0,0,0
3.33,8.571428571428571,97.30766844656083,68,14,0,0,214.71999999999997,36.0,0,0
3.33,8.571428571428571,97.29941277157435,68,14,0,0,229.03000000000003,39.0,0,0
3.33,8.571428571428571,97.31185824712308,68,14,0,0,243.34000000000003,42.00000000000001,0,0
3.33,8.571428571428571,97.30712194284934,68,14,0,0,257.65000000000003,45.00000000000001,0,0
3.33,8.571428571428571,97.33302781802794,68,14,0,0,271.96000000000004,48.00000000000001,0,0
3.33,8.571428571428571,97.36055394565913,68,14,0,0,286.27000000000004,51.00000000000001,0,0
3.35,8.571428571428571,97.37076756786738,68,14,0,0,300.58000000000004,54.00000000000001,0,0
3.35,8.571428571428571,97.43107685110357,68,14,0,0,314.89000000000004,57.000000000000014,0,0
3.35,8.571428571428571,97.48229720695366,68,14,0,0,329.20000000000005,60.00000000000001,0,0
3.35,8.571428571428571,97.49005812686696,68,14,0,0,343.51,63.0,0,0
3.35,8.571428571428571,97.49445679997315,68,14,0,0,357.82,66.0,0,0
3.35,8.571428571428571,97.54713648712472,68,14,0,0,372.13,69.0,0,0
3.35,8.571428571428571,97.58308558224674,68,14,0,0,386.44,72.0,0,0
3.35,8.571428571428571,97.60854008875259,68,14,0,0,400.75,75.0,0,0
3.35,8.571428571428571,97.66487853028752,68,14,0,0,415.06,78.0,0,0
3.37,8.571428571428571,97.68211280786421,68,14,0,0,429.37,81.0,0,0
3.37,8.571428571428571,97.72245038002602,68,14,0,0,443.68,84.0,0,0
3.37,8.571428571428571,97.76462120926301,68,14,0,0,457.99,87.0,0,0
3.37,8.571428571428571,97.78547758780401,68,14,0,0,472.3,90.0,0,0
3.37,8.571428571428571,97.82043402652138,68,14,0,0,486.61,93.0,0,0
3.37,8.571428571428571,97.82526499749811,68,14,0,0,500.92,96.0,0,0
3.37,8.571428571428571,97.84944139797885,68,14,0,0,515.23,99.0,0,0
3.37,7.5,97.89124756383009,68,14,0,0,520,100.0,0,0
3.37,7.5,97.86957518212644,68,14,0,0,505.69,97.0,0,0
3.37,7.5,97.84420830080745,68,14,0,0,491.38,94.0,0,0
3.38,7.5,97.80676227544257,68,14,0,0,477.07,91.0,0,0
3.38,7.5,97.77725485469495,68,14,0,0,462.76,88.0,0,0
3.38,7.5,97.72894951842643,68,14,0,0,448.45,85.0,0,0
3.38,7.5,97.70972760057569,68,14,0,0,434.14,82.0,0,0
3.38,7.5,97.69222817746575,68,14,0,0,419.83,79.0,0,0
3.38,7.5,97.67644336491026,68,14,0,0,405.52,76.0,0,0
3.38,7.5,97.67315924506211,68,14,0,0,391.21,73.0,0,0
3.38,7.5,97.64214884769181,68,14,0,0,376.9,70.0,0,0
3.38,7.5,97.62661030479272,68,14,0,0,362.59000000000003,67.0,0,0
3.38,7.5,97.61013000332824,68,14,0,0,348.28,63.99999999999999,0,0
3.40,7.5,97.59879778985854,68,14,0,0,333.96999999999997,60.99999999999999,0,0
3.40,7.5,97.59516857901558,68,14,0,0,319.65999999999997,57.99999999999999,0,0
3.40,7.5,97.56756688939235,68,14,0,0,305.34999999999997,54.99999999999999,0,0
3.40,7.5,97.53179809490778,68,14,0,0,291.03999999999996,51.99999999999999,0,0
3.40,7.5,97.50958039987742,68,14,0,0,276.7299999999999,48.99999999999998,0,0
3.40,7.5,97.47906596478344,68,14,0,0,262.4199999999999,45.99999999999997,0,0
3.40,7.5,97.47106424084244,68,14,0,0,248.10999999999984,42.99999999999997,0,0
3.40,7.5,97.44066832692906,68,14,0,0,233.79999999999984,39.99999999999997,0,0
3.40,7.5,97.43327310086826,68,14,0,0,219.48999999999984,36.999999999999964,0,0
3.40,7.5,97.41003419264932,68,14,0,0,205.1799999999999,33.99999999999997,0,0
3.42,7.5,97.37340130251636,68,14,0,0,190.8699999999999,30.99999999999997,0,0
3.42,7.5,97.35381592214104,68,14,0,0,176.55999999999983,27.99999999999997,0,0
3.42,7.5,97.31759967062935,68,14,0,0,162.24999999999983,24.99999999999997,0,0
3.42,7.5,97.30176124167691,68,14,0,0,147.93999999999988,21.99999999999997,0,0
3.42,7.5,97.29340676837765,68,14,0,0,133.62999999999988,18.99999999999997,0,0
3.42,7.5,97.26320454192792,68,14,0,0,119.31999999999988,15.999999999999972,0,0
3.42,7.5,97.25279208930442,68,14,0,0,105.00999999999982,12.999999999999972,0,0
3.42,7.5,97.24585050562588,68,14,0,0,90.69999999999987,9.999999999999972,0,0
3.42,7.5,97.23654244680033,68,14,0,0,76.38999999999987,6.999999999999972,0,0
3.42,7.5,97.19938195571665,68,14,0,0,62.07999999999987,3.9999999999999716,0,0
3.43,7.5,97.18085056774306,68,14,0,0,47.76999999999987,0.9999999999999716,0,0
3.43,7.5,97.14309350635669,68,14,0,0,43,0.0,0,0
3.43,7.5,97.15128989847373,68,14,0,0,57.31,3.0,0,0
3.43,7.5,97.1761823851892,68,14,0,0,71.62,6.0,0,0
3.43,7.5,97.18090374569599,68,14,0,0,85.93,9.0,0,0
3.43,7.5,97.2106488261219,68,14,0,0,100.24000000000001,12.0,0,0
3.43,7.5,97.2006570105484,68,14,0,0,114.55000000000001,15.0,0,0
3.43,7.5,97.22363009996295,68,14,0,0,128.86,18.0,0,0
3.43,7.5,97.24845165198609,68,14,0,0,143.16999999999996,21.0,0,0
3.43,7.5,97.26597301403243,68,14,0,0,157.48000000000002,24.0,0,0
3.45,7.5,97.28617096376162,68,14,0,0,171.79000000000002,27.0,0,0
3.45,7.5,97.28841050873811,68,14,0,0,186.10000000000002,30.0,0,0
3.45,7.5,97.3039938766939,68,14,0,0,200.40999999999997,33.0,0,0
3.45,7.5,97.33472277468661,68,14,0,0,214.71999999999997,36.0,0,0
3.45,7.5,97.36429032734044,68,14,0,0,229.03000000000003,39.0,0,0
3.45,7.5,97.38657172142075,68,15,0,0,243.34000000000003,42.00000000000001,0,0
3.45,7.5,97.37553171260893,68,15,0,0,257.65000000000003,45.00000000000001,0,0
3.45,7.5,97.370714876477,68,15,0,0,271.96000000000004,48.00000000000001,0,0
3.45,7.5,97.3906575897422,68,15,0,0,286.27000000000004,51.00000000000001,0,0
3.45,7.5,97.418959586585,68,15,0,0,300.58000000000004,54.00000000000001,0,0
3.47,7.5,97.46521297643145,68,15,0,0,314.89000000000004,57.000000000000014,0,0
3.47,7.5,97.47219775982192,68,15,0,0,329.20000000000005,60.00000000000001,0,0
3.47,7.5,97.52167985385331,68,15,0,0,343.51,63.0,0,0
3.47,7.5,97.53363861172974,69,15,0,0,357.82,66.0,0,0
3.47,7.5,97.58084722255799,69,15,0,0,372.13,69.0,0,0
3.47,7.5,97.62966614736688,69,15,0,0,386.44,72.0,0,0
3.47,7.5,97.67738586057824,69,15,0,0,400.75,75.0,0,0
3.47,7.5,97.71898219100215,69,15,0,0,415.06,78.0,0,0
3.47,7.5,97.7538892212698,70,15,0,0,429.37,81.0,0,0
3.47,7.5,97.78176927180974,70,15,0,0,443.68,84.0,0,0
3.48,7.5,97.8235466478512,70,15,0,0,457.99,87.0,0,0
3.48,7.5,97.83773239293511,70,15,0,0,472.3,90.0,0,0
3.48,7.5,97.86838101428236,70,15,0,0,486.61,93.0,0,0
3.48,7.5,97.8851410741451,70,15,0,0,500.92,96.0,0,0
3.48,7.5,97.93167154444188,70,15,0,0,515.23,99.0,0,0
3.48,8.571428571428571,97.9840733464475,70,15,0,0,520,100.0,0,0
3.48,8.571428571428571,97.97422037546791,70,15,0,0,505.69,97.0,0,0
3.48,8.571428571428571,97.95509585780094,70,15,0,0,491.38,94.0,0,0
3.48,8.571428571428571,97.94967783694956,70,15,0,0,477.07,91.0,0,0
3.48,8.571428571428571,97.90913306330616,70,15,0,0,462.76,88.0,0,0
3.50,8.571428571428571,97.88438591166161,70,15,0,0,448.45,85.0,0,0
3.50,8.571428571428571,97.8607021513323,70,15,0,0,434.14,82.0,0,0
3.50,8.571428571428571,97.84577979924744,70,15,0,0,419.83,79.0,0,0
3.50,8.571428571428571,97.82486552903865,70,15,0,0,405.52,76.0,0,0
3.50,8.571428571428571,97.81034959068276,70,15,0,0,391.21,73.0,0,0
3.50,8.571428571428571,97.77486191267636,70,15,0,0,376.9,70.0,0,0
3.50,8.571428571428571,97.74332832586467,70,15,0,0,362.59000000000003,67.0,0,0
3.50,8.571428571428571,97.70819876659996,70,15,0,0,348.28,63.99999999999999,0,0
3.50,8.571428571428571,97.68495840163989,70,15,0,0,333.96999999999997,60.99999999999999,0,0
3.50,8.571428571428571,97.65031177213272,70,15,0,0,319.65999999999997,57.99999999999999,0,0
3.52,8.571428571428571,97.63482906393304,70,15,0,0,305.34999999999997,54.99999999999999,0,0
3.52,8.571428571428571,97.61271295407728,70,15,0,0,291.03999999999996,51.99999999999999,0,0
3.52,8.571428571428571,97.58480354757883,70,15,0,0,276.7299999999999,48.99999999999998,0,0
3.52,8.571428571428571,97.580824176655,70,15,0,0,262.4199999999999,45.99999999999997,0,0
3.52,8.571428571428571,97.54149509090188,70,15,0,0,248.10999999999984,42.99999999999997,0,0
3.52,8.571428571428571,97.52237852036292,70,15,0,0,233.79999999999984,39.99999999999997,0,0
3.52,8.571428571428571,97.4912845935909,70,15,0,0,219.48999999999984,36.999999999999964,0,0
3.52,8.571428571428571,97.46503338464733,70,15,0,0,205.1799999999999,33.99999999999997,0,0
3.52,8.571428571428571,97.42792648774257,70,15,0,0,190.8699999999999,30.99999999999997,0,0
3.52,8.571428571428571,97.39864664862962,70,15,0,0,176.55999999999983,27.99999999999997,0,0
3.53,8.571428571428571,97.37602150929771,70,15,0,0,162.24999999999983,24.99999999999997,0,0
3.53,8.571428571428571,97.34497044745726,70,15,0,0,147.93999999999988,21.99999999999997,0,0
3.53,8.571428571428571,97.32574867158064,70,15,0,0,133.62999999999988,18.99999999999997,0,0
3.53,8.571428571428571,97.32346205933835,70,15,0,0,119.31999999999988,15.999999999999972,0,0
3.53,8.571428571428571,97.29163437865998,70,15,0,0,105.00999999999982,12.999999999999972,0,0
3.53,8.571428571428571,97.2552666493031,70,15,0,0,90.69999999999987,9.999999999999972,0,0
3.53,8.571428571428571,97.24442170354517,70,15,0,0,76.38999999999987,6.999999999999972,0,0
3.53,8.571428571428571,97.22896569829823,70,15,0,0,62.07999999999987,3.9999999999999716,0,0
3.53,8.571428571428571,97.2232811617338,70,15,0,0,47.76999999999987,0.9999999999999716,0,0
3.55,8.571428571428571,97.18897799884837,70,15,0,0,43,0.0,0,0
3.55,8.571428571428571,97.20427470358635,70,15,0,0,57.31,3.0,0,0
3.55,8.571428571428571,97.19385438311686,70,15,0,0,71.62,6.0,0,0
3.55,8.571428571428571,97.21910017564659,70,15,0,0,85.93,9.0,0,0
3.55,8.571428571428571,97.2430024594742,70,15,0,0,100.24000000000001,12.0,0,0
3.55,8.571428571428571,97.25605199686534,70,15,0,0,114.55000000000001,15.0,0,0
3.55,8.571428571428571,97.2768615964077,70,15,0,0,128.86,18.0,0,0
3.55,8.571428571428571,97.29399880151402,70,15,0,0,143.16999999999996,21.0,0,0
3.55,8.571428571428571,97.30155927980672,70,15,0,0,157.48000000000002,24.0,0,0
3.55,8.571428571428571,97.30139843877552,70,15,0,0,171.79000000000002,27.0,0,0
3.55,8.571428571428571,97.3235978698724,70,15,0,0,186.10000000000002,30.0,0,0
3.57,8.571428571428571,97.3415758000411,70,15,0,0,200.40999999999997,33.0,0,0
3.57,8.571428571428571,97.33725483126732,70,15,0,0,214.71999999999997,36.0,0,0
3.57,8.571428571428571,97.34797087625059,70,15,0,0,229.03000000000003,39.0,0,0
3.57,8.571428571428571,97.3518364842449,70,15,0,0,243.34000000000003,42.00000000000001,0,0
3.57,8.571428571428571,97.35066986286013,70,15,0,0,257.65000000000003,45.00000000000001,0,0
3.57,8.571428571428571,97.3725458483676,70,15,0,0,271.96000000000004,48.00000000000001,0,0
3.57,8.571428571428571,97.42022409368288,70,15,0,0,286.27000000000004,51.00000000000001,0,0
3.57,8.571428571428571,97.45631116353147,70,15,0,0,300.58000000000004,54.00000000000001,0,0
3.57,8.571428571428571,97.48722107726964,70,15,0,0,314.89000000000004,57.000000000000014,0,0
3.57,8.571428571428571,97.50090993411348,70,15,0,0,329.20000000000005,60.00000000000001,0,0
3.58,8.571428571428571,97.53041116795463,70,15,0,0,343.51,63.0,0,0
3.58,8.571428571428571,97.57239102221119,70,15,0,0,357.82,66.0,0,0
3.58,8.571428571428571,97.620416730978,70,15,0,0,372.13,69.0,0,0
3.58,8.571428571428571,97.65349130046702,71,15,0,0,386.44,72.0,0,0
3.58,8.571428571428571,97.67611480785294,71,15,0,0,400.75,75.0,0,0
3.58,8.571428571428571,97.72559219269654,71,15,0,0,415.06,78.0,0,0
3.58,8.571428571428571,97.73197616795707,71,15,0,0,429.37,81.0,0,0
3.58,8.571428571428571,97.76602878419244,71,15,0,0,443.68,84.0,0,0
3.58,8.571428571428571,97.80748608493747,71,15,0,0,457.99,87.0,0,0
3.58,8.571428571428571,97.83724933990597,71,15,0,0,472.3,90.0,0,0
3.60,8.571428571428571,97.86328889151352,71,15,0,0,486.61,93.0,0,0
3.60,8.571428571428571,97.89065102290446,71,15,0,0,500.92,96.0,0,0
3.60,8.571428571428571,97.92305752029722,71,15,0,0,515.23,99.0,0,0
3.60,8.571428571428571,97.95722716227436,71,15,0,0,520,100.0,0,0
3.60,8.571428571428571,97.94553141963951,71,15,0,0,505.69,97.0,0,0
3.60,8.571428571428571,97.92534885696813,71,15,0,0,491.38,94.0,0,0
3.60,8.571428571428571,97.89906281539278,71,15,0,0,477.07,91.0,0,0
3.60,8.571428571428571,97.8835907839747,72,15,0,0,462.76,88.0,0,0
3.60,8.571428571428571,97.87201158832053,72,15,0,0,448.45,85.0,0,0
3.60,8.571428571428571,97.86892864732562,72,15,0,0,434.14,82.0,0,0
3.62,8.571428571428571,97.83486274295927,72,15,0,0,419.83,79.0,0,0
3.62,8.571428571428571,97.81936082842515,72,15,0,0,405.52,76.0,0,0
3.62,8.571428571428571,97.79109960559703,72,15,0,0,391.21,73.0,0,0
3.62,8.571428571428571,97.77696987410019,72,15,0,0,376.9,70.0,0,0
3.62,8.571428571428571,97.75746735608942,72,16,0,0,362.59000000000003,67.0,0,0
3.62,8.571428571428571,97.75111655090842,72,16,0,0,348.28,63.99999999999999,0,0
3.62,8.571428571428571,97.72776854754805,72,16,0,0,333.96999999999997,60.99999999999999,0,0
3.62,8.571428571428571,97.71103284033283,72,16,0,0,319.65999999999997,57.99999999999999,0,0
3.62,8.571428571428571,97.6941557224759,72,16,0,0,305.34999999999997,54.99999999999999,0,0
3.62,8.571428571428571,97.67010615598765,73,16,0,0,291.03999999999996,51.99999999999999,0,0
3.63,8.571428571428571,97.66660738243777,73,16,0,0,276.7299999999999,48.99999999999998,0,0
3.63,8.571428571428571,97.65090518877194,73,16,0,0,262.4199999999999,45.99999999999997,0,0
3.63,8.571428571428571,97.61916952944702,73,16,0,0,248.10999999999984,42.99999999999997,0,0
3.63,8.571428571428571,97.60681824387153,73,16,0,0,233.79999999999984,39.99999999999997,0,0
3.63,8.571428571428571,97.58169413226483,73,16,0,0,219.48999999999984,36.999999999999964,0,0
3.63,8.571428571428571,97.55698540140966,73,16,0,0,205.1799999999999,33.99999999999997,0,0
3.63,8.571428571428571,97.53437007690323,73,16,0,0,190.8699999999999,30.99999999999997,0,0
3.63,8.571428571428571,97.51514281269499,73,16,0,0,176.55999999999983,27.99999999999997,0,0
3.63,8.571428571428571,97.48889739729961,73,16,0,0,162.24999999999983,24.99999999999997,0,0
3.63,8.571428571428571,97.45628237060744,73,16,0,0,147.93999999999988,21.99999999999997,0,0
3.65,8.571428571428571,97.42704987909566,73,16,0,0,133.62999999999988,18.99999999999997,0,0
3.65,8.571428571428571,97.40620224114905,73,16,0,0,119.31999999999988,15.999999999999972,0,0
3.65,8.571428571428571,97.36658002599195,73,16,0,0,105.00999999999982,12.999999999999972,0,0
3.65,8.571428571428571,97.34288697516399,73,16,0,0,90.69999999999987,9.999999999999972,0,0
3.65,8.571428571428571,97.32835077415933,73,16,0,0,76.38999999999987,6.999999999999972,0,0
3.65,8.571428571428571,97.29322811105479,73,16,0,0,62.07999999999987,3.9999999999999716,0,0
3.65,8.571428571428571,97.28264196899875,73,16,0,0,47.76999999999987,0.9999999999999716,0,0
3.65,8.571428571428571,97.28124752645473,73,16,0,0,43,0.0,0,0
3.65,8.571428571428571,97.2772429542106,73,16,0,0,57.31,3.0,0,0
3.65,8.571428571428571,97.28661927727016,73,16,0,0,71.62,6.0,0,0
3.67,8.571428571428571,97.28006775507154,73,16,0,0,85.93,9.0,0,0
3.67,8.571428571428571,97.28609082750724,73,16,0,0,100.24000000000001,12.0,0,0
3.67,8.571428571428571,97.29058830292193,73,16,0,0,114.55000000000001,15.0,0,0
3.67,8.571428571428571,97.31078657760338,73,16,0,0,128.86,18.0,0,0
3.67,8.571428571428571,97.32252643955329,73,16,0,0,143.16999999999996,21.0,0,0
3.67,8.571428571428571,97.34302195275083,73,16,0,0,157.48000000000002,24.0,0,0
3.67,8.571428571428571,97.35468265018761,73,16,0,0,171.79000000000002,27.0,0,0
3.67,8.571428571428571,97.36109133024723,73,16,0,0,186.10000000000002,30.0,0,0
3.67,8.571428571428571,97.35758370057327,73,16,0,0,200.40999999999997,33.0,0,0
3.67,8.571428571428571,97.36919522585262,74,16,0,0,214.71999999999997,36.0,0,0
3.68,8.571428571428571,97.37591915658402,74,16,0,0,229.03000000000003,39.0,0,0
3.68,8.571428571428571,97.377545721095,74,17,0,0,243.34000000000003,42.00000000000001,0,0
3.68,8.571428571428571,97.40138436037302,74,17,0,0,257.65000000000003,45.00000000000001,0,0
3.68,8.571428571428571,97.41908487147228,75,17,0,0,271.96000000000004,48.00000000000001,0,0
3.68,8.571428571428571,97.47275395468459,75,17,0,0,286.27000000000004,51.00000000000001,0,0
3.68,8.571428571428571,97.48635725535702,75,17,0,0,300.58000000000004,54.00000000000001,0,0
3.68,8.571428571428571,97.52356262840718,75,17,0,0,314.89000000000004,57.000000000000014,0,0
3.68,8.571428571428571,97.54773862166152,75,17,0,0,329.20000000000005,60.00000000000001,0,0
3.68,8.571428571428571,97.56018402384042,75,17,0,0,343.51,63.0,0,0
3.68,8.571428571428571,97.58841133297263,75,17,0,0,357.82,66.0,0,0
3.70,8.571428571428571,97.61352540083864,75,17,0,0,372.13,69.0,0,0
3.70,8.571428571428571,97.65399653244243,75,17,0,0,386.44,72.0,0,0
3.70,8.571428571428571,97.70616310992156,75,17,0,0,400.75,75.0,0,0
3.70,8.571428571428571,97.731578830368,75,17,0,0,415.06,78.0,0,0
3.70,8.571428571428571,97.7441137113848,75,17,0,0,429.37,81.0,0,0
3.70,8.571428571428571,97.76839287441638,75,17,0,0,443.68,84.0,0,0
3.70,8.571428571428571,97.78395457120929,75,17,0,0,457.99,87.0,0,0
3.70,8.571428571428571,97.80345573524716,75,17,0,0,472.3,90.0,0,0
3.70,8.571428571428571,97.81084963311619,75,17,0,0,486.61,93.0,0,0
3.70,8.571428571428571,97.8462382860135,75,17,0,0,500.92,96.0,0,0
3.72,8.571428571428571,97.86502203225957,75,17,0,0,515.23,99.0,0,0
3.72,8.571428571428571,97.90369153075201,75,17,0,0,520,100.0,0,0
3.72,8.571428571428571,97.88704962977809,75,17,0,0,505.69,97.0,0,0
3.72,8.571428571428571,97.85492233398878,75,18,0,0,491.38,94.0,0,0
3.72,8.571428571428571,97.84302833268084,75,18,0,0,477.07,91.0,0,0
3.72,8.571428571428571,97.81648404132773,75,18,0,0,462.76,88.0,0,0
3.72,8.571428571428571,97.81018074670897,75,18,0,0,448.45,85.0,0,0
3.72,8.571428571428571,97.79872154903931,75,18,0,0,434.14,82.0,0,0
3.72,8.571428571428571,97.76980332156872,75,18,0,0,419.83,79.0,0,0
3.72,8.571428571428571,97.75987715925574,75,18,0,0,405.52,76.0,0,0
3.73,8.571428571428571,97.75518911074272,75,18,0,0,391.21,73.0,0,0
3.73,8.571428571428571,97.74684495156053,75,18,0,0,376.9,70.0,0,0
3.73,8.571428571428571,97.72255604205364,75,18,0,0,362.59000000000003,67.0,0,0
3.73,8.571428571428571,97.69527708857936,75,18,0,0,348.28,63.99999999999999,0,0
3.73,8.571428571428571,97.66102065403261,75,18,0,0,333.96999999999997,60.99999999999999,0,0
3.73,8.571428571428571,97.62410045618158,75,18,0,0,319.65999999999997,57.99999999999999,0,0
3.73,8.571428571428571,97.59705973375668,75,18,0,0,305.34999999999997,54.99999999999999,0,0
3.73,8.571428571428571,97.58044629152707,75,18,0,0,291.03999999999996,51.99999999999999,0,0
3.73,8.571428571428571,97.56865418739315,75,18,0,0,276.7299999999999,48.99999999999998,0,0
3.73,8.571428571428571,97.5447187367824,75,18,0,0,262.4199999999999,45.99999999999997,0,0
3.75,8.571428571428571,97.52224840655381,75,18,0,0,248.10999999999984,42.99999999999997,0,0
3.75,8.571428571428571,97.514076189372,75,18,0,0,233.79999999999984,39.99999999999997,0,0
3.75,8.571428571428571,97.49696106779457,75,18,0,0,219.48999999999984,36.999999999999964,0,0
3.75,8.571428571428571,97.46392918157153,75,18,0,0,205.1799999999999,33.99999999999997,0,0
3.75,8.571428571428571,97.43190668189752,75,18,0,0,190.8699999999999,30.99999999999997,0,0
3.75,8.571428571428571,97.41890659082057,75,18,0,0,176.55999999999983,27.99999999999997,0,0
3.75,8.571428571428571,97.39179667705002,75,18,0,0,162.24999999999983,24.99999999999997,0,0
3.75,8.571428571428571,97.3749608254961,75,18,0,0,147.93999999999988,21.99999999999997,0,0
3.75,8.571428571428571,97.33705017030016,75,18,0,0,133.62999999999988,18.99999999999997,0,0
3.75,8.571428571428571,97.31265027843122,75,18,0,0,119.31999999999988,15.999999999999972,0,0
3.77,8.571428571428571,97.29134160857778,75,18,0,0,105.00999999999982,12.999999999999972,0,0
3.77,8.571428571428571,97.26818616360706,75,18,0,0,90.69999999999987,9.999999999999972,0,0
3.77,8.571428571428571,97.255189048126,75,18,0,0,76.38999999999987,6.999999999999972,0,0
3.77,8.571428571428571,97.22105222603517,75,18,0,0,62.07999999999987,3.9999999999999716,0,0
3.77,8.571428571428571,97.20519381283887,75,18,0,0,47.76999999999987,0.9999999999999716,0,0
3.77,8.571428571428571,97.20452366201991,75,18,0,0,43,0.0,0,0
3.77,8.571428571428571,97.21227914801626,75,18,0,0,57.31,3.0,0,0
3.77,8.571428571428571,97.24239843632603,75,18,0,0,71.62,6.0,0,0
3.77,8.571428571428571,97.26895168405012,75,18,0,0,85.93,9.0,0,0
3.78,8.571428571428571,97.25752561190527,75,18,0,0,100.24000000000001,12.0,0,0
3.78,8.571428571428571,97.25933959532927,75,18,0,0,114.55000000000001,15.0,0,0
3.78,8.571428571428571,97.26940334878883,75,18,0,0,128.86,18.0,0,0
3.78,8.571428571428571,97.28518690343596,75,18,0,0,143.16999999999996,21.0,0,0
3.78,8.571428571428571,97.29493333575665,75,18,0,0,157.48000000000002,24.0,0,0
3.78,8.571428571428571,97.2975680996803,75,18,0,0,171.79000000000002,27.0,0,0
3.78,8.571428571428571,97.28280361699765,76,18,0,0,186.10000000000002,30.0,0,0
3.78,8.571428571428571,97.29254371251614,76,18,0,0,200.40999999999997,33.0,0,0
3.78,8.571428571428571,97.2897453793546,76,18,0,0,214.71999999999997,36.0,0,0
3.78,8.571428571428571,97.30371331046467,76,18,0,0,229.03000000000003,39.0,0,0
3.78,8.571428571428571,97.29050748581517,76,18,0,0,243.34000000000003,42.00000000000001,0,0
3.80,8.571428571428571,97.30930469705933,76,18,0,0,257.65000000000003,45.00000000000001,0,0
3.80,8.571428571428571,97.3100417277572,76,18,0,0,271.96000000000004,48.00000000000001,0,0
3.80,8.571428571428571,97.32004443196394,76,18,0,0,286.27000000000004,51.00000000000001,0,0
3.80,8.571428571428571,97.35426883412623,76,18,0,0,300.58000000000004,54.00000000000001,0,0
3.80,8.571428571428571,97.40240129772843,76,18,0,0,314.89000000000004,57.000000000000014,0,0
3.80,8.571428571428571,97.42995780212313,76,18,0,0,329.20000000000005,60.00000000000001,0,0
3.80,8.571428571428571,97.47390419633025,76,18,0,0,343.51,63.0,0,0
3.80,8.571428571428571,97.51468095412484,76,18,0,0,357.82,66.0,0,0
3.80,8.571428571428571,97.54870153662004,76,18,0,0,372.13,69.0,0,0
3.82,8.571428571428571,97.56895431717146,76,18,0,0,386.44,72.0,0,0
3.82,8.571428571428571,97.59956508950039,76,18,0,0,400.75,75.0,0,0
3.82,8.571428571428571,97.62251111252613,76,18,0,0,415.06,78.0,0,0
3.82,8.571428571428571,97.65607587922082,76,18,0,0,429.37,81.0,0,0
3.82,8.571428571428571,97.70091907591085,76,18,0,0,443.68,84.0,0,0
3.82,8.571428571428571,97.72187738656476,76,18,0,0,457.99,87.0,0,0
3.82,8.571428571428571,97.7434727075868,76,18,0,0,472.3,90.0,0,0
3.82,8.571428571428571,97.79549741398775,76,18,0,0,486.61,93.0,0,0
3.82,8.571428571428571,97.84087986916909,76,18,0,0,500.92,96.0,0,0
3.83,8.571428571428571,97.85170427254673,76,18,0,0,515.23,99.0,0,0
3.83,8.571428571428571,97.89487967757023,76,18,0,0,520,100.0,0,0
3.83,8.571428571428571,97.86840123695957,76,18,0,0,505.69,97.0,0,0
3.83,8.571428571428571,97.85413318782884,76,18,0,0,491.38,94.0,0,0
3.83,8.571428571428571,97.81496829696118,76,18,0,0,477.07,91.0,0,0
3.83,8.571428571428571,97.77987308159119,76,18,0,0,462.76,88.0,0,0
3.83,8.571428571428571,97.75778262505702,76,18,0,0,448.45,85.0,0,0
3.83,8.571428571428571,97.73520404375203,76,18,0,0,434.14,82.0,0,0
3.83,8.571428571428571,97.71216239851923,76,18,0,0,419.83,79.0,0,0
3.83,8.571428571428571,97.70259298703394,76,18,0,0,405.52,76.0,0,0
3.83,8.571428571428571,97.67154667172746,76,18,0,0,391.21,73.0,0,0
3.85,8.571428571428571,97.63238730890615,76,18,0,0,376.9,70.0,0,0
3.85,8.571428571428571,97.60434091108269,76,18,0,0,362.59000000000003,67.0,0,0
3.85,8.571428571428571,97.59058867796338,76,18,0,0,348.28,63.99999999999999,0,0
3.85,8.571428571428571,97.55952529123691,76,18,0,0,333.96999999999997,60.99999999999999,0,0
3.85,8.571428571428571,97.53280899749848,76,18,0,0,319.65999999999997,57.99999999999999,0,0
3.85,8.571428571428571,97.49712977936105,76,18,0,0,305.34999999999997,54.99999999999999,0,0
3.85,8.571428571428571,97.46556683278904,76,18,0,0,291.03999999999996,51.99999999999999,0,0
3.85,8.571428571428571,97.4531635835943,76,18,0,0,276.7299999999999,48.99999999999998,0,0
3.87,8.571428571428571,97.43534191384843,76,18,0,0,262.4199999999999,45.99999999999997,0,0
3.87,8.571428571428571,97.40171487477377,76,18,0,0,248.10999999999984,42.99999999999997,0,0
3.87,8.571428571428571,97.3802790552906,76,18,0,0,233.79999999999984,39.99999999999997,0,0
3.87,8.571428571428571,97.35817515962994,76,18,0,0,219.48999999999984,36.999999999999964,0,0
3.87,8.571428571428571,97.32642443732952,76,18,0,0,205.1799999999999,33.99999999999997,0,0
3.87,8.571428571428571,97.31638783308637,76,18,0,0,190.8699999999999,30.99999999999997,0,0
3.87,8.571428571428571,97.2921979247856,76,18,0,0,176.55999999999983,27.99999999999997,0,0
3.87,8.571428571428571,97.27041514218018,76,18,0,0,162.24999999999983,24.99999999999997,0,0
3.87,8.571428571428571,97.25008001038792,76,18,0,0,147.93999999999988,21.99999999999997,0,0
3.87,8.571428571428571,97.21623650049452,76,18,0,0,133.62999999999988,18.99999999999997,0,0
3.88,8.571428571428571,97.17679795343201,76,18,0,0,119.31999999999988,15.999999999999972,0,0
3.88,8.571428571428571,97.14776174475757,76,18,0,0,105.00999999999982,12.999999999999972,0,0
3.88,8.571428571428571,97.1127547642731,76,18,0,0,90.69999999999987,9.999999999999972,0,0
3.88,8.571428571428571,97.08839365491106,76,18,0,0,76.38999999999987,6.999999999999972,0,0
3.88,8.571428571428571,97.07214706305632,76,18,0,0,62.07999999999987,3.9999999999999716,0,0
3.88,8.571428571428571,97.05644908840172,76,18,0,0,47.76999999999987,0.9999999999999716,0,0
3.88,8.571428571428571,97.0332304487822,76,18,0,0,43,0.0,0,0
3.88,8.571428571428571,97.03785517377794,76,18,0,0,57.31,3.0,0,0
3.88,8.571428571428571,97.04861268482966,76,18,0,0,71.62,6.0,0,0
3.88,8.571428571428571,97.0576575801891,76,18,0,0,85.93,9.0,0,0
3.90,8.571428571428571,97.06532483264236,76,18,0,0,100.24000000000001,12.0,0,0
3.90,8.571428571428571,97.07247872516193,76,18,0,0,114.55000000000001,15.0,0,0
3.90,8.571428571428571,97.06626526348693,76,18,0,0,128.86,18.0,0,0
3.90,8.571428571428571,97.07463910218101,76,18,0,0,143.16999999999996,21.0,0,0
3.90,8.571428571428571,97.08060735989226,76,18,0,0,157.48000000000002,24.0,0,0
3.90,8.571428571428571,97.10615590256637,76,18,0,0,171.79000000000002,27.0,0,0
3.92,8.571428571428571,97.12281670797177,76,18,0,0,186.10000000000002,30.0,0,0
3.92,8.571428571428571,97.14432209837773,76,18,0,0,200.40999999999997,33.0,0,0
3.93,8.571428571428571,97.15216433509576,76,18,0,0,214.71999999999997,36.0,0,0
3.93,8.571428571428571,97.18174946957322,76,18,0,0,229.03000000000003,39.0,0,0
3.93,8.571428571428571,97.17863472735506,76,18,0,0,243.34000000000003,42.00000000000001,0,0
3.93,8.571428571428571,97.17917467986722,76,18,0,0,257.65000000000003,45.00000000000001,0,0
3.93,8.571428571428571,97.19861915385961,76,18,0,0,271.96000000000004,48.00000000000001,0,0
3.95,8.571428571428571,97.22077506105586,76,18,0,0,286.27000000000004,51.00000000000001,0,0
3.95,8.571428571428571,97.25520986733261,76,18,0,0,300.58000000000004,54.00000000000001,0,0
3.95,8.571428571428571,97.3109997900082,76,18,0,0,314.89000000000004,57.000000000000014,0,0
3.95,8.571428571428571,97.33230451450054,76,18,0,0,329.20000000000005,60.00000000000001,0,0
3.95,8.571428571428571,97.34340573919785,76,18,0,0,343.51,63.0,0,0
3.95,8.571428571428571,97.37723033961664,76,18,0,0,357.82,66.0,0,0
3.95,8.571428571428571,97.40608083236394,76,18,0,0,372.13,69.0,0,0
3.95,8.571428571428571,97.42086219462976,76,18,0,0,386.44,72.0,0,0
3.95,8.571428571428571,97.44600597757889,76,18,0,0,400.75,75.0,0,0
3.97,8.571428571428571,97.4676141202551,76,18,0,0,415.06,78.0,0,0
3.97,8.571428571428571,97.490581484644,76,18,0,0,429.37,81.0,0,0
3.97,8.571428571428571,97.530723048527,76,18,0,0,443.68,84.0,0,0
3.97,8.571428571428571,97.57321466631522,76,18,0,0,457.99,87.0,0,0
3.97,8.571428571428571,97.59154326891202,76,18,0,0,472.3,90.0,0,0
3.97,8.571428571428571,97.64334813414169,76,18,0,0,486.61,93.0,0,0
3.97,8.571428571428571,97.66759965564407,76,18,0,0,500.92,96.0,0,0
3.97,8.571428571428571,97.71615504908242,76,18,0,0,515.23,99.0,0,0
3.97,6.666666666666667,97.75915629289779,76,18,0,0,520,100.0,0,0
3.98,6.666666666666667,97.73086073399291,76,18,0,0,505.69,97.0,0,0
3.98,6.666666666666667,97.7052775801268,76,18,0,0,491.38,94.0,0,0
3.98,6.666666666666667,97.667943507595,76,18,0,0,477.07,91.0,0,0
3.98,6.666666666666667,97.64372521521535,76,18,0,0,462.76,88.0,0,0
3.98,6.666666666666667,97.62586174255404,77,18,0,0,448.45,85.0,0,0
3.98,6.666666666666667,97.6149538734597,77,18,0,0,434.14,82.0,0,0
3.98,6.666666666666667,97.59558832414413,77,18,0,0,419.83,79.0,0,0
3.98,6.666666666666667,97.57278325110391,77,18,0,0,405.52,76.0,0,0
4.00,6.666666666666667,97.55822785718969,77,18,0,0,391.21,73.0,0,0
4.00,6.666666666666667,97.5484857021036,77,18,0,0,376.9,70.0,0,0
4.00,6.666666666666667,97.53255092232544,77,18,0,0,362.59000000000003,67.0,0,0
4.00,6.666666666666667,97.51168664943232,78,18,0,0,348.28,63.99999999999999,0,0
4.00,6.666666666666667,97.48439011170456,78,18,0,0,333.96999999999997,60.99999999999999,0,0
4.00,6.666666666666667,97.45236472810295,78,18,0,0,319.65999999999997,57.99999999999999,0,0
4.02,6.666666666666667,97.43415465687437,78,18,0,0,305.34999999999997,54.99999999999999,0,0
4.02,6.666666666666667,97.40201382072293,79,18,0,0,291.03999999999996,51.99999999999999,0,0
4.02,6.666666666666667,97.37036583261634,79,18,0,0,276.7299999999999,48.99999999999998,0,0
4.02,6.666666666666667,97.3492643643381,79,18,0,0,262.4199999999999,45.99999999999997,0,0
4.02,6.666666666666667,97.34401957116145,79,18,0,0,248.10999999999984,42.99999999999997,0,0
4.02,6.666666666666667,97.3227824838199,79,18,0,0,233.79999999999984,39.99999999999997,0,0
4.05,6.666666666666667,97.30742470775542,79,18,0,0,219.48999999999984,36.999999999999964,0,0
4.05,6.666666666666667,97.27647079601347,79,18,0,0,205.1799999999999,33.99999999999997,0,0
4.07,6.666666666666667,97.26253249065509,79,18,0,0,190.8699999999999,30.99999999999997,0,0
4.07,6.666666666666667,97.23989077542309,79,18,0,0,176.55999999999983,27.99999999999997,0,0
4.07,6.666666666666667,97.22364444543166,79,18,0,0,162.24999999999983,24.99999999999997,0,0
4.08,6.666666666666667,97.20446295498253,79,18,0,0,147.93999999999988,21.99999999999997,0,0
4.08,6.666666666666667,97.1957908107897,79,18,0,0,133.62999999999988,18.99999999999997,0,0
4.08,6.666666666666667,97.1569300897107,79,18,0,0,119.31999999999988,15.999999999999972,0,0
4.08,6.666666666666667,97.1367872758378,79,18,0,0,105.00999999999982,12.999999999999972,0,0
4.08,6.666666666666667,97.10345662945556,79,18,0,0,90.69999999999987,9.999999999999972,0,0
4.08,6.666666666666667,97.07217401403993,79,18,0,0,76.38999999999987,6.999999999999972,0,0
4.08,6.666666666666667,97.04671738929781,79,18,0,0,62.07999999999987,3.9999999999999716,0,0
4.08,6.666666666666667,97.03126736701273,79,18,0,0,47.76999999999987,0.9999999999999716,0,0
4.08,6.666666666666667,97.00461416051415,79,18,0,0,43,0.0,0,0
4.08,6.666666666666667,97.03805549719601,79,18,0,0,57.31,3.0,0,0
4.08,6.666666666666667,97.04233169296856,79,18,0,0,71.62,6.0,0,0
4.10,6.666666666666667,97.05903140302506,79,18,0,0,85.93,9.0,0,0
4.10,6.666666666666667,97.06897905928822,79,18,0,0,100.24000000000001,12.0,0,0
4.10,6.666666666666667,97.07440613552686,79,18,0,0,114.55000000000001,15.0,0,0
4.10,6.666666666666667,97.09042769314601,79,18,0,0,128.86,18.0,0,0
4.10,6.666666666666667,97.11302736783338,79,18,0,0,143.16999999999996,21.0,0,0
4.10,6.666666666666667,97.13773407902066,79,18,0,0,157.48000000000002,24.0,0,0
4.10,6.666666666666667,97.13585373226265,79,18,0,0,171.79000000000002,27.0,0,0
4.10,6.666666666666667,97.13976722339994,79,18,0,0,186.10000000000002,30.0,0,0
4.10,6.666666666666667,97.1460297564982,79,18,0,0,200.40999999999997,33.0,0,0
4.12,6.666666666666667,97.17064065708811,79,18,0,0,214.71999999999997,36.0,0,0
4.12,6.666666666666667,97.1784109890674,79,18,0,0,229.03000000000003,39.0,0,0
4.12,6.666666666666667,97.201470987353,79,18,0,0,243.34000000000003,42.00000000000001,0,0
4.12,6.666666666666667,97.2085546511296,79,18,0,0,257.65000000000003,45.00000000000001,0,0
4.12,6.666666666666667,97.22313751407017,79,18,0,0,271.96000000000004,48.00000000000001,0,0
4.12,6.666666666666667,97.24933277495923,79,18,0,0,286.27000000000004,51.00000000000001,0,0
4.12,6.666666666666667,97.2899653146363,80,18,0,0,300.58000000000004,54.00000000000001,0,0
4.12,6.666666666666667,97.31736033745838,80,18,0,0,314.89000000000004,57.000000000000014,0,0
4.12,6.666666666666667,97.33835469451188,80,18,0,0,329.20000000000005,60.00000000000001,0,0
4.12,6.666666666666667,97.36539742811173,80,18,0,0,343.51,63.0,0,0
4.13,6.666666666666667,97.37971144598951,80,18,0,0,357.82,66.0,0,0
4.13,6.666666666666667,97.41163717876293,80,18,0,0,372.13,69.0,0,0
4.13,6.666666666666667,97.42884666426767,81,18,0,0,386.44,72.0,0,0
4.13,6.666666666666667,97.4581336966188,81,18,0,0,400.75,75.0,0,0
4.13,6.666666666666667,97.50408250642869,81,18,0,0,415.06,78.0,0,0
4.13,6.666666666666667,97.52240353166901,81,18,0,0,429.37,81.0,0,0
4.13,6.666666666666667,97.55928415225246,81,18,0,0,443.68,84.0,0,0
4.13,6.666666666666667,97.59696720309927,81,18,0,0,457.99,87.0,0,0
4.13,6.666666666666667,97.61336209918083,81,18,0,0,472.3,90.0,0,0
4.15,6.666666666666667,97.63158930239193,81,18,0,0,486.61,93.0,0,0
4.15,6.666666666666667,97.68324265941821,81,18,0,0,500.92,96.0,0,0
4.15,6.666666666666667,97.72752556047377,81,18,0,0,515.23,99.0,0,0
4.15,6.0,97.7617537596083,81,18,0,0,520,100.0,0,0
4.15,6.0,97.751106671686,81,18,0,0,505.69,97.0,0,0
4.15,6.0,97.74390288246526,81,18,0,0,491.38,94.0,0,0
4.15,6.0,97.72938475990603,82,18,0,0,477.07,91.0,0,0
4.15,6.0,97.72056726136897,82,18,0,0,462.76,88.0,0,0
4.15,6.0,97.69336710044568,82,18,0,0,448.45,85.0,0,0
4.15,6.0,97.68116168275508,82,18,0,0,434.14,82.0,0,0
4.17,6.0,97.65807865083755,83,18,0,0,419.83,79.0,0,0
4.17,6.0,97.65055227055396,83,18,0,0,405.52,76.0,0,0
4.17,6.0,97.63268420081428,83,18,0,0,391.21,73.0,0,0
4.17,6.0,97.61424314890094,83,18,0,0,376.9,70.0,0,0
4.17,6.0,97.58051763724598,83,18,0,0,362.59000000000003,67.0,0,0
4.17,6.0,97.5606206254917,83,18,0,0,348.28,63.99999999999999,0,0
4.17,6.0,97.54454592357469,83,18,0,0,333.96999999999997,60.99999999999999,0,0
4.18,6.0,97.5341151171084,83,18,0,0,319.65999999999997,57.99999999999999,0,0
4.18,6.0,97.50802207485185,83,18,0,0,305.34999999999997,54.99999999999999,0,0
4.18,6.0,97.4829947320131,83,18,0,0,291.03999999999996,51.99999999999999,0,0
4.18,6.0,97.46502894071334,83,18,0,0,276.7299999999999,48.99999999999998,0,0
4.18,6.0,97.45603554985261,83,18,0,0,262.4199999999999,45.99999999999997,0,0
4.18,6.0,97.42713276232034,83,18,0,0,248.10999999999984,42.99999999999997,0,0
4.18,6.0,97.40800751357443,83,18,0,0,233.79999999999984,39.99999999999997,0,0
4.18,6.0,97.39841869799203,83,18,0,0,219.48999999999984,36.999999999999964,0,0
4.18,6.0,97.37800637149655,83,18,0,0,205.1799999999999,33.99999999999997,0,0
4.18,6.0,97.34751716116975,83,18,0,0,190.8699999999999,30.99999999999997,0,0
4.18,6.0,97.32268052197281,83,18,0,0,176.55999999999983,27.99999999999997,0,0
4.20,6.0,97.30727555699254,83,18,0,0,162.24999999999983,24.99999999999997,0,0
4.20,6.0,97.30321973739724,83,18,0,0,147.93999999999988,21.99999999999997,0,0
4.20,6.0,97.27696963664667,83,18,0,0,133.62999999999988,18.99999999999997,0,0
4.20,6.0,97.25727303173251,83,18,0,0,119.31999999999988,15.999999999999972,0,0
4.20,6.0,97.23982948606107,83,18,0,0,105.00999999999982,12.999999999999972,0,0
4.20,6.0,97.21561300538994,83,18,0,0,90.69999999999987,9.999999999999972,0,0
4.20,6.0,97.18833625850834,83,18,0,0,76.38999999999987,6.999999999999972,0,0
4.20,6.0,97.18475689461523,83,18,0,0,62.07999999999987,3.9999999999999716,0,0
4.20,6.0,97.15741022665277,83,18,0,0,47.76999999999987,0.9999999999999716,0,0
4.20,6.0,97.14260268324901,83,18,0,0,43,0.0,0,0
4.22,6.0,97.15089980626719,83,18,0,0,57.31,3.0,0,0
4.22,6.0,97.1675130027725,83,18,0,0,71.62,6.0,0,0
4.22,6.0,97.17633250394674,83,18,0,0,85.93,9.0,0,0
4.22,6.0,97.18707197420005,83,18,0,0,100.24000000000001,12.0,0,0
4.22,6.0,97.18313669590039,83,18,0,0,114.55000000000001,15.0,0,0
4.22,6.0,97.19408247410136,83,18,0,0,128.86,18.0,0,0
4.22,6.0,97.21902068741264,83,18,0,0,143.16999999999996,21.0,0,0
4.22,6.0,97.23167421255943,83,18,0,0,157.48000000000002,24.0,0,0
4.22,6.0,97.24198000317006,83,18,0,0,171.79000000000002,27.0,0,0
4.23,6.0,97.24581953329198,83,18,0,0,186.10000000000002,30.0,0,0
4.23,6.0,97.26277223254792,83,18,0,0,200.40999999999997,33.0,0,0
4.23,6.0,97.26983040801564,83,18,0,0,214.71999999999997,36.0,0,0
4.23,6.0,97.28477382413267,83,18,0,0,229.03000000000003,39.0,0,0
4.23,6.0,97.28623515853424,83,18,0,0,243.34000000000003,42.00000000000001,0,0
4.28,6.0,97.30688230116259,83,18,0,0,257.65000000000003,45.00000000000001,0,0
4.32,6.0,97.30336053387985,83,18,0,0,271.96000000000004,48.00000000000001,0,0
4.32,6.0,97.34344172376055,83,19,0,0,286.27000000000004,51.00000000000001,0,0
4.32,6.0,97.38643675898041,83,19,0,0,300.58000000000004,54.00000000000001,0,0
4.33,6.0,97.40537745645315,83,19,0,0,314.89000000000004,57.000000000000014,0,0
4.33,6.0,97.45412744377958,83,19,0,0,329.20000000000005,60.00000000000001,0,0
4.33,6.0,97.47447521678029,83,19,0,0,343.51,63.0,0,0
4.33,6.0,97.49780250661559,83,19,0,0,357.82,66.0,0,0
4.33,6.0,97.51891538692568,83,19,0,0,372.13,69.0,0,0
4.33,6.0,97.53893331313483,83,19,0,0,386.44,72.0,0,0
4.35,6.0,97.5531508875412,84,19,0,0,400.75,75.0,0,0
4.35,6.0,97.57268605385777,84,19,0,0,415.06,78.0,0,0
4.43,6.0,97.61954674477651,85,19,0,0,429.37,81.0,0,0
4.45,6.0,97.64711409234236,85,19,0,0,443.68,84.0,0,0
4.45,6.0,97.67229869611064,85,19,0,0,457.99,87.0,0,0
4.45,6.0,97.68173179606103,85,19,0,0,472.3,90.0,0,0
4.45,6.0,97.72294566998461,85,19,0,0,486.61,93.0,0,0
4.45,6.0,97.76040719039844,85,19,0,0,500.92,96.0,0,0
4.47,6.0,97.7910579965289,85,19,0,0,515.23,99.0,0,0
4.47,3.1578947368421053,97.80482315258564,85,19,0,0,520,100.0,0,0
4.47,3.1578947368421053,97.79036787457554,85,19,0,0,505.69,97.0,0,0
4.47,3.1578947368421053,97.7786549014416,86,19,0,0,491.38,94.0,0,0
4.47,3.1578947368421053,97.76237963049616,86,19,0,0,477.07,91.0,0,0
4.47,3.1578947368421053,97.75280686202784,86,19,0,0,462.76,88.0,0,0
4.47,3.1578947368421053,97.74041635470634,86,19,0,0,448.45,85.0,0,0
4.47,3.1578947368421053,97.73816220787222,86,19,0,0,434.14,82.0,0,0
4.47,3.1578947368421053,97.72214934630476,86,19,0,0,419.83,79.0,0,0
4.47,3.1578947368421053,97.70616334732014,86,19,0,0,405.52,76.0,0,0
4.48,3.1578947368421053,97.67724337576405,86,20,0,0,391.21,73.0,0,0
4.48,3.1578947368421053,97.65182617159984,86,20,0,0,376.9,70.0,0,0
4.48,3.1578947368421053,97.6445216724041,86,20,0,0,362.59000000000003,67.0,0,0
4.48,3.1578947368421053,97.6172092658378,86,20,0,0,348.28,63.99999999999999,0,0
4.48,3.1578947368421053,97.6136248766312,86,20,0,0,333.96999999999997,60.99999999999999,0,0
4.48,3.1578947368421053,97.58635641839595,86,20,0,0,319.65999999999997,57.99999999999999,0,0
4.48,3.1578947368421053,97.56298618042388,86,20,0,0,305.34999999999997,54.99999999999999,0,0
4.48,3.1578947368421053,97.5567409311846,86,20,0,0,291.03999999999996,51.99999999999999,0,0
4.48,3.1578947368421053,97.53810079705181,86,20,0,0,276.7299999999999,48.99999999999998,0,0
4.48,3.1578947368421053,97.52270861874287,86,20,0,0,262.4199999999999,45.99999999999997,0,0
4.50,3.1578947368421053,97.51470651893335,86,20,0,0,248.10999999999984,42.99999999999997,0,0
4.50,3.1578947368421053,97.50307644947553,86,20,0,0,233.79999999999984,39.99999999999997,0,0
4.50,3.1578947368421053,97.48430488071152,86,20,0,0,219.48999999999984,36.999999999999964,0,0
4.50,3.1578947368421053,97.47319937322115,86,20,0,0,205.1799999999999,33.99999999999997,0,0
4.50,3.1578947368421053,97.4487703193176,86,20,0,0,190.8699999999999,30.99999999999997,0,0
4.50,3.1578947368421053,97.44602539138275,86,20,0,0,176.55999999999983,27.99999999999997,0,0
4.50,3.1578947368421053,97.42624885018118,86,20,0,0,162.24999999999983,24.99999999999997,0,0
4.50,3.1578947368421053,97.40801213704468,86,20,0,0,147.93999999999988,21.99999999999997,0,0
4.50,3.1578947368421053,97.3936916827922,86,20,0,0,133.62999999999988,18.99999999999997,0,0
4.50,3.1578947368421053,97.36826960435482,86,20,0,0,119.31999999999988,15.999999999999972,0,0
4.52,3.1578947368421053,97.34862623086657,86,20,0,0,105.00999999999982,12.999999999999972,0,0
4.52,3.1578947368421053,97.34033591392566,86,20,0,0,90.69999999999987,9.999999999999972,0,0
4.52,3.1578947368421053,97.31549600116779,86,20,0,0,76.38999999999987,6.999999999999972,0,0
4.52,3.1578947368421053,97.30291406174106,86,20,0,0,62.07999999999987,3.9999999999999716,0,0
4.52,3.1578947368421053,97.28367887635714,86,20,0,0,47.76999999999987,0.9999999999999716,0,0
4.52,3.1578947368421053,97.27204324158835,86,20,0,0,43,0.0,0,0
4.52,3.1578947368421053,97.29476122043604,86,20,0,0,57.31,3.0,0,0
4.52,3.1578947368421053,97.28870907719457,86,20,0,0,71.62,6.0,0,0
4.52,3.1578947368421053,97.29861153031182,86,20,0,0,85.93,9.0,0,0
4.52,3.1578947368421053,97.29581098958164,86,20,0,0,100.24000000000001,12.0,0,0
4.53,3.1578947368421053,97.2979802687947,86,20,0,0,114.55000000000001,15.0,0,0
4.53,3.1578947368421053,97.31084283076473,86,20,0,0,128.86,18.0,0,0
4.53,3.1578947368421053,97.30365214835902,86,20,0,0,143.16999999999996,21.0,0,0
4.53,3.1578947368421053,97.30625899581118,86,20,0,0,157.48000000000002,24.0,0,0
4.53,3.1578947368421053,97.29495901681837,86,20,0,0,171.79000000000002,27.0,0,0
4.53,3.1578947368421053,97.30174307399513,86,20,0,0,186.10000000000002,30.0,0,0
4.53,3.1578947368421053,97.3274242550245,86,20,0,0,200.40999999999997,33.0,0,0
4.53,3.1578947368421053,97.35221451604035,86,20,0,0,214.71999999999997,36.0,0,0
4.53,3.1578947368421053,97.35767042443427,86,20,0,0,229.03000000000003,39.0,0,0
4.53,3.1578947368421053,97.36738659598198,86,20,0,0,243.34000000000003,42.00000000000001,0,0
4.55,3.1578947368421053,97.363601688712,86,20,0,0,257.65000000000003,45.00000000000001,0,0
4.55,3.1578947368421053,97.38658296061095,86,20,0,0,271.96000000000004,48.00000000000001,0,0
4.55,3.1578947368421053,97.41706435887511,86,20,0,0,286.27000000000004,51.00000000000001,0,0
4.55,3.1578947368421053,97.46221374502211,86,20,0,0,300.58000000000004,54.00000000000001,0,0
4.55,3.1578947368421053,97.48449729848629,86,20,0,0,314.89000000000004,57.000000000000014,0,0
4.55,3.1578947368421053,97.50497849409314,86,20,0,0,329.20000000000005,60.00000000000001,0,0
4.55,3.1578947368421053,97.51611767391714,86,20,0,0,343.51,63.0,0,0
4.55,3.1578947368421053,97.55407147670513,86,20,0,0,357.82,66.0,0,0
4.57,3.1578947368421053,97.56549127819791,86,20,0,0,372.13,69.0,0,0
4.57,3.1578947368421053,97.60174464377637,86,20,0,0,386.44,72.0,0,0
4.57,3.1578947368421053,97.6239238697593,86,20,0,0,400.75,75.0,0,0
4.57,3.1578947368421053,97.66244873656572,86,20,0,0,415.06,78.0,0,0
4.57,3.1578947368421053,97.6911170914291,86,20,0,0,429.37,81.0,0,0
4.57,3.1578947368421053,97.71053740978617,86,20,0,0,443.68,84.0,0,0
4.57,3.1578947368421053,97.73564212336746,86,20,0,0,457.99,87.0,0,0
4.58,3.1578947368421053,97.7831970715436,86,20,0,0,472.3,90.0,0,0
4.58,3.1578947368421053,97.80056161306628,86,20,0,0,486.61,93.0,0,0
4.58,3.1578947368421053,97.80936012667794,86,20,0,0,500.92,96.0,0,0
4.58,3.1578947368421053,97.82503778645128,86,20,0,0,515.23,99.0,0,0
4.58,8.571428571428571,97.84240186599895,86,20,0,0,520,100.0,0,0
4.58,8.571428571428571,97.81323467717468,86,20,0,0,505.69,97.0,0,0
4.58,8.571428571428571,97.79833550131123,86,20,0,0,491.38,94.0,0,0
4.58,8.571428571428571,97.78288510948965,86,20,0,0,477.07,91.0,0,0
4.58,8.571428571428571,97.75558722727631,86,20,0,0,462.76,88.0,0,0
4.60,8.571428571428571,97.73840842779664,86,20,0,0,448.45,85.0,0,0
4.60,8.571428571428571,97.71378256560442,87,20,0,0,434.14,82.0,0,0
4.60,8.571428571428571,97.70483088076804,87,20,0,0,419.83,79.0,0,0
4.60,8.571428571428571,97.6932298800553,87,20,0,0,405.52,76.0,0,0
4.60,8.571428571428571,97.6567826786972,88,20,0,0,391.21,73.0,0,0
4.60,8.571428571428571,97.6403653788947,88,20,0,0,376.9,70.0,0,0
4.60,8.571428571428571,97.63439268064671,88,20,0,0,362.59000000000003,67.0,0,0
4.60,8.571428571428571,97.61373910254795,89,20,0,0,348.28,63.99999999999999,0,0
4.60,8.571428571428571,97.60809816116036,89,20,0,0,333.96999999999997,60.99999999999999,0,0
4.62,8.571428571428571,97.59156872127839,89,20,0,0,319.65999999999997,57.99999999999999,0,0
4.62,8.571428571428571,97.57885815756886,89,20,0,0,305.34999999999997,54.99999999999999,0,0
4.62,8.571428571428571,97.56208054213892,89,20,0,0,291.03999999999996,51.99999999999999,0,0
4.62,8.571428571428571,97.53723125109246,89,20,0,0,276.7299999999999,48.99999999999998,0,0
4.62,8.571428571428571,97.50329050496664,89,20,0,0,262.4199999999999,45.99999999999997,0,0
4.62,8.571428571428571,97.48945514390317,89,20,0,0,248.10999999999984,42.99999999999997,0,0
4.62,8.571428571428571,97.48087228003962,89,20,0,0,233.79999999999984,39.99999999999997,0,0
4.62,8.571428571428571,97.45644826675485,89,20,0,0,219.48999999999984,36.999999999999964,0,0
4.62,8.571428571428571,97.43427196921054,89,20,0,0,205.1799999999999,33.99999999999997,0,0
4.63,8.571428571428571,97.41012051216515,89,20,0,0,190.8699999999999,30.99999999999997,0,0
4.63,8.571428571428571,97.40064695420277,89,20,0,0,176.55999999999983,27.99999999999997,0,0
4.63,8.571428571428571,97.38021029618385,89,20,0,0,162.24999999999983,24.99999999999997,0,0
4.63,8.571428571428571,97.36522287037971,89,20,0,0,147.93999999999988,21.99999999999997,0,0
4.63,8.571428571428571,97.3412300128115,89,20,0,0,133.62999999999988,18.99999999999997,0,0
4.63,8.571428571428571,97.32790615098861,89,20,0,0,119.31999999999988,15.999999999999972,0,0
4.63,8.571428571428571,97.31560259427003,89,20,0,0,105.00999999999982,12.999999999999972,0,0
4.63,8.571428571428571,97.28066273097782,90,20,0,0,90.69999999999987,9.999999999999972,0,0
4.63,8.571428571428571,97.27683924082717,90,20,0,0,76.38999999999987,6.999999999999972,0,0
4.63,8.571428571428571,97.26952712446557,90,20,0,0,62.07999999999987,3.9999999999999716,0,0
4.65,8.571428571428571,97.26137107437692,90,20,0,0,47.76999999999987,0.9999999999999716,0,0
4.65,8.571428571428571,97.24166485668157,90,20,0,0,43,0.0,0,0
4.65,8.571428571428571,97.24749313107331,91,20,0,0,57.31,3.0,0,0
4.65,8.571428571428571,97.2437522790291,92,20,0,0,71.62,6.0,0,0
4.65,8.571428571428571,97.24533690694402,93,20,0,0,85.93,9.0,0,0
4.65,8.571428571428571,97.24779333383363,93,21,0,0,100.24000000000001,12.0,0,0
4.65,8.571428571428571,97.24232368321216,93,21,0,0,114.55000000000001,15.0,0,0
4.65,8.571428571428571,97.23703472552283,93,21,0,0,128.86,18.0,0,0
4.65,8.571428571428571,97.24558510839526,93,21,0,0,143.16999999999996,21.0,0,0
4.65,8.571428571428571,97.24395473609162,93,21,0,0,157.48000000000002,24.0,0,0
4.65,8.571428571428571,97.25144889711034,93,21,0,0,171.79000000000002,27.0,0,0
4.67,8.571428571428571,97.27063402997364,93,21,0,0,186.10000000000002,30.0,0,0
4.67,8.571428571428571,97.27847427239864,93,21,0,0,200.40999999999997,33.0,0,0
4.67,8.571428571428571,97.29311215060926,93,21,0,0,214.71999999999997,36.0,0,0
4.67,8.571428571428571,97.29312303155355,93,21,0,0,229.03000000000003,39.0,0,0
4.67,8.571428571428571,97.31562208915065,93,21,0,0,243.34000000000003,42.00000000000001,0,0
4.67,8.571428571428571,97.30924689597542,94,21,0,0,257.65000000000003,45.00000000000001,0,0
4.67,8.571428571428571,97.32703673489574,94,21,0,0,271.96000000000004,48.00000000000001,0,0
4.67,8.571428571428571,97.35863540760731,94,21,0,0,286.27000000000004,51.00000000000001,0,0
4.68,8.571428571428571,97.3877370513112,94,21,0,0,300.58000000000004,54.00000000000001,0,0
4.68,8.571428571428571,97.42021379973951,94,21,0,0,314.89000000000004,57.000000000000014,0,0
4.68,8.571428571428571,97.44806429340252,94,21,0,0,329.20000000000005,60.00000000000001,0,0
4.68,8.571428571428571,97.47046913080031,94,21,0,0,343.51,63.0,0,0
4.68,8.571428571428571,97.49246792651309,94,21,0,0,357.82,66.0,0,0
4.68,8.571428571428571,97.50104113536982,94,21,0,0,372.13,69.0,0,0
4.68,8.571428571428571,97.52036614729938,94,21,0,0,386.44,72.0,0,0
4.68,8.571428571428571,97.54098876091197,95,21,0,0,400.75,75.0,0,0
4.68,8.571428571428571,97.56548231506608,95,21,0,0,415.06,78.0,0,0
4.68,8.571428571428571,97.60047625990404,95,21,0,0,429.37,81.0,0,0
4.68,8.571428571428571,97.60705018421771,95,21,0,0,443.68,84.0,0,0
4.70,8.571428571428571,97.62348438123571,95,21,0,0,457.99,87.0,0,0
4.70,8.571428571428571,97.66921475083525,95,21,0,0,472.3,90.0,0,0
4.70,8.571428571428571,97.70090694697502,95,21,0,0,486.61,93.0,0,0
4.70,8.571428571428571,97.70989784916145,95,21,0,0,500.92,96.0,0,0
4.70,8.571428571428571,97.74434310485326,95,21,0,0,515.23,99.0,0,0
4.70,8.571428571428571,97.78150351623304,95,21,0,0,520,100.0,0,0
4.70,8.571428571428571,97.75074238183221,95,21,0,0,505.69,97.0,0,0
4.70,8.571428571428571,97.72378677824699,95,21,0,0,491.38,94.0,0,0
4.70,8.571428571428571,97.72009450663225,95,22,0,0,477.07,91.0,0,0
4.72,8.571428571428571,97.7131833581157,95,22,0,0,462.76,88.0,0,0
4.72,8.571428571428571,97.70140095301657,95,22,0,0,448.45,85.0,0,0
4.72,8.571428571428571,97.68608430968716,95,22,0,0,434.14,82.0,0,0
4.72,8.571428571428571,97.66467343546246,95,22,0,0,419.83,79.0,0,0
4.72,8.571428571428571,97.65570152324382,95,22,0,0,405.52,76.0,0,0
4.72,8.571428571428571,97.64933633411239,95,22,0,0,391.21,73.0,0,0
4.72,8.571428571428571,97.63213172632138,95,22,0,0,376.9,70.0,0,0
4.72,8.571428571428571,97.61953265010906,95,22,0,0,362.59000000000003,67.0,0,0
4.72,8.571428571428571,97.5876419801272,95,22,0,0,348.28,63.99999999999999,0,0
4.73,8.571428571428571,97.58402682862737,95,22,0,0,333.96999999999997,60.99999999999999,0,0
4.73,8.571428571428571,97.56233923631694,95,22,0,0,319.65999999999997,57.99999999999999,0,0
4.73,8.571428571428571,97.5409608194559,95,22,0,0,305.34999999999997,54.99999999999999,0,0
4.73,8.571428571428571,97.51491382039147,95,22,0,0,291.03999999999996,51.99999999999999,0,0
4.73,8.571428571428571,97.50955247861438,95,22,0,0,276.7299999999999,48.99999999999998,0,0
4.73,8.571428571428571,97.48876056990919,95,22,0,0,262.4199999999999,45.99999999999997,0,0
4.73,8.571428571428571,97.468616004812,95,22,0,0,248.10999999999984,42.99999999999997,0,0
4.73,8.571428571428571,97.44788811552856,95,22,0,0,233.79999999999984,39.99999999999997,0,0
4.73,8.571428571428571,97.44277865569538,95,22,0,0,219.48999999999984,36.999999999999964,0,0
4.73,8.571428571428571,97.42728626356666,95,22,0,0,205.1799999999999,33.99999999999997,0,0
4.75,8.571428571428571,97.4212393834083,95,22,0,0,190.8699999999999,30.99999999999997,0,0
4.75,8.571428571428571,97.40783339853182,95,22,0,0,176.55999999999983,27.99999999999997,0,0
4.75,8.571428571428571,97.37625108081376,95,22,0,0,162.24999999999983,24.99999999999997,0,0
4.75,8.571428571428571,97.35971673254315,95,22,0,0,147.93999999999988,21.99999999999997,0,0
4.75,8.571428571428571,97.33740057017539,95,22,0,0,133.62999999999988,18.99999999999997,0,0
4.75,8.571428571428571,97.3239233176078,95,22,0,0,119.31999999999988,15.999999999999972,0,0
4.75,8.571428571428571,97.30842097154367,95,22,0,0,105.00999999999982,12.999999999999972,0,0
4.75,8.571428571428571,97.28878271716457,95,22,0,0,90.69999999999987,9.999999999999972,0,0
4.75,8.571428571428571,97.27871224798439,96,22,0,0,76.38999999999987,6.999999999999972,0,0
4.75,8.571428571428571,97.26856406055924,96,22,0,0,62.07999999999987,3.9999999999999716,0,0
4.77,8.571428571428571,97.25304210106654,96,22,0,0,47.76999999999987,0.9999999999999716,0,0
4.77,8.571428571428571,97.23572600766641,97,22,0,0,43,0.0,0,0
4.77,8.571428571428571,97.24249129325682,97,22,0,0,57.31,3.0,0,0
4.77,8.571428571428571,97.25308253977768,97,22,0,0,71.62,6.0,0,0
4.77,8.571428571428571,97.2719941422765,97,22,0,0,85.93,9.0,0,0
4.77,8.571428571428571,97.28213407132104,97,22,0,0,100.24000000000001,12.0,0,0
4.77,8.571428571428571,97.29004111084497,97,22,0,0,114.55000000000001,15.0,0,0
4.77,8.571428571428571,97.30431202436965,97,22,0,0,128.86,18.0,0,0
4.77,8.571428571428571,97.31606221264806,97,22,0,0,143.16999999999996,21.0,0,0
4.77,8.571428571428571,97.32573426765379,97,22,0,0,157.48000000000002,24.0,0,0
4.78,8.571428571428571,97.34283831549162,97,22,0,0,171.79000000000002,27.0,0,0
4.78,8.571428571428571,97.34424407807313,97,22,0,0,186.10000000000002,30.0,0,0
4.78,8.571428571428571,97.36269808370734,97,22,0,0,200.40999999999997,33.0,0,0
4.78,8.571428571428571,97.37417141226504,97,22,0,0,214.71999999999997,36.0,0,0
4.78,8.571428571428571,97.38676215865341,97,22,0,0,229.03000000000003,39.0,0,0
4.78,8.571428571428571,97.40705883268076,97,22,0,0,243.34000000000003,42.00000000000001,0,0
4.78,8.571428571428571,97.4174405694055,97,22,0,0,257.65000000000003,45.00000000000001,0,0
4.78,8.571428571428571,97.42587429133313,97,22,0,0,271.96000000000004,48.00000000000001,0,0
4.78,8.571428571428571,97.4600723120111,97,22,0,0,286.27000000000004,51.00000000000001,0,0
4.80,8.571428571428571,97.46903177257927,97,22,0,0,300.58000000000004,54.00000000000001,0,0
4.80,8.571428571428571,97.4819536865098,97,22,0,0,314.89000000000004,57.000000000000014,0,0
4.80,8.571428571428571,97.51610782781403,97,22,0,0,329.20000000000005,60.00000000000001,0,0
4.80,8.571428571428571,97.52375592144668,98,22,0,0,343.51,63.0,0,0
4.80,8.571428571428571,97.55622770008095,98,22,0,0,357.82,66.0,0,0
4.80,8.571428571428571,97.5948471161577,98,22,0,0,372.13,69.0,0,0
4.80,8.571428571428571,97.61211002514985,98,22,0,0,386.44,72.0,0,0
4.80,8.571428571428571,97.63749823084162,98,22,0,0,400.75,75.0,0,0
4.80,8.571428571428571,97.65023860423479,98,22,0,0,415.06,78.0,0,0
4.82,8.571428571428571,97.67827501955992,98,22,0,0,429.37,81.0,0,0
4.82,8.571428571428571,97.69032792821407,98,22,0,0,443.68,84.0,0,0
4.82,8.571428571428571,97.72256722531665,98,22,0,0,457.99,87.0,0,0
4.82,8.571428571428571,97.73143625088576,98,22,0,0,472.3,90.0,0,0
4.82,8.571428571428571,97.75213191428332,98,22,0,0,486.61,93.0,0,0
4.82,8.571428571428571,97.76559882461049,98,22,0,0,500.92,96.0,0,0
4.82,8.571428571428571,97.80186632587711,98,22,0,0,515.23,99.0,0,0
4.82,8.571428571428571,97.84302564212994,98,22,0,0,520,100.0,0,0
4.82,8.571428571428571,97.81498120184865,98,22,0,0,505.69,97.0,0,0
4.82,8.571428571428571,97.7997108877658,98,22,0,0,491.38,94.0,0,0
4.83,8.571428571428571,97.78437349578219,98,22,0,0,477.07,91.0,0,0
4.83,8.571428571428571,97.76570490099655,98,22,0,0,462.76,88.0,0,0
4.83,8.571428571428571,97.74312327442173,98,22,0,0,448.45,85.0,0,0
4.83,8.571428571428571,97.72537453604035,98,22,0,0,434.14,82.0,0,0
4.83,8.571428571428571,97.70756478180655,98,22,0,0,419.83,79.0,0,0
4.83,8.571428571428571,97.68907943695403,98,22,0,0,405.52,76.0,0,0
4.83,8.571428571428571,97.68493282545505,98,22,0,0,391.21,73.0,0,0
4.83,8.571428571428571,97.66436456926813,98,22,0,0,376.9,70.0,0,0
4.83,8.571428571428571,97.65711771764549,98,22,0,0,362.59000000000003,67.0,0,0
4.83,8.571428571428571,97.63085216383415,98,22,0,0,348.28,63.99999999999999,0,0
4.85,8.571428571428571,97.60207491016274,98,22,0,0,333.96999999999997,60.99999999999999,0,0
4.85,8.571428571428571,97.58193309819266,98,22,0,0,319.65999999999997,57.99999999999999,0,0
4.85,8.571428571428571,97.56559423498744,98,22,0,0,305.34999999999997,54.99999999999999,0,0
4.85,8.571428571428571,97.54534093592507,98,22,0,0,291.03999999999996,51.99999999999999,0,0
4.85,8.571428571428571,97.52706055930317,98,22,0,0,276.7299999999999,48.99999999999998,0,0
4.85,8.571428571428571,97.51021835376868,98,22,0,0,262.4199999999999,45.99999999999997,0,0
4.85,8.571428571428571,97.494363652222,98,22,0,0,248.10999999999984,42.99999999999997,0,0
4.85,8.571428571428571,97.47847623518145,98,22,0,0,233.79999999999984,39.99999999999997,0,0
4.85,8.571428571428571,97.46103988946186,98,22,0,0,219.48999999999984,36.999999999999964,0,0
4.85,8.571428571428571,97.44703838789232,98,22,0,0,205.1799999999999,33.99999999999997,0,0
4.87,8.571428571428571,97.43060643123772,98,22,0,0,190.8699999999999,30.99999999999997,0,0
4.87,8.571428571428571,97.40724502744773,98,22,0,0,176.55999999999983,27.99999999999997,0,0
4.87,8.571428571428571,97.38846732230782,99,22,0,0,162.24999999999983,24.99999999999997,0,0
4.87,8.571428571428571,97.37473114010767,100,22,0,0,147.93999999999988,21.99999999999997,0,0
4.87,8.571428571428571,97.35779133945314,100,22,0,0,133.62999999999988,18.99999999999997,0,0
4.87,8.571428571428571,97.3388015194883,100,22,0,0,119.31999999999988,15.999999999999972,0,0
4.87,8.571428571428571,97.31920812264363,100,22,0,0,105.00999999999982,12.999999999999972,0,0
4.87,8.571428571428571,97.30348362487968,100,22,0,0,90.69999999999987,9.999999999999972,0,0
4.87,8.571428571428571,97.27291978296986,100,22,0,0,76.38999999999987,6.999999999999972,0,0
4.87,8.571428571428571,97.26776840017543,100,22,0,0,62.07999999999987,3.9999999999999716,0,0
4.88,8.571428571428571,97.2571958862065,100,22,0,0,47.76999999999987,0.9999999999999716,0,0
4.88,8.571428571428571,97.24418821954313,100,22,0,0,43,0.0,0,0
4.88,8.571428571428571,97.24087732707326,100,22,0,0,57.31,3.0,0,0
4.88,8.571428571428571,97.26132945253106,100,22,0,0,71.62,6.0,0,0
4.88,8.571428571428571,97.2838751741869,100,22,0,0,85.93,9.0,0,0
4.88,8.571428571428571,97.30867173298962,100,22,0,0,100.24000000000001,12.0,0,0
4.88,8.571428571428571,97.31986521304256,100,22,0,0,114.55000000000001,15.0,0,0
4.88,8.571428571428571,97.33955878880329,100,22,0,0,128.86,18.0,0,0
4.88,8.571428571428571,97.34296180584512,100,22,0,0,143.16999999999996,21.0,0,0
4.88,8.571428571428571,97.36985992784768,100,22,0,0,157.48000000000002,24.0,0,0
4.90,8.571428571428571,97.38342047440806,100,22,0,0,171.79000000000002,27.0,0,0
4.90,8.571428571428571,97.38140098315282,100,22,0,0,186.10000000000002,30.0,0,0
4.90,8.571428571428571,97.40082995419174,100,22,0,0,200.40999999999997,33.0,0,0
4.90,8.571428571428571,97.41274839573757,100,22,0,0,214.71999999999997,36.0,0,0
4.90,8.571428571428571,97.41162227935367,100,22,0,0,229.03000000000003,39.0,0,0
4.90,8.571428571428571,97.41203628550183,100,22,0,0,243.34000000000003,42.00000000000001,0,0
4.90,8.571428571428571,97.43244514940693,100,22,0,0,257.65000000000003,45.00000000000001,0,0
4.90,8.571428571428571,97.43050119115007,100,22,0,0,271.96000000000004,48.00000000000001,0,0
4.90,8.571428571428571,97.46551338693756,100,22,0,0,286.27000000000004,51.00000000000001,0,0
4.90,8.571428571428571,97.50381480031004,100,22,0,0,300.58000000000004,54.00000000000001,0,0
4.92,8.571428571428571,97.51929243028711,100,22,0,0,314.89000000000004,57.000000000000014,0,0
4.92,8.571428571428571,97.53541554150594,100,22,0,0,329.20000000000005,60.00000000000001,0,0
4.92,8.571428571428571,97.54314188915218,100,22,0,0,343.51,63.0,0,0
4.92,8.571428571428571,97.56392504914594,100,22,0,0,357.82,66.0,0,0
4.92,8.571428571428571,97.5713397755263,100,22,0,0,372.13,69.0,0,0
4.92,8.571428571428571,97.60851757159035,100,22,0,0,386.44,72.0,0,0
4.92,8.571428571428571,97.63222271257523,100,22,0,0,400.75,75.0,0,0
4.92,8.571428571428571,97.65908224283272,100,22,0,0,415.06,78.0,0,0
4.92,8.571428571428571,97.67101464581673,100,22,0,0,429.37,81.0,0,0
4.93,8.571428571428571,97.71193934210116,100,22,0,0,443.68,84.0,0,0
4.93,8.571428571428571,97.72873665889973,100,22,0,0,457.99,87.0,0,0
4.93,8.571428571428571,97.7681397081365,100,22,0,0,472.3,90.0,0,0
4.93,8.571428571428571,97.78847974950295,100,22,0,0,486.61,93.0,0,0
4.93,8.571428571428571,97.80965887826434,100,22,0,0,500.92,96.0,0,0
4.93,8.571428571428571,97.82162099731487,100,22,0,0,515.23,99.0,0,0
4.93,8.571428571428571,97.83864383382156,100,22,0,0,520,100.0,0,0
4.93,8.571428571428571,97.8289342624468,100,22,0,0,505.69,97.0,0,0
4.93,8.571428571428571,97.8005727215854,101,22,0,0,491.38,94.0,0,0
4.93,8.571428571428571,97.79532673786157,101,22,0,0,477.07,91.0,0,0
4.95,8.571428571428571,97.78031519545031,101,22,0,0,462.76,88.0,0,0
4.95,8.571428571428571,97.76052123237267,101,22,0,0,448.45,85.0,0,0
4.95,8.571428571428571,97.74452016215324,101,22,0,0,434.14,82.0,0,0
4.95,8.571428571428571,97.71373222111204,101,22,0,0,419.83,79.0,0,0
4.95,8.571428571428571,97.7038625613511,101,22,0,0,405.52,76.0,0,0
4.95,8.571428571428571,97.68514078403385,101,22,0,0,391.21,73.0,0,0
4.95,8.571428571428571,97.6750739456782,101,22,0,0,376.9,70.0,0,0
4.95,8.571428571428571,97.6556738303497,101,22,0,0,362.59000000000003,67.0,0,0
4.95,8.571428571428571,97.63304596644753,101,22,0,0,348.28,63.99999999999999,0,0
4.95,8.571428571428571,97.61235176180914,101,22,0,0,333.96999999999997,60.99999999999999,0,0
4.97,8.571428571428571,97.59256887164302,101,22,0,0,319.65999999999997,57.99999999999999,0,0
4.97,8.571428571428571,97.56020668053574,101,22,0,0,305.34999999999997,54.99999999999999,0,0
4.97,8.571428571428571,97.54402535728588,101,22,0,0,291.03999999999996,51.99999999999999,0,0
4.97,8.571428571428571,97.53928069759607,101,22,0,0,276.7299999999999,48.99999999999998,0,0
4.97,8.571428571428571,97.52893751642613,101,22,0,0,262.4199999999999,45.99999999999997,0,0
4.97,8.571428571428571,97.50457648918879,101,22,0,0,248.10999999999984,42.99999999999997,0,0
4.97,8.571428571428571,97.50342318531862,101,22,0,0,233.79999999999984,39.99999999999997,0,0
4.98,8.571428571428571,97.49065281140288,101,22,0,0,219.48999999999984,36.999999999999964,0,0
4.98,8.571428571428571,97.46641647245836,101,22,0,0,205.1799999999999,33.99999999999997,0,0
4.98,8.571428571428571,97.45477967640126,101,22,0,0,190.8699999999999,30.99999999999997,0,0
4.98,8.571428571428571,97.43550603899926,101,22,0,0,176.55999999999983,27.99999999999997,0,0
4.98,8.571428571428571,97.4238721117049,101,22,0,0,162.24999999999983,24.99999999999997,0,0
4.98,8.571428571428571,97.39894802938063,101,22,0,0,147.93999999999988,21.99999999999997,0,0
4.98,8.571428571428571,97.37016838636853,101,22,0,0,133.62999999999988,18.99999999999997,0,0
4.98,8.571428571428571,97.36837418907822,101,22,0,0,119.31999999999988,15.999999999999972,0,0
4.98,8.571428571428571,97.35013666684031,101,22,0,0,105.00999999999982,12.999999999999972,0,0
4.98,8.571428571428571,97.32435311159342,101,22,0,0,90.69999999999987,9.999999999999972,0,0
5.00,8.571428571428571,97.31072166992762,101,22,0,0,76.38999999999987,6.999999999999972,0,0
5.00,8.571428571428571,97.28916631644759,101,22,0,0,62.07999999999987,3.9999999999999716,0,0
5.00,8.571428571428571,97.2756037338604,101,22,0,0,47.76999999999987,0.9999999999999716,0,0
5.00,8.571428571428571,97.25305999615243,101,22,0,0,43,0.0,0,0
5.00,8.571428571428571,97.24068448501244,101,22,0,0,57.31,3.0,0,0
5.00,8.571428571428571,97.2417238040153,101,22,0,0,71.62,6.0,0,0
5.00,8.571428571428571,97.25401612220558,101,22,0,0,85.93,9.0,0,0
5.00,8.571428571428571,97.26971883206897,101,22,0,0,100.24000000000001,12.0,0,0
5.00,8.571428571428571,97.27393477610296,101,22,0,0,114.55000000000001,15.0,0,0
5.00,8.571428571428571,97.26186205566056,101,22,0,0,128.86,18.0,0,0
5.02,8.571428571428571,97.27617287335572,101,22,0,0,143.16999999999996,21.0,0,0
5.02,8.571428571428571,97.28187708760139,101,22,0,0,157.48000000000002,24.0,0,0
5.02,8.571428571428571,97.30543514488504,101,22,0,0,171.79000000000002,27.0,0,0
5.02,8.571428571428571,97.31954629596375,101,22,0,0,186.10000000000002,30.0,0,0
5.02,8.571428571428571,97.33542527016547,101,22,0,0,200.40999999999997,33.0,0,0
5.02,8.571428571428571,97.34207216836943,101,22,0,0,214.71999999999997,36.0,0,0
5.02,8.571428571428571,97.36445337839928,101,22,0,0,229.03000000000003,39.0,0,0
5.02,8.571428571428571,97.37248653779073,101,22,0,0,243.34000000000003,42.00000000000001,0,0
5.03,8.571428571428571,97.38216947497608,101,22,0,0,257.65000000000003,45.00000000000001,0,0
5.03,8.571428571428571,97.3827591815242,101,22,0,0,271.96000000000004,48.00000000000001,0,0
5.03,8.571428571428571,97.41366445929548,101,22,0,0,286.27000000000004,51.00000000000001,0,0
5.03,8.571428571428571,97.43865612519717,101,22,0,0,300.58000000000004,54.00000000000001,0,0
5.03,8.571428571428571,97.4545816760387,101,22,0,0,314.89000000000004,57.000000000000014,0,0
5.03,8.571428571428571,97.4925507561764,101,22,0,0,329.20000000000005,60.00000000000001,0,0
5.05,8.571428571428571,97.50909825451883,101,22,0,0,343.51,63.0,0,0
5.05,8.571428571428571,97.53615297118172,101,22,0,0,357.82,66.0,0,0
5.08,8.571428571428571,97.56420630451045,102,22,0,0,372.13,69.0,0,0
5.10,8.571428571428571,97.59292414043621,102,22,0,0,386.44,72.0,0,0
5.12,8.571428571428571,97.62064330073189,102,22,0,0,400.75,75.0,0,0
5.13,8.571428571428571,97.63326754124952,102,22,0,0,415.06,78.0,0,0
5.13,8.571428571428571,97.64785088688795,102,22,0,0,429.37,81.0,0,0
5.13,8.571428571428571,97.68383847982807,102,22,0,0,443.68,84.0,0,0
5.13,8.571428571428571,97.71720118415524,102,22,0,0,457.99,87.0,0,0
5.13,8.571428571428571,97.74921306836677,102,22,0,0,472.3,90.0,0,0
5.13,8.571428571428571,97.76266741204876,102,22,0,0,486.61,93.0,0,0
5.13,8.571428571428571,97.77599654100966,102,22,0,0,500.92,96.0,0,0
5.13,8.571428571428571,97.80640065880087,102,22,0,0,515.23,99.0,0,0
5.13,5.0,97.84749887327058,102,22,0,0,520,100.0,0,0
5.13,5.0,97.83624749885733,102,22,0,0,505.69,97.0,0,0
5.15,5.0,97.80416489185015,102,22,0,0,491.38,94.0,0,0
5.15,5.0,97.79462401086356,102,22,0,0,477.07,91.0,0,0
5.15,5.0,97.78530601239406,102,22,0,0,462.76,88.0,0,0
5.15,5.0,97.77161348538436,102,22,0,0,448.45,85.0,0,0
5.15,5.0,97.75264429097172,102,22,0,0,434.14,82.0,0,0
5.15,5.0,97.72909689252528,103,22,0,0,419.83,79.0,0,0
5.15,5.0,97.71058180170674,103,22,0,0,405.52,76.0,0,0
5.15,5.0,97.70851419304628,104,22,0,0,391.21,73.0,0,0
5.18,5.0,97.69524544401698,104,22,0,0,376.9,70.0,0,0
5.18,5.0,97.66864840162523,104,22,0,0,362.59000000000003,67.0,0,0
5.22,5.0,97.6476854503981,104,22,0,0,348.28,63.99999999999999,0,0
5.27,5.0,97.63755709637093,104,22,0,0,333.96999999999997,60.99999999999999,0,0
5.32,5.0,97.611115903578,104,22,0,0,319.65999999999997,57.99999999999999,0,0
5.32,5.0,97.60453996399764,104,22,0,0,305.34999999999997,54.99999999999999,0,0
5.32,5.0,97.58428185214993,104,22,0,0,291.03999999999996,51.99999999999999,0,0
5.35,5.0,97.57423660624356,104,22,0,0,276.7299999999999,48.99999999999998,0,0
5.38,5.0,97.56484952846107,104,22,0,0,262.4199999999999,45.99999999999997,0,0
5.42,5.0,97.55518144910731,104,22,0,0,248.10999999999984,42.99999999999997,0,0
5.42,5.0,97.54710444319853,104,22,0,0,233.79999999999984,39.99999999999997,0,0
5.42,5.0,97.54068136187678,104,22,0,0,219.48999999999984,36.999999999999964,0,0
5.43,5.0,97.51315872537775,104,22,0,0,205.1799999999999,33.99999999999997,0,0
5.47,5.0,97.49744946576642,104,22,0,0,190.8699999999999,30.99999999999997,0,0
5.47,5.0,97.4811122188082,104,22,0,0,176.55999999999983,27.99999999999997,0,0
5.47,5.0,97.45916827487054,104,22,0,0,162.24999999999983,24.99999999999997,0,0
5.47,5.0,97.43887937162208,104,22,0,0,147.93999999999988,21.99999999999997,0,0
5.48,5.0,97.42055141146858,104,22,0,0,133.62999999999988,18.99999999999997,0,0
5.48,5.0,97.40637005659696,104,22,0,0,119.31999999999988,15.999999999999972,0,0
5.48,5.0,97.38238854399575,104,22,0,0,105.00999999999982,12.999999999999972,0,0
5.48,5.0,97.35962880283664,104,22,0,0,90.69999999999987,9.999999999999972,0,0
5.48,5.0,97.34376958842942,104,22,0,0,76.38999999999987,6.999999999999972,0,0
5.48,5.0,97.33349482652233,104,22,0,0,62.07999999999987,3.9999999999999716,0,0
5.48,5.0,97.32732099148396,104,22,0,0,47.76999999999987,0.9999999999999716,0,0
5.48,5.0,97.31167235038359,104,22,0,0,43,0.0,0,0
5.48,5.0,97.31758227883495,104,22,0,0,57.31,3.0,0,0
5.48,5.0,97.34082196199225,104,22,0,0,71.62,6.0,0,0
5.50,5.0,97.3433722130814,105,22,0,0,85.93,9.0,0,0
5.50,5.0,97.34351038198048,105,22,0,0,100.24000000000001,12.0,0,0
5.50,5.0,97.34310377699275,105,22,0,0,114.55000000000001,15.0,0,0
5.50,5.0,97.3413450475928,105,22,0,0,128.86,18.0,0,0
5.50,5.0,97.35850404417086,105,22,0,0,143.16999999999996,21.0,0,0
5.50,5.0,97.36835994395456,105,22,0,0,157.48000000000002,24.0,0,0
5.50,5.0,97.37898608971814,105,22,0,0,171.79000000000002,27.0,0,0
5.50,5.0,97.39618278230463,105,22,0,0,186.10000000000002,30.0,0,0
5.50,5.0,97.40045096915219,105,22,0,0,200.40999999999997,33.0,0,0
5.52,5.0,97.41071770074687,105,22,0,0,214.71999999999997,36.0,0,0
5.52,5.0,97.42556208695436,105,22,0,0,229.03000000000003,39.0,0,0
5.52,5.0,97.43066217005192,105,22,0,0,243.34000000000003,42.00000000000001,0,0
5.52,5.0,97.43740947867404,105,22,0,0,257.65000000000003,45.00000000000001,0,0
5.52,5.0,97.43533311222006,105,22,0,0,271.96000000000004,48.00000000000001,0,0
5.52,5.0,97.44225492402802,105,22,0,0,286.27000000000004,51.00000000000001,0,0
5.52,5.0,97.48680371652259,105,22,0,0,300.58000000000004,54.00000000000001,0,0
5.52,5.0,97.50091217971956,105,22,0,0,314.89000000000004,57.000000000000014,0,0
5.52,5.0,97.52177280858405,105,22,0,0,329.20000000000005,60.00000000000001,0,0
5.52,5.0,97.53805184172656,105,22,0,0,343.51,63.0,0,0
5.53,5.0,97.56848437552543,105,22,0,0,357.82,66.0,0,0
5.53,5.0,97.6016655754827,105,22,0,0,372.13,69.0,0,0
