Time Elapsed (min),Stroke Rate,Average Power,Score,Misses,Handle Force,Handle Position,Raw Seat Position,Converted Seat Position,Left Foot Force,Right Foot Force
0.00,0,0,0,0,0,0,457.99,87.0,0,0
0.00,24.23431746371137,154.72826811037086,0,0,0,0,472.3,90.0,0,0
0.00,25.71141369832697,164.58751007148035,0,0,0,0,486.61,93.0,0,0
0.00,25.72772029272474,169.35222470283009,0,0,0,0,500.92,96.0,0,0
0.00,26.739026865064154,170.75831888329634,0,0,0,0,515.23,99.0,0,0
0.00,28.562708762461696,164.3574468829319,0,0,0,0,520,100.0,0,0
0.00,26.595007833243812,152.25715987232093,0,0,0,0,505.69,97.0,0,0
0.00,25.382768183387274,134.9294653723415,0,0,0,0,491.38,94.0,0,0
0.00,26.400847722038584,128.00201769973435,0,0,0,0,477.07,91.0,0,0
0.00,27.719182438064344,119.68191650641624,0,0,0,0,462.76,88.0,0,0
0.02,26.930146469570584,113.26393323728261,0,0,0,0,448.45,85.0,0,0
0.02,24.990748141464408,107.46205886952873,0,0,0,0,434.14,82.0,0,0
0.02,24.533613655651656,101.96535362779755,0,0,0,0,419.83,79.0,0,0
0.02,25.009072617329508,97.67552243887057,0,0,0,0,405.52,76.0,0,0
0.02,24.531734434615522,95.47313804612888,0,0,0,0,391.21,73.0,0,0
0.02,24.674969576158933,91.88882150476311,0,0,0,0,376.9,70.0,0,0
0.02,25.77526988135229,90.12740073165993,0,0,0,0,362.59000000000003,67.0,0,0
0.02,26.17688601341552,87.39541394436169,0,0,0,0,348.28,63.99999999999999,0,0
0.02,26.965697307081438,86.75720363019198,0,0,0,0,333.96999999999997,60.99999999999999,0,0
0.02,28.246474528727877,86.0619331139106,0,0,0,0,319.65999999999997,57.99999999999999,0,0
0.03,28.091293551481407,85.0549863883574,0,0,0,0,305.34999999999997,54.99999999999999,0,0
0.03,26.39596604413211,83.30561520622838,0,0,0,0,291.03999999999996,51.99999999999999,0,0
0.03,25.425458853047836,82.27150968082832,0,0,0,0,276.7299999999999,48.99999999999998,0,0
0.03,24.236980791132172,80.53183596754782,0,0,0,0,262.4199999999999,45.99999999999997,0,0
0.03,25.79516296763942,79.89083167926411,0,0,0,0,248.10999999999984,42.99999999999997,0,0
0.03,26.08005998570257,78.7576927551279,0,0,0,0,233.79999999999984,39.99999999999997,0,0
0.03,25.145177039024933,77.42747229847197,0,0,0,0,219.48999999999984,36.999999999999964,0,0
0.03,26.378101283590297,77.29002214110331,0,0,0,0,205.1799999999999,33.99999999999997,0,0
0.03,27.18448422581605,76.95219526317437,0,0,0,0,190.8699999999999,30.99999999999997,0,0
0.03,28.189507413814578,76.1450060746318,0,0,0,0,176.55999999999983,27.99999999999997,0,0
0.05,29.04454719475124,74.95733482118115,1,0,0,0,162.24999999999983,24.99999999999997,0,0
0.05,28.53228422392384,73.65823561919979,1,0,0,0,147.93999999999988,21.99999999999997,0,0
0.05,28.147634624404922,72.65397714056368,1,0,0,0,133.62999999999988,18.99999999999997,0,0
0.05,29.733047200579733,72.31735979168785,1,0,0,0,119.31999999999988,15.999999999999972,0,0
0.05,29.670833467270675,71.19410238315655,1,0,0,0,105.00999999999982,12.999999999999972,0,0
0.05,27.975691581141863,71.44603413040116,2,0,0,0,90.69999999999987,9.999999999999972,0,0
0.05,26.296003655988677,71.02473870023712,2,0,0,0,76.38999999999987,6.999999999999972,0,0
0.05,27.52165357549059,70.3379665910245,2,1,0,0,62.07999999999987,3.9999999999999716,0,0
0.05,27.650478381540317,69.12139449643091,2,1,0,0,47.76999999999987,0.9999999999999716,0,0
0.05,27.37231942003836,68.61112507702258,2,1,0,0,43,0.0,0,0
0.07,28.793667678356996,70.85174401747526,2,1,0,0,57.31,3.0,0,0
0.07,29.632060182162505,72.6246083692463,2,1,0,0,71.62,6.0,0,0
0.07,28.45144247332495,73.31567938784973,2,1,0,0,85.93,9.0,0,0
0.07,29.110025609621882,74.638403919376,2,1,0,0,100.24000000000001,12.0,0,0
0.07,29.667045091762574,76.26615068609648,2,1,0,0,114.55000000000001,15.0,0,0
0.07,30.829418947711257,76.85592874264916,2,1,0,0,128.86,18.0,0,0
0.07,29.47720700981112,77.84059341571154,2,1,0,0,143.16999999999996,21.0,0,0
0.07,28.029051661358363,78.52720207200086,2,1,0,0,157.48000000000002,24.0,0,0
0.07,27.671214988095876,79.67861421359042,2,1,0,0,171.79000000000002,27.0,0,0
0.07,28.886564441872906,80.48055541969995,2,1,0,0,186.10000000000002,30.0,0,0
0.08,30.19980613561912,81.54470806950458,2,1,0,0,200.40999999999997,33.0,0,0
0.08,30.644754662122036,81.69442417713088,2,2,0,0,214.71999999999997,36.0,0,0
0.08,29.765107583798876,81.77291120612071,2,2,0,0,229.03000000000003,39.0,0,0
0.08,28.30115308280716,81.93142925734304,3,2,0,0,243.34000000000003,42.00000000000001,0,0
0.08,26.333476963074762,82.73707886542718,3,2,0,0,257.65000000000003,45.00000000000001,0,0
0.08,26.9394249087473,83.32882203210836,3,2,0,0,271.96000000000004,48.00000000000001,0,0
0.08,26.15463248920247,83.9584339729234,3,2,0,0,286.27000000000004,51.00000000000001,0,0
0.08,27.512834192407,85.34302540060531,3,2,0,0,300.58000000000004,54.00000000000001,0,0
0.08,28.558781328907834,87.22657616957365,3,2,0,0,314.89000000000004,57.000000000000014,0,0
0.08,26.598158448515576,88.86887791407759,3,2,0,0,329.20000000000005,60.00000000000001,0,0
0.10,26.644488562947732,90.6222998280208,3,2,0,0,343.51,63.0,0,0
0.10,27.543359106249216,92.4815481231794,3,2,0,0,357.82,66.0,0,0
0.10,28.833883527331555,93.83946708797463,3,2,0,0,372.13,69.0,0,0
0.10,27.08926236914821,94.78244275595281,3,2,0,0,386.44,72.0,0,0
0.10,28.01770435595646,95.98011006984552,3,2,0,0,400.75,75.0,0,0
0.10,27.475943910678232,96.96048426459971,3,2,0,0,415.06,78.0,0,0
0.10,26.984846794111576,98.19339888892604,3,2,0,0,429.37,81.0,0,0
0.10,27.36257732846513,99.25062646721328,3,2,0,0,443.68,84.0,0,0
0.10,26.699511202520043,99.91362016127935,3,2,0,0,457.99,87.0,0,0
0.10,27.717857649845964,100.730126207808,3,2,0,0,472.3,90.0,0,0
0.12,27.556620957455582,101.73466535686347,3,2,0,0,486.61,93.0,0,0
0.12,25.833909230132274,101.97396909893183,3,2,0,0,500.92,96.0,0,0
0.12,25.081494226433726,102.3488181557529,3,2,0,0,515.23,99.0,0,0
0.12,8.571428571428571,103.31769922655143,3,2,0,0,520,100.0,0,0
0.12,8.571428571428571,103.12860670237927,3,2,0,0,505.69,97.0,0,0
0.12,8.571428571428571,102.40468688425855,3,2,0,0,491.38,94.0,0,0
0.12,8.571428571428571,101.48895129229551,3,2,0,0,477.07,91.0,0,0
0.12,8.571428571428571,100.81249642254846,3,2,0,0,462.76,88.0,0,0
0.12,8.571428571428571,100.29578799597131,3,2,0,0,448.45,85.0,0,0
0.12,8.571428571428571,99.70399706860069,3,2,0,0,434.14,82.0,0,0
0.13,8.571428571428571,99.30839716408745,3,2,0,0,419.83,79.0,0,0
0.13,8.571428571428571,98.60056890907191,3,2,0,0,405.52,76.0,0,0
0.13,8.571428571428571,97.70188973019803,3,2,0,0,391.21,73.0,0,0
0.13,8.571428571428571,97.3540436560307,3,2,0,0,376.9,70.0,0,0
0.13,8.571428571428571,97.03790998397344,3,2,0,0,362.59000000000003,67.0,0,0
0.13,8.571428571428571,96.60620971529923,3,2,0,0,348.28,63.99999999999999,0,0
0.13,8.571428571428571,96.03318530315246,4,2,0,0,333.96999999999997,60.99999999999999,0,0
0.13,8.571428571428571,95.21199916422529,4,2,0,0,319.65999999999997,57.99999999999999,0,0
0.13,8.571428571428571,94.88179947770955,4,2,0,0,305.34999999999997,54.99999999999999,0,0
0.13,8.571428571428571,94.47925348289257,4,2,0,0,291.03999999999996,51.99999999999999,0,0
0.15,8.571428571428571,94.36535691865542,4,2,0,0,276.7299999999999,48.99999999999998,0,0
0.15,8.571428571428571,93.8910582090206,4,3,0,0,262.4199999999999,45.99999999999997,0,0
0.15,8.571428571428571,93.42987262172657,4,3,0,0,248.10999999999984,42.99999999999997,0,0
0.15,8.571428571428571,93.31686593144181,4,3,0,0,233.79999999999984,39.99999999999997,0,0
0.15,8.571428571428571,92.71155775814385,5,3,0,0,219.48999999999984,36.999999999999964,0,0
0.15,8.571428571428571,92.37439967149619,5,3,0,0,205.1799999999999,33.99999999999997,0,0
0.15,8.571428571428571,92.19284895647371,5,3,0,0,190.8699999999999,30.99999999999997,0,0
0.15,8.571428571428571,91.89069341498629,5,3,0,0,176.55999999999983,27.99999999999997,0,0
0.15,8.571428571428571,91.58184966351924,5,3,0,0,162.24999999999983,24.99999999999997,0,0
0.15,8.571428571428571,91.30606419384218,5,3,0,0,147.93999999999988,21.99999999999997,0,0
0.17,8.571428571428571,91.12613336019345,5,3,0,0,133.62999999999988,18.99999999999997,0,0
0.17,8.571428571428571,90.6687872086798,5,3,0,0,119.31999999999988,15.999999999999972,0,0
0.17,8.571428571428571,90.4643270011084,5,3,0,0,105.00999999999982,12.999999999999972,0,0
0.17,8.571428571428571,90.13574205237978,5,3,0,0,90.69999999999987,9.999999999999972,0,0
0.17,8.571428571428571,89.71704037034809,5,3,0,0,76.38999999999987,6.999999999999972,0,0
0.17,8.571428571428571,89.58690273010313,5,3,0,0,62.07999999999987,3.9999999999999716,0,0
0.17,8.571428571428571,89.29278602053395,5,3,0,0,47.76999999999987,0.9999999999999716,0,0
0.17,8.571428571428571,89.05201562387198,5,3,0,0,43,0.0,0,0
0.17,8.571428571428571,89.4458882060668,5,3,0,0,57.31,3.0,0,0
0.17,8.571428571428571,89.49986936724541,5,3,0,0,71.62,6.0,0,0
0.18,8.571428571428571,89.55442116112063,5,3,0,0,85.93,9.0,0,0
0.18,8.571428571428571,90.17725767120643,5,3,0,0,100.24000000000001,12.0,0,0
0.18,8.571428571428571,90.57267510147491,5,3,0,0,114.55000000000001,15.0,0,0
0.18,8.571428571428571,91.03092008631214,5,3,0,0,128.86,18.0,0,0
0.18,8.571428571428571,91.56966642739235,5,3,0,0,143.16999999999996,21.0,0,0
0.18,8.571428571428571,91.7567305790658,5,3,0,0,157.48000000000002,24.0,0,0
0.18,8.571428571428571,91.89072075598318,5,3,0,0,171.79000000000002,27.0,0,0
0.18,8.571428571428571,92.36918967424766,5,3,0,0,186.10000000000002,30.0,0,0
0.18,8.571428571428571,92.77613105650177,5,3,0,0,200.40999999999997,33.0,0,0
0.18,8.571428571428571,92.78604312254417,5,3,0,0,214.71999999999997,36.0,0,0
0.20,8.571428571428571,92.61504821623068,5,3,0,0,229.03000000000003,39.0,0,0
0.20,8.571428571428571,93.0952272375952,6,3,0,0,243.34000000000003,42.00000000000001,0,0
0.20,8.571428571428571,93.51177168107688,6,3,0,0,257.65000000000003,45.00000000000001,0,0
0.20,8.571428571428571,93.50451757679399,6,3,0,0,271.96000000000004,48.00000000000001,0,0
0.20,8.571428571428571,93.8959608661303,6,3,0,0,286.27000000000004,51.00000000000001,0,0
0.20,8.571428571428571,94.67600094420668,6,3,0,0,300.58000000000004,54.00000000000001,0,0
0.20,8.571428571428571,95.34745899701879,6,3,0,0,314.89000000000004,57.000000000000014,0,0
0.20,8.571428571428571,95.80322402390767,6,3,0,0,329.20000000000005,60.00000000000001,0,0
0.20,8.571428571428571,96.64021088862786,6,3,0,0,343.51,63.0,0,0
0.20,8.571428571428571,97.17523915208685,6,3,0,0,357.82,66.0,0,0
0.22,8.571428571428571,97.91932478260948,6,3,0,0,372.13,69.0,0,0
0.22,8.571428571428571,98.33730438384957,6,3,0,0,386.44,72.0,0,0
0.22,8.571428571428571,98.82603466115769,6,3,0,0,400.75,75.0,0,0
0.22,8.571428571428571,99.26533400549944,6,3,0,0,415.06,78.0,0,0
0.22,8.571428571428571,99.55055898426929,6,3,0,0,429.37,81.0,0,0
0.22,8.571428571428571,100.01350348250223,6,3,0,0,443.68,84.0,0,0
0.22,8.571428571428571,100.41866572064737,6,3,0,0,457.99,87.0,0,0
0.22,8.571428571428571,100.60888827953691,6,3,0,0,472.3,90.0,0,0
0.22,8.571428571428571,101.24354556217655,6,3,0,0,486.61,93.0,0,0
0.22,8.571428571428571,101.33079604522086,6,3,0,0,500.92,96.0,0,0
0.23,8.571428571428571,101.52529430590546,6,3,0,0,515.23,99.0,0,0
0.23,8.571428571428571,101.82917195409111,6,3,0,0,520,100.0,0,0
0.23,8.571428571428571,101.4637040942043,6,3,0,0,505.69,97.0,0,0
0.23,8.571428571428571,101.13043836956453,6,3,0,0,491.38,94.0,0,0
0.23,8.571428571428571,100.95421561528313,6,3,0,0,477.07,91.0,0,0
0.23,8.571428571428571,100.79588567614525,6,3,0,0,462.76,88.0,0,0
0.23,8.571428571428571,100.69463535200315,6,3,0,0,448.45,85.0,0,0
0.23,8.571428571428571,100.4892230228075,6,3,0,0,434.14,82.0,0,0
0.23,8.571428571428571,100.2957320940533,6,3,0,0,419.83,79.0,0,0
0.23,8.571428571428571,100.12737028295335,6,3,0,0,405.52,76.0,0,0
0.25,8.571428571428571,99.87647277973852,6,3,0,0,391.21,73.0,0,0
0.25,8.571428571428571,99.71211506276076,6,3,0,0,376.9,70.0,0,0
0.25,8.571428571428571,99.6134888463045,6,3,0,0,362.59000000000003,67.0,0,0
0.25,8.571428571428571,99.27816871162882,6,3,0,0,348.28,63.99999999999999,0,0
0.25,8.571428571428571,98.94541698696767,6,3,0,0,333.96999999999997,60.99999999999999,0,0
0.25,8.571428571428571,98.5819332839317,6,3,0,0,319.65999999999997,57.99999999999999,0,0
0.25,8.571428571428571,98.09933127937899,6,3,0,0,305.34999999999997,54.99999999999999,0,0
0.25,8.571428571428571,97.88661462028422,6,3,0,0,291.03999999999996,51.99999999999999,0,0
0.25,8.571428571428571,97.4678411948561,6,3,0,0,276.7299999999999,48.99999999999998,0,0
0.25,8.571428571428571,97.07308526177266,6,3,0,0,262.4199999999999,45.99999999999997,0,0
0.27,8.571428571428571,96.88180257154205,6,3,0,0,248.10999999999984,42.99999999999997,0,0
0.27,8.571428571428571,96.70543137941489,6,3,0,0,233.79999999999984,39.99999999999997,0,0
0.27,8.571428571428571,96.45876213778064,6,3,0,0,219.48999999999984,36.999999999999964,0,0
0.27,8.571428571428571,96.29894256991639,6,3,0,0,205.1799999999999,33.99999999999997,0,0
0.27,8.571428571428571,96.18214505481366,6,3,0,0,190.8699999999999,30.99999999999997,0,0
0.27,8.571428571428571,95.7459893474331,6,3,0,0,176.55999999999983,27.99999999999997,0,0
0.27,8.571428571428571,95.39793176607526,7,3,0,0,162.24999999999983,24.99999999999997,0,0
0.27,8.571428571428571,95.05560038432778,7,3,0,0,147.93999999999988,21.99999999999997,0,0
0.27,8.571428571428571,94.75163766957428,7,3,0,0,133.62999999999988,18.99999999999997,0,0
0.27,8.571428571428571,94.52010040075199,7,3,0,0,119.31999999999988,15.999999999999972,0,0
0.28,8.571428571428571,94.26492531338343,7,3,0,0,105.00999999999982,12.999999999999972,0,0
0.28,8.571428571428571,93.94751758556151,7,3,0,0,90.69999999999987,9.999999999999972,0,0
0.28,8.571428571428571,93.91246204599574,7,3,0,0,76.38999999999987,6.999999999999972,0,0
0.28,8.571428571428571,93.61741025292777,7,3,0,0,62.07999999999987,3.9999999999999716,0,0
0.28,8.571428571428571,93.43371225839297,7,3,0,0,47.76999999999987,0.9999999999999716,0,0
0.28,8.571428571428571,93.30872715161517,7,3,0,0,43,0.0,0,0
0.28,8.571428571428571,93.35230728293995,7,3,0,0,57.31,3.0,0,0
0.28,8.571428571428571,93.59144646633494,7,3,0,0,71.62,6.0,0,0
0.28,8.571428571428571,93.73384249990978,7,3,0,0,85.93,9.0,0,0
0.28,8.571428571428571,94.12368514924918,7,3,0,0,100.24000000000001,12.0,0,0
0.30,8.571428571428571,94.3234199003947,7,3,0,0,114.55000000000001,15.0,0,0
0.30,8.571428571428571,94.36279240935627,7,3,0,0,128.86,18.0,0,0
0.30,8.571428571428571,94.66083985986177,7,3,0,0,143.16999999999996,21.0,0,0
0.30,8.571428571428571,94.78403568284482,7,3,0,0,157.48000000000002,24.0,0,0
0.30,8.571428571428571,94.82024137235584,7,3,0,0,171.79000000000002,27.0,0,0
0.30,8.571428571428571,94.80404846679785,7,3,0,0,186.10000000000002,30.0,0,0
0.30,8.571428571428571,94.83373890375762,7,3,0,0,200.40999999999997,33.0,0,0
0.30,8.571428571428571,95.05332910766239,7,3,0,0,214.71999999999997,36.0,0,0
0.30,8.571428571428571,95.23456528550973,7,3,0,0,229.03000000000003,39.0,0,0
0.30,8.571428571428571,95.30984141244309,7,3,0,0,243.34000000000003,42.00000000000001,0,0
0.32,8.571428571428571,95.29153283658856,7,3,0,0,257.65000000000003,45.00000000000001,0,0
0.32,8.571428571428571,95.51568626578513,7,3,0,0,271.96000000000004,48.00000000000001,0,0
0.32,8.571428571428571,95.69746514328624,7,3,0,0,286.27000000000004,51.00000000000001,0,0
0.32,8.571428571428571,95.98557829946495,7,3,0,0,300.58000000000004,54.00000000000001,0,0
0.32,8.571428571428571,96.2047870369921,7,3,0,0,314.89000000000004,57.000000000000014,0,0
0.32,8.571428571428571,96.46124806823826,7,3,0,0,329.20000000000005,60.00000000000001,0,0
0.32,8.571428571428571,96.66699047042087,7,3,0,0,343.51,63.0,0,0
0.32,8.571428571428571,97.11472795995807,7,3,0,0,357.82,66.0,0,0
0.32,8.571428571428571,97.60288781482438,7,3,0,0,372.13,69.0,0,0
0.32,8.571428571428571,97.92668608328107,7,3,0,0,386.44,72.0,0,0
0.33,8.571428571428571,98.41729701114674,7,3,0,0,400.75,75.0,0,0
0.33,8.571428571428571,98.6164101750509,7,3,0,0,415.06,78.0,0,0
0.33,8.571428571428571,98.82861159600449,8,3,0,0,429.37,81.0,0,0
0.33,8.571428571428571,98.99984864379371,8,3,0,0,443.68,84.0,0,0
0.33,8.571428571428571,99.35129364004521,8,3,0,0,457.99,87.0,0,0
0.33,8.571428571428571,99.80104553678508,8,3,0,0,472.3,90.0,0,0
0.33,8.571428571428571,100.0296430257477,8,4,0,0,486.61,93.0,0,0
0.33,8.571428571428571,100.47356655334976,8,4,0,0,500.92,96.0,0,0
0.33,8.571428571428571,100.68488539847155,8,4,0,0,515.23,99.0,0,0
0.33,8.571428571428571,100.90086093387963,8,4,0,0,520,100.0,0,0
0.35,8.571428571428571,100.63996647556131,8,4,0,0,505.69,97.0,0,0
0.35,8.571428571428571,100.41274998002288,8,4,0,0,491.38,94.0,0,0
0.35,8.571428571428571,100.22786968982184,8,4,0,0,477.07,91.0,0,0
0.35,8.571428571428571,99.97864751701283,8,4,0,0,462.76,88.0,0,0
0.35,8.571428571428571,99.7152074328233,8,4,0,0,448.45,85.0,0,0
0.35,8.571428571428571,99.66610866504946,8,4,0,0,434.14,82.0,0,0
0.35,8.571428571428571,99.55834207342362,8,4,0,0,419.83,79.0,0,0
0.35,8.571428571428571,99.39024170260087,8,4,0,0,405.52,76.0,0,0
0.35,8.571428571428571,99.13489377519133,8,4,0,0,391.21,73.0,0,0
0.35,8.571428571428571,98.81024632480654,8,4,0,0,376.9,70.0,0,0
0.37,8.571428571428571,98.60115698680431,9,4,0,0,362.59000000000003,67.0,0,0
0.37,8.571428571428571,98.4838294364871,9,4,0,0,348.28,63.99999999999999,0,0
0.37,8.571428571428571,98.28924352429574,10,4,0,0,333.96999999999997,60.99999999999999,0,0
0.37,8.571428571428571,98.12689456966473,10,4,0,0,319.65999999999997,57.99999999999999,0,0
0.37,8.571428571428571,97.96788888281272,10,4,0,0,305.34999999999997,54.99999999999999,0,0
0.37,8.571428571428571,97.63202559891519,10,4,0,0,291.03999999999996,51.99999999999999,0,0
0.37,8.571428571428571,97.50828078200503,10,4,0,0,276.7299999999999,48.99999999999998,0,0
0.37,8.571428571428571,97.33891962702967,10,4,0,0,262.4199999999999,45.99999999999997,0,0
0.37,8.571428571428571,96.9722748064517,10,4,0,0,248.10999999999984,42.99999999999997,0,0
0.37,8.571428571428571,96.92589901457441,10,4,0,0,233.79999999999984,39.99999999999997,0,0
0.38,8.571428571428571,96.8692144278677,10,4,0,0,219.48999999999984,36.999999999999964,0,0
0.38,8.571428571428571,96.75870661616972,10,4,0,0,205.1799999999999,33.99999999999997,0,0
0.38,8.571428571428571,96.60375726257367,10,4,0,0,190.8699999999999,30.99999999999997,0,0
0.38,8.571428571428571,96.38116133569565,10,4,0,0,176.55999999999983,27.99999999999997,0,0
0.38,8.571428571428571,96.14120119258521,10,4,0,0,162.24999999999983,24.99999999999997,0,0
0.38,8.571428571428571,96.06900358602329,10,4,0,0,147.93999999999988,21.99999999999997,0,0
0.38,8.571428571428571,95.95704112186463,10,4,0,0,133.62999999999988,18.99999999999997,0,0
0.38,8.571428571428571,95.64714067391316,10,4,0,0,119.31999999999988,15.999999999999972,0,0
0.38,8.571428571428571,95.47241628095213,11,4,0,0,105.00999999999982,12.999999999999972,0,0
0.38,8.571428571428571,95.39335767976468,12,4,0,0,90.69999999999987,9.999999999999972,0,0
0.40,8.571428571428571,95.11425117586832,12,4,0,0,76.38999999999987,6.999999999999972,0,0
0.40,8.571428571428571,94.90849234286162,12,4,0,0,62.07999999999987,3.9999999999999716,0,0
0.40,8.571428571428571,94.74215975460638,12,4,0,0,47.76999999999987,0.9999999999999716,0,0
0.40,8.571428571428571,94.5683214375036,12,4,0,0,43,0.0,0,0
0.40,8.571428571428571,94.65827641599512,12,4,0,0,57.31,3.0,0,0
0.40,8.571428571428571,94.63829381559755,12,4,0,0,71.62,6.0,0,0
0.40,8.571428571428571,94.66403031368927,12,4,0,0,85.93,9.0,0,0
0.40,8.571428571428571,94.67524866036239,12,4,0,0,100.24000000000001,12.0,0,0
0.40,8.571428571428571,94.8865537248987,12,4,0,0,114.55000000000001,15.0,0,0
0.40,8.571428571428571,95.00161373821945,12,4,0,0,128.86,18.0,0,0
0.42,8.571428571428571,95.0738122403397,12,4,0,0,143.16999999999996,21.0,0,0
0.42,8.571428571428571,95.26148005446446,12,4,0,0,157.48000000000002,24.0,0,0
0.42,8.571428571428571,95.41216501006475,12,4,0,0,171.79000000000002,27.0,0,0
0.42,8.571428571428571,95.32857696486387,12,4,0,0,186.10000000000002,30.0,0,0
0.42,8.571428571428571,95.24679737361267,12,4,0,0,200.40999999999997,33.0,0,0
0.42,8.571428571428571,95.27528319797604,12,4,0,0,214.71999999999997,36.0,0,0
0.42,8.571428571428571,95.32925807206057,12,4,0,0,229.03000000000003,39.0,0,0
0.42,8.571428571428571,95.56813847587658,12,4,0,0,243.34000000000003,42.00000000000001,0,0
0.42,8.571428571428571,95.58777827192179,12,4,0,0,257.65000000000003,45.00000000000001,0,0
0.42,8.571428571428571,95.65664391042212,12,4,0,0,271.96000000000004,48.00000000000001,0,0
0.43,8.571428571428571,95.7857585443577,12,4,0,0,286.27000000000004,51.00000000000001,0,0
0.43,8.571428571428571,95.99988448180412,12,4,0,0,300.58000000000004,54.00000000000001,0,0
0.43,8.571428571428571,96.18222218987042,13,4,0,0,314.89000000000004,57.000000000000014,0,0
0.43,8.571428571428571,96.52216871191861,13,4,0,0,329.20000000000005,60.00000000000001,0,0
0.43,8.571428571428571,96.78849164347675,13,4,0,0,343.51,63.0,0,0
0.43,8.571428571428571,96.9098053369199,13,4,0,0,357.82,66.0,0,0
0.43,8.571428571428571,97.19903862136044,13,4,0,0,372.13,69.0,0,0
0.43,8.571428571428571,97.36195067608251,13,4,0,0,386.44,72.0,0,0
0.43,8.571428571428571,97.536399919816,13,4,0,0,400.75,75.0,0,0
0.43,8.571428571428571,97.84198654219173,13,4,0,0,415.06,78.0,0,0
0.45,8.571428571428571,97.96274984704024,13,4,0,0,429.37,81.0,0,0
0.45,8.571428571428571,98.1240419484059,13,4,0,0,443.68,84.0,0,0
0.45,8.571428571428571,98.5493855650843,13,4,0,0,457.99,87.0,0,0
0.45,8.571428571428571,98.84585876541082,13,4,0,0,472.3,90.0,0,0
0.45,8.571428571428571,99.04374025269867,13,4,0,0,486.61,93.0,0,0
0.45,8.571428571428571,99.22511341121601,13,4,0,0,500.92,96.0,0,0
0.45,8.571428571428571,99.31076899911088,13,4,0,0,515.23,99.0,0,0
0.45,8.571428571428571,99.60923848643387,13,4,0,0,520,100.0,0,0
0.45,8.571428571428571,99.36208251172809,13,4,0,0,505.69,97.0,0,0
0.45,8.571428571428571,99.20994400112927,13,4,0,0,491.38,94.0,0,0
0.47,8.571428571428571,98.95520302050227,13,4,0,0,477.07,91.0,0,0
0.47,8.571428571428571,98.77694723006047,14,4,0,0,462.76,88.0,0,0
0.47,8.571428571428571,98.6419595602349,14,4,0,0,448.45,85.0,0,0
0.47,8.571428571428571,98.41645124417934,14,4,0,0,434.14,82.0,0,0
0.47,8.571428571428571,98.1172729305862,14,4,0,0,419.83,79.0,0,0
0.47,8.571428571428571,97.99479373714563,14,4,0,0,405.52,76.0,0,0
0.47,8.571428571428571,97.97762960121283,14,4,0,0,391.21,73.0,0,0
0.47,8.571428571428571,97.74025316825549,14,5,0,0,376.9,70.0,0,0
0.47,8.571428571428571,97.52372849768858,15,5,0,0,362.59000000000003,67.0,0,0
0.47,8.571428571428571,97.41397529183114,15,5,0,0,348.28,63.99999999999999,0,0
0.48,8.571428571428571,97.1738068091438,15,5,0,0,333.96999999999997,60.99999999999999,0,0
0.48,8.571428571428571,96.91961361308229,15,5,0,0,319.65999999999997,57.99999999999999,0,0
0.48,8.571428571428571,96.84597086953387,15,5,0,0,305.34999999999997,54.99999999999999,0,0
0.48,8.571428571428571,96.78361004931958,15,5,0,0,291.03999999999996,51.99999999999999,0,0
0.48,8.571428571428571,96.61532464083943,15,5,0,0,276.7299999999999,48.99999999999998,0,0
0.48,8.571428571428571,96.50052905947202,15,5,0,0,262.4199999999999,45.99999999999997,0,0
0.48,8.571428571428571,96.38024586490069,15,5,0,0,248.10999999999984,42.99999999999997,0,0
0.48,8.571428571428571,96.34066644970396,15,5,0,0,233.79999999999984,39.99999999999997,0,0
0.48,8.571428571428571,96.20387088578849,15,5,0,0,219.48999999999984,36.999999999999964,0,0
0.48,8.571428571428571,96.08457621601433,15,5,0,0,205.1799999999999,33.99999999999997,0,0
0.50,8.571428571428571,95.97751771785575,15,5,0,0,190.8699999999999,30.99999999999997,0,0
0.50,8.571428571428571,95.79605130585719,15,5,0,0,176.55999999999983,27.99999999999997,0,0
0.50,8.571428571428571,95.6528962114297,15,5,0,0,162.24999999999983,24.99999999999997,0,0
0.50,8.571428571428571,95.54901776835258,15,5,0,0,147.93999999999988,21.99999999999997,0,0
0.50,8.571428571428571,95.46021761285867,15,5,0,0,133.62999999999988,18.99999999999997,0,0
0.50,8.571428571428571,95.36670832777405,15,5,0,0,119.31999999999988,15.999999999999972,0,0
0.50,8.571428571428571,95.12463069388487,15,5,0,0,105.00999999999982,12.999999999999972,0,0
0.50,8.571428571428571,94.9896350957096,15,5,0,0,90.69999999999987,9.999999999999972,0,0
0.50,8.571428571428571,94.82278811690985,15,5,0,0,76.38999999999987,6.999999999999972,0,0
0.50,8.571428571428571,94.75694588034655,15,5,0,0,62.07999999999987,3.9999999999999716,0,0
0.52,8.571428571428571,94.57478294024757,15,5,0,0,47.76999999999987,0.9999999999999716,0,0
0.52,8.571428571428571,94.42858867222564,15,5,0,0,43,0.0,0,0
0.52,8.571428571428571,94.38999037727983,15,5,0,0,57.31,3.0,0,0
0.52,8.571428571428571,94.49192825832145,15,5,0,0,71.62,6.0,0,0
0.52,8.571428571428571,94.65227724825853,15,5,0,0,85.93,9.0,0,0
0.52,8.571428571428571,94.79496589415747,15,5,0,0,100.24000000000001,12.0,0,0
0.52,8.571428571428571,94.80827796199107,15,5,0,0,114.55000000000001,15.0,0,0
0.52,8.571428571428571,94.83363626020585,15,5,0,0,128.86,18.0,0,0
0.52,8.571428571428571,94.96464037273012,16,5,0,0,143.16999999999996,21.0,0,0
0.52,8.571428571428571,94.91077649279906,17,5,0,0,157.48000000000002,24.0,0,0
0.53,8.571428571428571,94.96451634061724,17,5,0,0,171.79000000000002,27.0,0,0
0.53,8.571428571428571,95.10132988718316,18,5,0,0,186.10000000000002,30.0,0,0
0.53,8.571428571428571,95.27519972808895,18,5,0,0,200.40999999999997,33.0,0,0
0.53,8.571428571428571,95.3973941364146,18,5,0,0,214.71999999999997,36.0,0,0
0.53,8.571428571428571,95.41374071051283,18,5,0,0,229.03000000000003,39.0,0,0
0.53,8.571428571428571,95.41663018107637,18,5,0,0,243.34000000000003,42.00000000000001,0,0
0.53,8.571428571428571,95.4951722644891,18,5,0,0,257.65000000000003,45.00000000000001,0,0
0.53,8.571428571428571,95.5639013354101,18,5,0,0,271.96000000000004,48.00000000000001,0,0
0.53,8.571428571428571,95.67964289024212,18,5,0,0,286.27000000000004,51.00000000000001,0,0
0.53,8.571428571428571,95.8017818520351,18,5,0,0,300.58000000000004,54.00000000000001,0,0
0.55,8.571428571428571,96.03132195266069,18,5,0,0,314.89000000000004,57.000000000000014,0,0
0.55,8.571428571428571,96.23113446801135,18,5,0,0,329.20000000000005,60.00000000000001,0,0
0.55,8.571428571428571,96.53947505164358,18,5,0,0,343.51,63.0,0,0
0.55,8.571428571428571,96.74138797476867,18,5,0,0,357.82,66.0,0,0
0.55,8.571428571428571,96.98705310603754,18,5,0,0,372.13,69.0,0,0
0.55,8.571428571428571,97.01555538594832,18,5,0,0,386.44,72.0,0,0
0.55,8.571428571428571,97.20159742734629,18,5,0,0,400.75,75.0,0,0
0.55,8.571428571428571,97.29096398217412,18,5,0,0,415.06,78.0,0,0
0.55,8.571428571428571,97.37482702579631,18,5,0,0,429.37,81.0,0,0
0.55,8.571428571428571,97.42607785204015,18,5,0,0,443.68,84.0,0,0
0.57,8.571428571428571,97.64709805813351,18,5,0,0,457.99,87.0,0,0
0.57,8.571428571428571,97.83048406957057,18,5,0,0,472.3,90.0,0,0
0.57,8.571428571428571,97.95821148785538,18,5,0,0,486.61,93.0,0,0
0.57,8.571428571428571,98.15296823531754,18,5,0,0,500.92,96.0,0,0
0.57,8.571428571428571,98.32576064009977,18,5,0,0,515.23,99.0,0,0
0.57,8.571428571428571,98.45696723564245,18,5,0,0,520,100.0,0,0
0.57,8.571428571428571,98.3034314411262,18,5,0,0,505.69,97.0,0,0
0.57,8.571428571428571,98.30327700062308,18,5,0,0,491.38,94.0,0,0
0.57,8.571428571428571,98.0720997312064,18,5,0,0,477.07,91.0,0,0
0.57,8.571428571428571,97.89435119042314,18,5,0,0,462.76,88.0,0,0
0.58,8.571428571428571,97.80090288644,18,5,0,0,448.45,85.0,0,0
0.58,8.571428571428571,97.61973485719496,18,5,0,0,434.14,82.0,0,0
0.58,8.571428571428571,97.45462013383103,18,5,0,0,419.83,79.0,0,0
0.58,8.571428571428571,97.33596525422338,18,5,0,0,405.52,76.0,0,0
0.58,8.571428571428571,97.28462608553058,18,5,0,0,391.21,73.0,0,0
0.58,8.571428571428571,97.1223184636722,18,5,0,0,376.9,70.0,0,0
0.58,8.571428571428571,97.02763543646476,18,5,0,0,362.59000000000003,67.0,0,0
0.58,8.571428571428571,96.88987039469487,18,5,0,0,348.28,63.99999999999999,0,0
0.58,8.571428571428571,96.69973980691209,18,5,0,0,333.96999999999997,60.99999999999999,0,0
0.58,8.571428571428571,96.66100586195505,18,5,0,0,319.65999999999997,57.99999999999999,0,0
0.60,8.571428571428571,96.49484572041668,18,5,0,0,305.34999999999997,54.99999999999999,0,0
0.60,8.571428571428571,96.43796470843245,19,5,0,0,291.03999999999996,51.99999999999999,0,0
0.60,8.571428571428571,96.24769135073576,19,5,0,0,276.7299999999999,48.99999999999998,0,0
0.60,8.571428571428571,96.15139138876391,19,5,0,0,262.4199999999999,45.99999999999997,0,0
0.60,8.571428571428571,96.09455522997385,19,5,0,0,248.10999999999984,42.99999999999997,0,0
0.60,8.571428571428571,96.02590937083339,19,5,0,0,233.79999999999984,39.99999999999997,0,0
0.60,8.571428571428571,95.96097208573708,19,5,0,0,219.48999999999984,36.999999999999964,0,0
0.60,8.571428571428571,95.8552716626943,19,5,0,0,205.1799999999999,33.99999999999997,0,0
0.60,8.571428571428571,95.68781005074956,19,5,0,0,190.8699999999999,30.99999999999997,0,0
0.60,8.571428571428571,95.59002654708071,19,5,0,0,176.55999999999983,27.99999999999997,0,0
0.62,8.571428571428571,95.40651049242287,19,5,0,0,162.24999999999983,24.99999999999997,0,0
0.62,8.571428571428571,95.34505796054573,19,5,0,0,147.93999999999988,21.99999999999997,0,0
0.62,8.571428571428571,95.26920077783511,19,5,0,0,133.62999999999988,18.99999999999997,0,0
0.62,8.571428571428571,95.14805601790314,19,5,0,0,119.31999999999988,15.999999999999972,0,0
0.62,8.571428571428571,94.98615313181955,19,5,0,0,105.00999999999982,12.999999999999972,0,0
0.62,8.571428571428571,94.99131411774053,19,5,0,0,90.69999999999987,9.999999999999972,0,0
0.62,8.571428571428571,94.88968412619022,19,5,0,0,76.38999999999987,6.999999999999972,0,0
0.62,8.571428571428571,94.7544793686954,19,5,0,0,62.07999999999987,3.9999999999999716,0,0
0.62,8.571428571428571,94.60584307938328,19,5,0,0,47.76999999999987,0.9999999999999716,0,0
0.62,8.571428571428571,94.51869848713581,19,5,0,0,43,0.0,0,0
0.63,8.571428571428571,94.61163482152463,19,5,0,0,57.31,3.0,0,0
0.63,8.571428571428571,94.65263465064187,19,5,0,0,71.62,6.0,0,0
0.63,8.571428571428571,94.68669290900164,19,5,0,0,85.93,9.0,0,0
0.63,8.571428571428571,94.71648097692245,20,5,0,0,100.24000000000001,12.0,0,0
0.63,8.571428571428571,94.65655513378441,20,5,0,0,114.55000000000001,15.0,0,0
0.63,8.571428571428571,94.67329612168756,20,5,0,0,128.86,18.0,0,0
0.63,8.571428571428571,94.64194678606991,20,5,0,0,143.16999999999996,21.0,0,0
0.63,8.571428571428571,94.57126742572507,20,5,0,0,157.48000000000002,24.0,0,0
0.63,8.571428571428571,94.68987550835206,20,5,0,0,171.79000000000002,27.0,0,0
0.63,8.571428571428571,94.62467908223289,20,5,0,0,186.10000000000002,30.0,0,0
0.65,8.571428571428571,94.72182282281717,20,5,0,0,200.40999999999997,33.0,0,0
0.65,8.571428571428571,94.75603883278386,20,5,0,0,214.71999999999997,36.0,0,0
0.65,8.571428571428571,94.75574812772913,20,5,0,0,229.03000000000003,39.0,0,0
0.65,8.571428571428571,94.70803767344448,20,5,0,0,243.34000000000003,42.00000000000001,0,0
0.65,8.571428571428571,94.7173039816499,20,5,0,0,257.65000000000003,45.00000000000001,0,0
0.65,8.571428571428571,94.70648026681555,20,5,0,0,271.96000000000004,48.00000000000001,0,0
0.65,8.571428571428571,94.77668237256603,20,5,0,0,286.27000000000004,51.00000000000001,0,0
0.65,8.571428571428571,94.8523886504402,20,5,0,0,300.58000000000004,54.00000000000001,0,0
0.65,8.571428571428571,94.9467232487821,20,5,0,0,314.89000000000004,57.000000000000014,0,0
0.65,8.571428571428571,95.15998794295385,20,5,0,0,329.20000000000005,60.00000000000001,0,0
0.67,8.571428571428571,95.25745890478417,20,5,0,0,343.51,63.0,0,0
0.67,8.571428571428571,95.38504964834151,20,5,0,0,357.82,66.0,0,0
0.67,8.571428571428571,95.57716828374063,20,5,0,0,372.13,69.0,0,0
0.67,8.571428571428571,95.65287106664563,20,5,0,0,386.44,72.0,0,0
0.67,8.571428571428571,95.82409710487244,20,5,0,0,400.75,75.0,0,0
0.67,8.571428571428571,95.92403985273693,20,5,0,0,415.06,78.0,0,0
0.67,8.571428571428571,96.13188810449454,20,5,0,0,429.37,81.0,0,0
0.67,8.571428571428571,96.33589392050487,21,5,0,0,443.68,84.0,0,0
0.67,8.571428571428571,96.47662264234279,21,5,0,0,457.99,87.0,0,0
0.67,8.571428571428571,96.68012718647172,21,5,0,0,472.3,90.0,0,0
0.68,8.571428571428571,96.70412778633701,21,5,0,0,486.61,93.0,0,0
0.68,8.571428571428571,96.89765744052923,21,5,0,0,500.92,96.0,0,0
0.68,8.571428571428571,97.05671874865673,21,5,0,0,515.23,99.0,0,0
0.68,8.571428571428571,97.31717043973649,21,5,0,0,520,100.0,0,0
0.68,8.571428571428571,97.17472973928227,22,5,0,0,505.69,97.0,0,0
0.68,8.571428571428571,97.03737852073131,22,5,0,0,491.38,94.0,0,0
0.68,8.571428571428571,96.91028419774679,22,5,0,0,477.07,91.0,0,0
0.68,8.571428571428571,96.83368541953396,23,5,0,0,462.76,88.0,0,0
0.68,8.571428571428571,96.72568575314403,23,5,0,0,448.45,85.0,0,0
0.68,8.571428571428571,96.63975686869006,23,5,0,0,434.14,82.0,0,0
0.70,8.571428571428571,96.54627558617857,23,5,0,0,419.83,79.0,0,0
0.70,8.571428571428571,96.3815205162086,23,5,0,0,405.52,76.0,0,0
0.70,8.571428571428571,96.32096933563061,23,5,0,0,391.21,73.0,0,0
0.70,8.571428571428571,96.15021920111096,23,5,0,0,376.9,70.0,0,0
0.70,8.571428571428571,96.03106763154754,23,5,0,0,362.59000000000003,67.0,0,0
0.70,8.571428571428571,95.8746173327917,23,5,0,0,348.28,63.99999999999999,0,0
0.70,8.571428571428571,95.83029452670239,23,5,0,0,333.96999999999997,60.99999999999999,0,0
0.70,8.571428571428571,95.6910037726978,23,5,0,0,319.65999999999997,57.99999999999999,0,0
0.70,8.571428571428571,95.63588321328895,23,5,0,0,305.34999999999997,54.99999999999999,0,0
0.70,8.571428571428571,95.51137252614066,23,5,0,0,291.03999999999996,51.99999999999999,0,0
0.72,8.571428571428571,95.49008987589035,23,5,0,0,276.7299999999999,48.99999999999998,0,0
0.72,8.571428571428571,95.35151678955897,23,5,0,0,262.4199999999999,45.99999999999997,0,0
0.72,8.571428571428571,95.24303721242009,23,5,0,0,248.10999999999984,42.99999999999997,0,0
0.72,8.571428571428571,95.14447362506105,23,5,0,0,233.79999999999984,39.99999999999997,0,0
0.72,8.571428571428571,95.0047288482964,23,5,0,0,219.48999999999984,36.999999999999964,0,0
0.72,8.571428571428571,94.94378947211857,23,5,0,0,205.1799999999999,33.99999999999997,0,0
0.72,8.571428571428571,94.89017191390755,23,5,0,0,190.8699999999999,30.99999999999997,0,0
0.72,8.571428571428571,94.76231324439595,23,5,0,0,176.55999999999983,27.99999999999997,0,0
0.72,8.571428571428571,94.60695590237042,23,5,0,0,162.24999999999983,24.99999999999997,0,0
0.72,8.571428571428571,94.48252374034496,23,5,0,0,147.93999999999988,21.99999999999997,0,0
0.73,8.571428571428571,94.31106661019577,23,5,0,0,133.62999999999988,18.99999999999997,0,0
0.73,8.571428571428571,94.14668933972196,23,5,0,0,119.31999999999988,15.999999999999972,0,0
0.73,8.571428571428571,94.10215452979894,23,5,0,0,105.00999999999982,12.999999999999972,0,0
0.73,8.571428571428571,93.99452809958981,23,5,0,0,90.69999999999987,9.999999999999972,0,0
0.73,8.571428571428571,93.98168156758118,23,5,0,0,76.38999999999987,6.999999999999972,0,0
0.73,8.571428571428571,93.83160106984843,23,5,0,0,62.07999999999987,3.9999999999999716,0,0
0.73,8.571428571428571,93.67358722469275,23,5,0,0,47.76999999999987,0.9999999999999716,0,0
0.73,8.571428571428571,93.50371178598307,23,5,0,0,43,0.0,0,0
0.73,8.571428571428571,93.50143970803884,23,5,0,0,57.31,3.0,0,0
0.73,8.571428571428571,93.47099574648018,23,5,0,0,71.62,6.0,0,0
0.75,8.571428571428571,93.50062465904958,23,5,0,0,85.93,9.0,0,0
0.75,8.571428571428571,93.53384193165314,23,5,0,0,100.24000000000001,12.0,0,0
0.75,8.571428571428571,93.58826268790388,24,5,0,0,114.55000000000001,15.0,0,0
0.75,8.571428571428571,93.713608870135,24,5,0,0,128.86,18.0,0,0
0.75,8.571428571428571,93.71834412488136,24,5,0,0,143.16999999999996,21.0,0,0
0.75,8.571428571428571,93.75887344796062,24,5,0,0,157.48000000000002,24.0,0,0
0.75,8.571428571428571,93.7689092170512,24,5,0,0,171.79000000000002,27.0,0,0
0.75,8.571428571428571,93.89297280515399,24,5,0,0,186.10000000000002,30.0,0,0
0.75,8.571428571428571,93.93352770152437,24,5,0,0,200.40999999999997,33.0,0,0
0.75,8.571428571428571,93.99201587013604,24,5,0,0,214.71999999999997,36.0,0,0
0.77,8.571428571428571,94.06743736820908,24,5,0,0,229.03000000000003,39.0,0,0
0.77,8.571428571428571,94.0512606959797,24,5,0,0,243.34000000000003,42.00000000000001,0,0
0.77,8.571428571428571,94.19029563467933,24,5,0,0,257.65000000000003,45.00000000000001,0,0
0.77,8.571428571428571,94.28064246250955,24,5,0,0,271.96000000000004,48.00000000000001,0,0
0.77,8.571428571428571,94.35031134550883,24,5,0,0,286.27000000000004,51.00000000000001,0,0
0.77,8.571428571428571,94.5537284747803,24,5,0,0,300.58000000000004,54.00000000000001,0,0
0.77,8.571428571428571,94.72891683375848,24,5,0,0,314.89000000000004,57.000000000000014,0,0
0.77,8.571428571428571,94.86610027786149,24,5,0,0,329.20000000000005,60.00000000000001,0,0
0.77,8.571428571428571,94.97098174626356,24,5,0,0,343.51,63.0,0,0
0.77,8.571428571428571,95.14731775753367,24,5,0,0,357.82,66.0,0,0
0.78,8.571428571428571,95.35973351602546,24,5,0,0,372.13,69.0,0,0
0.78,8.571428571428571,95.55712526760698,24,5,0,0,386.44,72.0,0,0
0.78,8.571428571428571,95.61032452158709,24,5,0,0,400.75,75.0,0,0
0.78,8.571428571428571,95.8238864158489,24,5,0,0,415.06,78.0,0,0
0.78,8.571428571428571,96.01962698093726,24,5,0,0,429.37,81.0,0,0
0.78,8.571428571428571,96.13343496943874,24,5,0,0,443.68,84.0,0,0
0.78,8.571428571428571,96.17463718730447,24,5,0,0,457.99,87.0,0,0
0.78,8.571428571428571,96.32596787375498,24,5,0,0,472.3,90.0,0,0
0.78,8.571428571428571,96.50824833496249,24,5,0,0,486.61,93.0,0,0
0.78,8.571428571428571,96.66507044786,24,5,0,0,500.92,96.0,0,0
0.80,8.571428571428571,96.89786619224546,24,5,0,0,515.23,99.0,0,0
0.80,8.571428571428571,96.93102619579528,24,5,0,0,520,100.0,0,0
0.80,8.571428571428571,96.82207884617333,24,5,0,0,505.69,97.0,0,0
0.80,8.571428571428571,96.72882312868933,24,5,0,0,491.38,94.0,0,0
0.80,8.571428571428571,96.71821425834203,24,5,0,0,477.07,91.0,0,0
0.80,8.571428571428571,96.70311357798647,24,5,0,0,462.76,88.0,0,0
0.80,8.571428571428571,96.64378956468278,24,5,0,0,448.45,85.0,0,0
0.80,8.571428571428571,96.49088941617156,24,5,0,0,434.14,82.0,0,0
0.80,8.571428571428571,96.48230659285542,24,5,0,0,419.83,79.0,0,0
0.80,8.571428571428571,96.39840465046925,24,5,0,0,405.52,76.0,0,0
0.82,8.571428571428571,96.3226543743704,24,5,0,0,391.21,73.0,0,0
0.82,8.571428571428571,96.18943016946517,24,5,0,0,376.9,70.0,0,0
0.82,8.571428571428571,96.09308271964765,24,5,0,0,362.59000000000003,67.0,0,0
0.82,8.571428571428571,95.97605305261058,24,5,0,0,348.28,63.99999999999999,0,0
0.82,8.571428571428571,95.87498822153206,24,5,0,0,333.96999999999997,60.99999999999999,0,0
0.82,8.571428571428571,95.8481751062677,24,5,0,0,319.65999999999997,57.99999999999999,0,0
0.82,8.571428571428571,95.79043510539326,24,5,0,0,305.34999999999997,54.99999999999999,0,0
0.82,8.571428571428571,95.6537900988242,24,5,0,0,291.03999999999996,51.99999999999999,0,0
0.82,8.571428571428571,95.56824846303641,24,5,0,0,276.7299999999999,48.99999999999998,0,0
0.82,8.571428571428571,95.49605527951465,24,5,0,0,262.4199999999999,45.99999999999997,0,0
0.83,8.571428571428571,95.41273049445508,24,5,0,0,248.10999999999984,42.99999999999997,0,0
0.83,8.571428571428571,95.30390807992649,24,5,0,0,233.79999999999984,39.99999999999997,0,0
0.83,8.571428571428571,95.2053914685744,25,5,0,0,219.48999999999984,36.999999999999964,0,0
0.83,8.571428571428571,95.15927826131829,25,5,0,0,205.1799999999999,33.99999999999997,0,0
0.83,8.571428571428571,95.09011306251617,25,5,0,0,190.8699999999999,30.99999999999997,0,0
0.83,8.571428571428571,95.00175067895036,25,5,0,0,176.55999999999983,27.99999999999997,0,0
0.83,8.571428571428571,94.98178743864673,25,5,0,0,162.24999999999983,24.99999999999997,0,0
0.83,8.571428571428571,94.97860951321842,25,5,0,0,147.93999999999988,21.99999999999997,0,0
0.83,8.571428571428571,94.85644725616262,25,5,0,0,133.62999999999988,18.99999999999997,0,0
0.83,8.571428571428571,94.77305908261712,25,5,0,0,119.31999999999988,15.999999999999972,0,0
0.85,8.571428571428571,94.7344878544448,25,5,0,0,105.00999999999982,12.999999999999972,0,0
0.85,8.571428571428571,94.64198909556458,25,5,0,0,90.69999999999987,9.999999999999972,0,0
0.85,8.571428571428571,94.58523807094338,25,5,0,0,76.38999999999987,6.999999999999972,0,0
0.85,8.571428571428571,94.56973394068204,25,5,0,0,62.07999999999987,3.9999999999999716,0,0
0.85,8.571428571428571,94.50832955469869,25,5,0,0,47.76999999999987,0.9999999999999716,0,0
0.85,8.571428571428571,94.44723021851367,25,5,0,0,43,0.0,0,0
0.85,8.571428571428571,94.51068378531599,25,5,0,0,57.31,3.0,0,0
0.85,8.571428571428571,94.52151259713304,25,5,0,0,71.62,6.0,0,0
0.85,8.571428571428571,94.62225009509714,25,5,0,0,85.93,9.0,0,0
0.85,8.571428571428571,94.58656431054143,25,5,0,0,100.24000000000001,12.0,0,0
0.87,8.571428571428571,94.61169117433502,25,5,0,0,114.55000000000001,15.0,0,0
0.87,8.571428571428571,94.57243431680173,25,5,0,0,128.86,18.0,0,0
0.87,8.571428571428571,94.60940581825527,25,6,0,0,143.16999999999996,21.0,0,0
0.87,8.571428571428571,94.62829901760784,25,7,0,0,157.48000000000002,24.0,0,0
0.87,8.571428571428571,94.7336030839738,25,7,0,0,171.79000000000002,27.0,0,0
0.87,8.571428571428571,94.79604890689461,25,7,0,0,186.10000000000002,30.0,0,0
0.87,8.571428571428571,94.9044193365987,25,7,0,0,200.40999999999997,33.0,0,0
0.87,8.571428571428571,94.9198040034379,25,7,0,0,214.71999999999997,36.0,0,0
0.87,8.571428571428571,94.94122434652527,25,7,0,0,229.03000000000003,39.0,0,0
0.87,8.571428571428571,94.95820200731319,25,7,0,0,243.34000000000003,42.00000000000001,0,0
0.88,8.571428571428571,94.97957721878471,25,7,0,0,257.65000000000003,45.00000000000001,0,0
0.88,8.571428571428571,95.08131233747731,25,7,0,0,271.96000000000004,48.00000000000001,0,0
0.88,8.571428571428571,95.19316712052755,25,7,0,0,286.27000000000004,51.00000000000001,0,0
0.88,8.571428571428571,95.29506223691143,25,7,0,0,300.58000000000004,54.00000000000001,0,0
0.88,8.571428571428571,95.37346444194553,25,7,0,0,314.89000000000004,57.000000000000014,0,0
0.88,8.571428571428571,95.48315710127194,25,7,0,0,329.20000000000005,60.00000000000001,0,0
0.88,8.571428571428571,95.67184723758807,25,7,0,0,343.51,63.0,0,0
0.88,8.571428571428571,95.84484577402594,25,7,0,0,357.82,66.0,0,0
0.88,8.571428571428571,95.93274765210198,25,7,0,0,372.13,69.0,0,0
0.88,8.571428571428571,95.98385127137915,25,7,0,0,386.44,72.0,0,0
0.90,8.571428571428571,96.03638459114366,25,7,0,0,400.75,75.0,0,0
0.90,8.571428571428571,96.14554286339991,25,7,0,0,415.06,78.0,0,0
0.90,8.571428571428571,96.20152716513957,25,7,0,0,429.37,81.0,0,0
0.90,8.571428571428571,96.26853835838975,25,7,0,0,443.68,84.0,0,0
0.90,8.571428571428571,96.37410411510511,25,7,0,0,457.99,87.0,0,0
0.90,8.571428571428571,96.52037624170693,25,7,0,0,472.3,90.0,0,0
0.90,8.571428571428571,96.6185365702573,25,7,0,0,486.61,93.0,0,0
0.90,8.571428571428571,96.63240451311795,26,7,0,0,500.92,96.0,0,0
0.90,8.571428571428571,96.6935894871573,26,7,0,0,515.23,99.0,0,0
0.90,8.571428571428571,96.82681009343848,26,7,0,0,520,100.0,0,0
0.92,8.571428571428571,96.8007959169501,26,7,0,0,505.69,97.0,0,0
0.92,8.571428571428571,96.68962046344753,27,7,0,0,491.38,94.0,0,0
0.92,8.571428571428571,96.64781081304082,27,7,0,0,477.07,91.0,0,0
0.92,8.571428571428571,96.56216682209903,27,7,0,0,462.76,88.0,0,0
0.92,8.571428571428571,96.46826764901739,27,7,0,0,448.45,85.0,0,0
0.92,8.571428571428571,96.39230639675358,27,7,0,0,434.14,82.0,0,0
0.92,8.571428571428571,96.31742935406929,27,7,0,0,419.83,79.0,0,0
0.92,8.571428571428571,96.26834742797722,27,7,0,0,405.52,76.0,0,0
0.92,8.571428571428571,96.19121772367605,27,7,0,0,391.21,73.0,0,0
0.92,8.571428571428571,96.1487563237941,27,7,0,0,376.9,70.0,0,0
0.93,8.571428571428571,96.05233038417015,27,7,0,0,362.59000000000003,67.0,0,0
0.93,8.571428571428571,96.02564029597436,28,7,0,0,348.28,63.99999999999999,0,0
0.93,8.571428571428571,95.96017838537782,28,7,0,0,333.96999999999997,60.99999999999999,0,0
0.93,8.571428571428571,95.87414646675157,28,7,0,0,319.65999999999997,57.99999999999999,0,0
0.93,8.571428571428571,95.85348108866872,28,7,0,0,305.34999999999997,54.99999999999999,0,0
0.93,8.571428571428571,95.80681525220193,28,7,0,0,291.03999999999996,51.99999999999999,0,0
0.93,8.571428571428571,95.71773381146528,28,8,0,0,276.7299999999999,48.99999999999998,0,0
0.93,8.571428571428571,95.6239795839509,28,8,0,0,262.4199999999999,45.99999999999997,0,0
0.93,8.571428571428571,95.5195161796193,28,8,0,0,248.10999999999984,42.99999999999997,0,0
0.93,8.571428571428571,95.44619847030253,28,8,0,0,233.79999999999984,39.99999999999997,0,0
0.95,8.571428571428571,95.38534362980863,28,8,0,0,219.48999999999984,36.999999999999964,0,0
0.95,8.571428571428571,95.30995400484457,28,8,0,0,205.1799999999999,33.99999999999997,0,0
0.95,8.571428571428571,95.2801136400991,28,8,0,0,190.8699999999999,30.99999999999997,0,0
0.95,8.571428571428571,95.13869722521099,28,8,0,0,176.55999999999983,27.99999999999997,0,0
0.95,8.571428571428571,95.09000268999579,28,8,0,0,162.24999999999983,24.99999999999997,0,0
0.95,8.571428571428571,94.95636897315453,28,8,0,0,147.93999999999988,21.99999999999997,0,0
0.95,8.571428571428571,94.90883828958412,28,8,0,0,133.62999999999988,18.99999999999997,0,0
0.95,8.571428571428571,94.87723808121528,28,8,0,0,119.31999999999988,15.999999999999972,0,0
0.95,8.571428571428571,94.76064257380199,28,8,0,0,105.00999999999982,12.999999999999972,0,0
0.95,8.571428571428571,94.62711525980534,28,8,0,0,90.69999999999987,9.999999999999972,0,0
0.97,8.571428571428571,94.5536163356726,28,8,0,0,76.38999999999987,6.999999999999972,0,0
0.97,8.571428571428571,94.45854730331077,28,8,0,0,62.07999999999987,3.9999999999999716,0,0
0.97,8.571428571428571,94.33810830585209,28,8,0,0,47.76999999999987,0.9999999999999716,0,0
0.97,8.571428571428571,94.25942589066183,28,8,0,0,43,0.0,0,0
0.97,8.571428571428571,94.31210260706473,28,8,0,0,57.31,3.0,0,0
0.97,8.571428571428571,94.3702639497633,29,8,0,0,71.62,6.0,0,0
0.97,8.571428571428571,94.4873608555166,29,8,0,0,85.93,9.0,0,0
0.97,8.571428571428571,94.57737068896516,29,8,0,0,100.24000000000001,12.0,0,0
0.97,8.571428571428571,94.63970915220443,29,8,0,0,114.55000000000001,15.0,0,0
0.97,8.571428571428571,94.7174868942029,29,8,0,0,128.86,18.0,0,0
0.98,8.571428571428571,94.72512264766543,29,8,0,0,143.16999999999996,21.0,0,0
0.98,8.571428571428571,94.8324501248167,29,8,0,0,157.48000000000002,24.0,0,0
0.98,8.571428571428571,94.90494765711489,29,8,0,0,171.79000000000002,27.0,0,0
0.98,8.571428571428571,94.98449157894035,29,8,0,0,186.10000000000002,30.0,0,0
0.98,8.571428571428571,95.07312409994404,29,8,0,0,200.40999999999997,33.0,0,0
0.98,8.571428571428571,95.1191180329655,30,8,0,0,214.71999999999997,36.0,0,0
0.98,8.571428571428571,95.15212790462633,30,8,0,0,229.03000000000003,39.0,0,0
0.98,8.571428571428571,95.15000000155963,30,8,0,0,243.34000000000003,42.00000000000001,0,0
0.98,8.571428571428571,95.11934206323463,30,8,0,0,257.65000000000003,45.00000000000001,0,0
0.98,8.571428571428571,95.19316296725037,30,8,0,0,271.96000000000004,48.00000000000001,0,0
1.00,8.571428571428571,95.2625557731243,30,8,0,0,286.27000000000004,51.00000000000001,0,0
1.00,8.571428571428571,95.30848282224214,30,8,0,0,300.58000000000004,54.00000000000001,0,0
1.00,8.571428571428571,95.35815683657036,30,8,0,0,314.89000000000004,57.000000000000014,0,0
1.00,8.571428571428571,95.44736290115569,30,8,0,0,329.20000000000005,60.00000000000001,0,0
1.00,8.571428571428571,95.4817969239847,30,8,0,0,343.51,63.0,0,0
1.00,8.571428571428571,95.58381132269491,30,8,0,0,357.82,66.0,0,0
1.00,8.571428571428571,95.72030126186523,30,9,0,0,372.13,69.0,0,0
1.00,8.571428571428571,95.86986646848914,30,9,0,0,386.44,72.0,0,0
1.00,8.571428571428571,95.97262036926067,30,9,0,0,400.75,75.0,0,0
1.00,8.571428571428571,96.04973351777139,30,9,0,0,415.06,78.0,0,0
1.02,8.571428571428571,96.1474124918774,30,9,0,0,429.37,81.0,0,0
1.02,8.571428571428571,96.23680164719994,30,9,0,0,443.68,84.0,0,0
1.02,8.571428571428571,96.3071943844483,30,10,0,0,457.99,87.0,0,0
1.02,8.571428571428571,96.4285058870363,30,10,0,0,472.3,90.0,0,0
1.02,8.571428571428571,96.57820290963596,30,10,0,0,486.61,93.0,0,0
1.02,8.571428571428571,96.68518305928862,30,10,0,0,500.92,96.0,0,0
1.02,8.571428571428571,96.75273826951242,30,10,0,0,515.23,99.0,0,0
1.02,8.571428571428571,96.83343296325013,30,10,0,0,520,100.0,0,0
1.02,8.571428571428571,96.7831595004776,30,10,0,0,505.69,97.0,0,0
1.02,8.571428571428571,96.71790163337954,30,10,0,0,491.38,94.0,0,0
1.03,8.571428571428571,96.64002563052112,30,10,0,0,477.07,91.0,0,0
1.03,8.571428571428571,96.55718129121044,31,10,0,0,462.76,88.0,0,0
1.03,8.571428571428571,96.47594206910591,31,10,0,0,448.45,85.0,0,0
1.03,8.571428571428571,96.41247401062891,31,10,0,0,434.14,82.0,0,0
1.03,8.571428571428571,96.3761547800826,31,10,0,0,419.83,79.0,0,0
1.03,8.571428571428571,96.29367645335371,31,10,0,0,405.52,76.0,0,0
1.03,8.571428571428571,96.27074536561054,31,10,0,0,391.21,73.0,0,0
1.03,8.571428571428571,96.15918697890395,31,10,0,0,376.9,70.0,0,0
1.03,8.571428571428571,96.10542564382806,31,10,0,0,362.59000000000003,67.0,0,0
1.03,8.571428571428571,96.03078696401367,31,10,0,0,348.28,63.99999999999999,0,0
1.05,8.571428571428571,96.0115588599606,31,10,0,0,333.96999999999997,60.99999999999999,0,0
1.05,8.571428571428571,95.94618864527676,31,10,0,0,319.65999999999997,57.99999999999999,0,0
1.05,8.571428571428571,95.88770713835488,31,10,0,0,305.34999999999997,54.99999999999999,0,0
1.05,8.571428571428571,95.81244618241031,31,10,0,0,291.03999999999996,51.99999999999999,0,0
1.05,8.571428571428571,95.78305649618875,31,10,0,0,276.7299999999999,48.99999999999998,0,0
1.05,8.571428571428571,95.71061828455028,31,10,0,0,262.4199999999999,45.99999999999997,0,0
1.05,8.571428571428571,95.66950427894446,31,10,0,0,248.10999999999984,42.99999999999997,0,0
1.05,8.571428571428571,95.55617642722254,31,10,0,0,233.79999999999984,39.99999999999997,0,0
1.05,8.571428571428571,95.54877030460901,31,10,0,0,219.48999999999984,36.999999999999964,0,0
1.07,8.571428571428571,95.46958600978748,31,10,0,0,205.1799999999999,33.99999999999997,0,0
1.07,8.571428571428571,95.45790717614511,31,10,0,0,190.8699999999999,30.99999999999997,0,0
1.07,8.571428571428571,95.3860237662085,31,10,0,0,176.55999999999983,27.99999999999997,0,0
1.07,8.571428571428571,95.36323990139019,31,10,0,0,162.24999999999983,24.99999999999997,0,0
1.07,8.571428571428571,95.31599672236267,31,10,0,0,147.93999999999988,21.99999999999997,0,0
1.07,8.571428571428571,95.1993762692199,31,10,0,0,133.62999999999988,18.99999999999997,0,0
1.07,8.571428571428571,95.07813021625815,31,10,0,0,119.31999999999988,15.999999999999972,0,0
1.07,8.571428571428571,94.97664789180332,31,10,0,0,105.00999999999982,12.999999999999972,0,0
1.07,8.571428571428571,94.93750276986015,31,10,0,0,90.69999999999987,9.999999999999972,0,0
1.07,8.571428571428571,94.8590381065723,32,10,0,0,76.38999999999987,6.999999999999972,0,0
1.08,8.571428571428571,94.80043244728878,32,10,0,0,62.07999999999987,3.9999999999999716,0,0
1.08,8.571428571428571,94.7270509289664,32,10,0,0,47.76999999999987,0.9999999999999716,0,0
1.08,8.571428571428571,94.69090201076904,32,10,0,0,43,0.0,0,0
1.08,8.571428571428571,94.67305635621068,32,10,0,0,57.31,3.0,0,0
1.08,8.571428571428571,94.65510386124693,32,10,0,0,71.62,6.0,0,0
1.08,8.571428571428571,94.7216011411387,32,10,0,0,85.93,9.0,0,0
1.08,8.571428571428571,94.80092649811255,32,10,0,0,100.24000000000001,12.0,0,0
1.08,8.571428571428571,94.85505302490049,32,10,0,0,114.55000000000001,15.0,0,0
1.08,8.571428571428571,94.85702896564648,32,10,0,0,128.86,18.0,0,0
1.08,8.571428571428571,94.82638355721718,32,10,0,0,143.16999999999996,21.0,0,0
1.10,8.571428571428571,94.86568004985311,32,10,0,0,157.48000000000002,24.0,0,0
1.10,8.571428571428571,94.95107272785442,32,10,0,0,171.79000000000002,27.0,0,0
1.10,8.571428571428571,94.96755052838012,32,10,0,0,186.10000000000002,30.0,0,0
1.10,8.571428571428571,95.03677628873238,32,10,0,0,200.40999999999997,33.0,0,0
1.10,8.571428571428571,95.07044029647994,32,10,0,0,214.71999999999997,36.0,0,0
1.10,8.571428571428571,95.05356134239466,32,10,0,0,229.03000000000003,39.0,0,0
1.10,8.571428571428571,95.07213479624399,32,10,0,0,243.34000000000003,42.00000000000001,0,0
1.10,8.571428571428571,95.132991480699,32,10,0,0,257.65000000000003,45.00000000000001,0,0
1.10,8.571428571428571,95.19906048844476,32,10,0,0,271.96000000000004,48.00000000000001,0,0
1.10,8.571428571428571,95.32122029098761,32,10,0,0,286.27000000000004,51.00000000000001,0,0
1.12,8.571428571428571,95.3978182773159,32,10,0,0,300.58000000000004,54.00000000000001,0,0
1.12,8.571428571428571,95.4586530284851,32,10,0,0,314.89000000000004,57.000000000000014,0,0
1.12,8.571428571428571,95.49370381036158,32,10,0,0,329.20000000000005,60.00000000000001,0,0
1.12,8.571428571428571,95.6177751330612,32,10,0,0,343.51,63.0,0,0
1.12,8.571428571428571,95.70843698311212,32,10,0,0,357.82,66.0,0,0
1.12,8.571428571428571,95.85133306176255,32,10,0,0,372.13,69.0,0,0
1.12,8.571428571428571,95.91779555617737,32,10,0,0,386.44,72.0,0,0
1.12,8.571428571428571,95.98271354719938,32,10,0,0,400.75,75.0,0,0
1.12,8.571428571428571,96.05506256649744,32,10,0,0,415.06,78.0,0,0
1.12,8.571428571428571,96.1256024593571,32,10,0,0,429.37,81.0,0,0
1.13,8.571428571428571,96.24234058222166,32,10,0,0,443.68,84.0,0,0
1.13,8.571428571428571,96.28747770309701,32,10,0,0,457.99,87.0,0,0
1.13,8.571428571428571,96.4271291297035,32,10,0,0,472.3,90.0,0,0
1.13,8.571428571428571,96.49308677022442,32,10,0,0,486.61,93.0,0,0
1.13,8.571428571428571,96.62620622839073,32,10,0,0,500.92,96.0,0,0
1.13,8.571428571428571,96.76971043340478,32,10,0,0,515.23,99.0,0,0
1.13,8.571428571428571,96.87796490267316,32,10,0,0,520,100.0,0,0
1.13,8.571428571428571,96.86601186570437,32,10,0,0,505.69,97.0,0,0
1.13,8.571428571428571,96.82679269713537,32,10,0,0,491.38,94.0,0,0
1.13,8.571428571428571,96.77669165041787,32,10,0,0,477.07,91.0,0,0
1.15,8.571428571428571,96.7055944562098,32,10,0,0,462.76,88.0,0,0
1.15,8.571428571428571,96.6792381385224,32,10,0,0,448.45,85.0,0,0
1.15,8.571428571428571,96.57800362249047,32,10,0,0,434.14,82.0,0,0
1.15,8.571428571428571,96.49499952231285,32,10,0,0,419.83,79.0,0,0
1.15,8.571428571428571,96.387354412747,32,10,0,0,405.52,76.0,0,0
1.15,8.571428571428571,96.35283133373336,32,10,0,0,391.21,73.0,0,0
1.15,8.571428571428571,96.26672622195828,32,10,0,0,376.9,70.0,0,0
1.15,8.571428571428571,96.20778128897396,32,10,0,0,362.59000000000003,67.0,0,0
1.15,8.571428571428571,96.1326716833841,33,10,0,0,348.28,63.99999999999999,0,0
1.15,8.571428571428571,96.11521514321853,33,10,0,0,333.96999999999997,60.99999999999999,0,0
1.17,8.571428571428571,96.0715982888691,33,10,0,0,319.65999999999997,57.99999999999999,0,0
1.37,8.571428571428571,96.00950083520122,33,10,0,0,305.34999999999997,54.99999999999999,0,0
1.37,8.571428571428571,95.96917707519431,33,10,0,0,291.03999999999996,51.99999999999999,0,0
1.37,8.571428571428571,95.85116599226363,33,10,0,0,276.7299999999999,48.99999999999998,0,0
1.37,8.571428571428571,95.82615503277238,33,10,0,0,262.4199999999999,45.99999999999997,0,0
1.37,8.571428571428571,95.76508599906327,33,10,0,0,248.10999999999984,42.99999999999997,0,0
1.37,8.571428571428571,95.6737426477354,33,10,0,0,233.79999999999984,39.99999999999997,0,0
1.38,8.571428571428571,95.6140866228339,33,10,0,0,219.48999999999984,36.999999999999964,0,0
1.38,8.571428571428571,95.52255898501521,33,10,0,0,205.1799999999999,33.99999999999997,0,0
1.38,8.571428571428571,95.45814325584138,33,10,0,0,190.8699999999999,30.99999999999997,0,0
1.38,8.571428571428571,95.40655527484212,33,10,0,0,176.55999999999983,27.99999999999997,0,0
1.38,8.571428571428571,95.3647344806181,33,10,0,0,162.24999999999983,24.99999999999997,0,0
1.38,8.571428571428571,95.29313128933198,33,10,0,0,147.93999999999988,21.99999999999997,0,0
1.38,8.571428571428571,95.20316799805181,33,10,0,0,133.62999999999988,18.99999999999997,0,0
1.38,8.571428571428571,95.13690585313702,33,10,0,0,119.31999999999988,15.999999999999972,0,0
1.38,8.571428571428571,95.10621184531897,33,10,0,0,105.00999999999982,12.999999999999972,0,0
1.40,8.571428571428571,95.07763789825744,33,10,0,0,90.69999999999987,9.999999999999972,0,0
1.40,8.571428571428571,95.02421359878875,33,10,0,0,76.38999999999987,6.999999999999972,0,0
1.40,8.571428571428571,95.0162679969847,34,10,0,0,62.07999999999987,3.9999999999999716,0,0
1.40,8.571428571428571,94.95465862800016,34,10,0,0,47.76999999999987,0.9999999999999716,0,0
1.40,8.571428571428571,94.9270872792037,34,10,0,0,43,0.0,0,0
1.40,8.571428571428571,94.93525332586724,34,10,0,0,57.31,3.0,0,0
1.40,8.571428571428571,94.97042345514826,34,10,0,0,71.62,6.0,0,0
1.40,8.571428571428571,94.98862570396334,34,10,0,0,85.93,9.0,0,0
1.40,8.571428571428571,94.94899711466024,34,10,0,0,100.24000000000001,12.0,0,0
1.40,8.571428571428571,94.94965464453249,34,10,0,0,114.55000000000001,15.0,0,0
1.42,8.571428571428571,95.00930874471538,34,10,0,0,128.86,18.0,0,0
1.42,8.571428571428571,94.9834482992293,34,10,0,0,143.16999999999996,21.0,0,0
1.42,8.571428571428571,94.95203369552895,35,10,0,0,157.48000000000002,24.0,0,0
1.42,8.571428571428571,95.00247633004601,35,10,0,0,171.79000000000002,27.0,0,0
1.42,8.571428571428571,95.05930797201577,35,10,0,0,186.10000000000002,30.0,0,0
1.42,8.571428571428571,95.08021762633308,35,10,0,0,200.40999999999997,33.0,0,0
1.42,8.571428571428571,95.07667437420554,35,10,0,0,214.71999999999997,36.0,0,0
1.42,8.571428571428571,95.11513248085615,35,10,0,0,229.03000000000003,39.0,0,0
1.42,8.571428571428571,95.07893279189703,35,10,0,0,243.34000000000003,42.00000000000001,0,0
1.42,8.571428571428571,95.16151098800312,35,10,0,0,257.65000000000003,45.00000000000001,0,0
1.43,8.571428571428571,95.17778132288939,35,10,0,0,271.96000000000004,48.00000000000001,0,0
1.43,8.571428571428571,95.30186996820295,35,10,0,0,286.27000000000004,51.00000000000001,0,0
1.43,8.571428571428571,95.43357520979528,35,10,0,0,300.58000000000004,54.00000000000001,0,0
1.43,8.571428571428571,95.47128604075799,35,10,0,0,314.89000000000004,57.000000000000014,0,0
1.43,8.571428571428571,95.60624155781362,35,10,0,0,329.20000000000005,60.00000000000001,0,0
1.43,8.571428571428571,95.6454740257052,35,10,0,0,343.51,63.0,0,0
1.43,8.571428571428571,95.78094626116113,35,10,0,0,357.82,66.0,0,0
1.43,8.571428571428571,95.88755762966045,35,10,0,0,372.13,69.0,0,0
1.43,8.571428571428571,96.02479203950851,35,10,0,0,386.44,72.0,0,0
1.43,8.571428571428571,96.1471576698112,35,10,0,0,400.75,75.0,0,0
1.45,8.571428571428571,96.30052120595074,35,10,0,0,415.06,78.0,0,0
1.45,8.571428571428571,96.4077021885978,35,10,0,0,429.37,81.0,0,0
1.45,8.571428571428571,96.46548052842626,35,10,0,0,443.68,84.0,0,0
1.45,8.571428571428571,96.54551716835255,35,10,0,0,457.99,87.0,0,0
1.45,8.571428571428571,96.576477307314,35,10,0,0,472.3,90.0,0,0
1.45,8.571428571428571,96.63397086274054,36,10,0,0,486.61,93.0,0,0
1.45,8.571428571428571,96.7412525606754,36,10,0,0,500.92,96.0,0,0
1.45,8.571428571428571,96.82489729719398,36,10,0,0,515.23,99.0,0,0
1.45,3.1578947368421053,96.94130659025683,36,10,0,0,520,100.0,0,0
1.45,3.1578947368421053,96.8719511479955,36,10,0,0,505.69,97.0,0,0
1.47,3.1578947368421053,96.8577252815366,36,10,0,0,491.38,94.0,0,0
1.47,3.1578947368421053,96.81240058707877,36,10,0,0,477.07,91.0,0,0
1.47,3.1578947368421053,96.73337075129147,36,10,0,0,462.76,88.0,0,0
1.47,3.1578947368421053,96.6838281513424,36,10,0,0,448.45,85.0,0,0
1.47,3.1578947368421053,96.60974285687088,36,10,0,0,434.14,82.0,0,0
1.47,3.1578947368421053,96.54577690921822,36,10,0,0,419.83,79.0,0,0
1.47,3.1578947368421053,96.45571020519218,36,10,0,0,405.52,76.0,0,0
1.47,3.1578947368421053,96.37384299958458,36,10,0,0,391.21,73.0,0,0
1.47,3.1578947368421053,96.35456543945465,36,10,0,0,376.9,70.0,0,0
1.47,3.1578947368421053,96.3188124589182,36,10,0,0,362.59000000000003,67.0,0,0
1.48,3.1578947368421053,96.26319208226018,36,10,0,0,348.28,63.99999999999999,0,0
1.48,3.1578947368421053,96.2348966825155,36,10,0,0,333.96999999999997,60.99999999999999,0,0
1.48,3.1578947368421053,96.18085625918212,36,10,0,0,319.65999999999997,57.99999999999999,0,0
1.48,3.1578947368421053,96.15336319394746,36,10,0,0,305.34999999999997,54.99999999999999,0,0
1.48,3.1578947368421053,96.10954804851305,36,10,0,0,291.03999999999996,51.99999999999999,0,0
1.48,3.1578947368421053,96.06459984482862,36,10,0,0,276.7299999999999,48.99999999999998,0,0
1.48,3.1578947368421053,96.05095494325637,36,10,0,0,262.4199999999999,45.99999999999997,0,0
1.48,3.1578947368421053,96.01378383041734,36,10,0,0,248.10999999999984,42.99999999999997,0,0
1.48,3.1578947368421053,95.93650683159765,36,10,0,0,233.79999999999984,39.99999999999997,0,0
1.48,3.1578947368421053,95.88009621656613,36,10,0,0,219.48999999999984,36.999999999999964,0,0
1.50,3.1578947368421053,95.83610317470728,36,10,0,0,205.1799999999999,33.99999999999997,0,0
1.50,3.1578947368421053,95.80673242670382,36,10,0,0,190.8699999999999,30.99999999999997,0,0
1.50,3.1578947368421053,95.78307207224806,37,10,0,0,176.55999999999983,27.99999999999997,0,0
1.50,3.1578947368421053,95.72149855808121,37,10,0,0,162.24999999999983,24.99999999999997,0,0
1.50,3.1578947368421053,95.66175350358608,37,10,0,0,147.93999999999988,21.99999999999997,0,0
1.50,3.1578947368421053,95.61529333470048,37,10,0,0,133.62999999999988,18.99999999999997,0,0
1.50,3.1578947368421053,95.57796320488008,37,10,0,0,119.31999999999988,15.999999999999972,0,0
1.50,3.1578947368421053,95.49217596717708,37,10,0,0,105.00999999999982,12.999999999999972,0,0
1.50,3.1578947368421053,95.41917630422323,37,10,0,0,90.69999999999987,9.999999999999972,0,0
1.50,3.1578947368421053,95.34979153584129,37,10,0,0,76.38999999999987,6.999999999999972,0,0
1.52,3.1578947368421053,95.2812470383318,37,10,0,0,62.07999999999987,3.9999999999999716,0,0
1.52,3.1578947368421053,95.2635032507799,37,10,0,0,47.76999999999987,0.9999999999999716,0,0
1.52,3.1578947368421053,95.19215465805851,37,10,0,0,43,0.0,0,0
1.52,3.1578947368421053,95.19865552819302,37,10,0,0,57.31,3.0,0,0
1.52,3.1578947368421053,95.16545335786013,37,10,0,0,71.62,6.0,0,0
1.52,3.1578947368421053,95.17243504140812,37,11,0,0,85.93,9.0,0,0
1.52,3.1578947368421053,95.17927538345143,37,11,0,0,100.24000000000001,12.0,0,0
1.52,3.1578947368421053,95.16780585216414,37,11,0,0,114.55000000000001,15.0,0,0
1.52,3.1578947368421053,95.2030374221546,37,11,0,0,128.86,18.0,0,0
1.53,3.1578947368421053,95.25055931620894,37,11,0,0,143.16999999999996,21.0,0,0
1.53,3.1578947368421053,95.30926964478664,37,11,0,0,157.48000000000002,24.0,0,0
1.53,3.1578947368421053,95.36231420851212,37,11,0,0,171.79000000000002,27.0,0,0
1.53,3.1578947368421053,95.41334582079983,37,11,0,0,186.10000000000002,30.0,0,0
1.53,3.1578947368421053,95.38970227251379,37,11,0,0,200.40999999999997,33.0,0,0
1.53,3.1578947368421053,95.3860271663961,37,11,0,0,214.71999999999997,36.0,0,0
1.53,3.1578947368421053,95.40771782270161,37,11,0,0,229.03000000000003,39.0,0,0
1.53,3.1578947368421053,95.47932741806284,37,11,0,0,243.34000000000003,42.00000000000001,0,0
1.53,3.1578947368421053,95.54090179178148,37,11,0,0,257.65000000000003,45.00000000000001,0,0
1.53,3.1578947368421053,95.55983247883276,38,11,0,0,271.96000000000004,48.00000000000001,0,0
1.55,3.1578947368421053,95.60148648181088,38,11,0,0,286.27000000000004,51.00000000000001,0,0
1.55,3.1578947368421053,95.71919232909812,38,11,0,0,300.58000000000004,54.00000000000001,0,0
1.55,3.1578947368421053,95.85176270176711,38,11,0,0,314.89000000000004,57.000000000000014,0,0
1.55,3.1578947368421053,95.98035106601728,38,11,0,0,329.20000000000005,60.00000000000001,0,0
1.55,3.1578947368421053,96.04286981914024,38,11,0,0,343.51,63.0,0,0
1.55,3.1578947368421053,96.0828314173487,38,11,0,0,357.82,66.0,0,0
1.55,3.1578947368421053,96.19010085559533,39,11,0,0,372.13,69.0,0,0
1.55,3.1578947368421053,96.32631330387204,39,11,0,0,386.44,72.0,0,0
1.55,3.1578947368421053,96.38091788007972,40,11,0,0,400.75,75.0,0,0
1.55,3.1578947368421053,96.45922242547141,40,11,0,0,415.06,78.0,0,0
1.57,3.1578947368421053,96.57133670024032,40,11,0,0,429.37,81.0,0,0
1.57,3.1578947368421053,96.67158717995393,40,11,0,0,443.68,84.0,0,0
1.57,3.1578947368421053,96.74445212499735,40,11,0,0,457.99,87.0,0,0
1.57,3.1578947368421053,96.80137246082465,40,11,0,0,472.3,90.0,0,0
1.57,3.1578947368421053,96.91689299873876,40,11,0,0,486.61,93.0,0,0
1.57,3.1578947368421053,96.99156778212841,40,11,0,0,500.92,96.0,0,0
1.57,3.1578947368421053,97.04979522887236,40,11,0,0,515.23,99.0,0,0
1.57,8.571428571428571,97.14689109156548,40,11,0,0,520,100.0,0,0
1.57,8.571428571428571,97.10977694349995,40,11,0,0,505.69,97.0,0,0
1.57,8.571428571428571,97.05900882075409,40,11,0,0,491.38,94.0,0,0
1.58,8.571428571428571,97.01724794850381,40,11,0,0,477.07,91.0,0,0
1.58,8.571428571428571,96.97203753931801,40,11,0,0,462.76,88.0,0,0
1.58,8.571428571428571,96.94537809105266,40,11,0,0,448.45,85.0,0,0
1.58,8.571428571428571,96.90735601452279,40,11,0,0,434.14,82.0,0,0
1.58,8.571428571428571,96.81904996536899,40,11,0,0,419.83,79.0,0,0
1.58,8.571428571428571,96.76839268559092,40,11,0,0,405.52,76.0,0,0
1.58,8.571428571428571,96.73121292595323,40,11,0,0,391.21,73.0,0,0
1.58,8.571428571428571,96.69489073930198,40,12,0,0,376.9,70.0,0,0
1.58,8.571428571428571,96.62902528608478,40,12,0,0,362.59000000000003,67.0,0,0
1.58,8.571428571428571,96.54691784101388,40,12,0,0,348.28,63.99999999999999,0,0
1.60,8.571428571428571,96.49187964189248,40,12,0,0,333.96999999999997,60.99999999999999,0,0
1.60,8.571428571428571,96.45529589056375,40,12,0,0,319.65999999999997,57.99999999999999,0,0
1.60,8.571428571428571,96.40696492396103,40,12,0,0,305.34999999999997,54.99999999999999,0,0
1.60,8.571428571428571,96.35607746114769,40,12,0,0,291.03999999999996,51.99999999999999,0,0
1.60,8.571428571428571,96.27036612832613,40,12,0,0,276.7299999999999,48.99999999999998,0,0
1.60,8.571428571428571,96.21672431722091,40,12,0,0,262.4199999999999,45.99999999999997,0,0
1.60,8.571428571428571,96.16917138063806,40,12,0,0,248.10999999999984,42.99999999999997,0,0
1.60,8.571428571428571,96.09857217852183,40,12,0,0,233.79999999999984,39.99999999999997,0,0
1.60,8.571428571428571,96.02091282140645,40,12,0,0,219.48999999999984,36.999999999999964,0,0
1.60,8.571428571428571,95.98459285613812,40,12,0,0,205.1799999999999,33.99999999999997,0,0
1.62,8.571428571428571,95.92916964719058,40,12,0,0,190.8699999999999,30.99999999999997,0,0
1.62,8.571428571428571,95.86574570625471,40,12,0,0,176.55999999999983,27.99999999999997,0,0
1.62,8.571428571428571,95.81077531992372,40,12,0,0,162.24999999999983,24.99999999999997,0,0
1.62,8.571428571428571,95.7471573284983,40,12,0,0,147.93999999999988,21.99999999999997,0,0
1.62,8.571428571428571,95.71972445153789,40,12,0,0,133.62999999999988,18.99999999999997,0,0
1.62,8.571428571428571,95.64657477120186,40,12,0,0,119.31999999999988,15.999999999999972,0,0
1.87,8.571428571428571,95.55983453777276,40,12,0,0,105.00999999999982,12.999999999999972,0,0
1.87,8.571428571428571,95.52233441734144,40,12,0,0,90.69999999999987,9.999999999999972,0,0
1.87,8.571428571428571,95.44298583581983,40,12,0,0,76.38999999999987,6.999999999999972,0,0
1.87,8.571428571428571,95.39445153169933,40,12,0,0,62.07999999999987,3.9999999999999716,0,0
1.87,8.571428571428571,95.3469565810621,40,12,0,0,47.76999999999987,0.9999999999999716,0,0
1.87,8.571428571428571,95.30684713322594,40,12,0,0,43,0.0,0,0
1.87,8.571428571428571,95.33697075286776,40,12,0,0,57.31,3.0,0,0
1.87,8.571428571428571,95.35404479591163,40,12,0,0,71.62,6.0,0,0
1.87,8.571428571428571,95.355161651274,40,12,0,0,85.93,9.0,0,0
1.88,8.571428571428571,95.3710895397097,40,12,0,0,100.24000000000001,12.0,0,0
1.88,8.571428571428571,95.4002637310524,40,12,0,0,114.55000000000001,15.0,0,0
1.88,8.571428571428571,95.42981416316177,40,12,0,0,128.86,18.0,0,0
1.88,8.571428571428571,95.4519620513128,40,12,0,0,143.16999999999996,21.0,0,0
1.88,8.571428571428571,95.48784306656097,40,12,0,0,157.48000000000002,24.0,0,0
1.88,8.571428571428571,95.47476750898956,40,12,0,0,171.79000000000002,27.0,0,0
1.88,8.571428571428571,95.50271120669514,40,12,0,0,186.10000000000002,30.0,0,0
1.88,8.571428571428571,95.49849374584645,40,12,0,0,200.40999999999997,33.0,0,0
1.88,8.571428571428571,95.53624543243751,40,12,0,0,214.71999999999997,36.0,0,0
1.88,8.571428571428571,95.53965469073053,40,12,0,0,229.03000000000003,39.0,0,0
1.90,8.571428571428571,95.57560372741597,40,12,0,0,243.34000000000003,42.00000000000001,0,0
1.90,8.571428571428571,95.56758937270638,40,12,0,0,257.65000000000003,45.00000000000001,0,0
1.90,8.571428571428571,95.55111846544024,40,12,0,0,271.96000000000004,48.00000000000001,0,0
1.90,8.571428571428571,95.62514043377986,40,12,0,0,286.27000000000004,51.00000000000001,0,0
1.90,8.571428571428571,95.7201512433511,40,12,0,0,300.58000000000004,54.00000000000001,0,0
1.90,8.571428571428571,95.82639086880975,40,12,0,0,314.89000000000004,57.000000000000014,0,0
1.90,8.571428571428571,95.93100270760549,40,12,0,0,329.20000000000005,60.00000000000001,0,0
1.90,8.571428571428571,96.01130691750453,40,12,0,0,343.51,63.0,0,0
1.90,8.571428571428571,96.06091492748968,40,12,0,0,357.82,66.0,0,0
1.90,8.571428571428571,96.1730035484359,40,12,0,0,372.13,69.0,0,0
1.92,8.571428571428571,96.2681618352516,40,12,0,0,386.44,72.0,0,0
1.92,8.571428571428571,96.33879281747924,40,12,0,0,400.75,75.0,0,0
1.92,8.571428571428571,96.42229413345152,40,12,0,0,415.06,78.0,0,0
1.92,8.571428571428571,96.50239933828537,40,12,0,0,429.37,81.0,0,0
1.92,8.571428571428571,96.62101894190717,40,12,0,0,443.68,84.0,0,0
1.92,8.571428571428571,96.69949512445459,41,12,0,0,457.99,87.0,0,0
1.92,8.571428571428571,96.75819213580687,41,12,0,0,472.3,90.0,0,0
1.92,8.571428571428571,96.82876189458077,41,12,0,0,486.61,93.0,0,0
1.92,8.571428571428571,96.84779923142817,41,12,0,0,500.92,96.0,0,0
1.92,8.571428571428571,96.89333833914758,41,12,0,0,515.23,99.0,0,0
1.93,2.857142857142857,96.96950994401998,41,12,0,0,520,100.0,0,0
1.93,2.857142857142857,96.91521314471201,41,12,0,0,505.69,97.0,0,0
1.93,2.857142857142857,96.87105043450055,41,12,0,0,491.38,94.0,0,0
1.93,2.857142857142857,96.82336427448234,41,12,0,0,477.07,91.0,0,0
1.93,2.857142857142857,96.75767070609136,41,12,0,0,462.76,88.0,0,0
1.93,2.857142857142857,96.68008184115416,41,12,0,0,448.45,85.0,0,0
1.93,2.857142857142857,96.64383155114938,41,12,0,0,434.14,82.0,0,0
1.93,2.857142857142857,96.62602780501219,41,12,0,0,419.83,79.0,0,0
1.93,2.857142857142857,96.56453206224114,41,12,0,0,405.52,76.0,0,0
1.93,2.857142857142857,96.5063401321963,41,12,0,0,391.21,73.0,0,0
1.95,2.857142857142857,96.46745646381413,41,12,0,0,376.9,70.0,0,0
1.95,2.857142857142857,96.40778669670874,41,12,0,0,362.59000000000003,67.0,0,0
1.95,2.857142857142857,96.38763743237934,41,12,0,0,348.28,63.99999999999999,0,0
1.95,2.857142857142857,96.31949382231673,41,12,0,0,333.96999999999997,60.99999999999999,0,0
1.95,2.857142857142857,96.24366216669716,41,12,0,0,319.65999999999997,57.99999999999999,0,0
1.95,2.857142857142857,96.21554547506481,41,12,0,0,305.34999999999997,54.99999999999999,0,0
1.95,2.857142857142857,96.16716471473353,41,12,0,0,291.03999999999996,51.99999999999999,0,0
1.95,2.857142857142857,96.1153784356066,41,12,0,0,276.7299999999999,48.99999999999998,0,0
1.95,2.857142857142857,96.08122990917435,41,12,0,0,262.4199999999999,45.99999999999997,0,0
1.95,2.857142857142857,96.04835998511899,41,12,0,0,248.10999999999984,42.99999999999997,0,0
1.97,2.857142857142857,95.99307654984922,41,12,0,0,233.79999999999984,39.99999999999997,0,0
1.97,2.857142857142857,95.94650338850008,41,12,0,0,219.48999999999984,36.999999999999964,0,0
1.97,2.857142857142857,95.87474800600893,41,12,0,0,205.1799999999999,33.99999999999997,0,0
1.97,2.857142857142857,95.84626560671869,41,12,0,0,190.8699999999999,30.99999999999997,0,0
1.97,2.857142857142857,95.82152465159342,41,12,0,0,176.55999999999983,27.99999999999997,0,0
1.97,2.857142857142857,95.7648987754928,41,12,0,0,162.24999999999983,24.99999999999997,0,0
1.97,2.857142857142857,95.72610054338452,41,12,0,0,147.93999999999988,21.99999999999997,0,0
1.97,2.857142857142857,95.70252240857656,41,12,0,0,133.62999999999988,18.99999999999997,0,0
1.97,2.857142857142857,95.651440195303,41,12,0,0,119.31999999999988,15.999999999999972,0,0
1.97,2.857142857142857,95.56849027520667,41,12,0,0,105.00999999999982,12.999999999999972,0,0
1.98,2.857142857142857,95.5226799843546,41,12,0,0,90.69999999999987,9.999999999999972,0,0
1.98,2.857142857142857,95.44595674918762,41,12,0,0,76.38999999999987,6.999999999999972,0,0
1.98,2.857142857142857,95.37731284794376,41,12,0,0,62.07999999999987,3.9999999999999716,0,0
1.98,2.857142857142857,95.36245580551987,41,12,0,0,47.76999999999987,0.9999999999999716,0,0
1.98,2.857142857142857,95.33086917477314,41,12,0,0,43,0.0,0,0
1.98,2.857142857142857,95.35480489101516,41,12,0,0,57.31,3.0,0,0
1.98,2.857142857142857,95.3735815830636,41,12,0,0,71.62,6.0,0,0
1.98,2.857142857142857,95.36031442292418,41,12,0,0,85.93,9.0,0,0
1.98,2.857142857142857,95.40022382122044,41,12,0,0,100.24000000000001,12.0,0,0
1.98,2.857142857142857,95.40531876394812,41,12,0,0,114.55000000000001,15.0,0,0
2.00,2.857142857142857,95.41551525236628,41,12,0,0,128.86,18.0,0,0
2.00,2.857142857142857,95.44765016817162,41,12,0,0,143.16999999999996,21.0,0,0
2.00,2.857142857142857,95.47265123465493,41,12,0,0,157.48000000000002,24.0,0,0
2.00,2.857142857142857,95.46924728479591,41,12,0,0,171.79000000000002,27.0,0,0
2.00,2.857142857142857,95.47086654544995,41,12,0,0,186.10000000000002,30.0,0,0
2.00,2.857142857142857,95.48703433762122,42,12,0,0,200.40999999999997,33.0,0,0
2.00,2.857142857142857,95.49700816475134,42,12,0,0,214.71999999999997,36.0,0,0
2.00,2.857142857142857,95.523014586275,42,12,0,0,229.03000000000003,39.0,0,0
2.00,2.857142857142857,95.52148580723971,42,12,0,0,243.34000000000003,42.00000000000001,0,0
2.00,2.857142857142857,95.55414490371827,42,12,0,0,257.65000000000003,45.00000000000001,0,0
2.02,2.857142857142857,95.55663882721706,42,12,0,0,271.96000000000004,48.00000000000001,0,0
2.02,2.857142857142857,95.57890300606728,42,12,0,0,286.27000000000004,51.00000000000001,0,0
2.02,2.857142857142857,95.68660505776121,42,12,0,0,300.58000000000004,54.00000000000001,0,0
2.02,2.857142857142857,95.73739599929041,42,12,0,0,314.89000000000004,57.000000000000014,0,0
2.02,2.857142857142857,95.83310856497685,42,12,0,0,329.20000000000005,60.00000000000001,0,0
2.02,2.857142857142857,95.8770821715894,42,12,0,0,343.51,63.0,0,0
2.02,2.857142857142857,95.92916458585809,42,12,0,0,357.82,66.0,0,0
2.02,2.857142857142857,96.00890463187191,42,12,0,0,372.13,69.0,0,0
2.02,2.857142857142857,96.05030793861762,42,12,0,0,386.44,72.0,0,0
2.02,2.857142857142857,96.11473551091686,42,12,0,0,400.75,75.0,0,0
2.03,2.857142857142857,96.22286370247195,43,12,0,0,415.06,78.0,0,0
2.03,2.857142857142857,96.34300161178169,43,12,0,0,429.37,81.0,0,0
2.03,2.857142857142857,96.45332729449807,43,12,0,0,443.68,84.0,0,0
2.03,2.857142857142857,96.55125390271718,43,12,0,0,457.99,87.0,0,0
2.03,2.857142857142857,96.61622364079531,43,12,0,0,472.3,90.0,0,0
2.03,2.857142857142857,96.73616080574156,43,12,0,0,486.61,93.0,0,0
2.03,2.857142857142857,96.79389391268265,43,12,0,0,500.92,96.0,0,0
2.03,2.857142857142857,96.88530361207137,43,12,0,0,515.23,99.0,0,0
2.03,8.571428571428571,96.99858754435391,43,12,0,0,520,100.0,0,0
2.03,8.571428571428571,96.95554387875376,43,12,0,0,505.69,97.0,0,0
2.05,8.571428571428571,96.89836420009621,43,12,0,0,491.38,94.0,0,0
2.05,8.571428571428571,96.88026393418323,43,12,0,0,477.07,91.0,0,0
2.05,8.571428571428571,96.85201752646957,43,12,0,0,462.76,88.0,0,0
2.05,8.571428571428571,96.80767670558996,43,12,0,0,448.45,85.0,0,0
2.05,8.571428571428571,96.76462859592426,43,12,0,0,434.14,82.0,0,0
2.05,8.571428571428571,96.7041337720844,43,12,0,0,419.83,79.0,0,0
2.05,8.571428571428571,96.66580615059152,43,12,0,0,405.52,76.0,0,0
2.05,8.571428571428571,96.61904616917853,43,12,0,0,391.21,73.0,0,0
2.05,8.571428571428571,96.5877221631726,43,12,0,0,376.9,70.0,0,0
2.05,8.571428571428571,96.55205389088854,43,12,0,0,362.59000000000003,67.0,0,0
2.07,8.571428571428571,96.52723144379742,43,12,0,0,348.28,63.99999999999999,0,0
2.07,8.571428571428571,96.51432914434707,43,12,0,0,333.96999999999997,60.99999999999999,0,0
2.07,8.571428571428571,96.49299009883455,43,12,0,0,319.65999999999997,57.99999999999999,0,0
2.07,8.571428571428571,96.45793280476681,43,12,0,0,305.34999999999997,54.99999999999999,0,0
2.07,8.571428571428571,96.43036374008486,43,12,0,0,291.03999999999996,51.99999999999999,0,0
2.07,8.571428571428571,96.41688398770495,43,12,0,0,276.7299999999999,48.99999999999998,0,0
2.07,8.571428571428571,96.40408588620141,43,12,0,0,262.4199999999999,45.99999999999997,0,0
2.07,8.571428571428571,96.37982369351013,43,12,0,0,248.10999999999984,42.99999999999997,0,0
2.07,8.571428571428571,96.3377991131944,43,12,0,0,233.79999999999984,39.99999999999997,0,0
2.07,8.571428571428571,96.3031677139916,43,12,0,0,219.48999999999984,36.999999999999964,0,0
2.08,8.571428571428571,96.24885571942376,43,12,0,0,205.1799999999999,33.99999999999997,0,0
2.08,8.571428571428571,96.19526973298223,43,12,0,0,190.8699999999999,30.99999999999997,0,0
2.08,8.571428571428571,96.15677941768219,43,12,0,0,176.55999999999983,27.99999999999997,0,0
2.08,8.571428571428571,96.09039430788893,43,12,0,0,162.24999999999983,24.99999999999997,0,0
2.08,8.571428571428571,96.0754366528508,43,12,0,0,147.93999999999988,21.99999999999997,0,0
2.08,8.571428571428571,96.0250525745101,43,12,0,0,133.62999999999988,18.99999999999997,0,0
2.08,8.571428571428571,96.00238778964304,43,12,0,0,119.31999999999988,15.999999999999972,0,0
2.08,8.571428571428571,95.97103290206124,43,12,0,0,105.00999999999982,12.999999999999972,0,0
2.08,8.571428571428571,95.9213860464741,43,12,0,0,90.69999999999987,9.999999999999972,0,0
2.08,8.571428571428571,95.9045071826454,43,12,0,0,76.38999999999987,6.999999999999972,0,0
2.10,8.571428571428571,95.83810879177864,43,12,0,0,62.07999999999987,3.9999999999999716,0,0
2.10,8.571428571428571,95.7785737338965,43,12,0,0,47.76999999999987,0.9999999999999716,0,0
2.10,8.571428571428571,95.71504335102128,43,12,0,0,43,0.0,0,0
2.10,8.571428571428571,95.77597435406027,44,12,0,0,57.31,3.0,0,0
2.10,8.571428571428571,95.82879769038044,44,12,0,0,71.62,6.0,0,0
2.10,8.571428571428571,95.8327288606187,45,12,0,0,85.93,9.0,0,0
2.10,8.571428571428571,95.82841701377666,45,12,0,0,100.24000000000001,12.0,0,0
2.10,8.571428571428571,95.87291494678672,45,12,0,0,114.55000000000001,15.0,0,0
2.10,8.571428571428571,95.89746795000684,45,12,0,0,128.86,18.0,0,0
2.10,8.571428571428571,95.90378996586531,45,12,0,0,143.16999999999996,21.0,0,0
2.12,8.571428571428571,95.90959439849942,45,12,0,0,157.48000000000002,24.0,0,0
2.12,8.571428571428571,95.9471154723835,45,12,0,0,171.79000000000002,27.0,0,0
2.12,8.571428571428571,95.97162190357827,45,12,0,0,186.10000000000002,30.0,0,0
2.12,8.571428571428571,95.96317017478187,45,12,0,0,200.40999999999997,33.0,0,0
2.12,8.571428571428571,95.99238829495602,45,12,0,0,214.71999999999997,36.0,0,0
2.12,8.571428571428571,95.9720404805184,45,12,0,0,229.03000000000003,39.0,0,0
2.12,8.571428571428571,95.98772806695243,45,12,0,0,243.34000000000003,42.00000000000001,0,0
2.12,8.571428571428571,96.01644843306899,45,12,0,0,257.65000000000003,45.00000000000001,0,0
2.12,8.571428571428571,96.01917747004202,45,12,0,0,271.96000000000004,48.00000000000001,0,0
2.12,8.571428571428571,96.06377947483863,45,12,0,0,286.27000000000004,51.00000000000001,0,0
2.13,8.571428571428571,96.16282728277464,45,12,0,0,300.58000000000004,54.00000000000001,0,0
2.13,8.571428571428571,96.19860253073077,45,12,0,0,314.89000000000004,57.000000000000014,0,0
2.13,8.571428571428571,96.23331404075228,45,12,0,0,329.20000000000005,60.00000000000001,0,0
2.13,8.571428571428571,96.31558968576117,45,12,0,0,343.51,63.0,0,0
2.13,8.571428571428571,96.35226976599026,45,12,0,0,357.82,66.0,0,0
2.13,8.571428571428571,96.46181733216748,45,12,0,0,372.13,69.0,0,0
2.13,8.571428571428571,96.4904327918997,46,12,0,0,386.44,72.0,0,0
2.13,8.571428571428571,96.57026761815412,46,12,0,0,400.75,75.0,0,0
2.13,8.571428571428571,96.61621373166977,46,12,0,0,415.06,78.0,0,0
2.13,8.571428571428571,96.65083726068974,46,12,0,0,429.37,81.0,0,0
2.15,8.571428571428571,96.72626373086747,46,12,0,0,443.68,84.0,0,0
2.15,8.571428571428571,96.82676285353088,46,12,0,0,457.99,87.0,0,0
2.15,8.571428571428571,96.93139065704398,46,12,0,0,472.3,90.0,0,0
2.15,8.571428571428571,96.97170866413303,46,12,0,0,486.61,93.0,0,0
2.15,8.571428571428571,97.05417901481904,46,12,0,0,500.92,96.0,0,0
2.15,8.571428571428571,97.1437253799109,46,12,0,0,515.23,99.0,0,0
2.15,8.571428571428571,97.18293960284554,46,12,0,0,520,100.0,0,0
2.15,8.571428571428571,97.12225413231783,46,12,0,0,505.69,97.0,0,0
2.15,8.571428571428571,97.06261892931104,46,12,0,0,491.38,94.0,0,0
2.15,8.571428571428571,97.03643252204257,46,12,0,0,477.07,91.0,0,0
2.17,8.571428571428571,96.99932275158605,47,12,0,0,462.76,88.0,0,0
2.17,8.571428571428571,96.9779839795273,47,12,0,0,448.45,85.0,0,0
2.17,8.571428571428571,96.93482825512962,47,12,0,0,434.14,82.0,0,0
2.92,8.571428571428571,96.90845840299434,48,12,0,0,419.83,79.0,0,0
2.92,8.571428571428571,96.86264697837346,48,12,0,0,405.52,76.0,0,0
2.92,8.571428571428571,96.80952796177044,48,12,0,0,391.21,73.0,0,0
2.92,8.571428571428571,96.76338659926728,48,12,0,0,376.9,70.0,0,0
2.93,8.571428571428571,96.74870309790913,48,12,0,0,362.59000000000003,67.0,0,0
2.93,8.571428571428571,96.71983349229914,48,12,0,0,348.28,63.99999999999999,0,0
2.93,8.571428571428571,96.67842109434454,48,12,0,0,333.96999999999997,60.99999999999999,0,0
2.93,8.571428571428571,96.61469186643225,48,12,0,0,319.65999999999997,57.99999999999999,0,0
2.93,8.571428571428571,96.57164338617507,48,12,0,0,305.34999999999997,54.99999999999999,0,0
2.93,8.571428571428571,96.51166565939212,48,12,0,0,291.03999999999996,51.99999999999999,0,0
2.93,8.571428571428571,96.47862924266965,48,12,0,0,276.7299999999999,48.99999999999998,0,0
2.93,8.571428571428571,96.471072518409,48,12,0,0,262.4199999999999,45.99999999999997,0,0
2.93,8.571428571428571,96.4301013765462,48,12,0,0,248.10999999999984,42.99999999999997,0,0
2.93,8.571428571428571,96.40685846385787,48,12,0,0,233.79999999999984,39.99999999999997,0,0
2.95,8.571428571428571,96.3520696210216,48,12,0,0,219.48999999999984,36.999999999999964,0,0
2.95,8.571428571428571,96.34200970626799,48,12,0,0,205.1799999999999,33.99999999999997,0,0
2.95,8.571428571428571,96.30109939891146,48,12,0,0,190.8699999999999,30.99999999999997,0,0
2.95,8.571428571428571,96.24278211097467,48,12,0,0,176.55999999999983,27.99999999999997,0,0
2.95,8.571428571428571,96.18544637826513,48,12,0,0,162.24999999999983,24.99999999999997,0,0
2.95,8.571428571428571,96.11291143558647,48,12,0,0,147.93999999999988,21.99999999999997,0,0
2.95,8.571428571428571,96.09327796806329,48,12,0,0,133.62999999999988,18.99999999999997,0,0
2.95,8.571428571428571,96.04027422329587,48,12,0,0,119.31999999999988,15.999999999999972,0,0
2.95,8.571428571428571,96.00641092454357,48,12,0,0,105.00999999999982,12.999999999999972,0,0
2.95,8.571428571428571,95.98570893163193,48,12,0,0,90.69999999999987,9.999999999999972,0,0
2.97,8.571428571428571,95.93161881363459,48,12,0,0,76.38999999999987,6.999999999999972,0,0
2.97,8.571428571428571,95.89488758557314,48,12,0,0,62.07999999999987,3.9999999999999716,0,0
2.97,8.571428571428571,95.8780589426889,48,12,0,0,47.76999999999987,0.9999999999999716,0,0
2.97,8.571428571428571,95.84463877143874,48,12,0,0,43,0.0,0,0
2.97,8.571428571428571,95.91324971375776,48,12,0,0,57.31,3.0,0,0
2.97,8.571428571428571,95.95696343159777,48,12,0,0,71.62,6.0,0,0
2.97,8.571428571428571,95.96093065231997,48,12,0,0,85.93,9.0,0,0
2.97,8.571428571428571,95.98924793749117,48,12,0,0,100.24000000000001,12.0,0,0
2.98,8.571428571428571,95.98821099024842,48,12,0,0,114.55000000000001,15.0,0,0
3.00,8.571428571428571,96.04058531476151,48,12,0,0,128.86,18.0,0,0
3.00,8.571428571428571,96.06004905360152,48,12,0,0,143.16999999999996,21.0,0,0
3.00,8.571428571428571,96.0734149071591,48,12,0,0,157.48000000000002,24.0,0,0
3.00,8.571428571428571,96.07573286299919,48,12,0,0,171.79000000000002,27.0,0,0
3.00,8.571428571428571,96.04771079108099,48,12,0,0,186.10000000000002,30.0,0,0
3.00,8.571428571428571,96.05111665419753,48,12,0,0,200.40999999999997,33.0,0,0
3.00,8.571428571428571,96.04795444036623,48,12,0,0,214.71999999999997,36.0,0,0
3.00,8.571428571428571,96.07857842920063,48,12,0,0,229.03000000000003,39.0,0,0
3.02,8.571428571428571,96.12797701985045,48,12,0,0,243.34000000000003,42.00000000000001,0,0
3.02,8.571428571428571,96.13993099833843,48,12,0,0,257.65000000000003,45.00000000000001,0,0
3.03,8.571428571428571,96.17156644982902,48,12,0,0,271.96000000000004,48.00000000000001,0,0
3.03,8.571428571428571,96.23619496823083,48,12,0,0,286.27000000000004,51.00000000000001,0,0
3.03,8.571428571428571,96.27333048003862,48,12,0,0,300.58000000000004,54.00000000000001,0,0
3.03,8.571428571428571,96.3253070538775,48,12,0,0,314.89000000000004,57.000000000000014,0,0
3.03,8.571428571428571,96.40062993501833,48,12,0,0,329.20000000000005,60.00000000000001,0,0
3.03,8.571428571428571,96.41273513631957,48,12,0,0,343.51,63.0,0,0
3.05,8.571428571428571,96.47407872862033,49,12,0,0,357.82,66.0,0,0
3.05,8.571428571428571,96.55591349831509,49,12,0,0,372.13,69.0,0,0
3.05,8.571428571428571,96.56689065568578,49,12,0,0,386.44,72.0,0,0
3.05,8.571428571428571,96.62076440720517,49,12,0,0,400.75,75.0,0,0
3.05,8.571428571428571,96.6612651952192,49,12,0,0,415.06,78.0,0,0
3.05,8.571428571428571,96.71434196962969,49,12,0,0,429.37,81.0,0,0
3.05,8.571428571428571,96.79580734545789,49,12,0,0,443.68,84.0,0,0
3.05,8.571428571428571,96.90513818416966,49,12,0,0,457.99,87.0,0,0
3.05,8.571428571428571,96.96264509997214,49,12,0,0,472.3,90.0,0,0
3.05,8.571428571428571,96.99004902394807,50,12,0,0,486.61,93.0,0,0
3.07,8.571428571428571,97.0732645017865,50,12,0,0,500.92,96.0,0,0
3.07,8.571428571428571,97.10342814938515,50,12,0,0,515.23,99.0,0,0
3.07,1.0909090909090908,97.21369805289797,50,12,0,0,520,100.0,0,0
3.07,1.0909090909090908,97.16615364613757,50,12,0,0,505.69,97.0,0,0
3.07,1.0909090909090908,97.11513356146713,50,12,0,0,491.38,94.0,0,0
3.07,1.0909090909090908,97.0692264961557,50,12,0,0,477.07,91.0,0,0
3.07,1.0909090909090908,97.01416899608161,50,12,0,0,462.76,88.0,0,0
3.07,1.0909090909090908,96.96599907738673,51,12,0,0,448.45,85.0,0,0
3.07,1.0909090909090908,96.91168909033712,51,12,0,0,434.14,82.0,0,0
3.08,1.0909090909090908,96.8826685793452,51,12,0,0,419.83,79.0,0,0
3.08,1.0909090909090908,96.84674962597957,51,12,0,0,405.52,76.0,0,0
3.08,1.0909090909090908,96.83804690085059,51,12,0,0,391.21,73.0,0,0
3.08,1.0909090909090908,96.80303883304705,51,12,0,0,376.9,70.0,0,0
3.08,1.0909090909090908,96.76258685448352,51,12,0,0,362.59000000000003,67.0,0,0
3.08,1.0909090909090908,96.75355382113874,51,12,0,0,348.28,63.99999999999999,0,0
3.08,1.0909090909090908,96.73175252794319,52,12,0,0,333.96999999999997,60.99999999999999,0,0
3.08,1.0909090909090908,96.66272761091761,52,12,0,0,319.65999999999997,57.99999999999999,0,0
3.08,1.0909090909090908,96.60432719415752,52,12,0,0,305.34999999999997,54.99999999999999,0,0
3.08,1.0909090909090908,96.54617830697401,52,12,0,0,291.03999999999996,51.99999999999999,0,0
3.10,1.0909090909090908,96.506732595099,52,12,0,0,276.7299999999999,48.99999999999998,0,0
3.10,1.0909090909090908,96.45902809551039,52,12,0,0,262.4199999999999,45.99999999999997,0,0
3.10,1.0909090909090908,96.41597225599483,52,12,0,0,248.10999999999984,42.99999999999997,0,0
3.10,1.0909090909090908,96.39035697769862,52,12,0,0,233.79999999999984,39.99999999999997,0,0
3.10,1.0909090909090908,96.34341975776016,52,12,0,0,219.48999999999984,36.999999999999964,0,0
3.10,1.0909090909090908,96.32794250144295,52,12,0,0,205.1799999999999,33.99999999999997,0,0
3.10,1.0909090909090908,96.30524737230132,52,12,0,0,190.8699999999999,30.99999999999997,0,0
3.10,1.0909090909090908,96.26700704307453,52,12,0,0,176.55999999999983,27.99999999999997,0,0
3.10,1.0909090909090908,96.21148864358939,52,12,0,0,162.24999999999983,24.99999999999997,0,0
3.12,1.0909090909090908,96.16698290952839,52,12,0,0,147.93999999999988,21.99999999999997,0,0
3.12,1.0909090909090908,96.12929558331145,52,12,0,0,133.62999999999988,18.99999999999997,0,0
3.12,1.0909090909090908,96.08452533175024,52,12,0,0,119.31999999999988,15.999999999999972,0,0
3.12,1.0909090909090908,96.05880482829623,52,12,0,0,105.00999999999982,12.999999999999972,0,0
3.12,1.0909090909090908,96.02816852623853,52,12,0,0,90.69999999999987,9.999999999999972,0,0
3.12,1.0909090909090908,96.00137492995326,52,12,0,0,76.38999999999987,6.999999999999972,0,0
3.12,1.0909090909090908,95.95168931411237,52,12,0,0,62.07999999999987,3.9999999999999716,0,0
3.12,1.0909090909090908,95.90047167133723,52,12,0,0,47.76999999999987,0.9999999999999716,0,0
3.12,1.0909090909090908,95.8834836090552,52,12,0,0,43,0.0,0,0
3.12,1.0909090909090908,95.92350342712005,52,12,0,0,57.31,3.0,0,0
3.12,1.0909090909090908,95.94245768091662,52,12,0,0,71.62,6.0,0,0
3.13,1.0909090909090908,95.9648103585606,52,12,0,0,85.93,9.0,0,0
3.13,1.0909090909090908,95.98345291073217,52,12,0,0,100.24000000000001,12.0,0,0
3.13,1.0909090909090908,96.02334453582804,52,12,0,0,114.55000000000001,15.0,0,0
3.13,1.0909090909090908,95.99494676104572,52,12,0,0,128.86,18.0,0,0
3.45,1.0909090909090908,95.9742206711321,52,12,0,0,143.16999999999996,21.0,0,0
3.45,1.0909090909090908,95.99306126602944,52,12,0,0,157.48000000000002,24.0,0,0
3.45,1.0909090909090908,95.98925437542461,52,12,0,0,171.79000000000002,27.0,0,0
3.47,1.0909090909090908,96.01694167457572,52,12,0,0,186.10000000000002,30.0,0,0
3.47,1.0909090909090908,96.0454195445466,52,12,0,0,200.40999999999997,33.0,0,0
3.47,1.0909090909090908,96.09555570077667,52,12,0,0,214.71999999999997,36.0,0,0
3.47,1.0909090909090908,96.08893306316261,52,12,0,0,229.03000000000003,39.0,0,0
3.47,1.0909090909090908,96.09797035820613,52,12,0,0,243.34000000000003,42.00000000000001,0,0
3.47,1.0909090909090908,96.11300148391594,52,12,0,0,257.65000000000003,45.00000000000001,0,0
3.47,1.0909090909090908,96.13029208816157,52,12,0,0,271.96000000000004,48.00000000000001,0,0
3.47,1.0909090909090908,96.19991999925517,52,12,0,0,286.27000000000004,51.00000000000001,0,0
3.47,1.0909090909090908,96.20456045325659,52,12,0,0,300.58000000000004,54.00000000000001,0,0
3.47,1.0909090909090908,96.25618410025353,52,12,0,0,314.89000000000004,57.000000000000014,0,0
3.48,1.0909090909090908,96.31741764241129,52,12,0,0,329.20000000000005,60.00000000000001,0,0
3.48,1.0909090909090908,96.34096545466342,52,12,0,0,343.51,63.0,0,0
3.48,1.0909090909090908,96.40355377279916,52,12,0,0,357.82,66.0,0,0
3.48,1.0909090909090908,96.48601587272192,52,12,0,0,372.13,69.0,0,0
3.48,1.0909090909090908,96.52118485039827,52,12,0,0,386.44,72.0,0,0
3.48,1.0909090909090908,96.56756034273444,52,12,0,0,400.75,75.0,0,0
3.48,1.0909090909090908,96.59311368890407,52,12,0,0,415.06,78.0,0,0
3.48,1.0909090909090908,96.64922074212289,52,12,0,0,429.37,81.0,0,0
3.48,1.0909090909090908,96.73731312062245,52,12,0,0,443.68,84.0,0,0
3.48,1.0909090909090908,96.80810263422401,52,12,0,0,457.99,87.0,0,0
3.50,1.0909090909090908,96.88514870197866,52,12,0,0,472.3,90.0,0,0
3.50,1.0909090909090908,96.91231496307138,52,12,0,0,486.61,93.0,0,0
3.50,1.0909090909090908,97.00816066472731,52,12,0,0,500.92,96.0,0,0
3.50,1.0909090909090908,97.03659146069062,52,12,0,0,515.23,99.0,0,0
3.50,2.3076923076923075,97.04533706431971,52,12,0,0,520,100.0,0,0
3.50,2.3076923076923075,97.00991980617982,52,12,0,0,505.69,97.0,0,0
3.50,2.3076923076923075,96.9510338316612,52,12,0,0,491.38,94.0,0,0
3.50,2.3076923076923075,96.91282128590059,52,12,0,0,477.07,91.0,0,0
3.50,2.3076923076923075,96.86854622474317,52,12,0,0,462.76,88.0,0,0
3.50,2.3076923076923075,96.84134311018622,52,12,0,0,448.45,85.0,0,0
3.52,2.3076923076923075,96.79530228363426,52,12,0,0,434.14,82.0,0,0
3.52,2.3076923076923075,96.77514996254125,52,12,0,0,419.83,79.0,0,0
3.52,2.3076923076923075,96.76100443726992,52,12,0,0,405.52,76.0,0,0
3.52,2.3076923076923075,96.73425075586488,52,12,0,0,391.21,73.0,0,0
3.52,2.3076923076923075,96.67630533187337,52,12,0,0,376.9,70.0,0,0
3.52,2.3076923076923075,96.65743684258528,52,12,0,0,362.59000000000003,67.0,0,0
3.52,2.3076923076923075,96.62791380828163,52,12,0,0,348.28,63.99999999999999,0,0
3.52,2.3076923076923075,96.5852983487255,52,12,0,0,333.96999999999997,60.99999999999999,0,0
3.52,2.3076923076923075,96.55753919466704,52,12,0,0,319.65999999999997,57.99999999999999,0,0
3.52,2.3076923076923075,96.52774498180928,52,12,0,0,305.34999999999997,54.99999999999999,0,0
3.53,2.3076923076923075,96.49840786102828,52,12,0,0,291.03999999999996,51.99999999999999,0,0
3.53,2.3076923076923075,96.47046179649777,52,12,0,0,276.7299999999999,48.99999999999998,0,0
3.53,2.3076923076923075,96.42597915352364,52,12,0,0,262.4199999999999,45.99999999999997,0,0
3.53,2.3076923076923075,96.40898372973798,52,12,0,0,248.10999999999984,42.99999999999997,0,0
3.53,2.3076923076923075,96.37401416986978,52,12,0,0,233.79999999999984,39.99999999999997,0,0
3.53,2.3076923076923075,96.31557760483258,52,12,0,0,219.48999999999984,36.999999999999964,0,0
3.53,2.3076923076923075,96.27841540041159,52,12,0,0,205.1799999999999,33.99999999999997,0,0
3.53,2.3076923076923075,96.25636730438148,52,12,0,0,190.8699999999999,30.99999999999997,0,0
3.55,2.3076923076923075,96.23885149697735,52,12,0,0,176.55999999999983,27.99999999999997,0,0
3.55,2.3076923076923075,96.21250057254282,52,12,0,0,162.24999999999983,24.99999999999997,0,0
3.55,2.3076923076923075,96.19348475014894,52,12,0,0,147.93999999999988,21.99999999999997,0,0
3.55,2.3076923076923075,96.17651403421038,52,12,0,0,133.62999999999988,18.99999999999997,0,0
3.55,2.3076923076923075,96.1193951456746,52,12,0,0,119.31999999999988,15.999999999999972,0,0
3.55,2.3076923076923075,96.08196309384122,52,12,0,0,105.00999999999982,12.999999999999972,0,0
3.55,2.3076923076923075,96.05946026966531,52,12,0,0,90.69999999999987,9.999999999999972,0,0
3.55,2.3076923076923075,96.02400612389233,52,12,0,0,76.38999999999987,6.999999999999972,0,0
3.55,2.3076923076923075,96.00613044371465,52,12,0,0,62.07999999999987,3.9999999999999716,0,0
3.55,2.3076923076923075,95.97803161296297,52,12,0,0,47.76999999999987,0.9999999999999716,0,0
3.57,2.3076923076923075,95.92204228458112,52,12,0,0,43,0.0,0,0
3.57,2.3076923076923075,95.91378611467366,52,12,0,0,57.31,3.0,0,0
3.57,2.3076923076923075,95.96298445422741,52,12,0,0,71.62,6.0,0,0
3.57,2.3076923076923075,95.95262740296988,52,12,0,0,85.93,9.0,0,0
3.57,2.3076923076923075,95.93957550179836,52,12,0,0,100.24000000000001,12.0,0,0
3.57,2.3076923076923075,95.94406058402583,52,12,0,0,114.55000000000001,15.0,0,0
3.57,2.3076923076923075,95.94645467700128,53,12,0,0,128.86,18.0,0,0
3.57,2.3076923076923075,95.95522937632853,54,12,0,0,143.16999999999996,21.0,0,0
3.57,2.3076923076923075,95.99550569912704,54,12,0,0,157.48000000000002,24.0,0,0
3.58,2.3076923076923075,95.984792016854,54,12,0,0,171.79000000000002,27.0,0,0
3.58,2.3076923076923075,95.99730821156865,54,12,0,0,186.10000000000002,30.0,0,0
3.58,2.3076923076923075,96.0308685830325,54,12,0,0,200.40999999999997,33.0,0,0
3.58,2.3076923076923075,96.04097092662484,54,12,0,0,214.71999999999997,36.0,0,0
3.58,2.3076923076923075,96.09083131386714,54,12,0,0,229.03000000000003,39.0,0,0
3.58,2.3076923076923075,96.12403544042657,54,12,0,0,243.34000000000003,42.00000000000001,0,0
3.58,2.3076923076923075,96.13153756869029,54,12,0,0,257.65000000000003,45.00000000000001,0,0
3.58,2.3076923076923075,96.16366574969207,54,12,0,0,271.96000000000004,48.00000000000001,0,0
3.58,2.3076923076923075,96.18730449340212,54,12,0,0,286.27000000000004,51.00000000000001,0,0
3.58,2.3076923076923075,96.2825683920661,54,12,0,0,300.58000000000004,54.00000000000001,0,0
3.60,2.3076923076923075,96.35262413564001,54,12,0,0,314.89000000000004,57.000000000000014,0,0
3.60,2.3076923076923075,96.39063579585853,55,12,0,0,329.20000000000005,60.00000000000001,0,0
3.60,2.3076923076923075,96.45431421500653,55,12,0,0,343.51,63.0,0,0
3.60,2.3076923076923075,96.527370140342,55,12,0,0,357.82,66.0,0,0
3.60,2.3076923076923075,96.56665473874298,55,12,0,0,372.13,69.0,0,0
3.60,2.3076923076923075,96.62178704646614,56,12,0,0,386.44,72.0,0,0
3.60,2.3076923076923075,96.68682192304483,56,12,0,0,400.75,75.0,0,0
3.60,2.3076923076923075,96.76042903374025,56,12,0,0,415.06,78.0,0,0
3.60,2.3076923076923075,96.83780077245689,56,12,0,0,429.37,81.0,0,0
3.60,2.3076923076923075,96.87761663811906,56,12,0,0,443.68,84.0,0,0
3.62,2.3076923076923075,96.93197638120867,56,12,0,0,457.99,87.0,0,0
3.62,2.3076923076923075,97.01234263103304,56,12,0,0,472.3,90.0,0,0
3.62,2.3076923076923075,97.03159141951606,56,12,0,0,486.61,93.0,0,0
3.62,2.3076923076923075,97.07963382465972,56,12,0,0,500.92,96.0,0,0
3.62,2.3076923076923075,97.14856148756749,56,12,0,0,515.23,99.0,0,0
3.62,8.571428571428571,97.16106228528416,56,12,0,0,520,100.0,0,0
3.62,8.571428571428571,97.14047884782046,56,12,0,0,505.69,97.0,0,0
3.62,8.571428571428571,97.12377164289036,56,12,0,0,491.38,94.0,0,0
3.62,8.571428571428571,97.11267391493134,56,12,0,0,477.07,91.0,0,0
3.62,8.571428571428571,97.0802009545807,56,12,0,0,462.76,88.0,0,0
3.63,8.571428571428571,97.04925089918197,56,12,0,0,448.45,85.0,0,0
3.63,8.571428571428571,97.02422156084047,56,12,0,0,434.14,82.0,0,0
3.63,8.571428571428571,97.01881334719917,56,12,0,0,419.83,79.0,0,0
3.63,8.571428571428571,96.95846284111306,56,12,0,0,405.52,76.0,0,0
3.63,8.571428571428571,96.93872460591243,56,12,0,0,391.21,73.0,0,0
3.63,8.571428571428571,96.91244290071201,57,12,0,0,376.9,70.0,0,0
3.63,8.571428571428571,96.85995183662027,57,12,0,0,362.59000000000003,67.0,0,0
3.63,8.571428571428571,96.84217414802286,57,12,0,0,348.28,63.99999999999999,0,0
3.63,8.571428571428571,96.80905389729695,57,12,0,0,333.96999999999997,60.99999999999999,0,0
3.63,8.571428571428571,96.80048181644413,57,12,0,0,319.65999999999997,57.99999999999999,0,0
3.65,8.571428571428571,96.75927846220077,57,12,0,0,305.34999999999997,54.99999999999999,0,0
3.65,8.571428571428571,96.74585507029212,57,12,0,0,291.03999999999996,51.99999999999999,0,0
3.65,8.571428571428571,96.71001551554227,57,12,0,0,276.7299999999999,48.99999999999998,0,0
3.65,8.571428571428571,96.68103363737828,57,12,0,0,262.4199999999999,45.99999999999997,0,0
3.65,8.571428571428571,96.65114518551948,57,12,0,0,248.10999999999984,42.99999999999997,0,0
3.65,8.571428571428571,96.60785161250519,57,12,0,0,233.79999999999984,39.99999999999997,0,0
3.65,8.571428571428571,96.55580831088011,57,13,0,0,219.48999999999984,36.999999999999964,0,0
3.65,8.571428571428571,96.54429439904584,57,13,0,0,205.1799999999999,33.99999999999997,0,0
3.65,8.571428571428571,96.51296270791254,57,13,0,0,190.8699999999999,30.99999999999997,0,0
3.65,8.571428571428571,96.50584476794144,57,13,0,0,176.55999999999983,27.99999999999997,0,0
3.67,8.571428571428571,96.47036072459966,57,13,0,0,162.24999999999983,24.99999999999997,0,0
3.88,8.571428571428571,96.4393304777808,57,13,0,0,147.93999999999988,21.99999999999997,0,0
3.88,8.571428571428571,96.41247054759407,57,13,0,0,133.62999999999988,18.99999999999997,0,0
3.88,8.571428571428571,96.37963202807327,57,13,0,0,119.31999999999988,15.999999999999972,0,0
3.88,8.571428571428571,96.34146897730132,57,13,0,0,105.00999999999982,12.999999999999972,0,0
3.88,8.571428571428571,96.307685718906,57,13,0,0,90.69999999999987,9.999999999999972,0,0
3.88,8.571428571428571,96.269724245865,57,13,0,0,76.38999999999987,6.999999999999972,0,0
3.88,8.571428571428571,96.23494652624834,57,13,0,0,62.07999999999987,3.9999999999999716,0,0
3.88,8.571428571428571,96.22294632258769,57,13,0,0,47.76999999999987,0.9999999999999716,0,0
3.90,8.571428571428571,96.17306465742547,57,13,0,0,43,0.0,0,0
3.90,8.571428571428571,96.1884475065781,57,13,0,0,57.31,3.0,0,0
3.90,8.571428571428571,96.20198215573586,57,13,0,0,71.62,6.0,0,0
3.90,8.571428571428571,96.21084157517063,57,13,0,0,85.93,9.0,0,0
3.90,8.571428571428571,96.22126470940472,57,13,0,0,100.24000000000001,12.0,0,0
3.90,8.571428571428571,96.22090277748248,57,13,0,0,114.55000000000001,15.0,0,0
3.90,8.571428571428571,96.2261971479598,57,13,0,0,128.86,18.0,0,0
3.90,8.571428571428571,96.2404809030222,57,13,0,0,143.16999999999996,21.0,0,0
3.90,8.571428571428571,96.24459077370373,57,13,0,0,157.48000000000002,24.0,0,0
3.90,8.571428571428571,96.24928188248249,57,13,0,0,171.79000000000002,27.0,0,0
3.92,8.571428571428571,96.26339770281544,57,13,0,0,186.10000000000002,30.0,0,0
3.92,8.571428571428571,96.27937253603886,57,13,0,0,200.40999999999997,33.0,0,0
3.92,8.571428571428571,96.2848731019627,57,13,0,0,214.71999999999997,36.0,0,0
3.92,8.571428571428571,96.27686566236052,57,13,0,0,229.03000000000003,39.0,0,0
3.92,8.571428571428571,96.30660941837388,57,13,0,0,243.34000000000003,42.00000000000001,0,0
3.92,8.571428571428571,96.34681374287302,57,13,0,0,257.65000000000003,45.00000000000001,0,0
3.92,8.571428571428571,96.37309510045618,57,13,0,0,271.96000000000004,48.00000000000001,0,0
3.92,8.571428571428571,96.4546158734301,57,13,0,0,286.27000000000004,51.00000000000001,0,0
3.92,8.571428571428571,96.51041050400782,57,13,0,0,300.58000000000004,54.00000000000001,0,0
3.92,8.571428571428571,96.55909389886055,57,13,0,0,314.89000000000004,57.000000000000014,0,0
3.93,8.571428571428571,96.58460974109093,57,13,0,0,329.20000000000005,60.00000000000001,0,0
3.93,8.571428571428571,96.62346921305885,57,13,0,0,343.51,63.0,0,0
3.93,8.571428571428571,96.64745279580168,57,13,0,0,357.82,66.0,0,0
3.93,8.571428571428571,96.7024340689879,57,13,0,0,372.13,69.0,0,0
3.93,8.571428571428571,96.73336165911218,57,13,0,0,386.44,72.0,0,0
3.93,8.571428571428571,96.79345771593408,57,13,0,0,400.75,75.0,0,0
3.93,8.571428571428571,96.80407496573865,57,13,0,0,415.06,78.0,0,0
3.93,8.571428571428571,96.81412816428669,57,13,0,0,429.37,81.0,0,0
3.93,8.571428571428571,96.89980184005437,57,13,0,0,443.68,84.0,0,0
3.93,8.571428571428571,96.93138137310501,57,13,0,0,457.99,87.0,0,0
3.95,8.571428571428571,96.96839759530297,57,13,0,0,472.3,90.0,0,0
3.95,8.571428571428571,97.01886576938692,57,13,0,0,486.61,93.0,0,0
3.95,8.571428571428571,97.08688244335556,57,13,0,0,500.92,96.0,0,0
3.95,8.571428571428571,97.12062312129167,57,14,0,0,515.23,99.0,0,0
3.95,3.0,97.19797836671968,57,14,0,0,520,100.0,0,0
3.95,3.0,97.1395491647821,57,14,0,0,505.69,97.0,0,0
3.95,3.0,97.11545684938618,57,14,0,0,491.38,94.0,0,0
3.95,3.0,97.0967690851858,57,14,0,0,477.07,91.0,0,0
3.95,3.0,97.03640878970215,57,14,0,0,462.76,88.0,0,0
3.95,3.0,97.02118304600623,57,14,0,0,448.45,85.0,0,0
3.97,3.0,96.9901351869751,57,14,0,0,434.14,82.0,0,0
3.97,3.0,96.98848258863829,57,14,0,0,419.83,79.0,0,0
3.97,3.0,96.94272039714927,57,14,0,0,405.52,76.0,0,0
3.97,3.0,96.91576299804206,57,14,0,0,391.21,73.0,0,0
3.97,3.0,96.88373139515065,57,14,0,0,376.9,70.0,0,0
3.97,3.0,96.8452619281347,57,14,0,0,362.59000000000003,67.0,0,0
3.97,3.0,96.81330674537007,57,14,0,0,348.28,63.99999999999999,0,0
3.97,3.0,96.79538323396653,57,14,0,0,333.96999999999997,60.99999999999999,0,0
3.97,3.0,96.74909711423244,57,14,0,0,319.65999999999997,57.99999999999999,0,0
3.97,3.0,96.70869251816418,57,14,0,0,305.34999999999997,54.99999999999999,0,0
3.98,3.0,96.6905187403134,57,14,0,0,291.03999999999996,51.99999999999999,0,0
3.98,3.0,96.67141201400206,57,14,0,0,276.7299999999999,48.99999999999998,0,0
3.98,3.0,96.6500555137349,57,14,0,0,262.4199999999999,45.99999999999997,0,0
3.98,3.0,96.62377333818829,57,14,0,0,248.10999999999984,42.99999999999997,0,0
3.98,3.0,96.56380688612536,57,14,0,0,233.79999999999984,39.99999999999997,0,0
3.98,3.0,96.52338376718673,57,14,0,0,219.48999999999984,36.999999999999964,0,0
3.98,3.0,96.46965035647021,57,14,0,0,205.1799999999999,33.99999999999997,0,0
3.98,3.0,96.44793362986383,57,14,0,0,190.8699999999999,30.99999999999997,0,0
3.98,3.0,96.43446064004061,57,14,0,0,176.55999999999983,27.99999999999997,0,0
3.98,3.0,96.3888985045296,57,14,0,0,162.24999999999983,24.99999999999997,0,0
4.00,3.0,96.35350721893089,57,14,0,0,147.93999999999988,21.99999999999997,0,0
4.00,3.0,96.3158117241678,57,14,0,0,133.62999999999988,18.99999999999997,0,0
4.00,3.0,96.26600830189616,57,14,0,0,119.31999999999988,15.999999999999972,0,0
4.00,3.0,96.23154872634136,57,14,0,0,105.00999999999982,12.999999999999972,0,0
4.00,3.0,96.21290273589297,57,14,0,0,90.69999999999987,9.999999999999972,0,0
4.00,3.0,96.17233066930028,58,14,0,0,76.38999999999987,6.999999999999972,0,0
4.00,3.0,96.14523581243333,58,14,0,0,62.07999999999987,3.9999999999999716,0,0
4.00,3.0,96.10614969521241,58,14,0,0,47.76999999999987,0.9999999999999716,0,0
4.00,3.0,96.0742853951049,58,14,0,0,43,0.0,0,0
4.00,3.0,96.08878295072395,58,14,0,0,57.31,3.0,0,0
4.02,3.0,96.13414259861197,58,14,0,0,71.62,6.0,0,0
4.02,3.0,96.16402354346422,58,14,0,0,85.93,9.0,0,0
4.02,3.0,96.15412564824125,58,14,0,0,100.24000000000001,12.0,0,0
4.02,3.0,96.1650360105738,58,14,0,0,114.55000000000001,15.0,0,0
4.02,3.0,96.19370512249581,58,14,0,0,128.86,18.0,0,0
4.02,3.0,96.19921863937749,58,14,0,0,143.16999999999996,21.0,0,0
4.02,3.0,96.19725472861309,58,14,0,0,157.48000000000002,24.0,0,0
4.02,3.0,96.21073273235692,58,14,0,0,171.79000000000002,27.0,0,0
4.02,3.0,96.2319633464736,58,14,0,0,186.10000000000002,30.0,0,0
4.02,3.0,96.2354476131822,58,14,0,0,200.40999999999997,33.0,0,0
4.03,3.0,96.23628211758471,58,14,0,0,214.71999999999997,36.0,0,0
4.03,3.0,96.25011415011448,58,14,0,0,229.03000000000003,39.0,0,0
4.03,3.0,96.24676740421428,58,14,0,0,243.34000000000003,42.00000000000001,0,0
4.03,3.0,96.25607200598688,58,14,0,0,257.65000000000003,45.00000000000001,0,0
4.03,3.0,96.26780462027543,58,14,0,0,271.96000000000004,48.00000000000001,0,0
4.03,3.0,96.35518361282313,58,14,0,0,286.27000000000004,51.00000000000001,0,0
4.03,3.0,96.39647199728206,58,14,0,0,300.58000000000004,54.00000000000001,0,0
4.03,3.0,96.42851603752953,58,14,0,0,314.89000000000004,57.000000000000014,0,0
4.03,3.0,96.49051090793245,58,14,0,0,329.20000000000005,60.00000000000001,0,0
4.05,3.0,96.53347796066964,58,14,0,0,343.51,63.0,0,0
4.05,3.0,96.58587225867103,58,14,0,0,357.82,66.0,0,0
4.05,3.0,96.63556243354341,58,14,0,0,372.13,69.0,0,0
4.05,3.0,96.70734675814364,58,14,0,0,386.44,72.0,0,0
4.05,3.0,96.71447356679117,58,14,0,0,400.75,75.0,0,0
4.05,3.0,96.74314050116067,58,14,0,0,415.06,78.0,0,0
4.05,3.0,96.77454270224594,58,14,0,0,429.37,81.0,0,0
4.05,3.0,96.78718720489438,58,14,0,0,443.68,84.0,0,0
4.05,3.0,96.81649098122948,58,14,0,0,457.99,87.0,0,0
4.05,3.0,96.89123514554176,58,14,0,0,472.3,90.0,0,0
4.07,3.0,96.92519774368007,58,14,0,0,486.61,93.0,0,0
4.07,3.0,96.94074765133679,58,14,0,0,500.92,96.0,0,0
4.07,3.0,97.0144636385957,58,15,0,0,515.23,99.0,0,0
4.07,8.571428571428571,97.05106681863988,58,15,0,0,520,100.0,0,0
4.07,8.571428571428571,97.01114073887294,58,15,0,0,505.69,97.0,0,0
4.07,8.571428571428571,96.98180382760914,58,15,0,0,491.38,94.0,0,0
4.07,8.571428571428571,96.95231303678838,58,15,0,0,477.07,91.0,0,0
4.07,8.571428571428571,96.91242212136626,58,15,0,0,462.76,88.0,0,0
4.08,8.571428571428571,96.87573564843696,58,15,0,0,448.45,85.0,0,0
4.08,8.571428571428571,96.87058745001663,58,15,0,0,434.14,82.0,0,0
4.08,8.571428571428571,96.83056895300483,58,15,0,0,419.83,79.0,0,0
4.08,8.571428571428571,96.81659462940482,58,15,0,0,405.52,76.0,0,0
4.08,8.571428571428571,96.76958504703002,58,15,0,0,391.21,73.0,0,0
4.08,8.571428571428571,96.76444088658853,59,15,0,0,376.9,70.0,0,0
4.08,8.571428571428571,96.72126041530802,59,15,0,0,362.59000000000003,67.0,0,0
4.08,8.571428571428571,96.665111157259,59,15,0,0,348.28,63.99999999999999,0,0
4.08,8.571428571428571,96.63944687668923,59,15,0,0,333.96999999999997,60.99999999999999,0,0
4.08,8.571428571428571,96.61381192918478,59,15,0,0,319.65999999999997,57.99999999999999,0,0
4.10,8.571428571428571,96.58172695295713,59,15,0,0,305.34999999999997,54.99999999999999,0,0
4.10,8.571428571428571,96.53835266737715,59,15,0,0,291.03999999999996,51.99999999999999,0,0
4.10,8.571428571428571,96.49468044285811,59,15,0,0,276.7299999999999,48.99999999999998,0,0
4.10,8.571428571428571,96.47889546607858,59,16,0,0,262.4199999999999,45.99999999999997,0,0
4.10,8.571428571428571,96.44593033929016,59,16,0,0,248.10999999999984,42.99999999999997,0,0
4.10,8.571428571428571,96.3980780425427,59,16,0,0,233.79999999999984,39.99999999999997,0,0
4.10,8.571428571428571,96.38573677065881,59,16,0,0,219.48999999999984,36.999999999999964,0,0
4.10,8.571428571428571,96.37339895373658,59,16,0,0,205.1799999999999,33.99999999999997,0,0
4.10,8.571428571428571,96.35373977457542,59,16,0,0,190.8699999999999,30.99999999999997,0,0
4.10,8.571428571428571,96.34219192017959,59,16,0,0,176.55999999999983,27.99999999999997,0,0
4.12,8.571428571428571,96.30668141100868,59,16,0,0,162.24999999999983,24.99999999999997,0,0
4.12,8.571428571428571,96.26348141663898,59,16,0,0,147.93999999999988,21.99999999999997,0,0
4.12,8.571428571428571,96.25963696725061,59,16,0,0,133.62999999999988,18.99999999999997,0,0
4.12,8.571428571428571,96.22972158345347,59,16,0,0,119.31999999999988,15.999999999999972,0,0
4.12,8.571428571428571,96.18985839020749,59,16,0,0,105.00999999999982,12.999999999999972,0,0
4.12,8.571428571428571,96.15198498962532,59,16,0,0,90.69999999999987,9.999999999999972,0,0
4.12,8.571428571428571,96.1061396134528,59,16,0,0,76.38999999999987,6.999999999999972,0,0
4.12,8.571428571428571,96.07350819721938,59,16,0,0,62.07999999999987,3.9999999999999716,0,0
4.12,8.571428571428571,96.06802419664108,59,16,0,0,47.76999999999987,0.9999999999999716,0,0
4.12,8.571428571428571,96.03318593630918,59,16,0,0,43,0.0,0,0
4.13,8.571428571428571,96.04793035204038,59,16,0,0,57.31,3.0,0,0
4.13,8.571428571428571,96.0560866507548,59,16,0,0,71.62,6.0,0,0
4.13,8.571428571428571,96.0805136750807,59,16,0,0,85.93,9.0,0,0
4.13,8.571428571428571,96.1146299932917,59,16,0,0,100.24000000000001,12.0,0,0
4.13,8.571428571428571,96.1270457599658,59,16,0,0,114.55000000000001,15.0,0,0
4.13,8.571428571428571,96.14477963715298,59,16,0,0,128.86,18.0,0,0
4.13,8.571428571428571,96.18306886014008,59,16,0,0,143.16999999999996,21.0,0,0
4.13,8.571428571428571,96.17913090523983,59,16,0,0,157.48000000000002,24.0,0,0
4.13,8.571428571428571,96.18481093547842,59,16,0,0,171.79000000000002,27.0,0,0
4.13,8.571428571428571,96.1843369596737,60,16,0,0,186.10000000000002,30.0,0,0
4.15,8.571428571428571,96.212606671589,60,16,0,0,200.40999999999997,33.0,0,0
4.15,8.571428571428571,96.2179255127325,60,16,0,0,214.71999999999997,36.0,0,0
4.15,8.571428571428571,96.21393304548646,60,16,0,0,229.03000000000003,39.0,0,0
4.15,8.571428571428571,96.22908520930697,60,16,0,0,243.34000000000003,42.00000000000001,0,0
4.15,8.571428571428571,96.25292828613944,60,16,0,0,257.65000000000003,45.00000000000001,0,0
4.15,8.571428571428571,96.28172536467979,60,16,0,0,271.96000000000004,48.00000000000001,0,0
4.15,8.571428571428571,96.34315855710284,60,16,0,0,286.27000000000004,51.00000000000001,0,0
4.15,8.571428571428571,96.37408984921353,60,16,0,0,300.58000000000004,54.00000000000001,0,0
4.15,8.571428571428571,96.44015219496265,60,16,0,0,314.89000000000004,57.000000000000014,0,0
4.15,8.571428571428571,96.5121614211427,60,16,0,0,329.20000000000005,60.00000000000001,0,0
4.17,8.571428571428571,96.57295401337012,60,16,0,0,343.51,63.0,0,0
4.17,8.571428571428571,96.62427513538843,60,16,0,0,357.82,66.0,0,0
4.17,8.571428571428571,96.69649126520693,60,16,0,0,372.13,69.0,0,0
4.17,8.571428571428571,96.705888442286,60,16,0,0,386.44,72.0,0,0
4.17,8.571428571428571,96.78247901518237,60,16,0,0,400.75,75.0,0,0
4.17,8.571428571428571,96.8414039073273,60,16,0,0,415.06,78.0,0,0
4.17,8.571428571428571,96.8889125658302,60,16,0,0,429.37,81.0,0,0
4.17,8.571428571428571,96.89925448027587,60,16,0,0,443.68,84.0,0,0
4.17,8.571428571428571,96.96956846021017,60,16,0,0,457.99,87.0,0,0
4.17,8.571428571428571,96.99209008501123,60,16,0,0,472.3,90.0,0,0
4.18,8.571428571428571,97.04305656361288,60,16,0,0,486.61,93.0,0,0
4.18,8.571428571428571,97.10905366898582,60,16,0,0,500.92,96.0,0,0
4.18,8.571428571428571,97.13271494522587,60,16,0,0,515.23,99.0,0,0
4.18,8.571428571428571,97.19855400131675,60,16,0,0,520,100.0,0,0
4.18,8.571428571428571,97.17994513898185,60,16,0,0,505.69,97.0,0,0
4.18,8.571428571428571,97.12612181556847,60,16,0,0,491.38,94.0,0,0
4.18,8.571428571428571,97.08952021021788,60,16,0,0,477.07,91.0,0,0
4.18,8.571428571428571,97.05685552023438,60,16,0,0,462.76,88.0,0,0
4.18,8.571428571428571,97.04003412469568,60,16,0,0,448.45,85.0,0,0
4.18,8.571428571428571,96.99755954465228,60,16,0,0,434.14,82.0,0,0
4.20,8.571428571428571,96.98058372849646,60,16,0,0,419.83,79.0,0,0
4.20,8.571428571428571,96.95465262969631,60,16,0,0,405.52,76.0,0,0
4.20,8.571428571428571,96.93523412618036,60,16,0,0,391.21,73.0,0,0
4.20,8.571428571428571,96.89414667734228,60,16,0,0,376.9,70.0,0,0
4.20,8.571428571428571,96.87741294077287,60,16,0,0,362.59000000000003,67.0,0,0
4.20,8.571428571428571,96.86519410128554,60,16,0,0,348.28,63.99999999999999,0,0
4.20,8.571428571428571,96.8252554699914,60,16,0,0,333.96999999999997,60.99999999999999,0,0
4.20,8.571428571428571,96.80440596340938,60,16,0,0,319.65999999999997,57.99999999999999,0,0
4.20,8.571428571428571,96.78405919420507,60,16,0,0,305.34999999999997,54.99999999999999,0,0
4.20,8.571428571428571,96.75993699764015,60,16,0,0,291.03999999999996,51.99999999999999,0,0
4.22,8.571428571428571,96.74430063839152,60,16,0,0,276.7299999999999,48.99999999999998,0,0
4.22,8.571428571428571,96.70212303602652,60,16,0,0,262.4199999999999,45.99999999999997,0,0
4.22,8.571428571428571,96.64652541421923,60,16,0,0,248.10999999999984,42.99999999999997,0,0
4.22,8.571428571428571,96.61699176789786,60,16,0,0,233.79999999999984,39.99999999999997,0,0
4.22,8.571428571428571,96.57265171909503,60,16,0,0,219.48999999999984,36.999999999999964,0,0
4.22,8.571428571428571,96.57135482911646,60,16,0,0,205.1799999999999,33.99999999999997,0,0
4.22,8.571428571428571,96.53812656516006,60,16,0,0,190.8699999999999,30.99999999999997,0,0
4.22,8.571428571428571,96.48998280928538,60,16,0,0,176.55999999999983,27.99999999999997,0,0
4.22,8.571428571428571,96.47114617765766,60,16,0,0,162.24999999999983,24.99999999999997,0,0
5.63,8.571428571428571,96.43217342304617,60,16,0,0,147.93999999999988,21.99999999999997,0,0
5.63,8.571428571428571,96.42441937773967,60,16,0,0,133.62999999999988,18.99999999999997,0,0
5.63,8.571428571428571,96.38748889527031,60,17,0,0,119.31999999999988,15.999999999999972,0,0
5.63,8.571428571428571,96.34294752898272,60,17,0,0,105.00999999999982,12.999999999999972,0,0
5.63,8.571428571428571,96.332184719142,60,17,0,0,90.69999999999987,9.999999999999972,0,0
5.63,8.571428571428571,96.31532068589196,60,17,0,0,76.38999999999987,6.999999999999972,0,0
5.63,8.571428571428571,96.27577279450873,60,17,0,0,62.07999999999987,3.9999999999999716,0,0
5.63,8.571428571428571,96.25185938060397,60,17,0,0,47.76999999999987,0.9999999999999716,0,0
5.63,8.571428571428571,96.22546166723788,60,17,0,0,43,0.0,0,0
5.65,8.571428571428571,96.2311701162581,60,17,0,0,57.31,3.0,0,0
5.65,8.571428571428571,96.26010519117965,60,17,0,0,71.62,6.0,0,0
5.65,8.571428571428571,96.26479864602244,60,17,0,0,85.93,9.0,0,0
5.65,8.571428571428571,96.30614543223555,60,17,0,0,100.24000000000001,12.0,0,0
5.65,8.571428571428571,96.32490552243985,60,17,0,0,114.55000000000001,15.0,0,0
5.65,8.571428571428571,96.36383778040963,60,17,0,0,128.86,18.0,0,0
5.65,8.571428571428571,96.36934642503249,60,17,0,0,143.16999999999996,21.0,0,0
5.65,8.571428571428571,96.40963514861373,60,17,0,0,157.48000000000002,24.0,0,0
5.65,8.571428571428571,96.40675560266739,60,17,0,0,171.79000000000002,27.0,0,0
5.65,8.571428571428571,96.43647359149941,60,17,0,0,186.10000000000002,30.0,0,0
5.67,8.571428571428571,96.44054192624745,60,17,0,0,200.40999999999997,33.0,0,0
5.67,8.571428571428571,96.4637958941881,60,17,0,0,214.71999999999997,36.0,0,0
5.67,8.571428571428571,96.46876403496354,60,17,0,0,229.03000000000003,39.0,0,0
5.67,8.571428571428571,96.49202937481316,60,17,0,0,243.34000000000003,42.00000000000001,0,0
5.67,8.571428571428571,96.49429349289106,60,17,0,0,257.65000000000003,45.00000000000001,0,0
5.67,8.571428571428571,96.51413330865984,60,17,0,0,271.96000000000004,48.00000000000001,0,0
5.67,8.571428571428571,96.54523737097058,60,17,0,0,286.27000000000004,51.00000000000001,0,0
5.67,8.571428571428571,96.60462687837446,60,17,0,0,300.58000000000004,54.00000000000001,0,0
5.67,8.571428571428571,96.6509389269499,60,17,0,0,314.89000000000004,57.000000000000014,0,0
5.67,8.571428571428571,96.69049977799548,61,17,0,0,329.20000000000005,60.00000000000001,0,0
5.68,8.571428571428571,96.76130465436194,61,17,0,0,343.51,63.0,0,0
5.68,8.571428571428571,96.82032169091288,61,17,0,0,357.82,66.0,0,0
5.68,8.571428571428571,96.86827808696582,61,17,0,0,372.13,69.0,0,0
5.68,8.571428571428571,96.89753366872166,61,17,0,0,386.44,72.0,0,0
5.68,8.571428571428571,96.96989248732953,61,17,0,0,400.75,75.0,0,0
5.68,8.571428571428571,96.98618645846479,62,17,0,0,415.06,78.0,0,0
5.68,8.571428571428571,97.0193756363998,62,17,0,0,429.37,81.0,0,0
5.68,8.571428571428571,97.07003869387974,62,17,0,0,443.68,84.0,0,0
5.70,8.571428571428571,97.12346083940614,63,17,0,0,457.99,87.0,0,0
5.70,8.571428571428571,97.15827676661898,63,17,0,0,472.3,90.0,0,0
5.70,8.571428571428571,97.17771331883579,63,17,0,0,486.61,93.0,0,0
5.70,8.571428571428571,97.24689364738364,63,17,0,0,500.92,96.0,0,0
5.70,8.571428571428571,97.26571733968747,63,17,0,0,515.23,99.0,0,0
5.70,0.6593406593406593,97.33132209180712,63,17,0,0,520,100.0,0,0
5.70,0.6593406593406593,97.30758175609591,63,17,0,0,505.69,97.0,0,0
5.70,0.6593406593406593,97.26542511236114,63,17,0,0,491.38,94.0,0,0
5.70,0.6593406593406593,97.24922417666019,63,17,0,0,477.07,91.0,0,0
5.70,0.6593406593406593,97.24085577196061,63,17,0,0,462.76,88.0,0,0
5.72,0.6593406593406593,97.20856087066588,63,17,0,0,448.45,85.0,0,0
5.72,0.6593406593406593,97.18758519326673,63,17,0,0,434.14,82.0,0,0
5.72,0.6593406593406593,97.15116290357179,63,17,0,0,419.83,79.0,0,0
5.72,0.6593406593406593,97.10506004361659,63,17,0,0,405.52,76.0,0,0
5.72,0.6593406593406593,97.085916890362,63,17,0,0,391.21,73.0,0,0
5.72,0.6593406593406593,97.0802108342579,63,17,0,0,376.9,70.0,0,0
5.72,0.6593406593406593,97.05571097521901,63,17,0,0,362.59000000000003,67.0,0,0
5.72,0.6593406593406593,97.01129347275635,63,17,0,0,348.28,63.99999999999999,0,0
5.72,0.6593406593406593,96.98830451431948,63,17,0,0,333.96999999999997,60.99999999999999,0,0
5.72,0.6593406593406593,96.96322543635752,63,17,0,0,319.65999999999997,57.99999999999999,0,0
5.73,0.6593406593406593,96.91949176688435,63,17,0,0,305.34999999999997,54.99999999999999,0,0
5.73,0.6593406593406593,96.90728355921412,63,17,0,0,291.03999999999996,51.99999999999999,0,0
5.73,0.6593406593406593,96.88022928838805,63,17,0,0,276.7299999999999,48.99999999999998,0,0
5.73,0.6593406593406593,96.8588457985151,63,17,0,0,262.4199999999999,45.99999999999997,0,0
5.73,0.6593406593406593,96.82389265571554,63,17,0,0,248.10999999999984,42.99999999999997,0,0
5.73,0.6593406593406593,96.78535274383755,63,17,0,0,233.79999999999984,39.99999999999997,0,0
5.73,0.6593406593406593,96.75785288045029,63,17,0,0,219.48999999999984,36.999999999999964,0,0
5.73,0.6593406593406593,96.72505888074981,63,17,0,0,205.1799999999999,33.99999999999997,0,0
5.73,0.6593406593406593,96.69932322658951,63,17,0,0,190.8699999999999,30.99999999999997,0,0
5.73,0.6593406593406593,96.68873063053785,63,17,0,0,176.55999999999983,27.99999999999997,0,0
5.77,0.6593406593406593,96.6565438809986,63,17,0,0,162.24999999999983,24.99999999999997,0,0
5.77,0.6593406593406593,96.61781938868512,63,17,0,0,147.93999999999988,21.99999999999997,0,0
5.77,0.6593406593406593,96.57830008479493,63,17,0,0,133.62999999999988,18.99999999999997,0,0
5.77,0.6593406593406593,96.54357971351372,64,17,0,0,119.31999999999988,15.999999999999972,0,0
5.77,0.6593406593406593,96.51865476952656,64,17,0,0,105.00999999999982,12.999999999999972,0,0
5.77,0.6593406593406593,96.49196958563535,64,17,0,0,90.69999999999987,9.999999999999972,0,0
5.77,0.6593406593406593,96.45854483457074,64,17,0,0,76.38999999999987,6.999999999999972,0,0
5.77,0.6593406593406593,96.44204137303231,64,17,0,0,62.07999999999987,3.9999999999999716,0,0
5.77,0.6593406593406593,96.42135983723516,64,17,0,0,47.76999999999987,0.9999999999999716,0,0
5.78,0.6593406593406593,96.40967539880671,64,17,0,0,43,0.0,0,0
5.78,0.6593406593406593,96.39259789023934,64,17,0,0,57.31,3.0,0,0
5.78,0.6593406593406593,96.41236499480306,64,17,0,0,71.62,6.0,0,0
5.78,0.6593406593406593,96.41082966507452,64,17,0,0,85.93,9.0,0,0
5.78,0.6593406593406593,96.419213602238,64,17,0,0,100.24000000000001,12.0,0,0
5.78,0.6593406593406593,96.44806540757425,64,17,0,0,114.55000000000001,15.0,0,0
5.78,0.6593406593406593,96.43974847603216,64,17,0,0,128.86,18.0,0,0
5.78,0.6593406593406593,96.48628348335474,64,17,0,0,143.16999999999996,21.0,0,0
5.78,0.6593406593406593,96.48052561984832,64,17,0,0,157.48000000000002,24.0,0,0
5.78,0.6593406593406593,96.47770705799893,64,17,0,0,171.79000000000002,27.0,0,0
5.80,0.6593406593406593,96.473681989369,64,17,0,0,186.10000000000002,30.0,0,0
5.80,0.6593406593406593,96.45888308965736,64,17,0,0,200.40999999999997,33.0,0,0
5.80,0.6593406593406593,96.50128739901587,64,17,0,0,214.71999999999997,36.0,0,0
5.80,0.6593406593406593,96.50454570630755,64,17,0,0,229.03000000000003,39.0,0,0
5.80,0.6593406593406593,96.50030683598476,64,17,0,0,243.34000000000003,42.00000000000001,0,0
5.80,0.6593406593406593,96.5181384492776,64,17,0,0,257.65000000000003,45.00000000000001,0,0
5.80,0.6593406593406593,96.52011383979887,64,18,0,0,271.96000000000004,48.00000000000001,0,0
5.80,0.6593406593406593,96.55994384700655,64,18,0,0,286.27000000000004,51.00000000000001,0,0
5.80,0.6593406593406593,96.61041275407777,64,18,0,0,300.58000000000004,54.00000000000001,0,0
5.82,0.6593406593406593,96.65984802807867,64,18,0,0,314.89000000000004,57.000000000000014,0,0
5.82,0.6593406593406593,96.70322029506242,64,18,0,0,329.20000000000005,60.00000000000001,0,0
5.82,0.6593406593406593,96.76766378660984,64,18,0,0,343.51,63.0,0,0
5.82,0.6593406593406593,96.79598499419872,64,18,0,0,357.82,66.0,0,0
5.82,0.6593406593406593,96.799364072327,64,18,0,0,372.13,69.0,0,0
5.82,0.6593406593406593,96.82699065628411,64,18,0,0,386.44,72.0,0,0
5.82,0.6593406593406593,96.85440252067545,64,18,0,0,400.75,75.0,0,0
5.82,0.6593406593406593,96.86318290672746,64,18,0,0,415.06,78.0,0,0
5.82,0.6593406593406593,96.88700713883519,64,18,0,0,429.37,81.0,0,0
5.82,0.6593406593406593,96.93084702000597,64,18,0,0,443.68,84.0,0,0
5.82,0.6593406593406593,96.9636569446752,64,18,0,0,457.99,87.0,0,0
5.83,0.6593406593406593,97.00762356835112,64,18,0,0,472.3,90.0,0,0
5.83,0.6593406593406593,97.05246350236501,64,18,0,0,486.61,93.0,0,0
5.83,0.6593406593406593,97.12823618394339,64,18,0,0,500.92,96.0,0,0
5.83,0.6593406593406593,97.1452879066298,64,18,0,0,515.23,99.0,0,0
5.83,7.5,97.21025442050959,64,18,0,0,520,100.0,0,0
5.83,7.5,97.18514108801836,64,18,0,0,505.69,97.0,0,0
5.83,7.5,97.15263478797982,64,18,0,0,491.38,94.0,0,0
5.83,7.5,97.11347591796283,64,18,0,0,477.07,91.0,0,0
5.85,7.5,97.09994168015497,64,18,0,0,462.76,88.0,0,0
5.85,7.5,97.07294594171798,64,18,0,0,448.45,85.0,0,0
5.85,7.5,97.04100585090252,64,18,0,0,434.14,82.0,0,0
5.85,7.5,97.01153993872764,64,18,0,0,419.83,79.0,0,0
5.85,7.5,97.01003628060784,64,18,0,0,405.52,76.0,0,0
5.85,7.5,96.9814642474032,64,18,0,0,391.21,73.0,0,0
5.87,7.5,96.92989533485073,64,18,0,0,376.9,70.0,0,0
5.88,7.5,96.90230055215534,64,18,0,0,362.59000000000003,67.0,0,0
5.88,7.5,96.87320623859638,64,18,0,0,348.28,63.99999999999999,0,0
5.88,7.5,96.83979409913105,64,18,0,0,333.96999999999997,60.99999999999999,0,0
5.88,7.5,96.81509698340183,64,18,0,0,319.65999999999997,57.99999999999999,0,0
5.88,7.5,96.7907770343783,64,18,0,0,305.34999999999997,54.99999999999999,0,0
5.88,7.5,96.76839390248063,64,18,0,0,291.03999999999996,51.99999999999999,0,0
5.88,7.5,96.74814850372542,64,18,0,0,276.7299999999999,48.99999999999998,0,0
5.88,7.5,96.7231946625889,64,18,0,0,262.4199999999999,45.99999999999997,0,0
5.88,7.5,96.69002426086873,64,18,0,0,248.10999999999984,42.99999999999997,0,0
5.88,7.5,96.66511222967576,64,18,0,0,233.79999999999984,39.99999999999997,0,0
5.88,7.5,96.66393124149198,64,18,0,0,219.48999999999984,36.999999999999964,0,0
5.90,7.5,96.62503778782501,64,18,0,0,205.1799999999999,33.99999999999997,0,0
5.90,7.5,96.60884776989855,64,18,0,0,190.8699999999999,30.99999999999997,0,0
5.90,7.5,96.56696383879958,64,18,0,0,176.55999999999983,27.99999999999997,0,0
5.90,7.5,96.56262141715645,64,18,0,0,162.24999999999983,24.99999999999997,0,0
5.90,7.5,96.51191820712151,64,18,0,0,147.93999999999988,21.99999999999997,0,0
5.90,7.5,96.47629445165882,64,18,0,0,133.62999999999988,18.99999999999997,0,0
5.90,7.5,96.44437107036111,64,18,0,0,119.31999999999988,15.999999999999972,0,0
5.90,7.5,96.41868120789216,64,18,0,0,105.00999999999982,12.999999999999972,0,0
5.90,7.5,96.3927614570412,64,18,0,0,90.69999999999987,9.999999999999972,0,0
5.90,7.5,96.38911882923932,65,18,0,0,76.38999999999987,6.999999999999972,0,0
5.92,7.5,96.37152077819786,65,18,0,0,62.07999999999987,3.9999999999999716,0,0
5.92,7.5,96.35355074256384,65,18,0,0,47.76999999999987,0.9999999999999716,0,0
5.92,7.5,96.32480207787044,65,18,0,0,43,0.0,0,0
5.92,7.5,96.33627988371548,65,18,0,0,57.31,3.0,0,0
5.92,7.5,96.33328718090925,65,18,0,0,71.62,6.0,0,0
5.92,7.5,96.34644734884102,65,18,0,0,85.93,9.0,0,0
5.92,7.5,96.33139032602004,65,18,0,0,100.24000000000001,12.0,0,0
5.92,7.5,96.36376352497822,65,18,0,0,114.55000000000001,15.0,0,0
5.92,7.5,96.38829761851511,65,18,0,0,128.86,18.0,0,0
5.92,7.5,96.40468595673055,65,18,0,0,143.16999999999996,21.0,0,0
5.93,7.5,96.43461294961406,65,18,0,0,157.48000000000002,24.0,0,0
5.93,7.5,96.46709583703378,65,18,0,0,171.79000000000002,27.0,0,0
5.93,7.5,96.4874841541181,65,18,0,0,186.10000000000002,30.0,0,0
5.93,7.5,96.47564218871548,65,18,0,0,200.40999999999997,33.0,0,0
5.93,7.5,96.50622345287383,65,18,0,0,214.71999999999997,36.0,0,0
5.93,7.5,96.52494333769486,66,18,0,0,229.03000000000003,39.0,0,0
5.93,7.5,96.53233654459291,66,18,0,0,243.34000000000003,42.00000000000001,0,0
5.93,7.5,96.55900953031703,66,18,0,0,257.65000000000003,45.00000000000001,0,0
5.93,7.5,96.58452894264386,66,18,0,0,271.96000000000004,48.00000000000001,0,0
5.93,7.5,96.6174872916098,66,18,0,0,286.27000000000004,51.00000000000001,0,0
5.95,7.5,96.63889368199285,66,18,0,0,300.58000000000004,54.00000000000001,0,0
5.95,7.5,96.64858328882674,66,18,0,0,314.89000000000004,57.000000000000014,0,0
5.95,7.5,96.67522802435482,66,18,0,0,329.20000000000005,60.00000000000001,0,0
5.95,7.5,96.70423620308856,66,18,0,0,343.51,63.0,0,0
5.95,7.5,96.76037400220197,66,18,0,0,357.82,66.0,0,0
5.95,7.5,96.79603963367079,66,18,0,0,372.13,69.0,0,0
5.95,7.5,96.84720655477956,66,18,0,0,386.44,72.0,0,0
5.95,7.5,96.90359608298431,66,19,0,0,400.75,75.0,0,0
5.95,7.5,96.9463526921397,66,19,0,0,415.06,78.0,0,0
5.95,7.5,97.00091434325094,66,19,0,0,429.37,81.0,0,0
5.97,7.5,97.01898359323546,66,19,0,0,443.68,84.0,0,0
5.97,7.5,97.05102760545583,66,19,0,0,457.99,87.0,0,0
5.97,7.5,97.08018318717431,66,19,0,0,472.3,90.0,0,0
5.97,7.5,97.10515805805272,66,19,0,0,486.61,93.0,0,0
5.97,7.5,97.12777432323881,66,19,0,0,500.92,96.0,0,0
5.97,7.5,97.16280876767348,66,19,0,0,515.23,99.0,0,0
5.97,7.5,97.19501250791902,66,19,0,0,520,100.0,0,0
5.97,7.5,97.18267920371196,66,19,0,0,505.69,97.0,0,0
5.97,7.5,97.15611555010503,66,19,0,0,491.38,94.0,0,0
5.98,7.5,97.13542268969623,66,19,0,0,477.07,91.0,0,0
5.98,7.5,97.12278964499751,66,19,0,0,462.76,88.0,0,0
5.98,7.5,97.08603985649289,66,19,0,0,448.45,85.0,0,0
5.98,7.5,97.07648248187638,66,19,0,0,434.14,82.0,0,0
5.98,7.5,97.06613812539065,66,19,0,0,419.83,79.0,0,0
5.98,7.5,97.04104319197334,67,19,0,0,405.52,76.0,0,0
5.98,7.5,97.011393205642,67,19,0,0,391.21,73.0,0,0
5.98,7.5,96.98433457660319,67,19,0,0,376.9,70.0,0,0
5.98,7.5,96.96594120036401,67,19,0,0,362.59000000000003,67.0,0,0
5.98,7.5,96.94803216336487,67,19,0,0,348.28,63.99999999999999,0,0
5.98,7.5,96.92360258958217,67,20,0,0,333.96999999999997,60.99999999999999,0,0
6.00,7.5,96.89959899233044,67,20,0,0,319.65999999999997,57.99999999999999,0,0
6.00,7.5,96.8795252657741,68,20,0,0,305.34999999999997,54.99999999999999,0,0
6.00,7.5,96.85254085897863,68,20,0,0,291.03999999999996,51.99999999999999,0,0
6.00,7.5,96.8168509760287,68,20,0,0,276.7299999999999,48.99999999999998,0,0
6.00,7.5,96.78638669835435,68,20,0,0,262.4199999999999,45.99999999999997,0,0
6.00,7.5,96.74110022968823,68,20,0,0,248.10999999999984,42.99999999999997,0,0
6.00,7.5,96.69896788652115,69,20,0,0,233.79999999999984,39.99999999999997,0,0
6.00,7.5,96.66501821170773,69,20,0,0,219.48999999999984,36.999999999999964,0,0
6.00,7.5,96.64732535659292,69,20,0,0,205.1799999999999,33.99999999999997,0,0
6.00,7.5,96.60521647861945,69,20,0,0,190.8699999999999,30.99999999999997,0,0
6.02,7.5,96.59262715966118,69,20,0,0,176.55999999999983,27.99999999999997,0,0
6.02,7.5,96.57221696826828,69,20,0,0,162.24999999999983,24.99999999999997,0,0
6.02,7.5,96.53866783562749,69,20,0,0,147.93999999999988,21.99999999999997,0,0
6.62,7.5,96.51612731021523,69,20,0,0,133.62999999999988,18.99999999999997,0,0
6.62,7.5,96.48925620955788,69,20,0,0,119.31999999999988,15.999999999999972,0,0
6.62,7.5,96.45772971921421,69,20,0,0,105.00999999999982,12.999999999999972,0,0
6.62,7.5,96.43775309221023,69,20,0,0,90.69999999999987,9.999999999999972,0,0
6.62,7.5,96.40474209381507,69,20,0,0,76.38999999999987,6.999999999999972,0,0
6.62,7.5,96.38557539432796,69,20,0,0,62.07999999999987,3.9999999999999716,0,0
6.62,7.5,96.36846011510791,69,20,0,0,47.76999999999987,0.9999999999999716,0,0
6.63,7.5,96.35599480509354,69,20,0,0,43,0.0,0,0
6.63,7.5,96.38537163598895,69,20,0,0,57.31,3.0,0,0
6.63,7.5,96.38326132065875,69,20,0,0,71.62,6.0,0,0
6.63,7.5,96.385635547602,69,20,0,0,85.93,9.0,0,0
6.63,7.5,96.39371652418544,69,20,0,0,100.24000000000001,12.0,0,0
6.63,7.5,96.40993646159032,69,20,0,0,114.55000000000001,15.0,0,0
6.63,7.5,96.41971692024623,69,20,0,0,128.86,18.0,0,0
6.63,7.5,96.41410520136351,69,20,0,0,143.16999999999996,21.0,0,0
6.63,7.5,96.40084595387714,69,20,0,0,157.48000000000002,24.0,0,0
6.65,7.5,96.4152844272709,69,20,0,0,171.79000000000002,27.0,0,0
6.65,7.5,96.40016222604169,69,20,0,0,186.10000000000002,30.0,0,0
6.65,7.5,96.41031258897928,69,20,0,0,200.40999999999997,33.0,0,0
6.65,7.5,96.41314394852871,69,20,0,0,214.71999999999997,36.0,0,0
6.65,7.5,96.41211779208713,69,20,0,0,229.03000000000003,39.0,0,0
6.65,7.5,96.40641364633923,69,20,0,0,243.34000000000003,42.00000000000001,0,0
6.65,7.5,96.41214859263437,69,20,0,0,257.65000000000003,45.00000000000001,0,0
6.65,7.5,96.44139320398719,69,20,0,0,271.96000000000004,48.00000000000001,0,0
6.67,7.5,96.45668566391736,69,20,0,0,286.27000000000004,51.00000000000001,0,0
6.67,7.5,96.47083475583135,69,20,0,0,300.58000000000004,54.00000000000001,0,0
6.67,7.5,96.49241860121755,69,20,0,0,314.89000000000004,57.000000000000014,0,0
6.67,7.5,96.50825758020665,69,20,0,0,329.20000000000005,60.00000000000001,0,0
6.67,7.5,96.52929224583751,69,20,0,0,343.51,63.0,0,0
6.67,7.5,96.57666295469234,69,20,0,0,357.82,66.0,0,0
6.67,7.5,96.60517340448747,69,20,0,0,372.13,69.0,0,0
6.67,7.5,96.61984491534534,69,20,0,0,386.44,72.0,0,0
6.67,7.5,96.65228816213457,69,20,0,0,400.75,75.0,0,0
6.67,7.5,96.67948734221336,69,20,0,0,415.06,78.0,0,0
6.68,7.5,96.74266742551167,69,20,0,0,429.37,81.0,0,0
6.68,7.5,96.78060487234653,69,20,0,0,443.68,84.0,0,0
6.68,7.5,96.82491090297411,69,20,0,0,457.99,87.0,0,0
6.68,7.5,96.84950626649062,69,20,0,0,472.3,90.0,0,0
6.68,7.5,96.9184535621017,69,20,0,0,486.61,93.0,0,0
6.68,7.5,96.9534922276828,69,20,0,0,500.92,96.0,0,0
6.68,7.5,96.97922020915458,69,20,0,0,515.23,99.0,0,0
6.68,1.3953488372093024,97.01878285509773,69,20,0,0,520,100.0,0,0
6.70,1.3953488372093024,96.98262785852339,69,20,0,0,505.69,97.0,0,0
6.70,1.3953488372093024,96.9520311333478,69,20,0,0,491.38,94.0,0,0
6.70,1.3953488372093024,96.9200251069161,69,20,0,0,477.07,91.0,0,0
6.70,1.3953488372093024,96.8984610601038,69,20,0,0,462.76,88.0,0,0
6.73,1.3953488372093024,96.87639466272965,69,20,0,0,448.45,85.0,0,0
6.73,1.3953488372093024,96.83156334141748,69,20,0,0,434.14,82.0,0,0
6.73,1.3953488372093024,96.80815947301662,69,20,0,0,419.83,79.0,0,0
6.73,1.3953488372093024,96.78012757082743,69,20,0,0,405.52,76.0,0,0
6.73,1.3953488372093024,96.73847834452158,69,20,0,0,391.21,73.0,0,0
6.73,1.3953488372093024,96.7247687947218,69,20,0,0,376.9,70.0,0,0
6.75,1.3953488372093024,96.68902287616532,69,20,0,0,362.59000000000003,67.0,0,0
6.75,1.3953488372093024,96.6665210441994,69,20,0,0,348.28,63.99999999999999,0,0
6.75,1.3953488372093024,96.62471394497469,69,20,0,0,333.96999999999997,60.99999999999999,0,0
6.75,1.3953488372093024,96.59508500526937,69,20,0,0,319.65999999999997,57.99999999999999,0,0
6.75,1.3953488372093024,96.57624508088391,69,20,0,0,305.34999999999997,54.99999999999999,0,0
6.75,1.3953488372093024,96.5530708431051,69,20,0,0,291.03999999999996,51.99999999999999,0,0
6.75,1.3953488372093024,96.53169403814758,69,20,0,0,276.7299999999999,48.99999999999998,0,0
6.75,1.3953488372093024,96.5120076148944,69,20,0,0,262.4199999999999,45.99999999999997,0,0
6.75,1.3953488372093024,96.48463687974665,69,20,0,0,248.10999999999984,42.99999999999997,0,0
6.75,1.3953488372093024,96.47639777993491,69,20,0,0,233.79999999999984,39.99999999999997,0,0
6.77,1.3953488372093024,96.45880718774156,69,20,0,0,219.48999999999984,36.999999999999964,0,0
6.77,1.3953488372093024,96.43216641285072,69,20,0,0,205.1799999999999,33.99999999999997,0,0
6.77,1.3953488372093024,96.41620028000109,69,20,0,0,190.8699999999999,30.99999999999997,0,0
6.77,1.3953488372093024,96.39681307982929,69,20,0,0,176.55999999999983,27.99999999999997,0,0
6.77,1.3953488372093024,96.36272241975952,69,20,0,0,162.24999999999983,24.99999999999997,0,0
6.77,1.3953488372093024,96.3431862637061,69,20,0,0,147.93999999999988,21.99999999999997,0,0
6.77,1.3953488372093024,96.30431146802523,69,20,0,0,133.62999999999988,18.99999999999997,0,0
6.77,1.3953488372093024,96.28549976103936,69,20,0,0,119.31999999999988,15.999999999999972,0,0
6.77,1.3953488372093024,96.24818592415572,69,20,0,0,105.00999999999982,12.999999999999972,0,0
6.77,1.3953488372093024,96.23737534313787,69,20,0,0,90.69999999999987,9.999999999999972,0,0
6.78,1.3953488372093024,96.2207300950379,69,20,0,0,76.38999999999987,6.999999999999972,0,0
6.78,1.3953488372093024,96.1772630951158,69,20,0,0,62.07999999999987,3.9999999999999716,0,0
6.78,1.3953488372093024,96.1392803197729,69,20,0,0,47.76999999999987,0.9999999999999716,0,0
6.78,1.3953488372093024,96.10985591023105,69,20,0,0,43,0.0,0,0
6.78,1.3953488372093024,96.14541588130594,69,20,0,0,57.31,3.0,0,0
6.78,1.3953488372093024,96.15491054588566,69,21,0,0,71.62,6.0,0,0
6.78,1.3953488372093024,96.14704131976448,69,21,0,0,85.93,9.0,0,0
6.78,1.3953488372093024,96.13958503563094,69,21,0,0,100.24000000000001,12.0,0,0
6.78,1.3953488372093024,96.15097077030026,69,21,0,0,114.55000000000001,15.0,0,0
6.78,1.3953488372093024,96.16903199751697,69,21,0,0,128.86,18.0,0,0
6.80,1.3953488372093024,96.19147284098977,69,21,0,0,143.16999999999996,21.0,0,0
6.80,1.3953488372093024,96.20202431254073,69,21,0,0,157.48000000000002,24.0,0,0
6.80,1.3953488372093024,96.22673857752538,70,21,0,0,171.79000000000002,27.0,0,0
6.80,1.3953488372093024,96.24326173527415,70,21,0,0,186.10000000000002,30.0,0,0
6.80,1.3953488372093024,96.27002032437724,70,21,0,0,200.40999999999997,33.0,0,0
6.80,1.3953488372093024,96.27030052194085,70,21,0,0,214.71999999999997,36.0,0,0
6.80,1.3953488372093024,96.29372165666851,70,21,0,0,229.03000000000003,39.0,0,0
6.80,1.3953488372093024,96.30052563488879,70,21,0,0,243.34000000000003,42.00000000000001,0,0
