Time Elapsed (min),Stroke Rate,Average Power,Score,Misses,Handle Force (ai20),Handle Position (ai21),Raw Seat Position (ai22),Converted Seat Position,Left Foot Force (ai16),Right Foot Force (ai18)
0.00,0,0,0,0,0,0,348.28,63.99999999999999,0,0
0.00,26.82766350832378,76.75512407286232,0,0,0,0,333.96999999999997,60.99999999999999,0,0
0.00,26.080101112962602,74.97417553203685,0,0,0,0,319.65999999999997,57.99999999999999,0,0
0.00,24.9870352122577,64.9170794093726,0,0,0,0,305.34999999999997,54.99999999999999,0,0
0.00,23.844402013260876,58.53924472295902,0,0,0,0,291.03999999999996,51.99999999999999,0,0
0.00,25.002748969245914,56.844292182740865,0,0,0,0,276.7299999999999,48.99999999999998,0,0
0.00,26.32470834881891,55.180713629796514,0,0,0,0,262.4199999999999,45.99999999999997,0,0
0.00,24.96670759083944,55.170186887414644,0,0,0,0,248.10999999999984,42.99999999999997,0,0
0.00,23.334231900648636,58.81007092482191,0,0,0,0,233.79999999999984,39.99999999999997,0,0
0.00,22.518593217795285,57.33751089727313,0,0,0,0,219.48999999999984,36.999999999999964,0,0
0.00,22.97564937945552,56.214226929157945,0,0,0,0,205.1799999999999,33.99999999999997,0,0
0.02,24.904930791998726,55.29209527700889,0,0,0,0,190.8699999999999,30.99999999999997,0,0
0.02,26.4483370252589,55.611293795485636,1,0,0,0,176.55999999999983,27.99999999999997,0,0
0.02,25.19830518939561,55.89022962601043,1,0,0,0,162.24999999999983,24.99999999999997,0,0
0.02,24.642023757360782,56.30625678272668,1,0,0,0,147.93999999999988,21.99999999999997,0,0
0.02,25.373816789252317,56.63274753282696,1,0,0,0,133.62999999999988,18.99999999999997,0,0
0.02,25.698582624317897,56.679069200517546,1,0,0,0,119.31999999999988,15.999999999999972,0,0
0.02,24.035016019909886,57.26745673988186,1,0,0,0,105.00999999999982,12.999999999999972,0,0
0.02,24.37884507708609,56.36319292997898,1,0,0,0,90.69999999999987,9.999999999999972,0,0
0.02,24.39016104550261,56.632416036447296,1,0,0,0,76.38999999999987,6.999999999999972,0,0
0.02,24.974274691537666,56.60895292266554,1,0,0,0,62.07999999999987,3.9999999999999716,0,0
0.03,25.11647786932549,55.612487789874756,1,0,0,0,47.76999999999987,0.9999999999999716,0,0
0.03,26.394654400421963,54.50444250844395,1,0,0,0,43,0.0,0,0
0.03,25.556444794352412,56.79299425545104,1,0,0,0,57.31,3.0,0,0
0.03,26.394594469130507,60.59181787820717,1,0,0,0,71.62,6.0,0,0
0.03,26.728503109229976,63.11444890670379,2,0,0,0,85.93,9.0,0,0
0.03,25.824003149953853,65.38233735771367,2,0,0,0,100.24000000000001,12.0,0,0
0.03,26.88754123411717,65.9803253840414,2,0,0,0,114.55000000000001,15.0,0,0
0.03,27.135588771939084,67.87852850677469,2,0,0,0,128.86,18.0,0,0
0.03,28.614994397331657,69.46312911466687,2,0,0,0,143.16999999999996,21.0,0,0
0.03,28.121525006125765,71.73519203654939,2,0,0,0,157.48000000000002,24.0,0,0
0.05,28.154769593308394,73.09823253315763,2,0,0,0,171.79000000000002,27.0,0,0
0.05,29.287544357348295,74.00986745955102,2,0,0,0,186.10000000000002,30.0,0,0
0.05,30.08850720704261,75.08959229037595,2,0,0,0,200.40999999999997,33.0,0,0
0.05,29.067986350060167,76.41935655698309,2,0,0,0,214.71999999999997,36.0,0,0
0.05,29.335957809879858,76.95382761689427,2,0,0,0,229.03000000000003,39.0,0,0
0.05,29.659754704377594,77.18843543400897,2,0,0,0,243.34000000000003,42.00000000000001,0,0
0.05,31.050274974856727,78.33593283142552,2,0,0,0,257.65000000000003,45.00000000000001,0,0
0.05,29.215644772264774,80.40765132503644,2,0,0,0,271.96000000000004,48.00000000000001,0,0
0.05,30.39889706789792,81.59121025080086,2,0,0,0,286.27000000000004,51.00000000000001,0,0
0.05,29.41247463009224,82.89889959357657,2,0,0,0,300.58000000000004,54.00000000000001,0,0
0.07,29.445972625391594,84.12302548215183,2,0,0,0,314.89000000000004,57.000000000000014,0,0
0.07,27.93026562220517,86.67097654390018,2,0,0,0,329.20000000000005,60.00000000000001,0,0
0.07,27.159747285800005,87.95693995000339,2,0,0,0,343.51,63.0,0,0
0.07,25.99573564438017,89.5773536827668,2,0,0,0,357.82,66.0,0,0
0.07,26.496597072579448,91.74330442907006,2,0,0,0,372.13,69.0,0,0
0.07,28.34986352601236,92.93600689471565,2,0,0,0,386.44,72.0,0,0
0.07,29.531336050817835,93.9353099527147,2,0,0,0,400.75,75.0,0,0
0.07,31.033247831425644,94.96605755859078,2,0,0,0,415.06,78.0,0,0
0.07,29.640056836552905,96.670715379693,2,0,0,0,429.37,81.0,0,0
0.07,29.207376154650962,97.4833625784809,2,0,0,0,443.68,84.0,0,0
0.08,27.894002457066396,98.11294710860301,2,0,0,0,457.99,87.0,0,0
0.08,29.203400216300246,99.2633281130307,2,0,0,0,472.3,90.0,0,0
0.08,30.853870433950767,99.84289091565489,2,0,0,0,486.61,93.0,0,0
0.08,32.43271708901705,100.82362536929003,2,0,0,0,500.92,96.0,0,0
0.08,33.56020084264269,102.20126232831807,2,0,0,0,515.23,99.0,0,0
0.08,32.99077717731957,103.47792069278151,2,0,0,0,520,100.0,0,0
0.08,33.90573361858489,102.20984517442656,2,0,0,0,505.69,97.0,0,0
0.08,33.37733300149867,101.32874143145857,2,0,0,0,491.38,94.0,0,0
0.08,34.17672109973152,100.5934959204137,2,0,0,0,477.07,91.0,0,0
0.08,32.257101774970074,100.01717692372303,2,0,0,0,462.76,88.0,0,0
0.10,30.59533260203568,99.19547763140257,2,0,0,0,448.45,85.0,0,0
0.10,29.50422902795905,98.47277142640677,2,0,0,0,434.14,82.0,0,0
0.10,30.46905169174213,97.67558157006941,2,0,0,0,419.83,79.0,0,0
0.10,32.253631385962194,96.77855167263188,2,0,0,0,405.52,76.0,0,0
0.10,31.95934290252645,96.21085959268335,2,0,0,0,391.21,73.0,0,0
0.10,30.6948545871344,95.99124232517183,2,0,0,0,376.9,70.0,0,0
0.10,30.990249566310013,95.77372515793888,2,0,0,0,362.59000000000003,67.0,0,0
0.10,31.005259458311954,95.17712529049176,2,0,0,0,348.28,63.99999999999999,0,0
0.10,31.406064230621507,94.51148805258929,2,0,0,0,333.96999999999997,60.99999999999999,0,0
0.10,30.223761097691984,94.11796038648774,2,0,0,0,319.65999999999997,57.99999999999999,0,0
0.12,30.997063624075192,93.18548618899916,2,0,0,0,305.34999999999997,54.99999999999999,0,0
0.12,32.730032872052426,92.82565323495464,2,0,0,0,291.03999999999996,51.99999999999999,0,0
0.12,31.35717043187286,92.24220228280282,2,0,0,0,276.7299999999999,48.99999999999998,0,0
0.12,32.45177272666406,91.92210272142329,2,0,0,0,262.4199999999999,45.99999999999997,0,0
0.12,34.13062584677275,91.47979749791023,2,0,0,0,248.10999999999984,42.99999999999997,0,0
0.12,34.214271187533065,90.83991982674283,2,0,0,0,233.79999999999984,39.99999999999997,0,0
0.12,34.39681933502012,90.50222080480552,2,0,0,0,219.48999999999984,36.999999999999964,0,0
0.12,34.89007781946002,89.87277632092751,2,0,0,0,205.1799999999999,33.99999999999997,0,0
0.12,35,89.48400064295478,2,0,0,0,190.8699999999999,30.99999999999997,0,0
0.12,34.664202736842775,88.90458331838917,2,0,0,0,176.55999999999983,27.99999999999997,0,0
0.13,35,88.46535449801974,2,0,0,0,162.24999999999983,24.99999999999997,0,0
0.13,35,87.89899148880906,2,0,0,0,147.93999999999988,21.99999999999997,0,0
0.13,34.67990919589834,87.71190570623368,2,0,0,0,133.62999999999988,18.99999999999997,0,0
0.13,35,87.54767378666308,2,0,0,0,119.31999999999988,15.999999999999972,0,0
0.13,34.51853160104404,87.34649051805476,2,0,0,0,105.00999999999982,12.999999999999972,0,0
0.13,33.9498376565706,87.1156037426147,2,0,0,0,90.69999999999987,9.999999999999972,0,0
0.13,34.620472107985435,86.4490446422743,2,0,0,0,76.38999999999987,6.999999999999972,0,0
0.13,33.38819446341573,86.01202723275512,2,0,0,0,62.07999999999987,3.9999999999999716,0,0
0.13,34.97573946012354,85.57416117543566,2,0,0,0,47.76999999999987,0.9999999999999716,0,0
0.13,35,85.48630842898838,2,0,0,0,43,0.0,0,0
0.15,33.73759082583186,85.9405619322184,2,0,0,0,57.31,3.0,0,0
0.15,33.45532895880663,85.9789336719456,2,0,0,0,71.62,6.0,0,0
0.15,31.92443235391742,86.05642906618598,2,0,0,0,85.93,9.0,0,0
0.15,32.75343638138993,86.20956902875471,2,0,0,0,100.24000000000001,12.0,0,0
0.15,31.284305340876994,86.40976477600357,2,0,0,0,114.55000000000001,15.0,0,0
0.15,31.903649702741852,86.57733179143031,2,0,0,0,128.86,18.0,0,0
0.15,32.25819368514645,86.87497786820418,2,0,0,0,143.16999999999996,21.0,0,0
0.15,33.88905159108043,87.03607442509826,2,1,0,0,157.48000000000002,24.0,0,0
0.15,35,87.53880433171902,3,1,0,0,171.79000000000002,27.0,0,0
0.15,35,87.48526686475768,3,1,0,0,186.10000000000002,30.0,0,0
0.17,34.48560431226961,87.70671037043155,3,1,0,0,200.40999999999997,33.0,0,0
0.17,35,87.6827213526043,3,1,0,0,214.71999999999997,36.0,0,0
0.17,35,87.77733388213686,3,1,0,0,229.03000000000003,39.0,0,0
0.17,35,87.80584683173863,3,1,0,0,243.34000000000003,42.00000000000001,0,0
0.17,34.33172814153337,88.20006531238928,3,1,0,0,257.65000000000003,45.00000000000001,0,0
0.17,33.34850546137122,87.98122049621966,3,1,0,0,271.96000000000004,48.00000000000001,0,0
0.17,34.964821673542986,89.11751486415612,3,1,0,0,286.27000000000004,51.00000000000001,0,0
0.17,35,90.15582813521065,3,1,0,0,300.58000000000004,54.00000000000001,0,0
0.17,35,90.92499542469807,3,1,0,0,314.89000000000004,57.000000000000014,0,0
0.17,35,91.22286751520227,3,1,0,0,329.20000000000005,60.00000000000001,0,0
0.18,33.96352872747275,91.65490693452519,3,2,0,0,343.51,63.0,0,0
0.18,33.48754798233368,91.8233864286651,3,2,0,0,357.82,66.0,0,0
0.18,33.63097042514048,92.48065703016422,3,2,0,0,372.13,69.0,0,0
0.18,33.21318963584712,92.86790841128882,3,2,0,0,386.44,72.0,0,0
0.18,34.69308259686253,93.76787847604729,4,2,0,0,400.75,75.0,0,0
0.18,34.594956789097814,94.45238364398945,4,2,0,0,415.06,78.0,0,0
0.18,33.74750541105422,94.96153121196636,4,2,0,0,429.37,81.0,0,0
0.18,32.07607982337547,95.20349786824397,4,2,0,0,443.68,84.0,0,0
0.18,32.029961538644514,95.51365726949366,4,2,0,0,457.99,87.0,0,0
0.18,33.39676059886521,96.15655739034618,4,2,0,0,472.3,90.0,0,0
0.20,32.84637782030282,96.78585534518284,4,2,0,0,486.61,93.0,0,0
0.20,32.1874250952867,97.43778825122388,4,2,0,0,500.92,96.0,0,0
0.20,33.34361160158973,97.62271585330623,4,2,0,0,515.23,99.0,0,0
0.20,8.571428571428571,97.99197803999097,4,3,0,0,520,100.0,0,0
0.20,8.571428571428571,97.66592663069072,4,3,0,0,505.69,97.0,0,0
0.20,8.571428571428571,97.10558967754942,4,3,0,0,491.38,94.0,0,0
0.20,8.571428571428571,96.81975044031248,4,3,0,0,477.07,91.0,0,0
0.20,8.571428571428571,96.41501205623962,4,3,0,0,462.76,88.0,0,0
0.20,8.571428571428571,96.11005478165497,4,3,0,0,448.45,85.0,0,0
0.20,8.571428571428571,95.75040114056019,4,3,0,0,434.14,82.0,0,0
0.22,8.571428571428571,95.22160417483619,4,3,0,0,419.83,79.0,0,0
0.22,8.571428571428571,94.83266996473662,4,4,0,0,405.52,76.0,0,0
0.22,8.571428571428571,94.47415481581054,4,4,0,0,391.21,73.0,0,0
0.22,8.571428571428571,93.9247979532692,4,4,0,0,376.9,70.0,0,0
0.22,8.571428571428571,93.67038965056064,4,4,0,0,362.59000000000003,67.0,0,0
0.22,8.571428571428571,93.31880768316144,4,4,0,0,348.28,63.99999999999999,0,0
0.22,8.571428571428571,93.20619833009174,4,4,0,0,333.96999999999997,60.99999999999999,0,0
0.22,8.571428571428571,92.95790072265817,4,4,0,0,319.65999999999997,57.99999999999999,0,0
0.22,8.571428571428571,92.7312703528665,4,4,0,0,305.34999999999997,54.99999999999999,0,0
0.22,8.571428571428571,92.52829294653503,4,4,0,0,291.03999999999996,51.99999999999999,0,0
0.23,8.571428571428571,92.44411064375237,4,4,0,0,276.7299999999999,48.99999999999998,0,0
0.23,8.571428571428571,92.33923226858619,4,4,0,0,262.4199999999999,45.99999999999997,0,0
0.23,8.571428571428571,91.88259848494891,4,4,0,0,248.10999999999984,42.99999999999997,0,0
0.23,8.571428571428571,91.79080692970419,4,4,0,0,233.79999999999984,39.99999999999997,0,0
0.23,8.571428571428571,91.5435266460322,4,4,0,0,219.48999999999984,36.999999999999964,0,0
0.23,8.571428571428571,91.29341730775832,4,4,0,0,205.1799999999999,33.99999999999997,0,0
0.23,8.571428571428571,91.19439524453944,4,4,0,0,190.8699999999999,30.99999999999997,0,0
0.23,8.571428571428571,91.0073174723704,4,4,0,0,176.55999999999983,27.99999999999997,0,0
0.23,8.571428571428571,90.61835658508326,4,4,0,0,162.24999999999983,24.99999999999997,0,0
0.23,8.571428571428571,90.63985202929,4,4,0,0,147.93999999999988,21.99999999999997,0,0
0.25,8.571428571428571,90.45596028314279,4,4,0,0,133.62999999999988,18.99999999999997,0,0
0.25,8.571428571428571,90.20819454938587,4,4,0,0,119.31999999999988,15.999999999999972,0,0
0.25,8.571428571428571,90.01618788437953,4,4,0,0,105.00999999999982,12.999999999999972,0,0
0.25,8.571428571428571,89.75555945597527,4,4,0,0,90.69999999999987,9.999999999999972,0,0
0.25,8.571428571428571,89.52219872475543,4,4,0,0,76.38999999999987,6.999999999999972,0,0
0.25,8.571428571428571,89.02363596860283,4,4,0,0,62.07999999999987,3.9999999999999716,0,0
0.25,8.571428571428571,88.74706204357632,4,4,0,0,47.76999999999987,0.9999999999999716,0,0
0.25,8.571428571428571,88.67597483711552,4,4,0,0,43,0.0,0,0
0.25,8.571428571428571,88.98746299144071,4,4,0,0,57.31,3.0,0,0
0.25,8.571428571428571,89.36761303604587,4,4,0,0,71.62,6.0,0,0
0.27,8.571428571428571,89.60111779489259,4,4,0,0,85.93,9.0,0,0
0.27,8.571428571428571,89.56876194660867,4,4,0,0,100.24000000000001,12.0,0,0
0.27,8.571428571428571,89.5340200551813,4,4,0,0,114.55000000000001,15.0,0,0
0.27,8.571428571428571,89.64950558146896,4,4,0,0,128.86,18.0,0,0
0.27,8.571428571428571,89.72092285149454,4,4,0,0,143.16999999999996,21.0,0,0
0.27,8.571428571428571,89.98852692649204,4,4,0,0,157.48000000000002,24.0,0,0
0.27,8.571428571428571,90.23861889998504,4,4,0,0,171.79000000000002,27.0,0,0
0.27,8.571428571428571,90.41059032591794,4,4,0,0,186.10000000000002,30.0,0,0
0.27,8.571428571428571,90.56725970889411,4,4,0,0,200.40999999999997,33.0,0,0
0.27,8.571428571428571,90.64527889435341,4,5,0,0,214.71999999999997,36.0,0,0
0.28,8.571428571428571,90.84465003539704,4,5,0,0,229.03000000000003,39.0,0,0
0.28,8.571428571428571,90.94488721089874,4,5,0,0,243.34000000000003,42.00000000000001,0,0
0.28,8.571428571428571,91.23514411597888,4,5,0,0,257.65000000000003,45.00000000000001,0,0
0.28,8.571428571428571,91.48491045790466,4,5,0,0,271.96000000000004,48.00000000000001,0,0
0.28,8.571428571428571,91.94432669213906,4,5,0,0,286.27000000000004,51.00000000000001,0,0
0.28,8.571428571428571,92.10771693019143,4,5,0,0,300.58000000000004,54.00000000000001,0,0
0.28,8.571428571428571,92.66575767508455,4,5,0,0,314.89000000000004,57.000000000000014,0,0
0.28,8.571428571428571,92.93947422209854,4,5,0,0,329.20000000000005,60.00000000000001,0,0
0.28,8.571428571428571,93.22428248903528,5,5,0,0,343.51,63.0,0,0
0.28,8.571428571428571,93.61989619182296,5,5,0,0,357.82,66.0,0,0
0.30,8.571428571428571,93.9081995102923,5,5,0,0,372.13,69.0,0,0
0.30,8.571428571428571,94.33705694946059,5,5,0,0,386.44,72.0,0,0
0.30,8.571428571428571,94.59429818571795,5,5,0,0,400.75,75.0,0,0
0.30,8.571428571428571,94.9342204336854,5,5,0,0,415.06,78.0,0,0
0.30,8.571428571428571,95.24652426438837,5,5,0,0,429.37,81.0,0,0
0.30,8.571428571428571,95.52246635106613,5,5,0,0,443.68,84.0,0,0
0.30,8.571428571428571,95.64603063310116,6,5,0,0,457.99,87.0,0,0
0.30,8.571428571428571,96.04936805884678,6,5,0,0,472.3,90.0,0,0
0.30,8.571428571428571,96.54142531912626,6,5,0,0,486.61,93.0,0,0
0.30,8.571428571428571,96.72414668833595,6,5,0,0,500.92,96.0,0,0
0.32,8.571428571428571,97.03714886916974,6,5,0,0,515.23,99.0,0,0
0.32,8.571428571428571,97.46992217266636,6,5,0,0,520,100.0,0,0
0.32,8.571428571428571,97.26826902536456,6,5,0,0,505.69,97.0,0,0
0.32,8.571428571428571,97.03393065511678,6,5,0,0,491.38,94.0,0,0
0.32,8.571428571428571,96.89639910178721,6,5,0,0,477.07,91.0,0,0
0.32,8.571428571428571,96.6339837141031,6,5,0,0,462.76,88.0,0,0
0.32,8.571428571428571,96.55331653728366,6,5,0,0,448.45,85.0,0,0
0.32,8.571428571428571,96.22878188835352,7,5,0,0,434.14,82.0,0,0
0.32,8.571428571428571,95.9293945449056,7,5,0,0,419.83,79.0,0,0
0.32,8.571428571428571,95.66796651317115,7,5,0,0,405.52,76.0,0,0
0.33,8.571428571428571,95.48348419572946,7,5,0,0,391.21,73.0,0,0
0.33,8.571428571428571,95.44025892707302,7,5,0,0,376.9,70.0,0,0
0.33,8.571428571428571,95.25462018557879,7,5,0,0,362.59000000000003,67.0,0,0
0.33,8.571428571428571,95.20373425586827,7,5,0,0,348.28,63.99999999999999,0,0
0.33,8.571428571428571,94.85160311079584,7,5,0,0,333.96999999999997,60.99999999999999,0,0
0.33,8.571428571428571,94.63315063646948,7,5,0,0,319.65999999999997,57.99999999999999,0,0
0.33,8.571428571428571,94.47545686512966,7,5,0,0,305.34999999999997,54.99999999999999,0,0
0.33,8.571428571428571,94.27335234794468,7,5,0,0,291.03999999999996,51.99999999999999,0,0
0.33,8.571428571428571,94.00448061503091,7,5,0,0,276.7299999999999,48.99999999999998,0,0
0.33,8.571428571428571,93.85578177515924,7,5,0,0,262.4199999999999,45.99999999999997,0,0
0.35,8.571428571428571,93.54174105831336,7,5,0,0,248.10999999999984,42.99999999999997,0,0
0.35,8.571428571428571,93.3376577521992,7,5,0,0,233.79999999999984,39.99999999999997,0,0
0.35,8.571428571428571,93.1344608529879,7,5,0,0,219.48999999999984,36.999999999999964,0,0
0.35,8.571428571428571,92.92740452678696,7,5,0,0,205.1799999999999,33.99999999999997,0,0
0.35,8.571428571428571,92.67667350634191,7,5,0,0,190.8699999999999,30.99999999999997,0,0
0.35,8.571428571428571,92.424755932838,7,5,0,0,176.55999999999983,27.99999999999997,0,0
0.35,8.571428571428571,92.30564968171942,7,5,0,0,162.24999999999983,24.99999999999997,0,0
0.35,8.571428571428571,92.07538566108104,8,5,0,0,147.93999999999988,21.99999999999997,0,0
0.35,8.571428571428571,91.85337673356874,8,5,0,0,133.62999999999988,18.99999999999997,0,0
0.35,8.571428571428571,91.71087400175297,8,5,0,0,119.31999999999988,15.999999999999972,0,0
0.37,8.571428571428571,91.4235563476724,8,5,0,0,105.00999999999982,12.999999999999972,0,0
0.37,8.571428571428571,91.2775004990904,8,5,0,0,90.69999999999987,9.999999999999972,0,0
0.37,8.571428571428571,91.1977616872485,8,5,0,0,76.38999999999987,6.999999999999972,0,0
0.37,8.571428571428571,91.08003122668002,9,5,0,0,62.07999999999987,3.9999999999999716,0,0
0.37,8.571428571428571,91.10450866450724,9,5,0,0,47.76999999999987,0.9999999999999716,0,0
0.37,8.571428571428571,90.99852448538448,9,5,0,0,43,0.0,0,0
0.37,8.571428571428571,91.23780181210442,9,5,0,0,57.31,3.0,0,0
0.37,8.571428571428571,91.26171749226751,9,5,0,0,71.62,6.0,0,0
0.37,8.571428571428571,91.30915830697029,9,5,0,0,85.93,9.0,0,0
0.37,8.571428571428571,91.49400786273345,9,5,0,0,100.24000000000001,12.0,0,0
0.38,8.571428571428571,91.73405979558972,9,5,0,0,114.55000000000001,15.0,0,0
0.38,8.571428571428571,91.80282385943948,9,5,0,0,128.86,18.0,0,0
0.38,8.571428571428571,91.92305179735523,9,5,0,0,143.16999999999996,21.0,0,0
0.38,8.571428571428571,92.07555398055611,9,5,0,0,157.48000000000002,24.0,0,0
0.38,8.571428571428571,92.34948202716784,9,5,0,0,171.79000000000002,27.0,0,0
0.38,8.571428571428571,92.41488203910927,9,5,0,0,186.10000000000002,30.0,0,0
0.38,8.571428571428571,92.33948580524981,9,5,0,0,200.40999999999997,33.0,0,0
0.38,8.571428571428571,92.47229545085362,9,5,0,0,214.71999999999997,36.0,0,0
0.38,8.571428571428571,92.64851258643715,9,5,0,0,229.03000000000003,39.0,0,0
0.38,8.571428571428571,92.88701815964207,9,5,0,0,243.34000000000003,42.00000000000001,0,0
0.40,8.571428571428571,92.99308374411706,9,5,0,0,257.65000000000003,45.00000000000001,0,0
0.40,8.571428571428571,93.12146460506517,9,5,0,0,271.96000000000004,48.00000000000001,0,0
0.40,8.571428571428571,93.3268208204669,9,5,0,0,286.27000000000004,51.00000000000001,0,0
0.40,8.571428571428571,93.69342196290906,9,5,0,0,300.58000000000004,54.00000000000001,0,0
0.40,8.571428571428571,93.83223814017813,9,5,0,0,314.89000000000004,57.000000000000014,0,0
0.40,8.571428571428571,94.09521663538433,9,5,0,0,329.20000000000005,60.00000000000001,0,0
0.40,8.571428571428571,94.32018443988395,9,5,0,0,343.51,63.0,0,0
0.40,8.571428571428571,94.74288280065838,9,5,0,0,357.82,66.0,0,0
0.40,8.571428571428571,95.10155863844474,9,5,0,0,372.13,69.0,0,0
0.40,8.571428571428571,95.27998495413047,9,5,0,0,386.44,72.0,0,0
0.42,8.571428571428571,95.43415288722308,9,5,0,0,400.75,75.0,0,0
0.42,8.571428571428571,95.73958235236812,9,5,0,0,415.06,78.0,0,0
0.42,8.571428571428571,95.95387293956853,9,5,0,0,429.37,81.0,0,0
0.42,8.571428571428571,96.36502128548398,9,5,0,0,443.68,84.0,0,0
0.42,8.571428571428571,96.64387017287355,9,5,0,0,457.99,87.0,0,0
0.42,8.571428571428571,96.80124592158995,9,5,0,0,472.3,90.0,0,0
0.42,8.571428571428571,96.98107597579833,9,5,0,0,486.61,93.0,0,0
0.42,8.571428571428571,97.33657992736497,9,5,0,0,500.92,96.0,0,0
0.42,8.571428571428571,97.59031166083955,9,5,0,0,515.23,99.0,0,0
0.42,8.571428571428571,97.8288101347133,9,5,0,0,520,100.0,0,0
0.43,8.571428571428571,97.69553374590585,9,5,0,0,505.69,97.0,0,0
0.43,8.571428571428571,97.37051932794766,9,5,0,0,491.38,94.0,0,0
0.43,8.571428571428571,97.31712869194331,9,5,0,0,477.07,91.0,0,0
0.43,8.571428571428571,97.26622872115749,9,5,0,0,462.76,88.0,0,0
0.43,8.571428571428571,97.10858196180467,9,5,0,0,448.45,85.0,0,0
0.43,8.571428571428571,97.01062025966404,9,5,0,0,434.14,82.0,0,0
0.43,8.571428571428571,96.9015832506312,9,5,0,0,419.83,79.0,0,0
0.43,8.571428571428571,96.78924754889401,9,5,0,0,405.52,76.0,0,0
0.43,8.571428571428571,96.7118542413486,9,5,0,0,391.21,73.0,0,0
0.43,8.571428571428571,96.53844819478532,9,5,0,0,376.9,70.0,0,0
0.45,8.571428571428571,96.35423493888025,9,5,0,0,362.59000000000003,67.0,0,0
0.45,8.571428571428571,96.32415231385104,9,5,0,0,348.28,63.99999999999999,0,0
0.45,8.571428571428571,96.04392691378743,9,5,0,0,333.96999999999997,60.99999999999999,0,0
0.45,8.571428571428571,95.82234134523176,9,5,0,0,319.65999999999997,57.99999999999999,0,0
0.45,8.571428571428571,95.61648357123264,9,5,0,0,305.34999999999997,54.99999999999999,0,0
0.45,8.571428571428571,95.63071751429752,9,5,0,0,291.03999999999996,51.99999999999999,0,0
0.45,8.571428571428571,95.46714416261015,9,5,0,0,276.7299999999999,48.99999999999998,0,0
0.45,8.571428571428571,95.43736776060754,9,5,0,0,262.4199999999999,45.99999999999997,0,0
0.45,8.571428571428571,95.29707843172564,9,5,0,0,248.10999999999984,42.99999999999997,0,0
0.45,8.571428571428571,95.13013785853482,9,5,0,0,233.79999999999984,39.99999999999997,0,0
0.47,8.571428571428571,94.94566109619774,9,5,0,0,219.48999999999984,36.999999999999964,0,0
0.47,8.571428571428571,94.82763850335976,9,5,0,0,205.1799999999999,33.99999999999997,0,0
0.47,8.571428571428571,94.68920164945561,9,5,0,0,190.8699999999999,30.99999999999997,0,0
0.47,8.571428571428571,94.53476302937007,9,5,0,0,176.55999999999983,27.99999999999997,0,0
0.47,8.571428571428571,94.3363082166109,9,5,0,0,162.24999999999983,24.99999999999997,0,0
0.47,8.571428571428571,94.16708236763364,9,5,0,0,147.93999999999988,21.99999999999997,0,0
0.47,8.571428571428571,94.07336552704886,9,5,0,0,133.62999999999988,18.99999999999997,0,0
0.47,8.571428571428571,94.03210967891827,9,5,0,0,119.31999999999988,15.999999999999972,0,0
0.47,8.571428571428571,93.89137400560753,9,5,0,0,105.00999999999982,12.999999999999972,0,0
0.47,8.571428571428571,93.7890881523515,9,5,0,0,90.69999999999987,9.999999999999972,0,0
0.48,8.571428571428571,93.68676953880593,9,5,0,0,76.38999999999987,6.999999999999972,0,0
0.48,8.571428571428571,93.52621893363356,9,5,0,0,62.07999999999987,3.9999999999999716,0,0
0.48,8.571428571428571,93.42395411585726,9,5,0,0,47.76999999999987,0.9999999999999716,0,0
0.48,8.571428571428571,93.37993091018997,9,5,0,0,43,0.0,0,0
0.48,8.571428571428571,93.51646683023584,9,5,0,0,57.31,3.0,0,0
0.48,8.571428571428571,93.5220004501858,9,5,0,0,71.62,6.0,0,0
0.48,8.571428571428571,93.7080598924326,9,5,0,0,85.93,9.0,0,0
0.48,8.571428571428571,93.77168554060961,9,5,0,0,100.24000000000001,12.0,0,0
0.48,8.571428571428571,93.86968408050643,9,5,0,0,114.55000000000001,15.0,0,0
0.48,8.571428571428571,93.90997388626734,9,5,0,0,128.86,18.0,0,0
0.50,8.571428571428571,93.88984063856059,9,5,0,0,143.16999999999996,21.0,0,0
0.50,8.571428571428571,94.09469232715738,9,5,0,0,157.48000000000002,24.0,0,0
0.50,8.571428571428571,94.2032642901688,9,5,0,0,171.79000000000002,27.0,0,0
0.50,8.571428571428571,94.22620077506977,9,5,0,0,186.10000000000002,30.0,0,0
0.50,8.571428571428571,94.38689782648133,9,5,0,0,200.40999999999997,33.0,0,0
0.50,8.571428571428571,94.37542402579453,9,5,0,0,214.71999999999997,36.0,0,0
0.50,8.571428571428571,94.45922242311562,9,5,0,0,229.03000000000003,39.0,0,0
0.50,8.571428571428571,94.62194759889053,9,5,0,0,243.34000000000003,42.00000000000001,0,0
0.50,8.571428571428571,94.65746345798352,9,5,0,0,257.65000000000003,45.00000000000001,0,0
0.50,8.571428571428571,94.80517794891728,9,5,0,0,271.96000000000004,48.00000000000001,0,0
0.52,8.571428571428571,94.8968773296465,10,5,0,0,286.27000000000004,51.00000000000001,0,0
0.52,8.571428571428571,95.01379349392882,10,5,0,0,300.58000000000004,54.00000000000001,0,0
0.52,8.571428571428571,95.22912206743577,10,5,0,0,314.89000000000004,57.000000000000014,0,0
0.52,8.571428571428571,95.49378634774945,10,5,0,0,329.20000000000005,60.00000000000001,0,0
0.52,8.571428571428571,95.61745304836681,10,5,0,0,343.51,63.0,0,0
0.52,8.571428571428571,95.92626457843322,10,5,0,0,357.82,66.0,0,0
0.52,8.571428571428571,96.2095373615129,11,5,0,0,372.13,69.0,0,0
0.52,8.571428571428571,96.51229657949351,11,5,0,0,386.44,72.0,0,0
0.52,8.571428571428571,96.76962268877296,11,5,0,0,400.75,75.0,0,0
0.52,8.571428571428571,96.90099774499474,11,5,0,0,415.06,78.0,0,0
0.53,8.571428571428571,97.14541791608421,11,5,0,0,429.37,81.0,0,0
0.53,8.571428571428571,97.35143417689538,11,5,0,0,443.68,84.0,0,0
0.53,8.571428571428571,97.44711303004311,11,5,0,0,457.99,87.0,0,0
0.53,8.571428571428571,97.54898894800111,11,5,0,0,472.3,90.0,0,0
0.53,8.571428571428571,97.83686041971701,11,5,0,0,486.61,93.0,0,0
0.53,8.571428571428571,97.98494835434029,11,5,0,0,500.92,96.0,0,0
0.53,8.571428571428571,98.1633724105826,11,5,0,0,515.23,99.0,0,0
0.53,8.571428571428571,98.39362394114828,11,5,0,0,520,100.0,0,0
0.53,8.571428571428571,98.3651697496303,11,5,0,0,505.69,97.0,0,0
0.53,8.571428571428571,98.24219716970063,11,5,0,0,491.38,94.0,0,0
0.55,8.571428571428571,98.15963407850266,11,5,0,0,477.07,91.0,0,0
0.55,8.571428571428571,98.15254066914629,11,5,0,0,462.76,88.0,0,0
0.55,8.571428571428571,98.12205772561036,11,5,0,0,448.45,85.0,0,0
0.55,8.571428571428571,97.99843470296301,11,5,0,0,434.14,82.0,0,0
0.55,8.571428571428571,97.83885294740628,11,5,0,0,419.83,79.0,0,0
0.55,8.571428571428571,97.69606813173647,11,5,0,0,405.52,76.0,0,0
0.55,8.571428571428571,97.66080974373592,11,5,0,0,391.21,73.0,0,0
0.55,8.571428571428571,97.64139423242652,11,5,0,0,376.9,70.0,0,0
0.55,8.571428571428571,97.45813317921682,11,5,0,0,362.59000000000003,67.0,0,0
0.55,8.571428571428571,97.2655684863209,11,5,0,0,348.28,63.99999999999999,0,0
0.57,8.571428571428571,97.19476472133366,11,5,0,0,333.96999999999997,60.99999999999999,0,0
0.57,8.571428571428571,97.06069327814734,11,5,0,0,319.65999999999997,57.99999999999999,0,0
0.57,8.571428571428571,96.93968483482003,11,5,0,0,305.34999999999997,54.99999999999999,0,0
0.57,8.571428571428571,96.72562014639607,11,5,0,0,291.03999999999996,51.99999999999999,0,0
0.57,8.571428571428571,96.66975186427766,11,5,0,0,276.7299999999999,48.99999999999998,0,0
0.57,8.571428571428571,96.60560793421591,11,5,0,0,262.4199999999999,45.99999999999997,0,0
0.57,8.571428571428571,96.55828096703382,11,5,0,0,248.10999999999984,42.99999999999997,0,0
0.57,8.571428571428571,96.41462259495005,11,5,0,0,233.79999999999984,39.99999999999997,0,0
0.57,8.571428571428571,96.2357955225796,12,5,0,0,219.48999999999984,36.999999999999964,0,0
0.57,8.571428571428571,96.08419496489597,12,5,0,0,205.1799999999999,33.99999999999997,0,0
0.58,8.571428571428571,95.98640635701031,12,5,0,0,190.8699999999999,30.99999999999997,0,0
0.58,8.571428571428571,95.85700782792492,12,5,0,0,176.55999999999983,27.99999999999997,0,0
0.58,8.571428571428571,95.80249664993234,12,5,0,0,162.24999999999983,24.99999999999997,0,0
0.58,8.571428571428571,95.63271440545046,12,5,0,0,147.93999999999988,21.99999999999997,0,0
0.58,8.571428571428571,95.61813151399362,12,5,0,0,133.62999999999988,18.99999999999997,0,0
0.58,8.571428571428571,95.54859229070884,12,5,0,0,119.31999999999988,15.999999999999972,0,0
0.58,8.571428571428571,95.36775728790178,12,5,0,0,105.00999999999982,12.999999999999972,0,0
0.58,8.571428571428571,95.29150646095745,13,5,0,0,90.69999999999987,9.999999999999972,0,0
0.58,8.571428571428571,95.29576990990748,13,5,0,0,76.38999999999987,6.999999999999972,0,0
0.58,8.571428571428571,95.2357349107251,13,5,0,0,62.07999999999987,3.9999999999999716,0,0
0.60,8.571428571428571,95.09455793272453,13,5,0,0,47.76999999999987,0.9999999999999716,0,0
0.60,8.571428571428571,95.01802471539997,13,5,0,0,43,0.0,0,0
0.60,8.571428571428571,95.05377166289006,13,5,0,0,57.31,3.0,0,0
0.60,8.571428571428571,95.05287179597399,13,5,0,0,71.62,6.0,0,0
0.60,8.571428571428571,95.0178643529078,13,5,0,0,85.93,9.0,0,0
0.60,8.571428571428571,94.98600078184947,13,5,0,0,100.24000000000001,12.0,0,0
0.60,8.571428571428571,94.95086210158752,13,5,0,0,114.55000000000001,15.0,0,0
0.60,8.571428571428571,94.93705562356419,13,5,0,0,128.86,18.0,0,0
0.60,8.571428571428571,94.98715858065749,13,5,0,0,143.16999999999996,21.0,0,0
0.60,8.571428571428571,95.03124366104196,13,5,0,0,157.48000000000002,24.0,0,0
0.62,8.571428571428571,95.04338815187833,13,5,0,0,171.79000000000002,27.0,0,0
0.62,8.571428571428571,95.05496248326678,13,5,0,0,186.10000000000002,30.0,0,0
0.62,8.571428571428571,95.05973106627773,13,5,0,0,200.40999999999997,33.0,0,0
0.62,8.571428571428571,95.08819003860938,13,5,0,0,214.71999999999997,36.0,0,0
0.62,8.571428571428571,95.28677367016073,13,5,0,0,229.03000000000003,39.0,0,0
0.62,8.571428571428571,95.32003699170936,13,5,0,0,243.34000000000003,42.00000000000001,0,0
0.62,8.571428571428571,95.34035342921145,13,5,0,0,257.65000000000003,45.00000000000001,0,0
0.62,8.571428571428571,95.35267457531243,13,5,0,0,271.96000000000004,48.00000000000001,0,0
0.62,8.571428571428571,95.58754716235825,13,5,0,0,286.27000000000004,51.00000000000001,0,0
0.62,8.571428571428571,95.73325330672365,13,5,0,0,300.58000000000004,54.00000000000001,0,0
0.63,8.571428571428571,95.80574782425998,13,5,0,0,314.89000000000004,57.000000000000014,0,0
0.63,8.571428571428571,95.85389656422404,13,5,0,0,329.20000000000005,60.00000000000001,0,0
0.63,8.571428571428571,95.95646003771458,13,5,0,0,343.51,63.0,0,0
0.63,8.571428571428571,96.01953820438486,13,5,0,0,357.82,66.0,0,0
0.63,8.571428571428571,96.20215805256936,13,5,0,0,372.13,69.0,0,0
0.63,8.571428571428571,96.42347836561353,13,5,0,0,386.44,72.0,0,0
0.63,8.571428571428571,96.5790053465855,13,5,0,0,400.75,75.0,0,0
0.63,8.571428571428571,96.7425319962323,13,5,0,0,415.06,78.0,0,0
0.63,8.571428571428571,96.85585293569727,13,5,0,0,429.37,81.0,0,0
0.63,8.571428571428571,97.09948210882617,13,5,0,0,443.68,84.0,0,0
0.65,8.571428571428571,97.16723653605706,13,5,0,0,457.99,87.0,0,0
0.65,8.571428571428571,97.3656323688671,13,5,0,0,472.3,90.0,0,0
0.65,8.571428571428571,97.434349059015,13,5,0,0,486.61,93.0,0,0
0.65,8.571428571428571,97.51820407670931,13,5,0,0,500.92,96.0,0,0
0.65,8.571428571428571,97.70138506528666,13,5,0,0,515.23,99.0,0,0
0.65,8.571428571428571,97.87178631777908,13,5,0,0,520,100.0,0,0
0.65,8.571428571428571,97.66982105825508,13,5,0,0,505.69,97.0,0,0
0.65,8.571428571428571,97.63173597912228,13,5,0,0,491.38,94.0,0,0
0.65,8.571428571428571,97.61873499950143,13,5,0,0,477.07,91.0,0,0
0.65,8.571428571428571,97.53329950827742,13,5,0,0,462.76,88.0,0,0
0.67,8.571428571428571,97.45955221573193,13,5,0,0,448.45,85.0,0,0
0.67,8.571428571428571,97.29966662974205,13,5,0,0,434.14,82.0,0,0
0.67,8.571428571428571,97.13822632532772,13,5,0,0,419.83,79.0,0,0
0.67,8.571428571428571,97.04619507326137,13,5,0,0,405.52,76.0,0,0
0.67,8.571428571428571,96.99346955043087,13,5,0,0,391.21,73.0,0,0
0.67,8.571428571428571,96.92089963346399,13,5,0,0,376.9,70.0,0,0
0.67,8.571428571428571,96.73657441165835,13,5,0,0,362.59000000000003,67.0,0,0
0.67,8.571428571428571,96.62078808260026,13,5,0,0,348.28,63.99999999999999,0,0
0.67,8.571428571428571,96.53168687485972,14,5,0,0,333.96999999999997,60.99999999999999,0,0
0.67,8.571428571428571,96.45471062165821,14,5,0,0,319.65999999999997,57.99999999999999,0,0
0.68,8.571428571428571,96.32978689008974,14,5,0,0,305.34999999999997,54.99999999999999,0,0
0.68,8.571428571428571,96.25163688250663,15,5,0,0,291.03999999999996,51.99999999999999,0,0
0.68,8.571428571428571,96.11973533796044,15,5,0,0,276.7299999999999,48.99999999999998,0,0
0.68,8.571428571428571,96.04773669573979,15,5,0,0,262.4199999999999,45.99999999999997,0,0
0.68,8.571428571428571,95.95748702155733,15,5,0,0,248.10999999999984,42.99999999999997,0,0
0.68,8.571428571428571,95.8767628177453,15,5,0,0,233.79999999999984,39.99999999999997,0,0
0.68,8.571428571428571,95.8015446702621,15,5,0,0,219.48999999999984,36.999999999999964,0,0
0.68,8.571428571428571,95.76279725153009,15,5,0,0,205.1799999999999,33.99999999999997,0,0
0.68,8.571428571428571,95.71878408496936,15,5,0,0,190.8699999999999,30.99999999999997,0,0
0.68,8.571428571428571,95.61717612655227,15,5,0,0,176.55999999999983,27.99999999999997,0,0
0.70,8.571428571428571,95.55468900549477,15,5,0,0,162.24999999999983,24.99999999999997,0,0
0.70,8.571428571428571,95.41527037489004,15,5,0,0,147.93999999999988,21.99999999999997,0,0
0.70,8.571428571428571,95.31697552021302,15,5,0,0,133.62999999999988,18.99999999999997,0,0
0.70,8.571428571428571,95.20627087450274,15,6,0,0,119.31999999999988,15.999999999999972,0,0
0.70,8.571428571428571,95.11732436801064,15,6,0,0,105.00999999999982,12.999999999999972,0,0
0.70,8.571428571428571,95.01875454801996,15,6,0,0,90.69999999999987,9.999999999999972,0,0
0.70,8.571428571428571,94.89109370695823,15,6,0,0,76.38999999999987,6.999999999999972,0,0
0.70,8.571428571428571,94.87226792865454,15,6,0,0,62.07999999999987,3.9999999999999716,0,0
0.70,8.571428571428571,94.74624210044712,15,6,0,0,47.76999999999987,0.9999999999999716,0,0
0.70,8.571428571428571,94.64577642372346,15,6,0,0,43,0.0,0,0
0.72,8.571428571428571,94.65982403638324,15,6,0,0,57.31,3.0,0,0
0.72,8.571428571428571,94.7390544331727,15,6,0,0,71.62,6.0,0,0
0.72,8.571428571428571,94.79927746747545,15,6,0,0,85.93,9.0,0,0
0.72,8.571428571428571,94.966214159124,15,6,0,0,100.24000000000001,12.0,0,0
0.72,8.571428571428571,95.06274578712326,15,6,0,0,114.55000000000001,15.0,0,0
0.72,8.571428571428571,95.16650711326261,15,6,0,0,128.86,18.0,0,0
0.72,8.571428571428571,95.27095541451472,16,6,0,0,143.16999999999996,21.0,0,0
0.72,8.571428571428571,95.3810754121966,16,6,0,0,157.48000000000002,24.0,0,0
0.72,8.571428571428571,95.50337803053833,17,6,0,0,171.79000000000002,27.0,0,0
0.72,8.571428571428571,95.52767128115599,17,6,0,0,186.10000000000002,30.0,0,0
0.73,8.571428571428571,95.53703116818455,17,6,0,0,200.40999999999997,33.0,0,0
0.73,8.571428571428571,95.65550072993804,17,6,0,0,214.71999999999997,36.0,0,0
0.73,8.571428571428571,95.79581526184145,17,6,0,0,229.03000000000003,39.0,0,0
0.73,8.571428571428571,95.75672035567666,17,6,0,0,243.34000000000003,42.00000000000001,0,0
0.73,8.571428571428571,95.89541560893868,17,6,0,0,257.65000000000003,45.00000000000001,0,0
0.73,8.571428571428571,95.9200088567809,17,6,0,0,271.96000000000004,48.00000000000001,0,0
0.73,8.571428571428571,96.01903413220433,17,6,0,0,286.27000000000004,51.00000000000001,0,0
0.73,8.571428571428571,96.159925716935,17,6,0,0,300.58000000000004,54.00000000000001,0,0
0.73,8.571428571428571,96.40694616963363,17,6,0,0,314.89000000000004,57.000000000000014,0,0
0.73,8.571428571428571,96.51234365401345,17,6,0,0,329.20000000000005,60.00000000000001,0,0
0.75,8.571428571428571,96.61647094620719,17,6,0,0,343.51,63.0,0,0
0.75,8.571428571428571,96.74693921881082,17,6,0,0,357.82,66.0,0,0
0.75,8.571428571428571,96.80639320583407,17,6,0,0,372.13,69.0,0,0
0.75,8.571428571428571,96.9556306704868,17,6,0,0,386.44,72.0,0,0
0.75,8.571428571428571,97.03001602642911,17,6,0,0,400.75,75.0,0,0
0.75,8.571428571428571,97.18077807551835,17,6,0,0,415.06,78.0,0,0
0.75,8.571428571428571,97.35970720210165,17,6,0,0,429.37,81.0,0,0
0.75,8.571428571428571,97.54308671523044,17,6,0,0,443.68,84.0,0,0
0.75,8.571428571428571,97.68484320751105,17,6,0,0,457.99,87.0,0,0
0.75,8.571428571428571,97.82203838834002,17,6,0,0,472.3,90.0,0,0
0.77,8.571428571428571,98.03410094370223,17,6,0,0,486.61,93.0,0,0
0.77,8.571428571428571,98.13529111112126,17,6,0,0,500.92,96.0,0,0
0.77,8.571428571428571,98.20013174716172,17,6,0,0,515.23,99.0,0,0
0.77,8.571428571428571,98.30795820625922,17,6,0,0,520,100.0,0,0
0.77,8.571428571428571,98.20646774488719,17,6,0,0,505.69,97.0,0,0
0.77,8.571428571428571,98.16179665350099,17,6,0,0,491.38,94.0,0,0
0.77,8.571428571428571,98.04732032528047,17,6,0,0,477.07,91.0,0,0
0.77,8.571428571428571,97.9508244056379,17,6,0,0,462.76,88.0,0,0
0.77,8.571428571428571,97.81331132129806,17,6,0,0,448.45,85.0,0,0
0.77,8.571428571428571,97.74481904065676,17,6,0,0,434.14,82.0,0,0
0.78,8.571428571428571,97.65277328603224,17,6,0,0,419.83,79.0,0,0
0.78,8.571428571428571,97.61050399481958,17,6,0,0,405.52,76.0,0,0
0.78,8.571428571428571,97.4999847656187,17,6,0,0,391.21,73.0,0,0
0.78,8.571428571428571,97.419225833959,17,6,0,0,376.9,70.0,0,0
0.78,8.571428571428571,97.32203282177802,17,6,0,0,362.59000000000003,67.0,0,0
0.78,8.571428571428571,97.17532304708826,17,6,0,0,348.28,63.99999999999999,0,0
0.78,8.571428571428571,97.09499781897904,17,6,0,0,333.96999999999997,60.99999999999999,0,0
0.78,8.571428571428571,97.01925788722434,17,6,0,0,319.65999999999997,57.99999999999999,0,0
0.78,8.571428571428571,96.95772168747908,17,6,0,0,305.34999999999997,54.99999999999999,0,0
0.78,8.571428571428571,96.8232685255929,17,6,0,0,291.03999999999996,51.99999999999999,0,0
0.80,8.571428571428571,96.66876831891994,17,6,0,0,276.7299999999999,48.99999999999998,0,0
0.80,8.571428571428571,96.65658379033913,17,6,0,0,262.4199999999999,45.99999999999997,0,0
0.80,8.571428571428571,96.58657621436572,17,6,0,0,248.10999999999984,42.99999999999997,0,0
0.80,8.571428571428571,96.50664595160576,17,6,0,0,233.79999999999984,39.99999999999997,0,0
0.80,8.571428571428571,96.43209644103102,17,6,0,0,219.48999999999984,36.999999999999964,0,0
0.80,8.571428571428571,96.35140716608731,18,6,0,0,205.1799999999999,33.99999999999997,0,0
0.80,8.571428571428571,96.3194891105122,18,6,0,0,190.8699999999999,30.99999999999997,0,0
0.80,8.571428571428571,96.22156580247771,18,6,0,0,176.55999999999983,27.99999999999997,0,0
0.80,8.571428571428571,96.14752447008821,18,6,0,0,162.24999999999983,24.99999999999997,0,0
0.80,8.571428571428571,96.00450598097781,18,6,0,0,147.93999999999988,21.99999999999997,0,0
0.82,8.571428571428571,95.90650530404969,18,6,0,0,133.62999999999988,18.99999999999997,0,0
0.82,8.571428571428571,95.77533671714201,18,6,0,0,119.31999999999988,15.999999999999972,0,0
0.82,8.571428571428571,95.7174139849878,18,6,0,0,105.00999999999982,12.999999999999972,0,0
0.82,8.571428571428571,95.55862728153541,18,6,0,0,90.69999999999987,9.999999999999972,0,0
0.82,8.571428571428571,95.45921418889145,18,6,0,0,76.38999999999987,6.999999999999972,0,0
0.82,8.571428571428571,95.400586155457,18,6,0,0,62.07999999999987,3.9999999999999716,0,0
0.82,8.571428571428571,95.36386124105744,18,6,0,0,47.76999999999987,0.9999999999999716,0,0
0.82,8.571428571428571,95.25307168703394,18,6,0,0,43,0.0,0,0
0.82,8.571428571428571,95.34276196758464,18,6,0,0,57.31,3.0,0,0
0.82,8.571428571428571,95.28532953475937,18,6,0,0,71.62,6.0,0,0
0.83,8.571428571428571,95.32509143135984,18,6,0,0,85.93,9.0,0,0
0.83,8.571428571428571,95.42707357214327,18,6,0,0,100.24000000000001,12.0,0,0
0.83,8.571428571428571,95.44586050660416,18,6,0,0,114.55000000000001,15.0,0,0
0.83,8.571428571428571,95.45258851887891,18,6,0,0,128.86,18.0,0,0
0.83,8.571428571428571,95.45278180557855,18,6,0,0,143.16999999999996,21.0,0,0
0.83,8.571428571428571,95.49213727603288,18,6,0,0,157.48000000000002,24.0,0,0
0.83,8.571428571428571,95.5319049157689,18,6,0,0,171.79000000000002,27.0,0,0
0.83,8.571428571428571,95.63178445445888,18,6,0,0,186.10000000000002,30.0,0,0
0.83,8.571428571428571,95.71132346767408,18,6,0,0,200.40999999999997,33.0,0,0
0.83,8.571428571428571,95.67934474543837,18,6,0,0,214.71999999999997,36.0,0,0
0.85,8.571428571428571,95.71688328845634,18,7,0,0,229.03000000000003,39.0,0,0
0.85,8.571428571428571,95.81415404625231,18,7,0,0,243.34000000000003,42.00000000000001,0,0
0.85,8.571428571428571,95.81826762329617,18,7,0,0,257.65000000000003,45.00000000000001,0,0
0.85,8.571428571428571,95.89315380551825,18,7,0,0,271.96000000000004,48.00000000000001,0,0
0.85,8.571428571428571,96.07069496922547,18,7,0,0,286.27000000000004,51.00000000000001,0,0
0.85,8.571428571428571,96.23741777378049,18,7,0,0,300.58000000000004,54.00000000000001,0,0
0.85,8.571428571428571,96.40645664390422,18,7,0,0,314.89000000000004,57.000000000000014,0,0
0.85,8.571428571428571,96.44614341182626,18,7,0,0,329.20000000000005,60.00000000000001,0,0
0.85,8.571428571428571,96.50833419109944,18,7,0,0,343.51,63.0,0,0
0.85,8.571428571428571,96.64625630995505,18,7,0,0,357.82,66.0,0,0
0.87,8.571428571428571,96.7894583604468,18,7,0,0,372.13,69.0,0,0
0.87,8.571428571428571,96.87753762751969,18,7,0,0,386.44,72.0,0,0
0.87,8.571428571428571,97.02841367484278,18,7,0,0,400.75,75.0,0,0
0.87,8.571428571428571,97.14259333383418,18,7,0,0,415.06,78.0,0,0
0.87,8.571428571428571,97.17928036191867,18,7,0,0,429.37,81.0,0,0
0.87,8.571428571428571,97.35649158950494,18,7,0,0,443.68,84.0,0,0
0.87,8.571428571428571,97.453868296223,18,7,0,0,457.99,87.0,0,0
0.87,8.571428571428571,97.60102267584043,18,7,0,0,472.3,90.0,0,0
0.87,8.571428571428571,97.69505877199583,18,7,0,0,486.61,93.0,0,0
0.87,8.571428571428571,97.79292393504694,18,7,0,0,500.92,96.0,0,0
0.88,8.571428571428571,97.96314740339795,18,7,0,0,515.23,99.0,0,0
0.88,8.571428571428571,98.1319780697826,18,7,0,0,520,100.0,0,0
0.88,8.571428571428571,98.10477645926544,18,7,0,0,505.69,97.0,0,0
0.88,8.571428571428571,98.02700279740783,18,7,0,0,491.38,94.0,0,0
0.88,8.571428571428571,97.92701508461028,18,7,0,0,477.07,91.0,0,0
0.88,8.571428571428571,97.81061270177314,18,7,0,0,462.76,88.0,0,0
0.88,8.571428571428571,97.79682766901098,18,7,0,0,448.45,85.0,0,0
0.88,8.571428571428571,97.70249192423913,18,7,0,0,434.14,82.0,0,0
0.88,8.571428571428571,97.6940339791763,18,7,0,0,419.83,79.0,0,0
0.88,8.571428571428571,97.66047967608917,18,7,0,0,405.52,76.0,0,0
0.90,8.571428571428571,97.60170151276824,18,7,0,0,391.21,73.0,0,0
0.90,8.571428571428571,97.56346271089652,18,7,0,0,376.9,70.0,0,0
0.90,8.571428571428571,97.51945322279806,18,7,0,0,362.59000000000003,67.0,0,0
0.90,8.571428571428571,97.43999508272515,18,7,0,0,348.28,63.99999999999999,0,0
0.90,8.571428571428571,97.39648804376856,18,7,0,0,333.96999999999997,60.99999999999999,0,0
0.90,8.571428571428571,97.34462576218513,18,7,0,0,319.65999999999997,57.99999999999999,0,0
0.90,8.571428571428571,97.21668707878585,18,7,0,0,305.34999999999997,54.99999999999999,0,0
0.90,8.571428571428571,97.20366865215983,18,7,0,0,291.03999999999996,51.99999999999999,0,0
0.90,8.571428571428571,97.17747276871984,18,7,0,0,276.7299999999999,48.99999999999998,0,0
0.90,8.571428571428571,97.15469165486812,18,7,0,0,262.4199999999999,45.99999999999997,0,0
0.92,8.571428571428571,97.12312376976047,18,7,0,0,248.10999999999984,42.99999999999997,0,0
0.92,8.571428571428571,97.0371555255273,18,7,0,0,233.79999999999984,39.99999999999997,0,0
0.92,8.571428571428571,96.98498275550094,18,7,0,0,219.48999999999984,36.999999999999964,0,0
0.92,8.571428571428571,96.95140676262658,18,7,0,0,205.1799999999999,33.99999999999997,0,0
0.92,8.571428571428571,96.91556801604172,18,7,0,0,190.8699999999999,30.99999999999997,0,0
0.92,8.571428571428571,96.87235133577798,18,7,0,0,176.55999999999983,27.99999999999997,0,0
0.92,8.571428571428571,96.7841362880034,18,7,0,0,162.24999999999983,24.99999999999997,0,0
0.92,8.571428571428571,96.67896947863092,18,7,0,0,147.93999999999988,21.99999999999997,0,0
0.92,8.571428571428571,96.65678251759479,18,7,0,0,133.62999999999988,18.99999999999997,0,0
0.92,8.571428571428571,96.56899162179494,18,7,0,0,119.31999999999988,15.999999999999972,0,0
0.93,8.571428571428571,96.51695251928268,18,7,0,0,105.00999999999982,12.999999999999972,0,0
0.93,8.571428571428571,96.46431556897873,18,7,0,0,90.69999999999987,9.999999999999972,0,0
0.93,8.571428571428571,96.41526158032904,18,7,0,0,76.38999999999987,6.999999999999972,0,0
0.93,8.571428571428571,96.33692628319459,18,7,0,0,62.07999999999987,3.9999999999999716,0,0
0.93,8.571428571428571,96.26397158925081,18,7,0,0,47.76999999999987,0.9999999999999716,0,0
0.93,8.571428571428571,96.14618482140541,18,7,0,0,43,0.0,0,0
0.93,8.571428571428571,96.1020745909857,18,7,0,0,57.31,3.0,0,0
0.93,8.571428571428571,96.1902280942694,18,7,0,0,71.62,6.0,0,0
0.93,8.571428571428571,96.22628028109806,18,7,0,0,85.93,9.0,0,0
0.93,8.571428571428571,96.19097085758422,18,7,0,0,100.24000000000001,12.0,0,0
0.95,8.571428571428571,96.22248511108853,18,7,0,0,114.55000000000001,15.0,0,0
0.95,8.571428571428571,96.29457053926352,18,7,0,0,128.86,18.0,0,0
0.95,8.571428571428571,96.36920230874608,18,7,0,0,143.16999999999996,21.0,0,0
0.95,8.571428571428571,96.45467473825832,18,7,0,0,157.48000000000002,24.0,0,0
0.95,8.571428571428571,96.4335784593565,18,7,0,0,171.79000000000002,27.0,0,0
0.95,8.571428571428571,96.43051204381172,18,7,0,0,186.10000000000002,30.0,0,0
0.95,8.571428571428571,96.46171107254453,18,7,0,0,200.40999999999997,33.0,0,0
0.95,8.571428571428571,96.54921160970206,18,7,0,0,214.71999999999997,36.0,0,0
0.95,8.571428571428571,96.5466853896861,18,7,0,0,229.03000000000003,39.0,0,0
0.95,8.571428571428571,96.56123191854739,18,7,0,0,243.34000000000003,42.00000000000001,0,0
0.97,8.571428571428571,96.60244570735527,18,7,0,0,257.65000000000003,45.00000000000001,0,0
0.97,8.571428571428571,96.55824616118669,18,7,0,0,271.96000000000004,48.00000000000001,0,0
0.97,8.571428571428571,96.7269463009803,18,7,0,0,286.27000000000004,51.00000000000001,0,0
0.97,8.571428571428571,96.88125450157445,18,7,0,0,300.58000000000004,54.00000000000001,0,0
0.97,8.571428571428571,97.00148180959891,18,7,0,0,314.89000000000004,57.000000000000014,0,0
0.97,8.571428571428571,97.09101394541523,18,7,0,0,329.20000000000005,60.00000000000001,0,0
0.97,8.571428571428571,97.20478464745469,18,7,0,0,343.51,63.0,0,0
0.97,8.571428571428571,97.32515905837815,18,7,0,0,357.82,66.0,0,0
0.97,8.571428571428571,97.4894312812669,18,7,0,0,372.13,69.0,0,0
0.97,8.571428571428571,97.65864083640203,18,7,0,0,386.44,72.0,0,0
0.98,8.571428571428571,97.79791689607191,18,7,0,0,400.75,75.0,0,0
0.98,8.571428571428571,97.86115238699688,18,7,0,0,415.06,78.0,0,0
0.98,8.571428571428571,97.98820120654108,18,7,0,0,429.37,81.0,0,0
0.98,8.571428571428571,98.10816745566862,18,7,0,0,443.68,84.0,0,0
0.98,8.571428571428571,98.16781998058723,18,7,0,0,457.99,87.0,0,0
0.98,8.571428571428571,98.28972294097254,18,7,0,0,472.3,90.0,0,0
0.98,8.571428571428571,98.45270350641752,18,7,0,0,486.61,93.0,0,0
0.98,8.571428571428571,98.4654811954902,18,7,0,0,500.92,96.0,0,0
0.98,8.571428571428571,98.55578870488887,18,7,0,0,515.23,99.0,0,0
0.98,8.571428571428571,98.64570382673699,18,7,0,0,520,100.0,0,0
1.00,8.571428571428571,98.6167321407712,18,7,0,0,505.69,97.0,0,0
1.00,8.571428571428571,98.55982333347067,18,7,0,0,491.38,94.0,0,0
1.00,8.571428571428571,98.55462525578677,18,7,0,0,477.07,91.0,0,0
1.00,8.571428571428571,98.51062495292052,18,7,0,0,462.76,88.0,0,0
1.00,8.571428571428571,98.43409746700462,18,7,0,0,448.45,85.0,0,0
1.00,8.571428571428571,98.39544142008337,18,7,0,0,434.14,82.0,0,0
1.00,8.571428571428571,98.29138253824988,18,7,0,0,419.83,79.0,0,0
1.00,8.571428571428571,98.21782979316646,18,7,0,0,405.52,76.0,0,0
1.00,8.571428571428571,98.15694426728982,18,7,0,0,391.21,73.0,0,0
1.00,8.571428571428571,98.04614661548767,18,7,0,0,376.9,70.0,0,0
1.02,8.571428571428571,97.94321339209765,18,7,0,0,362.59000000000003,67.0,0,0
1.02,8.571428571428571,97.89162350893135,18,7,0,0,348.28,63.99999999999999,0,0
1.02,8.571428571428571,97.85637198511225,18,7,0,0,333.96999999999997,60.99999999999999,0,0
1.02,8.571428571428571,97.78106498057173,18,7,0,0,319.65999999999997,57.99999999999999,0,0
1.02,8.571428571428571,97.70116203558823,18,7,0,0,305.34999999999997,54.99999999999999,0,0
1.02,8.571428571428571,97.61555511463408,18,7,0,0,291.03999999999996,51.99999999999999,0,0
1.02,8.571428571428571,97.52327696831779,18,7,0,0,276.7299999999999,48.99999999999998,0,0
1.02,8.571428571428571,97.42518152893868,18,7,0,0,262.4199999999999,45.99999999999997,0,0
1.02,8.571428571428571,97.33196745150147,18,7,0,0,248.10999999999984,42.99999999999997,0,0
1.02,8.571428571428571,97.25831885760695,18,7,0,0,233.79999999999984,39.99999999999997,0,0
1.03,8.571428571428571,97.1920841365168,19,7,0,0,219.48999999999984,36.999999999999964,0,0
1.03,8.571428571428571,97.1189744107501,19,7,0,0,205.1799999999999,33.99999999999997,0,0
1.03,8.571428571428571,97.09254843818934,19,7,0,0,190.8699999999999,30.99999999999997,0,0
1.03,8.571428571428571,97.01865356785933,19,7,0,0,176.55999999999983,27.99999999999997,0,0
1.03,8.571428571428571,96.93760153268963,19,7,0,0,162.24999999999983,24.99999999999997,0,0
1.03,8.571428571428571,96.84806337803232,19,7,0,0,147.93999999999988,21.99999999999997,0,0
1.03,8.571428571428571,96.76496251434162,19,7,0,0,133.62999999999988,18.99999999999997,0,0
1.03,8.571428571428571,96.66746366191258,19,7,0,0,119.31999999999988,15.999999999999972,0,0
1.03,8.571428571428571,96.56841730606152,19,7,0,0,105.00999999999982,12.999999999999972,0,0
1.03,8.571428571428571,96.56635417360701,19,7,0,0,90.69999999999987,9.999999999999972,0,0
1.05,8.571428571428571,96.5157285867157,19,7,0,0,76.38999999999987,6.999999999999972,0,0
1.05,8.571428571428571,96.44199770344159,19,7,0,0,62.07999999999987,3.9999999999999716,0,0
1.05,8.571428571428571,96.38125965138715,19,7,0,0,47.76999999999987,0.9999999999999716,0,0
1.05,8.571428571428571,96.36589652333153,19,7,0,0,43,0.0,0,0
1.05,8.571428571428571,96.43455210796265,19,7,0,0,57.31,3.0,0,0
1.05,8.571428571428571,96.49055758747252,19,7,0,0,71.62,6.0,0,0
1.05,8.571428571428571,96.44477394238784,19,7,0,0,85.93,9.0,0,0
1.05,8.571428571428571,96.46267402315712,19,7,0,0,100.24000000000001,12.0,0,0
1.05,8.571428571428571,96.5204327437536,19,7,0,0,114.55000000000001,15.0,0,0
1.05,8.571428571428571,96.57561565556519,19,7,0,0,128.86,18.0,0,0
1.07,8.571428571428571,96.62136749476113,19,7,0,0,143.16999999999996,21.0,0,0
1.07,8.571428571428571,96.6177397040188,19,7,0,0,157.48000000000002,24.0,0,0
1.07,8.571428571428571,96.67373188975087,19,7,0,0,171.79000000000002,27.0,0,0
1.07,8.571428571428571,96.70062796718807,19,7,0,0,186.10000000000002,30.0,0,0
1.07,8.571428571428571,96.7583776891143,19,7,0,0,200.40999999999997,33.0,0,0
1.07,8.571428571428571,96.8173179095961,19,7,0,0,214.71999999999997,36.0,0,0
1.07,8.571428571428571,96.86140040864393,19,7,0,0,229.03000000000003,39.0,0,0
1.07,8.571428571428571,96.8710073614978,19,7,0,0,243.34000000000003,42.00000000000001,0,0
1.07,8.571428571428571,96.92746219842928,19,7,0,0,257.65000000000003,45.00000000000001,0,0
1.07,8.571428571428571,96.89079915697208,19,7,0,0,271.96000000000004,48.00000000000001,0,0
1.08,8.571428571428571,96.99921588139172,19,7,0,0,286.27000000000004,51.00000000000001,0,0
1.08,8.571428571428571,97.03013066035182,19,7,0,0,300.58000000000004,54.00000000000001,0,0
1.08,8.571428571428571,97.15272943670544,19,7,0,0,314.89000000000004,57.000000000000014,0,0
1.08,8.571428571428571,97.29038874607461,19,7,0,0,329.20000000000005,60.00000000000001,0,0
1.08,8.571428571428571,97.40157876326796,19,7,0,0,343.51,63.0,0,0
1.08,8.571428571428571,97.50478025957163,19,7,0,0,357.82,66.0,0,0
1.08,8.571428571428571,97.65293273162425,20,7,0,0,372.13,69.0,0,0
1.08,8.571428571428571,97.72132726600543,20,7,0,0,386.44,72.0,0,0
1.08,8.571428571428571,97.76242770881797,20,8,0,0,400.75,75.0,0,0
1.08,8.571428571428571,97.79691984478798,20,8,0,0,415.06,78.0,0,0
1.10,8.571428571428571,97.85698529769809,20,8,0,0,429.37,81.0,0,0
1.10,8.571428571428571,98.01573290643493,20,8,0,0,443.68,84.0,0,0
1.10,8.571428571428571,98.06679249191579,20,8,0,0,457.99,87.0,0,0
1.10,8.571428571428571,98.19815687396459,20,8,0,0,472.3,90.0,0,0
1.10,8.571428571428571,98.33981958337729,20,8,0,0,486.61,93.0,0,0
1.10,8.571428571428571,98.3994544566562,20,8,0,0,500.92,96.0,0,0
1.10,8.571428571428571,98.53525863659745,20,8,0,0,515.23,99.0,0,0
1.10,8.571428571428571,98.57360119738112,20,8,0,0,520,100.0,0,0
1.10,8.571428571428571,98.48537250903264,20,8,0,0,505.69,97.0,0,0
1.10,8.571428571428571,98.42159421410437,20,8,0,0,491.38,94.0,0,0
1.12,8.571428571428571,98.39681662712354,20,8,0,0,477.07,91.0,0,0
1.12,8.571428571428571,98.34754289874886,20,8,0,0,462.76,88.0,0,0
1.12,8.571428571428571,98.30558142421498,20,8,0,0,448.45,85.0,0,0
1.12,8.571428571428571,98.254855580337,20,8,0,0,434.14,82.0,0,0
1.12,8.571428571428571,98.16046686976213,20,8,0,0,419.83,79.0,0,0
1.12,8.571428571428571,98.10010593259354,20,8,0,0,405.52,76.0,0,0
1.12,8.571428571428571,98.02777202131423,20,8,0,0,391.21,73.0,0,0
1.12,8.571428571428571,97.92473343518986,20,8,0,0,376.9,70.0,0,0
1.12,8.571428571428571,97.8221594267576,20,8,0,0,362.59000000000003,67.0,0,0
1.12,8.571428571428571,97.75248929576794,20,8,0,0,348.28,63.99999999999999,0,0
1.13,8.571428571428571,97.6731723815869,20,8,0,0,333.96999999999997,60.99999999999999,0,0
1.13,8.571428571428571,97.62495959249749,20,8,0,0,319.65999999999997,57.99999999999999,0,0
1.13,8.571428571428571,97.5591236577116,21,8,0,0,305.34999999999997,54.99999999999999,0,0
1.13,8.571428571428571,97.53235802984649,21,8,0,0,291.03999999999996,51.99999999999999,0,0
1.13,8.571428571428571,97.49099990805958,21,8,0,0,276.7299999999999,48.99999999999998,0,0
1.13,8.571428571428571,97.41096466410154,21,8,0,0,262.4199999999999,45.99999999999997,0,0
1.13,8.571428571428571,97.34539731990826,21,8,0,0,248.10999999999984,42.99999999999997,0,0
1.13,8.571428571428571,97.27250595638701,21,8,0,0,233.79999999999984,39.99999999999997,0,0
1.13,8.571428571428571,97.19347779919829,21,8,0,0,219.48999999999984,36.999999999999964,0,0
1.13,8.571428571428571,97.14629991277224,21,8,0,0,205.1799999999999,33.99999999999997,0,0
1.15,8.571428571428571,97.05840824422458,21,8,0,0,190.8699999999999,30.99999999999997,0,0
1.15,8.571428571428571,97.02838751722486,21,8,0,0,176.55999999999983,27.99999999999997,0,0
1.15,8.571428571428571,96.95536824769468,21,8,0,0,162.24999999999983,24.99999999999997,0,0
1.15,8.571428571428571,96.88594329410604,21,8,0,0,147.93999999999988,21.99999999999997,0,0
1.15,8.571428571428571,96.86020675040922,21,8,0,0,133.62999999999988,18.99999999999997,0,0
1.15,8.571428571428571,96.76941914800678,21,8,0,0,119.31999999999988,15.999999999999972,0,0
1.15,8.571428571428571,96.69896735190864,21,8,0,0,105.00999999999982,12.999999999999972,0,0
1.15,8.571428571428571,96.63973287017967,21,8,0,0,90.69999999999987,9.999999999999972,0,0
1.15,8.571428571428571,96.56240898342487,21,8,0,0,76.38999999999987,6.999999999999972,0,0
1.15,8.571428571428571,96.51059280455887,21,8,0,0,62.07999999999987,3.9999999999999716,0,0
1.17,8.571428571428571,96.40218349697732,21,8,0,0,47.76999999999987,0.9999999999999716,0,0
1.17,8.571428571428571,96.35721459574683,21,8,0,0,43,0.0,0,0
1.17,8.571428571428571,96.40699414015812,21,8,0,0,57.31,3.0,0,0
1.17,8.571428571428571,96.4830657601922,21,8,0,0,71.62,6.0,0,0
1.17,8.571428571428571,96.54880464082935,21,8,0,0,85.93,9.0,0,0
1.17,8.571428571428571,96.61968839581579,21,8,0,0,100.24000000000001,12.0,0,0
1.17,8.571428571428571,96.64321276025031,21,8,0,0,114.55000000000001,15.0,0,0
1.17,8.571428571428571,96.6345172613126,21,8,0,0,128.86,18.0,0,0
1.17,8.571428571428571,96.66729934594086,21,8,0,0,143.16999999999996,21.0,0,0
1.17,8.571428571428571,96.73401644913866,21,8,0,0,157.48000000000002,24.0,0,0
1.18,8.571428571428571,96.72252967948239,21,8,0,0,171.79000000000002,27.0,0,0
1.18,8.571428571428571,96.67675279092852,21,8,0,0,186.10000000000002,30.0,0,0
1.18,8.571428571428571,96.64007065508875,21,8,0,0,200.40999999999997,33.0,0,0
1.18,8.571428571428571,96.68145022883489,21,8,0,0,214.71999999999997,36.0,0,0
1.18,8.571428571428571,96.70224544161117,21,8,0,0,229.03000000000003,39.0,0,0
1.18,8.571428571428571,96.76604490046084,21,8,0,0,243.34000000000003,42.00000000000001,0,0
1.18,8.571428571428571,96.77092947624502,21,8,0,0,257.65000000000003,45.00000000000001,0,0
1.18,8.571428571428571,96.81983418644303,21,8,0,0,271.96000000000004,48.00000000000001,0,0
1.18,8.571428571428571,96.94270866588772,21,8,0,0,286.27000000000004,51.00000000000001,0,0
1.18,8.571428571428571,97.00218686293478,21,8,0,0,300.58000000000004,54.00000000000001,0,0
1.20,8.571428571428571,97.0641927570782,21,8,0,0,314.89000000000004,57.000000000000014,0,0
1.20,8.571428571428571,97.17047893532465,21,8,0,0,329.20000000000005,60.00000000000001,0,0
1.20,8.571428571428571,97.23811969392847,21,8,0,0,343.51,63.0,0,0
1.20,8.571428571428571,97.35542702123519,21,8,0,0,357.82,66.0,0,0
1.20,8.571428571428571,97.46307747054276,21,8,0,0,372.13,69.0,0,0
1.20,8.571428571428571,97.52186491383551,21,8,0,0,386.44,72.0,0,0
1.20,8.571428571428571,97.64427981160344,21,8,0,0,400.75,75.0,0,0
1.20,8.571428571428571,97.7290746509098,21,8,0,0,415.06,78.0,0,0
1.20,8.571428571428571,97.8650436674212,21,8,0,0,429.37,81.0,0,0
1.20,8.571428571428571,97.96468148843378,21,8,0,0,443.68,84.0,0,0
1.22,8.571428571428571,98.09082662950057,21,8,0,0,457.99,87.0,0,0
1.22,8.571428571428571,98.20609660270367,21,8,0,0,472.3,90.0,0,0
1.22,8.571428571428571,98.32279624266359,21,8,0,0,486.61,93.0,0,0
1.22,8.571428571428571,98.37966468544343,21,8,0,0,500.92,96.0,0,0
1.22,8.571428571428571,98.49063654335797,21,8,0,0,515.23,99.0,0,0
1.22,8.571428571428571,98.65028115470314,21,8,0,0,520,100.0,0,0
1.22,8.571428571428571,98.58261639732407,21,8,0,0,505.69,97.0,0,0
1.22,8.571428571428571,98.53010506218078,21,8,0,0,491.38,94.0,0,0
1.22,8.571428571428571,98.4698934345082,21,8,0,0,477.07,91.0,0,0
1.22,8.571428571428571,98.46446526779766,21,8,0,0,462.76,88.0,0,0
1.23,8.571428571428571,98.41524713161883,21,8,0,0,448.45,85.0,0,0
1.23,8.571428571428571,98.35607104078187,21,8,0,0,434.14,82.0,0,0
1.23,8.571428571428571,98.31341254176442,21,8,0,0,419.83,79.0,0,0
1.23,8.571428571428571,98.28151504540011,21,8,0,0,405.52,76.0,0,0
1.23,8.571428571428571,98.23363849617756,21,8,0,0,391.21,73.0,0,0
1.23,8.571428571428571,98.16655730551018,21,8,0,0,376.9,70.0,0,0
1.23,8.571428571428571,98.14095308519876,21,8,0,0,362.59000000000003,67.0,0,0
1.23,8.571428571428571,98.09406193945624,21,8,0,0,348.28,63.99999999999999,0,0
1.23,8.571428571428571,98.00117638382488,21,8,0,0,333.96999999999997,60.99999999999999,0,0
1.23,8.571428571428571,97.97549329119832,22,8,0,0,319.65999999999997,57.99999999999999,0,0
1.25,8.571428571428571,97.95871564131357,22,8,0,0,305.34999999999997,54.99999999999999,0,0
1.25,8.571428571428571,97.92418321507552,22,8,0,0,291.03999999999996,51.99999999999999,0,0
1.25,8.571428571428571,97.89345162315308,22,8,0,0,276.7299999999999,48.99999999999998,0,0
1.25,8.571428571428571,97.82564589532984,22,8,0,0,262.4199999999999,45.99999999999997,0,0
1.25,8.571428571428571,97.78592085763674,22,8,0,0,248.10999999999984,42.99999999999997,0,0
1.25,8.571428571428571,97.69528582188644,22,8,0,0,233.79999999999984,39.99999999999997,0,0
1.25,8.571428571428571,97.62943891508519,22,8,0,0,219.48999999999984,36.999999999999964,0,0
1.25,8.571428571428571,97.58800790134289,22,8,0,0,205.1799999999999,33.99999999999997,0,0
1.25,8.571428571428571,97.52341133997679,22,8,0,0,190.8699999999999,30.99999999999997,0,0
1.25,8.571428571428571,97.42888383424626,22,8,0,0,176.55999999999983,27.99999999999997,0,0
1.27,8.571428571428571,97.36762360596934,22,8,0,0,162.24999999999983,24.99999999999997,0,0
1.27,8.571428571428571,97.29855318156422,22,8,0,0,147.93999999999988,21.99999999999997,0,0
1.27,8.571428571428571,97.25341112325322,22,8,0,0,133.62999999999988,18.99999999999997,0,0
1.27,8.571428571428571,97.18938159008023,22,8,0,0,119.31999999999988,15.999999999999972,0,0
1.27,8.571428571428571,97.12456972694328,22,8,0,0,105.00999999999982,12.999999999999972,0,0
1.27,8.571428571428571,97.06564355040281,22,8,0,0,90.69999999999987,9.999999999999972,0,0
1.27,8.571428571428571,97.01474463323888,22,8,0,0,76.38999999999987,6.999999999999972,0,0
1.27,8.571428571428571,96.94353050485977,22,8,0,0,62.07999999999987,3.9999999999999716,0,0
1.27,8.571428571428571,96.87834085195377,22,8,0,0,47.76999999999987,0.9999999999999716,0,0
1.27,8.571428571428571,96.81570597385326,22,8,0,0,43,0.0,0,0
1.28,8.571428571428571,96.83343017157867,22,8,0,0,57.31,3.0,0,0
1.28,8.571428571428571,96.87058273905002,22,8,0,0,71.62,6.0,0,0
1.28,8.571428571428571,96.9207966926991,22,8,0,0,85.93,9.0,0,0
1.28,8.571428571428571,96.91155877292195,22,8,0,0,100.24000000000001,12.0,0,0
1.28,8.571428571428571,96.96609820703921,22,8,0,0,114.55000000000001,15.0,0,0
1.28,8.571428571428571,97.01099287395772,22,8,0,0,128.86,18.0,0,0
1.28,8.571428571428571,97.04105463387187,22,8,0,0,143.16999999999996,21.0,0,0
1.28,8.571428571428571,97.02270857878906,22,8,0,0,157.48000000000002,24.0,0,0
1.28,8.571428571428571,97.1146912313043,22,8,0,0,171.79000000000002,27.0,0,0
1.28,8.571428571428571,97.10101162682219,22,8,0,0,186.10000000000002,30.0,0,0
1.30,8.571428571428571,97.13640973954902,22,8,0,0,200.40999999999997,33.0,0,0
1.30,8.571428571428571,97.1830128348071,22,8,0,0,214.71999999999997,36.0,0,0
1.30,8.571428571428571,97.20591230491378,22,8,0,0,229.03000000000003,39.0,0,0
1.30,8.571428571428571,97.20110628651,23,8,0,0,243.34000000000003,42.00000000000001,0,0
1.30,8.571428571428571,97.25024188418331,23,8,0,0,257.65000000000003,45.00000000000001,0,0
1.30,8.571428571428571,97.29609020440502,23,8,0,0,271.96000000000004,48.00000000000001,0,0
1.30,8.571428571428571,97.39478448390713,23,8,0,0,286.27000000000004,51.00000000000001,0,0
1.30,8.571428571428571,97.4963638575735,23,8,0,0,300.58000000000004,54.00000000000001,0,0
1.30,8.571428571428571,97.56402744463647,23,8,0,0,314.89000000000004,57.000000000000014,0,0
1.30,8.571428571428571,97.60977183770137,23,8,0,0,329.20000000000005,60.00000000000001,0,0
1.32,8.571428571428571,97.67306135026797,23,8,0,0,343.51,63.0,0,0
1.32,8.571428571428571,97.7800333973133,23,8,0,0,357.82,66.0,0,0
1.32,8.571428571428571,97.8516489729423,23,8,0,0,372.13,69.0,0,0
1.32,8.571428571428571,97.9731777783547,23,8,0,0,386.44,72.0,0,0
1.32,8.571428571428571,98.00363330308049,23,8,0,0,400.75,75.0,0,0
1.32,8.571428571428571,98.11015736741953,23,8,0,0,415.06,78.0,0,0
1.32,8.571428571428571,98.1402818444846,24,8,0,0,429.37,81.0,0,0
1.32,8.571428571428571,98.17434510059469,24,8,0,0,443.68,84.0,0,0
1.32,8.571428571428571,98.2316927236005,24,8,0,0,457.99,87.0,0,0
1.32,8.571428571428571,98.34114473991303,24,8,0,0,472.3,90.0,0,0
1.33,8.571428571428571,98.41378815481795,24,8,0,0,486.61,93.0,0,0
1.33,8.571428571428571,98.51001655340248,24,8,0,0,500.92,96.0,0,0
1.33,8.571428571428571,98.62286978915152,24,8,0,0,515.23,99.0,0,0
1.33,8.571428571428571,98.7303393925629,24,8,0,0,520,100.0,0,0
1.33,8.571428571428571,98.65444179515532,24,8,0,0,505.69,97.0,0,0
1.33,8.571428571428571,98.62544336838657,24,8,0,0,491.38,94.0,0,0
1.33,8.571428571428571,98.59882738695941,24,8,0,0,477.07,91.0,0,0
1.33,8.571428571428571,98.54344647933942,24,8,0,0,462.76,88.0,0,0
1.33,8.571428571428571,98.49600717448779,24,8,0,0,448.45,85.0,0,0
1.33,8.571428571428571,98.45977228760036,24,8,0,0,434.14,82.0,0,0
1.35,8.571428571428571,98.37555614930162,24,8,0,0,419.83,79.0,0,0
1.35,8.571428571428571,98.35255489211634,24,8,0,0,405.52,76.0,0,0
1.35,8.571428571428571,98.33299047266634,24,8,0,0,391.21,73.0,0,0
1.35,8.571428571428571,98.23212110094926,24,8,0,0,376.9,70.0,0,0
1.35,8.571428571428571,98.18565946688646,24,8,0,0,362.59000000000003,67.0,0,0
1.35,8.571428571428571,98.11535725367939,24,8,0,0,348.28,63.99999999999999,0,0
1.35,8.571428571428571,98.098378297449,24,8,0,0,333.96999999999997,60.99999999999999,0,0
1.35,8.571428571428571,98.04315426798895,24,8,0,0,319.65999999999997,57.99999999999999,0,0
1.35,8.571428571428571,97.99097052569492,24,8,0,0,305.34999999999997,54.99999999999999,0,0
1.35,8.571428571428571,97.8882787597,24,8,0,0,291.03999999999996,51.99999999999999,0,0
1.37,8.571428571428571,97.85999169337826,24,8,0,0,276.7299999999999,48.99999999999998,0,0
1.37,8.571428571428571,97.78421787246145,24,8,0,0,262.4199999999999,45.99999999999997,0,0
1.37,8.571428571428571,97.74142668136955,24,8,0,0,248.10999999999984,42.99999999999997,0,0
1.37,8.571428571428571,97.7190775613337,24,8,0,0,233.79999999999984,39.99999999999997,0,0
1.37,8.571428571428571,97.63458946934082,24,8,0,0,219.48999999999984,36.999999999999964,0,0
1.37,8.571428571428571,97.54071463007506,24,8,0,0,205.1799999999999,33.99999999999997,0,0
1.37,8.571428571428571,97.4796267070757,24,8,0,0,190.8699999999999,30.99999999999997,0,0
1.37,8.571428571428571,97.42031783760525,24,8,0,0,176.55999999999983,27.99999999999997,0,0
1.37,8.571428571428571,97.34251385765309,24,8,0,0,162.24999999999983,24.99999999999997,0,0
1.37,8.571428571428571,97.28423272655678,25,8,0,0,147.93999999999988,21.99999999999997,0,0
1.38,8.571428571428571,97.2571501448415,25,8,0,0,133.62999999999988,18.99999999999997,0,0
1.38,8.571428571428571,97.19196359907149,25,8,0,0,119.31999999999988,15.999999999999972,0,0
1.38,8.571428571428571,97.14357568999348,25,8,0,0,105.00999999999982,12.999999999999972,0,0
1.38,8.571428571428571,97.14258744526354,25,8,0,0,90.69999999999987,9.999999999999972,0,0
1.38,8.571428571428571,97.04109927347571,26,8,0,0,76.38999999999987,6.999999999999972,0,0
1.38,8.571428571428571,97.00822037737458,26,8,0,0,62.07999999999987,3.9999999999999716,0,0
1.38,8.571428571428571,96.94645633188088,26,8,0,0,47.76999999999987,0.9999999999999716,0,0
1.38,8.571428571428571,96.9004415623471,26,8,0,0,43,0.0,0,0
1.38,8.571428571428571,96.9322005062284,26,8,0,0,57.31,3.0,0,0
1.38,8.571428571428571,96.963756922895,26,8,0,0,71.62,6.0,0,0
1.40,8.571428571428571,97.028658650485,26,8,0,0,85.93,9.0,0,0
1.40,8.571428571428571,97.07421100138828,26,8,0,0,100.24000000000001,12.0,0,0
1.40,8.571428571428571,97.09182317036388,26,8,0,0,114.55000000000001,15.0,0,0
1.40,8.571428571428571,97.08893282593577,26,8,0,0,128.86,18.0,0,0
1.40,8.571428571428571,97.11323883685321,26,8,0,0,143.16999999999996,21.0,0,0
1.40,8.571428571428571,97.10748439138324,26,8,0,0,157.48000000000002,24.0,0,0
1.40,8.571428571428571,97.12355471096339,26,8,0,0,171.79000000000002,27.0,0,0
1.40,8.571428571428571,97.10813725440147,26,8,0,0,186.10000000000002,30.0,0,0
1.40,8.571428571428571,97.13880476247817,26,8,0,0,200.40999999999997,33.0,0,0
1.40,8.571428571428571,97.1709954036208,26,8,0,0,214.71999999999997,36.0,0,0
1.42,8.571428571428571,97.24850976976055,26,8,0,0,229.03000000000003,39.0,0,0
1.42,8.571428571428571,97.26064428241574,26,8,0,0,243.34000000000003,42.00000000000001,0,0
1.42,8.571428571428571,97.2499019768018,26,8,0,0,257.65000000000003,45.00000000000001,0,0
1.42,8.571428571428571,97.26764617571365,26,8,0,0,271.96000000000004,48.00000000000001,0,0
1.42,8.571428571428571,97.33677517242877,26,8,0,0,286.27000000000004,51.00000000000001,0,0
1.42,8.571428571428571,97.3970431438807,26,8,0,0,300.58000000000004,54.00000000000001,0,0
1.42,8.571428571428571,97.41899679907849,26,8,0,0,314.89000000000004,57.000000000000014,0,0
1.42,8.571428571428571,97.50052050796421,26,8,0,0,329.20000000000005,60.00000000000001,0,0
1.42,8.571428571428571,97.5908032738303,26,8,0,0,343.51,63.0,0,0
1.42,8.571428571428571,97.67989129783044,26,8,0,0,357.82,66.0,0,0
1.43,8.571428571428571,97.76320057854683,26,8,0,0,372.13,69.0,0,0
1.43,8.571428571428571,97.84479113594583,26,8,0,0,386.44,72.0,0,0
1.43,8.571428571428571,97.88801953036344,26,8,0,0,400.75,75.0,0,0
1.43,8.571428571428571,97.95571201378873,26,8,0,0,415.06,78.0,0,0
1.43,8.571428571428571,98.00811464917969,26,8,0,0,429.37,81.0,0,0
1.43,8.571428571428571,98.0506519934529,26,8,0,0,443.68,84.0,0,0
1.43,8.571428571428571,98.07610569958194,26,8,0,0,457.99,87.0,0,0
1.43,8.571428571428571,98.18104865699169,26,8,0,0,472.3,90.0,0,0
1.43,8.571428571428571,98.24981750122592,26,8,0,0,486.61,93.0,0,0
1.43,8.571428571428571,98.37332702103346,26,8,0,0,500.92,96.0,0,0
1.45,8.571428571428571,98.43235931932645,26,8,0,0,515.23,99.0,0,0
1.45,8.571428571428571,98.53840120631338,26,8,0,0,520,100.0,0,0
1.45,8.571428571428571,98.48440954111014,26,8,0,0,505.69,97.0,0,0
1.45,8.571428571428571,98.42993020512237,26,8,0,0,491.38,94.0,0,0
1.45,8.571428571428571,98.39313753144826,26,8,0,0,477.07,91.0,0,0
1.45,8.571428571428571,98.36909001560964,26,8,0,0,462.76,88.0,0,0
1.45,8.571428571428571,98.33879574746948,26,8,0,0,448.45,85.0,0,0
1.45,8.571428571428571,98.33155311746194,26,8,0,0,434.14,82.0,0,0
1.45,8.571428571428571,98.26554898491324,26,8,0,0,419.83,79.0,0,0
1.45,8.571428571428571,98.21637667562216,26,8,0,0,405.52,76.0,0,0
1.47,8.571428571428571,98.13850485292117,26,8,0,0,391.21,73.0,0,0
1.47,8.571428571428571,98.06461748630916,26,8,0,0,376.9,70.0,0,0
1.47,8.571428571428571,97.97446968950801,26,8,0,0,362.59000000000003,67.0,0,0
1.47,8.571428571428571,97.89954282322687,26,8,0,0,348.28,63.99999999999999,0,0
1.47,8.571428571428571,97.87634195475543,26,8,0,0,333.96999999999997,60.99999999999999,0,0
1.47,8.571428571428571,97.82834451466601,26,8,0,0,319.65999999999997,57.99999999999999,0,0
1.47,8.571428571428571,97.77801634384399,26,8,0,0,305.34999999999997,54.99999999999999,0,0
1.47,8.571428571428571,97.73487729496944,26,8,0,0,291.03999999999996,51.99999999999999,0,0
1.47,8.571428571428571,97.65067320063461,26,8,0,0,276.7299999999999,48.99999999999998,0,0
1.47,8.571428571428571,97.63778191563205,26,8,0,0,262.4199999999999,45.99999999999997,0,0
1.48,8.571428571428571,97.61342228441234,26,8,0,0,248.10999999999984,42.99999999999997,0,0
1.48,8.571428571428571,97.52617919865378,26,8,0,0,233.79999999999984,39.99999999999997,0,0
1.48,8.571428571428571,97.48412302955971,26,8,0,0,219.48999999999984,36.999999999999964,0,0
1.48,8.571428571428571,97.42568760790573,26,8,0,0,205.1799999999999,33.99999999999997,0,0
1.48,8.571428571428571,97.38695972923249,26,8,0,0,190.8699999999999,30.99999999999997,0,0
1.48,8.571428571428571,97.36394641894063,26,8,0,0,176.55999999999983,27.99999999999997,0,0
1.48,8.571428571428571,97.3058274525166,26,8,0,0,162.24999999999983,24.99999999999997,0,0
1.48,8.571428571428571,97.26748403876309,26,8,0,0,147.93999999999988,21.99999999999997,0,0
1.48,8.571428571428571,97.21313883195167,26,8,0,0,133.62999999999988,18.99999999999997,0,0
1.48,8.571428571428571,97.16010169349138,26,8,0,0,119.31999999999988,15.999999999999972,0,0
1.50,8.571428571428571,97.08289461409802,26,8,0,0,105.00999999999982,12.999999999999972,0,0
1.50,8.571428571428571,97.0543238805608,26,8,0,0,90.69999999999987,9.999999999999972,0,0
1.50,8.571428571428571,97.00822897903804,26,8,0,0,76.38999999999987,6.999999999999972,0,0
1.50,8.571428571428571,96.96409851489867,26,8,0,0,62.07999999999987,3.9999999999999716,0,0
1.50,8.571428571428571,96.90681356913882,26,8,0,0,47.76999999999987,0.9999999999999716,0,0
1.50,8.571428571428571,96.89705585010311,27,8,0,0,43,0.0,0,0
1.50,8.571428571428571,96.88648781498526,27,8,0,0,57.31,3.0,0,0
1.50,8.571428571428571,96.88260397120807,27,8,0,0,71.62,6.0,0,0
1.50,8.571428571428571,96.92453874316062,27,8,0,0,85.93,9.0,0,0
1.50,8.571428571428571,96.97494924482125,27,8,0,0,100.24000000000001,12.0,0,0
1.52,8.571428571428571,96.9949321304325,27,8,0,0,114.55000000000001,15.0,0,0
1.52,8.571428571428571,97.02657927202712,27,8,0,0,128.86,18.0,0,0
1.52,8.571428571428571,97.06811821369064,27,8,0,0,143.16999999999996,21.0,0,0
1.52,8.571428571428571,97.07231593970388,27,8,0,0,157.48000000000002,24.0,0,0
1.52,8.571428571428571,97.1241597917681,27,8,0,0,171.79000000000002,27.0,0,0
1.52,8.571428571428571,97.15754028492884,27,8,0,0,186.10000000000002,30.0,0,0
1.52,8.571428571428571,97.22920645700184,27,8,0,0,200.40999999999997,33.0,0,0
1.52,8.571428571428571,97.30733523869563,27,8,0,0,214.71999999999997,36.0,0,0
1.52,8.571428571428571,97.32578493563418,27,8,0,0,229.03000000000003,39.0,0,0
1.52,8.571428571428571,97.38616998917387,27,8,0,0,243.34000000000003,42.00000000000001,0,0
1.53,8.571428571428571,97.38952036143706,27,8,0,0,257.65000000000003,45.00000000000001,0,0
1.53,8.571428571428571,97.35951327823516,27,8,0,0,271.96000000000004,48.00000000000001,0,0
1.53,8.571428571428571,97.39856201086658,27,8,0,0,286.27000000000004,51.00000000000001,0,0
1.53,8.571428571428571,97.51767062508394,27,8,0,0,300.58000000000004,54.00000000000001,0,0
1.53,8.571428571428571,97.5766983022463,27,8,0,0,314.89000000000004,57.000000000000014,0,0
1.53,8.571428571428571,97.66170109832669,27,8,0,0,329.20000000000005,60.00000000000001,0,0
1.53,8.571428571428571,97.71067715988738,27,8,0,0,343.51,63.0,0,0
1.53,8.571428571428571,97.79787507406795,27,8,0,0,357.82,66.0,0,0
1.53,8.571428571428571,97.87016450425801,27,8,0,0,372.13,69.0,0,0
1.53,8.571428571428571,97.90448906048023,27,8,0,0,386.44,72.0,0,0
1.55,8.571428571428571,97.95637867027455,27,8,0,0,400.75,75.0,0,0
1.55,8.571428571428571,97.99663521726792,27,8,0,0,415.06,78.0,0,0
1.55,8.571428571428571,98.0295352426363,27,8,0,0,429.37,81.0,0,0
1.55,8.571428571428571,98.04514722737309,27,8,0,0,443.68,84.0,0,0
1.55,8.571428571428571,98.08565851064499,27,8,0,0,457.99,87.0,0,0
1.55,8.571428571428571,98.1382465293819,27,8,0,0,472.3,90.0,0,0
1.55,8.571428571428571,98.23241197270576,27,8,0,0,486.61,93.0,0,0
1.55,8.571428571428571,98.31995838461802,27,8,0,0,500.92,96.0,0,0
1.55,8.571428571428571,98.37293425007081,27,8,0,0,515.23,99.0,0,0
1.55,8.571428571428571,98.44135942571603,28,8,0,0,520,100.0,0,0
1.57,8.571428571428571,98.40199332558454,28,8,0,0,505.69,97.0,0,0
1.57,8.571428571428571,98.33100991256397,28,8,0,0,491.38,94.0,0,0
1.57,8.571428571428571,98.27547944470714,28,8,0,0,477.07,91.0,0,0
1.57,8.571428571428571,98.24567797132883,28,8,0,0,462.76,88.0,0,0
1.57,8.571428571428571,98.19298644683376,28,8,0,0,448.45,85.0,0,0
1.57,8.571428571428571,98.12401338686566,28,8,0,0,434.14,82.0,0,0
1.57,8.571428571428571,98.05176819602535,28,8,0,0,419.83,79.0,0,0
1.57,8.571428571428571,98.03428786677561,28,8,0,0,405.52,76.0,0,0
1.57,8.571428571428571,97.96421136679014,28,8,0,0,391.21,73.0,0,0
1.57,8.571428571428571,97.91391275722037,28,8,0,0,376.9,70.0,0,0
1.58,8.571428571428571,97.86332271175117,28,8,0,0,362.59000000000003,67.0,0,0
1.58,8.571428571428571,97.80337942209835,28,8,0,0,348.28,63.99999999999999,0,0
1.58,8.571428571428571,97.76569918340434,28,8,0,0,333.96999999999997,60.99999999999999,0,0
1.58,8.571428571428571,97.70268963397966,28,8,0,0,319.65999999999997,57.99999999999999,0,0
1.58,8.571428571428571,97.6502153901987,29,8,0,0,305.34999999999997,54.99999999999999,0,0
1.58,8.571428571428571,97.63722458981195,30,8,0,0,291.03999999999996,51.99999999999999,0,0
1.58,8.571428571428571,97.62232161379566,30,8,0,0,276.7299999999999,48.99999999999998,0,0
1.58,8.571428571428571,97.57917134857834,30,8,0,0,262.4199999999999,45.99999999999997,0,0
1.58,8.571428571428571,97.56068150623605,30,8,0,0,248.10999999999984,42.99999999999997,0,0
1.58,8.571428571428571,97.52066753728035,30,8,0,0,233.79999999999984,39.99999999999997,0,0
1.60,8.571428571428571,97.49879219288454,30,8,0,0,219.48999999999984,36.999999999999964,0,0
1.60,8.571428571428571,97.45194475416152,30,8,0,0,205.1799999999999,33.99999999999997,0,0
1.60,8.571428571428571,97.37885788897223,30,9,0,0,190.8699999999999,30.99999999999997,0,0
1.60,8.571428571428571,97.3316859160853,30,9,0,0,176.55999999999983,27.99999999999997,0,0
1.60,8.571428571428571,97.28371481100811,30,9,0,0,162.24999999999983,24.99999999999997,0,0
1.60,8.571428571428571,97.26826824231208,30,9,0,0,147.93999999999988,21.99999999999997,0,0
1.60,8.571428571428571,97.20325091922673,30,9,0,0,133.62999999999988,18.99999999999997,0,0
1.60,8.571428571428571,97.16607935160262,30,9,0,0,119.31999999999988,15.999999999999972,0,0
1.60,8.571428571428571,97.1139862200789,30,9,0,0,105.00999999999982,12.999999999999972,0,0
1.60,8.571428571428571,97.05606578226086,30,10,0,0,90.69999999999987,9.999999999999972,0,0
1.62,8.571428571428571,97.02325751636533,30,10,0,0,76.38999999999987,6.999999999999972,0,0
1.62,8.571428571428571,96.96039229357879,30,10,0,0,62.07999999999987,3.9999999999999716,0,0
1.62,8.571428571428571,96.88922659024826,30,10,0,0,47.76999999999987,0.9999999999999716,0,0
1.62,8.571428571428571,96.85243999425653,30,10,0,0,43,0.0,0,0
1.62,8.571428571428571,96.88030787816777,30,10,0,0,57.31,3.0,0,0
1.62,8.571428571428571,96.91900490278357,30,10,0,0,71.62,6.0,0,0
1.62,8.571428571428571,96.93615359188912,30,10,0,0,85.93,9.0,0,0
1.62,8.571428571428571,96.9378202730039,30,10,0,0,100.24000000000001,12.0,0,0
1.62,8.571428571428571,96.96291094938027,30,10,0,0,114.55000000000001,15.0,0,0
1.62,8.571428571428571,96.99604841085673,30,10,0,0,128.86,18.0,0,0
1.63,8.571428571428571,96.99692135465021,30,10,0,0,143.16999999999996,21.0,0,0
1.63,8.571428571428571,97.04336311350205,30,10,0,0,157.48000000000002,24.0,0,0
1.63,8.571428571428571,97.10635340791431,30,10,0,0,171.79000000000002,27.0,0,0
1.63,8.571428571428571,97.13711971024925,30,10,0,0,186.10000000000002,30.0,0,0
1.63,8.571428571428571,97.12273836400637,31,10,0,0,200.40999999999997,33.0,0,0
1.63,8.571428571428571,97.1393977630647,31,10,0,0,214.71999999999997,36.0,0,0
1.63,8.571428571428571,97.17724008764749,31,10,0,0,229.03000000000003,39.0,0,0
1.63,8.571428571428571,97.16067862945462,32,10,0,0,243.34000000000003,42.00000000000001,0,0
1.63,8.571428571428571,97.17749670369007,32,10,0,0,257.65000000000003,45.00000000000001,0,0
1.63,8.571428571428571,97.173663419967,32,10,0,0,271.96000000000004,48.00000000000001,0,0
1.65,8.571428571428571,97.2650779089119,32,10,0,0,286.27000000000004,51.00000000000001,0,0
1.65,8.571428571428571,97.33829955599073,32,10,0,0,300.58000000000004,54.00000000000001,0,0
1.65,8.571428571428571,97.35216064120031,32,10,0,0,314.89000000000004,57.000000000000014,0,0
1.65,8.571428571428571,97.36988184418752,32,10,0,0,329.20000000000005,60.00000000000001,0,0
1.65,8.571428571428571,97.42545645747214,32,10,0,0,343.51,63.0,0,0
1.65,8.571428571428571,97.44801562764668,32,10,0,0,357.82,66.0,0,0
1.65,8.571428571428571,97.48586440808904,32,10,0,0,372.13,69.0,0,0
1.65,8.571428571428571,97.57927635784685,32,10,0,0,386.44,72.0,0,0
1.65,8.571428571428571,97.59662979815384,32,10,0,0,400.75,75.0,0,0
1.65,8.571428571428571,97.6916370651632,32,10,0,0,415.06,78.0,0,0
1.67,8.571428571428571,97.7486370318127,32,10,0,0,429.37,81.0,0,0
1.67,8.571428571428571,97.79541875113912,33,10,0,0,443.68,84.0,0,0
1.67,8.571428571428571,97.85182655343756,33,10,0,0,457.99,87.0,0,0
1.67,8.571428571428571,97.87322269023132,33,10,0,0,472.3,90.0,0,0
1.67,8.571428571428571,97.94572511620272,33,10,0,0,486.61,93.0,0,0
1.67,8.571428571428571,98.01404998309842,33,10,0,0,500.92,96.0,0,0
1.67,8.571428571428571,98.0792495821087,33,10,0,0,515.23,99.0,0,0
1.67,8.571428571428571,98.11429630618836,33,10,0,0,520,100.0,0,0
1.67,8.571428571428571,98.0369100993182,33,10,0,0,505.69,97.0,0,0
1.67,8.571428571428571,98.00772672720672,33,10,0,0,491.38,94.0,0,0
1.68,8.571428571428571,97.96561815971616,33,10,0,0,477.07,91.0,0,0
1.68,8.571428571428571,97.92570115549316,33,10,0,0,462.76,88.0,0,0
1.68,8.571428571428571,97.87444787188815,33,10,0,0,448.45,85.0,0,0
1.68,8.571428571428571,97.81613549535817,33,10,0,0,434.14,82.0,0,0
1.68,8.571428571428571,97.75037591449016,33,10,0,0,419.83,79.0,0,0
1.68,8.571428571428571,97.6980769683143,33,10,0,0,405.52,76.0,0,0
1.68,8.571428571428571,97.66131674989795,33,10,0,0,391.21,73.0,0,0
1.68,8.571428571428571,97.62487781006055,33,10,0,0,376.9,70.0,0,0
1.68,8.571428571428571,97.54548207430315,33,11,0,0,362.59000000000003,67.0,0,0
1.68,8.571428571428571,97.50461442336483,33,11,0,0,348.28,63.99999999999999,0,0
1.70,8.571428571428571,97.46826615396766,33,11,0,0,333.96999999999997,60.99999999999999,0,0
1.70,8.571428571428571,97.42702891096478,33,11,0,0,319.65999999999997,57.99999999999999,0,0
1.70,8.571428571428571,97.37096906214865,33,11,0,0,305.34999999999997,54.99999999999999,0,0
1.70,8.571428571428571,97.37316602013986,33,11,0,0,291.03999999999996,51.99999999999999,0,0
1.70,8.571428571428571,97.31450055042187,33,11,0,0,276.7299999999999,48.99999999999998,0,0
1.70,8.571428571428571,97.24751693859982,33,11,0,0,262.4199999999999,45.99999999999997,0,0
1.70,8.571428571428571,97.20242063297299,33,11,0,0,248.10999999999984,42.99999999999997,0,0
1.70,8.571428571428571,97.15927368679576,33,11,0,0,233.79999999999984,39.99999999999997,0,0
1.70,8.571428571428571,97.13079867852889,33,11,0,0,219.48999999999984,36.999999999999964,0,0
1.70,8.571428571428571,97.09621008069182,33,11,0,0,205.1799999999999,33.99999999999997,0,0
1.72,8.571428571428571,97.06086944453044,33,11,0,0,190.8699999999999,30.99999999999997,0,0
1.72,8.571428571428571,97.05819656367821,33,11,0,0,176.55999999999983,27.99999999999997,0,0
1.72,8.571428571428571,97.04875721971088,33,11,0,0,162.24999999999983,24.99999999999997,0,0
1.72,8.571428571428571,96.99786775281247,33,11,0,0,147.93999999999988,21.99999999999997,0,0
1.72,8.571428571428571,96.9791706811344,33,11,0,0,133.62999999999988,18.99999999999997,0,0
1.72,8.571428571428571,96.96713238479077,33,11,0,0,119.31999999999988,15.999999999999972,0,0
1.72,8.571428571428571,96.89852918842702,33,11,0,0,105.00999999999982,12.999999999999972,0,0
1.72,8.571428571428571,96.84809226587059,33,11,0,0,90.69999999999987,9.999999999999972,0,0
1.72,8.571428571428571,96.82996910480864,33,11,0,0,76.38999999999987,6.999999999999972,0,0
1.72,8.571428571428571,96.78748612379873,33,11,0,0,62.07999999999987,3.9999999999999716,0,0
1.73,8.571428571428571,96.73098695351453,33,11,0,0,47.76999999999987,0.9999999999999716,0,0
1.73,8.571428571428571,96.70324941315278,33,11,0,0,43,0.0,0,0
1.73,8.571428571428571,96.73279946577605,33,11,0,0,57.31,3.0,0,0
1.73,8.571428571428571,96.72921002465186,33,11,0,0,71.62,6.0,0,0
1.73,8.571428571428571,96.72844619561221,33,11,0,0,85.93,9.0,0,0
1.73,8.571428571428571,96.71416808846219,33,11,0,0,100.24000000000001,12.0,0,0
1.73,8.571428571428571,96.71079463433807,33,11,0,0,114.55000000000001,15.0,0,0
1.73,8.571428571428571,96.68697192978445,33,11,0,0,128.86,18.0,0,0
1.73,8.571428571428571,96.71561991202118,34,11,0,0,143.16999999999996,21.0,0,0
1.73,8.571428571428571,96.69024184337916,34,11,0,0,157.48000000000002,24.0,0,0
1.75,8.571428571428571,96.67524711384982,34,11,0,0,171.79000000000002,27.0,0,0
1.75,8.571428571428571,96.65191933994338,34,11,0,0,186.10000000000002,30.0,0,0
1.75,8.571428571428571,96.68275100741548,34,11,0,0,200.40999999999997,33.0,0,0
1.75,8.571428571428571,96.70748321341297,34,11,0,0,214.71999999999997,36.0,0,0
1.75,8.571428571428571,96.73267646237676,34,11,0,0,229.03000000000003,39.0,0,0
1.75,8.571428571428571,96.77560247693465,34,11,0,0,243.34000000000003,42.00000000000001,0,0
1.75,8.571428571428571,96.78159521374245,34,11,0,0,257.65000000000003,45.00000000000001,0,0
1.75,8.571428571428571,96.82038648611874,34,11,0,0,271.96000000000004,48.00000000000001,0,0
1.75,8.571428571428571,96.88359532024113,34,11,0,0,286.27000000000004,51.00000000000001,0,0
1.75,8.571428571428571,96.94564278168613,34,11,0,0,300.58000000000004,54.00000000000001,0,0
1.77,8.571428571428571,96.97398267642257,34,11,0,0,314.89000000000004,57.000000000000014,0,0
1.77,8.571428571428571,96.98611188847516,34,11,0,0,329.20000000000005,60.00000000000001,0,0
1.77,8.571428571428571,97.06646083629678,34,11,0,0,343.51,63.0,0,0
1.77,8.571428571428571,97.10110775409419,34,11,0,0,357.82,66.0,0,0
1.77,8.571428571428571,97.1506260624082,34,11,0,0,372.13,69.0,0,0
1.77,8.571428571428571,97.17624514975095,34,11,0,0,386.44,72.0,0,0
1.77,8.571428571428571,97.2582113428653,34,11,0,0,400.75,75.0,0,0
1.77,8.571428571428571,97.35935418140532,34,11,0,0,415.06,78.0,0,0
1.77,8.571428571428571,97.389008355545,34,11,0,0,429.37,81.0,0,0
1.77,8.571428571428571,97.43937639537548,34,11,0,0,443.68,84.0,0,0
1.78,8.571428571428571,97.48521287890229,34,11,0,0,457.99,87.0,0,0
1.78,8.571428571428571,97.4918604671816,34,11,0,0,472.3,90.0,0,0
1.78,8.571428571428571,97.55618621914188,34,11,0,0,486.61,93.0,0,0
1.78,8.571428571428571,97.60366238684009,34,11,0,0,500.92,96.0,0,0
1.78,8.571428571428571,97.64530851473432,34,11,0,0,515.23,99.0,0,0
1.78,8.571428571428571,97.70713174358079,34,11,0,0,520,100.0,0,0
1.78,8.571428571428571,97.68467773575884,34,11,0,0,505.69,97.0,0,0
1.78,8.571428571428571,97.63020536916355,34,11,0,0,491.38,94.0,0,0
1.78,8.571428571428571,97.57266256400453,34,11,0,0,477.07,91.0,0,0
1.78,8.571428571428571,97.5091983467201,34,11,0,0,462.76,88.0,0,0
1.80,8.571428571428571,97.47285108477362,34,11,0,0,448.45,85.0,0,0
1.80,8.571428571428571,97.44074743633341,34,11,0,0,434.14,82.0,0,0
1.80,8.571428571428571,97.37747396127702,35,11,0,0,419.83,79.0,0,0
1.80,8.571428571428571,97.31166713384538,35,11,0,0,405.52,76.0,0,0
1.80,8.571428571428571,97.25792992503044,35,11,0,0,391.21,73.0,0,0
1.80,8.571428571428571,97.22204322929868,35,11,0,0,376.9,70.0,0,0
1.80,8.571428571428571,97.20035040681672,35,11,0,0,362.59000000000003,67.0,0,0
1.80,8.571428571428571,97.13293979696178,35,11,0,0,348.28,63.99999999999999,0,0
1.80,8.571428571428571,97.0910329484729,35,11,0,0,333.96999999999997,60.99999999999999,0,0
1.80,8.571428571428571,97.0247034579956,35,11,0,0,319.65999999999997,57.99999999999999,0,0
1.82,8.571428571428571,97.00759259121575,35,11,0,0,305.34999999999997,54.99999999999999,0,0
1.82,8.571428571428571,96.97801654691413,35,11,0,0,291.03999999999996,51.99999999999999,0,0
1.82,8.571428571428571,96.93372926857845,35,11,0,0,276.7299999999999,48.99999999999998,0,0
1.82,8.571428571428571,96.88785802543175,35,11,0,0,262.4199999999999,45.99999999999997,0,0
1.82,8.571428571428571,96.85173611340976,35,11,0,0,248.10999999999984,42.99999999999997,0,0
1.82,8.571428571428571,96.82322298768918,35,11,0,0,233.79999999999984,39.99999999999997,0,0
1.82,8.571428571428571,96.77532902811357,35,11,0,0,219.48999999999984,36.999999999999964,0,0
1.82,8.571428571428571,96.74117187680818,35,11,0,0,205.1799999999999,33.99999999999997,0,0
1.82,8.571428571428571,96.70832493797161,35,11,0,0,190.8699999999999,30.99999999999997,0,0
1.82,8.571428571428571,96.6533092759999,35,11,0,0,176.55999999999983,27.99999999999997,0,0
1.83,8.571428571428571,96.60717281244584,35,11,0,0,162.24999999999983,24.99999999999997,0,0
1.83,8.571428571428571,96.57109325074231,35,11,0,0,147.93999999999988,21.99999999999997,0,0
1.83,8.571428571428571,96.5116418913027,35,11,0,0,133.62999999999988,18.99999999999997,0,0
1.83,8.571428571428571,96.46334405222527,36,11,0,0,119.31999999999988,15.999999999999972,0,0
1.83,8.571428571428571,96.40535885732663,36,11,0,0,105.00999999999982,12.999999999999972,0,0
1.83,8.571428571428571,96.34297530701407,36,11,0,0,90.69999999999987,9.999999999999972,0,0
1.83,8.571428571428571,96.28944448627475,36,11,0,0,76.38999999999987,6.999999999999972,0,0
1.83,8.571428571428571,96.27837098826807,36,11,0,0,62.07999999999987,3.9999999999999716,0,0
1.83,8.571428571428571,96.25718337366943,36,11,0,0,47.76999999999987,0.9999999999999716,0,0
1.83,8.571428571428571,96.2409315522571,36,11,0,0,43,0.0,0,0
1.85,8.571428571428571,96.24908983570903,36,11,0,0,57.31,3.0,0,0
1.85,8.571428571428571,96.26873155064027,36,11,0,0,71.62,6.0,0,0
1.85,8.571428571428571,96.2958669203723,36,11,0,0,85.93,9.0,0,0
1.85,8.571428571428571,96.28368250211507,36,11,0,0,100.24000000000001,12.0,0,0
1.85,8.571428571428571,96.31784265730973,36,11,0,0,114.55000000000001,15.0,0,0
1.85,8.571428571428571,96.34165675097645,36,11,0,0,128.86,18.0,0,0
1.85,8.571428571428571,96.36656450463586,36,11,0,0,143.16999999999996,21.0,0,0
1.85,8.571428571428571,96.41329674023551,36,11,0,0,157.48000000000002,24.0,0,0
1.85,8.571428571428571,96.41663096681084,36,11,0,0,171.79000000000002,27.0,0,0
1.85,8.571428571428571,96.46591248377082,37,11,0,0,186.10000000000002,30.0,0,0
1.87,8.571428571428571,96.45317308056414,37,11,0,0,200.40999999999997,33.0,0,0
1.87,8.571428571428571,96.44909730303526,37,11,0,0,214.71999999999997,36.0,0,0
1.87,8.571428571428571,96.44822851978553,37,11,0,0,229.03000000000003,39.0,0,0
1.87,8.571428571428571,96.45418518296393,37,11,0,0,243.34000000000003,42.00000000000001,0,0
1.87,8.571428571428571,96.46183903501482,37,11,0,0,257.65000000000003,45.00000000000001,0,0
1.87,8.571428571428571,96.46270833923859,37,11,0,0,271.96000000000004,48.00000000000001,0,0
1.87,8.571428571428571,96.48994355775305,37,11,0,0,286.27000000000004,51.00000000000001,0,0
1.87,8.571428571428571,96.54423012452801,37,11,0,0,300.58000000000004,54.00000000000001,0,0
1.87,8.571428571428571,96.63230634275891,37,11,0,0,314.89000000000004,57.000000000000014,0,0
1.87,8.571428571428571,96.6775855829549,37,11,0,0,329.20000000000005,60.00000000000001,0,0
1.88,8.571428571428571,96.72899331084692,37,11,0,0,343.51,63.0,0,0
1.88,8.571428571428571,96.81089919868904,37,11,0,0,357.82,66.0,0,0
1.88,8.571428571428571,96.86552831142718,37,11,0,0,372.13,69.0,0,0
1.88,8.571428571428571,96.90390007804261,37,11,0,0,386.44,72.0,0,0
1.88,8.571428571428571,96.97567059585789,37,11,0,0,400.75,75.0,0,0
1.88,8.571428571428571,97.05878157186656,37,11,0,0,415.06,78.0,0,0
1.88,8.571428571428571,97.12268769585957,37,11,0,0,429.37,81.0,0,0
1.88,8.571428571428571,97.16627515962116,37,11,0,0,443.68,84.0,0,0
1.88,8.571428571428571,97.22994132361703,37,11,0,0,457.99,87.0,0,0
1.88,8.571428571428571,97.25649042389068,37,11,0,0,472.3,90.0,0,0
1.90,8.571428571428571,97.3040222718589,37,11,0,0,486.61,93.0,0,0
1.90,8.571428571428571,97.3424207328888,37,11,0,0,500.92,96.0,0,0
1.90,8.571428571428571,97.4076886886085,37,11,0,0,515.23,99.0,0,0
1.90,8.571428571428571,97.43484037745387,37,11,0,0,520,100.0,0,0
1.90,8.571428571428571,97.39801160464523,37,11,0,0,505.69,97.0,0,0
1.90,8.571428571428571,97.36664038803814,37,11,0,0,491.38,94.0,0,0
1.90,8.571428571428571,97.33991013229465,37,11,0,0,477.07,91.0,0,0
1.90,8.571428571428571,97.30437036712237,37,11,0,0,462.76,88.0,0,0
1.90,8.571428571428571,97.24201512215566,37,11,0,0,448.45,85.0,0,0
1.90,8.571428571428571,97.21223655264292,37,11,0,0,434.14,82.0,0,0
1.92,8.571428571428571,97.16330146921631,37,11,0,0,419.83,79.0,0,0
1.92,8.571428571428571,97.12721230323694,37,11,0,0,405.52,76.0,0,0
1.92,8.571428571428571,97.0712858892679,37,11,0,0,391.21,73.0,0,0
1.92,8.571428571428571,97.0490100266076,37,11,0,0,376.9,70.0,0,0
1.92,8.571428571428571,97.00290344804914,37,11,0,0,362.59000000000003,67.0,0,0
1.92,8.571428571428571,96.96704399723208,37,11,0,0,348.28,63.99999999999999,0,0
1.92,8.571428571428571,96.92580317328733,37,12,0,0,333.96999999999997,60.99999999999999,0,0
1.92,8.571428571428571,96.91814662963051,37,12,0,0,319.65999999999997,57.99999999999999,0,0
1.92,8.571428571428571,96.91387801588895,37,12,0,0,305.34999999999997,54.99999999999999,0,0
1.92,8.571428571428571,96.87435044419563,37,12,0,0,291.03999999999996,51.99999999999999,0,0
1.93,8.571428571428571,96.8570877349935,38,12,0,0,276.7299999999999,48.99999999999998,0,0
1.93,8.571428571428571,96.82184784243952,38,12,0,0,262.4199999999999,45.99999999999997,0,0
1.93,8.571428571428571,96.77448072523045,38,12,0,0,248.10999999999984,42.99999999999997,0,0
1.93,8.571428571428571,96.7665278193314,38,12,0,0,233.79999999999984,39.99999999999997,0,0
1.93,8.571428571428571,96.70143249179561,38,12,0,0,219.48999999999984,36.999999999999964,0,0
1.93,8.571428571428571,96.66356622422671,38,12,0,0,205.1799999999999,33.99999999999997,0,0
1.93,8.571428571428571,96.64538076352073,38,12,0,0,190.8699999999999,30.99999999999997,0,0
1.93,8.571428571428571,96.59411451944999,38,12,0,0,176.55999999999983,27.99999999999997,0,0
1.93,8.571428571428571,96.55728565728674,38,12,0,0,162.24999999999983,24.99999999999997,0,0
1.93,8.571428571428571,96.53197608174474,38,12,0,0,147.93999999999988,21.99999999999997,0,0
1.95,8.571428571428571,96.48315655857968,38,12,0,0,133.62999999999988,18.99999999999997,0,0
1.95,8.571428571428571,96.4354326440047,38,12,0,0,119.31999999999988,15.999999999999972,0,0
1.95,8.571428571428571,96.39726086619072,38,12,0,0,105.00999999999982,12.999999999999972,0,0
1.95,8.571428571428571,96.37569220684748,38,12,0,0,90.69999999999987,9.999999999999972,0,0
1.95,8.571428571428571,96.34403679883067,38,12,0,0,76.38999999999987,6.999999999999972,0,0
1.95,8.571428571428571,96.30779120862174,38,12,0,0,62.07999999999987,3.9999999999999716,0,0
1.95,8.571428571428571,96.2632842158565,38,12,0,0,47.76999999999987,0.9999999999999716,0,0
1.95,8.571428571428571,96.22909751246463,38,12,0,0,43,0.0,0,0
1.95,8.571428571428571,96.21973466203963,38,12,0,0,57.31,3.0,0,0
1.95,8.571428571428571,96.22229917469679,38,12,0,0,71.62,6.0,0,0
1.97,8.571428571428571,96.25055339978188,38,12,0,0,85.93,9.0,0,0
1.97,8.571428571428571,96.27246791369738,38,12,0,0,100.24000000000001,12.0,0,0
1.97,8.571428571428571,96.2862874971101,38,12,0,0,114.55000000000001,15.0,0,0
1.97,8.571428571428571,96.30548770519191,38,12,0,0,128.86,18.0,0,0
1.97,8.571428571428571,96.30562124425981,38,12,0,0,143.16999999999996,21.0,0,0
1.97,8.571428571428571,96.32310492997544,38,12,0,0,157.48000000000002,24.0,0,0
1.97,8.571428571428571,96.35373819365866,38,12,0,0,171.79000000000002,27.0,0,0
1.97,8.571428571428571,96.35896829471417,38,12,0,0,186.10000000000002,30.0,0,0
1.97,8.571428571428571,96.37184412569493,38,12,0,0,200.40999999999997,33.0,0,0
1.97,8.571428571428571,96.35341540062491,38,12,0,0,214.71999999999997,36.0,0,0
1.98,8.571428571428571,96.36338405000753,38,12,0,0,229.03000000000003,39.0,0,0
1.98,8.571428571428571,96.39300092145608,39,12,0,0,243.34000000000003,42.00000000000001,0,0
1.98,8.571428571428571,96.41990375587923,39,12,0,0,257.65000000000003,45.00000000000001,0,0
1.98,8.571428571428571,96.45447146389408,40,12,0,0,271.96000000000004,48.00000000000001,0,0
1.98,8.571428571428571,96.51215780903244,40,12,0,0,286.27000000000004,51.00000000000001,0,0
1.98,8.571428571428571,96.5564139141592,40,12,0,0,300.58000000000004,54.00000000000001,0,0
1.98,8.571428571428571,96.57606469540028,40,12,0,0,314.89000000000004,57.000000000000014,0,0
1.98,8.571428571428571,96.64112589952045,40,12,0,0,329.20000000000005,60.00000000000001,0,0
1.98,8.571428571428571,96.7084986687228,40,12,0,0,343.51,63.0,0,0
1.98,8.571428571428571,96.71539418679077,40,12,0,0,357.82,66.0,0,0
2.00,8.571428571428571,96.78153894608324,40,12,0,0,372.13,69.0,0,0
2.00,8.571428571428571,96.85610406089658,40,12,0,0,386.44,72.0,0,0
2.00,8.571428571428571,96.88652336719944,40,12,0,0,400.75,75.0,0,0
2.00,8.571428571428571,96.95028476381864,40,12,0,0,415.06,78.0,0,0
2.00,8.571428571428571,97.00179286764192,40,12,0,0,429.37,81.0,0,0
2.00,8.571428571428571,97.0851755052046,40,12,0,0,443.68,84.0,0,0
2.00,8.571428571428571,97.12740159725787,40,12,0,0,457.99,87.0,0,0
2.00,8.571428571428571,97.15262858787588,40,12,0,0,472.3,90.0,0,0
2.00,8.571428571428571,97.16776554658863,40,12,0,0,486.61,93.0,0,0
2.00,8.571428571428571,97.21612057447746,40,12,0,0,500.92,96.0,0,0
2.02,8.571428571428571,97.28297852903482,40,12,0,0,515.23,99.0,0,0
2.02,8.571428571428571,97.32111851894615,40,12,0,0,520,100.0,0,0
2.02,8.571428571428571,97.26903714188052,40,12,0,0,505.69,97.0,0,0
2.02,8.571428571428571,97.20723557846337,40,12,0,0,491.38,94.0,0,0
2.02,8.571428571428571,97.18313047527336,40,12,0,0,477.07,91.0,0,0
2.02,8.571428571428571,97.17373531882747,40,12,0,0,462.76,88.0,0,0
2.02,8.571428571428571,97.15560353673806,40,12,0,0,448.45,85.0,0,0
2.02,8.571428571428571,97.12657701292126,40,12,0,0,434.14,82.0,0,0
2.02,8.571428571428571,97.09874867133227,40,12,0,0,419.83,79.0,0,0
2.02,8.571428571428571,97.08265037376194,40,12,0,0,405.52,76.0,0,0
2.03,8.571428571428571,97.05730139211711,40,12,0,0,391.21,73.0,0,0
2.03,8.571428571428571,97.01816915857741,40,12,0,0,376.9,70.0,0,0
2.03,8.571428571428571,96.9867970252223,40,12,0,0,362.59000000000003,67.0,0,0
2.03,8.571428571428571,96.94384525147882,41,12,0,0,348.28,63.99999999999999,0,0
2.03,8.571428571428571,96.91345013210002,41,12,0,0,333.96999999999997,60.99999999999999,0,0
2.03,8.571428571428571,96.86292565844093,41,12,0,0,319.65999999999997,57.99999999999999,0,0
2.03,8.571428571428571,96.83882076531287,41,12,0,0,305.34999999999997,54.99999999999999,0,0
2.03,8.571428571428571,96.81303872167437,41,12,0,0,291.03999999999996,51.99999999999999,0,0
2.03,8.571428571428571,96.78434533002724,42,12,0,0,276.7299999999999,48.99999999999998,0,0
2.03,8.571428571428571,96.73012304289338,42,12,0,0,262.4199999999999,45.99999999999997,0,0
2.05,8.571428571428571,96.70121003075826,42,12,0,0,248.10999999999984,42.99999999999997,0,0
2.05,8.571428571428571,96.67020275240732,42,12,0,0,233.79999999999984,39.99999999999997,0,0
2.05,8.571428571428571,96.63229470452855,42,12,0,0,219.48999999999984,36.999999999999964,0,0
2.05,8.571428571428571,96.62375702438219,42,12,0,0,205.1799999999999,33.99999999999997,0,0
2.05,8.571428571428571,96.60112410140117,42,12,0,0,190.8699999999999,30.99999999999997,0,0
2.05,8.571428571428571,96.53547219960734,42,12,0,0,176.55999999999983,27.99999999999997,0,0
2.05,8.571428571428571,96.51456238423431,42,12,0,0,162.24999999999983,24.99999999999997,0,0
2.05,8.571428571428571,96.45836540738564,42,12,0,0,147.93999999999988,21.99999999999997,0,0
2.05,8.571428571428571,96.42462481000321,42,12,0,0,133.62999999999988,18.99999999999997,0,0
2.05,8.571428571428571,96.40112516809599,42,12,0,0,119.31999999999988,15.999999999999972,0,0
2.07,8.571428571428571,96.35314763669561,42,12,0,0,105.00999999999982,12.999999999999972,0,0
2.07,8.571428571428571,96.2886672449461,42,12,0,0,90.69999999999987,9.999999999999972,0,0
2.07,8.571428571428571,96.26363684574794,42,12,0,0,76.38999999999987,6.999999999999972,0,0
2.07,8.571428571428571,96.25119330486307,42,12,0,0,62.07999999999987,3.9999999999999716,0,0
2.07,8.571428571428571,96.2152170551667,42,12,0,0,47.76999999999987,0.9999999999999716,0,0
2.07,8.571428571428571,96.19335402764244,42,12,0,0,43,0.0,0,0
2.07,8.571428571428571,96.24466902051697,42,12,0,0,57.31,3.0,0,0
2.07,8.571428571428571,96.27409262567325,42,12,0,0,71.62,6.0,0,0
2.07,8.571428571428571,96.27239012942425,42,12,0,0,85.93,9.0,0,0
2.07,8.571428571428571,96.25533992379448,42,12,0,0,100.24000000000001,12.0,0,0
2.08,8.571428571428571,96.24554669961174,42,12,0,0,114.55000000000001,15.0,0,0
2.08,8.571428571428571,96.25875106541832,42,12,0,0,128.86,18.0,0,0
2.08,8.571428571428571,96.29495109303329,42,12,0,0,143.16999999999996,21.0,0,0
2.08,8.571428571428571,96.30383133965412,42,12,0,0,157.48000000000002,24.0,0,0
2.08,8.571428571428571,96.30285694492315,42,12,0,0,171.79000000000002,27.0,0,0
2.08,8.571428571428571,96.3024055894064,42,12,0,0,186.10000000000002,30.0,0,0
2.08,8.571428571428571,96.30637830451735,42,12,0,0,200.40999999999997,33.0,0,0
2.08,8.571428571428571,96.31355361710705,42,12,0,0,214.71999999999997,36.0,0,0
2.08,8.571428571428571,96.35318948327561,42,12,0,0,229.03000000000003,39.0,0,0
2.08,8.571428571428571,96.36448095243499,42,12,0,0,243.34000000000003,42.00000000000001,0,0
2.10,8.571428571428571,96.3948997085793,42,12,0,0,257.65000000000003,45.00000000000001,0,0
2.10,8.571428571428571,96.37279189912417,42,12,0,0,271.96000000000004,48.00000000000001,0,0
2.10,8.571428571428571,96.41225197942325,42,12,0,0,286.27000000000004,51.00000000000001,0,0
2.10,8.571428571428571,96.42881112815473,42,12,0,0,300.58000000000004,54.00000000000001,0,0
2.10,8.571428571428571,96.49959912780008,42,12,0,0,314.89000000000004,57.000000000000014,0,0
2.10,8.571428571428571,96.53493245114471,43,12,0,0,329.20000000000005,60.00000000000001,0,0
2.10,8.571428571428571,96.59178007592438,43,12,0,0,343.51,63.0,0,0
2.10,8.571428571428571,96.64418034253673,43,12,0,0,357.82,66.0,0,0
2.10,8.571428571428571,96.6705365225194,43,12,0,0,372.13,69.0,0,0
2.10,8.571428571428571,96.74453779871459,43,12,0,0,386.44,72.0,0,0
2.12,8.571428571428571,96.80314395505472,43,12,0,0,400.75,75.0,0,0
2.12,8.571428571428571,96.82911789896119,44,12,0,0,415.06,78.0,0,0
2.12,8.571428571428571,96.88309929593588,44,12,0,0,429.37,81.0,0,0
2.12,8.571428571428571,96.91513015792339,44,12,0,0,443.68,84.0,0,0
2.12,8.571428571428571,96.95624563947186,44,12,0,0,457.99,87.0,0,0
2.12,8.571428571428571,96.99265003343618,44,12,0,0,472.3,90.0,0,0
2.12,8.571428571428571,97.0297114926494,45,12,0,0,486.61,93.0,0,0
2.12,8.571428571428571,97.08171524063295,45,12,0,0,500.92,96.0,0,0
2.12,8.571428571428571,97.13873845208145,45,12,0,0,515.23,99.0,0,0
2.12,8.571428571428571,97.17865590717571,45,12,0,0,520,100.0,0,0
2.13,8.571428571428571,97.13816879592198,45,12,0,0,505.69,97.0,0,0
2.13,8.571428571428571,97.0965630639756,45,12,0,0,491.38,94.0,0,0
2.13,8.571428571428571,97.07751762001318,45,12,0,0,477.07,91.0,0,0
2.13,8.571428571428571,97.03889135400686,45,12,0,0,462.76,88.0,0,0
2.13,8.571428571428571,96.97746490230323,45,12,0,0,448.45,85.0,0,0
2.13,8.571428571428571,96.96363135256615,45,12,0,0,434.14,82.0,0,0
2.13,8.571428571428571,96.95279035433222,45,12,0,0,419.83,79.0,0,0
2.13,8.571428571428571,96.93533513950219,45,12,0,0,405.52,76.0,0,0
2.13,8.571428571428571,96.88034451431996,46,12,0,0,391.21,73.0,0,0
2.13,8.571428571428571,96.8480800368665,47,12,0,0,376.9,70.0,0,0
2.15,8.571428571428571,96.80211991075892,47,12,0,0,362.59000000000003,67.0,0,0
2.15,8.571428571428571,96.77926361074276,47,12,0,0,348.28,63.99999999999999,0,0
2.15,8.571428571428571,96.76301104815077,47,12,0,0,333.96999999999997,60.99999999999999,0,0
2.15,8.571428571428571,96.73286263989712,47,12,0,0,319.65999999999997,57.99999999999999,0,0
2.15,8.571428571428571,96.6852185527503,47,12,0,0,305.34999999999997,54.99999999999999,0,0
2.15,8.571428571428571,96.62665151934286,47,12,0,0,291.03999999999996,51.99999999999999,0,0
2.15,8.571428571428571,96.59148084613963,47,12,0,0,276.7299999999999,48.99999999999998,0,0
2.15,8.571428571428571,96.53838793137042,47,12,0,0,262.4199999999999,45.99999999999997,0,0
2.15,8.571428571428571,96.50994813403005,47,12,0,0,248.10999999999984,42.99999999999997,0,0
2.15,8.571428571428571,96.46706498989816,47,12,0,0,233.79999999999984,39.99999999999997,0,0
2.17,8.571428571428571,96.41450571878977,47,12,0,0,219.48999999999984,36.999999999999964,0,0
2.17,8.571428571428571,96.389884364742,47,12,0,0,205.1799999999999,33.99999999999997,0,0
2.17,8.571428571428571,96.34995912623813,47,12,0,0,190.8699999999999,30.99999999999997,0,0
2.17,8.571428571428571,96.31640450324177,47,12,0,0,176.55999999999983,27.99999999999997,0,0
2.17,8.571428571428571,96.2877895172805,47,12,0,0,162.24999999999983,24.99999999999997,0,0
2.17,8.571428571428571,96.26568446191621,47,12,0,0,147.93999999999988,21.99999999999997,0,0
2.17,8.571428571428571,96.21440967778028,47,12,0,0,133.62999999999988,18.99999999999997,0,0
2.17,8.571428571428571,96.19260748267133,47,12,0,0,119.31999999999988,15.999999999999972,0,0
2.17,8.571428571428571,96.1609365382755,47,12,0,0,105.00999999999982,12.999999999999972,0,0
2.17,8.571428571428571,96.10367441834754,47,12,0,0,90.69999999999987,9.999999999999972,0,0
2.18,8.571428571428571,96.05844794640296,47,12,0,0,76.38999999999987,6.999999999999972,0,0
2.18,8.571428571428571,96.03135421482177,47,12,0,0,62.07999999999987,3.9999999999999716,0,0
2.18,8.571428571428571,95.99750176605079,47,12,0,0,47.76999999999987,0.9999999999999716,0,0
2.18,8.571428571428571,95.97717892867598,47,12,0,0,43,0.0,0,0
2.18,8.571428571428571,95.96660955980819,47,12,0,0,57.31,3.0,0,0
2.18,8.571428571428571,95.98149737330783,47,12,0,0,71.62,6.0,0,0
2.18,8.571428571428571,96.02323096320053,47,12,0,0,85.93,9.0,0,0
2.18,8.571428571428571,96.03257555175122,47,12,0,0,100.24000000000001,12.0,0,0
2.18,8.571428571428571,96.05132853360543,47,12,0,0,114.55000000000001,15.0,0,0
2.18,8.571428571428571,96.0501561779719,47,12,0,0,128.86,18.0,0,0
2.20,8.571428571428571,96.05376055852783,47,12,0,0,143.16999999999996,21.0,0,0
2.20,8.571428571428571,96.02861944647383,47,12,0,0,157.48000000000002,24.0,0,0
2.20,8.571428571428571,96.02800006395103,47,12,0,0,171.79000000000002,27.0,0,0
2.20,8.571428571428571,96.02733666510623,47,12,0,0,186.10000000000002,30.0,0,0
2.20,8.571428571428571,96.04458592641403,47,12,0,0,200.40999999999997,33.0,0,0
2.20,8.571428571428571,96.0726801842027,47,12,0,0,214.71999999999997,36.0,0,0
2.20,8.571428571428571,96.09449138257368,47,12,0,0,229.03000000000003,39.0,0,0
2.20,8.571428571428571,96.13167831091575,47,12,0,0,243.34000000000003,42.00000000000001,0,0
2.20,8.571428571428571,96.14861842025084,47,12,0,0,257.65000000000003,45.00000000000001,0,0
2.20,8.571428571428571,96.17699589272621,47,12,0,0,271.96000000000004,48.00000000000001,0,0
2.22,8.571428571428571,96.25363624558203,47,12,0,0,286.27000000000004,51.00000000000001,0,0
2.22,8.571428571428571,96.31192967869484,47,12,0,0,300.58000000000004,54.00000000000001,0,0
2.22,8.571428571428571,96.37290931297704,47,12,0,0,314.89000000000004,57.000000000000014,0,0
2.22,8.571428571428571,96.42081247910568,47,12,0,0,329.20000000000005,60.00000000000001,0,0
2.22,8.571428571428571,96.46495868674594,47,12,0,0,343.51,63.0,0,0
2.22,8.571428571428571,96.51324036523268,47,12,0,0,357.82,66.0,0,0
2.22,8.571428571428571,96.55882856712701,47,12,0,0,372.13,69.0,0,0
2.22,8.571428571428571,96.6311114570064,47,12,0,0,386.44,72.0,0,0
2.22,8.571428571428571,96.71521688797188,47,12,0,0,400.75,75.0,0,0
2.22,8.571428571428571,96.75333954713162,47,12,0,0,415.06,78.0,0,0
2.23,8.571428571428571,96.81185402982345,47,12,0,0,429.37,81.0,0,0
2.23,8.571428571428571,96.86026904478518,47,12,0,0,443.68,84.0,0,0
2.23,8.571428571428571,96.88074139122634,47,12,0,0,457.99,87.0,0,0
2.23,8.571428571428571,96.9429774153949,47,12,0,0,472.3,90.0,0,0
2.23,8.571428571428571,96.98898448575194,47,12,0,0,486.61,93.0,0,0
2.23,8.571428571428571,97.01005361478673,47,12,0,0,500.92,96.0,0,0
2.23,8.571428571428571,97.03917422300154,47,12,0,0,515.23,99.0,0,0
2.23,8.571428571428571,97.09369348222941,47,12,0,0,520,100.0,0,0
2.23,8.571428571428571,97.08043748076224,47,12,0,0,505.69,97.0,0,0
2.23,8.571428571428571,97.07153788841086,47,12,0,0,491.38,94.0,0,0
2.25,8.571428571428571,97.03624613577949,47,12,0,0,477.07,91.0,0,0
2.25,8.571428571428571,97.0044931699991,47,12,0,0,462.76,88.0,0,0
2.25,8.571428571428571,96.96335936126401,47,12,0,0,448.45,85.0,0,0
2.25,8.571428571428571,96.92512900891253,47,12,0,0,434.14,82.0,0,0
2.25,8.571428571428571,96.9132261014172,47,12,0,0,419.83,79.0,0,0
2.25,8.571428571428571,96.89658394310209,47,12,0,0,405.52,76.0,0,0
2.25,8.571428571428571,96.87197727450847,47,12,0,0,391.21,73.0,0,0
2.25,8.571428571428571,96.83582292990212,47,12,0,0,376.9,70.0,0,0
2.25,8.571428571428571,96.79991054569913,47,12,0,0,362.59000000000003,67.0,0,0
2.25,8.571428571428571,96.77926780952957,47,12,0,0,348.28,63.99999999999999,0,0
2.27,8.571428571428571,96.76739221245377,47,12,0,0,333.96999999999997,60.99999999999999,0,0
2.27,8.571428571428571,96.70459953575431,47,12,0,0,319.65999999999997,57.99999999999999,0,0
2.27,8.571428571428571,96.69792979746256,47,12,0,0,305.34999999999997,54.99999999999999,0,0
2.27,8.571428571428571,96.66657115662494,47,12,0,0,291.03999999999996,51.99999999999999,0,0
2.27,8.571428571428571,96.62421687924979,47,12,0,0,276.7299999999999,48.99999999999998,0,0
2.27,8.571428571428571,96.59245619866421,47,12,0,0,262.4199999999999,45.99999999999997,0,0
2.27,8.571428571428571,96.57474943996841,47,12,0,0,248.10999999999984,42.99999999999997,0,0
2.27,8.571428571428571,96.54743593316384,47,12,0,0,233.79999999999984,39.99999999999997,0,0
2.27,8.571428571428571,96.51052203473259,47,12,0,0,219.48999999999984,36.999999999999964,0,0
2.27,8.571428571428571,96.49774813253698,47,12,0,0,205.1799999999999,33.99999999999997,0,0
2.28,8.571428571428571,96.4708594600395,47,12,0,0,190.8699999999999,30.99999999999997,0,0
2.28,8.571428571428571,96.46249820753505,47,12,0,0,176.55999999999983,27.99999999999997,0,0
2.28,8.571428571428571,96.41809422268764,47,12,0,0,162.24999999999983,24.99999999999997,0,0
2.28,8.571428571428571,96.38625370352207,47,12,0,0,147.93999999999988,21.99999999999997,0,0
2.28,8.571428571428571,96.35532474629134,47,12,0,0,133.62999999999988,18.99999999999997,0,0
2.28,8.571428571428571,96.34037195017028,47,12,0,0,119.31999999999988,15.999999999999972,0,0
2.28,8.571428571428571,96.28469877765038,47,12,0,0,105.00999999999982,12.999999999999972,0,0
2.28,8.571428571428571,96.28050367242923,47,12,0,0,90.69999999999987,9.999999999999972,0,0
2.28,8.571428571428571,96.22739737167521,47,12,0,0,76.38999999999987,6.999999999999972,0,0
2.28,8.571428571428571,96.20651103999026,47,12,0,0,62.07999999999987,3.9999999999999716,0,0
2.30,8.571428571428571,96.18508973676892,47,12,0,0,47.76999999999987,0.9999999999999716,0,0
2.30,8.571428571428571,96.13558324750294,47,12,0,0,43,0.0,0,0
2.30,8.571428571428571,96.14970780557623,47,12,0,0,57.31,3.0,0,0
2.30,8.571428571428571,96.17700324468157,47,12,0,0,71.62,6.0,0,0
2.30,8.571428571428571,96.15999934722775,47,12,0,0,85.93,9.0,0,0
2.30,8.571428571428571,96.1885788187571,47,12,0,0,100.24000000000001,12.0,0,0
2.30,8.571428571428571,96.19486419523473,47,12,0,0,114.55000000000001,15.0,0,0
2.30,8.571428571428571,96.22121873158247,47,12,0,0,128.86,18.0,0,0
2.30,8.571428571428571,96.23089787001526,47,12,0,0,143.16999999999996,21.0,0,0
2.30,8.571428571428571,96.23424608677088,47,12,0,0,157.48000000000002,24.0,0,0
2.32,8.571428571428571,96.27415904388891,47,12,0,0,171.79000000000002,27.0,0,0
2.32,8.571428571428571,96.29660214391508,47,12,0,0,186.10000000000002,30.0,0,0
2.32,8.571428571428571,96.29574714336721,47,12,0,0,200.40999999999997,33.0,0,0
2.32,8.571428571428571,96.31523142335122,47,12,0,0,214.71999999999997,36.0,0,0
2.32,8.571428571428571,96.34188993753142,47,12,0,0,229.03000000000003,39.0,0,0
2.32,8.571428571428571,96.3515142881318,47,12,0,0,243.34000000000003,42.00000000000001,0,0
2.32,8.571428571428571,96.3496244136434,47,12,0,0,257.65000000000003,45.00000000000001,0,0
2.32,8.571428571428571,96.3424216817239,47,12,0,0,271.96000000000004,48.00000000000001,0,0
2.32,8.571428571428571,96.35054083261741,47,12,0,0,286.27000000000004,51.00000000000001,0,0
2.32,8.571428571428571,96.36984837988966,47,12,0,0,300.58000000000004,54.00000000000001,0,0
2.33,8.571428571428571,96.37505483306467,47,12,0,0,314.89000000000004,57.000000000000014,0,0
2.33,8.571428571428571,96.4464829378453,48,12,0,0,329.20000000000005,60.00000000000001,0,0
2.33,8.571428571428571,96.50988220889003,48,12,0,0,343.51,63.0,0,0
2.33,8.571428571428571,96.53555424437909,48,12,0,0,357.82,66.0,0,0
2.33,8.571428571428571,96.5442902130897,48,12,0,0,372.13,69.0,0,0
2.33,8.571428571428571,96.61426391020049,48,12,0,0,386.44,72.0,0,0
2.33,8.571428571428571,96.66338422042085,48,12,0,0,400.75,75.0,0,0
2.33,8.571428571428571,96.6971316679494,48,12,0,0,415.06,78.0,0,0
2.33,8.571428571428571,96.74014110087313,48,12,0,0,429.37,81.0,0,0
2.33,8.571428571428571,96.77959830222154,48,12,0,0,443.68,84.0,0,0
2.35,8.571428571428571,96.81758292900146,48,12,0,0,457.99,87.0,0,0
2.35,8.571428571428571,96.87937101121209,48,12,0,0,472.3,90.0,0,0
2.35,8.571428571428571,96.94916305511998,48,12,0,0,486.61,93.0,0,0
2.35,8.571428571428571,96.99037117398444,48,12,0,0,500.92,96.0,0,0
2.35,8.571428571428571,97.06031232141221,48,12,0,0,515.23,99.0,0,0
2.35,8.571428571428571,97.09450017324262,49,12,0,0,520,100.0,0,0
2.35,8.571428571428571,97.06335895893085,49,12,0,0,505.69,97.0,0,0
2.35,8.571428571428571,97.0291740207062,49,12,0,0,491.38,94.0,0,0
2.35,8.571428571428571,96.97765119436085,49,12,0,0,477.07,91.0,0,0
2.35,8.571428571428571,96.9639577649588,49,12,0,0,462.76,88.0,0,0
2.37,8.571428571428571,96.96007201321764,49,12,0,0,448.45,85.0,0,0
2.37,8.571428571428571,96.91977331815403,49,12,0,0,434.14,82.0,0,0
2.37,8.571428571428571,96.89843212693688,49,12,0,0,419.83,79.0,0,0
2.37,8.571428571428571,96.8637963877941,49,13,0,0,405.52,76.0,0,0
2.37,8.571428571428571,96.82136554658906,49,13,0,0,391.21,73.0,0,0
2.37,8.571428571428571,96.795648323177,49,13,0,0,376.9,70.0,0,0
2.37,8.571428571428571,96.79108064922781,49,13,0,0,362.59000000000003,67.0,0,0
2.37,8.571428571428571,96.77464657980885,49,13,0,0,348.28,63.99999999999999,0,0
2.37,8.571428571428571,96.73141164385457,49,13,0,0,333.96999999999997,60.99999999999999,0,0
2.37,8.571428571428571,96.68334499553012,50,13,0,0,319.65999999999997,57.99999999999999,0,0
2.38,8.571428571428571,96.64982683860796,50,13,0,0,305.34999999999997,54.99999999999999,0,0
2.38,8.571428571428571,96.62708819338127,50,13,0,0,291.03999999999996,51.99999999999999,0,0
2.38,8.571428571428571,96.60830682945438,50,13,0,0,276.7299999999999,48.99999999999998,0,0
2.38,8.571428571428571,96.57328898718026,50,13,0,0,262.4199999999999,45.99999999999997,0,0
2.38,8.571428571428571,96.53025940807329,50,13,0,0,248.10999999999984,42.99999999999997,0,0
2.38,8.571428571428571,96.47595702435892,50,13,0,0,233.79999999999984,39.99999999999997,0,0
2.38,8.571428571428571,96.43416226318303,50,13,0,0,219.48999999999984,36.999999999999964,0,0
2.38,8.571428571428571,96.40492682666789,50,13,0,0,205.1799999999999,33.99999999999997,0,0
2.38,8.571428571428571,96.39247864754549,50,13,0,0,190.8699999999999,30.99999999999997,0,0
2.38,8.571428571428571,96.37634628581239,50,13,0,0,176.55999999999983,27.99999999999997,0,0
2.40,8.571428571428571,96.35452579583432,50,13,0,0,162.24999999999983,24.99999999999997,0,0
2.40,8.571428571428571,96.31911835248769,50,13,0,0,147.93999999999988,21.99999999999997,0,0
2.40,8.571428571428571,96.28893166449564,50,13,0,0,133.62999999999988,18.99999999999997,0,0
2.40,8.571428571428571,96.25645727323086,50,13,0,0,119.31999999999988,15.999999999999972,0,0
2.40,8.571428571428571,96.22082586771556,50,13,0,0,105.00999999999982,12.999999999999972,0,0
2.40,8.571428571428571,96.19312575190172,50,13,0,0,90.69999999999987,9.999999999999972,0,0
2.40,8.571428571428571,96.17704008299522,50,13,0,0,76.38999999999987,6.999999999999972,0,0
2.40,8.571428571428571,96.16340628438792,50,13,0,0,62.07999999999987,3.9999999999999716,0,0
2.40,8.571428571428571,96.13743600356088,50,13,0,0,47.76999999999987,0.9999999999999716,0,0
2.40,8.571428571428571,96.09591687848693,50,13,0,0,43,0.0,0,0
2.42,8.571428571428571,96.11492541107604,50,13,0,0,57.31,3.0,0,0
2.42,8.571428571428571,96.14818814671558,50,13,0,0,71.62,6.0,0,0
2.42,8.571428571428571,96.1795915074937,50,13,0,0,85.93,9.0,0,0
2.42,8.571428571428571,96.21845331120828,50,13,0,0,100.24000000000001,12.0,0,0
2.42,8.571428571428571,96.21644626324928,50,13,0,0,114.55000000000001,15.0,0,0
2.42,8.571428571428571,96.24303488641839,50,13,0,0,128.86,18.0,0,0
2.42,8.571428571428571,96.24763223225285,50,13,0,0,143.16999999999996,21.0,0,0
2.42,8.571428571428571,96.25964204912397,50,13,0,0,157.48000000000002,24.0,0,0
2.42,8.571428571428571,96.26554354666024,50,13,0,0,171.79000000000002,27.0,0,0
2.42,8.571428571428571,96.27832847140867,50,13,0,0,186.10000000000002,30.0,0,0
2.43,8.571428571428571,96.28994761752166,50,13,0,0,200.40999999999997,33.0,0,0
2.43,8.571428571428571,96.2994408018512,50,13,0,0,214.71999999999997,36.0,0,0
2.43,8.571428571428571,96.32652196879877,50,13,0,0,229.03000000000003,39.0,0,0
2.43,8.571428571428571,96.34662099102722,50,13,0,0,243.34000000000003,42.00000000000001,0,0
2.43,8.571428571428571,96.36125659786475,50,13,0,0,257.65000000000003,45.00000000000001,0,0
2.43,8.571428571428571,96.39674670932322,50,13,0,0,271.96000000000004,48.00000000000001,0,0
2.43,8.571428571428571,96.40868865825087,50,13,0,0,286.27000000000004,51.00000000000001,0,0
2.43,8.571428571428571,96.45951107981072,50,13,0,0,300.58000000000004,54.00000000000001,0,0
2.43,8.571428571428571,96.49783171339178,50,13,0,0,314.89000000000004,57.000000000000014,0,0
2.43,8.571428571428571,96.52941216045755,50,13,0,0,329.20000000000005,60.00000000000001,0,0
2.45,8.571428571428571,96.5747090678125,50,13,0,0,343.51,63.0,0,0
2.45,8.571428571428571,96.58308786511478,50,13,0,0,357.82,66.0,0,0
2.45,8.571428571428571,96.61347284521875,50,13,0,0,372.13,69.0,0,0
2.45,8.571428571428571,96.64864474452384,50,13,0,0,386.44,72.0,0,0
2.45,8.571428571428571,96.6614590086741,50,13,0,0,400.75,75.0,0,0
2.45,8.571428571428571,96.70861937556343,50,13,0,0,415.06,78.0,0,0
2.45,8.571428571428571,96.73809540451815,50,13,0,0,429.37,81.0,0,0
2.45,8.571428571428571,96.78169971414566,50,13,0,0,443.68,84.0,0,0
2.45,8.571428571428571,96.82682111493831,50,13,0,0,457.99,87.0,0,0
2.45,8.571428571428571,96.86507606052878,51,13,0,0,472.3,90.0,0,0
2.47,8.571428571428571,96.92832853364327,51,13,0,0,486.61,93.0,0,0
2.47,8.571428571428571,97.00375635953742,51,13,0,0,500.92,96.0,0,0
2.47,8.571428571428571,97.08237915578955,51,13,0,0,515.23,99.0,0,0
2.47,8.571428571428571,97.1037505990743,51,13,0,0,520,100.0,0,0
2.47,8.571428571428571,97.0717417596885,52,13,0,0,505.69,97.0,0,0
2.47,8.571428571428571,97.02741282835065,52,13,0,0,491.38,94.0,0,0
2.47,8.571428571428571,96.98355972617755,52,13,0,0,477.07,91.0,0,0
2.47,8.571428571428571,96.95085419336044,52,13,0,0,462.76,88.0,0,0
2.47,8.571428571428571,96.9224014610503,52,13,0,0,448.45,85.0,0,0
2.47,8.571428571428571,96.9057650915683,52,13,0,0,434.14,82.0,0,0
2.48,8.571428571428571,96.8817874178549,52,13,0,0,419.83,79.0,0,0
2.48,8.571428571428571,96.86992840889421,52,13,0,0,405.52,76.0,0,0
2.48,8.571428571428571,96.82676429947473,52,13,0,0,391.21,73.0,0,0
2.48,8.571428571428571,96.7952608692685,52,13,0,0,376.9,70.0,0,0
2.48,8.571428571428571,96.77370849948952,52,13,0,0,362.59000000000003,67.0,0,0
2.48,8.571428571428571,96.73613758012912,53,13,0,0,348.28,63.99999999999999,0,0
2.48,8.571428571428571,96.69539636995631,53,14,0,0,333.96999999999997,60.99999999999999,0,0
2.48,8.571428571428571,96.66796951610416,53,14,0,0,319.65999999999997,57.99999999999999,0,0
2.48,8.571428571428571,96.64769917582478,53,14,0,0,305.34999999999997,54.99999999999999,0,0
2.48,8.571428571428571,96.60934645991543,53,14,0,0,291.03999999999996,51.99999999999999,0,0
2.50,8.571428571428571,96.60098472841587,53,14,0,0,276.7299999999999,48.99999999999998,0,0
2.50,8.571428571428571,96.57370747509765,53,14,0,0,262.4199999999999,45.99999999999997,0,0
2.50,8.571428571428571,96.54795214624701,53,14,0,0,248.10999999999984,42.99999999999997,0,0
2.50,8.571428571428571,96.50953099287116,53,14,0,0,233.79999999999984,39.99999999999997,0,0
2.50,8.571428571428571,96.48614340908726,53,14,0,0,219.48999999999984,36.999999999999964,0,0
2.50,8.571428571428571,96.46850825588469,53,14,0,0,205.1799999999999,33.99999999999997,0,0
2.50,8.571428571428571,96.42780027996659,53,14,0,0,190.8699999999999,30.99999999999997,0,0
2.50,8.571428571428571,96.40570851243247,53,14,0,0,176.55999999999983,27.99999999999997,0,0
2.50,8.571428571428571,96.37584123916226,53,14,0,0,162.24999999999983,24.99999999999997,0,0
2.50,8.571428571428571,96.33519920912448,53,15,0,0,147.93999999999988,21.99999999999997,0,0
2.52,8.571428571428571,96.30713897181069,53,15,0,0,133.62999999999988,18.99999999999997,0,0
2.52,8.571428571428571,96.27729324484511,53,15,0,0,119.31999999999988,15.999999999999972,0,0
2.52,8.571428571428571,96.25686887718392,53,15,0,0,105.00999999999982,12.999999999999972,0,0
2.52,8.571428571428571,96.21348992434154,53,15,0,0,90.69999999999987,9.999999999999972,0,0
2.52,8.571428571428571,96.17589719537621,53,15,0,0,76.38999999999987,6.999999999999972,0,0
2.52,8.571428571428571,96.14402167051693,53,15,0,0,62.07999999999987,3.9999999999999716,0,0
2.52,8.571428571428571,96.1361630331823,53,15,0,0,47.76999999999987,0.9999999999999716,0,0
2.52,8.571428571428571,96.11725172152576,53,15,0,0,43,0.0,0,0
2.52,8.571428571428571,96.11345511676772,53,15,0,0,57.31,3.0,0,0
2.52,8.571428571428571,96.12813846687976,53,15,0,0,71.62,6.0,0,0
2.53,8.571428571428571,96.15096418298734,53,15,0,0,85.93,9.0,0,0
2.53,8.571428571428571,96.15814357617909,53,15,0,0,100.24000000000001,12.0,0,0
2.53,8.571428571428571,96.17992056161633,53,15,0,0,114.55000000000001,15.0,0,0
2.53,8.571428571428571,96.19408500466555,53,15,0,0,128.86,18.0,0,0
2.53,8.571428571428571,96.2106167757491,53,15,0,0,143.16999999999996,21.0,0,0
2.53,8.571428571428571,96.23186613218952,53,15,0,0,157.48000000000002,24.0,0,0
2.53,8.571428571428571,96.23250518658,53,15,0,0,171.79000000000002,27.0,0,0
2.53,8.571428571428571,96.26556784586097,53,15,0,0,186.10000000000002,30.0,0,0
2.53,8.571428571428571,96.28098884833997,53,15,0,0,200.40999999999997,33.0,0,0
2.53,8.571428571428571,96.27989069705077,53,15,0,0,214.71999999999997,36.0,0,0
2.55,8.571428571428571,96.31618338878927,53,15,0,0,229.03000000000003,39.0,0,0
2.55,8.571428571428571,96.36407393057405,53,15,0,0,243.34000000000003,42.00000000000001,0,0
2.55,8.571428571428571,96.36305089194441,53,15,0,0,257.65000000000003,45.00000000000001,0,0
2.55,8.571428571428571,96.37992124770433,53,15,0,0,271.96000000000004,48.00000000000001,0,0
2.55,8.571428571428571,96.42602316086719,53,15,0,0,286.27000000000004,51.00000000000001,0,0
2.55,8.571428571428571,96.45423406284999,53,15,0,0,300.58000000000004,54.00000000000001,0,0
2.55,8.571428571428571,96.51760883130471,53,15,0,0,314.89000000000004,57.000000000000014,0,0
2.55,8.571428571428571,96.56780993550164,53,15,0,0,329.20000000000005,60.00000000000001,0,0
2.55,8.571428571428571,96.61123948988504,53,15,0,0,343.51,63.0,0,0
2.55,8.571428571428571,96.64005603728481,53,15,0,0,357.82,66.0,0,0
2.57,8.571428571428571,96.6532096090433,53,15,0,0,372.13,69.0,0,0
2.57,8.571428571428571,96.69190705216579,53,15,0,0,386.44,72.0,0,0
2.57,8.571428571428571,96.71539738836026,53,15,0,0,400.75,75.0,0,0
2.57,8.571428571428571,96.73064753378456,53,15,0,0,415.06,78.0,0,0
2.57,8.571428571428571,96.75387258502496,53,15,0,0,429.37,81.0,0,0
2.57,8.571428571428571,96.77408126910787,53,15,0,0,443.68,84.0,0,0
2.57,8.571428571428571,96.79946144252382,53,15,0,0,457.99,87.0,0,0
2.57,8.571428571428571,96.8672487410896,53,15,0,0,472.3,90.0,0,0
2.57,8.571428571428571,96.90444236487501,53,15,0,0,486.61,93.0,0,0
2.57,8.571428571428571,96.9608693609662,53,15,0,0,500.92,96.0,0,0
2.58,8.571428571428571,97.02097200511268,53,15,0,0,515.23,99.0,0,0
2.58,8.571428571428571,97.0606035428763,53,15,0,0,520,100.0,0,0
2.58,8.571428571428571,97.03048857204598,53,15,0,0,505.69,97.0,0,0
2.58,8.571428571428571,97.01046394492967,53,15,0,0,491.38,94.0,0,0
2.58,8.571428571428571,97.00274718941259,53,15,0,0,477.07,91.0,0,0
2.58,8.571428571428571,96.98964870146352,53,15,0,0,462.76,88.0,0,0
2.58,8.571428571428571,96.94877520193243,53,15,0,0,448.45,85.0,0,0
2.58,8.571428571428571,96.90961080182893,53,15,0,0,434.14,82.0,0,0
2.58,8.571428571428571,96.88337935730537,54,15,0,0,419.83,79.0,0,0
2.58,8.571428571428571,96.84780977192871,54,15,0,0,405.52,76.0,0,0
2.60,8.571428571428571,96.81881811183918,54,15,0,0,391.21,73.0,0,0
2.60,8.571428571428571,96.78984980474223,54,15,0,0,376.9,70.0,0,0
2.60,8.571428571428571,96.75278476105304,54,15,0,0,362.59000000000003,67.0,0,0
2.60,8.571428571428571,96.73743889928787,54,15,0,0,348.28,63.99999999999999,0,0
2.60,8.571428571428571,96.7130684199085,54,15,0,0,333.96999999999997,60.99999999999999,0,0
2.60,8.571428571428571,96.67365669723556,54,15,0,0,319.65999999999997,57.99999999999999,0,0
2.60,8.571428571428571,96.62542472949845,54,15,0,0,305.34999999999997,54.99999999999999,0,0
2.60,8.571428571428571,96.61682773842587,54,15,0,0,291.03999999999996,51.99999999999999,0,0
2.60,8.571428571428571,96.59363486728344,54,15,0,0,276.7299999999999,48.99999999999998,0,0
2.60,8.571428571428571,96.55544682046761,54,15,0,0,262.4199999999999,45.99999999999997,0,0
2.62,8.571428571428571,96.52642119691893,54,15,0,0,248.10999999999984,42.99999999999997,0,0
2.62,8.571428571428571,96.49387967525743,54,15,0,0,233.79999999999984,39.99999999999997,0,0
2.62,8.571428571428571,96.4653087943461,54,15,0,0,219.48999999999984,36.999999999999964,0,0
2.62,8.571428571428571,96.43202972387893,54,15,0,0,205.1799999999999,33.99999999999997,0,0
2.62,8.571428571428571,96.39648102342619,54,15,0,0,190.8699999999999,30.99999999999997,0,0
2.62,8.571428571428571,96.3874078498135,54,15,0,0,176.55999999999983,27.99999999999997,0,0
2.62,8.571428571428571,96.35991492832211,55,15,0,0,162.24999999999983,24.99999999999997,0,0
2.62,8.571428571428571,96.33911182608414,55,15,0,0,147.93999999999988,21.99999999999997,0,0
2.62,8.571428571428571,96.30955158498084,55,15,0,0,133.62999999999988,18.99999999999997,0,0
2.62,8.571428571428571,96.29749089328287,55,15,0,0,119.31999999999988,15.999999999999972,0,0
2.63,8.571428571428571,96.2728506437483,55,15,0,0,105.00999999999982,12.999999999999972,0,0
2.63,8.571428571428571,96.25364999444197,55,15,0,0,90.69999999999987,9.999999999999972,0,0
2.63,8.571428571428571,96.23063451480655,55,15,0,0,76.38999999999987,6.999999999999972,0,0
2.63,8.571428571428571,96.21109620166642,55,15,0,0,62.07999999999987,3.9999999999999716,0,0
2.63,8.571428571428571,96.18635869132198,55,15,0,0,47.76999999999987,0.9999999999999716,0,0
2.63,8.571428571428571,96.13930964435811,55,15,0,0,43,0.0,0,0
2.63,8.571428571428571,96.13210273678932,55,15,0,0,57.31,3.0,0,0
2.63,8.571428571428571,96.13125716419368,55,15,0,0,71.62,6.0,0,0
2.63,8.571428571428571,96.12043309707835,55,15,0,0,85.93,9.0,0,0
2.63,8.571428571428571,96.10871832388462,55,15,0,0,100.24000000000001,12.0,0,0
2.65,8.571428571428571,96.14450112613392,55,15,0,0,114.55000000000001,15.0,0,0
2.65,8.571428571428571,96.15577393106396,56,15,0,0,128.86,18.0,0,0
2.65,8.571428571428571,96.15696192212884,56,15,0,0,143.16999999999996,21.0,0,0
2.65,8.571428571428571,96.14792898116443,56,15,0,0,157.48000000000002,24.0,0,0
2.65,8.571428571428571,96.14877424237228,56,15,0,0,171.79000000000002,27.0,0,0
2.65,8.571428571428571,96.158542388541,56,15,0,0,186.10000000000002,30.0,0,0
2.65,8.571428571428571,96.156050346387,56,15,0,0,200.40999999999997,33.0,0,0
2.65,8.571428571428571,96.14519640455389,56,15,0,0,214.71999999999997,36.0,0,0
2.65,8.571428571428571,96.1805413282053,56,15,0,0,229.03000000000003,39.0,0,0
2.65,8.571428571428571,96.17051265768042,56,15,0,0,243.34000000000003,42.00000000000001,0,0
2.67,8.571428571428571,96.16168827979904,56,15,0,0,257.65000000000003,45.00000000000001,0,0
2.67,8.571428571428571,96.17208098609758,57,15,0,0,271.96000000000004,48.00000000000001,0,0
2.67,8.571428571428571,96.21383813157072,57,15,0,0,286.27000000000004,51.00000000000001,0,0
2.67,8.571428571428571,96.27274416399051,57,15,0,0,300.58000000000004,54.00000000000001,0,0
2.67,8.571428571428571,96.3006421207088,57,15,0,0,314.89000000000004,57.000000000000014,0,0
2.67,8.571428571428571,96.3341481401797,57,16,0,0,329.20000000000005,60.00000000000001,0,0
2.67,8.571428571428571,96.37571839868033,57,16,0,0,343.51,63.0,0,0
2.67,8.571428571428571,96.39419769807203,57,16,0,0,357.82,66.0,0,0
2.67,8.571428571428571,96.41488728738811,57,16,0,0,372.13,69.0,0,0
2.67,8.571428571428571,96.44961287776941,57,16,0,0,386.44,72.0,0,0
2.68,8.571428571428571,96.49078224081886,57,16,0,0,400.75,75.0,0,0
2.68,8.571428571428571,96.54567236459441,57,16,0,0,415.06,78.0,0,0
2.68,8.571428571428571,96.57394274718206,57,16,0,0,429.37,81.0,0,0
2.68,8.571428571428571,96.59928883823277,57,16,0,0,443.68,84.0,0,0
2.68,8.571428571428571,96.63041213940537,57,16,0,0,457.99,87.0,0,0
2.68,8.571428571428571,96.64185133055274,57,16,0,0,472.3,90.0,0,0
2.68,8.571428571428571,96.66105056922108,57,16,0,0,486.61,93.0,0,0
2.68,8.571428571428571,96.68138997986495,57,16,0,0,500.92,96.0,0,0
2.68,8.571428571428571,96.71679943898958,57,16,0,0,515.23,99.0,0,0
2.68,8.571428571428571,96.76837326818708,57,16,0,0,520,100.0,0,0
2.70,8.571428571428571,96.74751449667971,57,16,0,0,505.69,97.0,0,0
2.70,8.571428571428571,96.73904105187748,57,16,0,0,491.38,94.0,0,0
2.70,8.571428571428571,96.7155995203499,57,16,0,0,477.07,91.0,0,0
2.70,8.571428571428571,96.68245859297843,57,16,0,0,462.76,88.0,0,0
2.70,8.571428571428571,96.64633473563273,57,16,0,0,448.45,85.0,0,0
2.70,8.571428571428571,96.61576524329908,57,16,0,0,434.14,82.0,0,0
2.70,8.571428571428571,96.5816555710793,57,16,0,0,419.83,79.0,0,0
2.70,8.571428571428571,96.54659979885331,57,16,0,0,405.52,76.0,0,0
2.70,8.571428571428571,96.5197577156532,57,16,0,0,391.21,73.0,0,0
2.70,8.571428571428571,96.49906870517133,57,16,0,0,376.9,70.0,0,0
2.72,8.571428571428571,96.45447136570928,57,16,0,0,362.59000000000003,67.0,0,0
2.72,8.571428571428571,96.42588588466258,57,16,0,0,348.28,63.99999999999999,0,0
2.72,8.571428571428571,96.39965587790962,57,16,0,0,333.96999999999997,60.99999999999999,0,0
2.72,8.571428571428571,96.38996777783788,57,16,0,0,319.65999999999997,57.99999999999999,0,0
2.72,8.571428571428571,96.35280083943665,58,16,0,0,305.34999999999997,54.99999999999999,0,0
2.72,8.571428571428571,96.32468871536348,58,16,0,0,291.03999999999996,51.99999999999999,0,0
2.72,8.571428571428571,96.30321571681564,58,16,0,0,276.7299999999999,48.99999999999998,0,0
2.72,8.571428571428571,96.28084653727697,58,16,0,0,262.4199999999999,45.99999999999997,0,0
2.72,8.571428571428571,96.23614286864229,58,16,0,0,248.10999999999984,42.99999999999997,0,0
2.72,8.571428571428571,96.2113119058841,58,16,0,0,233.79999999999984,39.99999999999997,0,0
2.73,8.571428571428571,96.17381600799881,58,16,0,0,219.48999999999984,36.999999999999964,0,0
2.73,8.571428571428571,96.16211986525622,58,16,0,0,205.1799999999999,33.99999999999997,0,0
2.73,8.571428571428571,96.12910260662171,58,16,0,0,190.8699999999999,30.99999999999997,0,0
2.73,8.571428571428571,96.11187482696886,58,16,0,0,176.55999999999983,27.99999999999997,0,0
2.73,8.571428571428571,96.07419091114024,58,16,0,0,162.24999999999983,24.99999999999997,0,0
2.73,8.571428571428571,96.04684330217827,58,16,0,0,147.93999999999988,21.99999999999997,0,0
2.73,8.571428571428571,96.01002938558922,58,16,0,0,133.62999999999988,18.99999999999997,0,0
2.73,8.571428571428571,95.98279409609678,58,16,0,0,119.31999999999988,15.999999999999972,0,0
2.73,8.571428571428571,95.94231261985833,58,16,0,0,105.00999999999982,12.999999999999972,0,0
2.73,8.571428571428571,95.91559130431413,58,16,0,0,90.69999999999987,9.999999999999972,0,0
2.75,8.571428571428571,95.89824796731153,58,16,0,0,76.38999999999987,6.999999999999972,0,0
2.75,8.571428571428571,95.86663195246831,58,16,0,0,62.07999999999987,3.9999999999999716,0,0
2.75,8.571428571428571,95.84989863406123,58,16,0,0,47.76999999999987,0.9999999999999716,0,0
2.75,8.571428571428571,95.82941945400545,58,16,0,0,43,0.0,0,0
2.75,8.571428571428571,95.86122166681044,58,16,0,0,57.31,3.0,0,0
2.75,8.571428571428571,95.86284454383332,59,16,0,0,71.62,6.0,0,0
2.75,8.571428571428571,95.87159787887671,59,16,0,0,85.93,9.0,0,0
2.75,8.571428571428571,95.90123936428795,59,16,0,0,100.24000000000001,12.0,0,0
2.75,8.571428571428571,95.90850854409828,59,16,0,0,114.55000000000001,15.0,0,0
2.77,8.571428571428571,95.90437310475522,59,16,0,0,128.86,18.0,0,0
2.77,8.571428571428571,95.89088320762825,59,16,0,0,143.16999999999996,21.0,0,0
2.77,8.571428571428571,95.9086709047025,59,16,0,0,157.48000000000002,24.0,0,0
2.77,8.571428571428571,95.91032430900798,59,16,0,0,171.79000000000002,27.0,0,0
2.77,8.571428571428571,95.91140178336366,59,16,0,0,186.10000000000002,30.0,0,0
2.77,8.571428571428571,95.91505122984182,59,16,0,0,200.40999999999997,33.0,0,0
2.77,8.571428571428571,95.90849824824166,59,16,0,0,214.71999999999997,36.0,0,0
2.77,8.571428571428571,95.91209236006827,59,16,0,0,229.03000000000003,39.0,0,0
2.77,8.571428571428571,95.90677392696344,59,16,0,0,243.34000000000003,42.00000000000001,0,0
2.77,8.571428571428571,95.92431925543052,59,16,0,0,257.65000000000003,45.00000000000001,0,0
2.78,8.571428571428571,95.94765194882713,59,16,0,0,271.96000000000004,48.00000000000001,0,0
2.78,8.571428571428571,96.003309002738,59,16,0,0,286.27000000000004,51.00000000000001,0,0
2.78,8.571428571428571,96.03497148852766,59,16,0,0,300.58000000000004,54.00000000000001,0,0
2.78,8.571428571428571,96.05509242342386,59,16,0,0,314.89000000000004,57.000000000000014,0,0
2.78,8.571428571428571,96.07253019653554,59,16,0,0,329.20000000000005,60.00000000000001,0,0
2.78,8.571428571428571,96.10598453239574,59,16,0,0,343.51,63.0,0,0
2.78,8.571428571428571,96.12312058807997,59,16,0,0,357.82,66.0,0,0
2.78,8.571428571428571,96.15717823611638,59,16,0,0,372.13,69.0,0,0
2.78,8.571428571428571,96.20210589378341,59,16,0,0,386.44,72.0,0,0
2.78,8.571428571428571,96.22785449296788,59,17,0,0,400.75,75.0,0,0
2.80,8.571428571428571,96.27590844175774,59,17,0,0,415.06,78.0,0,0
2.80,8.571428571428571,96.33934221787493,59,17,0,0,429.37,81.0,0,0
2.80,8.571428571428571,96.3675205824487,59,17,0,0,443.68,84.0,0,0
2.80,8.571428571428571,96.42484875145131,59,17,0,0,457.99,87.0,0,0
2.80,8.571428571428571,96.44845047516614,59,17,0,0,472.3,90.0,0,0
2.80,8.571428571428571,96.47440236596577,59,17,0,0,486.61,93.0,0,0
2.80,8.571428571428571,96.5066953471268,59,17,0,0,500.92,96.0,0,0
2.80,8.571428571428571,96.54248561573199,59,17,0,0,515.23,99.0,0,0
2.80,8.571428571428571,96.60330715558192,59,17,0,0,520,100.0,0,0
2.80,8.571428571428571,96.59071035942908,59,17,0,0,505.69,97.0,0,0
2.82,8.571428571428571,96.5533446033317,59,17,0,0,491.38,94.0,0,0
2.82,8.571428571428571,96.52304464609598,59,17,0,0,477.07,91.0,0,0
2.82,8.571428571428571,96.52020018699848,59,17,0,0,462.76,88.0,0,0
2.82,8.571428571428571,96.49817700635029,59,17,0,0,448.45,85.0,0,0
2.82,8.571428571428571,96.46234075525298,59,17,0,0,434.14,82.0,0,0
2.82,8.571428571428571,96.43085548107959,59,17,0,0,419.83,79.0,0,0
2.82,8.571428571428571,96.41263787401893,59,17,0,0,405.52,76.0,0,0
2.82,8.571428571428571,96.38667926468598,59,17,0,0,391.21,73.0,0,0
2.82,8.571428571428571,96.36435725089157,59,17,0,0,376.9,70.0,0,0
2.82,8.571428571428571,96.3218978629411,59,17,0,0,362.59000000000003,67.0,0,0
2.83,8.571428571428571,96.28737853601946,59,17,0,0,348.28,63.99999999999999,0,0
2.83,8.571428571428571,96.24738302206077,59,17,0,0,333.96999999999997,60.99999999999999,0,0
2.83,8.571428571428571,96.21644709377955,59,17,0,0,319.65999999999997,57.99999999999999,0,0
2.83,8.571428571428571,96.19619049180943,59,17,0,0,305.34999999999997,54.99999999999999,0,0
2.83,8.571428571428571,96.16275972419182,59,17,0,0,291.03999999999996,51.99999999999999,0,0
2.83,8.571428571428571,96.1173126277348,59,17,0,0,276.7299999999999,48.99999999999998,0,0
2.83,8.571428571428571,96.06867973624325,59,17,0,0,262.4199999999999,45.99999999999997,0,0
2.83,8.571428571428571,96.05374408720431,59,17,0,0,248.10999999999984,42.99999999999997,0,0
2.83,8.571428571428571,96.02607628204434,59,17,0,0,233.79999999999984,39.99999999999997,0,0
2.83,8.571428571428571,95.99973508088097,59,17,0,0,219.48999999999984,36.999999999999964,0,0
2.85,8.571428571428571,95.98391598020878,59,17,0,0,205.1799999999999,33.99999999999997,0,0
2.85,8.571428571428571,95.94431310313776,59,17,0,0,190.8699999999999,30.99999999999997,0,0
2.85,8.571428571428571,95.91680505360426,59,17,0,0,176.55999999999983,27.99999999999997,0,0
2.85,8.571428571428571,95.89834799992138,59,17,0,0,162.24999999999983,24.99999999999997,0,0
2.85,8.571428571428571,95.8954106127595,59,17,0,0,147.93999999999988,21.99999999999997,0,0
2.85,8.571428571428571,95.85931020019596,59,17,0,0,133.62999999999988,18.99999999999997,0,0
2.85,8.571428571428571,95.85633577809665,59,17,0,0,119.31999999999988,15.999999999999972,0,0
2.85,8.571428571428571,95.84348571280775,59,17,0,0,105.00999999999982,12.999999999999972,0,0
2.85,8.571428571428571,95.8222213879292,59,17,0,0,90.69999999999987,9.999999999999972,0,0
2.85,8.571428571428571,95.78786543482224,59,17,0,0,76.38999999999987,6.999999999999972,0,0
2.87,8.571428571428571,95.78267043469013,59,17,0,0,62.07999999999987,3.9999999999999716,0,0
2.87,8.571428571428571,95.77084782861108,59,17,0,0,47.76999999999987,0.9999999999999716,0,0
2.87,8.571428571428571,95.74130801072407,60,17,0,0,43,0.0,0,0
2.87,8.571428571428571,95.72946938955579,60,17,0,0,57.31,3.0,0,0
2.87,8.571428571428571,95.76935424248786,60,17,0,0,71.62,6.0,0,0
2.87,8.571428571428571,95.76442509462899,60,17,0,0,85.93,9.0,0,0
2.87,8.571428571428571,95.76740390665643,60,17,0,0,100.24000000000001,12.0,0,0
2.87,8.571428571428571,95.79580228765174,60,17,0,0,114.55000000000001,15.0,0,0
2.87,8.571428571428571,95.81385464201513,60,17,0,0,128.86,18.0,0,0
2.87,8.571428571428571,95.83727437731062,61,17,0,0,143.16999999999996,21.0,0,0
2.88,8.571428571428571,95.8463955181422,61,17,0,0,157.48000000000002,24.0,0,0
2.88,8.571428571428571,95.86995687559835,61,17,0,0,171.79000000000002,27.0,0,0
2.88,8.571428571428571,95.87094197294456,61,17,0,0,186.10000000000002,30.0,0,0
2.88,8.571428571428571,95.89793280728685,61,17,0,0,200.40999999999997,33.0,0,0
2.88,8.571428571428571,95.89355294531127,61,17,0,0,214.71999999999997,36.0,0,0
2.88,8.571428571428571,95.91058705477853,61,17,0,0,229.03000000000003,39.0,0,0
2.88,8.571428571428571,95.91392271749297,61,17,0,0,243.34000000000003,42.00000000000001,0,0
2.88,8.571428571428571,95.93762640592807,61,17,0,0,257.65000000000003,45.00000000000001,0,0
2.88,8.571428571428571,95.96138393074212,61,17,0,0,271.96000000000004,48.00000000000001,0,0
2.88,8.571428571428571,95.98994924070333,61,17,0,0,286.27000000000004,51.00000000000001,0,0
2.90,8.571428571428571,96.00248006045702,61,17,0,0,300.58000000000004,54.00000000000001,0,0
2.90,8.571428571428571,96.02320800311658,61,17,0,0,314.89000000000004,57.000000000000014,0,0
2.90,8.571428571428571,96.06722488022369,61,17,0,0,329.20000000000005,60.00000000000001,0,0
2.90,8.571428571428571,96.08065995571835,61,18,0,0,343.51,63.0,0,0
2.90,8.571428571428571,96.11687009565644,61,18,0,0,357.82,66.0,0,0
2.90,8.571428571428571,96.14156333907418,61,18,0,0,372.13,69.0,0,0
2.90,8.571428571428571,96.19873220322344,61,18,0,0,386.44,72.0,0,0
2.90,8.571428571428571,96.21830306558948,61,18,0,0,400.75,75.0,0,0
2.90,8.571428571428571,96.25329163286996,61,18,0,0,415.06,78.0,0,0
2.90,8.571428571428571,96.28003472762839,61,18,0,0,429.37,81.0,0,0
2.92,8.571428571428571,96.32205768331626,61,18,0,0,443.68,84.0,0,0
2.92,8.571428571428571,96.33218106565556,61,18,0,0,457.99,87.0,0,0
2.92,8.571428571428571,96.37323868605309,61,18,0,0,472.3,90.0,0,0
2.92,8.571428571428571,96.41948140242117,61,18,0,0,486.61,93.0,0,0
2.92,8.571428571428571,96.44467302646822,61,18,0,0,500.92,96.0,0,0
2.92,8.571428571428571,96.47693438478413,61,18,0,0,515.23,99.0,0,0
2.92,8.571428571428571,96.53666757707805,61,18,0,0,520,100.0,0,0
2.92,8.571428571428571,96.52076407397719,62,18,0,0,505.69,97.0,0,0
2.92,8.571428571428571,96.48880416289093,62,18,0,0,491.38,94.0,0,0
2.92,8.571428571428571,96.46759579247133,62,18,0,0,477.07,91.0,0,0
2.93,8.571428571428571,96.44890943506417,62,18,0,0,462.76,88.0,0,0
2.93,8.571428571428571,96.4443705859889,62,18,0,0,448.45,85.0,0,0
2.93,8.571428571428571,96.42600821641362,62,18,0,0,434.14,82.0,0,0
2.93,8.571428571428571,96.40307699116795,62,18,0,0,419.83,79.0,0,0
2.93,8.571428571428571,96.3779226296755,62,18,0,0,405.52,76.0,0,0
2.93,8.571428571428571,96.3624193856518,62,18,0,0,391.21,73.0,0,0
2.95,8.571428571428571,96.34250853728463,62,18,0,0,376.9,70.0,0,0
2.95,8.571428571428571,96.33452424310966,62,18,0,0,362.59000000000003,67.0,0,0
2.95,8.571428571428571,96.30132705785725,62,18,0,0,348.28,63.99999999999999,0,0
2.95,8.571428571428571,96.28632395438551,62,18,0,0,333.96999999999997,60.99999999999999,0,0
2.95,8.571428571428571,96.25758988669907,62,18,0,0,319.65999999999997,57.99999999999999,0,0
2.95,8.571428571428571,96.23324433062064,62,18,0,0,305.34999999999997,54.99999999999999,0,0
2.95,8.571428571428571,96.21285605500051,62,18,0,0,291.03999999999996,51.99999999999999,0,0
2.95,8.571428571428571,96.19474356630997,62,18,0,0,276.7299999999999,48.99999999999998,0,0
2.95,8.571428571428571,96.15453586948264,62,18,0,0,262.4199999999999,45.99999999999997,0,0
2.95,8.571428571428571,96.13361315564907,62,18,0,0,248.10999999999984,42.99999999999997,0,0
2.97,8.571428571428571,96.12927821811398,62,18,0,0,233.79999999999984,39.99999999999997,0,0
2.97,8.571428571428571,96.10611765856964,62,18,0,0,219.48999999999984,36.999999999999964,0,0
2.97,8.571428571428571,96.09198678887127,62,18,0,0,205.1799999999999,33.99999999999997,0,0
2.97,8.571428571428571,96.08811484799311,62,18,0,0,190.8699999999999,30.99999999999997,0,0
2.97,8.571428571428571,96.06724936561439,62,18,0,0,176.55999999999983,27.99999999999997,0,0
2.97,8.571428571428571,96.03773852162185,62,18,0,0,162.24999999999983,24.99999999999997,0,0
2.97,8.571428571428571,96.01534047198487,62,18,0,0,147.93999999999988,21.99999999999997,0,0
2.97,8.571428571428571,95.99962459328265,62,18,0,0,133.62999999999988,18.99999999999997,0,0
2.97,8.571428571428571,95.96817007880895,62,18,0,0,119.31999999999988,15.999999999999972,0,0
2.97,8.571428571428571,95.93019818028183,62,18,0,0,105.00999999999982,12.999999999999972,0,0
2.98,8.571428571428571,95.930495057098,62,18,0,0,90.69999999999987,9.999999999999972,0,0
2.98,8.571428571428571,95.90833757555224,62,18,0,0,76.38999999999987,6.999999999999972,0,0
2.98,8.571428571428571,95.8827242129274,62,18,0,0,62.07999999999987,3.9999999999999716,0,0
2.98,8.571428571428571,95.86126479674168,62,18,0,0,47.76999999999987,0.9999999999999716,0,0
2.98,8.571428571428571,95.83576281720357,62,18,0,0,43,0.0,0,0
2.98,8.571428571428571,95.82640106028066,62,18,0,0,57.31,3.0,0,0
2.98,8.571428571428571,95.82283188142588,62,18,0,0,71.62,6.0,0,0
2.98,8.571428571428571,95.8479395847812,62,18,0,0,85.93,9.0,0,0
2.98,8.571428571428571,95.8424079215745,63,18,0,0,100.24000000000001,12.0,0,0
2.98,8.571428571428571,95.85340068400856,63,18,0,0,114.55000000000001,15.0,0,0
3.00,8.571428571428571,95.84665568604804,63,18,0,0,128.86,18.0,0,0
3.00,8.571428571428571,95.84766775196577,63,18,0,0,143.16999999999996,21.0,0,0
3.00,8.571428571428571,95.85520255484856,63,18,0,0,157.48000000000002,24.0,0,0
3.00,8.571428571428571,95.87192078807765,63,18,0,0,171.79000000000002,27.0,0,0
3.00,8.571428571428571,95.88413607860225,63,18,0,0,186.10000000000002,30.0,0,0
3.00,8.571428571428571,95.89772141536676,63,18,0,0,200.40999999999997,33.0,0,0
3.00,8.571428571428571,95.9018493651548,63,18,0,0,214.71999999999997,36.0,0,0
3.00,8.571428571428571,95.89666228600221,63,18,0,0,229.03000000000003,39.0,0,0
3.00,8.571428571428571,95.91221905917665,63,18,0,0,243.34000000000003,42.00000000000001,0,0
3.00,8.571428571428571,95.90959050129122,63,18,0,0,257.65000000000003,45.00000000000001,0,0
3.02,8.571428571428571,95.93927793647248,63,18,0,0,271.96000000000004,48.00000000000001,0,0
3.02,8.571428571428571,95.98168636839789,63,18,0,0,286.27000000000004,51.00000000000001,0,0
3.02,8.571428571428571,96.02261857463436,63,18,0,0,300.58000000000004,54.00000000000001,0,0
3.02,8.571428571428571,96.05030848625265,64,18,0,0,314.89000000000004,57.000000000000014,0,0
3.02,8.571428571428571,96.09837070511385,64,18,0,0,329.20000000000005,60.00000000000001,0,0
3.02,8.571428571428571,96.15439126282027,64,18,0,0,343.51,63.0,0,0
3.02,8.571428571428571,96.19246470776649,64,18,0,0,357.82,66.0,0,0
3.02,8.571428571428571,96.229388234496,64,18,0,0,372.13,69.0,0,0
3.02,8.571428571428571,96.2476636384611,64,18,0,0,386.44,72.0,0,0
3.02,8.571428571428571,96.30118233662354,64,18,0,0,400.75,75.0,0,0
3.03,8.571428571428571,96.35530595238828,64,18,0,0,415.06,78.0,0,0
3.03,8.571428571428571,96.37519849849473,64,18,0,0,429.37,81.0,0,0
3.03,8.571428571428571,96.43239973029466,64,18,0,0,443.68,84.0,0,0
3.03,8.571428571428571,96.47602171205845,64,18,0,0,457.99,87.0,0,0
3.03,8.571428571428571,96.49114739681438,64,18,0,0,472.3,90.0,0,0
3.03,8.571428571428571,96.5179475992841,64,18,0,0,486.61,93.0,0,0
3.03,8.571428571428571,96.58009309530516,64,18,0,0,500.92,96.0,0,0
3.03,8.571428571428571,96.6089015177247,64,18,0,0,515.23,99.0,0,0
3.03,8.571428571428571,96.64113411678264,64,18,0,0,520,100.0,0,0
3.03,8.571428571428571,96.618526679076,64,18,0,0,505.69,97.0,0,0
3.05,8.571428571428571,96.60303430137803,64,18,0,0,491.38,94.0,0,0
3.05,8.571428571428571,96.59119808698499,64,18,0,0,477.07,91.0,0,0
3.05,8.571428571428571,96.55933039021579,64,18,0,0,462.76,88.0,0,0
3.05,8.571428571428571,96.55183453134131,64,18,0,0,448.45,85.0,0,0
3.05,8.571428571428571,96.52397792748832,64,18,0,0,434.14,82.0,0,0
3.05,8.571428571428571,96.4916206220044,64,18,0,0,419.83,79.0,0,0
3.05,8.571428571428571,96.45418107611258,64,18,0,0,405.52,76.0,0,0
3.05,8.571428571428571,96.42575910555554,64,18,0,0,391.21,73.0,0,0
3.05,8.571428571428571,96.41083889142888,64,18,0,0,376.9,70.0,0,0
3.05,8.571428571428571,96.37499586179058,64,18,0,0,362.59000000000003,67.0,0,0
3.07,8.571428571428571,96.34997632812536,64,18,0,0,348.28,63.99999999999999,0,0
3.07,8.571428571428571,96.32036947622787,64,18,0,0,333.96999999999997,60.99999999999999,0,0
3.07,8.571428571428571,96.29511066882971,64,18,0,0,319.65999999999997,57.99999999999999,0,0
3.07,8.571428571428571,96.2955883517779,64,18,0,0,305.34999999999997,54.99999999999999,0,0
3.07,8.571428571428571,96.28274060016983,64,18,0,0,291.03999999999996,51.99999999999999,0,0
3.07,8.571428571428571,96.26833015566352,64,18,0,0,276.7299999999999,48.99999999999998,0,0
3.07,8.571428571428571,96.26794171067253,64,18,0,0,262.4199999999999,45.99999999999997,0,0
3.07,8.571428571428571,96.22813488574276,64,18,0,0,248.10999999999984,42.99999999999997,0,0
3.07,8.571428571428571,96.22893141056515,64,18,0,0,233.79999999999984,39.99999999999997,0,0
3.07,8.571428571428571,96.19654904747514,64,18,0,0,219.48999999999984,36.999999999999964,0,0
3.08,8.571428571428571,96.174612991721,64,18,0,0,205.1799999999999,33.99999999999997,0,0
3.08,8.571428571428571,96.13944200298762,64,18,0,0,190.8699999999999,30.99999999999997,0,0
3.08,8.571428571428571,96.11596289287749,64,18,0,0,176.55999999999983,27.99999999999997,0,0
3.08,8.571428571428571,96.08131106040996,64,18,0,0,162.24999999999983,24.99999999999997,0,0
3.08,8.571428571428571,96.06348839096239,64,18,0,0,147.93999999999988,21.99999999999997,0,0
3.08,8.571428571428571,96.06181265960748,64,18,0,0,133.62999999999988,18.99999999999997,0,0
3.08,8.571428571428571,96.05015387629929,64,18,0,0,119.31999999999988,15.999999999999972,0,0
3.08,8.571428571428571,96.02123191744548,64,18,0,0,105.00999999999982,12.999999999999972,0,0
3.08,8.571428571428571,96.00827856922119,64,18,0,0,90.69999999999987,9.999999999999972,0,0
3.10,8.571428571428571,95.98536560878877,64,18,0,0,76.38999999999987,6.999999999999972,0,0
3.10,8.571428571428571,95.95127649207451,64,18,0,0,62.07999999999987,3.9999999999999716,0,0
3.10,8.571428571428571,95.93884689210384,64,18,0,0,47.76999999999987,0.9999999999999716,0,0
3.10,8.571428571428571,95.91449805432526,64,18,0,0,43,0.0,0,0
3.10,8.571428571428571,95.93050374523473,64,18,0,0,57.31,3.0,0,0
3.10,8.571428571428571,95.94794676842245,64,18,0,0,71.62,6.0,0,0
3.10,8.571428571428571,95.96186515195967,64,18,0,0,85.93,9.0,0,0
3.10,8.571428571428571,95.98505734524984,64,18,0,0,100.24000000000001,12.0,0,0
3.10,8.571428571428571,96.01170285292184,64,18,0,0,114.55000000000001,15.0,0,0
3.10,8.571428571428571,96.03236056898322,64,18,0,0,128.86,18.0,0,0
3.12,8.571428571428571,96.05548091353135,64,18,0,0,143.16999999999996,21.0,0,0
3.12,8.571428571428571,96.0449767476206,64,18,0,0,157.48000000000002,24.0,0,0
3.12,8.571428571428571,96.06208484579338,64,18,0,0,171.79000000000002,27.0,0,0
3.12,8.571428571428571,96.07297518689933,64,18,0,0,186.10000000000002,30.0,0,0
3.12,8.571428571428571,96.06547513441615,64,18,0,0,200.40999999999997,33.0,0,0
3.12,8.571428571428571,96.08533390624335,64,18,0,0,214.71999999999997,36.0,0,0
3.12,8.571428571428571,96.10456291108181,64,18,0,0,229.03000000000003,39.0,0,0
3.12,8.571428571428571,96.11672268979503,64,18,0,0,243.34000000000003,42.00000000000001,0,0
3.12,8.571428571428571,96.14453605831231,64,18,0,0,257.65000000000003,45.00000000000001,0,0
3.12,8.571428571428571,96.16897440577374,64,18,0,0,271.96000000000004,48.00000000000001,0,0
3.13,8.571428571428571,96.19457049564828,64,18,0,0,286.27000000000004,51.00000000000001,0,0
3.13,8.571428571428571,96.23444509223339,64,18,0,0,300.58000000000004,54.00000000000001,0,0
3.13,8.571428571428571,96.27596073465196,64,18,0,0,314.89000000000004,57.000000000000014,0,0
3.13,8.571428571428571,96.31336955886339,64,18,0,0,329.20000000000005,60.00000000000001,0,0
3.13,8.571428571428571,96.37158829832433,64,18,0,0,343.51,63.0,0,0
3.13,8.571428571428571,96.39146902661513,64,18,0,0,357.82,66.0,0,0
3.13,8.571428571428571,96.40439671004667,64,18,0,0,372.13,69.0,0,0
3.13,8.571428571428571,96.4521211422122,64,18,0,0,386.44,72.0,0,0
3.13,8.571428571428571,96.46863234605884,64,18,0,0,400.75,75.0,0,0
3.13,8.571428571428571,96.47902405649569,65,18,0,0,415.06,78.0,0,0
3.15,8.571428571428571,96.51181989214763,65,18,0,0,429.37,81.0,0,0
3.15,8.571428571428571,96.57090620279382,65,18,0,0,443.68,84.0,0,0
3.15,8.571428571428571,96.61452098222802,65,18,0,0,457.99,87.0,0,0
3.15,8.571428571428571,96.64859964335582,65,18,0,0,472.3,90.0,0,0
3.15,8.571428571428571,96.68483168150912,65,18,0,0,486.61,93.0,0,0
3.15,8.571428571428571,96.70330472017201,65,18,0,0,500.92,96.0,0,0
3.15,8.571428571428571,96.71440211692946,65,18,0,0,515.23,99.0,0,0
3.15,8.571428571428571,96.73317241347506,65,18,0,0,520,100.0,0,0
3.15,8.571428571428571,96.70069815164562,65,18,0,0,505.69,97.0,0,0
3.15,8.571428571428571,96.67054211686988,65,18,0,0,491.38,94.0,0,0
3.17,8.571428571428571,96.66035614582225,65,18,0,0,477.07,91.0,0,0
3.17,8.571428571428571,96.65743666184353,65,18,0,0,462.76,88.0,0,0
3.17,8.571428571428571,96.62233300619944,65,18,0,0,448.45,85.0,0,0
3.17,8.571428571428571,96.60983875098545,65,18,0,0,434.14,82.0,0,0
3.17,8.571428571428571,96.57511689201287,65,18,0,0,419.83,79.0,0,0
3.17,8.571428571428571,96.56108735117635,65,18,0,0,405.52,76.0,0,0
3.17,8.571428571428571,96.54527432058661,65,18,0,0,391.21,73.0,0,0
3.17,8.571428571428571,96.52461123186188,65,18,0,0,376.9,70.0,0,0
3.17,8.571428571428571,96.51145578097766,65,18,0,0,362.59000000000003,67.0,0,0
3.17,8.571428571428571,96.48548579927602,65,18,0,0,348.28,63.99999999999999,0,0
3.18,8.571428571428571,96.44560025552,65,18,0,0,333.96999999999997,60.99999999999999,0,0
3.18,8.571428571428571,96.43518912809074,65,18,0,0,319.65999999999997,57.99999999999999,0,0
3.18,8.571428571428571,96.40268895861118,65,18,0,0,305.34999999999997,54.99999999999999,0,0
3.18,8.571428571428571,96.38284737391301,65,18,0,0,291.03999999999996,51.99999999999999,0,0
3.18,8.571428571428571,96.3740854494316,65,18,0,0,276.7299999999999,48.99999999999998,0,0
3.18,8.571428571428571,96.34329288081722,65,18,0,0,262.4199999999999,45.99999999999997,0,0
3.18,8.571428571428571,96.31579267006866,65,18,0,0,248.10999999999984,42.99999999999997,0,0
3.18,8.571428571428571,96.28191159382818,65,18,0,0,233.79999999999984,39.99999999999997,0,0
3.18,8.571428571428571,96.27378727985631,65,18,0,0,219.48999999999984,36.999999999999964,0,0
3.20,8.571428571428571,96.24162800625642,65,18,0,0,205.1799999999999,33.99999999999997,0,0
3.20,8.571428571428571,96.2275233483603,65,18,0,0,190.8699999999999,30.99999999999997,0,0
3.20,8.571428571428571,96.21090670303803,65,18,0,0,176.55999999999983,27.99999999999997,0,0
3.20,8.571428571428571,96.18789664926544,65,18,0,0,162.24999999999983,24.99999999999997,0,0
3.20,8.571428571428571,96.15812613242011,65,18,0,0,147.93999999999988,21.99999999999997,0,0
3.20,8.571428571428571,96.14328677489044,65,18,0,0,133.62999999999988,18.99999999999997,0,0
3.20,8.571428571428571,96.10721954681698,65,19,0,0,119.31999999999988,15.999999999999972,0,0
3.22,8.571428571428571,96.0855212203536,65,19,0,0,105.00999999999982,12.999999999999972,0,0
3.22,8.571428571428571,96.06156856368895,66,19,0,0,90.69999999999987,9.999999999999972,0,0
3.22,8.571428571428571,96.04956876742047,66,19,0,0,76.38999999999987,6.999999999999972,0,0
3.22,8.571428571428571,96.02014240412073,66,19,0,0,62.07999999999987,3.9999999999999716,0,0
3.22,8.571428571428571,95.9949835874995,66,19,0,0,47.76999999999987,0.9999999999999716,0,0
3.22,8.571428571428571,95.96787670825064,66,19,0,0,43,0.0,0,0
3.22,8.571428571428571,95.98904385180812,66,19,0,0,57.31,3.0,0,0
3.23,8.571428571428571,96.0108254781836,66,19,0,0,71.62,6.0,0,0
3.23,8.571428571428571,96.00185981205681,66,19,0,0,85.93,9.0,0,0
3.23,8.571428571428571,96.03064760109194,66,19,0,0,100.24000000000001,12.0,0,0
3.23,8.571428571428571,96.03244310029055,66,19,0,0,114.55000000000001,15.0,0,0
3.23,8.571428571428571,96.03775047774238,66,19,0,0,128.86,18.0,0,0
3.25,8.571428571428571,96.03884315576606,66,19,0,0,143.16999999999996,21.0,0,0
3.25,8.571428571428571,96.04102799825343,66,19,0,0,157.48000000000002,24.0,0,0
3.25,8.571428571428571,96.02680465233955,66,19,0,0,171.79000000000002,27.0,0,0
3.25,8.571428571428571,96.0307046435929,66,19,0,0,186.10000000000002,30.0,0,0
3.25,8.571428571428571,96.01742097633765,66,19,0,0,200.40999999999997,33.0,0,0
3.25,8.571428571428571,96.03000171757418,67,19,0,0,214.71999999999997,36.0,0,0
3.25,8.571428571428571,96.02357319380658,68,19,0,0,229.03000000000003,39.0,0,0
3.25,8.571428571428571,96.02948431537894,68,19,0,0,243.34000000000003,42.00000000000001,0,0
3.27,8.571428571428571,96.02547878091913,68,19,0,0,257.65000000000003,45.00000000000001,0,0
3.27,8.571428571428571,96.0241257576004,68,19,0,0,271.96000000000004,48.00000000000001,0,0
3.27,8.571428571428571,96.06664763629082,68,19,0,0,286.27000000000004,51.00000000000001,0,0
3.27,8.571428571428571,96.10146972259132,68,19,0,0,300.58000000000004,54.00000000000001,0,0
3.27,8.571428571428571,96.12128710200801,68,19,0,0,314.89000000000004,57.000000000000014,0,0
3.28,8.571428571428571,96.17172049229116,68,19,0,0,329.20000000000005,60.00000000000001,0,0
3.28,8.571428571428571,96.1821865216541,68,19,0,0,343.51,63.0,0,0
3.28,8.571428571428571,96.2018173509757,68,19,0,0,357.82,66.0,0,0
3.28,8.571428571428571,96.23923406878205,68,19,0,0,372.13,69.0,0,0
3.28,8.571428571428571,96.28069078963571,68,19,0,0,386.44,72.0,0,0
3.28,8.571428571428571,96.29078593556295,68,19,0,0,400.75,75.0,0,0
3.30,8.571428571428571,96.30351991686045,68,19,0,0,415.06,78.0,0,0
3.30,8.571428571428571,96.34194802032557,68,19,0,0,429.37,81.0,0,0
3.30,8.571428571428571,96.37592239037316,68,19,0,0,443.68,84.0,0,0
3.30,8.571428571428571,96.41343063607327,68,19,0,0,457.99,87.0,0,0
3.30,8.571428571428571,96.43189567653775,68,19,0,0,472.3,90.0,0,0
3.30,8.571428571428571,96.46848500497939,68,19,0,0,486.61,93.0,0,0
3.30,8.571428571428571,96.50270134075366,68,19,0,0,500.92,96.0,0,0
3.30,8.571428571428571,96.51412279837321,68,19,0,0,515.23,99.0,0,0
3.32,6.666666666666667,96.54178332729774,68,19,0,0,520,100.0,0,0
3.32,6.666666666666667,96.5292920950451,68,19,0,0,505.69,97.0,0,0
3.32,6.666666666666667,96.53050567087759,68,19,0,0,491.38,94.0,0,0
3.32,6.666666666666667,96.51627987719837,68,19,0,0,477.07,91.0,0,0
3.32,6.666666666666667,96.49817065386475,68,19,0,0,462.76,88.0,0,0
3.32,6.666666666666667,96.47384277957984,68,19,0,0,448.45,85.0,0,0
3.32,6.666666666666667,96.46006001502204,68,19,0,0,434.14,82.0,0,0
3.32,6.666666666666667,96.43173634332176,68,19,0,0,419.83,79.0,0,0
3.32,6.666666666666667,96.41759013340383,68,19,0,0,405.52,76.0,0,0
3.32,6.666666666666667,96.39195705152655,68,19,0,0,391.21,73.0,0,0
3.33,6.666666666666667,96.3744683560484,68,19,0,0,376.9,70.0,0,0
3.33,6.666666666666667,96.34969414087531,68,19,0,0,362.59000000000003,67.0,0,0
3.33,6.666666666666667,96.33063380428199,68,19,0,0,348.28,63.99999999999999,0,0
3.33,6.666666666666667,96.30194539130008,68,19,0,0,333.96999999999997,60.99999999999999,0,0
3.33,6.666666666666667,96.29408486746871,68,19,0,0,319.65999999999997,57.99999999999999,0,0
3.33,6.666666666666667,96.27824769036539,68,19,0,0,305.34999999999997,54.99999999999999,0,0
3.33,6.666666666666667,96.2366752185775,68,19,0,0,291.03999999999996,51.99999999999999,0,0
3.33,6.666666666666667,96.21975483674449,68,19,0,0,276.7299999999999,48.99999999999998,0,0
3.33,6.666666666666667,96.1973453764927,68,19,0,0,262.4199999999999,45.99999999999997,0,0
3.35,6.666666666666667,96.15657410287146,68,19,0,0,248.10999999999984,42.99999999999997,0,0
3.35,6.666666666666667,96.12544904374839,68,19,0,0,233.79999999999984,39.99999999999997,0,0
3.35,6.666666666666667,96.1009929234834,68,19,0,0,219.48999999999984,36.999999999999964,0,0
3.35,6.666666666666667,96.09635428550803,68,19,0,0,205.1799999999999,33.99999999999997,0,0
3.35,6.666666666666667,96.09080370908649,68,19,0,0,190.8699999999999,30.99999999999997,0,0
3.35,6.666666666666667,96.06037429891047,68,19,0,0,176.55999999999983,27.99999999999997,0,0
3.37,6.666666666666667,96.02904556676671,68,19,0,0,162.24999999999983,24.99999999999997,0,0
3.37,6.666666666666667,95.99042687009465,69,19,0,0,147.93999999999988,21.99999999999997,0,0
3.37,6.666666666666667,95.9576592264795,69,19,0,0,133.62999999999988,18.99999999999997,0,0
3.37,6.666666666666667,95.93511338430282,69,19,0,0,119.31999999999988,15.999999999999972,0,0
3.37,6.666666666666667,95.91741261128635,69,19,0,0,105.00999999999982,12.999999999999972,0,0
3.38,6.666666666666667,95.89506269898412,69,19,0,0,90.69999999999987,9.999999999999972,0,0
3.38,6.666666666666667,95.87767682657783,69,19,0,0,76.38999999999987,6.999999999999972,0,0
3.38,6.666666666666667,95.85909474037292,69,19,0,0,62.07999999999987,3.9999999999999716,0,0
3.38,6.666666666666667,95.8552352319801,69,19,0,0,47.76999999999987,0.9999999999999716,0,0
3.38,6.666666666666667,95.81565639180839,69,19,0,0,43,0.0,0,0
3.38,6.666666666666667,95.81738587292979,69,19,0,0,57.31,3.0,0,0
3.38,6.666666666666667,95.82341285054626,69,19,0,0,71.62,6.0,0,0
3.38,6.666666666666667,95.83210988073384,69,19,0,0,85.93,9.0,0,0
3.38,6.666666666666667,95.8482639219966,69,19,0,0,100.24000000000001,12.0,0,0
3.40,6.666666666666667,95.86328740480424,69,19,0,0,114.55000000000001,15.0,0,0
3.40,6.666666666666667,95.87309143425796,69,19,0,0,128.86,18.0,0,0
3.40,6.666666666666667,95.88395123399366,69,19,0,0,143.16999999999996,21.0,0,0
3.40,6.666666666666667,95.88802085563333,69,19,0,0,157.48000000000002,24.0,0,0
3.40,6.666666666666667,95.87870401445973,69,19,0,0,171.79000000000002,27.0,0,0
3.40,6.666666666666667,95.88767714838235,69,19,0,0,186.10000000000002,30.0,0,0
3.40,6.666666666666667,95.91166523628807,69,19,0,0,200.40999999999997,33.0,0,0
3.40,6.666666666666667,95.90236734681788,69,19,0,0,214.71999999999997,36.0,0,0
3.40,6.666666666666667,95.88811331228726,69,19,0,0,229.03000000000003,39.0,0,0
3.42,6.666666666666667,95.88842998225057,69,19,0,0,243.34000000000003,42.00000000000001,0,0
3.42,6.666666666666667,95.8934124374092,69,19,0,0,257.65000000000003,45.00000000000001,0,0
3.42,6.666666666666667,95.90881075035378,69,19,0,0,271.96000000000004,48.00000000000001,0,0
3.42,6.666666666666667,95.94798114280458,69,19,0,0,286.27000000000004,51.00000000000001,0,0
3.42,6.666666666666667,96.00620893137513,69,19,0,0,300.58000000000004,54.00000000000001,0,0
3.42,6.666666666666667,96.03479484382002,69,19,0,0,314.89000000000004,57.000000000000014,0,0
3.42,6.666666666666667,96.08222450041517,69,19,0,0,329.20000000000005,60.00000000000001,0,0
3.42,6.666666666666667,96.11673439512964,69,19,0,0,343.51,63.0,0,0
3.43,6.666666666666667,96.14245470265654,69,19,0,0,357.82,66.0,0,0
3.43,6.666666666666667,96.15817907670309,69,19,0,0,372.13,69.0,0,0
3.43,6.666666666666667,96.17937045761514,69,19,0,0,386.44,72.0,0,0
3.43,6.666666666666667,96.19169179526844,69,19,0,0,400.75,75.0,0,0
3.43,6.666666666666667,96.19682856908815,69,19,0,0,415.06,78.0,0,0
3.45,6.666666666666667,96.21648385446963,69,19,0,0,429.37,81.0,0,0
3.45,6.666666666666667,96.25506458093433,69,19,0,0,443.68,84.0,0,0
3.45,6.666666666666667,96.29404621048896,69,19,0,0,457.99,87.0,0,0
3.45,6.666666666666667,96.32735933474137,69,19,0,0,472.3,90.0,0,0
3.45,6.666666666666667,96.37148277431146,69,19,0,0,486.61,93.0,0,0
3.45,6.666666666666667,96.40125033629333,69,19,0,0,500.92,96.0,0,0
3.45,6.666666666666667,96.44154413608142,69,19,0,0,515.23,99.0,0,0
3.45,6.666666666666667,96.48368610732383,69,19,0,0,520,100.0,0,0
3.45,6.666666666666667,96.44883447801793,69,19,0,0,505.69,97.0,0,0
3.47,6.666666666666667,96.4272108075463,69,19,0,0,491.38,94.0,0,0
3.47,6.666666666666667,96.41178724312442,69,19,0,0,477.07,91.0,0,0
3.47,6.666666666666667,96.38280245645983,69,19,0,0,462.76,88.0,0,0
3.47,6.666666666666667,96.36398381024313,69,19,0,0,448.45,85.0,0,0
3.47,6.666666666666667,96.34433585668516,69,19,0,0,434.14,82.0,0,0
3.47,6.666666666666667,96.32327955826786,69,19,0,0,419.83,79.0,0,0
3.47,6.666666666666667,96.30918080512738,69,19,0,0,405.52,76.0,0,0
3.47,6.666666666666667,96.29812684798453,69,19,0,0,391.21,73.0,0,0
3.47,6.666666666666667,96.26521219176483,69,19,0,0,376.9,70.0,0,0
3.47,6.666666666666667,96.25024434791234,69,19,0,0,362.59000000000003,67.0,0,0
3.48,6.666666666666667,96.23044125334283,69,19,0,0,348.28,63.99999999999999,0,0
3.48,6.666666666666667,96.20347611697586,69,19,0,0,333.96999999999997,60.99999999999999,0,0
3.48,6.666666666666667,96.19299192968023,69,19,0,0,319.65999999999997,57.99999999999999,0,0
3.48,6.666666666666667,96.16804678939894,69,19,0,0,305.34999999999997,54.99999999999999,0,0
3.48,6.666666666666667,96.14347164538529,69,19,0,0,291.03999999999996,51.99999999999999,0,0
3.48,6.666666666666667,96.12879004726516,69,19,0,0,276.7299999999999,48.99999999999998,0,0
3.48,6.666666666666667,96.120104183748,69,19,0,0,262.4199999999999,45.99999999999997,0,0
3.48,6.666666666666667,96.09377805457949,69,19,0,0,248.10999999999984,42.99999999999997,0,0
3.48,6.666666666666667,96.05831391109457,69,19,0,0,233.79999999999984,39.99999999999997,0,0
3.48,6.666666666666667,96.03603889584632,69,19,0,0,219.48999999999984,36.999999999999964,0,0
3.50,6.666666666666667,96.01378255781442,69,19,0,0,205.1799999999999,33.99999999999997,0,0
3.50,6.666666666666667,96.00071540599879,69,19,0,0,190.8699999999999,30.99999999999997,0,0
3.50,6.666666666666667,95.97845655375595,69,19,0,0,176.55999999999983,27.99999999999997,0,0
3.50,6.666666666666667,95.96336024506877,69,19,0,0,162.24999999999983,24.99999999999997,0,0
3.50,6.666666666666667,95.96009371359979,69,19,0,0,147.93999999999988,21.99999999999997,0,0
3.50,6.666666666666667,95.93769045395192,69,19,0,0,133.62999999999988,18.99999999999997,0,0
3.50,6.666666666666667,95.92184971172817,69,19,0,0,119.31999999999988,15.999999999999972,0,0
3.50,6.666666666666667,95.89779901295044,69,19,0,0,105.00999999999982,12.999999999999972,0,0
3.50,6.666666666666667,95.88963350841564,69,19,0,0,90.69999999999987,9.999999999999972,0,0
3.52,6.666666666666667,95.86665654310795,69,19,0,0,76.38999999999987,6.999999999999972,0,0
3.52,6.666666666666667,95.84620240629243,69,19,0,0,62.07999999999987,3.9999999999999716,0,0
3.52,6.666666666666667,95.81498103013473,69,19,0,0,47.76999999999987,0.9999999999999716,0,0
3.52,6.666666666666667,95.79501099369928,69,19,0,0,43,0.0,0,0
3.52,6.666666666666667,95.78260852998513,69,19,0,0,57.31,3.0,0,0
3.52,6.666666666666667,95.78784790612148,69,19,0,0,71.62,6.0,0,0
3.52,6.666666666666667,95.80647716626966,69,19,0,0,85.93,9.0,0,0
3.52,6.666666666666667,95.80352822468932,69,19,0,0,100.24000000000001,12.0,0,0
3.52,6.666666666666667,95.82068343789675,69,19,0,0,114.55000000000001,15.0,0,0
3.52,6.666666666666667,95.85017417174294,69,19,0,0,128.86,18.0,0,0
3.53,6.666666666666667,95.86738376125956,69,19,0,0,143.16999999999996,21.0,0,0
3.53,6.666666666666667,95.89561972935381,69,19,0,0,157.48000000000002,24.0,0,0
3.53,6.666666666666667,95.89031307312702,69,19,0,0,171.79000000000002,27.0,0,0
3.53,6.666666666666667,95.881616842078,69,19,0,0,186.10000000000002,30.0,0,0
3.53,6.666666666666667,95.87022045077464,69,19,0,0,200.40999999999997,33.0,0,0
3.53,6.666666666666667,95.87157169273532,69,19,0,0,214.71999999999997,36.0,0,0
3.53,6.666666666666667,95.89939794121652,70,19,0,0,229.03000000000003,39.0,0,0
3.53,6.666666666666667,95.90361198501608,70,19,0,0,243.34000000000003,42.00000000000001,0,0
3.53,6.666666666666667,95.91130809547703,70,19,0,0,257.65000000000003,45.00000000000001,0,0
3.55,6.666666666666667,95.92856132103394,70,19,0,0,271.96000000000004,48.00000000000001,0,0
3.55,6.666666666666667,95.96716258940474,70,19,0,0,286.27000000000004,51.00000000000001,0,0
3.55,6.666666666666667,95.98074829830999,70,19,0,0,300.58000000000004,54.00000000000001,0,0
3.55,6.666666666666667,96.0223508185866,70,19,0,0,314.89000000000004,57.000000000000014,0,0
3.55,6.666666666666667,96.04806341990226,70,19,0,0,329.20000000000005,60.00000000000001,0,0
3.55,6.666666666666667,96.08378758046364,70,20,0,0,343.51,63.0,0,0
3.55,6.666666666666667,96.12895459292638,70,20,0,0,357.82,66.0,0,0
3.55,6.666666666666667,96.14586076298103,70,20,0,0,372.13,69.0,0,0
3.55,6.666666666666667,96.18011004570343,70,20,0,0,386.44,72.0,0,0
3.57,6.666666666666667,96.21263685149448,70,20,0,0,400.75,75.0,0,0
3.57,6.666666666666667,96.23940055051594,70,20,0,0,415.06,78.0,0,0
3.57,6.666666666666667,96.24822072744314,70,20,0,0,429.37,81.0,0,0
3.57,6.666666666666667,96.29593816849587,70,20,0,0,443.68,84.0,0,0
3.57,6.666666666666667,96.3135082421247,70,20,0,0,457.99,87.0,0,0
3.57,6.666666666666667,96.33480493978172,70,20,0,0,472.3,90.0,0,0
3.57,6.666666666666667,96.367607248217,70,20,0,0,486.61,93.0,0,0
3.57,6.666666666666667,96.4078275761674,70,20,0,0,500.92,96.0,0,0
3.57,6.666666666666667,96.45195666675784,70,20,0,0,515.23,99.0,0,0
3.58,8.571428571428571,96.48599465208608,70,20,0,0,520,100.0,0,0
3.58,8.571428571428571,96.47289875427082,70,20,0,0,505.69,97.0,0,0
3.58,8.571428571428571,96.4710905740535,70,20,0,0,491.38,94.0,0,0
3.58,8.571428571428571,96.44540763097774,70,20,0,0,477.07,91.0,0,0
3.58,8.571428571428571,96.43419603814337,70,20,0,0,462.76,88.0,0,0
3.58,8.571428571428571,96.39902578845836,70,20,0,0,448.45,85.0,0,0
3.58,8.571428571428571,96.3821173172995,70,20,0,0,434.14,82.0,0,0
3.58,8.571428571428571,96.37537346505549,70,20,0,0,419.83,79.0,0,0
3.58,8.571428571428571,96.35095699450099,70,20,0,0,405.52,76.0,0,0
3.58,8.571428571428571,96.32661377815015,70,20,0,0,391.21,73.0,0,0
3.60,8.571428571428571,96.29938566999752,70,20,0,0,376.9,70.0,0,0
3.60,8.571428571428571,96.26740551098467,70,20,0,0,362.59000000000003,67.0,0,0
3.60,8.571428571428571,96.25862439892637,70,20,0,0,348.28,63.99999999999999,0,0
3.60,8.571428571428571,96.25108696489936,70,20,0,0,333.96999999999997,60.99999999999999,0,0
3.60,8.571428571428571,96.25031933403892,70,20,0,0,319.65999999999997,57.99999999999999,0,0
3.60,8.571428571428571,96.22489612034339,70,20,0,0,305.34999999999997,54.99999999999999,0,0
3.60,8.571428571428571,96.20833256068553,70,20,0,0,291.03999999999996,51.99999999999999,0,0
3.60,8.571428571428571,96.18582495901019,70,20,0,0,276.7299999999999,48.99999999999998,0,0
3.60,8.571428571428571,96.16198807174193,70,20,0,0,262.4199999999999,45.99999999999997,0,0
3.60,8.571428571428571,96.13515203656071,70,20,0,0,248.10999999999984,42.99999999999997,0,0
3.62,8.571428571428571,96.11777763642273,70,20,0,0,233.79999999999984,39.99999999999997,0,0
3.62,8.571428571428571,96.08921069072096,70,20,0,0,219.48999999999984,36.999999999999964,0,0
3.62,8.571428571428571,96.06557979566988,70,20,0,0,205.1799999999999,33.99999999999997,0,0
3.62,8.571428571428571,96.04131031413858,70,20,0,0,190.8699999999999,30.99999999999997,0,0
3.62,8.571428571428571,96.01869275838895,70,20,0,0,176.55999999999983,27.99999999999997,0,0
3.62,8.571428571428571,96.0147448369187,70,20,0,0,162.24999999999983,24.99999999999997,0,0
3.62,8.571428571428571,95.9964000690492,70,20,0,0,147.93999999999988,21.99999999999997,0,0
3.62,8.571428571428571,95.97056432570083,70,20,0,0,133.62999999999988,18.99999999999997,0,0
3.62,8.571428571428571,95.94466643066009,70,20,0,0,119.31999999999988,15.999999999999972,0,0
3.63,8.571428571428571,95.92394694241216,71,20,0,0,105.00999999999982,12.999999999999972,0,0
3.63,8.571428571428571,95.90366828119949,71,20,0,0,90.69999999999987,9.999999999999972,0,0
3.63,8.571428571428571,95.88145014804046,71,20,0,0,76.38999999999987,6.999999999999972,0,0
3.63,8.571428571428571,95.8686698158479,71,20,0,0,62.07999999999987,3.9999999999999716,0,0
3.63,8.571428571428571,95.8417057949913,71,20,0,0,47.76999999999987,0.9999999999999716,0,0
3.63,8.571428571428571,95.82880817365911,71,20,0,0,43,0.0,0,0
3.63,8.571428571428571,95.85936258079853,71,20,0,0,57.31,3.0,0,0
3.63,8.571428571428571,95.85888558888837,71,20,0,0,71.62,6.0,0,0
3.63,8.571428571428571,95.88144747543308,71,20,0,0,85.93,9.0,0,0
3.63,8.571428571428571,95.90986952577181,71,20,0,0,100.24000000000001,12.0,0,0
3.65,8.571428571428571,95.92899230002872,71,20,0,0,114.55000000000001,15.0,0,0
3.65,8.571428571428571,95.94121397648242,71,20,0,0,128.86,18.0,0,0
3.65,8.571428571428571,95.94078381296599,71,20,0,0,143.16999999999996,21.0,0,0
3.65,8.571428571428571,95.96821862767358,71,20,0,0,157.48000000000002,24.0,0,0
3.65,8.571428571428571,95.99176096104004,71,20,0,0,171.79000000000002,27.0,0,0
3.65,8.571428571428571,96.00641263032946,71,20,0,0,186.10000000000002,30.0,0,0
3.65,8.571428571428571,96.02314287372573,71,20,0,0,200.40999999999997,33.0,0,0
3.65,8.571428571428571,96.01509654449933,71,20,0,0,214.71999999999997,36.0,0,0
3.65,8.571428571428571,96.0395552010737,71,20,0,0,229.03000000000003,39.0,0,0
3.65,8.571428571428571,96.06681530224354,71,20,0,0,243.34000000000003,42.00000000000001,0,0
3.67,8.571428571428571,96.07478685797338,71,20,0,0,257.65000000000003,45.00000000000001,0,0
3.67,8.571428571428571,96.0781937618615,71,20,0,0,271.96000000000004,48.00000000000001,0,0
3.67,8.571428571428571,96.12064549454564,71,20,0,0,286.27000000000004,51.00000000000001,0,0
3.67,8.571428571428571,96.13172710109211,71,20,0,0,300.58000000000004,54.00000000000001,0,0
3.67,8.571428571428571,96.16490843505434,71,20,0,0,314.89000000000004,57.000000000000014,0,0
3.67,8.571428571428571,96.21111449311104,71,20,0,0,329.20000000000005,60.00000000000001,0,0
3.67,8.571428571428571,96.24382716586892,71,20,0,0,343.51,63.0,0,0
3.67,8.571428571428571,96.295354169496,71,20,0,0,357.82,66.0,0,0
3.67,8.571428571428571,96.32618616513639,71,20,0,0,372.13,69.0,0,0
3.67,8.571428571428571,96.34797496000326,71,20,0,0,386.44,72.0,0,0
3.68,8.571428571428571,96.35239648394354,71,20,0,0,400.75,75.0,0,0
3.68,8.571428571428571,96.39137361976837,71,20,0,0,415.06,78.0,0,0
3.68,8.571428571428571,96.40779207429925,72,20,0,0,429.37,81.0,0,0
3.68,8.571428571428571,96.42973036635841,72,20,0,0,443.68,84.0,0,0
3.68,8.571428571428571,96.48118517560115,72,20,0,0,457.99,87.0,0,0
3.68,8.571428571428571,96.51296950522979,72,20,0,0,472.3,90.0,0,0
3.68,8.571428571428571,96.53675930483647,72,20,0,0,486.61,93.0,0,0
3.68,8.571428571428571,96.55856110808368,72,20,0,0,500.92,96.0,0,0
3.68,8.571428571428571,96.57659771130929,72,20,0,0,515.23,99.0,0,0
3.68,8.571428571428571,96.62424072648284,72,20,0,0,520,100.0,0,0
3.70,8.571428571428571,96.5901283130171,72,20,0,0,505.69,97.0,0,0
3.70,8.571428571428571,96.5761629743578,72,20,0,0,491.38,94.0,0,0
3.70,8.571428571428571,96.53712566822429,72,20,0,0,477.07,91.0,0,0
3.70,8.571428571428571,96.52242258562949,72,20,0,0,462.76,88.0,0,0
3.70,8.571428571428571,96.49916577553641,72,20,0,0,448.45,85.0,0,0
3.70,8.571428571428571,96.48091383065005,72,20,0,0,434.14,82.0,0,0
3.70,8.571428571428571,96.46678238066367,72,20,0,0,419.83,79.0,0,0
3.70,8.571428571428571,96.43816734675266,72,20,0,0,405.52,76.0,0,0
3.70,8.571428571428571,96.41100856790408,72,20,0,0,391.21,73.0,0,0
3.70,8.571428571428571,96.39627481089373,72,20,0,0,376.9,70.0,0,0
3.72,8.571428571428571,96.38530947160092,72,20,0,0,362.59000000000003,67.0,0,0
3.72,8.571428571428571,96.36604535318132,72,20,0,0,348.28,63.99999999999999,0,0
3.72,8.571428571428571,96.34128937321437,72,20,0,0,333.96999999999997,60.99999999999999,0,0
3.72,8.571428571428571,96.32753312443414,72,20,0,0,319.65999999999997,57.99999999999999,0,0
3.72,8.571428571428571,96.30262677410259,72,20,0,0,305.34999999999997,54.99999999999999,0,0
3.72,8.571428571428571,96.29315939294823,72,20,0,0,291.03999999999996,51.99999999999999,0,0
3.72,8.571428571428571,96.25934940144683,72,20,0,0,276.7299999999999,48.99999999999998,0,0
3.72,8.571428571428571,96.23792536858123,72,20,0,0,262.4199999999999,45.99999999999997,0,0
3.72,8.571428571428571,96.22355611616094,72,20,0,0,248.10999999999984,42.99999999999997,0,0
3.72,8.571428571428571,96.2049448833392,72,20,0,0,233.79999999999984,39.99999999999997,0,0
3.73,8.571428571428571,96.19527724740176,72,20,0,0,219.48999999999984,36.999999999999964,0,0
3.73,8.571428571428571,96.1832106221352,72,20,0,0,205.1799999999999,33.99999999999997,0,0
3.73,8.571428571428571,96.16412454892918,72,20,0,0,190.8699999999999,30.99999999999997,0,0
3.73,8.571428571428571,96.15229854162472,72,20,0,0,176.55999999999983,27.99999999999997,0,0
3.73,8.571428571428571,96.12016158664015,72,20,0,0,162.24999999999983,24.99999999999997,0,0
3.73,8.571428571428571,96.11225760887062,72,20,0,0,147.93999999999988,21.99999999999997,0,0
3.73,8.571428571428571,96.08057163429152,72,20,0,0,133.62999999999988,18.99999999999997,0,0
3.73,8.571428571428571,96.07056120988105,72,20,0,0,119.31999999999988,15.999999999999972,0,0
3.73,8.571428571428571,96.06112737137876,72,20,0,0,105.00999999999982,12.999999999999972,0,0
3.73,8.571428571428571,96.04944097410754,72,20,0,0,90.69999999999987,9.999999999999972,0,0
3.75,8.571428571428571,96.03020467071588,72,20,0,0,76.38999999999987,6.999999999999972,0,0
3.75,8.571428571428571,96.02249313107205,72,20,0,0,62.07999999999987,3.9999999999999716,0,0
3.75,8.571428571428571,95.99485827524465,72,20,0,0,47.76999999999987,0.9999999999999716,0,0
3.75,8.571428571428571,95.97646334095363,72,20,0,0,43,0.0,0,0
3.75,8.571428571428571,95.98546427272059,72,20,0,0,57.31,3.0,0,0
3.75,8.571428571428571,96.00391854502098,72,20,0,0,71.62,6.0,0,0
3.75,8.571428571428571,96.01131546391146,72,20,0,0,85.93,9.0,0,0
3.75,8.571428571428571,96.02245499608966,72,20,0,0,100.24000000000001,12.0,0,0
3.75,8.571428571428571,96.01094896911317,72,20,0,0,114.55000000000001,15.0,0,0
3.75,8.571428571428571,96.0306089597093,72,20,0,0,128.86,18.0,0,0
3.77,8.571428571428571,96.05574223986423,72,20,0,0,143.16999999999996,21.0,0,0
3.77,8.571428571428571,96.05559704943964,72,20,0,0,157.48000000000002,24.0,0,0
3.77,8.571428571428571,96.06392599877015,72,20,0,0,171.79000000000002,27.0,0,0
3.77,8.571428571428571,96.07100742106682,72,20,0,0,186.10000000000002,30.0,0,0
3.77,8.571428571428571,96.07739348977945,72,20,0,0,200.40999999999997,33.0,0,0
3.77,8.571428571428571,96.10455318365106,72,20,0,0,214.71999999999997,36.0,0,0
3.77,8.571428571428571,96.11167192540987,72,20,0,0,229.03000000000003,39.0,0,0
3.77,8.571428571428571,96.10569184607398,72,20,0,0,243.34000000000003,42.00000000000001,0,0
3.77,8.571428571428571,96.11592364895066,72,20,0,0,257.65000000000003,45.00000000000001,0,0
3.77,8.571428571428571,96.12183975065079,72,20,0,0,271.96000000000004,48.00000000000001,0,0
3.78,8.571428571428571,96.1458559418851,72,20,0,0,286.27000000000004,51.00000000000001,0,0
3.78,8.571428571428571,96.17365654979244,72,20,0,0,300.58000000000004,54.00000000000001,0,0
3.78,8.571428571428571,96.21969054740677,72,20,0,0,314.89000000000004,57.000000000000014,0,0
3.78,8.571428571428571,96.26795251499729,72,20,0,0,329.20000000000005,60.00000000000001,0,0
3.78,8.571428571428571,96.30348186115556,72,20,0,0,343.51,63.0,0,0
3.78,8.571428571428571,96.33057087477147,72,20,0,0,357.82,66.0,0,0
3.78,8.571428571428571,96.35116897457733,73,20,0,0,372.13,69.0,0,0
3.78,8.571428571428571,96.36722363983368,74,20,0,0,386.44,72.0,0,0
3.78,8.571428571428571,96.38281250798218,74,20,0,0,400.75,75.0,0,0
3.80,8.571428571428571,96.42881571665956,74,20,0,0,415.06,78.0,0,0
3.80,8.571428571428571,96.46972715694837,74,20,0,0,429.37,81.0,0,0
3.80,8.571428571428571,96.50268958686819,74,20,0,0,443.68,84.0,0,0
3.80,8.571428571428571,96.55203860507774,74,20,0,0,457.99,87.0,0,0
3.80,8.571428571428571,96.57988715597587,75,20,0,0,472.3,90.0,0,0
3.80,8.571428571428571,96.59043942705644,75,20,0,0,486.61,93.0,0,0
3.80,8.571428571428571,96.62499814651504,75,20,0,0,500.92,96.0,0,0
3.80,8.571428571428571,96.65596514903339,75,20,0,0,515.23,99.0,0,0
3.80,8.571428571428571,96.66789972245903,75,20,0,0,520,100.0,0,0
3.80,8.571428571428571,96.6485374507897,75,20,0,0,505.69,97.0,0,0
3.82,8.571428571428571,96.62796265426016,75,20,0,0,491.38,94.0,0,0
3.82,8.571428571428571,96.60112857365202,75,20,0,0,477.07,91.0,0,0
3.82,8.571428571428571,96.58533441608905,75,20,0,0,462.76,88.0,0,0
3.82,8.571428571428571,96.56345044915876,75,20,0,0,448.45,85.0,0,0
3.82,8.571428571428571,96.55470713408735,75,20,0,0,434.14,82.0,0,0
3.82,8.571428571428571,96.53898935965807,75,20,0,0,419.83,79.0,0,0
3.82,8.571428571428571,96.51052556747601,75,20,0,0,405.52,76.0,0,0
3.82,8.571428571428571,96.48800403122014,75,20,0,0,391.21,73.0,0,0
3.82,8.571428571428571,96.46593520383234,76,20,0,0,376.9,70.0,0,0
3.82,8.571428571428571,96.4493230428534,76,20,0,0,362.59000000000003,67.0,0,0
3.83,8.571428571428571,96.44192299437078,76,20,0,0,348.28,63.99999999999999,0,0
3.83,8.571428571428571,96.42983295692935,77,20,0,0,333.96999999999997,60.99999999999999,0,0
3.83,8.571428571428571,96.40785203656785,77,20,0,0,319.65999999999997,57.99999999999999,0,0
3.83,8.571428571428571,96.39891669684025,77,20,0,0,305.34999999999997,54.99999999999999,0,0
3.83,8.571428571428571,96.38581323957735,77,20,0,0,291.03999999999996,51.99999999999999,0,0
3.83,8.571428571428571,96.3695231060702,77,20,0,0,276.7299999999999,48.99999999999998,0,0
3.83,8.571428571428571,96.34769684261623,77,20,0,0,262.4199999999999,45.99999999999997,0,0
3.83,8.571428571428571,96.33469086022271,77,20,0,0,248.10999999999984,42.99999999999997,0,0
3.83,8.571428571428571,96.30399664458687,77,20,0,0,233.79999999999984,39.99999999999997,0,0
3.83,8.571428571428571,96.29038755819215,77,20,0,0,219.48999999999984,36.999999999999964,0,0
3.85,8.571428571428571,96.2652884805744,77,20,0,0,205.1799999999999,33.99999999999997,0,0
3.85,8.571428571428571,96.24761404063162,77,20,0,0,190.8699999999999,30.99999999999997,0,0
3.85,8.571428571428571,96.23190702118613,77,20,0,0,176.55999999999983,27.99999999999997,0,0
3.85,8.571428571428571,96.2223492660223,77,20,0,0,162.24999999999983,24.99999999999997,0,0
3.85,8.571428571428571,96.20051480805212,77,20,0,0,147.93999999999988,21.99999999999997,0,0
3.85,8.571428571428571,96.19734943289257,77,20,0,0,133.62999999999988,18.99999999999997,0,0
3.85,8.571428571428571,96.18482808614198,77,20,0,0,119.31999999999988,15.999999999999972,0,0
3.85,8.571428571428571,96.15969638200335,77,20,0,0,105.00999999999982,12.999999999999972,0,0
3.85,8.571428571428571,96.15508768394429,77,20,0,0,90.69999999999987,9.999999999999972,0,0
3.85,8.571428571428571,96.12781576801956,77,20,0,0,76.38999999999987,6.999999999999972,0,0
3.87,8.571428571428571,96.11679926968534,77,20,0,0,62.07999999999987,3.9999999999999716,0,0
3.87,8.571428571428571,96.10113047319426,77,20,0,0,47.76999999999987,0.9999999999999716,0,0
3.87,8.571428571428571,96.06596090580851,77,20,0,0,43,0.0,0,0
3.87,8.571428571428571,96.09030364245822,77,20,0,0,57.31,3.0,0,0
3.87,8.571428571428571,96.10782466136043,77,20,0,0,71.62,6.0,0,0
3.87,8.571428571428571,96.11265801791487,77,20,0,0,85.93,9.0,0,0
3.87,8.571428571428571,96.1214730531226,77,20,0,0,100.24000000000001,12.0,0,0
3.87,8.571428571428571,96.12921946991978,77,20,0,0,114.55000000000001,15.0,0,0
3.87,8.571428571428571,96.12570167472282,77,20,0,0,128.86,18.0,0,0
3.87,8.571428571428571,96.14640688022489,77,20,0,0,143.16999999999996,21.0,0,0
3.88,8.571428571428571,96.15390043765699,77,20,0,0,157.48000000000002,24.0,0,0
3.88,8.571428571428571,96.17844682745562,77,20,0,0,171.79000000000002,27.0,0,0
3.88,8.571428571428571,96.2036501539276,77,20,0,0,186.10000000000002,30.0,0,0
3.88,8.571428571428571,96.20822924887375,77,20,0,0,200.40999999999997,33.0,0,0
3.88,8.571428571428571,96.21073076125413,77,20,0,0,214.71999999999997,36.0,0,0
3.88,8.571428571428571,96.2222233397251,77,20,0,0,229.03000000000003,39.0,0,0
3.88,8.571428571428571,96.23710120561522,78,20,0,0,243.34000000000003,42.00000000000001,0,0
3.88,8.571428571428571,96.24927896120516,78,20,0,0,257.65000000000003,45.00000000000001,0,0
3.88,8.571428571428571,96.27382610920063,78,20,0,0,271.96000000000004,48.00000000000001,0,0
3.88,8.571428571428571,96.31334723002531,78,20,0,0,286.27000000000004,51.00000000000001,0,0
3.90,8.571428571428571,96.34044571146207,78,20,0,0,300.58000000000004,54.00000000000001,0,0
3.90,8.571428571428571,96.37943677188974,78,20,0,0,314.89000000000004,57.000000000000014,0,0
3.90,8.571428571428571,96.41170091028206,78,20,0,0,329.20000000000005,60.00000000000001,0,0
3.90,8.571428571428571,96.426694837696,78,20,0,0,343.51,63.0,0,0
3.90,8.571428571428571,96.43300452117498,78,20,0,0,357.82,66.0,0,0
3.90,8.571428571428571,96.46368781516418,78,20,0,0,372.13,69.0,0,0
3.90,8.571428571428571,96.49485221333177,78,20,0,0,386.44,72.0,0,0
3.90,8.571428571428571,96.50470661142676,78,20,0,0,400.75,75.0,0,0
3.92,8.571428571428571,96.52048565772928,78,20,0,0,415.06,78.0,0,0
3.92,8.571428571428571,96.53448076704183,78,20,0,0,429.37,81.0,0,0
3.92,8.571428571428571,96.54542242498354,78,20,0,0,443.68,84.0,0,0
3.92,8.571428571428571,96.5827447537823,78,20,0,0,457.99,87.0,0,0
3.92,8.571428571428571,96.61355763936726,78,20,0,0,472.3,90.0,0,0
3.92,8.571428571428571,96.64576052334861,78,20,0,0,486.61,93.0,0,0
3.92,8.571428571428571,96.67898233756851,78,20,0,0,500.92,96.0,0,0
3.92,8.571428571428571,96.69662436928549,78,20,0,0,515.23,99.0,0,0
3.92,8.571428571428571,96.71074301282397,78,20,0,0,520,100.0,0,0
3.93,8.571428571428571,96.70591546966372,78,20,0,0,505.69,97.0,0,0
3.93,8.571428571428571,96.67823735257353,78,20,0,0,491.38,94.0,0,0
3.93,8.571428571428571,96.6594708580708,79,20,0,0,477.07,91.0,0,0
3.93,8.571428571428571,96.63483835958411,79,20,0,0,462.76,88.0,0,0
3.93,8.571428571428571,96.61862230505277,79,20,0,0,448.45,85.0,0,0
3.93,8.571428571428571,96.59203817705463,79,20,0,0,434.14,82.0,0,0
3.93,8.571428571428571,96.57296718451543,79,20,0,0,419.83,79.0,0,0
3.93,8.571428571428571,96.54766446993604,79,20,0,0,405.52,76.0,0,0
3.93,8.571428571428571,96.52532277143364,79,20,0,0,391.21,73.0,0,0
3.93,8.571428571428571,96.50177194581694,79,20,0,0,376.9,70.0,0,0
3.95,8.571428571428571,96.48759465602448,79,20,0,0,362.59000000000003,67.0,0,0
3.95,8.571428571428571,96.4752726771889,79,20,0,0,348.28,63.99999999999999,0,0
3.95,8.571428571428571,96.44366190084735,79,20,0,0,333.96999999999997,60.99999999999999,0,0
3.95,8.571428571428571,96.43065888969755,79,20,0,0,319.65999999999997,57.99999999999999,0,0
3.95,8.571428571428571,96.39769631842971,79,20,0,0,305.34999999999997,54.99999999999999,0,0
3.95,8.571428571428571,96.3682437874525,79,20,0,0,291.03999999999996,51.99999999999999,0,0
3.95,8.571428571428571,96.34745990099339,79,20,0,0,276.7299999999999,48.99999999999998,0,0
3.95,8.571428571428571,96.3365190140706,79,20,0,0,262.4199999999999,45.99999999999997,0,0
3.95,8.571428571428571,96.3192110447333,79,20,0,0,248.10999999999984,42.99999999999997,0,0
3.97,8.571428571428571,96.30280713928609,80,20,0,0,233.79999999999984,39.99999999999997,0,0
3.97,8.571428571428571,96.28177668273746,80,20,0,0,219.48999999999984,36.999999999999964,0,0
3.97,8.571428571428571,96.2644209539928,80,20,0,0,205.1799999999999,33.99999999999997,0,0
3.97,8.571428571428571,96.2348641010517,81,20,0,0,190.8699999999999,30.99999999999997,0,0
3.97,8.571428571428571,96.20880226294022,81,20,0,0,176.55999999999983,27.99999999999997,0,0
3.97,8.571428571428571,96.18624040836072,81,20,0,0,162.24999999999983,24.99999999999997,0,0
3.97,8.571428571428571,96.16179168239161,81,20,0,0,147.93999999999988,21.99999999999997,0,0
3.97,8.571428571428571,96.14908512875526,81,20,0,0,133.62999999999988,18.99999999999997,0,0
3.97,8.571428571428571,96.13826588845026,81,20,0,0,119.31999999999988,15.999999999999972,0,0
3.97,8.571428571428571,96.11715386090165,81,20,0,0,105.00999999999982,12.999999999999972,0,0
3.98,8.571428571428571,96.10727770953831,81,20,0,0,90.69999999999987,9.999999999999972,0,0
3.98,8.571428571428571,96.08005283538311,81,20,0,0,76.38999999999987,6.999999999999972,0,0
3.98,8.571428571428571,96.07580069883879,81,20,0,0,62.07999999999987,3.9999999999999716,0,0
3.98,8.571428571428571,96.05127356030731,81,20,0,0,47.76999999999987,0.9999999999999716,0,0
3.98,8.571428571428571,96.02838130771661,81,20,0,0,43,0.0,0,0
3.98,8.571428571428571,96.0420780708033,81,20,0,0,57.31,3.0,0,0
3.98,8.571428571428571,96.0572625670818,81,20,0,0,71.62,6.0,0,0
3.98,8.571428571428571,96.05440349919118,81,20,0,0,85.93,9.0,0,0
4.00,8.571428571428571,96.0495036853455,81,20,0,0,100.24000000000001,12.0,0,0
4.00,8.571428571428571,96.07199044477333,81,20,0,0,114.55000000000001,15.0,0,0
4.00,8.571428571428571,96.0857727644481,81,20,0,0,128.86,18.0,0,0
4.00,8.571428571428571,96.08845771304111,81,20,0,0,143.16999999999996,21.0,0,0
4.00,8.571428571428571,96.08094416711457,81,20,0,0,157.48000000000002,24.0,0,0
4.00,8.571428571428571,96.0674123760762,81,20,0,0,171.79000000000002,27.0,0,0
4.00,8.571428571428571,96.09055593321598,81,20,0,0,186.10000000000002,30.0,0,0
4.00,8.571428571428571,96.09109772338253,81,20,0,0,200.40999999999997,33.0,0,0
4.00,8.571428571428571,96.10780941108028,81,20,0,0,214.71999999999997,36.0,0,0
4.02,8.571428571428571,96.10939703114795,81,20,0,0,229.03000000000003,39.0,0,0
4.02,8.571428571428571,96.11473147190368,81,20,0,0,243.34000000000003,42.00000000000001,0,0
4.02,8.571428571428571,96.10047875204256,81,20,0,0,257.65000000000003,45.00000000000001,0,0
4.02,8.571428571428571,96.09531679868874,81,20,0,0,271.96000000000004,48.00000000000001,0,0
4.02,8.571428571428571,96.13020725755231,81,20,0,0,286.27000000000004,51.00000000000001,0,0
4.02,8.571428571428571,96.15312751802428,81,20,0,0,300.58000000000004,54.00000000000001,0,0
4.02,8.571428571428571,96.18441620141881,81,20,0,0,314.89000000000004,57.000000000000014,0,0
4.02,8.571428571428571,96.23264719939824,81,20,0,0,329.20000000000005,60.00000000000001,0,0
4.02,8.571428571428571,96.28072967906984,81,20,0,0,343.51,63.0,0,0
4.02,8.571428571428571,96.29542050680014,81,20,0,0,357.82,66.0,0,0
4.03,8.571428571428571,96.33027577003618,81,20,0,0,372.13,69.0,0,0
4.03,8.571428571428571,96.36143314358144,81,20,0,0,386.44,72.0,0,0
4.03,8.571428571428571,96.39922787561476,81,20,0,0,400.75,75.0,0,0
4.03,8.571428571428571,96.44550543244894,81,20,0,0,415.06,78.0,0,0
4.03,8.571428571428571,96.4904726757901,81,20,0,0,429.37,81.0,0,0
4.03,8.571428571428571,96.51532921587425,81,20,0,0,443.68,84.0,0,0
4.03,8.571428571428571,96.5418847762052,81,20,0,0,457.99,87.0,0,0
4.03,8.571428571428571,96.57722195306746,81,20,0,0,472.3,90.0,0,0
4.03,8.571428571428571,96.60118810650549,81,20,0,0,486.61,93.0,0,0
4.03,8.571428571428571,96.63709483048612,81,20,0,0,500.92,96.0,0,0
4.05,8.571428571428571,96.66926947752123,81,20,0,0,515.23,99.0,0,0
4.05,8.571428571428571,96.69099182040817,81,20,0,0,520,100.0,0,0
4.05,8.571428571428571,96.67364642648182,81,20,0,0,505.69,97.0,0,0
4.05,8.571428571428571,96.64472256861525,81,20,0,0,491.38,94.0,0,0
4.05,8.571428571428571,96.62087913650957,81,20,0,0,477.07,91.0,0,0
4.05,8.571428571428571,96.6161478505393,81,20,0,0,462.76,88.0,0,0
4.05,8.571428571428571,96.6123397201777,81,20,0,0,448.45,85.0,0,0
4.05,8.571428571428571,96.6045793925545,81,20,0,0,434.14,82.0,0,0
4.05,8.571428571428571,96.59268242960904,81,20,0,0,419.83,79.0,0,0
4.07,8.571428571428571,96.5622828515863,81,20,0,0,405.52,76.0,0,0
4.07,8.571428571428571,96.56224956320654,81,20,0,0,391.21,73.0,0,0
4.07,8.571428571428571,96.55377670783592,82,20,0,0,376.9,70.0,0,0
4.07,8.571428571428571,96.52924288077796,82,20,0,0,362.59000000000003,67.0,0,0
4.07,8.571428571428571,96.51152945343567,82,20,0,0,348.28,63.99999999999999,0,0
4.07,8.571428571428571,96.49187721180927,82,20,0,0,333.96999999999997,60.99999999999999,0,0
4.07,8.571428571428571,96.48578083393885,83,20,0,0,319.65999999999997,57.99999999999999,0,0
4.07,8.571428571428571,96.47644682107178,83,20,0,0,305.34999999999997,54.99999999999999,0,0
4.07,8.571428571428571,96.45364405024405,83,20,0,0,291.03999999999996,51.99999999999999,0,0
4.08,8.571428571428571,96.44115316840325,83,20,0,0,276.7299999999999,48.99999999999998,0,0
4.15,8.571428571428571,96.41841331109161,83,20,0,0,262.4199999999999,45.99999999999997,0,0
4.15,8.571428571428571,96.391882551708,83,21,0,0,248.10999999999984,42.99999999999997,0,0
4.15,8.571428571428571,96.36440457941156,83,21,0,0,233.79999999999984,39.99999999999997,0,0
4.15,8.571428571428571,96.34892171009669,83,21,0,0,219.48999999999984,36.999999999999964,0,0
4.15,8.571428571428571,96.33558186894345,83,21,0,0,205.1799999999999,33.99999999999997,0,0
4.15,8.571428571428571,96.31733148289624,83,21,0,0,190.8699999999999,30.99999999999997,0,0
4.15,8.571428571428571,96.28932386729322,83,21,0,0,176.55999999999983,27.99999999999997,0,0
4.17,8.571428571428571,96.28068230114326,83,21,0,0,162.24999999999983,24.99999999999997,0,0
4.17,8.571428571428571,96.26116398255999,83,21,0,0,147.93999999999988,21.99999999999997,0,0
4.18,8.571428571428571,96.23767802275695,83,21,0,0,133.62999999999988,18.99999999999997,0,0
4.20,8.571428571428571,96.22239498352776,83,21,0,0,119.31999999999988,15.999999999999972,0,0
4.20,8.571428571428571,96.21122969738958,83,21,0,0,105.00999999999982,12.999999999999972,0,0
4.22,8.571428571428571,96.18913611989483,83,21,0,0,90.69999999999987,9.999999999999972,0,0
4.22,8.571428571428571,96.17241869444383,83,21,0,0,76.38999999999987,6.999999999999972,0,0
4.22,8.571428571428571,96.17248784238453,83,21,0,0,62.07999999999987,3.9999999999999716,0,0
4.22,8.571428571428571,96.1640000636462,83,21,0,0,47.76999999999987,0.9999999999999716,0,0
4.22,8.571428571428571,96.15449497822866,83,21,0,0,43,0.0,0,0
4.22,8.571428571428571,96.17036285395048,83,21,0,0,57.31,3.0,0,0
4.22,8.571428571428571,96.17942518253197,83,21,0,0,71.62,6.0,0,0
4.22,8.571428571428571,96.19499321458962,83,21,0,0,85.93,9.0,0,0
4.22,8.571428571428571,96.19059200448837,83,21,0,0,100.24000000000001,12.0,0,0
4.23,8.571428571428571,96.18601410611842,83,21,0,0,114.55000000000001,15.0,0,0
4.25,8.571428571428571,96.18154390193808,83,21,0,0,128.86,18.0,0,0
4.25,8.571428571428571,96.1863761127219,83,21,0,0,143.16999999999996,21.0,0,0
4.25,8.571428571428571,96.18712805302494,83,21,0,0,157.48000000000002,24.0,0,0
4.27,8.571428571428571,96.20293078738767,83,21,0,0,171.79000000000002,27.0,0,0
4.27,8.571428571428571,96.21341639182396,83,21,0,0,186.10000000000002,30.0,0,0
4.27,8.571428571428571,96.2219799133598,83,21,0,0,200.40999999999997,33.0,0,0
4.27,8.571428571428571,96.22537301025731,83,21,0,0,214.71999999999997,36.0,0,0
4.27,8.571428571428571,96.23116936515221,83,21,0,0,229.03000000000003,39.0,0,0
4.27,8.571428571428571,96.2393374109387,83,21,0,0,243.34000000000003,42.00000000000001,0,0
4.27,8.571428571428571,96.23989099990446,83,21,0,0,257.65000000000003,45.00000000000001,0,0
4.27,8.571428571428571,96.26397463377344,83,21,0,0,271.96000000000004,48.00000000000001,0,0
4.27,8.571428571428571,96.28665588438999,83,21,0,0,286.27000000000004,51.00000000000001,0,0
4.27,8.571428571428571,96.31361267878505,83,21,0,0,300.58000000000004,54.00000000000001,0,0
4.28,8.571428571428571,96.35833586476004,83,21,0,0,314.89000000000004,57.000000000000014,0,0
4.28,8.571428571428571,96.37505934100773,83,21,0,0,329.20000000000005,60.00000000000001,0,0
4.28,8.571428571428571,96.39475648499106,83,21,0,0,343.51,63.0,0,0
4.28,8.571428571428571,96.40134011569894,83,21,0,0,357.82,66.0,0,0
4.28,8.571428571428571,96.41684819561087,83,21,0,0,372.13,69.0,0,0
4.28,8.571428571428571,96.44817411882084,83,21,0,0,386.44,72.0,0,0
4.28,8.571428571428571,96.4788427525345,83,21,0,0,400.75,75.0,0,0
4.28,8.571428571428571,96.52010897053121,83,21,0,0,415.06,78.0,0,0
4.30,8.571428571428571,96.54503355163651,83,21,0,0,429.37,81.0,0,0
4.30,8.571428571428571,96.58342029803595,84,21,0,0,443.68,84.0,0,0
4.30,8.571428571428571,96.60017583885693,84,21,0,0,457.99,87.0,0,0
4.30,8.571428571428571,96.63888261119818,84,21,0,0,472.3,90.0,0,0
4.30,8.571428571428571,96.66924097363942,84,21,0,0,486.61,93.0,0,0
4.30,8.571428571428571,96.68685285826092,84,21,0,0,500.92,96.0,0,0
4.30,8.571428571428571,96.7018912431171,84,21,0,0,515.23,99.0,0,0
4.30,3.75,96.71349570642043,84,21,0,0,520,100.0,0,0
4.30,3.75,96.68931275076665,84,21,0,0,505.69,97.0,0,0
4.30,3.75,96.6800312220217,84,21,0,0,491.38,94.0,0,0
4.32,3.75,96.66055878576962,84,21,0,0,477.07,91.0,0,0
4.32,3.75,96.6425765882171,84,21,0,0,462.76,88.0,0,0
4.32,3.75,96.6246314512432,84,21,0,0,448.45,85.0,0,0
4.32,3.75,96.61497262403378,84,21,0,0,434.14,82.0,0,0
4.32,3.75,96.61258927678847,84,21,0,0,419.83,79.0,0,0
4.32,3.75,96.59281914686115,85,21,0,0,405.52,76.0,0,0
4.32,3.75,96.5688408965662,85,21,0,0,391.21,73.0,0,0
4.32,3.75,96.55416044423187,85,21,0,0,376.9,70.0,0,0
4.32,3.75,96.53958077648663,86,21,0,0,362.59000000000003,67.0,0,0
4.32,3.75,96.51815422247567,86,21,0,0,348.28,63.99999999999999,0,0
4.33,3.75,96.50767078726614,86,21,0,0,333.96999999999997,60.99999999999999,0,0
4.33,3.75,96.49136865035089,86,21,0,0,319.65999999999997,57.99999999999999,0,0
4.33,3.75,96.47355790703509,86,21,0,0,305.34999999999997,54.99999999999999,0,0
4.33,3.75,96.4609409458909,86,21,0,0,291.03999999999996,51.99999999999999,0,0
4.33,3.75,96.45068954352563,86,21,0,0,276.7299999999999,48.99999999999998,0,0
4.33,3.75,96.43668594870647,86,21,0,0,262.4199999999999,45.99999999999997,0,0
4.35,3.75,96.42307707965327,86,21,0,0,248.10999999999984,42.99999999999997,0,0
4.35,3.75,96.41246416248498,86,21,0,0,233.79999999999984,39.99999999999997,0,0
4.35,3.75,96.402058346152,86,21,0,0,219.48999999999984,36.999999999999964,0,0
4.35,3.75,96.3773596067353,87,21,0,0,205.1799999999999,33.99999999999997,0,0
4.35,3.75,96.3575108095189,87,21,0,0,190.8699999999999,30.99999999999997,0,0
4.35,3.75,96.33420547792593,87,21,0,0,176.55999999999983,27.99999999999997,0,0
4.35,3.75,96.31078109309502,87,21,0,0,162.24999999999983,24.99999999999997,0,0
4.35,3.75,96.30616770210767,87,21,0,0,147.93999999999988,21.99999999999997,0,0
4.37,3.75,96.2874834275395,87,21,0,0,133.62999999999988,18.99999999999997,0,0
4.37,3.75,96.26339762763823,87,21,0,0,119.31999999999988,15.999999999999972,0,0
4.37,3.75,96.24871009541393,87,21,0,0,105.00999999999982,12.999999999999972,0,0
4.37,3.75,96.23041426795493,87,21,0,0,90.69999999999987,9.999999999999972,0,0
4.37,3.75,96.21578482365429,87,21,0,0,76.38999999999987,6.999999999999972,0,0
4.37,3.75,96.20640325839986,87,21,0,0,62.07999999999987,3.9999999999999716,0,0
4.37,3.75,96.18366485720081,87,21,0,0,47.76999999999987,0.9999999999999716,0,0
4.37,3.75,96.16396569303708,87,21,0,0,43,0.0,0,0
4.37,3.75,96.167395243175,87,21,0,0,57.31,3.0,0,0
4.38,3.75,96.19096893756372,87,21,0,0,71.62,6.0,0,0
4.38,3.75,96.19707245617755,87,21,0,0,85.93,9.0,0,0
4.38,3.75,96.19130861564648,87,21,0,0,100.24000000000001,12.0,0,0
4.38,3.75,96.18574055278076,87,21,0,0,114.55000000000001,15.0,0,0
4.38,3.75,96.19541189610345,87,21,0,0,128.86,18.0,0,0
4.38,3.75,96.2020573194004,87,21,0,0,143.16999999999996,21.0,0,0
4.38,3.75,96.21774059398673,87,21,0,0,157.48000000000002,24.0,0,0
4.38,3.75,96.2144992953547,87,21,0,0,171.79000000000002,27.0,0,0
4.38,3.75,96.22566304294091,87,21,0,0,186.10000000000002,30.0,0,0
4.38,3.75,96.25112619387563,87,21,0,0,200.40999999999997,33.0,0,0
4.40,3.75,96.25284762364953,87,22,0,0,214.71999999999997,36.0,0,0
4.40,3.75,96.26905577212271,87,22,0,0,229.03000000000003,39.0,0,0
4.40,3.75,96.28669302764617,87,22,0,0,243.34000000000003,42.00000000000001,0,0
4.40,3.75,96.2945665791755,88,22,0,0,257.65000000000003,45.00000000000001,0,0
4.40,3.75,96.30191215354428,88,22,0,0,271.96000000000004,48.00000000000001,0,0
4.40,3.75,96.32218114697532,88,22,0,0,286.27000000000004,51.00000000000001,0,0
4.40,3.75,96.34772758645877,88,22,0,0,300.58000000000004,54.00000000000001,0,0
4.40,3.75,96.3865327751444,88,22,0,0,314.89000000000004,57.000000000000014,0,0
4.40,3.75,96.40939463186673,88,22,0,0,329.20000000000005,60.00000000000001,0,0
4.42,3.75,96.45001631009671,88,22,0,0,343.51,63.0,0,0
4.42,3.75,96.48429516440679,88,22,0,0,357.82,66.0,0,0
4.42,3.75,96.51600861595543,88,22,0,0,372.13,69.0,0,0
4.42,3.75,96.53670943701881,88,22,0,0,386.44,72.0,0,0
4.42,3.75,96.56658231692862,88,22,0,0,400.75,75.0,0,0
4.43,3.75,96.58501036929482,89,22,0,0,415.06,78.0,0,0
4.43,3.75,96.61579437535381,89,22,0,0,429.37,81.0,0,0
4.43,3.75,96.63879593878036,89,22,0,0,443.68,84.0,0,0
4.43,3.75,96.67089767814768,89,22,0,0,457.99,87.0,0,0
4.43,3.75,96.6929663562646,89,22,0,0,472.3,90.0,0,0
4.43,3.75,96.71798994742798,89,22,0,0,486.61,93.0,0,0
4.45,3.75,96.7447901084056,89,22,0,0,500.92,96.0,0,0
4.45,3.75,96.76811013212057,89,22,0,0,515.23,99.0,0,0
4.45,6.666666666666667,96.7954829166385,89,22,0,0,520,100.0,0,0
4.45,6.666666666666667,96.78589258445223,89,22,0,0,505.69,97.0,0,0
4.45,6.666666666666667,96.77489850994353,89,22,0,0,491.38,94.0,0,0
4.45,6.666666666666667,96.75394718547393,89,22,0,0,477.07,91.0,0,0
4.45,6.666666666666667,96.73083995745637,89,22,0,0,462.76,88.0,0,0
4.45,6.666666666666667,96.72037934502305,89,22,0,0,448.45,85.0,0,0
4.45,6.666666666666667,96.71551999355553,89,22,0,0,434.14,82.0,0,0
4.45,6.666666666666667,96.7013684019228,89,22,0,0,419.83,79.0,0,0
4.47,6.666666666666667,96.67313068639565,89,22,0,0,405.52,76.0,0,0
4.47,6.666666666666667,96.66805793927607,89,22,0,0,391.21,73.0,0,0
4.47,6.666666666666667,96.65729382781461,89,22,0,0,376.9,70.0,0,0
4.47,6.666666666666667,96.640730622047,89,22,0,0,362.59000000000003,67.0,0,0
4.47,6.666666666666667,96.63830106828094,89,22,0,0,348.28,63.99999999999999,0,0
4.47,6.666666666666667,96.61164907809979,89,22,0,0,333.96999999999997,60.99999999999999,0,0
4.47,6.666666666666667,96.59739479067565,89,22,0,0,319.65999999999997,57.99999999999999,0,0
4.47,6.666666666666667,96.57767947064849,89,22,0,0,305.34999999999997,54.99999999999999,0,0
4.47,6.666666666666667,96.56775558691344,89,22,0,0,291.03999999999996,51.99999999999999,0,0
4.47,6.666666666666667,96.55340117067591,89,22,0,0,276.7299999999999,48.99999999999998,0,0
4.48,6.666666666666667,96.52535807190355,89,22,0,0,262.4199999999999,45.99999999999997,0,0
4.48,6.666666666666667,96.51090575414582,89,22,0,0,248.10999999999984,42.99999999999997,0,0
4.48,6.666666666666667,96.5023643367733,89,22,0,0,233.79999999999984,39.99999999999997,0,0
4.48,6.666666666666667,96.48122980213655,89,22,0,0,219.48999999999984,36.999999999999964,0,0
4.48,6.666666666666667,96.46018639510487,89,22,0,0,205.1799999999999,33.99999999999997,0,0
4.48,6.666666666666667,96.45446698135865,89,22,0,0,190.8699999999999,30.99999999999997,0,0
4.48,6.666666666666667,96.44136694516334,89,22,0,0,176.55999999999983,27.99999999999997,0,0
4.48,6.666666666666667,96.41372030218994,89,22,0,0,162.24999999999983,24.99999999999997,0,0
4.48,6.666666666666667,96.39399979731546,89,22,0,0,147.93999999999988,21.99999999999997,0,0
4.50,6.666666666666667,96.36734436095122,89,23,0,0,133.62999999999988,18.99999999999997,0,0
4.50,6.666666666666667,96.35078740284038,89,23,0,0,119.31999999999988,15.999999999999972,0,0
4.50,6.666666666666667,96.32261740356539,89,23,0,0,105.00999999999982,12.999999999999972,0,0
4.50,6.666666666666667,96.31319664517366,89,23,0,0,90.69999999999987,9.999999999999972,0,0
4.50,6.666666666666667,96.29691998767512,89,23,0,0,76.38999999999987,6.999999999999972,0,0
4.50,6.666666666666667,96.26928162355236,89,23,0,0,62.07999999999987,3.9999999999999716,0,0
4.50,6.666666666666667,96.25427579921012,89,23,0,0,47.76999999999987,0.9999999999999716,0,0
4.50,6.666666666666667,96.22930953967254,89,23,0,0,43,0.0,0,0
4.50,6.666666666666667,96.23721498275599,90,23,0,0,57.31,3.0,0,0
4.52,6.666666666666667,96.2490404866916,90,23,0,0,71.62,6.0,0,0
4.52,6.666666666666667,96.24688762272764,90,23,0,0,85.93,9.0,0,0
4.52,6.666666666666667,96.2585011073809,90,23,0,0,100.24000000000001,12.0,0,0
4.52,6.666666666666667,96.26645126601781,90,23,0,0,114.55000000000001,15.0,0,0
4.52,6.666666666666667,96.28252805318607,90,23,0,0,128.86,18.0,0,0
4.52,6.666666666666667,96.28907504095288,90,23,0,0,143.16999999999996,21.0,0,0
4.52,6.666666666666667,96.29359457515842,90,23,0,0,157.48000000000002,24.0,0,0
4.52,6.666666666666667,96.2999483046717,90,23,0,0,171.79000000000002,27.0,0,0
4.52,6.666666666666667,96.31239353338583,90,23,0,0,186.10000000000002,30.0,0,0
4.52,6.666666666666667,96.3197763467664,90,23,0,0,200.40999999999997,33.0,0,0
4.53,6.666666666666667,96.33035369724416,90,23,0,0,214.71999999999997,36.0,0,0
4.53,6.666666666666667,96.32549106989029,90,23,0,0,229.03000000000003,39.0,0,0
4.53,6.666666666666667,96.32516639702435,90,23,0,0,243.34000000000003,42.00000000000001,0,0
4.53,6.666666666666667,96.32617738845009,90,23,0,0,257.65000000000003,45.00000000000001,0,0
4.53,6.666666666666667,96.32270723507152,90,23,0,0,271.96000000000004,48.00000000000001,0,0
4.53,6.666666666666667,96.3634180385912,90,23,0,0,286.27000000000004,51.00000000000001,0,0
4.53,6.666666666666667,96.38599729170983,90,23,0,0,300.58000000000004,54.00000000000001,0,0
4.53,6.666666666666667,96.40797943919941,90,23,0,0,314.89000000000004,57.000000000000014,0,0
4.53,6.666666666666667,96.43041000749824,90,23,0,0,329.20000000000005,60.00000000000001,0,0
4.53,6.666666666666667,96.43925813298009,90,23,0,0,343.51,63.0,0,0
4.55,6.666666666666667,96.47457426892713,90,23,0,0,357.82,66.0,0,0
4.55,6.666666666666667,96.51870678794677,90,23,0,0,372.13,69.0,0,0
4.55,6.666666666666667,96.54748296742399,90,23,0,0,386.44,72.0,0,0
4.55,6.666666666666667,96.57039943826426,90,23,0,0,400.75,75.0,0,0
4.55,6.666666666666667,96.61156622724785,90,23,0,0,415.06,78.0,0,0
4.55,6.666666666666667,96.63378649206308,90,23,0,0,429.37,81.0,0,0
4.55,6.666666666666667,96.66721896901043,90,23,0,0,443.68,84.0,0,0
4.55,6.666666666666667,96.69297114987643,90,23,0,0,457.99,87.0,0,0
4.55,6.666666666666667,96.7087346764419,90,23,0,0,472.3,90.0,0,0
4.55,6.666666666666667,96.74010089800576,90,23,0,0,486.61,93.0,0,0
4.57,6.666666666666667,96.74800837576286,90,23,0,0,500.92,96.0,0,0
4.57,6.666666666666667,96.77583566094415,90,23,0,0,515.23,99.0,0,0
4.57,8.571428571428571,96.80620017082018,90,23,0,0,520,100.0,0,0
4.57,8.571428571428571,96.78531653467687,90,23,0,0,505.69,97.0,0,0
4.57,8.571428571428571,96.76963390324264,90,23,0,0,491.38,94.0,0,0
4.57,8.571428571428571,96.74945622853383,90,23,0,0,477.07,91.0,0,0
4.57,8.571428571428571,96.72658081414494,90,23,0,0,462.76,88.0,0,0
4.57,8.571428571428571,96.71199062430249,90,23,0,0,448.45,85.0,0,0
4.57,8.571428571428571,96.6906671230275,90,23,0,0,434.14,82.0,0,0
4.57,8.571428571428571,96.67988773585685,91,23,0,0,419.83,79.0,0,0
4.58,8.571428571428571,96.66529798370956,91,23,0,0,405.52,76.0,0,0
4.58,8.571428571428571,96.66417044260771,91,23,0,0,391.21,73.0,0,0
4.58,8.571428571428571,96.63989144790976,91,23,0,0,376.9,70.0,0,0
4.58,8.571428571428571,96.62979429149946,91,23,0,0,362.59000000000003,67.0,0,0
4.58,8.571428571428571,96.62018003962288,91,23,0,0,348.28,63.99999999999999,0,0
4.58,8.571428571428571,96.60128171175057,91,23,0,0,333.96999999999997,60.99999999999999,0,0
4.58,8.571428571428571,96.5919655034007,91,23,0,0,319.65999999999997,57.99999999999999,0,0
4.58,8.571428571428571,96.57758710995547,91,23,0,0,305.34999999999997,54.99999999999999,0,0
4.58,8.571428571428571,96.55404376975382,91,23,0,0,291.03999999999996,51.99999999999999,0,0
4.58,8.571428571428571,96.54550024503982,91,23,0,0,276.7299999999999,48.99999999999998,0,0
4.60,8.571428571428571,96.53271710031815,91,23,0,0,262.4199999999999,45.99999999999997,0,0
4.60,8.571428571428571,96.53030281281465,91,23,0,0,248.10999999999984,42.99999999999997,0,0
4.60,8.571428571428571,96.51038695705087,91,23,0,0,233.79999999999984,39.99999999999997,0,0
4.60,8.571428571428571,96.48135021223452,91,23,0,0,219.48999999999984,36.999999999999964,0,0
4.60,8.571428571428571,96.45138005581208,91,23,0,0,205.1799999999999,33.99999999999997,0,0
4.60,8.571428571428571,96.43732902681955,91,23,0,0,190.8699999999999,30.99999999999997,0,0
4.60,8.571428571428571,96.40685827663148,91,23,0,0,176.55999999999983,27.99999999999997,0,0
4.60,8.571428571428571,96.39413114189996,91,23,0,0,162.24999999999983,24.99999999999997,0,0
4.60,8.571428571428571,96.38454994374237,91,23,0,0,147.93999999999988,21.99999999999997,0,0
4.60,8.571428571428571,96.36147345903142,91,23,0,0,133.62999999999988,18.99999999999997,0,0
4.62,8.571428571428571,96.34673570146674,91,23,0,0,119.31999999999988,15.999999999999972,0,0
4.62,8.571428571428571,96.334859141122,91,23,0,0,105.00999999999982,12.999999999999972,0,0
4.62,8.571428571428571,96.31690937595492,91,23,0,0,90.69999999999987,9.999999999999972,0,0
4.62,8.571428571428571,96.30158865770618,91,23,0,0,76.38999999999987,6.999999999999972,0,0
4.62,8.571428571428571,96.2876193334885,91,23,0,0,62.07999999999987,3.9999999999999716,0,0
4.62,8.571428571428571,96.25925403512116,91,23,0,0,47.76999999999987,0.9999999999999716,0,0
4.62,8.571428571428571,96.24898182895764,91,23,0,0,43,0.0,0,0
4.62,8.571428571428571,96.2650301365624,91,23,0,0,57.31,3.0,0,0
4.62,8.571428571428571,96.28575395113843,91,23,0,0,71.62,6.0,0,0
4.62,8.571428571428571,96.30290094226245,91,23,0,0,85.93,9.0,0,0
4.63,8.571428571428571,96.31278688649957,91,23,0,0,100.24000000000001,12.0,0,0
4.63,8.571428571428571,96.32032892593755,91,23,0,0,114.55000000000001,15.0,0,0
4.63,8.571428571428571,96.33434441323104,91,23,0,0,128.86,18.0,0,0
4.63,8.571428571428571,96.339388456351,91,23,0,0,143.16999999999996,21.0,0,0
4.63,8.571428571428571,96.35600064062045,91,23,0,0,157.48000000000002,24.0,0,0
4.63,8.571428571428571,96.35267575619233,91,23,0,0,171.79000000000002,27.0,0,0
4.63,8.571428571428571,96.35536226443624,91,23,0,0,186.10000000000002,30.0,0,0
4.63,8.571428571428571,96.36849395705462,91,23,0,0,200.40999999999997,33.0,0,0
4.63,8.571428571428571,96.36878087858041,91,23,0,0,214.71999999999997,36.0,0,0
4.63,8.571428571428571,96.38163579137196,91,23,0,0,229.03000000000003,39.0,0,0
4.65,8.571428571428571,96.3958764625203,91,23,0,0,243.34000000000003,42.00000000000001,0,0
4.65,8.571428571428571,96.40136207137719,91,23,0,0,257.65000000000003,45.00000000000001,0,0
4.65,8.571428571428571,96.42702054823225,91,23,0,0,271.96000000000004,48.00000000000001,0,0
4.65,8.571428571428571,96.4553931076625,91,23,0,0,286.27000000000004,51.00000000000001,0,0
4.65,8.571428571428571,96.49231694568718,91,23,0,0,300.58000000000004,54.00000000000001,0,0
4.65,8.571428571428571,96.51200466782062,91,23,0,0,314.89000000000004,57.000000000000014,0,0
4.65,8.571428571428571,96.52682035453117,91,23,0,0,329.20000000000005,60.00000000000001,0,0
4.65,8.571428571428571,96.54691829752036,91,23,0,0,343.51,63.0,0,0
4.65,8.571428571428571,96.57279437332616,91,23,0,0,357.82,66.0,0,0
4.65,8.571428571428571,96.58542730442004,91,23,0,0,372.13,69.0,0,0
4.67,8.571428571428571,96.60174762432442,91,24,0,0,386.44,72.0,0,0
4.67,8.571428571428571,96.6215021284702,91,24,0,0,400.75,75.0,0,0
4.67,8.571428571428571,96.64040730031925,91,24,0,0,415.06,78.0,0,0
4.67,8.571428571428571,96.65574536788581,91,24,0,0,429.37,81.0,0,0
4.67,8.571428571428571,96.70025451310903,92,24,0,0,443.68,84.0,0,0
4.67,8.571428571428571,96.70504239216902,92,24,0,0,457.99,87.0,0,0
4.67,8.571428571428571,96.72363407342085,92,24,0,0,472.3,90.0,0,0
4.67,8.571428571428571,96.73664949153161,92,24,0,0,486.61,93.0,0,0
4.67,8.571428571428571,96.75898145970595,92,24,0,0,500.92,96.0,0,0
4.67,8.571428571428571,96.78027001068332,92,24,0,0,515.23,99.0,0,0
4.68,8.571428571428571,96.79059900608476,92,24,0,0,520,100.0,0,0
4.68,8.571428571428571,96.77442174417756,92,24,0,0,505.69,97.0,0,0
4.68,8.571428571428571,96.74498378380464,92,24,0,0,491.38,94.0,0,0
4.68,8.571428571428571,96.72712362134686,92,24,0,0,477.07,91.0,0,0
4.68,8.571428571428571,96.70818266764134,92,24,0,0,462.76,88.0,0,0
4.68,8.571428571428571,96.6772488443,92,24,0,0,448.45,85.0,0,0
4.68,8.571428571428571,96.66522677026438,92,24,0,0,434.14,82.0,0,0
4.68,8.571428571428571,96.65627010568086,92,24,0,0,419.83,79.0,0,0
4.68,8.571428571428571,96.63673889522869,92,24,0,0,405.52,76.0,0,0
4.68,8.571428571428571,96.62007740259745,92,24,0,0,391.21,73.0,0,0
4.70,8.571428571428571,96.6065285985518,92,24,0,0,376.9,70.0,0,0
4.70,8.571428571428571,96.59707475979366,92,24,0,0,362.59000000000003,67.0,0,0
4.70,8.571428571428571,96.58907215214536,92,24,0,0,348.28,63.99999999999999,0,0
4.70,8.571428571428571,96.56650092752608,92,24,0,0,333.96999999999997,60.99999999999999,0,0
4.70,8.571428571428571,96.56378450384413,92,24,0,0,319.65999999999997,57.99999999999999,0,0
4.70,8.571428571428571,96.54637824394376,92,24,0,0,305.34999999999997,54.99999999999999,0,0
4.70,8.571428571428571,96.528637362058,92,24,0,0,291.03999999999996,51.99999999999999,0,0
4.70,8.571428571428571,96.51684973650178,92,24,0,0,276.7299999999999,48.99999999999998,0,0
4.70,8.571428571428571,96.49927982424656,92,24,0,0,262.4199999999999,45.99999999999997,0,0
4.70,8.571428571428571,96.48326838083166,92,24,0,0,248.10999999999984,42.99999999999997,0,0
4.72,8.571428571428571,96.46006669123213,92,24,0,0,233.79999999999984,39.99999999999997,0,0
4.72,8.571428571428571,96.44879675685593,92,24,0,0,219.48999999999984,36.999999999999964,0,0
4.72,8.571428571428571,96.43342303341717,92,24,0,0,205.1799999999999,33.99999999999997,0,0
4.72,8.571428571428571,96.41756180119563,92,24,0,0,190.8699999999999,30.99999999999997,0,0
4.72,8.571428571428571,96.40085192444046,92,24,0,0,176.55999999999983,27.99999999999997,0,0
4.72,8.571428571428571,96.37920831593127,92,24,0,0,162.24999999999983,24.99999999999997,0,0
4.72,8.571428571428571,96.35792709588871,93,24,0,0,147.93999999999988,21.99999999999997,0,0
4.72,8.571428571428571,96.35116456792984,93,24,0,0,133.62999999999988,18.99999999999997,0,0
4.72,8.571428571428571,96.32491127854487,94,24,0,0,119.31999999999988,15.999999999999972,0,0
4.72,8.571428571428571,96.31908563529556,94,24,0,0,105.00999999999982,12.999999999999972,0,0
4.73,8.571428571428571,96.29654517523184,95,24,0,0,90.69999999999987,9.999999999999972,0,0
4.73,8.571428571428571,96.28704612281713,95,24,0,0,76.38999999999987,6.999999999999972,0,0
4.73,8.571428571428571,96.28186223766609,95,24,0,0,62.07999999999987,3.9999999999999716,0,0
4.73,8.571428571428571,96.26759285439209,95,24,0,0,47.76999999999987,0.9999999999999716,0,0
4.73,8.571428571428571,96.24217405061557,95,24,0,0,43,0.0,0,0
4.73,8.571428571428571,96.24732446661744,95,24,0,0,57.31,3.0,0,0
4.73,8.571428571428571,96.24735508923038,95,24,0,0,71.62,6.0,0,0
4.73,8.571428571428571,96.25438480680367,96,24,0,0,85.93,9.0,0,0
4.73,8.571428571428571,96.26961063784566,96,24,0,0,100.24000000000001,12.0,0,0
4.73,8.571428571428571,96.27834711439371,96,24,0,0,114.55000000000001,15.0,0,0
4.75,8.571428571428571,96.28140030775538,96,24,0,0,128.86,18.0,0,0
4.75,8.571428571428571,96.29835583076793,96,24,0,0,143.16999999999996,21.0,0,0
4.75,8.571428571428571,96.3133204131531,96,24,0,0,157.48000000000002,24.0,0,0
4.75,8.571428571428571,96.31783613424176,96,24,0,0,171.79000000000002,27.0,0,0
4.75,8.571428571428571,96.33384731226144,96,24,0,0,186.10000000000002,30.0,0,0
4.75,8.571428571428571,96.32534910766545,96,24,0,0,200.40999999999997,33.0,0,0
4.75,8.571428571428571,96.32670002139884,96,24,0,0,214.71999999999997,36.0,0,0
4.75,8.571428571428571,96.32820969967682,96,24,0,0,229.03000000000003,39.0,0,0
4.75,8.571428571428571,96.32932757658288,96,24,0,0,243.34000000000003,42.00000000000001,0,0
4.75,8.571428571428571,96.34226382457489,97,24,0,0,257.65000000000003,45.00000000000001,0,0
4.77,8.571428571428571,96.36360134531904,97,24,0,0,271.96000000000004,48.00000000000001,0,0
4.77,8.571428571428571,96.38006778294394,97,24,0,0,286.27000000000004,51.00000000000001,0,0
4.77,8.571428571428571,96.40915766923875,97,24,0,0,300.58000000000004,54.00000000000001,0,0
4.77,8.571428571428571,96.44768525477936,98,24,0,0,314.89000000000004,57.000000000000014,0,0
4.77,8.571428571428571,96.46713109035072,98,24,0,0,329.20000000000005,60.00000000000001,0,0
4.77,8.571428571428571,96.50340242856684,98,24,0,0,343.51,63.0,0,0
4.77,8.571428571428571,96.52056548658203,98,24,0,0,357.82,66.0,0,0
4.77,8.571428571428571,96.53811779122489,98,24,0,0,372.13,69.0,0,0
4.77,8.571428571428571,96.56057972164167,98,24,0,0,386.44,72.0,0,0
4.77,8.571428571428571,96.59061515896653,98,24,0,0,400.75,75.0,0,0
4.78,8.571428571428571,96.60307576551007,98,24,0,0,415.06,78.0,0,0
4.78,8.571428571428571,96.63511943241902,98,24,0,0,429.37,81.0,0,0
4.78,8.571428571428571,96.66220675907984,98,24,0,0,443.68,84.0,0,0
4.78,8.571428571428571,96.6856716715649,98,24,0,0,457.99,87.0,0,0
4.78,8.571428571428571,96.71483890178875,98,24,0,0,472.3,90.0,0,0
4.78,8.571428571428571,96.74031546106532,98,24,0,0,486.61,93.0,0,0
4.78,8.571428571428571,96.76710428408124,98,24,0,0,500.92,96.0,0,0
4.78,8.571428571428571,96.80419961323116,98,24,0,0,515.23,99.0,0,0
4.78,8.571428571428571,96.81785917048192,98,24,0,0,520,100.0,0,0
4.78,8.571428571428571,96.81429374958769,98,24,0,0,505.69,97.0,0,0
4.80,8.571428571428571,96.80208299517803,98,24,0,0,491.38,94.0,0,0
4.80,8.571428571428571,96.7892913662537,98,24,0,0,477.07,91.0,0,0
4.80,8.571428571428571,96.77748369639899,98,24,0,0,462.76,88.0,0,0
4.80,8.571428571428571,96.75399844290993,98,24,0,0,448.45,85.0,0,0
4.80,8.571428571428571,96.73160279667621,98,24,0,0,434.14,82.0,0,0
4.80,8.571428571428571,96.72180733037337,98,24,0,0,419.83,79.0,0,0
4.80,8.571428571428571,96.70986099155802,98,24,0,0,405.52,76.0,0,0
4.80,8.571428571428571,96.6918656150371,98,24,0,0,391.21,73.0,0,0
4.80,8.571428571428571,96.67958407423943,98,24,0,0,376.9,70.0,0,0
4.80,8.571428571428571,96.6706290776289,98,24,0,0,362.59000000000003,67.0,0,0
4.82,8.571428571428571,96.66006069555414,98,24,0,0,348.28,63.99999999999999,0,0
4.82,8.571428571428571,96.64693206971396,98,24,0,0,333.96999999999997,60.99999999999999,0,0
4.82,8.571428571428571,96.63721433724926,98,24,0,0,319.65999999999997,57.99999999999999,0,0
4.82,8.571428571428571,96.61045727918535,98,24,0,0,305.34999999999997,54.99999999999999,0,0
4.82,8.571428571428571,96.59225115402674,98,24,0,0,291.03999999999996,51.99999999999999,0,0
4.82,8.571428571428571,96.57242450428201,98,24,0,0,276.7299999999999,48.99999999999998,0,0
4.82,8.571428571428571,96.56332942574589,98,24,0,0,262.4199999999999,45.99999999999997,0,0
4.82,8.571428571428571,96.55763625204038,98,24,0,0,248.10999999999984,42.99999999999997,0,0
4.82,8.571428571428571,96.53860755768015,98,24,0,0,233.79999999999984,39.99999999999997,0,0
4.82,8.571428571428571,96.52960936389644,98,24,0,0,219.48999999999984,36.999999999999964,0,0
4.83,8.571428571428571,96.51771198301027,98,24,0,0,205.1799999999999,33.99999999999997,0,0
4.83,8.571428571428571,96.50090846690985,98,24,0,0,190.8699999999999,30.99999999999997,0,0
4.83,8.571428571428571,96.48614569334767,98,24,0,0,176.55999999999983,27.99999999999997,0,0
4.83,8.571428571428571,96.47524494739652,98,24,0,0,162.24999999999983,24.99999999999997,0,0
4.83,8.571428571428571,96.45864880387174,99,24,0,0,147.93999999999988,21.99999999999997,0,0
4.83,8.571428571428571,96.45164545896058,99,24,0,0,133.62999999999988,18.99999999999997,0,0
4.83,8.571428571428571,96.43956562765769,99,24,0,0,119.31999999999988,15.999999999999972,0,0
4.83,8.571428571428571,96.4328359883742,99,24,0,0,105.00999999999982,12.999999999999972,0,0
4.83,8.571428571428571,96.4243062921447,99,24,0,0,90.69999999999987,9.999999999999972,0,0
4.83,8.571428571428571,96.4109903174414,100,24,0,0,76.38999999999987,6.999999999999972,0,0
4.85,8.571428571428571,96.3895542636134,100,24,0,0,62.07999999999987,3.9999999999999716,0,0
4.85,8.571428571428571,96.37383087916808,100,24,0,0,47.76999999999987,0.9999999999999716,0,0
4.85,8.571428571428571,96.3623568234902,100,24,0,0,43,0.0,0,0
4.85,8.571428571428571,96.36557328780533,100,24,0,0,57.31,3.0,0,0
4.85,8.571428571428571,96.37617971326189,100,24,0,0,71.62,6.0,0,0
4.85,8.571428571428571,96.38375731927296,100,24,0,0,85.93,9.0,0,0
4.85,8.571428571428571,96.39171404534163,100,24,0,0,100.24000000000001,12.0,0,0
4.85,8.571428571428571,96.4123893660363,100,24,0,0,114.55000000000001,15.0,0,0
4.85,8.571428571428571,96.43764374647495,100,24,0,0,128.86,18.0,0,0
4.85,8.571428571428571,96.44353871614486,100,24,0,0,143.16999999999996,21.0,0,0
4.87,8.571428571428571,96.45498615362993,100,24,0,0,157.48000000000002,24.0,0,0
4.87,8.571428571428571,96.46465676197273,100,24,0,0,171.79000000000002,27.0,0,0
4.87,8.571428571428571,96.46110666217041,100,24,0,0,186.10000000000002,30.0,0,0
4.87,8.571428571428571,96.47538573691294,100,24,0,0,200.40999999999997,33.0,0,0
4.87,8.571428571428571,96.47276780187192,100,24,0,0,214.71999999999997,36.0,0,0
4.87,8.571428571428571,96.46883014203706,100,24,0,0,229.03000000000003,39.0,0,0
4.87,8.571428571428571,96.48493525497155,100,24,0,0,243.34000000000003,42.00000000000001,0,0
4.87,8.571428571428571,96.49564378384599,100,24,0,0,257.65000000000003,45.00000000000001,0,0
4.87,8.571428571428571,96.50878406727871,100,24,0,0,271.96000000000004,48.00000000000001,0,0
4.87,8.571428571428571,96.550512663837,100,24,0,0,286.27000000000004,51.00000000000001,0,0
4.88,8.571428571428571,96.57987638547752,100,24,0,0,300.58000000000004,54.00000000000001,0,0
4.88,8.571428571428571,96.61493746508914,100,24,0,0,314.89000000000004,57.000000000000014,0,0
4.88,8.571428571428571,96.64522898333374,100,24,0,0,329.20000000000005,60.00000000000001,0,0
4.88,8.571428571428571,96.67328713145206,100,24,0,0,343.51,63.0,0,0
4.88,8.571428571428571,96.68227186800297,100,24,0,0,357.82,66.0,0,0
4.88,8.571428571428571,96.71822718303709,100,24,0,0,372.13,69.0,0,0
4.88,8.571428571428571,96.72752740060902,100,24,0,0,386.44,72.0,0,0
4.88,8.571428571428571,96.74371909309117,100,24,0,0,400.75,75.0,0,0
4.88,8.571428571428571,96.76927308329704,100,24,0,0,415.06,78.0,0,0
4.88,8.571428571428571,96.78362556757936,100,24,0,0,429.37,81.0,0,0
4.90,8.571428571428571,96.8148764033159,100,24,0,0,443.68,84.0,0,0
4.90,8.571428571428571,96.82966733874845,101,24,0,0,457.99,87.0,0,0
4.90,8.571428571428571,96.84528568831615,101,24,0,0,472.3,90.0,0,0
4.90,8.571428571428571,96.86755379287767,101,24,0,0,486.61,93.0,0,0
4.90,8.571428571428571,96.88411463832128,101,24,0,0,500.92,96.0,0,0
4.90,8.571428571428571,96.89507199989471,101,24,0,0,515.23,99.0,0,0
4.90,8.571428571428571,96.93069059101603,101,24,0,0,520,100.0,0,0
4.90,8.571428571428571,96.91214642730075,101,24,0,0,505.69,97.0,0,0
4.90,8.571428571428571,96.89590694980642,101,24,0,0,491.38,94.0,0,0
4.90,8.571428571428571,96.88128699337136,101,24,0,0,477.07,91.0,0,0
4.92,8.571428571428571,96.86045731637212,101,24,0,0,462.76,88.0,0,0
4.92,8.571428571428571,96.85368066428842,101,24,0,0,448.45,85.0,0,0
4.92,8.571428571428571,96.82511148656091,101,24,0,0,434.14,82.0,0,0
4.92,8.571428571428571,96.81681644132976,101,24,0,0,419.83,79.0,0,0
4.92,8.571428571428571,96.79022815389662,101,24,0,0,405.52,76.0,0,0
4.92,8.571428571428571,96.78422530813529,101,24,0,0,391.21,73.0,0,0
4.92,8.571428571428571,96.77209874642207,101,24,0,0,376.9,70.0,0,0
4.92,8.571428571428571,96.75564508454258,101,24,0,0,362.59000000000003,67.0,0,0
4.92,8.571428571428571,96.74916679243346,101,24,0,0,348.28,63.99999999999999,0,0
4.92,8.571428571428571,96.7376789534866,101,24,0,0,333.96999999999997,60.99999999999999,0,0
4.93,8.571428571428571,96.72530588423284,101,24,0,0,319.65999999999997,57.99999999999999,0,0
4.93,8.571428571428571,96.72303253604603,101,24,0,0,305.34999999999997,54.99999999999999,0,0
4.93,8.571428571428571,96.69820936476364,101,24,0,0,291.03999999999996,51.99999999999999,0,0
4.93,8.571428571428571,96.6962660864294,101,24,0,0,276.7299999999999,48.99999999999998,0,0
4.93,8.571428571428571,96.67980197078144,101,24,0,0,262.4199999999999,45.99999999999997,0,0
4.93,8.571428571428571,96.65899885531941,101,24,0,0,248.10999999999984,42.99999999999997,0,0
4.93,8.571428571428571,96.64758824806538,101,24,0,0,233.79999999999984,39.99999999999997,0,0
4.93,8.571428571428571,96.64146293419891,101,24,0,0,219.48999999999984,36.999999999999964,0,0
4.93,8.571428571428571,96.63359356591602,101,24,0,0,205.1799999999999,33.99999999999997,0,0
4.93,8.571428571428571,96.6153136318239,101,24,0,0,190.8699999999999,30.99999999999997,0,0
4.95,8.571428571428571,96.59558203590262,101,24,0,0,176.55999999999983,27.99999999999997,0,0
4.95,8.571428571428571,96.59158313514106,101,24,0,0,162.24999999999983,24.99999999999997,0,0
4.95,8.571428571428571,96.58483926239501,101,24,0,0,147.93999999999988,21.99999999999997,0,0
4.95,8.571428571428571,96.56226375937217,101,24,0,0,133.62999999999988,18.99999999999997,0,0
4.95,8.571428571428571,96.55122057276904,101,24,0,0,119.31999999999988,15.999999999999972,0,0
4.95,8.571428571428571,96.53816945928938,101,24,0,0,105.00999999999982,12.999999999999972,0,0
4.95,8.571428571428571,96.52586130533355,101,24,0,0,90.69999999999987,9.999999999999972,0,0
4.95,8.571428571428571,96.5200558105161,101,24,0,0,76.38999999999987,6.999999999999972,0,0
4.95,8.571428571428571,96.5129487013935,101,24,0,0,62.07999999999987,3.9999999999999716,0,0
4.95,8.571428571428571,96.51103658360944,101,24,0,0,47.76999999999987,0.9999999999999716,0,0
4.97,8.571428571428571,96.50719256172444,101,24,0,0,43,0.0,0,0
4.97,8.571428571428571,96.50730285210547,101,24,0,0,57.31,3.0,0,0
4.97,8.571428571428571,96.50793120046204,101,24,0,0,71.62,6.0,0,0
4.97,8.571428571428571,96.5192854726889,101,24,0,0,85.93,9.0,0,0
4.97,8.571428571428571,96.52043383047504,101,24,0,0,100.24000000000001,12.0,0,0
4.97,8.571428571428571,96.53503656651328,101,24,0,0,114.55000000000001,15.0,0,0
4.97,8.571428571428571,96.53809937753886,101,24,0,0,128.86,18.0,0,0
4.97,8.571428571428571,96.52922770448492,101,24,0,0,143.16999999999996,21.0,0,0
4.97,8.571428571428571,96.53012165237703,101,24,0,0,157.48000000000002,24.0,0,0
4.97,8.571428571428571,96.53565304050454,101,24,0,0,171.79000000000002,27.0,0,0
4.98,8.571428571428571,96.55604874803575,101,24,0,0,186.10000000000002,30.0,0,0
4.98,8.571428571428571,96.56271260293992,101,24,0,0,200.40999999999997,33.0,0,0
4.98,8.571428571428571,96.56679891022253,101,24,0,0,214.71999999999997,36.0,0,0
4.98,8.571428571428571,96.58346219565458,101,24,0,0,229.03000000000003,39.0,0,0
4.98,8.571428571428571,96.60619285119164,101,24,0,0,243.34000000000003,42.00000000000001,0,0
4.98,8.571428571428571,96.62096312086983,101,24,0,0,257.65000000000003,45.00000000000001,0,0
4.98,8.571428571428571,96.63866693507178,101,24,0,0,271.96000000000004,48.00000000000001,0,0
4.98,8.571428571428571,96.64290127546155,101,24,0,0,286.27000000000004,51.00000000000001,0,0
4.98,8.571428571428571,96.66767195953831,101,24,0,0,300.58000000000004,54.00000000000001,0,0
4.98,8.571428571428571,96.6989050511853,101,24,0,0,314.89000000000004,57.000000000000014,0,0
5.00,8.571428571428571,96.72179151289552,101,24,0,0,329.20000000000005,60.00000000000001,0,0
5.00,8.571428571428571,96.74740089616076,101,24,0,0,343.51,63.0,0,0
5.00,8.571428571428571,96.77332855344325,101,24,0,0,357.82,66.0,0,0
5.00,8.571428571428571,96.79831315436344,101,24,0,0,372.13,69.0,0,0
5.00,8.571428571428571,96.8186555608091,101,24,0,0,386.44,72.0,0,0
5.00,8.571428571428571,96.84075078009836,101,24,0,0,400.75,75.0,0,0
5.00,8.571428571428571,96.85983816760097,101,24,0,0,415.06,78.0,0,0
5.00,8.571428571428571,96.89877320034851,101,24,0,0,429.37,81.0,0,0
5.00,8.571428571428571,96.94107355351987,101,24,0,0,443.68,84.0,0,0
5.00,8.571428571428571,96.97013526952563,101,24,0,0,457.99,87.0,0,0
5.02,8.571428571428571,96.98525116302768,101,24,0,0,472.3,90.0,0,0
5.02,8.571428571428571,97.0185086272553,101,24,0,0,486.61,93.0,0,0
5.02,8.571428571428571,97.04015238015089,101,24,0,0,500.92,96.0,0,0
5.02,8.571428571428571,97.07804776783688,101,24,0,0,515.23,99.0,0,0
5.02,8.571428571428571,97.09129406385277,101,24,0,0,520,100.0,0,0
5.02,8.571428571428571,97.07419980965565,101,24,0,0,505.69,97.0,0,0
5.02,8.571428571428571,97.06906654090325,101,24,0,0,491.38,94.0,0,0
5.02,8.571428571428571,97.06547097538764,101,24,0,0,477.07,91.0,0,0
5.02,8.571428571428571,97.05783215135833,101,24,0,0,462.76,88.0,0,0
5.02,8.571428571428571,97.05482155450899,101,24,0,0,448.45,85.0,0,0
5.03,8.571428571428571,97.0343632231224,101,24,0,0,434.14,82.0,0,0
5.03,8.571428571428571,97.02108174231834,101,24,0,0,419.83,79.0,0,0
5.03,8.571428571428571,97.00018171977091,101,24,0,0,405.52,76.0,0,0
5.03,8.571428571428571,96.97886600876285,101,24,0,0,391.21,73.0,0,0
5.03,8.571428571428571,96.95146415990027,101,24,0,0,376.9,70.0,0,0
5.03,8.571428571428571,96.9220524536256,101,25,0,0,362.59000000000003,67.0,0,0
5.03,8.571428571428571,96.91609873194179,101,25,0,0,348.28,63.99999999999999,0,0
5.03,8.571428571428571,96.90214684378888,101,25,0,0,333.96999999999997,60.99999999999999,0,0
5.03,8.571428571428571,96.87748670063748,101,25,0,0,319.65999999999997,57.99999999999999,0,0
5.03,8.571428571428571,96.85615840847582,101,26,0,0,305.34999999999997,54.99999999999999,0,0
5.05,8.571428571428571,96.8524411981932,101,26,0,0,291.03999999999996,51.99999999999999,0,0
5.05,8.571428571428571,96.83779956524357,101,26,0,0,276.7299999999999,48.99999999999998,0,0
5.05,8.571428571428571,96.81626604034317,101,26,0,0,262.4199999999999,45.99999999999997,0,0
5.05,8.571428571428571,96.80141545446409,101,26,0,0,248.10999999999984,42.99999999999997,0,0
5.05,8.571428571428571,96.78206046908863,101,26,0,0,233.79999999999984,39.99999999999997,0,0
5.05,8.571428571428571,96.77265058926754,101,26,0,0,219.48999999999984,36.999999999999964,0,0
5.05,8.571428571428571,96.74450352198113,101,26,0,0,205.1799999999999,33.99999999999997,0,0
5.05,8.571428571428571,96.7305006972148,101,26,0,0,190.8699999999999,30.99999999999997,0,0
5.05,8.571428571428571,96.71597149662907,101,26,0,0,176.55999999999983,27.99999999999997,0,0
5.05,8.571428571428571,96.70328980235067,101,26,0,0,162.24999999999983,24.99999999999997,0,0
5.07,8.571428571428571,96.69685603528656,101,26,0,0,147.93999999999988,21.99999999999997,0,0
5.07,8.571428571428571,96.67701603375363,101,26,0,0,133.62999999999988,18.99999999999997,0,0
5.07,8.571428571428571,96.6675935300089,101,26,0,0,119.31999999999988,15.999999999999972,0,0
5.07,8.571428571428571,96.64704373227276,101,26,0,0,105.00999999999982,12.999999999999972,0,0
5.07,8.571428571428571,96.63820819660197,101,26,0,0,90.69999999999987,9.999999999999972,0,0
5.07,8.571428571428571,96.61466799693275,101,26,0,0,76.38999999999987,6.999999999999972,0,0
5.07,8.571428571428571,96.61335808755086,101,26,0,0,62.07999999999987,3.9999999999999716,0,0
5.07,8.571428571428571,96.59555210425637,101,27,0,0,47.76999999999987,0.9999999999999716,0,0
5.07,8.571428571428571,96.58688962902816,101,27,0,0,43,0.0,0,0
5.07,8.571428571428571,96.59112379660449,101,27,0,0,57.31,3.0,0,0
5.08,8.571428571428571,96.60815562876621,101,27,0,0,71.62,6.0,0,0
5.08,8.571428571428571,96.60858919783588,101,27,0,0,85.93,9.0,0,0
5.08,8.571428571428571,96.61167847479544,101,27,0,0,100.24000000000001,12.0,0,0
5.08,8.571428571428571,96.62279023971104,101,27,0,0,114.55000000000001,15.0,0,0
5.08,8.571428571428571,96.62394452016386,101,28,0,0,128.86,18.0,0,0
5.08,8.571428571428571,96.63429240629483,101,28,0,0,143.16999999999996,21.0,0,0
5.08,8.571428571428571,96.65137880999143,101,28,0,0,157.48000000000002,24.0,0,0
5.08,8.571428571428571,96.66663690848529,101,28,0,0,171.79000000000002,27.0,0,0
5.08,8.571428571428571,96.66823331178034,101,28,0,0,186.10000000000002,30.0,0,0
5.08,8.571428571428571,96.66981573168984,101,28,0,0,200.40999999999997,33.0,0,0
5.10,8.571428571428571,96.66805638933471,101,28,0,0,214.71999999999997,36.0,0,0
5.10,8.571428571428571,96.67783343851988,101,28,0,0,229.03000000000003,39.0,0,0
5.10,8.571428571428571,96.67829976611765,101,28,0,0,243.34000000000003,42.00000000000001,0,0
5.10,8.571428571428571,96.69063551148976,101,28,0,0,257.65000000000003,45.00000000000001,0,0
5.10,8.571428571428571,96.70208618886862,101,28,0,0,271.96000000000004,48.00000000000001,0,0
5.10,8.571428571428571,96.729227025628,101,28,0,0,286.27000000000004,51.00000000000001,0,0
5.10,8.571428571428571,96.74748282015098,101,28,0,0,300.58000000000004,54.00000000000001,0,0
5.10,8.571428571428571,96.77768682867898,101,28,0,0,314.89000000000004,57.000000000000014,0,0
5.10,8.571428571428571,96.80930788790255,101,28,0,0,329.20000000000005,60.00000000000001,0,0
5.10,8.571428571428571,96.83528468719551,101,28,0,0,343.51,63.0,0,0
5.12,8.571428571428571,96.86187380369171,101,28,0,0,357.82,66.0,0,0
5.12,8.571428571428571,96.88828468694132,101,28,0,0,372.13,69.0,0,0
5.12,8.571428571428571,96.92238617003254,101,28,0,0,386.44,72.0,0,0
5.12,8.571428571428571,96.94069367112903,101,28,0,0,400.75,75.0,0,0
5.12,8.571428571428571,96.96491466629209,101,28,0,0,415.06,78.0,0,0
5.12,8.571428571428571,97.00019897794398,101,28,0,0,429.37,81.0,0,0
5.12,8.571428571428571,97.03620019437854,101,28,0,0,443.68,84.0,0,0
5.12,8.571428571428571,97.06045642971635,101,28,0,0,457.99,87.0,0,0
5.12,8.571428571428571,97.08460293602005,101,28,0,0,472.3,90.0,0,0
5.12,8.571428571428571,97.10923490939194,101,28,0,0,486.61,93.0,0,0
5.13,8.571428571428571,97.14112620595522,101,28,0,0,500.92,96.0,0,0
5.13,8.571428571428571,97.16738958817984,101,28,0,0,515.23,99.0,0,0
5.13,8.571428571428571,97.20164254390183,101,28,0,0,520,100.0,0,0
5.13,8.571428571428571,97.1956470391859,101,28,0,0,505.69,97.0,0,0
5.13,8.571428571428571,97.16824048393981,101,28,0,0,491.38,94.0,0,0
5.13,8.571428571428571,97.15347937317802,101,28,0,0,477.07,91.0,0,0
5.13,8.571428571428571,97.13197612979677,101,28,0,0,462.76,88.0,0,0
5.13,8.571428571428571,97.11285614995609,101,28,0,0,448.45,85.0,0,0
5.13,8.571428571428571,97.0990827718738,101,28,0,0,434.14,82.0,0,0
5.13,8.571428571428571,97.07320090456105,101,28,0,0,419.83,79.0,0,0
5.15,8.571428571428571,97.045857381577,101,28,0,0,405.52,76.0,0,0
5.15,8.571428571428571,97.04412879456757,101,28,0,0,391.21,73.0,0,0
5.15,8.571428571428571,97.01910158314615,101,28,0,0,376.9,70.0,0,0
5.15,8.571428571428571,96.99239850064424,101,28,0,0,362.59000000000003,67.0,0,0
5.15,8.571428571428571,96.9776379102,101,28,0,0,348.28,63.99999999999999,0,0
5.15,8.571428571428571,96.96949391961525,102,28,0,0,333.96999999999997,60.99999999999999,0,0
5.15,8.571428571428571,96.96270955866292,103,28,0,0,319.65999999999997,57.99999999999999,0,0
5.15,8.571428571428571,96.95942677311372,103,28,0,0,305.34999999999997,54.99999999999999,0,0
5.15,8.571428571428571,96.95656374094273,103,28,0,0,291.03999999999996,51.99999999999999,0,0
5.15,8.571428571428571,96.94230564516377,103,28,0,0,276.7299999999999,48.99999999999998,0,0
5.17,8.571428571428571,96.9234336063182,103,28,0,0,262.4199999999999,45.99999999999997,0,0
5.17,8.571428571428571,96.9123770723549,103,28,0,0,248.10999999999984,42.99999999999997,0,0
5.17,8.571428571428571,96.91262731434325,103,28,0,0,233.79999999999984,39.99999999999997,0,0
5.17,8.571428571428571,96.90238996619445,103,28,0,0,219.48999999999984,36.999999999999964,0,0
5.17,8.571428571428571,96.88996534382673,103,28,0,0,205.1799999999999,33.99999999999997,0,0
5.17,8.571428571428571,96.87350219759853,103,28,0,0,190.8699999999999,30.99999999999997,0,0
5.17,8.571428571428571,96.86426436990388,103,28,0,0,176.55999999999983,27.99999999999997,0,0
5.17,8.571428571428571,96.84611650909793,103,28,0,0,162.24999999999983,24.99999999999997,0,0
5.17,8.571428571428571,96.83346286877428,103,28,0,0,147.93999999999988,21.99999999999997,0,0
5.17,8.571428571428571,96.82740098889806,103,28,0,0,133.62999999999988,18.99999999999997,0,0
5.18,8.571428571428571,96.81239704762756,103,28,0,0,119.31999999999988,15.999999999999972,0,0
5.18,8.571428571428571,96.78979253993397,103,28,0,0,105.00999999999982,12.999999999999972,0,0
5.18,8.571428571428571,96.78402553695847,103,28,0,0,90.69999999999987,9.999999999999972,0,0
5.18,8.571428571428571,96.76771083185422,103,28,0,0,76.38999999999987,6.999999999999972,0,0
5.18,8.571428571428571,96.74199620308718,103,28,0,0,62.07999999999987,3.9999999999999716,0,0
5.18,8.571428571428571,96.72177258257652,103,28,0,0,47.76999999999987,0.9999999999999716,0,0
5.18,8.571428571428571,96.70599545100772,103,28,0,0,43,0.0,0,0
5.18,8.571428571428571,96.71670740372127,103,28,0,0,57.31,3.0,0,0
5.18,8.571428571428571,96.71129711009527,104,28,0,0,71.62,6.0,0,0
5.18,8.571428571428571,96.71882984891654,104,28,0,0,85.93,9.0,0,0
5.20,8.571428571428571,96.72711181586072,104,28,0,0,100.24000000000001,12.0,0,0
5.20,8.571428571428571,96.74318889045267,104,28,0,0,114.55000000000001,15.0,0,0
5.20,8.571428571428571,96.73894805283186,104,28,0,0,128.86,18.0,0,0
5.20,8.571428571428571,96.73645850740104,104,28,0,0,143.16999999999996,21.0,0,0
5.20,8.571428571428571,96.74414604276159,104,28,0,0,157.48000000000002,24.0,0,0
5.20,8.571428571428571,96.75308364686622,104,28,0,0,171.79000000000002,27.0,0,0
5.20,8.571428571428571,96.76681496582466,104,28,0,0,186.10000000000002,30.0,0,0
5.20,8.571428571428571,96.78005909379647,104,28,0,0,200.40999999999997,33.0,0,0
5.20,8.571428571428571,96.77856861611521,104,28,0,0,214.71999999999997,36.0,0,0
5.20,8.571428571428571,96.78216727574969,104,28,0,0,229.03000000000003,39.0,0,0
5.22,8.571428571428571,96.7866942432785,104,28,0,0,243.34000000000003,42.00000000000001,0,0
5.22,8.571428571428571,96.79713123174524,104,28,0,0,257.65000000000003,45.00000000000001,0,0
5.22,8.571428571428571,96.78870717787247,104,28,0,0,271.96000000000004,48.00000000000001,0,0
5.22,8.571428571428571,96.80105888477244,104,28,0,0,286.27000000000004,51.00000000000001,0,0
5.22,8.571428571428571,96.82909461434261,105,28,0,0,300.58000000000004,54.00000000000001,0,0
5.22,8.571428571428571,96.84997248093889,105,28,0,0,314.89000000000004,57.000000000000014,0,0
5.22,8.571428571428571,96.85426165417314,105,28,0,0,329.20000000000005,60.00000000000001,0,0
5.22,8.571428571428571,96.89179644588891,105,28,0,0,343.51,63.0,0,0
5.22,8.571428571428571,96.93130285304592,105,28,0,0,357.82,66.0,0,0
5.22,8.571428571428571,96.94497619087599,105,28,0,0,372.13,69.0,0,0
5.23,8.571428571428571,96.96208603516797,105,28,0,0,386.44,72.0,0,0
5.23,8.571428571428571,96.99242185818579,105,28,0,0,400.75,75.0,0,0
5.23,8.571428571428571,97.02470325274184,105,28,0,0,415.06,78.0,0,0
5.23,8.571428571428571,97.04190185847186,105,28,0,0,429.37,81.0,0,0
5.23,8.571428571428571,97.05646699653528,105,28,0,0,443.68,84.0,0,0
5.23,8.571428571428571,97.09188675436421,105,28,0,0,457.99,87.0,0,0
5.23,8.571428571428571,97.10424706454644,105,28,0,0,472.3,90.0,0,0
5.23,8.571428571428571,97.11673366802866,105,28,0,0,486.61,93.0,0,0
5.23,8.571428571428571,97.13012796295565,105,28,0,0,500.92,96.0,0,0
5.23,8.571428571428571,97.15144182319094,105,28,0,0,515.23,99.0,0,0
5.25,8.571428571428571,97.16993579603506,105,28,0,0,520,100.0,0,0
5.25,8.571428571428571,97.15699185662878,105,28,0,0,505.69,97.0,0,0
5.25,8.571428571428571,97.14683193559031,105,29,0,0,491.38,94.0,0,0
5.25,8.571428571428571,97.12887489455919,105,29,0,0,477.07,91.0,0,0
5.25,8.571428571428571,97.10896340291912,105,29,0,0,462.76,88.0,0,0
5.25,8.571428571428571,97.09455256333358,105,29,0,0,448.45,85.0,0,0
5.25,8.571428571428571,97.08025555581638,105,29,0,0,434.14,82.0,0,0
5.25,8.571428571428571,97.0716923037868,105,29,0,0,419.83,79.0,0,0
5.25,8.571428571428571,97.062091350789,106,29,0,0,405.52,76.0,0,0
5.25,8.571428571428571,97.04095275775127,106,29,0,0,391.21,73.0,0,0
5.27,8.571428571428571,97.03108531885293,106,29,0,0,376.9,70.0,0,0
5.27,8.571428571428571,97.02312164438443,106,29,0,0,362.59000000000003,67.0,0,0
5.27,8.571428571428571,97.00457869531868,106,29,0,0,348.28,63.99999999999999,0,0
5.27,8.571428571428571,96.99441615337997,106,29,0,0,333.96999999999997,60.99999999999999,0,0
5.27,8.571428571428571,96.98461267984665,106,29,0,0,319.65999999999997,57.99999999999999,0,0
5.27,8.571428571428571,96.97682361513947,106,29,0,0,305.34999999999997,54.99999999999999,0,0
5.27,8.571428571428571,96.96765549157054,106,29,0,0,291.03999999999996,51.99999999999999,0,0
5.27,8.571428571428571,96.95556170729047,106,29,0,0,276.7299999999999,48.99999999999998,0,0
5.27,8.571428571428571,96.94880876558065,106,29,0,0,262.4199999999999,45.99999999999997,0,0
5.27,8.571428571428571,96.93241784838102,106,29,0,0,248.10999999999984,42.99999999999997,0,0
5.28,8.571428571428571,96.92864176251216,106,29,0,0,233.79999999999984,39.99999999999997,0,0
5.28,8.571428571428571,96.91450488470359,106,29,0,0,219.48999999999984,36.999999999999964,0,0
5.28,8.571428571428571,96.90299540369276,106,29,0,0,205.1799999999999,33.99999999999997,0,0
5.28,8.571428571428571,96.90098603863937,106,29,0,0,190.8699999999999,30.99999999999997,0,0
5.28,8.571428571428571,96.88139159747794,106,29,0,0,176.55999999999983,27.99999999999997,0,0
5.28,8.571428571428571,96.86768903456715,106,29,0,0,162.24999999999983,24.99999999999997,0,0
5.28,8.571428571428571,96.86072883475015,106,29,0,0,147.93999999999988,21.99999999999997,0,0
5.28,8.571428571428571,96.84920453024884,106,29,0,0,133.62999999999988,18.99999999999997,0,0
5.30,8.571428571428571,96.84136886071829,106,29,0,0,119.31999999999988,15.999999999999972,0,0
5.30,8.571428571428571,96.81675452822972,106,29,0,0,105.00999999999982,12.999999999999972,0,0
5.30,8.571428571428571,96.79921579694118,106,29,0,0,90.69999999999987,9.999999999999972,0,0
5.30,8.571428571428571,96.7828380224247,106,29,0,0,76.38999999999987,6.999999999999972,0,0
5.30,8.571428571428571,96.77110038818871,106,29,0,0,62.07999999999987,3.9999999999999716,0,0
5.30,8.571428571428571,96.76525825268246,106,29,0,0,47.76999999999987,0.9999999999999716,0,0
5.30,8.571428571428571,96.74834860249821,106,29,0,0,43,0.0,0,0
5.30,8.571428571428571,96.74530127639602,106,29,0,0,57.31,3.0,0,0
5.30,8.571428571428571,96.76478490848717,106,29,0,0,71.62,6.0,0,0
5.30,8.571428571428571,96.77281636611137,106,29,0,0,85.93,9.0,0,0
5.32,8.571428571428571,96.78445681705426,106,29,0,0,100.24000000000001,12.0,0,0
5.32,8.571428571428571,96.78869546713321,106,29,0,0,114.55000000000001,15.0,0,0
5.32,8.571428571428571,96.79215191249217,106,29,0,0,128.86,18.0,0,0
5.32,8.571428571428571,96.7840228156861,106,29,0,0,143.16999999999996,21.0,0,0
5.32,8.571428571428571,96.78622012406568,106,29,0,0,157.48000000000002,24.0,0,0
5.32,8.571428571428571,96.77856849230791,106,29,0,0,171.79000000000002,27.0,0,0
5.32,8.571428571428571,96.78229469482592,106,29,0,0,186.10000000000002,30.0,0,0
5.32,8.571428571428571,96.77388387369682,106,29,0,0,200.40999999999997,33.0,0,0
5.32,8.571428571428571,96.78124647344202,106,29,0,0,214.71999999999997,36.0,0,0
5.32,8.571428571428571,96.7812959004107,106,29,0,0,229.03000000000003,39.0,0,0
5.33,8.571428571428571,96.80085384469135,106,29,0,0,243.34000000000003,42.00000000000001,0,0
5.33,8.571428571428571,96.80522987880596,106,29,0,0,257.65000000000003,45.00000000000001,0,0
5.33,8.571428571428571,96.81178991505226,106,29,0,0,271.96000000000004,48.00000000000001,0,0
5.33,8.571428571428571,96.84209010976377,106,29,0,0,286.27000000000004,51.00000000000001,0,0
5.33,8.571428571428571,96.85688982436488,106,29,0,0,300.58000000000004,54.00000000000001,0,0
5.33,8.571428571428571,96.8776084367338,106,29,0,0,314.89000000000004,57.000000000000014,0,0
5.33,8.571428571428571,96.90016074942926,106,29,0,0,329.20000000000005,60.00000000000001,0,0
5.33,8.571428571428571,96.91045552954184,106,29,0,0,343.51,63.0,0,0
5.33,8.571428571428571,96.91904534137777,106,29,0,0,357.82,66.0,0,0
5.33,8.571428571428571,96.94753973955315,106,29,0,0,372.13,69.0,0,0
5.35,8.571428571428571,96.98020339523708,106,29,0,0,386.44,72.0,0,0
5.35,8.571428571428571,97.00101472810847,106,29,0,0,400.75,75.0,0,0
5.35,8.571428571428571,97.01385678243646,106,29,0,0,415.06,78.0,0,0
5.35,8.571428571428571,97.02308939104608,106,29,0,0,429.37,81.0,0,0
5.35,8.571428571428571,97.03743666439284,106,29,0,0,443.68,84.0,0,0
5.35,8.571428571428571,97.05980161182903,106,29,0,0,457.99,87.0,0,0
5.35,8.571428571428571,97.07702064391228,106,29,0,0,472.3,90.0,0,0
5.35,8.571428571428571,97.0982659922315,106,29,0,0,486.61,93.0,0,0
5.35,8.571428571428571,97.11425114297845,106,29,0,0,500.92,96.0,0,0
5.35,8.571428571428571,97.122405368598,106,29,0,0,515.23,99.0,0,0
5.37,8.571428571428571,97.1466817547227,106,29,0,0,520,100.0,0,0
5.37,8.571428571428571,97.12928921351705,106,29,0,0,505.69,97.0,0,0
5.37,8.571428571428571,97.12749281465531,106,29,0,0,491.38,94.0,0,0
5.37,8.571428571428571,97.11086338173644,106,29,0,0,477.07,91.0,0,0
5.37,8.571428571428571,97.10585877481303,106,29,0,0,462.76,88.0,0,0
5.37,8.571428571428571,97.0845520305312,106,29,0,0,448.45,85.0,0,0
5.37,8.571428571428571,97.06422047997799,106,29,0,0,434.14,82.0,0,0
5.37,8.571428571428571,97.05035080513004,106,29,0,0,419.83,79.0,0,0
5.37,8.571428571428571,97.04374756946464,106,29,0,0,405.52,76.0,0,0
5.37,8.571428571428571,97.03365221919368,106,29,0,0,391.21,73.0,0,0
5.38,8.571428571428571,97.01599532185894,106,29,0,0,376.9,70.0,0,0
5.38,8.571428571428571,97.01425180165833,106,29,0,0,362.59000000000003,67.0,0,0
5.38,8.571428571428571,96.99424271526077,106,29,0,0,348.28,63.99999999999999,0,0
5.38,8.571428571428571,96.97948293227083,106,29,0,0,333.96999999999997,60.99999999999999,0,0
5.38,8.571428571428571,96.97420051999654,106,29,0,0,319.65999999999997,57.99999999999999,0,0
5.38,8.571428571428571,96.95780031786876,106,29,0,0,305.34999999999997,54.99999999999999,0,0
5.38,8.571428571428571,96.93309137898909,106,29,0,0,291.03999999999996,51.99999999999999,0,0
5.38,8.571428571428571,96.9125099572191,106,29,0,0,276.7299999999999,48.99999999999998,0,0
5.38,8.571428571428571,96.9003565162298,106,29,0,0,262.4199999999999,45.99999999999997,0,0
5.38,8.571428571428571,96.88331418267767,106,29,0,0,248.10999999999984,42.99999999999997,0,0
5.40,8.571428571428571,96.87269533019155,106,29,0,0,233.79999999999984,39.99999999999997,0,0
5.40,8.571428571428571,96.85507167719973,106,29,0,0,219.48999999999984,36.999999999999964,0,0
5.40,8.571428571428571,96.85119924052924,106,29,0,0,205.1799999999999,33.99999999999997,0,0
5.40,8.571428571428571,96.84216278758454,106,29,0,0,190.8699999999999,30.99999999999997,0,0
5.40,8.571428571428571,96.83312838661642,106,29,0,0,176.55999999999983,27.99999999999997,0,0
5.40,8.571428571428571,96.8150236030919,106,29,0,0,162.24999999999983,24.99999999999997,0,0
5.40,8.571428571428571,96.79694011105704,106,29,0,0,147.93999999999988,21.99999999999997,0,0
5.40,8.571428571428571,96.7908262733427,106,29,0,0,133.62999999999988,18.99999999999997,0,0
5.42,8.571428571428571,96.77781031189758,106,29,0,0,119.31999999999988,15.999999999999972,0,0
5.42,8.571428571428571,96.75461280811751,106,29,0,0,105.00999999999982,12.999999999999972,0,0
5.42,8.571428571428571,96.75233248386243,106,29,0,0,90.69999999999987,9.999999999999972,0,0
5.42,8.571428571428571,96.74169822910152,106,29,0,0,76.38999999999987,6.999999999999972,0,0
5.42,8.571428571428571,96.73277364323854,106,29,0,0,62.07999999999987,3.9999999999999716,0,0
5.42,8.571428571428571,96.71829473098748,106,29,0,0,47.76999999999987,0.9999999999999716,0,0
5.42,8.571428571428571,96.70577136459337,106,29,0,0,43,0.0,0,0
5.42,8.571428571428571,96.71482127403364,106,29,0,0,57.31,3.0,0,0
5.42,8.571428571428571,96.72260664541571,106,29,0,0,71.62,6.0,0,0
5.42,8.571428571428571,96.73629541476737,106,29,0,0,85.93,9.0,0,0
5.43,8.571428571428571,96.74572351517658,106,29,0,0,100.24000000000001,12.0,0,0
5.43,8.571428571428571,96.7547137304412,106,29,0,0,114.55000000000001,15.0,0,0
5.43,8.571428571428571,96.76353363349644,106,29,0,0,128.86,18.0,0,0
5.43,8.571428571428571,96.75912358758967,106,29,0,0,143.16999999999996,21.0,0,0
5.43,8.571428571428571,96.75762404315184,106,29,0,0,157.48000000000002,24.0,0,0
5.43,8.571428571428571,96.75199362728777,106,29,0,0,171.79000000000002,27.0,0,0
5.43,8.571428571428571,96.76777364017833,106,29,0,0,186.10000000000002,30.0,0,0
5.43,8.571428571428571,96.77646365114398,106,29,0,0,200.40999999999997,33.0,0,0
5.43,8.571428571428571,96.77469081794939,106,29,0,0,214.71999999999997,36.0,0,0
5.43,8.571428571428571,96.79418880871447,106,29,0,0,229.03000000000003,39.0,0,0
5.45,8.571428571428571,96.7956055148509,106,29,0,0,243.34000000000003,42.00000000000001,0,0
5.45,8.571428571428571,96.80742372299679,106,29,0,0,257.65000000000003,45.00000000000001,0,0
5.45,8.571428571428571,96.80403707164542,106,29,0,0,271.96000000000004,48.00000000000001,0,0
5.45,8.571428571428571,96.82413473171141,106,29,0,0,286.27000000000004,51.00000000000001,0,0
5.45,8.571428571428571,96.83601128526176,106,29,0,0,300.58000000000004,54.00000000000001,0,0
5.45,8.571428571428571,96.84819016647381,106,29,0,0,314.89000000000004,57.000000000000014,0,0
5.45,8.571428571428571,96.87763406128923,106,29,0,0,329.20000000000005,60.00000000000001,0,0
5.45,8.571428571428571,96.89473759495023,107,29,0,0,343.51,63.0,0,0
5.45,8.571428571428571,96.91880968154504,107,29,0,0,357.82,66.0,0,0
5.45,8.571428571428571,96.94057111641949,107,29,0,0,372.13,69.0,0,0
5.47,8.571428571428571,96.96714456808554,107,29,0,0,386.44,72.0,0,0
5.47,8.571428571428571,96.98514924800617,107,29,0,0,400.75,75.0,0,0
5.47,8.571428571428571,97.00413340420477,107,29,0,0,415.06,78.0,0,0
5.47,8.571428571428571,97.0083759636601,107,29,0,0,429.37,81.0,0,0
5.47,8.571428571428571,97.03121628958289,107,29,0,0,443.68,84.0,0,0
5.47,8.571428571428571,97.06319879485481,107,29,0,0,457.99,87.0,0,0
5.47,8.571428571428571,97.07906807506232,107,29,0,0,472.3,90.0,0,0
5.47,8.571428571428571,97.09590882173143,107,29,0,0,486.61,93.0,0,0
5.47,8.571428571428571,97.11011045227625,107,29,0,0,500.92,96.0,0,0
5.47,8.571428571428571,97.12951616375037,107,29,0,0,515.23,99.0,0,0
5.48,8.571428571428571,97.14463231053563,107,29,0,0,520,100.0,0,0
5.48,8.571428571428571,97.1372550469257,107,29,0,0,505.69,97.0,0,0
5.48,8.571428571428571,97.11555227454039,107,29,0,0,491.38,94.0,0,0
5.48,8.571428571428571,97.10936540010684,107,29,0,0,477.07,91.0,0,0
5.48,8.571428571428571,97.0995400629703,107,29,0,0,462.76,88.0,0,0
5.48,8.571428571428571,97.0848900123993,107,29,0,0,448.45,85.0,0,0
5.48,8.571428571428571,97.08360104108277,107,29,0,0,434.14,82.0,0,0
5.48,8.571428571428571,97.08061093635902,107,29,0,0,419.83,79.0,0,0
5.48,8.571428571428571,97.06910144985825,107,29,0,0,405.52,76.0,0,0
5.50,8.571428571428571,97.05757002115305,107,29,0,0,391.21,73.0,0,0
5.50,8.571428571428571,97.04043846184737,107,29,0,0,376.9,70.0,0,0
5.50,8.571428571428571,97.01920146239905,107,29,0,0,362.59000000000003,67.0,0,0
5.50,8.571428571428571,97.0093919778822,107,29,0,0,348.28,63.99999999999999,0,0
5.50,8.571428571428571,96.9973765502979,107,29,0,0,333.96999999999997,60.99999999999999,0,0
5.50,8.571428571428571,96.9893621787999,107,29,0,0,319.65999999999997,57.99999999999999,0,0
5.50,8.571428571428571,96.97313916365549,107,29,0,0,305.34999999999997,54.99999999999999,0,0
5.50,8.571428571428571,96.96359356115853,107,29,0,0,291.03999999999996,51.99999999999999,0,0
5.52,8.571428571428571,96.95375681582371,107,29,0,0,276.7299999999999,48.99999999999998,0,0
5.52,8.571428571428571,96.93959313443368,107,29,0,0,262.4199999999999,45.99999999999997,0,0
5.52,8.571428571428571,96.92421050919607,107,29,0,0,248.10999999999984,42.99999999999997,0,0
5.52,8.571428571428571,96.9107030176834,107,29,0,0,233.79999999999984,39.99999999999997,0,0
5.52,8.571428571428571,96.89870028242296,107,29,0,0,219.48999999999984,36.999999999999964,0,0
5.52,8.571428571428571,96.88011085752095,107,29,0,0,205.1799999999999,33.99999999999997,0,0
5.52,8.571428571428571,96.86389525452887,107,29,0,0,190.8699999999999,30.99999999999997,0,0
5.52,8.571428571428571,96.84587728319134,107,29,0,0,176.55999999999983,27.99999999999997,0,0
5.53,8.571428571428571,96.8365849702063,107,29,0,0,162.24999999999983,24.99999999999997,0,0
5.53,8.571428571428571,96.8359594468645,107,29,0,0,147.93999999999988,21.99999999999997,0,0
5.53,8.571428571428571,96.81681525536776,107,29,0,0,133.62999999999988,18.99999999999997,0,0
5.53,8.571428571428571,96.80826605872139,107,29,0,0,119.31999999999988,15.999999999999972,0,0
5.53,8.571428571428571,96.80461783316534,107,29,0,0,105.00999999999982,12.999999999999972,0,0
5.53,8.571428571428571,96.79416638896093,107,29,0,0,90.69999999999987,9.999999999999972,0,0
5.53,8.571428571428571,96.78318331507711,107,29,0,0,76.38999999999987,6.999999999999972,0,0
5.53,8.571428571428571,96.76877432372216,107,29,0,0,62.07999999999987,3.9999999999999716,0,0
5.53,8.571428571428571,96.7441639929643,107,29,0,0,47.76999999999987,0.9999999999999716,0,0
5.53,8.571428571428571,96.7283817787255,107,29,0,0,43,0.0,0,0
5.55,8.571428571428571,96.73213344713083,107,29,0,0,57.31,3.0,0,0
5.55,8.571428571428571,96.73237426546123,107,29,0,0,71.62,6.0,0,0
5.55,8.571428571428571,96.72970827097485,107,29,0,0,85.93,9.0,0,0
5.55,8.571428571428571,96.74079497114613,107,29,0,0,100.24000000000001,12.0,0,0
5.55,8.571428571428571,96.75717466728707,107,29,0,0,114.55000000000001,15.0,0,0
5.55,8.571428571428571,96.7460733913049,107,29,0,0,128.86,18.0,0,0
5.55,8.571428571428571,96.74295504504217,107,29,0,0,143.16999999999996,21.0,0,0
5.55,8.571428571428571,96.75122437795248,107,29,0,0,157.48000000000002,24.0,0,0
5.55,8.571428571428571,96.7706906223221,107,29,0,0,171.79000000000002,27.0,0,0
5.55,8.571428571428571,96.77698393448549,107,29,0,0,186.10000000000002,30.0,0,0
5.57,8.571428571428571,96.77351287571086,107,29,0,0,200.40999999999997,33.0,0,0
5.57,8.571428571428571,96.79289507537587,107,29,0,0,214.71999999999997,36.0,0,0
5.57,8.571428571428571,96.80834628099812,107,29,0,0,229.03000000000003,39.0,0,0
5.57,8.571428571428571,96.8039161174539,107,29,0,0,243.34000000000003,42.00000000000001,0,0
5.57,8.571428571428571,96.81389127451168,107,29,0,0,257.65000000000003,45.00000000000001,0,0
5.57,8.571428571428571,96.81693845041535,107,29,0,0,271.96000000000004,48.00000000000001,0,0
5.57,8.571428571428571,96.83593604466864,107,29,0,0,286.27000000000004,51.00000000000001,0,0
5.57,8.571428571428571,96.84836254092183,107,29,0,0,300.58000000000004,54.00000000000001,0,0
5.57,8.571428571428571,96.86729740807269,107,29,0,0,314.89000000000004,57.000000000000014,0,0
5.57,8.571428571428571,96.89092250471532,108,29,0,0,329.20000000000005,60.00000000000001,0,0
5.58,8.571428571428571,96.91072497784675,108,29,0,0,343.51,63.0,0,0
5.58,8.571428571428571,96.92009131849447,108,29,0,0,357.82,66.0,0,0
5.58,8.571428571428571,96.93253374145208,108,29,0,0,372.13,69.0,0,0
5.58,8.571428571428571,96.95207918650297,108,29,0,0,386.44,72.0,0,0
5.58,8.571428571428571,96.95985744093348,108,29,0,0,400.75,75.0,0,0
5.58,8.571428571428571,96.97069232549232,108,29,0,0,415.06,78.0,0,0
5.58,8.571428571428571,97.0004182836836,108,29,0,0,429.37,81.0,0,0
5.58,8.571428571428571,97.01649446308775,108,29,0,0,443.68,84.0,0,0
5.58,8.571428571428571,97.03349908411303,108,29,0,0,457.99,87.0,0,0
5.58,8.571428571428571,97.06760650686556,108,29,0,0,472.3,90.0,0,0
5.60,8.571428571428571,97.09747697067637,108,29,0,0,486.61,93.0,0,0
5.60,8.571428571428571,97.11263166920727,108,29,0,0,500.92,96.0,0,0
5.60,8.571428571428571,97.13084164813127,109,29,0,0,515.23,99.0,0,0
5.60,8.571428571428571,97.14049273199646,109,29,0,0,520,100.0,0,0
5.60,8.571428571428571,97.13146008624169,109,29,0,0,505.69,97.0,0,0
5.60,8.571428571428571,97.12387375046319,109,29,0,0,491.38,94.0,0,0
5.60,8.571428571428571,97.10930681101654,109,29,0,0,477.07,91.0,0,0
5.60,8.571428571428571,97.0844341875074,109,29,0,0,462.76,88.0,0,0
5.60,8.571428571428571,97.06236665663508,109,29,0,0,448.45,85.0,0,0
5.60,8.571428571428571,97.04915514395614,109,29,0,0,434.14,82.0,0,0
5.62,8.571428571428571,97.03355927877267,109,29,0,0,419.83,79.0,0,0
5.62,8.571428571428571,97.02012038174357,109,29,0,0,405.52,76.0,0,0
5.62,8.571428571428571,97.01852308152937,109,29,0,0,391.21,73.0,0,0
5.62,8.571428571428571,97.00650106246654,109,29,0,0,376.9,70.0,0,0
5.62,8.571428571428571,96.98792176880197,109,29,0,0,362.59000000000003,67.0,0,0
5.62,8.571428571428571,96.9759669370375,109,29,0,0,348.28,63.99999999999999,0,0
5.62,8.571428571428571,96.95304986231817,109,29,0,0,333.96999999999997,60.99999999999999,0,0
5.62,8.571428571428571,96.94337965362462,109,29,0,0,319.65999999999997,57.99999999999999,0,0
5.62,8.571428571428571,96.93502470052293,109,29,0,0,305.34999999999997,54.99999999999999,0,0
5.62,8.571428571428571,96.92752527892127,109,29,0,0,291.03999999999996,51.99999999999999,0,0
5.63,8.571428571428571,96.90913430906647,109,29,0,0,276.7299999999999,48.99999999999998,0,0
5.63,8.571428571428571,96.89282648749678,109,29,0,0,262.4199999999999,45.99999999999997,0,0
5.63,8.571428571428571,96.8870616489566,109,29,0,0,248.10999999999984,42.99999999999997,0,0
5.63,8.571428571428571,96.87119853191538,109,29,0,0,233.79999999999984,39.99999999999997,0,0
5.63,8.571428571428571,96.8620713862205,109,29,0,0,219.48999999999984,36.999999999999964,0,0
5.63,8.571428571428571,96.85245004995576,109,29,0,0,205.1799999999999,33.99999999999997,0,0
5.63,8.571428571428571,96.84430345451129,109,29,0,0,190.8699999999999,30.99999999999997,0,0
5.63,8.571428571428571,96.83245592667804,109,29,0,0,176.55999999999983,27.99999999999997,0,0
5.63,8.571428571428571,96.81468203477242,109,29,0,0,162.24999999999983,24.99999999999997,0,0
5.63,8.571428571428571,96.79976026442411,109,29,0,0,147.93999999999988,21.99999999999997,0,0
5.65,8.571428571428571,96.78419088863453,110,29,0,0,133.62999999999988,18.99999999999997,0,0
5.65,8.571428571428571,96.77588889020736,110,29,0,0,119.31999999999988,15.999999999999972,0,0
5.65,8.571428571428571,96.76921564708773,110,29,0,0,105.00999999999982,12.999999999999972,0,0
5.65,8.571428571428571,96.75732144513422,110,29,0,0,90.69999999999987,9.999999999999972,0,0
5.65,8.571428571428571,96.74310283998356,110,29,0,0,76.38999999999987,6.999999999999972,0,0
5.65,8.571428571428571,96.73575261799705,110,29,0,0,62.07999999999987,3.9999999999999716,0,0
5.65,8.571428571428571,96.71582175674365,110,29,0,0,47.76999999999987,0.9999999999999716,0,0
5.65,8.571428571428571,96.69345519158368,110,29,0,0,43,0.0,0,0
5.65,8.571428571428571,96.69852490445624,110,29,0,0,57.31,3.0,0,0
5.65,8.571428571428571,96.70675346887928,110,29,0,0,71.62,6.0,0,0
5.67,8.571428571428571,96.71667609520597,110,29,0,0,85.93,9.0,0,0
5.67,8.571428571428571,96.7183174782389,110,29,0,0,100.24000000000001,12.0,0,0
5.67,8.571428571428571,96.73324649448972,110,29,0,0,114.55000000000001,15.0,0,0
5.67,8.571428571428571,96.73525094208657,110,29,0,0,128.86,18.0,0,0
5.67,8.571428571428571,96.73801206940381,110,29,0,0,143.16999999999996,21.0,0,0
5.67,8.571428571428571,96.73854949188652,110,29,0,0,157.48000000000002,24.0,0,0
5.67,8.571428571428571,96.74221289773723,110,29,0,0,171.79000000000002,27.0,0,0
5.67,8.571428571428571,96.75949529321701,110,29,0,0,186.10000000000002,30.0,0,0
5.67,8.571428571428571,96.7706799859424,110,29,0,0,200.40999999999997,33.0,0,0
5.67,8.571428571428571,96.77620726531066,110,29,0,0,214.71999999999997,36.0,0,0
5.68,8.571428571428571,96.77816102969383,110,29,0,0,229.03000000000003,39.0,0,0
5.68,8.571428571428571,96.79187206048925,110,29,0,0,243.34000000000003,42.00000000000001,0,0
5.68,8.571428571428571,96.79783257226701,110,29,0,0,257.65000000000003,45.00000000000001,0,0
5.68,8.571428571428571,96.79161596676035,110,29,0,0,271.96000000000004,48.00000000000001,0,0
5.68,8.571428571428571,96.80637107885605,110,29,0,0,286.27000000000004,51.00000000000001,0,0
5.68,8.571428571428571,96.8192208886926,110,29,0,0,300.58000000000004,54.00000000000001,0,0
5.68,8.571428571428571,96.84233350768996,110,29,0,0,314.89000000000004,57.000000000000014,0,0
5.68,8.571428571428571,96.87095927977427,110,29,0,0,329.20000000000005,60.00000000000001,0,0
5.68,8.571428571428571,96.89417599803767,111,29,0,0,343.51,63.0,0,0
5.68,8.571428571428571,96.90318947201627,111,29,0,0,357.82,66.0,0,0
5.70,8.571428571428571,96.91870631486084,111,29,0,0,372.13,69.0,0,0
5.70,8.571428571428571,96.93516311225174,111,29,0,0,386.44,72.0,0,0
5.70,8.571428571428571,96.95123394862088,111,29,0,0,400.75,75.0,0,0
5.70,8.571428571428571,96.97735057044152,111,29,0,0,415.06,78.0,0,0
5.70,8.571428571428571,96.99619626033812,111,29,0,0,429.37,81.0,0,0
5.70,8.571428571428571,97.00967770649659,111,29,0,0,443.68,84.0,0,0
5.70,8.571428571428571,97.04163420595128,111,29,0,0,457.99,87.0,0,0
5.70,8.571428571428571,97.05245509526716,111,29,0,0,472.3,90.0,0,0
5.70,8.571428571428571,97.07107780493583,111,29,0,0,486.61,93.0,0,0
5.70,8.571428571428571,97.08979783916529,111,29,0,0,500.92,96.0,0,0
5.72,8.571428571428571,97.0986392288611,111,29,0,0,515.23,99.0,0,0
5.72,8.571428571428571,97.11455129616049,111,29,0,0,520,100.0,0,0
5.72,8.571428571428571,97.0907672329081,111,29,0,0,505.69,97.0,0,0
5.72,8.571428571428571,97.07185638211116,111,29,0,0,491.38,94.0,0,0
5.72,8.571428571428571,97.05040438100347,111,30,0,0,477.07,91.0,0,0
5.72,8.571428571428571,97.03485856152781,111,30,0,0,462.76,88.0,0,0
5.72,8.571428571428571,97.02521116695496,111,30,0,0,448.45,85.0,0,0
5.72,8.571428571428571,97.01003821411695,111,30,0,0,434.14,82.0,0,0
5.72,8.571428571428571,97.00390489259925,111,30,0,0,419.83,79.0,0,0
5.72,8.571428571428571,96.98558720454822,111,30,0,0,405.52,76.0,0,0
5.73,8.571428571428571,96.96943692373617,111,30,0,0,391.21,73.0,0,0
5.73,8.571428571428571,96.95736717139842,111,30,0,0,376.9,70.0,0,0
5.73,8.571428571428571,96.95464457612279,111,30,0,0,362.59000000000003,67.0,0,0
5.73,8.571428571428571,96.93838390360543,111,30,0,0,348.28,63.99999999999999,0,0
5.73,8.571428571428571,96.92892022462672,111,30,0,0,333.96999999999997,60.99999999999999,0,0
5.73,8.571428571428571,96.91643590500844,111,30,0,0,319.65999999999997,57.99999999999999,0,0
5.73,8.571428571428571,96.89787978838062,111,30,0,0,305.34999999999997,54.99999999999999,0,0
5.73,8.571428571428571,96.88832076427114,111,30,0,0,291.03999999999996,51.99999999999999,0,0
5.73,8.571428571428571,96.8871618233842,111,30,0,0,276.7299999999999,48.99999999999998,0,0
5.75,8.571428571428571,96.87710410080243,111,30,0,0,262.4199999999999,45.99999999999997,0,0
5.75,8.571428571428571,96.870287964948,111,30,0,0,248.10999999999984,42.99999999999997,0,0
5.75,8.571428571428571,96.86436887277249,111,30,0,0,233.79999999999984,39.99999999999997,0,0
5.75,8.571428571428571,96.85896785818919,111,30,0,0,219.48999999999984,36.999999999999964,0,0
5.75,8.571428571428571,96.84154381514286,111,30,0,0,205.1799999999999,33.99999999999997,0,0
5.75,8.571428571428571,96.82809193442927,111,30,0,0,190.8699999999999,30.99999999999997,0,0
5.75,8.571428571428571,96.8188131686977,111,30,0,0,176.55999999999983,27.99999999999997,0,0
5.77,8.571428571428571,96.79589925092303,111,30,0,0,162.24999999999983,24.99999999999997,0,0
5.77,8.571428571428571,96.78760893602599,111,30,0,0,147.93999999999988,21.99999999999997,0,0
5.77,8.571428571428571,96.7652820695424,111,30,0,0,133.62999999999988,18.99999999999997,0,0
5.77,8.571428571428571,96.7513527540302,111,30,0,0,119.31999999999988,15.999999999999972,0,0
5.77,8.571428571428571,96.74421213904166,111,30,0,0,105.00999999999982,12.999999999999972,0,0
5.77,8.571428571428571,96.74228837467665,111,30,0,0,90.69999999999987,9.999999999999972,0,0
5.78,8.571428571428571,96.72580178500003,111,30,0,0,76.38999999999987,6.999999999999972,0,0
5.78,8.571428571428571,96.70984002366615,111,30,0,0,62.07999999999987,3.9999999999999716,0,0
5.78,8.571428571428571,96.703592447831,111,30,0,0,47.76999999999987,0.9999999999999716,0,0
5.78,8.571428571428571,96.68465441188211,111,30,0,0,43,0.0,0,0
5.78,8.571428571428571,96.70502381332388,111,30,0,0,57.31,3.0,0,0
5.80,8.571428571428571,96.71026679180335,111,30,0,0,71.62,6.0,0,0
5.80,8.571428571428571,96.72392897814667,111,30,0,0,85.93,9.0,0,0
5.82,8.571428571428571,96.72241047140301,111,30,0,0,100.24000000000001,12.0,0,0
5.82,8.571428571428571,96.72064170291215,111,30,0,0,114.55000000000001,15.0,0,0
5.82,8.571428571428571,96.72783333167857,111,30,0,0,128.86,18.0,0,0
5.82,8.571428571428571,96.73864511241527,111,30,0,0,143.16999999999996,21.0,0,0
5.82,8.571428571428571,96.74334551064963,111,30,0,0,157.48000000000002,24.0,0,0
5.82,8.571428571428571,96.74725292850019,111,30,0,0,171.79000000000002,27.0,0,0
5.82,8.571428571428571,96.75552867126198,111,30,0,0,186.10000000000002,30.0,0,0
5.82,8.571428571428571,96.76233567000905,111,30,0,0,200.40999999999997,33.0,0,0
5.82,8.571428571428571,96.7791393529994,111,30,0,0,214.71999999999997,36.0,0,0
5.82,8.571428571428571,96.7794074899628,111,31,0,0,229.03000000000003,39.0,0,0
5.83,8.571428571428571,96.77992285634481,111,31,0,0,243.34000000000003,42.00000000000001,0,0
5.83,8.571428571428571,96.78705981315218,111,31,0,0,257.65000000000003,45.00000000000001,0,0
5.83,8.571428571428571,96.79088248767435,111,31,0,0,271.96000000000004,48.00000000000001,0,0
5.83,8.571428571428571,96.80968386047437,111,31,0,0,286.27000000000004,51.00000000000001,0,0
5.83,8.571428571428571,96.82912017061365,111,31,0,0,300.58000000000004,54.00000000000001,0,0
5.83,8.571428571428571,96.84961114603168,111,31,0,0,314.89000000000004,57.000000000000014,0,0
5.83,8.571428571428571,96.85883720327679,111,31,0,0,329.20000000000005,60.00000000000001,0,0
5.83,8.571428571428571,96.88667672403021,112,31,0,0,343.51,63.0,0,0
5.83,8.571428571428571,96.91740912279617,113,31,0,0,357.82,66.0,0,0
5.83,8.571428571428571,96.94260153887178,113,32,0,0,372.13,69.0,0,0
5.85,8.571428571428571,96.97010110032807,113,32,0,0,386.44,72.0,0,0
5.85,8.571428571428571,96.99809279839988,113,32,0,0,400.75,75.0,0,0
5.85,8.571428571428571,97.02546735818919,113,32,0,0,415.06,78.0,0,0
5.85,8.571428571428571,97.04444258633667,113,32,0,0,429.37,81.0,0,0
5.85,8.571428571428571,97.0500527536797,113,32,0,0,443.68,84.0,0,0
5.85,8.571428571428571,97.05285764300528,113,32,0,0,457.99,87.0,0,0
5.85,8.571428571428571,97.07059970157287,113,32,0,0,472.3,90.0,0,0
5.85,8.571428571428571,97.10003045772866,113,32,0,0,486.61,93.0,0,0
5.85,8.571428571428571,97.12070749279468,113,32,0,0,500.92,96.0,0,0
5.85,8.571428571428571,97.13669665678033,113,32,0,0,515.23,99.0,0,0
5.87,6.666666666666667,97.15054933889714,113,32,0,0,520,100.0,0,0
5.87,6.666666666666667,97.13490642945432,113,32,0,0,505.69,97.0,0,0
5.87,6.666666666666667,97.12706475925944,113,32,0,0,491.38,94.0,0,0
5.87,6.666666666666667,97.11356598570546,113,32,0,0,477.07,91.0,0,0
5.87,6.666666666666667,97.10351954082026,113,32,0,0,462.76,88.0,0,0
5.87,6.666666666666667,97.08656593341297,113,32,0,0,448.45,85.0,0,0
5.87,6.666666666666667,97.07138760062921,113,32,0,0,434.14,82.0,0,0
5.87,6.666666666666667,97.06552862294144,113,32,0,0,419.83,79.0,0,0
5.87,6.666666666666667,97.05745018289979,113,32,0,0,405.52,76.0,0,0
5.87,6.666666666666667,97.04660724713486,113,32,0,0,391.21,73.0,0,0
5.88,6.666666666666667,97.03180033179717,113,32,0,0,376.9,70.0,0,0
5.88,6.666666666666667,97.02835072769308,114,32,0,0,362.59000000000003,67.0,0,0
5.88,6.666666666666667,97.01340097868187,114,32,0,0,348.28,63.99999999999999,0,0
5.88,6.666666666666667,97.00414211106141,114,33,0,0,333.96999999999997,60.99999999999999,0,0
5.88,6.666666666666667,96.98510530816728,114,33,0,0,319.65999999999997,57.99999999999999,0,0
5.88,6.666666666666667,96.96610152011961,114,33,0,0,305.34999999999997,54.99999999999999,0,0
5.88,6.666666666666667,96.96448241913642,114,33,0,0,291.03999999999996,51.99999999999999,0,0
5.88,6.666666666666667,96.9499037832661,114,33,0,0,276.7299999999999,48.99999999999998,0,0
5.88,6.666666666666667,96.93178291645722,114,33,0,0,262.4199999999999,45.99999999999997,0,0
5.88,6.666666666666667,96.91087808982394,114,33,0,0,248.10999999999984,42.99999999999997,0,0
5.90,6.666666666666667,96.89739556889685,114,33,0,0,233.79999999999984,39.99999999999997,0,0
5.90,6.666666666666667,96.87603618889005,114,33,0,0,219.48999999999984,36.999999999999964,0,0
5.90,6.666666666666667,96.86618764047128,114,33,0,0,205.1799999999999,33.99999999999997,0,0
5.90,6.666666666666667,96.85043199139399,114,33,0,0,190.8699999999999,30.99999999999997,0,0
5.90,6.666666666666667,96.83424219566541,114,33,0,0,176.55999999999983,27.99999999999997,0,0
5.90,6.666666666666667,96.8137333445651,114,33,0,0,162.24999999999983,24.99999999999997,0,0
5.90,6.666666666666667,96.79391358575998,114,33,0,0,147.93999999999988,21.99999999999997,0,0
5.90,6.666666666666667,96.78337046143412,114,33,0,0,133.62999999999988,18.99999999999997,0,0
5.90,6.666666666666667,96.76608676983668,114,33,0,0,119.31999999999988,15.999999999999972,0,0
5.90,6.666666666666667,96.74861910420108,114,33,0,0,105.00999999999982,12.999999999999972,0,0
5.92,6.666666666666667,96.7380060165348,114,33,0,0,90.69999999999987,9.999999999999972,0,0
5.92,6.666666666666667,96.72641168742776,114,33,0,0,76.38999999999987,6.999999999999972,0,0
5.92,6.666666666666667,96.71880129133885,114,33,0,0,62.07999999999987,3.9999999999999716,0,0
5.92,6.666666666666667,96.7171639220154,114,33,0,0,47.76999999999987,0.9999999999999716,0,0
5.92,6.666666666666667,96.70411151553988,114,33,0,0,43,0.0,0,0
5.92,6.666666666666667,96.71328822522669,114,33,0,0,57.31,3.0,0,0
5.92,6.666666666666667,96.71192491011767,114,33,0,0,71.62,6.0,0,0
5.92,6.666666666666667,96.70247706326676,114,33,0,0,85.93,9.0,0,0
5.92,6.666666666666667,96.70255017484827,114,33,0,0,100.24000000000001,12.0,0,0
5.92,6.666666666666667,96.7067614952146,114,33,0,0,114.55000000000001,15.0,0,0
5.93,6.666666666666667,96.71405217405683,114,33,0,0,128.86,18.0,0,0
5.93,6.666666666666667,96.70837873469671,114,33,0,0,143.16999999999996,21.0,0,0
5.93,6.666666666666667,96.72949373847885,114,33,0,0,157.48000000000002,24.0,0,0
5.93,6.666666666666667,96.7414773931948,114,33,0,0,171.79000000000002,27.0,0,0
5.93,6.666666666666667,96.76124675537105,114,33,0,0,186.10000000000002,30.0,0,0
5.93,6.666666666666667,96.76675770890073,114,33,0,0,200.40999999999997,33.0,0,0
5.93,6.666666666666667,96.77030579831158,114,33,0,0,214.71999999999997,36.0,0,0
5.93,6.666666666666667,96.76714522190699,114,33,0,0,229.03000000000003,39.0,0,0
5.93,6.666666666666667,96.76684602956554,114,33,0,0,243.34000000000003,42.00000000000001,0,0
5.93,6.666666666666667,96.78213102218982,114,33,0,0,257.65000000000003,45.00000000000001,0,0
5.95,6.666666666666667,96.78432191422492,114,33,0,0,271.96000000000004,48.00000000000001,0,0
5.95,6.666666666666667,96.79596797542766,114,33,0,0,286.27000000000004,51.00000000000001,0,0
5.95,6.666666666666667,96.81782142685927,114,33,0,0,300.58000000000004,54.00000000000001,0,0
5.95,6.666666666666667,96.83387627847853,114,33,0,0,314.89000000000004,57.000000000000014,0,0
5.95,6.666666666666667,96.85281985926959,114,33,0,0,329.20000000000005,60.00000000000001,0,0
5.95,6.666666666666667,96.87451561347564,114,33,0,0,343.51,63.0,0,0
5.95,6.666666666666667,96.89902933157603,114,33,0,0,357.82,66.0,0,0
5.95,6.666666666666667,96.92905912973558,114,33,0,0,372.13,69.0,0,0
5.95,6.666666666666667,96.96067887640898,114,33,0,0,386.44,72.0,0,0
5.95,6.666666666666667,96.98606691958076,114,33,0,0,400.75,75.0,0,0
5.97,6.666666666666667,96.99203055682257,114,33,0,0,415.06,78.0,0,0
5.97,6.666666666666667,97.00174180633323,114,33,0,0,429.37,81.0,0,0
5.97,6.666666666666667,97.03402756867379,114,33,0,0,443.68,84.0,0,0
5.97,6.666666666666667,97.04442785066577,114,33,0,0,457.99,87.0,0,0
5.97,6.666666666666667,97.0670221547073,114,33,0,0,472.3,90.0,0,0
5.97,6.666666666666667,97.07454081121169,114,33,0,0,486.61,93.0,0,0
5.97,6.666666666666667,97.08690416652482,114,33,0,0,500.92,96.0,0,0
5.97,6.666666666666667,97.11855469524706,114,33,0,0,515.23,99.0,0,0
5.97,8.571428571428571,97.14508321061916,114,33,0,0,520,100.0,0,0
5.97,8.571428571428571,97.14020939114235,114,33,0,0,505.69,97.0,0,0
5.98,8.571428571428571,97.12572190765945,114,33,0,0,491.38,94.0,0,0
5.98,8.571428571428571,97.10949105445214,114,33,0,0,477.07,91.0,0,0
5.98,8.571428571428571,97.10081701968738,114,33,0,0,462.76,88.0,0,0
5.98,8.571428571428571,97.0918455194679,114,33,0,0,448.45,85.0,0,0
5.98,8.571428571428571,97.07766489756149,114,33,0,0,434.14,82.0,0,0
5.98,8.571428571428571,97.05857443792853,114,33,0,0,419.83,79.0,0,0
5.98,8.571428571428571,97.04730495004884,114,33,0,0,405.52,76.0,0,0
5.98,8.571428571428571,97.04263561493,114,33,0,0,391.21,73.0,0,0
5.98,8.571428571428571,97.03428929393837,114,33,0,0,376.9,70.0,0,0
5.98,8.571428571428571,97.02148657139865,114,33,0,0,362.59000000000003,67.0,0,0
6.00,8.571428571428571,97.00678194720578,114,33,0,0,348.28,63.99999999999999,0,0
6.00,8.571428571428571,96.98841167606636,114,33,0,0,333.96999999999997,60.99999999999999,0,0
6.00,8.571428571428571,96.97648542883753,114,33,0,0,319.65999999999997,57.99999999999999,0,0
6.00,8.571428571428571,96.96021729186573,114,33,0,0,305.34999999999997,54.99999999999999,0,0
6.00,8.571428571428571,96.94505915419244,114,33,0,0,291.03999999999996,51.99999999999999,0,0
6.00,8.571428571428571,96.93310449260458,114,33,0,0,276.7299999999999,48.99999999999998,0,0
6.00,8.571428571428571,96.92271778737326,114,33,0,0,262.4199999999999,45.99999999999997,0,0
6.00,8.571428571428571,96.90269279310557,114,33,0,0,248.10999999999984,42.99999999999997,0,0
6.00,8.571428571428571,96.8910201078577,114,33,0,0,233.79999999999984,39.99999999999997,0,0
6.02,8.571428571428571,96.8845697453335,114,33,0,0,219.48999999999984,36.999999999999964,0,0
6.02,8.571428571428571,96.87833798934,114,33,0,0,205.1799999999999,33.99999999999997,0,0
6.02,8.571428571428571,96.8613156926689,114,33,0,0,190.8699999999999,30.99999999999997,0,0
6.02,8.571428571428571,96.84489399417967,114,33,0,0,176.55999999999983,27.99999999999997,0,0
6.02,8.571428571428571,96.82546334653,114,33,0,0,162.24999999999983,24.99999999999997,0,0
6.02,8.571428571428571,96.81204749671733,114,33,0,0,147.93999999999988,21.99999999999997,0,0
6.03,8.571428571428571,96.79788348255515,114,33,0,0,133.62999999999988,18.99999999999997,0,0
6.03,8.571428571428571,96.78720766521151,114,33,0,0,119.31999999999988,15.999999999999972,0,0
6.03,8.571428571428571,96.77357639206724,114,33,0,0,105.00999999999982,12.999999999999972,0,0
6.03,8.571428571428571,96.76132122549988,114,33,0,0,90.69999999999987,9.999999999999972,0,0
6.03,8.571428571428571,96.7586404927601,114,33,0,0,76.38999999999987,6.999999999999972,0,0
6.03,8.571428571428571,96.74301110481358,114,33,0,0,62.07999999999987,3.9999999999999716,0,0
6.03,8.571428571428571,96.73036238335052,114,33,0,0,47.76999999999987,0.9999999999999716,0,0
6.05,8.571428571428571,96.7184817417445,114,33,0,0,43,0.0,0,0
6.05,8.571428571428571,96.72177246767724,114,33,0,0,57.31,3.0,0,0
6.05,8.571428571428571,96.72468047821874,114,33,0,0,71.62,6.0,0,0
6.05,8.571428571428571,96.73423127610924,114,33,0,0,85.93,9.0,0,0
6.05,8.571428571428571,96.75112300320154,114,33,0,0,100.24000000000001,12.0,0,0
6.05,8.571428571428571,96.75072575649848,114,33,0,0,114.55000000000001,15.0,0,0
6.05,8.571428571428571,96.75214603417618,114,33,0,0,128.86,18.0,0,0
6.05,8.571428571428571,96.7500576312838,114,33,0,0,143.16999999999996,21.0,0,0
6.05,8.571428571428571,96.75107058241868,114,33,0,0,157.48000000000002,24.0,0,0
6.05,8.571428571428571,96.75721535484472,114,33,0,0,171.79000000000002,27.0,0,0
6.07,8.571428571428571,96.75324341110424,114,33,0,0,186.10000000000002,30.0,0,0
6.07,8.571428571428571,96.75425644647231,114,33,0,0,200.40999999999997,33.0,0,0
6.07,8.571428571428571,96.75486797679626,114,33,0,0,214.71999999999997,36.0,0,0
6.07,8.571428571428571,96.75268094037017,114,33,0,0,229.03000000000003,39.0,0,0
6.07,8.571428571428571,96.75796330150052,114,33,0,0,243.34000000000003,42.00000000000001,0,0
6.07,8.571428571428571,96.75328527228663,114,33,0,0,257.65000000000003,45.00000000000001,0,0
6.07,8.571428571428571,96.75648705670393,114,33,0,0,271.96000000000004,48.00000000000001,0,0
6.07,8.571428571428571,96.77941351750653,114,33,0,0,286.27000000000004,51.00000000000001,0,0
6.07,8.571428571428571,96.7975991708248,114,33,0,0,300.58000000000004,54.00000000000001,0,0
6.07,8.571428571428571,96.82523187463272,114,33,0,0,314.89000000000004,57.000000000000014,0,0
6.08,8.571428571428571,96.83767069983045,115,33,0,0,329.20000000000005,60.00000000000001,0,0
6.08,8.571428571428571,96.8454123927742,115,33,0,0,343.51,63.0,0,0
6.08,8.571428571428571,96.85903821209473,115,33,0,0,357.82,66.0,0,0
6.08,8.571428571428571,96.88242687544293,115,33,0,0,372.13,69.0,0,0
6.08,8.571428571428571,96.90931475436749,115,33,0,0,386.44,72.0,0,0
6.08,8.571428571428571,96.93324501261687,115,33,0,0,400.75,75.0,0,0
6.08,8.571428571428571,96.94595597728565,115,33,0,0,415.06,78.0,0,0
6.08,8.571428571428571,96.96123616860991,115,33,0,0,429.37,81.0,0,0
6.08,8.571428571428571,96.97178482401573,115,33,0,0,443.68,84.0,0,0
6.08,8.571428571428571,96.99356166994201,115,33,0,0,457.99,87.0,0,0
6.10,8.571428571428571,97.02311835719452,115,33,0,0,472.3,90.0,0,0
6.10,8.571428571428571,97.05223802966906,115,33,0,0,486.61,93.0,0,0
6.10,8.571428571428571,97.06514146026804,115,33,0,0,500.92,96.0,0,0
6.10,8.571428571428571,97.07732589479886,115,33,0,0,515.23,99.0,0,0
6.10,7.5,97.1088492078054,115,33,0,0,520,100.0,0,0
6.10,7.5,97.10610130682352,115,33,0,0,505.69,97.0,0,0
6.10,7.5,97.08776678781189,115,33,0,0,491.38,94.0,0,0
6.10,7.5,97.07819307812474,115,33,0,0,477.07,91.0,0,0
6.10,7.5,97.06781187304333,115,33,0,0,462.76,88.0,0,0
6.10,7.5,97.04902583503316,115,33,0,0,448.45,85.0,0,0
6.12,7.5,97.02781045790401,115,33,0,0,434.14,82.0,0,0
6.12,7.5,97.01319399984465,115,33,0,0,419.83,79.0,0,0
6.12,7.5,97.0072065000689,115,33,0,0,405.52,76.0,0,0
6.12,7.5,96.98915116153675,116,33,0,0,391.21,73.0,0,0
6.12,7.5,96.9702252354757,116,33,0,0,376.9,70.0,0,0
6.12,7.5,96.96644816561954,116,33,0,0,362.59000000000003,67.0,0,0
6.12,7.5,96.95354834550511,116,33,0,0,348.28,63.99999999999999,0,0
6.12,7.5,96.93445153513856,116,33,0,0,333.96999999999997,60.99999999999999,0,0
6.12,7.5,96.92663126529968,116,33,0,0,319.65999999999997,57.99999999999999,0,0
6.12,7.5,96.91330726906948,116,33,0,0,305.34999999999997,54.99999999999999,0,0
6.13,7.5,96.90776961901962,116,33,0,0,291.03999999999996,51.99999999999999,0,0
6.13,7.5,96.88713763967586,116,33,0,0,276.7299999999999,48.99999999999998,0,0
6.13,7.5,96.87949958825129,116,33,0,0,262.4199999999999,45.99999999999997,0,0
6.13,7.5,96.86208001641715,116,33,0,0,248.10999999999984,42.99999999999997,0,0
6.13,7.5,96.85480150385132,116,33,0,0,233.79999999999984,39.99999999999997,0,0
6.13,7.5,96.83852708165709,117,33,0,0,219.48999999999984,36.999999999999964,0,0
6.13,7.5,96.8256980340372,117,33,0,0,205.1799999999999,33.99999999999997,0,0
6.13,7.5,96.81151723780074,117,33,0,0,190.8699999999999,30.99999999999997,0,0
6.13,7.5,96.79073064081273,117,33,0,0,176.55999999999983,27.99999999999997,0,0
6.13,7.5,96.7833504081915,117,33,0,0,162.24999999999983,24.99999999999997,0,0
6.15,7.5,96.76775838175665,117,33,0,0,147.93999999999988,21.99999999999997,0,0
6.15,7.5,96.75001785811553,117,33,0,0,133.62999999999988,18.99999999999997,0,0
6.15,7.5,96.74437185404108,117,33,0,0,119.31999999999988,15.999999999999972,0,0
6.15,7.5,96.72515451537927,117,33,0,0,105.00999999999982,12.999999999999972,0,0
6.15,7.5,96.70998719965912,117,33,0,0,90.69999999999987,9.999999999999972,0,0
6.15,7.5,96.68992486942513,117,33,0,0,76.38999999999987,6.999999999999972,0,0
6.15,7.5,96.68378789807562,117,33,0,0,62.07999999999987,3.9999999999999716,0,0
6.15,7.5,96.66415925991713,117,33,0,0,47.76999999999987,0.9999999999999716,0,0
6.15,7.5,96.65044941466894,117,33,0,0,43,0.0,0,0
6.15,7.5,96.64759583270656,117,33,0,0,57.31,3.0,0,0
6.17,7.5,96.65870806891446,117,33,0,0,71.62,6.0,0,0
6.17,7.5,96.6685906853584,117,33,0,0,85.93,9.0,0,0
6.17,7.5,96.66493234971048,117,33,0,0,100.24000000000001,12.0,0,0
6.17,7.5,96.66535748076014,117,33,0,0,114.55000000000001,15.0,0,0
6.17,7.5,96.66868934159783,117,33,0,0,128.86,18.0,0,0
6.17,7.5,96.67524271993169,117,33,0,0,143.16999999999996,21.0,0,0
6.17,7.5,96.68478608708045,117,33,0,0,157.48000000000002,24.0,0,0
6.17,7.5,96.69449068028872,117,33,0,0,171.79000000000002,27.0,0,0
6.17,7.5,96.71066629126054,117,33,0,0,186.10000000000002,30.0,0,0
6.17,7.5,96.72312800870833,117,33,0,0,200.40999999999997,33.0,0,0
6.18,7.5,96.72110262713876,117,33,0,0,214.71999999999997,36.0,0,0
6.18,7.5,96.73347526570699,117,33,0,0,229.03000000000003,39.0,0,0
6.18,7.5,96.7404734083645,117,33,0,0,243.34000000000003,42.00000000000001,0,0
6.18,7.5,96.74824051298363,117,33,0,0,257.65000000000003,45.00000000000001,0,0
6.18,7.5,96.75368526924825,117,33,0,0,271.96000000000004,48.00000000000001,0,0
6.18,7.5,96.77538097534435,118,33,0,0,286.27000000000004,51.00000000000001,0,0
6.18,7.5,96.79084850871496,118,33,0,0,300.58000000000004,54.00000000000001,0,0
6.18,7.5,96.81324574477196,118,33,0,0,314.89000000000004,57.000000000000014,0,0
6.18,7.5,96.83863488252328,118,33,0,0,329.20000000000005,60.00000000000001,0,0
6.18,7.5,96.86815289071417,118,33,0,0,343.51,63.0,0,0
6.20,7.5,96.87792039222457,118,33,0,0,357.82,66.0,0,0
6.20,7.5,96.90584591370259,118,33,0,0,372.13,69.0,0,0
6.20,7.5,96.90894070099358,118,33,0,0,386.44,72.0,0,0
6.20,7.5,96.93601122523438,118,33,0,0,400.75,75.0,0,0
6.20,7.5,96.94508505894387,119,33,0,0,415.06,78.0,0,0
6.20,7.5,96.97274552408243,119,33,0,0,429.37,81.0,0,0
6.20,7.5,96.98072445335472,119,33,0,0,443.68,84.0,0,0
6.20,7.5,97.00663285675118,119,33,0,0,457.99,87.0,0,0
6.20,7.5,97.02804530728926,119,33,0,0,472.3,90.0,0,0
6.20,7.5,97.05611795575129,119,33,0,0,486.61,93.0,0,0
6.22,7.5,97.0780046462945,119,33,0,0,500.92,96.0,0,0
6.22,7.5,97.10179156637334,119,33,0,0,515.23,99.0,0,0
6.22,8.571428571428571,97.12714158984775,119,33,0,0,520,100.0,0,0
6.22,8.571428571428571,97.11131983262213,119,33,0,0,505.69,97.0,0,0
6.22,8.571428571428571,97.09723514663322,119,33,0,0,491.38,94.0,0,0
6.22,8.571428571428571,97.08006178080205,119,33,0,0,477.07,91.0,0,0
6.22,8.571428571428571,97.06995169680093,119,33,0,0,462.76,88.0,0,0
6.22,8.571428571428571,97.05885472306912,119,33,0,0,448.45,85.0,0,0
6.22,8.571428571428571,97.05248883542473,119,33,0,0,434.14,82.0,0,0
6.22,8.571428571428571,97.03351328953904,119,33,0,0,419.83,79.0,0,0
6.23,8.571428571428571,97.02243531059942,119,33,0,0,405.52,76.0,0,0
6.23,8.571428571428571,97.01222015079156,119,33,0,0,391.21,73.0,0,0
6.23,8.571428571428571,96.99374489190332,119,33,0,0,376.9,70.0,0,0
6.23,8.571428571428571,96.9837733145363,119,33,0,0,362.59000000000003,67.0,0,0
6.23,8.571428571428571,96.97018523932826,119,33,0,0,348.28,63.99999999999999,0,0
6.23,8.571428571428571,96.95507617571342,119,33,0,0,333.96999999999997,60.99999999999999,0,0
6.23,8.571428571428571,96.94242097189982,119,33,0,0,319.65999999999997,57.99999999999999,0,0
6.23,8.571428571428571,96.93464330065478,119,33,0,0,305.34999999999997,54.99999999999999,0,0
6.23,8.571428571428571,96.9313380072209,119,33,0,0,291.03999999999996,51.99999999999999,0,0
6.23,8.571428571428571,96.92190359855259,119,33,0,0,276.7299999999999,48.99999999999998,0,0
6.25,8.571428571428571,96.90741509277304,119,33,0,0,262.4199999999999,45.99999999999997,0,0
6.25,8.571428571428571,96.88725489935418,119,33,0,0,248.10999999999984,42.99999999999997,0,0
6.25,8.571428571428571,96.87007909415993,119,33,0,0,233.79999999999984,39.99999999999997,0,0
6.25,8.571428571428571,96.85185217673151,119,33,0,0,219.48999999999984,36.999999999999964,0,0
6.25,8.571428571428571,96.84522848464701,119,33,0,0,205.1799999999999,33.99999999999997,0,0
6.25,8.571428571428571,96.83779060026832,119,33,0,0,190.8699999999999,30.99999999999997,0,0
6.25,8.571428571428571,96.82488747198859,119,33,0,0,176.55999999999983,27.99999999999997,0,0
6.25,8.571428571428571,96.80868765707126,119,33,0,0,162.24999999999983,24.99999999999997,0,0
6.25,8.571428571428571,96.79776867981926,119,33,0,0,147.93999999999988,21.99999999999997,0,0
6.25,8.571428571428571,96.7756334424829,119,33,0,0,133.62999999999988,18.99999999999997,0,0
6.27,8.571428571428571,96.75623156917683,119,33,0,0,119.31999999999988,15.999999999999972,0,0
6.27,8.571428571428571,96.73429565539936,119,33,0,0,105.00999999999982,12.999999999999972,0,0
6.27,8.571428571428571,96.71961801591354,119,33,0,0,90.69999999999987,9.999999999999972,0,0
6.27,8.571428571428571,96.70451960566601,119,33,0,0,76.38999999999987,6.999999999999972,0,0
6.27,8.571428571428571,96.68434398418373,119,33,0,0,62.07999999999987,3.9999999999999716,0,0
6.27,8.571428571428571,96.66900989530605,119,33,0,0,47.76999999999987,0.9999999999999716,0,0
6.27,8.571428571428571,96.65855120168081,119,33,0,0,43,0.0,0,0
6.27,8.571428571428571,96.65850579230057,120,33,0,0,57.31,3.0,0,0
6.27,8.571428571428571,96.65508755832938,120,33,0,0,71.62,6.0,0,0
6.27,8.571428571428571,96.65268430764964,120,33,0,0,85.93,9.0,0,0
6.28,8.571428571428571,96.65814032567388,120,33,0,0,100.24000000000001,12.0,0,0
6.28,8.571428571428571,96.661098463854,120,33,0,0,114.55000000000001,15.0,0,0
6.28,8.571428571428571,96.65782794757703,120,33,0,0,128.86,18.0,0,0
6.28,8.571428571428571,96.67232694267823,120,33,0,0,143.16999999999996,21.0,0,0
6.28,8.571428571428571,96.66679483502301,120,33,0,0,157.48000000000002,24.0,0,0
6.28,8.571428571428571,96.66715401239505,120,33,0,0,171.79000000000002,27.0,0,0
6.30,8.571428571428571,96.66729273771523,120,33,0,0,186.10000000000002,30.0,0,0
6.30,8.571428571428571,96.68084924872873,120,33,0,0,200.40999999999997,33.0,0,0
6.30,8.571428571428571,96.68514986142294,120,33,0,0,214.71999999999997,36.0,0,0
6.30,8.571428571428571,96.69560341346805,120,33,0,0,229.03000000000003,39.0,0,0
6.30,8.571428571428571,96.6979405669371,120,33,0,0,243.34000000000003,42.00000000000001,0,0
6.30,8.571428571428571,96.69141004563859,120,33,0,0,257.65000000000003,45.00000000000001,0,0
6.30,8.571428571428571,96.70136006516857,120,33,0,0,271.96000000000004,48.00000000000001,0,0
6.30,8.571428571428571,96.7215073513618,120,33,0,0,286.27000000000004,51.00000000000001,0,0
6.30,8.571428571428571,96.7352834701557,120,33,0,0,300.58000000000004,54.00000000000001,0,0
6.30,8.571428571428571,96.75837494216479,120,33,0,0,314.89000000000004,57.000000000000014,0,0
6.32,8.571428571428571,96.77399787017417,120,33,0,0,329.20000000000005,60.00000000000001,0,0
6.32,8.571428571428571,96.79314500040168,120,33,0,0,343.51,63.0,0,0
6.32,8.571428571428571,96.80766465830662,120,33,0,0,357.82,66.0,0,0
6.32,8.571428571428571,96.82903308622929,120,33,0,0,372.13,69.0,0,0
6.32,8.571428571428571,96.8593963625758,120,33,0,0,386.44,72.0,0,0
6.32,8.571428571428571,96.86289294903055,120,33,0,0,400.75,75.0,0,0
6.32,8.571428571428571,96.87769893835265,120,33,0,0,415.06,78.0,0,0
6.32,8.571428571428571,96.88213527541114,120,33,0,0,429.37,81.0,0,0
6.32,8.571428571428571,96.89067721528765,120,33,0,0,443.68,84.0,0,0
6.32,8.571428571428571,96.90372546410025,120,33,0,0,457.99,87.0,0,0
6.33,8.571428571428571,96.92096185698287,120,33,0,0,472.3,90.0,0,0
6.33,8.571428571428571,96.93761778509938,120,33,0,0,486.61,93.0,0,0
6.33,8.571428571428571,96.96242819760408,120,33,0,0,500.92,96.0,0,0
6.33,8.571428571428571,96.97720008632096,120,33,0,0,515.23,99.0,0,0
6.33,8.571428571428571,97.00401208616911,120,33,0,0,520,100.0,0,0
6.33,8.571428571428571,97.00295862401111,120,33,0,0,505.69,97.0,0,0
6.33,8.571428571428571,96.99951785077512,120,33,0,0,491.38,94.0,0,0
6.33,8.571428571428571,96.98522648775703,120,33,0,0,477.07,91.0,0,0
6.33,8.571428571428571,96.97490125292252,120,33,0,0,462.76,88.0,0,0
6.33,8.571428571428571,96.96497303074648,120,33,0,0,448.45,85.0,0,0
6.35,8.571428571428571,96.95464271934827,120,33,0,0,434.14,82.0,0,0
6.35,8.571428571428571,96.94632600926353,120,33,0,0,419.83,79.0,0,0
6.35,8.571428571428571,96.93420931604703,120,33,0,0,405.52,76.0,0,0
6.35,8.571428571428571,96.92494916340408,120,33,0,0,391.21,73.0,0,0
6.35,8.571428571428571,96.92149256466001,120,33,0,0,376.9,70.0,0,0
6.35,8.571428571428571,96.90141280598259,120,33,0,0,362.59000000000003,67.0,0,0
6.35,8.571428571428571,96.89052142715826,120,33,0,0,348.28,63.99999999999999,0,0
6.35,8.571428571428571,96.88256459278323,120,33,0,0,333.96999999999997,60.99999999999999,0,0
6.35,8.571428571428571,96.88240981007455,120,33,0,0,319.65999999999997,57.99999999999999,0,0
6.35,8.571428571428571,96.88083830666163,120,33,0,0,305.34999999999997,54.99999999999999,0,0
6.37,8.571428571428571,96.86457825196705,120,33,0,0,291.03999999999996,51.99999999999999,0,0
6.37,8.571428571428571,96.85796951146341,120,33,0,0,276.7299999999999,48.99999999999998,0,0
6.37,8.571428571428571,96.84461121632785,120,33,0,0,262.4199999999999,45.99999999999997,0,0
6.37,8.571428571428571,96.83482996377666,120,33,0,0,248.10999999999984,42.99999999999997,0,0
6.37,8.571428571428571,96.82553779651718,120,33,0,0,233.79999999999984,39.99999999999997,0,0
6.37,8.571428571428571,96.81642688155614,120,33,0,0,219.48999999999984,36.999999999999964,0,0
6.37,8.571428571428571,96.80341876127163,120,33,0,0,205.1799999999999,33.99999999999997,0,0
6.37,8.571428571428571,96.7871643258911,120,33,0,0,190.8699999999999,30.99999999999997,0,0
6.37,8.571428571428571,96.77309256585221,120,33,0,0,176.55999999999983,27.99999999999997,0,0
6.37,8.571428571428571,96.76253297208757,120,33,0,0,162.24999999999983,24.99999999999997,0,0
6.38,8.571428571428571,96.74991216676008,120,33,0,0,147.93999999999988,21.99999999999997,0,0
6.38,8.571428571428571,96.73859624192299,120,33,0,0,133.62999999999988,18.99999999999997,0,0
6.38,8.571428571428571,96.72544943494768,120,33,0,0,119.31999999999988,15.999999999999972,0,0
6.38,8.571428571428571,96.71461277001684,120,33,0,0,105.00999999999982,12.999999999999972,0,0
6.38,8.571428571428571,96.70437601844003,120,33,0,0,90.69999999999987,9.999999999999972,0,0
6.38,8.571428571428571,96.69315478803554,120,33,0,0,76.38999999999987,6.999999999999972,0,0
6.38,8.571428571428571,96.67324531441031,120,33,0,0,62.07999999999987,3.9999999999999716,0,0
6.38,8.571428571428571,96.66260799003838,120,33,0,0,47.76999999999987,0.9999999999999716,0,0
6.38,8.571428571428571,96.65133914642448,120,33,0,0,43,0.0,0,0
6.38,8.571428571428571,96.65313617694991,120,33,0,0,57.31,3.0,0,0
6.40,8.571428571428571,96.66782351838555,120,33,0,0,71.62,6.0,0,0
6.40,8.571428571428571,96.68395730007397,120,33,0,0,85.93,9.0,0,0
6.40,8.571428571428571,96.68685838508632,121,33,0,0,100.24000000000001,12.0,0,0
6.40,8.571428571428571,96.69830772419928,121,33,0,0,114.55000000000001,15.0,0,0
6.40,8.571428571428571,96.70660062354948,121,33,0,0,128.86,18.0,0,0
6.40,8.571428571428571,96.70565648140803,121,33,0,0,143.16999999999996,21.0,0,0
6.40,8.571428571428571,96.70992229057858,121,33,0,0,157.48000000000002,24.0,0,0
6.40,8.571428571428571,96.7057824761554,122,33,0,0,171.79000000000002,27.0,0,0
6.40,8.571428571428571,96.71701036259792,122,33,0,0,186.10000000000002,30.0,0,0
6.40,8.571428571428571,96.71331020264961,122,33,0,0,200.40999999999997,33.0,0,0
6.42,8.571428571428571,96.7071137715329,122,33,0,0,214.71999999999997,36.0,0,0
6.42,8.571428571428571,96.72382513812798,122,33,0,0,229.03000000000003,39.0,0,0
6.42,8.571428571428571,96.73369155926581,122,33,0,0,243.34000000000003,42.00000000000001,0,0
6.42,8.571428571428571,96.73029185834243,122,33,0,0,257.65000000000003,45.00000000000001,0,0
6.42,8.571428571428571,96.72540682115412,122,33,0,0,271.96000000000004,48.00000000000001,0,0
6.42,8.571428571428571,96.74660112414082,122,33,0,0,286.27000000000004,51.00000000000001,0,0
6.42,8.571428571428571,96.74895176568558,122,33,0,0,300.58000000000004,54.00000000000001,0,0
6.42,8.571428571428571,96.76657425138309,123,33,0,0,314.89000000000004,57.000000000000014,0,0
6.42,8.571428571428571,96.79150434295096,123,33,0,0,329.20000000000005,60.00000000000001,0,0
6.42,8.571428571428571,96.81147132499916,123,33,0,0,343.51,63.0,0,0
6.43,8.571428571428571,96.82595367566002,123,33,0,0,357.82,66.0,0,0
6.43,8.571428571428571,96.84069919447475,123,33,0,0,372.13,69.0,0,0
6.43,8.571428571428571,96.84796697043124,123,33,0,0,386.44,72.0,0,0
6.43,8.571428571428571,96.87721456635782,123,33,0,0,400.75,75.0,0,0
6.43,8.571428571428571,96.896877001324,123,33,0,0,415.06,78.0,0,0
6.43,8.571428571428571,96.90047367134517,123,33,0,0,429.37,81.0,0,0
6.43,8.571428571428571,96.92621863744685,123,33,0,0,443.68,84.0,0,0
6.43,8.571428571428571,96.93977658116887,123,33,0,0,457.99,87.0,0,0
6.43,8.571428571428571,96.95554082355898,123,33,0,0,472.3,90.0,0,0
6.43,8.571428571428571,96.96259033745706,123,33,0,0,486.61,93.0,0,0
6.45,8.571428571428571,96.98276593377014,123,33,0,0,500.92,96.0,0,0
6.45,8.571428571428571,97.00645851951616,123,33,0,0,515.23,99.0,0,0
6.45,8.571428571428571,97.03196137082755,123,33,0,0,520,100.0,0,0
6.45,8.571428571428571,97.01800822966358,123,33,0,0,505.69,97.0,0,0
6.45,8.571428571428571,97.01632013316296,123,33,0,0,491.38,94.0,0,0
6.45,8.571428571428571,97.00892427005701,123,33,0,0,477.07,91.0,0,0
6.45,8.571428571428571,96.99362327567394,123,33,0,0,462.76,88.0,0,0
6.45,8.571428571428571,96.97644335379121,123,33,0,0,448.45,85.0,0,0
6.45,8.571428571428571,96.96822762356209,123,33,0,0,434.14,82.0,0,0
6.45,8.571428571428571,96.95519938065482,123,33,0,0,419.83,79.0,0,0
6.47,8.571428571428571,96.95117046345622,123,33,0,0,405.52,76.0,0,0
6.47,8.571428571428571,96.94300680022721,123,33,0,0,391.21,73.0,0,0
6.47,8.571428571428571,96.93433266083804,123,33,0,0,376.9,70.0,0,0
6.47,8.571428571428571,96.92479340347009,123,33,0,0,362.59000000000003,67.0,0,0
6.47,8.571428571428571,96.91530346260224,123,33,0,0,348.28,63.99999999999999,0,0
6.47,8.571428571428571,96.90412889212033,123,33,0,0,333.96999999999997,60.99999999999999,0,0
6.47,8.571428571428571,96.88977060610956,123,33,0,0,319.65999999999997,57.99999999999999,0,0
6.47,8.571428571428571,96.88637712646793,123,33,0,0,305.34999999999997,54.99999999999999,0,0
6.47,8.571428571428571,96.8782669220328,123,33,0,0,291.03999999999996,51.99999999999999,0,0
6.47,8.571428571428571,96.87185541219631,123,33,0,0,276.7299999999999,48.99999999999998,0,0
6.48,8.571428571428571,96.86162713439043,123,33,0,0,262.4199999999999,45.99999999999997,0,0
6.48,8.571428571428571,96.84725422063075,123,33,0,0,248.10999999999984,42.99999999999997,0,0
6.48,8.571428571428571,96.8342012985221,123,33,0,0,233.79999999999984,39.99999999999997,0,0
6.48,8.571428571428571,96.822291439835,123,33,0,0,219.48999999999984,36.999999999999964,0,0
6.48,8.571428571428571,96.80394048198521,123,33,0,0,205.1799999999999,33.99999999999997,0,0
6.48,8.571428571428571,96.79782043170435,123,33,0,0,190.8699999999999,30.99999999999997,0,0
6.48,8.571428571428571,96.78885097437663,123,33,0,0,176.55999999999983,27.99999999999997,0,0
6.48,8.571428571428571,96.7750087517828,123,33,0,0,162.24999999999983,24.99999999999997,0,0
6.48,8.571428571428571,96.75758673197254,123,33,0,0,147.93999999999988,21.99999999999997,0,0
6.50,8.571428571428571,96.75107998395112,123,33,0,0,133.62999999999988,18.99999999999997,0,0
6.50,8.571428571428571,96.73601493424323,123,33,0,0,119.31999999999988,15.999999999999972,0,0
6.50,8.571428571428571,96.72704527263731,124,33,0,0,105.00999999999982,12.999999999999972,0,0
6.50,8.571428571428571,96.71371564993497,124,33,0,0,90.69999999999987,9.999999999999972,0,0
6.50,8.571428571428571,96.69752674811927,124,33,0,0,76.38999999999987,6.999999999999972,0,0
6.50,8.571428571428571,96.69055220230082,124,33,0,0,62.07999999999987,3.9999999999999716,0,0
6.50,8.571428571428571,96.6826498172753,124,33,0,0,47.76999999999987,0.9999999999999716,0,0
6.50,8.571428571428571,96.6707793082148,124,33,0,0,43,0.0,0,0
6.50,8.571428571428571,96.6707170134892,124,33,0,0,57.31,3.0,0,0
6.50,8.571428571428571,96.67335744204007,124,33,0,0,71.62,6.0,0,0
6.52,8.571428571428571,96.68825993470104,124,33,0,0,85.93,9.0,0,0
6.52,8.571428571428571,96.69771575493769,124,33,0,0,100.24000000000001,12.0,0,0
6.52,8.571428571428571,96.7129375747734,124,33,0,0,114.55000000000001,15.0,0,0
6.52,8.571428571428571,96.72402312210377,124,33,0,0,128.86,18.0,0,0
6.52,8.571428571428571,96.72599010566253,124,33,0,0,143.16999999999996,21.0,0,0
6.52,8.571428571428571,96.71903036704157,124,33,0,0,157.48000000000002,24.0,0,0
6.52,8.571428571428571,96.73025685158949,124,33,0,0,171.79000000000002,27.0,0,0
6.52,8.571428571428571,96.73890593958727,124,33,0,0,186.10000000000002,30.0,0,0
6.52,8.571428571428571,96.7442450735021,124,33,0,0,200.40999999999997,33.0,0,0
6.53,8.571428571428571,96.7478969017728,124,33,0,0,214.71999999999997,36.0,0,0
6.53,8.571428571428571,96.75644566183851,124,33,0,0,229.03000000000003,39.0,0,0
6.53,8.571428571428571,96.7655516921585,124,33,0,0,243.34000000000003,42.00000000000001,0,0
6.53,8.571428571428571,96.76661312399578,124,33,0,0,257.65000000000003,45.00000000000001,0,0
6.53,8.571428571428571,96.77399502,124,33,0,0,271.96000000000004,48.00000000000001,0,0
6.53,8.571428571428571,96.79559679510187,124,33,0,0,286.27000000000004,51.00000000000001,0,0
6.55,8.571428571428571,96.8106440701731,124,33,0,0,300.58000000000004,54.00000000000001,0,0
6.55,8.571428571428571,96.83066302869231,124,33,0,0,314.89000000000004,57.000000000000014,0,0
6.55,8.571428571428571,96.84130426746536,124,33,0,0,329.20000000000005,60.00000000000001,0,0
6.55,8.571428571428571,96.86927229523442,124,33,0,0,343.51,63.0,0,0
6.55,8.571428571428571,96.89114929482605,124,33,0,0,357.82,66.0,0,0
6.55,8.571428571428571,96.91904859544742,124,33,0,0,372.13,69.0,0,0
6.55,8.571428571428571,96.93738138587362,124,33,0,0,386.44,72.0,0,0
6.55,8.571428571428571,96.95416186484415,125,33,0,0,400.75,75.0,0,0
6.57,8.571428571428571,96.97115392419569,125,33,0,0,415.06,78.0,0,0
6.57,8.571428571428571,96.98993844677759,125,33,0,0,429.37,81.0,0,0
6.57,8.571428571428571,97.01334717452927,126,33,0,0,443.68,84.0,0,0
6.57,8.571428571428571,97.02461921650037,126,33,0,0,457.99,87.0,0,0
6.57,8.571428571428571,97.03343375252226,126,33,0,0,472.3,90.0,0,0
6.58,8.571428571428571,97.05413284800869,126,33,0,0,486.61,93.0,0,0
6.60,8.571428571428571,97.06228411976346,126,33,0,0,500.92,96.0,0,0
6.60,8.571428571428571,97.0802355535132,126,33,0,0,515.23,99.0,0,0
6.60,6.666666666666667,97.08715229243309,126,33,0,0,520,100.0,0,0
6.60,6.666666666666667,97.07243153930014,126,33,0,0,505.69,97.0,0,0
6.60,6.666666666666667,97.06646506763157,126,33,0,0,491.38,94.0,0,0
6.60,6.666666666666667,97.05107701734445,126,33,0,0,477.07,91.0,0,0
6.60,6.666666666666667,97.04529517481303,126,33,0,0,462.76,88.0,0,0
6.60,6.666666666666667,97.03077247544115,126,33,0,0,448.45,85.0,0,0
6.60,6.666666666666667,97.01211842643644,126,33,0,0,434.14,82.0,0,0
6.62,6.666666666666667,97.00950533045591,126,33,0,0,419.83,79.0,0,0
6.62,6.666666666666667,96.99750271288778,126,33,0,0,405.52,76.0,0,0
6.62,6.666666666666667,96.98824790873793,127,33,0,0,391.21,73.0,0,0
6.62,6.666666666666667,96.97060696403545,127,33,0,0,376.9,70.0,0,0
6.62,6.666666666666667,96.9579936394294,127,33,0,0,362.59000000000003,67.0,0,0
6.62,6.666666666666667,96.95018802554496,127,33,0,0,348.28,63.99999999999999,0,0
6.62,6.666666666666667,96.93796867668291,127,33,0,0,333.96999999999997,60.99999999999999,0,0
6.62,6.666666666666667,96.92457651259828,127,33,0,0,319.65999999999997,57.99999999999999,0,0
6.62,6.666666666666667,96.91288904461751,127,33,0,0,305.34999999999997,54.99999999999999,0,0
6.63,6.666666666666667,96.89880401093775,127,33,0,0,291.03999999999996,51.99999999999999,0,0
6.63,6.666666666666667,96.88216825223202,127,33,0,0,276.7299999999999,48.99999999999998,0,0
6.63,6.666666666666667,96.87302836170086,127,33,0,0,262.4199999999999,45.99999999999997,0,0
6.63,6.666666666666667,96.86087362100376,127,33,0,0,248.10999999999984,42.99999999999997,0,0
6.63,6.666666666666667,96.84715300039083,127,33,0,0,233.79999999999984,39.99999999999997,0,0
6.63,6.666666666666667,96.82949482592124,127,33,0,0,219.48999999999984,36.999999999999964,0,0
6.63,6.666666666666667,96.82380828276702,127,33,0,0,205.1799999999999,33.99999999999997,0,0
6.63,6.666666666666667,96.81118440650077,127,33,0,0,190.8699999999999,30.99999999999997,0,0
6.63,6.666666666666667,96.80132662793054,127,33,0,0,176.55999999999983,27.99999999999997,0,0
6.63,6.666666666666667,96.79554035037103,127,33,0,0,162.24999999999983,24.99999999999997,0,0
6.65,6.666666666666667,96.78378278670785,127,33,0,0,147.93999999999988,21.99999999999997,0,0
6.65,6.666666666666667,96.77636792202551,127,33,0,0,133.62999999999988,18.99999999999997,0,0
6.65,6.666666666666667,96.76451743192716,127,33,0,0,119.31999999999988,15.999999999999972,0,0
6.65,6.666666666666667,96.7510644772065,127,33,0,0,105.00999999999982,12.999999999999972,0,0
6.65,6.666666666666667,96.73716249770325,127,33,0,0,90.69999999999987,9.999999999999972,0,0
6.65,6.666666666666667,96.7245552541622,127,33,0,0,76.38999999999987,6.999999999999972,0,0
6.65,6.666666666666667,96.7102426288695,127,33,0,0,62.07999999999987,3.9999999999999716,0,0
6.65,6.666666666666667,96.69358635577956,127,33,0,0,47.76999999999987,0.9999999999999716,0,0
6.65,6.666666666666667,96.68524481183118,127,33,0,0,43,0.0,0,0
6.65,6.666666666666667,96.6842115937298,127,33,0,0,57.31,3.0,0,0
6.67,6.666666666666667,96.68312454127472,127,33,0,0,71.62,6.0,0,0
6.67,6.666666666666667,96.68442214573959,127,33,0,0,85.93,9.0,0,0
6.67,6.666666666666667,96.69895550534365,127,33,0,0,100.24000000000001,12.0,0,0
6.67,6.666666666666667,96.6994525635266,127,33,0,0,114.55000000000001,15.0,0,0
6.67,6.666666666666667,96.69693542545555,127,33,0,0,128.86,18.0,0,0
6.67,6.666666666666667,96.70465565820587,127,33,0,0,143.16999999999996,21.0,0,0
6.67,6.666666666666667,96.6980428577375,127,33,0,0,157.48000000000002,24.0,0,0
6.67,6.666666666666667,96.71544608480743,127,33,0,0,171.79000000000002,27.0,0,0
6.67,6.666666666666667,96.7173081066127,127,33,0,0,186.10000000000002,30.0,0,0
6.67,6.666666666666667,96.7200659426611,127,33,0,0,200.40999999999997,33.0,0,0
6.68,6.666666666666667,96.72812494751939,127,33,0,0,214.71999999999997,36.0,0,0
6.68,6.666666666666667,96.72693573552958,127,33,0,0,229.03000000000003,39.0,0,0
6.68,6.666666666666667,96.73896393493226,127,33,0,0,243.34000000000003,42.00000000000001,0,0
6.68,6.666666666666667,96.73195751127017,127,33,0,0,257.65000000000003,45.00000000000001,0,0
6.68,6.666666666666667,96.74195326610861,127,33,0,0,271.96000000000004,48.00000000000001,0,0
6.68,6.666666666666667,96.75685296478895,127,33,0,0,286.27000000000004,51.00000000000001,0,0
6.68,6.666666666666667,96.78754241573519,127,33,0,0,300.58000000000004,54.00000000000001,0,0
6.68,6.666666666666667,96.8091841434445,127,33,0,0,314.89000000000004,57.000000000000014,0,0
6.68,6.666666666666667,96.83051560710558,127,33,0,0,329.20000000000005,60.00000000000001,0,0
6.68,6.666666666666667,96.85437947393585,127,33,0,0,343.51,63.0,0,0
6.70,6.666666666666667,96.86917084725505,127,33,0,0,357.82,66.0,0,0
6.70,6.666666666666667,96.88539644764127,127,33,0,0,372.13,69.0,0,0
6.70,6.666666666666667,96.91203817791678,127,33,0,0,386.44,72.0,0,0
6.70,6.666666666666667,96.92755955935291,127,33,0,0,400.75,75.0,0,0
6.70,6.666666666666667,96.93877896894358,127,33,0,0,415.06,78.0,0,0
6.70,6.666666666666667,96.94809940765452,127,33,0,0,429.37,81.0,0,0
6.70,6.666666666666667,96.96336043273047,127,33,0,0,443.68,84.0,0,0
6.70,6.666666666666667,96.99499330346073,128,33,0,0,457.99,87.0,0,0
6.70,6.666666666666667,97.01873391544336,128,33,0,0,472.3,90.0,0,0
6.70,6.666666666666667,97.02706145160023,128,33,0,0,486.61,93.0,0,0
6.72,6.666666666666667,97.05425111860383,128,33,0,0,500.92,96.0,0,0
6.72,6.666666666666667,97.07175825171366,128,33,0,0,515.23,99.0,0,0
6.72,8.571428571428571,97.09455048954752,128,33,0,0,520,100.0,0,0
6.72,8.571428571428571,97.08859181252724,128,33,0,0,505.69,97.0,0,0
6.72,8.571428571428571,97.07111783698691,128,33,0,0,491.38,94.0,0,0
6.72,8.571428571428571,97.06962802652617,128,33,0,0,477.07,91.0,0,0
6.72,8.571428571428571,97.05657093560349,129,33,0,0,462.76,88.0,0,0
6.72,8.571428571428571,97.04046799618077,129,33,0,0,448.45,85.0,0,0
6.72,8.571428571428571,97.02876758192622,129,33,0,0,434.14,82.0,0,0
6.72,8.571428571428571,97.02279059340245,129,33,0,0,419.83,79.0,0,0
6.73,8.571428571428571,97.01347853184363,129,33,0,0,405.52,76.0,0,0
6.73,8.571428571428571,97.00489586497348,129,33,0,0,391.21,73.0,0,0
6.73,8.571428571428571,96.99153211498341,129,33,0,0,376.9,70.0,0,0
6.73,8.571428571428571,96.98029911442998,129,33,0,0,362.59000000000003,67.0,0,0
6.73,8.571428571428571,96.97158320939899,129,33,0,0,348.28,63.99999999999999,0,0
6.73,8.571428571428571,96.96042205480254,129,33,0,0,333.96999999999997,60.99999999999999,0,0
6.73,8.571428571428571,96.94201534284169,129,33,0,0,319.65999999999997,57.99999999999999,0,0
6.73,8.571428571428571,96.93165098755682,129,33,0,0,305.34999999999997,54.99999999999999,0,0
6.73,8.571428571428571,96.91897234683216,129,33,0,0,291.03999999999996,51.99999999999999,0,0
6.73,8.571428571428571,96.90987719450776,129,33,0,0,276.7299999999999,48.99999999999998,0,0
6.75,8.571428571428571,96.9043232646055,129,33,0,0,262.4199999999999,45.99999999999997,0,0
6.75,8.571428571428571,96.88381794392838,129,33,0,0,248.10999999999984,42.99999999999997,0,0
6.75,8.571428571428571,96.87407463576339,129,33,0,0,233.79999999999984,39.99999999999997,0,0
6.75,8.571428571428571,96.86748166611667,129,33,0,0,219.48999999999984,36.999999999999964,0,0
6.75,8.571428571428571,96.86017987699748,129,33,0,0,205.1799999999999,33.99999999999997,0,0
6.75,8.571428571428571,96.84558094849056,130,33,0,0,190.8699999999999,30.99999999999997,0,0
6.75,8.571428571428571,96.83344314360389,130,33,0,0,176.55999999999983,27.99999999999997,0,0
6.75,8.571428571428571,96.82719848357164,130,33,0,0,162.24999999999983,24.99999999999997,0,0
6.75,8.571428571428571,96.80929220889944,130,33,0,0,147.93999999999988,21.99999999999997,0,0
6.75,8.571428571428571,96.8041297320012,130,33,0,0,133.62999999999988,18.99999999999997,0,0
6.77,8.571428571428571,96.79367849783405,130,33,0,0,119.31999999999988,15.999999999999972,0,0
6.77,8.571428571428571,96.77904483982869,130,33,0,0,105.00999999999982,12.999999999999972,0,0
6.77,8.571428571428571,96.76727500375057,130,33,0,0,90.69999999999987,9.999999999999972,0,0
6.77,8.571428571428571,96.76354430064983,130,33,0,0,76.38999999999987,6.999999999999972,0,0
6.77,8.571428571428571,96.74749062687904,130,33,0,0,62.07999999999987,3.9999999999999716,0,0
6.77,8.571428571428571,96.7387229968089,130,33,0,0,47.76999999999987,0.9999999999999716,0,0
6.77,8.571428571428571,96.7235751247856,131,33,0,0,43,0.0,0,0
6.77,8.571428571428571,96.72694439231493,131,33,0,0,57.31,3.0,0,0
6.77,8.571428571428571,96.7270462674037,131,33,0,0,71.62,6.0,0,0
6.77,8.571428571428571,96.73533229743789,131,33,0,0,85.93,9.0,0,0
6.78,8.571428571428571,96.734293528489,131,33,0,0,100.24000000000001,12.0,0,0
6.78,8.571428571428571,96.7343220064762,131,33,0,0,114.55000000000001,15.0,0,0
6.78,8.571428571428571,96.73349103660922,131,33,0,0,128.86,18.0,0,0
6.78,8.571428571428571,96.73951362530366,131,33,0,0,143.16999999999996,21.0,0,0
6.78,8.571428571428571,96.73735623796433,131,33,0,0,157.48000000000002,24.0,0,0
6.78,8.571428571428571,96.74439357643074,131,33,0,0,171.79000000000002,27.0,0,0
6.78,8.571428571428571,96.74758155732603,131,33,0,0,186.10000000000002,30.0,0,0
6.78,8.571428571428571,96.74558680487421,131,33,0,0,200.40999999999997,33.0,0,0
6.80,8.571428571428571,96.74252846685266,131,33,0,0,214.71999999999997,36.0,0,0
6.80,8.571428571428571,96.74394958220941,131,33,0,0,229.03000000000003,39.0,0,0
6.80,8.571428571428571,96.74408796283922,131,33,0,0,243.34000000000003,42.00000000000001,0,0
6.80,8.571428571428571,96.74802961885231,131,33,0,0,257.65000000000003,45.00000000000001,0,0
6.80,8.571428571428571,96.7494987979486,131,33,0,0,271.96000000000004,48.00000000000001,0,0
6.80,8.571428571428571,96.77058486048776,131,33,0,0,286.27000000000004,51.00000000000001,0,0
6.80,8.571428571428571,96.77913511196775,131,33,0,0,300.58000000000004,54.00000000000001,0,0
6.80,8.571428571428571,96.78938857978348,131,33,0,0,314.89000000000004,57.000000000000014,0,0
6.80,8.571428571428571,96.80732179627459,131,33,0,0,329.20000000000005,60.00000000000001,0,0
6.80,8.571428571428571,96.81428764842349,131,33,0,0,343.51,63.0,0,0
6.82,8.571428571428571,96.83074145473606,131,33,0,0,357.82,66.0,0,0
6.82,8.571428571428571,96.85406618412689,131,33,0,0,372.13,69.0,0,0
6.82,8.571428571428571,96.88113951957497,131,33,0,0,386.44,72.0,0,0
6.82,8.571428571428571,96.89160657650568,131,33,0,0,400.75,75.0,0,0
6.82,8.571428571428571,96.89849594304744,131,33,0,0,415.06,78.0,0,0
6.82,8.571428571428571,96.92277600672782,131,33,0,0,429.37,81.0,0,0
6.82,8.571428571428571,96.94572381606194,131,33,0,0,443.68,84.0,0,0
6.82,8.571428571428571,96.95812413350414,131,33,0,0,457.99,87.0,0,0
6.82,8.571428571428571,96.97650395568876,131,33,0,0,472.3,90.0,0,0
6.82,8.571428571428571,96.99710945345211,132,33,0,0,486.61,93.0,0,0
6.83,8.571428571428571,97.0092582800088,132,33,0,0,500.92,96.0,0,0
6.83,8.571428571428571,97.03888195729328,132,33,0,0,515.23,99.0,0,0
6.83,8.571428571428571,97.05410542379028,132,33,0,0,520,100.0,0,0
6.83,8.571428571428571,97.04609791401666,132,33,0,0,505.69,97.0,0,0
6.83,8.571428571428571,97.03475934728918,132,33,0,0,491.38,94.0,0,0
6.83,8.571428571428571,97.02297388548482,132,33,0,0,477.07,91.0,0,0
6.83,8.571428571428571,97.00513564863894,132,33,0,0,462.76,88.0,0,0
6.83,8.571428571428571,97.00086997420301,133,33,0,0,448.45,85.0,0,0
6.83,8.571428571428571,96.98016590062906,133,33,0,0,434.14,82.0,0,0
6.83,8.571428571428571,96.97566933691364,133,33,0,0,419.83,79.0,0,0
6.85,8.571428571428571,96.96048125887079,133,33,0,0,405.52,76.0,0,0
6.85,8.571428571428571,96.94944852469571,133,34,0,0,391.21,73.0,0,0
6.85,8.571428571428571,96.93834328024923,133,34,0,0,376.9,70.0,0,0
6.85,8.571428571428571,96.9336200267207,133,34,0,0,362.59000000000003,67.0,0,0
6.85,8.571428571428571,96.92038144142009,133,34,0,0,348.28,63.99999999999999,0,0
6.85,8.571428571428571,96.9164047724777,133,34,0,0,333.96999999999997,60.99999999999999,0,0
6.85,8.571428571428571,96.90345756857027,133,34,0,0,319.65999999999997,57.99999999999999,0,0
6.85,8.571428571428571,96.89496962464077,133,34,0,0,305.34999999999997,54.99999999999999,0,0
6.85,8.571428571428571,96.88542783287495,133,34,0,0,291.03999999999996,51.99999999999999,0,0
6.85,8.571428571428571,96.8797644431142,133,34,0,0,276.7299999999999,48.99999999999998,0,0
6.87,8.571428571428571,96.85964840893811,133,34,0,0,262.4199999999999,45.99999999999997,0,0
6.87,8.571428571428571,96.84695479846074,133,34,0,0,248.10999999999984,42.99999999999997,0,0
6.87,8.571428571428571,96.83606969200385,133,34,0,0,233.79999999999984,39.99999999999997,0,0
6.87,8.571428571428571,96.82993543964511,133,34,0,0,219.48999999999984,36.999999999999964,0,0
6.87,8.571428571428571,96.82265050940362,133,34,0,0,205.1799999999999,33.99999999999997,0,0
6.87,8.571428571428571,96.81310629704552,133,34,0,0,190.8699999999999,30.99999999999997,0,0
6.87,8.571428571428571,96.80750866354784,133,34,0,0,176.55999999999983,27.99999999999997,0,0
6.87,8.571428571428571,96.79681553622584,133,34,0,0,162.24999999999983,24.99999999999997,0,0
6.87,8.571428571428571,96.79192890564657,133,34,0,0,147.93999999999988,21.99999999999997,0,0
6.87,8.571428571428571,96.78541880124497,133,34,0,0,133.62999999999988,18.99999999999997,0,0
6.88,8.571428571428571,96.7705012194117,133,34,0,0,119.31999999999988,15.999999999999972,0,0
6.88,8.571428571428571,96.76343666694567,133,34,0,0,105.00999999999982,12.999999999999972,0,0
6.88,8.571428571428571,96.75327759594302,133,34,0,0,90.69999999999987,9.999999999999972,0,0
6.88,8.571428571428571,96.74371073470824,133,34,0,0,76.38999999999987,6.999999999999972,0,0
6.88,8.571428571428571,96.735158740605,133,34,0,0,62.07999999999987,3.9999999999999716,0,0
6.88,8.571428571428571,96.73192847610242,133,34,0,0,47.76999999999987,0.9999999999999716,0,0
6.88,8.571428571428571,96.71134317154774,133,34,0,0,43,0.0,0,0
6.88,8.571428571428571,96.71818147485868,133,34,0,0,57.31,3.0,0,0
6.88,8.571428571428571,96.72247962070233,133,34,0,0,71.62,6.0,0,0
6.88,8.571428571428571,96.7212184675125,133,34,0,0,85.93,9.0,0,0
6.90,8.571428571428571,96.72873478803696,133,34,0,0,100.24000000000001,12.0,0,0
6.90,8.571428571428571,96.74344598486564,133,34,0,0,114.55000000000001,15.0,0,0
6.90,8.571428571428571,96.74949963717391,133,34,0,0,128.86,18.0,0,0
6.90,8.571428571428571,96.75090895616228,133,34,0,0,143.16999999999996,21.0,0,0
6.90,8.571428571428571,96.7624722800478,133,34,0,0,157.48000000000002,24.0,0,0
6.90,8.571428571428571,96.76760491856612,133,34,0,0,171.79000000000002,27.0,0,0
6.90,8.571428571428571,96.77336600346842,133,34,0,0,186.10000000000002,30.0,0,0
6.90,8.571428571428571,96.77984132781054,133,34,0,0,200.40999999999997,33.0,0,0
6.90,8.571428571428571,96.77716274003858,133,34,0,0,214.71999999999997,36.0,0,0
6.90,8.571428571428571,96.7767944357221,133,34,0,0,229.03000000000003,39.0,0,0
6.92,8.571428571428571,96.78490719634955,133,34,0,0,243.34000000000003,42.00000000000001,0,0
6.92,8.571428571428571,96.78519106882506,133,34,0,0,257.65000000000003,45.00000000000001,0,0
6.92,8.571428571428571,96.7806031894037,133,34,0,0,271.96000000000004,48.00000000000001,0,0
6.92,8.571428571428571,96.8044257800843,133,34,0,0,286.27000000000004,51.00000000000001,0,0
6.92,8.571428571428571,96.82593250182438,133,34,0,0,300.58000000000004,54.00000000000001,0,0
6.92,8.571428571428571,96.83872697758507,133,34,0,0,314.89000000000004,57.000000000000014,0,0
6.92,8.571428571428571,96.85376670139699,133,34,0,0,329.20000000000005,60.00000000000001,0,0
6.92,8.571428571428571,96.85906718204407,133,34,0,0,343.51,63.0,0,0
6.92,8.571428571428571,96.88171102007553,133,34,0,0,357.82,66.0,0,0
6.92,8.571428571428571,96.89996898325599,133,34,0,0,372.13,69.0,0,0
6.93,8.571428571428571,96.92330898338709,133,34,0,0,386.44,72.0,0,0
6.93,8.571428571428571,96.93879114172022,133,34,0,0,400.75,75.0,0,0
6.93,8.571428571428571,96.94151172642074,133,34,0,0,415.06,78.0,0,0
6.93,8.571428571428571,96.96905905746353,133,34,0,0,429.37,81.0,0,0
6.93,8.571428571428571,96.99290021992942,133,34,0,0,443.68,84.0,0,0
6.93,8.571428571428571,97.0063868522331,133,34,0,0,457.99,87.0,0,0
6.93,8.571428571428571,97.03762261374649,133,34,0,0,472.3,90.0,0,0
6.93,8.571428571428571,97.06338005213188,133,34,0,0,486.61,93.0,0,0
6.93,8.571428571428571,97.08072009964809,133,34,0,0,500.92,96.0,0,0
6.93,8.571428571428571,97.10463198514529,133,34,0,0,515.23,99.0,0,0
6.95,8.571428571428571,97.1195167828645,133,34,0,0,520,100.0,0,0
6.95,8.571428571428571,97.10329442812964,133,34,0,0,505.69,97.0,0,0
6.95,8.571428571428571,97.09509164894236,133,34,0,0,491.38,94.0,0,0
6.95,8.571428571428571,97.08605659573273,133,34,0,0,477.07,91.0,0,0
6.95,8.571428571428571,97.0789972877209,133,34,0,0,462.76,88.0,0,0
6.95,8.571428571428571,97.07063385213,133,34,0,0,448.45,85.0,0,0
6.95,8.571428571428571,97.06018111507163,133,34,0,0,434.14,82.0,0,0
6.95,8.571428571428571,97.05872452340728,133,34,0,0,419.83,79.0,0,0
6.95,8.571428571428571,97.05066507500703,133,34,0,0,405.52,76.0,0,0
6.95,8.571428571428571,97.04444880352094,133,34,0,0,391.21,73.0,0,0
6.97,8.571428571428571,97.03794528922248,133,34,0,0,376.9,70.0,0,0
6.97,8.571428571428571,97.02905175199524,133,34,0,0,362.59000000000003,67.0,0,0
6.97,8.571428571428571,97.01962616007745,134,34,0,0,348.28,63.99999999999999,0,0
6.97,8.571428571428571,97.00596698578042,134,34,0,0,333.96999999999997,60.99999999999999,0,0
6.97,8.571428571428571,96.99796480390435,134,34,0,0,319.65999999999997,57.99999999999999,0,0
6.97,8.571428571428571,96.97862385459989,134,34,0,0,305.34999999999997,54.99999999999999,0,0
6.97,8.571428571428571,96.9700400166885,134,34,0,0,291.03999999999996,51.99999999999999,0,0
6.97,8.571428571428571,96.95435433924654,134,34,0,0,276.7299999999999,48.99999999999998,0,0
6.97,8.571428571428571,96.9472603941216,134,34,0,0,262.4199999999999,45.99999999999997,0,0
6.97,8.571428571428571,96.93229208668757,134,34,0,0,248.10999999999984,42.99999999999997,0,0
6.98,8.571428571428571,96.92366184873393,134,34,0,0,233.79999999999984,39.99999999999997,0,0
6.98,8.571428571428571,96.90688228150137,134,34,0,0,219.48999999999984,36.999999999999964,0,0
6.98,8.571428571428571,96.89882292584652,134,34,0,0,205.1799999999999,33.99999999999997,0,0
6.98,8.571428571428571,96.88273457142739,134,34,0,0,190.8699999999999,30.99999999999997,0,0
6.98,8.571428571428571,96.88075615679718,134,34,0,0,176.55999999999983,27.99999999999997,0,0
6.98,8.571428571428571,96.87195434007887,134,34,0,0,162.24999999999983,24.99999999999997,0,0
6.98,8.571428571428571,96.86486324759484,134,34,0,0,147.93999999999988,21.99999999999997,0,0
6.98,8.571428571428571,96.8538874367193,134,34,0,0,133.62999999999988,18.99999999999997,0,0
6.98,8.571428571428571,96.83878452881433,134,34,0,0,119.31999999999988,15.999999999999972,0,0
6.98,8.571428571428571,96.83275988780188,134,34,0,0,105.00999999999982,12.999999999999972,0,0
7.00,8.571428571428571,96.81882218765108,134,34,0,0,90.69999999999987,9.999999999999972,0,0
7.00,8.571428571428571,96.81049423207826,134,34,0,0,76.38999999999987,6.999999999999972,0,0
7.00,8.571428571428571,96.79716264541291,134,34,0,0,62.07999999999987,3.9999999999999716,0,0
7.00,8.571428571428571,96.78478507135529,134,34,0,0,47.76999999999987,0.9999999999999716,0,0
7.00,8.571428571428571,96.76772980139526,134,34,0,0,43,0.0,0,0
7.00,8.571428571428571,96.76747682176612,134,34,0,0,57.31,3.0,0,0
7.00,8.571428571428571,96.76410246503681,134,34,0,0,71.62,6.0,0,0
7.00,8.571428571428571,96.77073768981681,134,34,0,0,85.93,9.0,0,0
7.00,8.571428571428571,96.77995744383416,134,34,0,0,100.24000000000001,12.0,0,0
7.02,8.571428571428571,96.79064596781356,134,34,0,0,114.55000000000001,15.0,0,0
7.02,8.571428571428571,96.792204153116,134,34,0,0,128.86,18.0,0,0
7.02,8.571428571428571,96.80203084114639,134,34,0,0,143.16999999999996,21.0,0,0
7.02,8.571428571428571,96.80224398366012,134,34,0,0,157.48000000000002,24.0,0,0
7.02,8.571428571428571,96.79990077869253,134,34,0,0,171.79000000000002,27.0,0,0
7.02,8.571428571428571,96.79828594517153,134,34,0,0,186.10000000000002,30.0,0,0
7.02,8.571428571428571,96.80181069818975,134,34,0,0,200.40999999999997,33.0,0,0
7.02,8.571428571428571,96.80846693262174,134,34,0,0,214.71999999999997,36.0,0,0
7.02,8.571428571428571,96.8093838542669,134,34,0,0,229.03000000000003,39.0,0,0
7.02,8.571428571428571,96.8120692960559,134,34,0,0,243.34000000000003,42.00000000000001,0,0
7.03,8.571428571428571,96.82625444559518,134,34,0,0,257.65000000000003,45.00000000000001,0,0
7.03,8.571428571428571,96.84126553285205,134,34,0,0,271.96000000000004,48.00000000000001,0,0
7.03,8.571428571428571,96.8527131863747,134,34,0,0,286.27000000000004,51.00000000000001,0,0
7.03,8.571428571428571,96.86423832349108,134,34,0,0,300.58000000000004,54.00000000000001,0,0
7.03,8.571428571428571,96.8739849666305,134,34,0,0,314.89000000000004,57.000000000000014,0,0
7.03,8.571428571428571,96.8894889796641,134,34,0,0,329.20000000000005,60.00000000000001,0,0
7.03,8.571428571428571,96.91675309585872,134,34,0,0,343.51,63.0,0,0
7.03,8.571428571428571,96.93922924629132,134,34,0,0,357.82,66.0,0,0
7.05,8.571428571428571,96.94965302812095,134,34,0,0,372.13,69.0,0,0
7.05,8.571428571428571,96.96082795497391,134,34,0,0,386.44,72.0,0,0
7.05,8.571428571428571,96.97944890685197,134,34,0,0,400.75,75.0,0,0
7.05,8.571428571428571,96.99158919997721,134,34,0,0,415.06,78.0,0,0
7.05,8.571428571428571,97.00170680661584,134,34,0,0,429.37,81.0,0,0
7.05,8.571428571428571,97.02703774385078,134,34,0,0,443.68,84.0,0,0
7.05,8.571428571428571,97.04647272255356,134,34,0,0,457.99,87.0,0,0
7.05,8.571428571428571,97.05936433985157,134,34,0,0,472.3,90.0,0,0
7.05,8.571428571428571,97.07657703881243,135,34,0,0,486.61,93.0,0,0
7.05,8.571428571428571,97.09256997245552,135,34,0,0,500.92,96.0,0,0
7.07,8.571428571428571,97.10454835767108,136,34,0,0,515.23,99.0,0,0
7.07,8.571428571428571,97.11189154545544,136,34,0,0,520,100.0,0,0
7.07,8.571428571428571,97.09869975900237,136,34,0,0,505.69,97.0,0,0
7.07,8.571428571428571,97.08712327123978,136,34,0,0,491.38,94.0,0,0
7.07,8.571428571428571,97.08078900287309,136,34,0,0,477.07,91.0,0,0
7.07,8.571428571428571,97.06145070631506,136,34,0,0,462.76,88.0,0,0
7.07,8.571428571428571,97.05284710845966,136,34,0,0,448.45,85.0,0,0
7.07,8.571428571428571,97.04685912233595,136,34,0,0,434.14,82.0,0,0
7.07,8.571428571428571,97.04019369099844,136,34,0,0,419.83,79.0,0,0
7.07,8.571428571428571,97.03182001516639,136,34,0,0,405.52,76.0,0,0
7.08,8.571428571428571,97.02775765885892,136,34,0,0,391.21,73.0,0,0
7.08,8.571428571428571,97.01826787104973,136,34,0,0,376.9,70.0,0,0
7.08,8.571428571428571,97.01497001708456,136,34,0,0,362.59000000000003,67.0,0,0
7.08,8.571428571428571,96.99791629315317,136,34,0,0,348.28,63.99999999999999,0,0
7.08,8.571428571428571,96.98214655628918,136,34,0,0,333.96999999999997,60.99999999999999,0,0
7.08,8.571428571428571,96.97046615914485,136,34,0,0,319.65999999999997,57.99999999999999,0,0
7.08,8.571428571428571,96.95726889576571,136,34,0,0,305.34999999999997,54.99999999999999,0,0
7.08,8.571428571428571,96.94680757725014,136,34,0,0,291.03999999999996,51.99999999999999,0,0
7.08,8.571428571428571,96.93121017394405,136,34,0,0,276.7299999999999,48.99999999999998,0,0
7.08,8.571428571428571,96.92531382508967,136,34,0,0,262.4199999999999,45.99999999999997,0,0
7.10,8.571428571428571,96.91552193258687,136,34,0,0,248.10999999999984,42.99999999999997,0,0
7.10,8.571428571428571,96.90212674299427,136,34,0,0,233.79999999999984,39.99999999999997,0,0
7.10,8.571428571428571,96.89778661786988,136,34,0,0,219.48999999999984,36.999999999999964,0,0
7.10,8.571428571428571,96.88671860594476,136,34,0,0,205.1799999999999,33.99999999999997,0,0
7.10,8.571428571428571,96.87782365643285,136,34,0,0,190.8699999999999,30.99999999999997,0,0
7.10,8.571428571428571,96.86776442121794,136,34,0,0,176.55999999999983,27.99999999999997,0,0
7.10,8.571428571428571,96.86267152641275,136,34,0,0,162.24999999999983,24.99999999999997,0,0
7.10,8.571428571428571,96.84819483984992,136,34,0,0,147.93999999999988,21.99999999999997,0,0
7.10,8.571428571428571,96.83645967901778,136,34,0,0,133.62999999999988,18.99999999999997,0,0
7.10,8.571428571428571,96.82904693588188,136,34,0,0,119.31999999999988,15.999999999999972,0,0
7.12,8.571428571428571,96.82135240197125,136,34,0,0,105.00999999999982,12.999999999999972,0,0
7.12,8.571428571428571,96.81355092001651,136,34,0,0,90.69999999999987,9.999999999999972,0,0
7.12,8.571428571428571,96.8057574728409,136,34,0,0,76.38999999999987,6.999999999999972,0,0
7.12,8.571428571428571,96.78891484968474,137,34,0,0,62.07999999999987,3.9999999999999716,0,0
7.12,8.571428571428571,96.7758041016477,137,34,0,0,47.76999999999987,0.9999999999999716,0,0
7.12,8.571428571428571,96.77079202887562,137,34,0,0,43,0.0,0,0
7.12,8.571428571428571,96.77189571391341,138,34,0,0,57.31,3.0,0,0
7.13,8.571428571428571,96.77678082102547,138,34,0,0,71.62,6.0,0,0
7.13,8.571428571428571,96.78377054369098,138,34,0,0,85.93,9.0,0,0
7.13,8.571428571428571,96.791486455539,138,34,0,0,100.24000000000001,12.0,0,0
7.13,8.571428571428571,96.7944289051734,138,35,0,0,114.55000000000001,15.0,0,0
7.13,8.571428571428571,96.80800545108943,138,35,0,0,128.86,18.0,0,0
7.13,8.571428571428571,96.80980717867305,138,35,0,0,143.16999999999996,21.0,0,0
7.13,8.571428571428571,96.80318016528861,138,35,0,0,157.48000000000002,24.0,0,0
7.13,8.571428571428571,96.79777932627715,138,35,0,0,171.79000000000002,27.0,0,0
7.15,8.571428571428571,96.79955559676714,138,35,0,0,186.10000000000002,30.0,0,0
7.15,8.571428571428571,96.8104821196836,138,35,0,0,200.40999999999997,33.0,0,0
7.15,8.571428571428571,96.81642098610499,138,35,0,0,214.71999999999997,36.0,0,0
7.15,8.571428571428571,96.8242888178981,138,35,0,0,229.03000000000003,39.0,0,0
7.15,8.571428571428571,96.82355445082952,138,35,0,0,243.34000000000003,42.00000000000001,0,0
7.15,8.571428571428571,96.82054006113268,138,35,0,0,257.65000000000003,45.00000000000001,0,0
7.15,8.571428571428571,96.82927259316966,138,35,0,0,271.96000000000004,48.00000000000001,0,0
7.15,8.571428571428571,96.84518465069206,138,35,0,0,286.27000000000004,51.00000000000001,0,0
7.15,8.571428571428571,96.85015417684008,138,35,0,0,300.58000000000004,54.00000000000001,0,0
7.15,8.571428571428571,96.86943898184832,138,35,0,0,314.89000000000004,57.000000000000014,0,0
7.17,8.571428571428571,96.880700381965,138,35,0,0,329.20000000000005,60.00000000000001,0,0
7.17,8.571428571428571,96.89563828087195,138,35,0,0,343.51,63.0,0,0
7.17,8.571428571428571,96.91084903738718,138,35,0,0,357.82,66.0,0,0
7.17,8.571428571428571,96.91880002602348,138,35,0,0,372.13,69.0,0,0
7.17,8.571428571428571,96.92290080115866,138,35,0,0,386.44,72.0,0,0
7.17,8.571428571428571,96.93093343847694,138,35,0,0,400.75,75.0,0,0
7.17,8.571428571428571,96.95591918615592,138,35,0,0,415.06,78.0,0,0
7.17,8.571428571428571,96.98379817200407,138,35,0,0,429.37,81.0,0,0
7.17,8.571428571428571,96.99614071296041,138,35,0,0,443.68,84.0,0,0
7.18,8.571428571428571,97.01150642381403,138,35,0,0,457.99,87.0,0,0
7.18,8.571428571428571,97.02176770339211,138,35,0,0,472.3,90.0,0,0
7.18,8.571428571428571,97.04238554682362,138,35,0,0,486.61,93.0,0,0
7.18,8.571428571428571,97.05366351085443,138,35,0,0,500.92,96.0,0,0
7.18,8.571428571428571,97.06874766672587,138,35,0,0,515.23,99.0,0,0
7.18,8.571428571428571,97.08780694151942,138,35,0,0,520,100.0,0,0
7.18,8.571428571428571,97.08131777434214,138,35,0,0,505.69,97.0,0,0
7.18,8.571428571428571,97.06835749853808,138,35,0,0,491.38,94.0,0,0
7.18,8.571428571428571,97.0657768901316,138,35,0,0,477.07,91.0,0,0
7.18,8.571428571428571,97.04816747109398,138,35,0,0,462.76,88.0,0,0
7.20,8.571428571428571,97.03767519183248,138,35,0,0,448.45,85.0,0,0
7.20,8.571428571428571,97.02899679030998,138,35,0,0,434.14,82.0,0,0
7.20,8.571428571428571,97.00884518964942,138,35,0,0,419.83,79.0,0,0
7.20,8.571428571428571,97.0018247392665,138,35,0,0,405.52,76.0,0,0
7.20,8.571428571428571,96.98915676977332,138,35,0,0,391.21,73.0,0,0
7.20,8.571428571428571,96.97482287509071,138,35,0,0,376.9,70.0,0,0
7.20,8.571428571428571,96.95869318566547,138,35,0,0,362.59000000000003,67.0,0,0
7.20,8.571428571428571,96.9488648636557,138,35,0,0,348.28,63.99999999999999,0,0
7.22,8.571428571428571,96.94178046471808,138,35,0,0,333.96999999999997,60.99999999999999,0,0
7.22,8.571428571428571,96.92417599039965,138,35,0,0,319.65999999999997,57.99999999999999,0,0
7.22,8.571428571428571,96.91660904099687,138,35,0,0,305.34999999999997,54.99999999999999,0,0
7.22,8.571428571428571,96.89870622725793,138,35,0,0,291.03999999999996,51.99999999999999,0,0
7.22,8.571428571428571,96.89566555551446,138,35,0,0,276.7299999999999,48.99999999999998,0,0
7.22,8.571428571428571,96.88868330552287,138,35,0,0,262.4199999999999,45.99999999999997,0,0
7.22,8.571428571428571,96.87027607612188,138,35,0,0,248.10999999999984,42.99999999999997,0,0
7.23,8.571428571428571,96.86238870974663,138,35,0,0,233.79999999999984,39.99999999999997,0,0
7.23,8.571428571428571,96.84605525353902,138,35,0,0,219.48999999999984,36.999999999999964,0,0
7.23,8.571428571428571,96.83714844558365,138,35,0,0,205.1799999999999,33.99999999999997,0,0
7.23,8.571428571428571,96.82788874744364,138,35,0,0,190.8699999999999,30.99999999999997,0,0
7.23,8.571428571428571,96.81640041670181,138,35,0,0,176.55999999999983,27.99999999999997,0,0
7.23,8.571428571428571,96.80968514775341,138,35,0,0,162.24999999999983,24.99999999999997,0,0
7.23,8.571428571428571,96.79125578303325,138,35,0,0,147.93999999999988,21.99999999999997,0,0
7.23,8.571428571428571,96.79186225587515,138,35,0,0,133.62999999999988,18.99999999999997,0,0
7.23,8.571428571428571,96.77585696174755,138,35,0,0,119.31999999999988,15.999999999999972,0,0
7.23,8.571428571428571,96.76420379773523,138,35,0,0,105.00999999999982,12.999999999999972,0,0
7.23,8.571428571428571,96.74851484458021,138,35,0,0,90.69999999999987,9.999999999999972,0,0
7.25,8.571428571428571,96.74413289410583,138,35,0,0,76.38999999999987,6.999999999999972,0,0
7.25,8.571428571428571,96.73028353479316,138,35,0,0,62.07999999999987,3.9999999999999716,0,0
7.25,8.571428571428571,96.72180117312882,138,35,0,0,47.76999999999987,0.9999999999999716,0,0
7.25,8.571428571428571,96.70863481648676,138,35,0,0,43,0.0,0,0
7.25,8.571428571428571,96.71816935470925,138,35,0,0,57.31,3.0,0,0
7.25,8.571428571428571,96.72464518270304,138,35,0,0,71.62,6.0,0,0
7.25,8.571428571428571,96.73875726286782,138,35,0,0,85.93,9.0,0,0
7.25,8.571428571428571,96.73291254898794,138,35,0,0,100.24000000000001,12.0,0,0
7.27,8.571428571428571,96.74109471155617,138,35,0,0,114.55000000000001,15.0,0,0
7.27,8.571428571428571,96.75076156517343,138,35,0,0,128.86,18.0,0,0
7.27,8.571428571428571,96.75693425871846,138,35,0,0,143.16999999999996,21.0,0,0
7.27,8.571428571428571,96.76557078783698,138,35,0,0,157.48000000000002,24.0,0,0
7.27,8.571428571428571,96.7759576472999,138,35,0,0,171.79000000000002,27.0,0,0
7.27,8.571428571428571,96.7711167022129,138,35,0,0,186.10000000000002,30.0,0,0
7.27,8.571428571428571,96.78111654828794,138,35,0,0,200.40999999999997,33.0,0,0
7.27,8.571428571428571,96.78071504275414,138,35,0,0,214.71999999999997,36.0,0,0
7.27,8.571428571428571,96.78320397204465,138,35,0,0,229.03000000000003,39.0,0,0
7.28,8.571428571428571,96.77940388509217,138,35,0,0,243.34000000000003,42.00000000000001,0,0
7.28,8.571428571428571,96.79210278418358,138,35,0,0,257.65000000000003,45.00000000000001,0,0
7.28,8.571428571428571,96.7982912814895,138,35,0,0,271.96000000000004,48.00000000000001,0,0
7.28,8.571428571428571,96.81144719472495,138,35,0,0,286.27000000000004,51.00000000000001,0,0
7.28,8.571428571428571,96.81663792620357,138,35,0,0,300.58000000000004,54.00000000000001,0,0
7.30,8.571428571428571,96.82654515452015,138,35,0,0,314.89000000000004,57.000000000000014,0,0
7.30,8.571428571428571,96.83356412321227,138,35,0,0,329.20000000000005,60.00000000000001,0,0
7.30,8.571428571428571,96.83703927076493,138,35,0,0,343.51,63.0,0,0
7.30,8.571428571428571,96.84591431032369,138,35,0,0,357.82,66.0,0,0
7.30,8.571428571428571,96.86066579306832,138,35,0,0,372.13,69.0,0,0
7.30,8.571428571428571,96.87902318312032,138,35,0,0,386.44,72.0,0,0
7.30,8.571428571428571,96.89994349048712,138,35,0,0,400.75,75.0,0,0
7.30,8.571428571428571,96.91951862198816,138,36,0,0,415.06,78.0,0,0
7.30,8.571428571428571,96.93997137388631,138,36,0,0,429.37,81.0,0,0
7.30,8.571428571428571,96.95190902368769,138,36,0,0,443.68,84.0,0,0
7.32,8.571428571428571,96.97649963662677,138,36,0,0,457.99,87.0,0,0
7.32,8.571428571428571,96.99892120696745,138,36,0,0,472.3,90.0,0,0
7.32,8.571428571428571,97.01345726738148,138,36,0,0,486.61,93.0,0,0
7.32,8.571428571428571,97.03532306181754,138,36,0,0,500.92,96.0,0,0
7.32,8.571428571428571,97.04610117100337,138,36,0,0,515.23,99.0,0,0
7.32,7.5,97.05987412109087,138,36,0,0,520,100.0,0,0
7.32,7.5,97.05343053620814,139,36,0,0,505.69,97.0,0,0
7.33,7.5,97.04371371254446,139,36,0,0,491.38,94.0,0,0
7.33,7.5,97.03093267831002,139,36,0,0,477.07,91.0,0,0
7.33,7.5,97.0253987570964,139,36,0,0,462.76,88.0,0,0
7.33,7.5,97.01027351187112,139,36,0,0,448.45,85.0,0,0
7.33,7.5,96.99208632269065,139,36,0,0,434.14,82.0,0,0
7.33,7.5,96.98241342580242,139,36,0,0,419.83,79.0,0,0
7.33,7.5,96.97358630805067,139,36,0,0,405.52,76.0,0,0
7.33,7.5,96.96612874305039,139,36,0,0,391.21,73.0,0,0
7.33,7.5,96.95100971448001,139,36,0,0,376.9,70.0,0,0
7.33,7.5,96.94340243606783,139,36,0,0,362.59000000000003,67.0,0,0
7.35,7.5,96.9333288833215,139,36,0,0,348.28,63.99999999999999,0,0
7.35,7.5,96.92837269417927,139,36,0,0,333.96999999999997,60.99999999999999,0,0
7.35,7.5,96.91425682173728,139,36,0,0,319.65999999999997,57.99999999999999,0,0
7.35,7.5,96.90322002213746,139,36,0,0,305.34999999999997,54.99999999999999,0,0
7.35,7.5,96.8866523644551,139,36,0,0,291.03999999999996,51.99999999999999,0,0
7.35,7.5,96.87818706378933,139,36,0,0,276.7299999999999,48.99999999999998,0,0
7.35,7.5,96.87530291275155,139,36,0,0,262.4199999999999,45.99999999999997,0,0
7.35,7.5,96.86095341277138,139,36,0,0,248.10999999999984,42.99999999999997,0,0
7.35,7.5,96.85001024065568,140,36,0,0,233.79999999999984,39.99999999999997,0,0
7.35,7.5,96.84145607686574,140,36,0,0,219.48999999999984,36.999999999999964,0,0
7.37,7.5,96.8322643340518,140,36,0,0,205.1799999999999,33.99999999999997,0,0
7.37,7.5,96.81882091388886,140,36,0,0,190.8699999999999,30.99999999999997,0,0
7.37,7.5,96.80528940691414,140,36,0,0,176.55999999999983,27.99999999999997,0,0
7.37,7.5,96.79425168130699,140,36,0,0,162.24999999999983,24.99999999999997,0,0
7.37,7.5,96.78868737166515,140,36,0,0,147.93999999999988,21.99999999999997,0,0
7.37,7.5,96.78366234774117,140,36,0,0,133.62999999999988,18.99999999999997,0,0
7.37,7.5,96.77492317402475,140,36,0,0,119.31999999999988,15.999999999999972,0,0
7.37,7.5,96.7659500873546,140,36,0,0,105.00999999999982,12.999999999999972,0,0
7.37,7.5,96.75158629419424,140,36,0,0,90.69999999999987,9.999999999999972,0,0
7.37,7.5,96.73705372500824,141,36,0,0,76.38999999999987,6.999999999999972,0,0
7.38,7.5,96.7358384067883,141,36,0,0,62.07999999999987,3.9999999999999716,0,0
7.38,7.5,96.72668826281256,141,36,0,0,47.76999999999987,0.9999999999999716,0,0
7.38,7.5,96.71978236798249,141,36,0,0,43,0.0,0,0
7.38,7.5,96.72380406445123,141,36,0,0,57.31,3.0,0,0
7.38,7.5,96.72336216222581,141,36,0,0,71.62,6.0,0,0
7.38,7.5,96.72792018555342,141,36,0,0,85.93,9.0,0,0
7.38,7.5,96.73766825676839,141,36,0,0,100.24000000000001,12.0,0,0
7.38,7.5,96.73573858303659,141,36,0,0,114.55000000000001,15.0,0,0
7.40,7.5,96.74693630601624,141,36,0,0,128.86,18.0,0,0
7.40,7.5,96.74334147267939,141,36,0,0,143.16999999999996,21.0,0,0
7.40,7.5,96.7480115070356,141,36,0,0,157.48000000000002,24.0,0,0
7.40,7.5,96.74772945424226,141,36,0,0,171.79000000000002,27.0,0,0
7.40,7.5,96.74682620285485,141,36,0,0,186.10000000000002,30.0,0,0
7.40,7.5,96.74388975666199,141,36,0,0,200.40999999999997,33.0,0,0
7.40,7.5,96.75059410905848,141,36,0,0,214.71999999999997,36.0,0,0
7.40,7.5,96.75235232232998,141,36,0,0,229.03000000000003,39.0,0,0
7.40,7.5,96.76231216369354,141,36,0,0,243.34000000000003,42.00000000000001,0,0
7.40,7.5,96.76579568515915,141,36,0,0,257.65000000000003,45.00000000000001,0,0
7.42,7.5,96.76958700067716,141,36,0,0,271.96000000000004,48.00000000000001,0,0
7.42,7.5,96.7784550825213,141,36,0,0,286.27000000000004,51.00000000000001,0,0
7.42,7.5,96.80306426208355,141,36,0,0,300.58000000000004,54.00000000000001,0,0
7.42,7.5,96.81516896002674,142,36,0,0,314.89000000000004,57.000000000000014,0,0
7.43,7.5,96.8281853962683,142,36,0,0,329.20000000000005,60.00000000000001,0,0
7.43,7.5,96.83838496562292,142,36,0,0,343.51,63.0,0,0
7.43,7.5,96.84250677918158,142,36,0,0,357.82,66.0,0,0
7.43,7.5,96.84791040437526,142,36,0,0,372.13,69.0,0,0
7.43,7.5,96.86439047514831,142,36,0,0,386.44,72.0,0,0
7.43,7.5,96.883635958355,142,36,0,0,400.75,75.0,0,0
7.43,7.5,96.89057971087647,142,36,0,0,415.06,78.0,0,0
7.43,7.5,96.91006695422102,142,36,0,0,429.37,81.0,0,0
7.45,7.5,96.92648246130558,143,36,0,0,443.68,84.0,0,0
7.45,7.5,96.94977042404966,143,36,0,0,457.99,87.0,0,0
7.45,7.5,96.95639805715885,143,36,0,0,472.3,90.0,0,0
7.45,7.5,96.96401096693339,143,36,0,0,486.61,93.0,0,0
7.45,7.5,96.97198355815469,143,36,0,0,500.92,96.0,0,0
7.45,7.5,96.98041561629907,143,36,0,0,515.23,99.0,0,0
7.45,7.5,96.99142177543794,143,36,0,0,520,100.0,0,0
7.45,7.5,96.97353477882227,143,36,0,0,505.69,97.0,0,0
7.45,7.5,96.96655823086621,143,36,0,0,491.38,94.0,0,0
7.47,7.5,96.95624344009362,143,36,0,0,477.07,91.0,0,0
7.47,7.5,96.9406065851939,143,36,0,0,462.76,88.0,0,0
7.47,7.5,96.92912038115317,143,36,0,0,448.45,85.0,0,0
7.47,7.5,96.92385809898038,143,36,0,0,434.14,82.0,0,0
7.47,7.5,96.9202114138466,143,36,0,0,419.83,79.0,0,0
7.47,7.5,96.90542704393394,143,36,0,0,405.52,76.0,0,0
7.47,7.5,96.89342872984413,143,36,0,0,391.21,73.0,0,0
7.47,7.5,96.88910685172056,143,36,0,0,376.9,70.0,0,0
7.47,7.5,96.87324181335204,143,36,0,0,362.59000000000003,67.0,0,0
7.47,7.5,96.86604882390426,143,36,0,0,348.28,63.99999999999999,0,0
7.48,7.5,96.8515510710299,143,36,0,0,333.96999999999997,60.99999999999999,0,0
7.48,7.5,96.83790179467881,143,36,0,0,319.65999999999997,57.99999999999999,0,0
7.48,7.5,96.8210821643856,143,36,0,0,305.34999999999997,54.99999999999999,0,0
7.48,7.5,96.80833947942533,143,36,0,0,291.03999999999996,51.99999999999999,0,0
7.48,7.5,96.80364666298043,143,36,0,0,276.7299999999999,48.99999999999998,0,0
7.48,7.5,96.79360818682427,143,36,0,0,262.4199999999999,45.99999999999997,0,0
7.48,7.5,96.77745486621126,143,36,0,0,248.10999999999984,42.99999999999997,0,0
7.48,7.5,96.77229256715432,143,36,0,0,233.79999999999984,39.99999999999997,0,0
7.48,7.5,96.75370005687326,143,36,0,0,219.48999999999984,36.999999999999964,0,0
7.48,7.5,96.74230174837598,143,36,0,0,205.1799999999999,33.99999999999997,0,0
7.50,7.5,96.72974141198968,143,36,0,0,190.8699999999999,30.99999999999997,0,0
7.50,7.5,96.71843563982374,143,36,0,0,176.55999999999983,27.99999999999997,0,0
7.50,7.5,96.70102796964336,143,36,0,0,162.24999999999983,24.99999999999997,0,0
7.50,7.5,96.68196519933068,143,36,0,0,147.93999999999988,21.99999999999997,0,0
7.50,7.5,96.66737723387001,143,36,0,0,133.62999999999988,18.99999999999997,0,0
7.50,7.5,96.65526709851571,143,36,0,0,119.31999999999988,15.999999999999972,0,0
7.50,7.5,96.63803237846153,143,36,0,0,105.00999999999982,12.999999999999972,0,0
7.50,7.5,96.62670767713107,143,36,0,0,90.69999999999987,9.999999999999972,0,0
7.50,7.5,96.61107151762498,143,36,0,0,76.38999999999987,6.999999999999972,0,0
7.50,7.5,96.60437646790686,143,36,0,0,62.07999999999987,3.9999999999999716,0,0
7.52,7.5,96.59766653651897,143,36,0,0,47.76999999999987,0.9999999999999716,0,0
7.52,7.5,96.58497765246932,143,36,0,0,43,0.0,0,0
7.52,7.5,96.58286884213207,143,36,0,0,57.31,3.0,0,0
7.52,7.5,96.58727471646947,143,36,0,0,71.62,6.0,0,0
7.52,7.5,96.58773576973368,143,37,0,0,85.93,9.0,0,0
7.52,7.5,96.58712829616525,143,37,0,0,100.24000000000001,12.0,0,0
7.53,7.5,96.59775104436,143,37,0,0,114.55000000000001,15.0,0,0
7.53,7.5,96.59799054327624,143,37,0,0,128.86,18.0,0,0
7.53,7.5,96.59811422043099,143,37,0,0,143.16999999999996,21.0,0,0
7.53,7.5,96.59972863483871,143,37,0,0,157.48000000000002,24.0,0,0
7.53,7.5,96.59775997428085,143,37,0,0,171.79000000000002,27.0,0,0
7.53,7.5,96.60214142230518,143,37,0,0,186.10000000000002,30.0,0,0
7.53,7.5,96.60502726591685,143,37,0,0,200.40999999999997,33.0,0,0
7.53,7.5,96.61894969248054,143,37,0,0,214.71999999999997,36.0,0,0
7.53,7.5,96.63500557091373,143,37,0,0,229.03000000000003,39.0,0,0
7.55,7.5,96.6369347827733,143,37,0,0,243.34000000000003,42.00000000000001,0,0
7.55,7.5,96.65017646129793,143,37,0,0,257.65000000000003,45.00000000000001,0,0
7.55,7.5,96.6569904132465,143,37,0,0,271.96000000000004,48.00000000000001,0,0
7.55,7.5,96.66904373085735,143,37,0,0,286.27000000000004,51.00000000000001,0,0
7.55,7.5,96.68568373722158,143,37,0,0,300.58000000000004,54.00000000000001,0,0
7.55,7.5,96.70055169936056,143,37,0,0,314.89000000000004,57.000000000000014,0,0
7.55,7.5,96.71940081992621,143,37,0,0,329.20000000000005,60.00000000000001,0,0
7.55,7.5,96.73461778289341,143,37,0,0,343.51,63.0,0,0
7.55,7.5,96.74546202547162,143,37,0,0,357.82,66.0,0,0
7.55,7.5,96.76521963989474,143,38,0,0,372.13,69.0,0,0
7.57,7.5,96.78049316887868,143,38,0,0,386.44,72.0,0,0
7.57,7.5,96.79555761027667,143,38,0,0,400.75,75.0,0,0
7.57,7.5,96.82164875877456,143,38,0,0,415.06,78.0,0,0
7.57,7.5,96.83254241777794,143,38,0,0,429.37,81.0,0,0
7.57,7.5,96.84857004461259,143,38,0,0,443.68,84.0,0,0
7.57,7.5,96.86628099489467,143,38,0,0,457.99,87.0,0,0
7.57,7.5,96.88800169329734,143,38,0,0,472.3,90.0,0,0
7.57,7.5,96.89954921612792,144,38,0,0,486.61,93.0,0,0
7.57,7.5,96.9104394632308,144,38,0,0,500.92,96.0,0,0
7.58,7.5,96.92461730151048,144,38,0,0,515.23,99.0,0,0
7.58,8.571428571428571,96.93517038106071,144,38,0,0,520,100.0,0,0
7.58,8.571428571428571,96.92666987739952,144,38,0,0,505.69,97.0,0,0
7.58,8.571428571428571,96.9186679951209,144,38,0,0,491.38,94.0,0,0
7.58,8.571428571428571,96.90323463370532,144,38,0,0,477.07,91.0,0,0
7.58,8.571428571428571,96.88792970110278,144,38,0,0,462.76,88.0,0,0
7.58,8.571428571428571,96.87688034367115,144,38,0,0,448.45,85.0,0,0
7.58,8.571428571428571,96.86529445515711,144,38,0,0,434.14,82.0,0,0
7.60,8.571428571428571,96.85238862851553,144,38,0,0,419.83,79.0,0,0
7.60,8.571428571428571,96.84549565527641,144,38,0,0,405.52,76.0,0,0
7.60,8.571428571428571,96.83977348756802,144,38,0,0,391.21,73.0,0,0
7.60,8.571428571428571,96.82636856288045,144,38,0,0,376.9,70.0,0,0
7.60,8.571428571428571,96.81886368416073,144,38,0,0,362.59000000000003,67.0,0,0
7.60,8.571428571428571,96.81880370168196,144,38,0,0,348.28,63.99999999999999,0,0
7.60,8.571428571428571,96.8098663658357,144,38,0,0,333.96999999999997,60.99999999999999,0,0
7.60,8.571428571428571,96.80009881224245,144,38,0,0,319.65999999999997,57.99999999999999,0,0
7.60,8.571428571428571,96.79018023187916,144,38,0,0,305.34999999999997,54.99999999999999,0,0
7.62,8.571428571428571,96.7785429925067,144,38,0,0,291.03999999999996,51.99999999999999,0,0
7.62,8.571428571428571,96.76505500338911,144,38,0,0,276.7299999999999,48.99999999999998,0,0
7.62,8.571428571428571,96.75269010786793,144,38,0,0,262.4199999999999,45.99999999999997,0,0
7.62,8.571428571428571,96.74425628470509,144,38,0,0,248.10999999999984,42.99999999999997,0,0
7.62,8.571428571428571,96.73995601173786,145,38,0,0,233.79999999999984,39.99999999999997,0,0
7.62,8.571428571428571,96.73920802088249,145,38,0,0,219.48999999999984,36.999999999999964,0,0
7.63,8.571428571428571,96.7335161113684,145,38,0,0,205.1799999999999,33.99999999999997,0,0
7.63,8.571428571428571,96.73070739805858,145,38,0,0,190.8699999999999,30.99999999999997,0,0
7.63,8.571428571428571,96.7239590199881,145,38,0,0,176.55999999999983,27.99999999999997,0,0
7.63,8.571428571428571,96.713007683899,145,38,0,0,162.24999999999983,24.99999999999997,0,0
7.63,8.571428571428571,96.70577690556252,145,38,0,0,147.93999999999988,21.99999999999997,0,0
7.63,8.571428571428571,96.69463084552615,145,38,0,0,133.62999999999988,18.99999999999997,0,0
7.63,8.571428571428571,96.68363532301198,145,38,0,0,119.31999999999988,15.999999999999972,0,0
7.63,8.571428571428571,96.66910828708131,145,38,0,0,105.00999999999982,12.999999999999972,0,0
7.63,8.571428571428571,96.65732877792965,145,38,0,0,90.69999999999987,9.999999999999972,0,0
7.63,8.571428571428571,96.6446073838105,145,38,0,0,76.38999999999987,6.999999999999972,0,0
7.63,8.571428571428571,96.63397168558006,145,38,0,0,62.07999999999987,3.9999999999999716,0,0
7.65,8.571428571428571,96.63071142866085,145,38,0,0,47.76999999999987,0.9999999999999716,0,0
7.65,8.571428571428571,96.61913209170905,145,38,0,0,43,0.0,0,0
7.65,8.571428571428571,96.62153669679864,145,38,0,0,57.31,3.0,0,0
7.65,8.571428571428571,96.62527243149817,145,38,0,0,71.62,6.0,0,0
7.65,8.571428571428571,96.626091917222,145,38,0,0,85.93,9.0,0,0
7.65,8.571428571428571,96.63216835406378,145,38,0,0,100.24000000000001,12.0,0,0
7.65,8.571428571428571,96.64187378661946,145,38,0,0,114.55000000000001,15.0,0,0
7.65,8.571428571428571,96.63457510783469,145,38,0,0,128.86,18.0,0,0
7.65,8.571428571428571,96.64727978081709,145,38,0,0,143.16999999999996,21.0,0,0
7.67,8.571428571428571,96.65176916571153,145,38,0,0,157.48000000000002,24.0,0,0
7.67,8.571428571428571,96.64836162662883,145,38,0,0,171.79000000000002,27.0,0,0
7.67,8.571428571428571,96.6593514605935,145,38,0,0,186.10000000000002,30.0,0,0
7.67,8.571428571428571,96.6615631371322,145,38,0,0,200.40999999999997,33.0,0,0
7.70,8.571428571428571,96.6691565563333,145,38,0,0,214.71999999999997,36.0,0,0
7.70,8.571428571428571,96.67019411172421,145,38,0,0,229.03000000000003,39.0,0,0
7.72,8.571428571428571,96.67015049437472,145,38,0,0,243.34000000000003,42.00000000000001,0,0
7.73,8.571428571428571,96.67229451750262,145,38,0,0,257.65000000000003,45.00000000000001,0,0
7.73,8.571428571428571,96.68545278643532,145,38,0,0,271.96000000000004,48.00000000000001,0,0
7.73,8.571428571428571,96.7123809376413,145,38,0,0,286.27000000000004,51.00000000000001,0,0
7.73,8.571428571428571,96.72562132465914,145,38,0,0,300.58000000000004,54.00000000000001,0,0
7.73,8.571428571428571,96.73398249767702,145,38,0,0,314.89000000000004,57.000000000000014,0,0
7.73,8.571428571428571,96.74462470175276,145,38,0,0,329.20000000000005,60.00000000000001,0,0
7.73,8.571428571428571,96.76672800368107,145,38,0,0,343.51,63.0,0,0
7.75,8.571428571428571,96.78711308355079,145,38,0,0,357.82,66.0,0,0
7.75,8.571428571428571,96.80344189302329,145,38,0,0,372.13,69.0,0,0
7.75,8.571428571428571,96.8231082381732,145,38,0,0,386.44,72.0,0,0
7.75,8.571428571428571,96.84523951363822,145,38,0,0,400.75,75.0,0,0
7.75,8.571428571428571,96.86806289856268,145,38,0,0,415.06,78.0,0,0
7.75,8.571428571428571,96.87252632964969,145,38,0,0,429.37,81.0,0,0
7.75,8.571428571428571,96.88789410414236,145,38,0,0,443.68,84.0,0,0
7.75,8.571428571428571,96.89238757620936,145,38,0,0,457.99,87.0,0,0
7.75,8.571428571428571,96.9116084210074,145,38,0,0,472.3,90.0,0,0
7.75,8.571428571428571,96.92235939056579,145,38,0,0,486.61,93.0,0,0
7.77,8.571428571428571,96.92806815741949,145,38,0,0,500.92,96.0,0,0
7.77,8.571428571428571,96.93234940428081,145,38,0,0,515.23,99.0,0,0
7.77,5.454545454545454,96.95415686056153,145,38,0,0,520,100.0,0,0
7.77,5.454545454545454,96.94449566465588,145,38,0,0,505.69,97.0,0,0
7.78,5.454545454545454,96.94131616417934,145,38,0,0,491.38,94.0,0,0
7.78,5.454545454545454,96.93291775193143,145,38,0,0,477.07,91.0,0,0
7.78,5.454545454545454,96.93126265198724,145,38,0,0,462.76,88.0,0,0
7.78,5.454545454545454,96.92298632204171,145,38,0,0,448.45,85.0,0,0
7.80,5.454545454545454,96.91039918758325,145,39,0,0,434.14,82.0,0,0
7.80,5.454545454545454,96.90950389378943,145,39,0,0,419.83,79.0,0,0
7.82,5.454545454545454,96.90329529038286,145,39,0,0,405.52,76.0,0,0
7.82,5.454545454545454,96.89506557084503,145,39,0,0,391.21,73.0,0,0
7.82,5.454545454545454,96.8811638830332,145,39,0,0,376.9,70.0,0,0
7.82,5.454545454545454,96.87300934870682,145,39,0,0,362.59000000000003,67.0,0,0
7.82,5.454545454545454,96.86561650263161,145,39,0,0,348.28,63.99999999999999,0,0
7.82,5.454545454545454,96.85804509880242,145,39,0,0,333.96999999999997,60.99999999999999,0,0
7.83,5.454545454545454,96.84993337056338,145,39,0,0,319.65999999999997,57.99999999999999,0,0
7.83,5.454545454545454,96.84210743601821,146,39,0,0,305.34999999999997,54.99999999999999,0,0
7.83,5.454545454545454,96.83614940087725,146,39,0,0,291.03999999999996,51.99999999999999,0,0
7.83,5.454545454545454,96.82328346273911,146,39,0,0,276.7299999999999,48.99999999999998,0,0
7.83,5.454545454545454,96.81293078282927,146,39,0,0,262.4199999999999,45.99999999999997,0,0
7.83,5.454545454545454,96.80231926388068,146,39,0,0,248.10999999999984,42.99999999999997,0,0
7.83,5.454545454545454,96.78533281591592,146,39,0,0,233.79999999999984,39.99999999999997,0,0
7.83,5.454545454545454,96.77722464221837,146,39,0,0,219.48999999999984,36.999999999999964,0,0
7.83,5.454545454545454,96.76469754829108,146,39,0,0,205.1799999999999,33.99999999999997,0,0
7.85,5.454545454545454,96.75501840402411,146,39,0,0,190.8699999999999,30.99999999999997,0,0
7.85,5.454545454545454,96.7478788989393,146,39,0,0,176.55999999999983,27.99999999999997,0,0
7.85,5.454545454545454,96.74140265413688,146,39,0,0,162.24999999999983,24.99999999999997,0,0
7.85,5.454545454545454,96.7332303922994,146,39,0,0,147.93999999999988,21.99999999999997,0,0
7.85,5.454545454545454,96.72340541401701,146,39,0,0,133.62999999999988,18.99999999999997,0,0
7.85,5.454545454545454,96.71914214224502,147,39,0,0,119.31999999999988,15.999999999999972,0,0
7.85,5.454545454545454,96.71042709447286,147,39,0,0,105.00999999999982,12.999999999999972,0,0
7.85,5.454545454545454,96.70149516420598,147,39,0,0,90.69999999999987,9.999999999999972,0,0
7.85,5.454545454545454,96.6942760571062,147,39,0,0,76.38999999999987,6.999999999999972,0,0
7.87,5.454545454545454,96.67993328474067,147,39,0,0,62.07999999999987,3.9999999999999716,0,0
7.87,5.454545454545454,96.67626648993175,147,39,0,0,47.76999999999987,0.9999999999999716,0,0
7.87,5.454545454545454,96.6673422446062,147,39,0,0,43,0.0,0,0
7.87,5.454545454545454,96.66468204895324,147,39,0,0,57.31,3.0,0,0
7.87,5.454545454545454,96.66764241702853,147,39,0,0,71.62,6.0,0,0
7.87,5.454545454545454,96.67251597572928,147,39,0,0,85.93,9.0,0,0
7.87,5.454545454545454,96.68379817439708,147,39,0,0,100.24000000000001,12.0,0,0
7.87,5.454545454545454,96.68094089416635,147,39,0,0,114.55000000000001,15.0,0,0
7.87,5.454545454545454,96.67411492721048,147,39,0,0,128.86,18.0,0,0
7.87,5.454545454545454,96.68463621663449,147,39,0,0,143.16999999999996,21.0,0,0
7.88,5.454545454545454,96.68530493939927,147,39,0,0,157.48000000000002,24.0,0,0
7.88,5.454545454545454,96.68954572908639,147,39,0,0,171.79000000000002,27.0,0,0
7.88,5.454545454545454,96.68962618406918,147,39,0,0,186.10000000000002,30.0,0,0
7.88,5.454545454545454,96.70006455787679,147,39,0,0,200.40999999999997,33.0,0,0
7.88,5.454545454545454,96.7075698570778,147,39,0,0,214.71999999999997,36.0,0,0
7.90,5.454545454545454,96.71169877513478,147,39,0,0,229.03000000000003,39.0,0,0
7.90,5.454545454545454,96.72128805351682,147,39,0,0,243.34000000000003,42.00000000000001,0,0
7.90,5.454545454545454,96.72230662263232,147,39,0,0,257.65000000000003,45.00000000000001,0,0
7.90,5.454545454545454,96.72722816081526,147,39,0,0,271.96000000000004,48.00000000000001,0,0
7.90,5.454545454545454,96.734692884231,147,39,0,0,286.27000000000004,51.00000000000001,0,0
7.90,5.454545454545454,96.75514575314646,147,39,0,0,300.58000000000004,54.00000000000001,0,0
7.90,5.454545454545454,96.76892113775084,147,39,0,0,314.89000000000004,57.000000000000014,0,0
7.90,5.454545454545454,96.78152846543293,147,39,0,0,329.20000000000005,60.00000000000001,0,0
7.92,5.454545454545454,96.78783262802733,147,39,0,0,343.51,63.0,0,0
7.92,5.454545454545454,96.80082380319048,147,39,0,0,357.82,66.0,0,0
7.92,5.454545454545454,96.80435753433181,147,39,0,0,372.13,69.0,0,0
7.92,5.454545454545454,96.81580011321502,147,39,0,0,386.44,72.0,0,0
7.92,5.454545454545454,96.82880182142631,147,39,0,0,400.75,75.0,0,0
7.92,5.454545454545454,96.85517898561682,147,39,0,0,415.06,78.0,0,0
7.92,5.454545454545454,96.86216323115325,147,39,0,0,429.37,81.0,0,0
7.92,5.454545454545454,96.87056878725996,147,39,0,0,443.68,84.0,0,0
7.92,5.454545454545454,96.88018684877775,147,39,0,0,457.99,87.0,0,0
7.92,5.454545454545454,96.89495190531876,147,39,0,0,472.3,90.0,0,0
7.93,5.454545454545454,96.91526150632627,147,39,0,0,486.61,93.0,0,0
7.93,5.454545454545454,96.93865217083072,147,39,0,0,500.92,96.0,0,0
7.93,5.454545454545454,96.9483441325252,147,39,0,0,515.23,99.0,0,0
7.93,6.0,96.96666847767011,147,39,0,0,520,100.0,0,0
7.93,6.0,96.96079744155348,147,39,0,0,505.69,97.0,0,0
7.93,6.0,96.9534021120717,147,39,0,0,491.38,94.0,0,0
7.93,6.0,96.94863659401946,147,39,0,0,477.07,91.0,0,0
7.93,6.0,96.93967796596912,147,39,0,0,462.76,88.0,0,0
7.93,6.0,96.93509392766327,147,39,0,0,448.45,85.0,0,0
7.93,6.0,96.93386923456121,147,39,0,0,434.14,82.0,0,0
7.95,6.0,96.93060533229567,148,39,0,0,419.83,79.0,0,0
7.95,6.0,96.91969199749607,148,39,0,0,405.52,76.0,0,0
7.95,6.0,96.90783130130657,148,39,0,0,391.21,73.0,0,0
7.95,6.0,96.90565905044248,148,39,0,0,376.9,70.0,0,0
7.95,6.0,96.8910380900034,148,39,0,0,362.59000000000003,67.0,0,0
7.95,6.0,96.87829100240009,148,39,0,0,348.28,63.99999999999999,0,0
7.95,6.0,96.85880594495296,148,39,0,0,333.96999999999997,60.99999999999999,0,0
7.97,6.0,96.85173245697911,148,39,0,0,319.65999999999997,57.99999999999999,0,0
7.97,6.0,96.8407728862057,148,39,0,0,305.34999999999997,54.99999999999999,0,0
7.97,6.0,96.83714659028847,148,39,0,0,291.03999999999996,51.99999999999999,0,0
7.97,6.0,96.82580187821354,148,39,0,0,276.7299999999999,48.99999999999998,0,0
7.97,6.0,96.81673283457863,148,39,0,0,262.4199999999999,45.99999999999997,0,0
7.97,6.0,96.804112281993,148,39,0,0,248.10999999999984,42.99999999999997,0,0
7.97,6.0,96.79983166013344,148,39,0,0,233.79999999999984,39.99999999999997,0,0
7.97,6.0,96.78877863771136,148,39,0,0,219.48999999999984,36.999999999999964,0,0
7.98,6.0,96.78045837535943,148,39,0,0,205.1799999999999,33.99999999999997,0,0
7.98,6.0,96.7740786641222,148,39,0,0,190.8699999999999,30.99999999999997,0,0
7.98,6.0,96.76785313318464,148,39,0,0,176.55999999999983,27.99999999999997,0,0
7.98,6.0,96.75508710023645,148,39,0,0,162.24999999999983,24.99999999999997,0,0
7.98,6.0,96.74456617010807,148,39,0,0,147.93999999999988,21.99999999999997,0,0
7.98,6.0,96.73791424476099,148,39,0,0,133.62999999999988,18.99999999999997,0,0
7.98,6.0,96.7322151882975,148,39,0,0,119.31999999999988,15.999999999999972,0,0
8.00,6.0,96.71710513809633,148,39,0,0,105.00999999999982,12.999999999999972,0,0
8.00,6.0,96.71701415058625,148,39,0,0,90.69999999999987,9.999999999999972,0,0
8.00,6.0,96.6993005777616,148,39,0,0,76.38999999999987,6.999999999999972,0,0
8.00,6.0,96.69153969370846,148,39,0,0,62.07999999999987,3.9999999999999716,0,0
8.02,6.0,96.68638051547325,148,39,0,0,47.76999999999987,0.9999999999999716,0,0
8.02,6.0,96.67844524891122,148,39,0,0,43,0.0,0,0
8.02,6.0,96.68507495601597,148,39,0,0,57.31,3.0,0,0
8.02,6.0,96.69176388416379,148,39,0,0,71.62,6.0,0,0
8.02,6.0,96.69018400542183,148,39,0,0,85.93,9.0,0,0
8.02,6.0,96.70159806825441,148,39,0,0,100.24000000000001,12.0,0,0
8.02,6.0,96.6949739633104,148,39,0,0,114.55000000000001,15.0,0,0
8.03,6.0,96.69825704898038,148,39,0,0,128.86,18.0,0,0
8.03,6.0,96.69507028356944,148,39,0,0,143.16999999999996,21.0,0,0
8.03,6.0,96.70319813407845,148,39,0,0,157.48000000000002,24.0,0,0
8.03,6.0,96.71323881371545,148,39,0,0,171.79000000000002,27.0,0,0
8.03,6.0,96.72239389092094,148,39,0,0,186.10000000000002,30.0,0,0
8.03,6.0,96.7213960527325,148,39,0,0,200.40999999999997,33.0,0,0
8.03,6.0,96.73194929689043,148,39,0,0,214.71999999999997,36.0,0,0
8.03,6.0,96.72544800639145,148,39,0,0,229.03000000000003,39.0,0,0
8.05,6.0,96.72368615092077,148,39,0,0,243.34000000000003,42.00000000000001,0,0
8.05,6.0,96.7264432415677,148,39,0,0,257.65000000000003,45.00000000000001,0,0
8.05,6.0,96.72578207829983,148,39,0,0,271.96000000000004,48.00000000000001,0,0
8.05,6.0,96.73478381466369,148,39,0,0,286.27000000000004,51.00000000000001,0,0
8.05,6.0,96.75910295795866,148,39,0,0,300.58000000000004,54.00000000000001,0,0
8.05,6.0,96.77565452490897,148,39,0,0,314.89000000000004,57.000000000000014,0,0
8.05,6.0,96.79046386079821,148,39,0,0,329.20000000000005,60.00000000000001,0,0
8.05,6.0,96.80057763336778,148,39,0,0,343.51,63.0,0,0
8.05,6.0,96.811165422736,148,39,0,0,357.82,66.0,0,0
8.07,6.0,96.82988543524213,148,39,0,0,372.13,69.0,0,0
8.07,6.0,96.84917794695957,148,39,0,0,386.44,72.0,0,0
8.07,6.0,96.87056436288098,148,39,0,0,400.75,75.0,0,0
8.07,6.0,96.89155172239128,148,39,0,0,415.06,78.0,0,0
8.07,6.0,96.9142374426881,148,39,0,0,429.37,81.0,0,0
8.07,6.0,96.92243868026395,148,39,0,0,443.68,84.0,0,0
8.07,6.0,96.92988006568997,148,39,0,0,457.99,87.0,0,0
8.08,6.0,96.95156359700633,149,39,0,0,472.3,90.0,0,0
8.08,6.0,96.96884128439171,150,39,0,0,486.61,93.0,0,0
8.08,6.0,96.97730816783977,150,39,0,0,500.92,96.0,0,0
8.08,6.0,96.98327574506014,150,39,0,0,515.23,99.0,0,0
8.08,6.666666666666667,96.99046114742424,150,39,0,0,520,100.0,0,0
8.08,6.666666666666667,96.98062926550045,150,39,0,0,505.69,97.0,0,0
8.08,6.666666666666667,96.96983249949191,150,39,0,0,491.38,94.0,0,0
8.08,6.666666666666667,96.96169832958326,150,39,0,0,477.07,91.0,0,0
8.08,6.666666666666667,96.9520001523713,150,39,0,0,462.76,88.0,0,0
8.10,6.666666666666667,96.9506912158806,150,39,0,0,448.45,85.0,0,0
8.10,6.666666666666667,96.94047197702017,150,39,0,0,434.14,82.0,0,0
8.10,6.666666666666667,96.9308228511293,150,39,0,0,419.83,79.0,0,0
8.10,6.666666666666667,96.92599182548042,150,39,0,0,405.52,76.0,0,0
8.10,6.666666666666667,96.90895912204866,150,39,0,0,391.21,73.0,0,0
8.10,6.666666666666667,96.89769635678441,150,39,0,0,376.9,70.0,0,0
8.10,6.666666666666667,96.8904631045255,151,39,0,0,362.59000000000003,67.0,0,0
8.10,6.666666666666667,96.8804768835576,151,39,0,0,348.28,63.99999999999999,0,0
8.10,6.666666666666667,96.87320173434955,151,39,0,0,333.96999999999997,60.99999999999999,0,0
8.10,6.666666666666667,96.86285168173507,151,39,0,0,319.65999999999997,57.99999999999999,0,0
8.12,6.666666666666667,96.85915361151199,151,39,0,0,305.34999999999997,54.99999999999999,0,0
8.12,6.666666666666667,96.84504714128944,151,39,0,0,291.03999999999996,51.99999999999999,0,0
8.12,6.666666666666667,96.83620733758062,151,39,0,0,276.7299999999999,48.99999999999998,0,0
8.12,6.666666666666667,96.82876729655679,151,39,0,0,262.4199999999999,45.99999999999997,0,0
8.12,6.666666666666667,96.8182591473209,151,39,0,0,248.10999999999984,42.99999999999997,0,0
8.12,6.666666666666667,96.81536704594708,151,39,0,0,233.79999999999984,39.99999999999997,0,0
8.13,6.666666666666667,96.80505324434596,151,39,0,0,219.48999999999984,36.999999999999964,0,0
8.13,6.666666666666667,96.79902699807408,151,39,0,0,205.1799999999999,33.99999999999997,0,0
8.13,6.666666666666667,96.7919083628006,151,39,0,0,190.8699999999999,30.99999999999997,0,0
8.13,6.666666666666667,96.78142822475883,151,39,0,0,176.55999999999983,27.99999999999997,0,0
8.13,6.666666666666667,96.76783098766136,151,39,0,0,162.24999999999983,24.99999999999997,0,0
8.13,6.666666666666667,96.75874229693756,151,39,0,0,147.93999999999988,21.99999999999997,0,0
8.13,6.666666666666667,96.74720654050667,151,39,0,0,133.62999999999988,18.99999999999997,0,0
8.13,6.666666666666667,96.73257021178775,151,39,0,0,119.31999999999988,15.999999999999972,0,0
8.13,6.666666666666667,96.71968052268804,151,39,0,0,105.00999999999982,12.999999999999972,0,0
8.13,6.666666666666667,96.70328602139006,151,39,0,0,90.69999999999987,9.999999999999972,0,0
8.15,6.666666666666667,96.69814899206082,151,39,0,0,76.38999999999987,6.999999999999972,0,0
8.15,6.666666666666667,96.687284357866,151,39,0,0,62.07999999999987,3.9999999999999716,0,0
8.15,6.666666666666667,96.67721689869464,151,39,0,0,47.76999999999987,0.9999999999999716,0,0
8.15,6.666666666666667,96.67320130175518,151,39,0,0,43,0.0,0,0
8.15,6.666666666666667,96.67725062860312,151,39,0,0,57.31,3.0,0,0
8.15,6.666666666666667,96.67870801710588,151,39,0,0,71.62,6.0,0,0
8.17,6.666666666666667,96.68364815827837,151,39,0,0,85.93,9.0,0,0
8.17,6.666666666666667,96.68832041262193,151,39,0,0,100.24000000000001,12.0,0,0
8.17,6.666666666666667,96.69545409604277,151,39,0,0,114.55000000000001,15.0,0,0
8.17,6.666666666666667,96.6964582406895,151,39,0,0,128.86,18.0,0,0
8.18,6.666666666666667,96.70774307711248,151,39,0,0,143.16999999999996,21.0,0,0
8.18,6.666666666666667,96.71054350072474,151,40,0,0,157.48000000000002,24.0,0,0
8.18,6.666666666666667,96.71691008304477,151,40,0,0,171.79000000000002,27.0,0,0
8.18,6.666666666666667,96.72706336511841,151,40,0,0,186.10000000000002,30.0,0,0
8.18,6.666666666666667,96.7268904995829,151,40,0,0,200.40999999999997,33.0,0,0
8.18,6.666666666666667,96.73428898746657,151,40,0,0,214.71999999999997,36.0,0,0
8.18,6.666666666666667,96.74138416968603,151,40,0,0,229.03000000000003,39.0,0,0
8.20,6.666666666666667,96.73828096462299,151,40,0,0,243.34000000000003,42.00000000000001,0,0
8.20,6.666666666666667,96.74215434257154,151,40,0,0,257.65000000000003,45.00000000000001,0,0
8.20,6.666666666666667,96.74669479702095,151,40,0,0,271.96000000000004,48.00000000000001,0,0
8.20,6.666666666666667,96.75342474264085,151,40,0,0,286.27000000000004,51.00000000000001,0,0
8.20,6.666666666666667,96.77212781824302,151,40,0,0,300.58000000000004,54.00000000000001,0,0
8.20,6.666666666666667,96.7833284676232,151,40,0,0,314.89000000000004,57.000000000000014,0,0
8.20,6.666666666666667,96.80248421113104,152,40,0,0,329.20000000000005,60.00000000000001,0,0
8.22,6.666666666666667,96.81153442160168,152,40,0,0,343.51,63.0,0,0
8.22,6.666666666666667,96.82670337909826,152,40,0,0,357.82,66.0,0,0
8.22,6.666666666666667,96.83151281299516,152,40,0,0,372.13,69.0,0,0
8.22,6.666666666666667,96.84577120575585,152,40,0,0,386.44,72.0,0,0
8.22,6.666666666666667,96.86931211239776,152,40,0,0,400.75,75.0,0,0
8.22,6.666666666666667,96.89495887618997,152,40,0,0,415.06,78.0,0,0
8.22,6.666666666666667,96.9181959541072,152,40,0,0,429.37,81.0,0,0
8.22,6.666666666666667,96.92987420252345,152,40,0,0,443.68,84.0,0,0
8.22,6.666666666666667,96.94428795700158,152,40,0,0,457.99,87.0,0,0
8.23,6.666666666666667,96.95043521975317,152,40,0,0,472.3,90.0,0,0
8.23,6.666666666666667,96.96723999249686,152,40,0,0,486.61,93.0,0,0
8.23,6.666666666666667,96.98057967432325,152,40,0,0,500.92,96.0,0,0
8.25,6.666666666666667,96.99509528223047,152,40,0,0,515.23,99.0,0,0
8.25,6.0,97.00214058511266,152,40,0,0,520,100.0,0,0
8.25,6.0,96.99831303121243,152,40,0,0,505.69,97.0,0,0
8.27,6.0,96.99314175860695,153,40,0,0,491.38,94.0,0,0
8.28,6.0,96.9882721641764,153,40,0,0,477.07,91.0,0,0
8.28,6.0,96.98155872486345,153,40,0,0,462.76,88.0,0,0
8.28,6.0,96.97027593496632,153,40,0,0,448.45,85.0,0,0
8.28,6.0,96.96572979426857,153,40,0,0,434.14,82.0,0,0
8.28,6.0,96.96369574385972,153,40,0,0,419.83,79.0,0,0
8.30,6.0,96.95311521231713,153,40,0,0,405.52,76.0,0,0
8.30,6.0,96.9427963850559,153,40,0,0,391.21,73.0,0,0
8.30,6.0,96.92752133014073,153,40,0,0,376.9,70.0,0,0
8.32,6.0,96.92082554818764,153,40,0,0,362.59000000000003,67.0,0,0
8.32,6.0,96.91351633804301,153,40,0,0,348.28,63.99999999999999,0,0
8.32,6.0,96.90772501432463,153,40,0,0,333.96999999999997,60.99999999999999,0,0
8.32,6.0,96.90087554038614,153,40,0,0,319.65999999999997,57.99999999999999,0,0
8.32,6.0,96.88962451524641,153,40,0,0,305.34999999999997,54.99999999999999,0,0
8.32,6.0,96.88111756981291,153,40,0,0,291.03999999999996,51.99999999999999,0,0
8.32,6.0,96.87279938028396,153,40,0,0,276.7299999999999,48.99999999999998,0,0
8.32,6.0,96.87043638410968,153,40,0,0,262.4199999999999,45.99999999999997,0,0
8.32,6.0,96.86442603614799,153,40,0,0,248.10999999999984,42.99999999999997,0,0
8.33,6.0,96.85988325776202,153,40,0,0,233.79999999999984,39.99999999999997,0,0
8.33,6.0,96.856858585864,154,40,0,0,219.48999999999984,36.999999999999964,0,0
8.33,6.0,96.85065994515206,154,40,0,0,205.1799999999999,33.99999999999997,0,0
8.33,6.0,96.84048777100861,154,40,0,0,190.8699999999999,30.99999999999997,0,0
8.33,6.0,96.83672843447656,154,40,0,0,176.55999999999983,27.99999999999997,0,0
8.33,6.0,96.83248692287226,154,40,0,0,162.24999999999983,24.99999999999997,0,0
8.35,6.0,96.82915571502548,154,40,0,0,147.93999999999988,21.99999999999997,0,0
8.35,6.0,96.8212603597851,154,40,0,0,133.62999999999988,18.99999999999997,0,0
8.35,6.0,96.8145841153826,154,40,0,0,119.31999999999988,15.999999999999972,0,0
8.37,6.0,96.80290719782526,154,40,0,0,105.00999999999982,12.999999999999972,0,0
8.37,6.0,96.79025111552785,154,40,0,0,90.69999999999987,9.999999999999972,0,0
8.37,6.0,96.7861167440732,154,40,0,0,76.38999999999987,6.999999999999972,0,0
8.37,6.0,96.77436775289696,155,40,0,0,62.07999999999987,3.9999999999999716,0,0
8.37,6.0,96.764525656553,155,40,0,0,47.76999999999987,0.9999999999999716,0,0
8.37,6.0,96.76383377310866,156,40,0,0,43,0.0,0,0
8.37,6.0,96.76476655069075,156,40,0,0,57.31,3.0,0,0
8.37,6.0,96.76358381873771,156,40,0,0,71.62,6.0,0,0
8.37,6.0,96.7690310307304,157,40,0,0,85.93,9.0,0,0
8.37,6.0,96.77701979453022,157,40,0,0,100.24000000000001,12.0,0,0
8.38,6.0,96.77470734507936,157,40,0,0,114.55000000000001,15.0,0,0
8.38,6.0,96.77766910565921,157,40,0,0,128.86,18.0,0,0
8.38,6.0,96.78643016269451,157,40,0,0,143.16999999999996,21.0,0,0
8.38,6.0,96.78466674017983,157,40,0,0,157.48000000000002,24.0,0,0
8.38,6.0,96.78967881665396,157,40,0,0,171.79000000000002,27.0,0,0
8.38,6.0,96.79444814444481,157,40,0,0,186.10000000000002,30.0,0,0
8.38,6.0,96.80051812329785,157,40,0,0,200.40999999999997,33.0,0,0
8.38,6.0,96.80391736176746,157,40,0,0,214.71999999999997,36.0,0,0
8.38,6.0,96.80432054443543,157,40,0,0,229.03000000000003,39.0,0,0
8.38,6.0,96.81179953672313,158,40,0,0,243.34000000000003,42.00000000000001,0,0
8.40,6.0,96.8172719438048,158,40,0,0,257.65000000000003,45.00000000000001,0,0
8.40,6.0,96.82269192202074,158,40,0,0,271.96000000000004,48.00000000000001,0,0
8.40,6.0,96.83357371474261,159,40,0,0,286.27000000000004,51.00000000000001,0,0
8.40,6.0,96.8508104179124,159,40,0,0,300.58000000000004,54.00000000000001,0,0
8.40,6.0,96.87450793945924,160,40,0,0,314.89000000000004,57.000000000000014,0,0
8.40,6.0,96.89861542344478,160,40,0,0,329.20000000000005,60.00000000000001,0,0
8.40,6.0,96.91213441434442,160,40,0,0,343.51,63.0,0,0
8.40,6.0,96.91643554851589,160,40,0,0,357.82,66.0,0,0
8.42,6.0,96.92867053659276,160,40,0,0,372.13,69.0,0,0
8.42,6.0,96.93168187209854,160,40,0,0,386.44,72.0,0,0
8.42,6.0,96.94032887284835,160,40,0,0,400.75,75.0,0,0
8.42,6.0,96.94663891263713,160,40,0,0,415.06,78.0,0,0
8.42,6.0,96.96532920698222,160,40,0,0,429.37,81.0,0,0
8.42,6.0,96.97509211862162,160,40,0,0,443.68,84.0,0,0
8.42,6.0,96.99473910509509,160,40,0,0,457.99,87.0,0,0
8.42,6.0,97.01618317762363,160,40,0,0,472.3,90.0,0,0
8.42,6.0,97.03407530122807,160,40,0,0,486.61,93.0,0,0
8.43,6.0,97.04967758810369,161,40,0,0,500.92,96.0,0,0
8.43,6.0,97.0638381128274,161,40,0,0,515.23,99.0,0,0
8.43,5.0,97.07834138248397,161,40,0,0,520,100.0,0,0
8.43,5.0,97.06569084906734,161,40,0,0,505.69,97.0,0,0
8.45,5.0,97.0553211689583,161,40,0,0,491.38,94.0,0,0
8.45,5.0,97.04012002731857,161,40,0,0,477.07,91.0,0,0
8.45,5.0,97.03349236373211,161,40,0,0,462.76,88.0,0,0
8.45,5.0,97.01961851137337,161,40,0,0,448.45,85.0,0,0
8.45,5.0,97.008482150995,161,40,0,0,434.14,82.0,0,0
8.45,5.0,97.00061974018537,162,40,0,0,419.83,79.0,0,0
8.45,5.0,96.99064358732802,162,40,0,0,405.52,76.0,0,0
8.45,5.0,96.98332130910994,162,40,0,0,391.21,73.0,0,0
8.45,5.0,96.97660904232193,162,40,0,0,376.9,70.0,0,0
8.45,5.0,96.97187163781385,162,40,0,0,362.59000000000003,67.0,0,0
8.47,5.0,96.96136334473867,162,40,0,0,348.28,63.99999999999999,0,0
8.47,5.0,96.95305149489428,162,40,0,0,333.96999999999997,60.99999999999999,0,0
8.47,5.0,96.94330995307617,162,41,0,0,319.65999999999997,57.99999999999999,0,0
8.47,5.0,96.9265910955018,162,41,0,0,305.34999999999997,54.99999999999999,0,0
8.47,5.0,96.92597779274983,162,41,0,0,291.03999999999996,51.99999999999999,0,0
8.47,5.0,96.91674427165937,162,41,0,0,276.7299999999999,48.99999999999998,0,0
8.47,5.0,96.90445199667565,162,41,0,0,262.4199999999999,45.99999999999997,0,0
8.47,5.0,96.89547603407473,162,41,0,0,248.10999999999984,42.99999999999997,0,0
8.47,5.0,96.88802883014031,162,41,0,0,233.79999999999984,39.99999999999997,0,0
8.47,5.0,96.87258775030293,162,41,0,0,219.48999999999984,36.999999999999964,0,0
8.48,5.0,96.85627167098095,162,41,0,0,205.1799999999999,33.99999999999997,0,0
8.48,5.0,96.84441966964717,162,41,0,0,190.8699999999999,30.99999999999997,0,0
8.48,5.0,96.83664372103925,162,41,0,0,176.55999999999983,27.99999999999997,0,0
8.48,5.0,96.82255276259309,162,41,0,0,162.24999999999983,24.99999999999997,0,0
8.48,5.0,96.81944003058096,162,41,0,0,147.93999999999988,21.99999999999997,0,0
8.48,5.0,96.80993398476222,162,41,0,0,133.62999999999988,18.99999999999997,0,0
8.48,5.0,96.80702331516416,162,41,0,0,119.31999999999988,15.999999999999972,0,0
8.48,5.0,96.7936969630783,162,41,0,0,105.00999999999982,12.999999999999972,0,0
8.48,5.0,96.79119095186535,162,41,0,0,90.69999999999987,9.999999999999972,0,0
8.48,5.0,96.77519179126058,162,41,0,0,76.38999999999987,6.999999999999972,0,0
8.50,5.0,96.76355910947933,162,41,0,0,62.07999999999987,3.9999999999999716,0,0
8.50,5.0,96.7539253361488,162,41,0,0,47.76999999999987,0.9999999999999716,0,0
8.50,5.0,96.73635763115598,162,41,0,0,43,0.0,0,0
8.50,5.0,96.73382570077948,162,41,0,0,57.31,3.0,0,0
8.50,5.0,96.73886894157752,162,41,0,0,71.62,6.0,0,0
8.50,5.0,96.74132927451329,162,41,0,0,85.93,9.0,0,0
8.50,5.0,96.73917868817554,162,41,0,0,100.24000000000001,12.0,0,0
8.50,5.0,96.73872847961049,162,41,0,0,114.55000000000001,15.0,0,0
8.50,5.0,96.73587674275517,162,41,0,0,128.86,18.0,0,0
8.50,5.0,96.74309650653916,162,41,0,0,143.16999999999996,21.0,0,0
8.52,5.0,96.74903610526891,162,41,0,0,157.48000000000002,24.0,0,0
8.52,5.0,96.75502639741599,162,41,0,0,171.79000000000002,27.0,0,0
8.52,5.0,96.75557939635584,162,41,0,0,186.10000000000002,30.0,0,0
8.52,5.0,96.75706300450989,162,41,0,0,200.40999999999997,33.0,0,0
8.52,5.0,96.75976147563637,163,41,0,0,214.71999999999997,36.0,0,0
8.52,5.0,96.75712708568174,163,41,0,0,229.03000000000003,39.0,0,0
8.52,5.0,96.76408790073407,163,41,0,0,243.34000000000003,42.00000000000001,0,0
8.52,5.0,96.76445219620093,163,41,0,0,257.65000000000003,45.00000000000001,0,0
8.52,5.0,96.76606414290053,163,41,0,0,271.96000000000004,48.00000000000001,0,0
8.52,5.0,96.77922276147505,163,41,0,0,286.27000000000004,51.00000000000001,0,0
8.53,5.0,96.79407458192449,163,41,0,0,300.58000000000004,54.00000000000001,0,0
8.53,5.0,96.81097697333868,163,41,0,0,314.89000000000004,57.000000000000014,0,0
8.53,5.0,96.82078028459875,163,41,0,0,329.20000000000005,60.00000000000001,0,0
8.53,5.0,96.83026442845271,164,41,0,0,343.51,63.0,0,0
8.53,5.0,96.83471674830375,164,41,0,0,357.82,66.0,0,0
8.53,5.0,96.84515240909637,164,41,0,0,372.13,69.0,0,0
8.53,5.0,96.8518222555196,164,41,0,0,386.44,72.0,0,0
8.55,5.0,96.86590183626843,164,41,0,0,400.75,75.0,0,0
8.55,5.0,96.87877988989504,164,41,0,0,415.06,78.0,0,0
8.55,5.0,96.87995339452587,164,41,0,0,429.37,81.0,0,0
8.55,5.0,96.88553483099844,164,41,0,0,443.68,84.0,0,0
8.55,5.0,96.9090764107965,164,41,0,0,457.99,87.0,0,0
8.55,5.0,96.92345463367896,164,41,0,0,472.3,90.0,0,0
8.55,5.0,96.92959471896981,164,41,0,0,486.61,93.0,0,0
8.55,5.0,96.95344041127984,164,41,0,0,500.92,96.0,0,0
8.55,5.0,96.96511814939947,165,41,0,0,515.23,99.0,0,0
8.55,8.571428571428571,96.96999604989227,165,41,0,0,520,100.0,0,0
8.57,8.571428571428571,96.95905910108428,165,41,0,0,505.69,97.0,0,0
8.57,8.571428571428571,96.95121554478945,165,41,0,0,491.38,94.0,0,0
8.57,8.571428571428571,96.94324976435314,165,41,0,0,477.07,91.0,0,0
8.57,8.571428571428571,96.93323503535395,165,41,0,0,462.76,88.0,0,0
8.57,8.571428571428571,96.92423088533803,165,41,0,0,448.45,85.0,0,0
8.57,8.571428571428571,96.91493336129197,165,41,0,0,434.14,82.0,0,0
8.57,8.571428571428571,96.90348622908448,165,41,0,0,419.83,79.0,0,0
8.57,8.571428571428571,96.88903103290123,165,41,0,0,405.52,76.0,0,0
8.57,8.571428571428571,96.87720608087494,166,41,0,0,391.21,73.0,0,0
8.57,8.571428571428571,96.86827878858948,166,41,0,0,376.9,70.0,0,0
8.58,8.571428571428571,96.85363262676465,166,41,0,0,362.59000000000003,67.0,0,0
8.58,8.571428571428571,96.84251933404573,166,41,0,0,348.28,63.99999999999999,0,0
8.58,8.571428571428571,96.83300304155956,166,41,0,0,333.96999999999997,60.99999999999999,0,0
8.58,8.571428571428571,96.83264831465715,166,41,0,0,319.65999999999997,57.99999999999999,0,0
8.58,8.571428571428571,96.82439345373463,166,41,0,0,305.34999999999997,54.99999999999999,0,0
8.58,8.571428571428571,96.8246339988616,166,41,0,0,291.03999999999996,51.99999999999999,0,0
8.58,8.571428571428571,96.80827026718211,166,41,0,0,276.7299999999999,48.99999999999998,0,0
8.58,8.571428571428571,96.79992503393038,166,41,0,0,262.4199999999999,45.99999999999997,0,0
8.60,8.571428571428571,96.79560198112853,166,41,0,0,248.10999999999984,42.99999999999997,0,0
8.60,8.571428571428571,96.79037273972384,166,41,0,0,233.79999999999984,39.99999999999997,0,0
8.60,8.571428571428571,96.78430392773552,166,41,0,0,219.48999999999984,36.999999999999964,0,0
8.60,8.571428571428571,96.76691275741484,166,41,0,0,205.1799999999999,33.99999999999997,0,0
8.60,8.571428571428571,96.7583113022512,166,41,0,0,190.8699999999999,30.99999999999997,0,0
8.60,8.571428571428571,96.74967606130026,166,41,0,0,176.55999999999983,27.99999999999997,0,0
8.60,8.571428571428571,96.74266731289063,166,41,0,0,162.24999999999983,24.99999999999997,0,0
8.60,8.571428571428571,96.7368382019959,166,41,0,0,147.93999999999988,21.99999999999997,0,0
8.60,8.571428571428571,96.73146989472228,166,41,0,0,133.62999999999988,18.99999999999997,0,0
8.62,8.571428571428571,96.72262873972414,166,41,0,0,119.31999999999988,15.999999999999972,0,0
8.62,8.571428571428571,96.70985185484605,166,41,0,0,105.00999999999982,12.999999999999972,0,0
8.62,8.571428571428571,96.70416779352622,166,41,0,0,90.69999999999987,9.999999999999972,0,0
8.62,8.571428571428571,96.6971425348523,166,41,0,0,76.38999999999987,6.999999999999972,0,0
8.62,8.571428571428571,96.68975200293418,166,41,0,0,62.07999999999987,3.9999999999999716,0,0
8.62,8.571428571428571,96.6795680200544,166,41,0,0,47.76999999999987,0.9999999999999716,0,0
8.62,8.571428571428571,96.6695091726185,166,41,0,0,43,0.0,0,0
8.62,8.571428571428571,96.67709808180875,166,41,0,0,57.31,3.0,0,0
8.63,8.571428571428571,96.68068442017274,166,41,0,0,71.62,6.0,0,0
8.63,8.571428571428571,96.68583466375246,166,41,0,0,85.93,9.0,0,0
8.63,8.571428571428571,96.68881502122467,166,41,0,0,100.24000000000001,12.0,0,0
8.63,8.571428571428571,96.69644719825185,166,41,0,0,114.55000000000001,15.0,0,0
8.63,8.571428571428571,96.7033367101017,166,41,0,0,128.86,18.0,0,0
8.63,8.571428571428571,96.70504105558253,166,41,0,0,143.16999999999996,21.0,0,0
8.63,8.571428571428571,96.70436413025764,166,41,0,0,157.48000000000002,24.0,0,0
8.63,8.571428571428571,96.71458977280969,166,41,0,0,171.79000000000002,27.0,0,0
8.63,8.571428571428571,96.72710951129345,166,41,0,0,186.10000000000002,30.0,0,0
8.63,8.571428571428571,96.73586202135978,166,41,0,0,200.40999999999997,33.0,0,0
8.65,8.571428571428571,96.74299779857982,166,41,0,0,214.71999999999997,36.0,0,0
8.65,8.571428571428571,96.75604962115965,166,41,0,0,229.03000000000003,39.0,0,0
8.65,8.571428571428571,96.75112673894567,166,41,0,0,243.34000000000003,42.00000000000001,0,0
8.65,8.571428571428571,96.75396067666571,166,41,0,0,257.65000000000003,45.00000000000001,0,0
8.65,8.571428571428571,96.75229795092007,167,41,0,0,271.96000000000004,48.00000000000001,0,0
8.65,8.571428571428571,96.76863056662617,167,41,0,0,286.27000000000004,51.00000000000001,0,0
8.65,8.571428571428571,96.77105128248638,167,41,0,0,300.58000000000004,54.00000000000001,0,0
8.65,8.571428571428571,96.78702472336956,167,41,0,0,314.89000000000004,57.000000000000014,0,0
8.65,8.571428571428571,96.79536987786388,167,41,0,0,329.20000000000005,60.00000000000001,0,0
8.67,8.571428571428571,96.80792491322887,167,41,0,0,343.51,63.0,0,0
8.67,8.571428571428571,96.81874945530524,167,41,0,0,357.82,66.0,0,0
8.67,8.571428571428571,96.83839118867232,167,41,0,0,372.13,69.0,0,0
8.67,8.571428571428571,96.85305747089173,168,41,0,0,386.44,72.0,0,0
8.67,8.571428571428571,96.86218905515632,168,41,0,0,400.75,75.0,0,0
8.67,8.571428571428571,96.86679000163116,168,41,0,0,415.06,78.0,0,0
8.67,8.571428571428571,96.8817046504698,168,41,0,0,429.37,81.0,0,0
8.67,8.571428571428571,96.8981050042957,168,41,0,0,443.68,84.0,0,0
8.67,8.571428571428571,96.90896622577998,168,41,0,0,457.99,87.0,0,0
8.67,8.571428571428571,96.93429018415263,168,41,0,0,472.3,90.0,0,0
8.68,8.571428571428571,96.94655654681063,168,41,0,0,486.61,93.0,0,0
8.68,8.571428571428571,96.9529953990056,168,41,0,0,500.92,96.0,0,0
8.68,8.571428571428571,96.97573647612853,168,41,0,0,515.23,99.0,0,0
8.68,7.5,96.98429961931448,168,41,0,0,520,100.0,0,0
8.68,7.5,96.97319207672089,168,41,0,0,505.69,97.0,0,0
8.68,7.5,96.97138976132001,168,41,0,0,491.38,94.0,0,0
8.68,7.5,96.95913980492395,168,41,0,0,477.07,91.0,0,0
8.68,7.5,96.94364389124873,168,41,0,0,462.76,88.0,0,0
8.70,7.5,96.93145549187594,168,41,0,0,448.45,85.0,0,0
8.72,7.5,96.92149891439318,168,41,0,0,434.14,82.0,0,0
8.72,7.5,96.9179672520882,168,41,0,0,419.83,79.0,0,0
8.72,7.5,96.91047385961117,168,41,0,0,405.52,76.0,0,0
8.72,7.5,96.89915112348349,168,41,0,0,391.21,73.0,0,0
8.72,7.5,96.88535974293715,168,41,0,0,376.9,70.0,0,0
8.72,7.5,96.87779636049562,168,41,0,0,362.59000000000003,67.0,0,0
8.72,7.5,96.86639420456716,168,41,0,0,348.28,63.99999999999999,0,0
8.73,7.5,96.85718838868809,168,41,0,0,333.96999999999997,60.99999999999999,0,0
8.73,7.5,96.85737151063786,168,41,0,0,319.65999999999997,57.99999999999999,0,0
8.73,7.5,96.84819524967564,168,41,0,0,305.34999999999997,54.99999999999999,0,0
8.73,7.5,96.83133868148508,168,41,0,0,291.03999999999996,51.99999999999999,0,0
8.73,7.5,96.82148794497952,169,41,0,0,276.7299999999999,48.99999999999998,0,0
8.73,7.5,96.80815644080937,169,41,0,0,262.4199999999999,45.99999999999997,0,0
8.73,7.5,96.8001796023508,169,41,0,0,248.10999999999984,42.99999999999997,0,0
8.73,7.5,96.79327823884078,169,41,0,0,233.79999999999984,39.99999999999997,0,0
8.73,7.5,96.78484567625975,169,41,0,0,219.48999999999984,36.999999999999964,0,0
8.75,7.5,96.77431505012089,169,41,0,0,205.1799999999999,33.99999999999997,0,0
8.75,7.5,96.76552734406118,169,41,0,0,190.8699999999999,30.99999999999997,0,0
8.75,7.5,96.75099213915642,169,41,0,0,176.55999999999983,27.99999999999997,0,0
8.75,7.5,96.74482947372113,169,41,0,0,162.24999999999983,24.99999999999997,0,0
8.75,7.5,96.7279523807512,169,41,0,0,147.93999999999988,21.99999999999997,0,0
8.75,7.5,96.71997306667906,169,41,0,0,133.62999999999988,18.99999999999997,0,0
8.75,7.5,96.70444279466695,169,41,0,0,119.31999999999988,15.999999999999972,0,0
8.75,7.5,96.69289953005537,169,41,0,0,105.00999999999982,12.999999999999972,0,0
8.75,7.5,96.68671637731894,169,41,0,0,90.69999999999987,9.999999999999972,0,0
8.75,7.5,96.68146680123313,169,41,0,0,76.38999999999987,6.999999999999972,0,0
8.77,7.5,96.67969620168923,169,41,0,0,62.07999999999987,3.9999999999999716,0,0
8.77,7.5,96.66950385420449,169,41,0,0,47.76999999999987,0.9999999999999716,0,0
8.77,7.5,96.66616770092908,169,41,0,0,43,0.0,0,0
8.77,7.5,96.66565270992598,169,41,0,0,57.31,3.0,0,0
8.77,7.5,96.67745915705491,169,41,0,0,71.62,6.0,0,0
8.77,7.5,96.68457937432072,169,41,0,0,85.93,9.0,0,0
8.77,7.5,96.69827193232393,169,41,0,0,100.24000000000001,12.0,0,0
8.77,7.5,96.6960747748692,169,41,0,0,114.55000000000001,15.0,0,0
8.78,7.5,96.6931374286028,169,41,0,0,128.86,18.0,0,0
8.78,7.5,96.68960680894503,169,41,0,0,143.16999999999996,21.0,0,0
8.78,7.5,96.69739375660264,169,41,0,0,157.48000000000002,24.0,0,0
8.78,7.5,96.70349963389546,169,41,0,0,171.79000000000002,27.0,0,0
8.78,7.5,96.7025655456934,169,41,0,0,186.10000000000002,30.0,0,0
8.78,7.5,96.71139167939951,169,41,0,0,200.40999999999997,33.0,0,0
8.78,7.5,96.70680213396723,169,41,0,0,214.71999999999997,36.0,0,0
8.80,7.5,96.70462745134502,169,41,0,0,229.03000000000003,39.0,0,0
8.80,7.5,96.70904677382423,169,41,0,0,243.34000000000003,42.00000000000001,0,0
8.80,7.5,96.71684142520542,169,41,0,0,257.65000000000003,45.00000000000001,0,0
8.80,7.5,96.73086749675859,169,41,0,0,271.96000000000004,48.00000000000001,0,0
8.80,7.5,96.73604755132034,169,41,0,0,286.27000000000004,51.00000000000001,0,0
8.80,7.5,96.73916756938341,169,41,0,0,300.58000000000004,54.00000000000001,0,0
8.80,7.5,96.7560394457176,169,41,0,0,314.89000000000004,57.000000000000014,0,0
8.80,7.5,96.77100309770064,169,41,0,0,329.20000000000005,60.00000000000001,0,0
8.80,7.5,96.78901888167726,169,41,0,0,343.51,63.0,0,0
8.82,7.5,96.80366088265417,169,41,0,0,357.82,66.0,0,0
8.82,7.5,96.82495039513446,169,41,0,0,372.13,69.0,0,0
8.82,7.5,96.83747135803523,169,41,0,0,386.44,72.0,0,0
8.82,7.5,96.84948556817601,169,41,0,0,400.75,75.0,0,0
8.82,7.5,96.86729237369477,169,41,0,0,415.06,78.0,0,0
8.82,7.5,96.8835554874556,169,41,0,0,429.37,81.0,0,0
8.82,7.5,96.90158269604444,169,41,0,0,443.68,84.0,0,0
8.83,7.5,96.91892007227811,169,41,0,0,457.99,87.0,0,0
8.83,7.5,96.93579485579542,169,41,0,0,472.3,90.0,0,0
8.83,7.5,96.95731664748612,169,41,0,0,486.61,93.0,0,0
8.83,7.5,96.97189973662238,169,41,0,0,500.92,96.0,0,0
8.83,7.5,96.97374803022318,169,41,0,0,515.23,99.0,0,0
8.83,6.666666666666667,96.98136596325489,169,41,0,0,520,100.0,0,0
8.83,6.666666666666667,96.97252718768156,169,41,0,0,505.69,97.0,0,0
8.83,6.666666666666667,96.95939988888959,169,41,0,0,491.38,94.0,0,0
8.83,6.666666666666667,96.95011192271421,169,41,0,0,477.07,91.0,0,0
8.83,6.666666666666667,96.94852042230549,169,41,0,0,462.76,88.0,0,0
8.85,6.666666666666667,96.93738587968558,169,41,0,0,448.45,85.0,0,0
8.85,6.666666666666667,96.92828520671958,169,41,0,0,434.14,82.0,0,0
8.85,6.666666666666667,96.92265542798897,169,41,0,0,419.83,79.0,0,0
8.85,6.666666666666667,96.91356320467449,169,41,0,0,405.52,76.0,0,0
8.85,6.666666666666667,96.90519546635244,169,41,0,0,391.21,73.0,0,0
8.85,6.666666666666667,96.89920796771797,169,41,0,0,376.9,70.0,0,0
8.85,6.666666666666667,96.88362630433073,169,41,0,0,362.59000000000003,67.0,0,0
8.87,6.666666666666667,96.88096656901877,169,41,0,0,348.28,63.99999999999999,0,0
8.87,6.666666666666667,96.87038647266867,169,41,0,0,333.96999999999997,60.99999999999999,0,0
8.87,6.666666666666667,96.86028771093461,169,41,0,0,319.65999999999997,57.99999999999999,0,0
8.87,6.666666666666667,96.84836361033749,169,41,0,0,305.34999999999997,54.99999999999999,0,0
8.87,6.666666666666667,96.84340760325095,169,41,0,0,291.03999999999996,51.99999999999999,0,0
8.87,6.666666666666667,96.83107166972673,169,41,0,0,276.7299999999999,48.99999999999998,0,0
8.87,6.666666666666667,96.82096253017241,169,41,0,0,262.4199999999999,45.99999999999997,0,0
8.87,6.666666666666667,96.81009388600214,169,41,0,0,248.10999999999984,42.99999999999997,0,0
8.87,6.666666666666667,96.79484347672957,169,41,0,0,233.79999999999984,39.99999999999997,0,0
8.87,6.666666666666667,96.79042726635507,169,41,0,0,219.48999999999984,36.999999999999964,0,0
8.88,6.666666666666667,96.78338460929535,169,41,0,0,205.1799999999999,33.99999999999997,0,0
8.88,6.666666666666667,96.7727105492432,169,41,0,0,190.8699999999999,30.99999999999997,0,0
8.88,6.666666666666667,96.76305163217577,169,41,0,0,176.55999999999983,27.99999999999997,0,0
8.88,6.666666666666667,96.75795640069167,169,41,0,0,162.24999999999983,24.99999999999997,0,0
8.88,6.666666666666667,96.75325016796877,169,41,0,0,147.93999999999988,21.99999999999997,0,0
8.88,6.666666666666667,96.74307590287337,170,41,0,0,133.62999999999988,18.99999999999997,0,0
8.88,6.666666666666667,96.73978781068323,170,41,0,0,119.31999999999988,15.999999999999972,0,0
8.88,6.666666666666667,96.7257068257284,170,41,0,0,105.00999999999982,12.999999999999972,0,0
8.90,6.666666666666667,96.71674521529656,170,41,0,0,90.69999999999987,9.999999999999972,0,0
8.90,6.666666666666667,96.71315122642329,170,41,0,0,76.38999999999987,6.999999999999972,0,0
8.90,6.666666666666667,96.69730388207631,170,41,0,0,62.07999999999987,3.9999999999999716,0,0
8.90,6.666666666666667,96.6888767365737,170,41,0,0,47.76999999999987,0.9999999999999716,0,0
8.90,6.666666666666667,96.6752233580796,170,41,0,0,43,0.0,0,0
8.90,6.666666666666667,96.67764987084055,170,41,0,0,57.31,3.0,0,0
8.90,6.666666666666667,96.6784739420547,170,41,0,0,71.62,6.0,0,0
8.90,6.666666666666667,96.68750238247304,170,41,0,0,85.93,9.0,0,0
8.92,6.666666666666667,96.68969962259916,170,41,0,0,100.24000000000001,12.0,0,0
8.92,6.666666666666667,96.68829816713081,170,41,0,0,114.55000000000001,15.0,0,0
8.92,6.666666666666667,96.69897571573715,170,41,0,0,128.86,18.0,0,0
8.92,6.666666666666667,96.70651597532589,170,42,0,0,143.16999999999996,21.0,0,0
8.92,6.666666666666667,96.71837638046249,170,42,0,0,157.48000000000002,24.0,0,0
8.92,6.666666666666667,96.72062223549479,170,42,0,0,171.79000000000002,27.0,0,0
8.92,6.666666666666667,96.73278760923994,170,42,0,0,186.10000000000002,30.0,0,0
8.92,6.666666666666667,96.73620093188302,170,42,0,0,200.40999999999997,33.0,0,0
8.92,6.666666666666667,96.73934668146738,170,42,0,0,214.71999999999997,36.0,0,0
8.92,6.666666666666667,96.74906017420834,170,42,0,0,229.03000000000003,39.0,0,0
8.93,6.666666666666667,96.74959534562039,170,42,0,0,243.34000000000003,42.00000000000001,0,0
8.93,6.666666666666667,96.75586464157364,170,42,0,0,257.65000000000003,45.00000000000001,0,0
8.93,6.666666666666667,96.75532479584143,170,42,0,0,271.96000000000004,48.00000000000001,0,0
8.93,6.666666666666667,96.762157202642,170,42,0,0,286.27000000000004,51.00000000000001,0,0
8.93,6.666666666666667,96.78643541256918,170,42,0,0,300.58000000000004,54.00000000000001,0,0
8.93,6.666666666666667,96.8077573636539,170,42,0,0,314.89000000000004,57.000000000000014,0,0
8.93,6.666666666666667,96.8147771399443,170,42,0,0,329.20000000000005,60.00000000000001,0,0
8.93,6.666666666666667,96.82294850166123,170,42,0,0,343.51,63.0,0,0
8.93,6.666666666666667,96.8366893763699,170,42,0,0,357.82,66.0,0,0
8.93,6.666666666666667,96.85134991414154,170,42,0,0,372.13,69.0,0,0
8.95,6.666666666666667,96.86581138419821,170,42,0,0,386.44,72.0,0,0
8.95,6.666666666666667,96.87302031759884,170,42,0,0,400.75,75.0,0,0
8.95,6.666666666666667,96.89496597783996,170,42,0,0,415.06,78.0,0,0
8.95,6.666666666666667,96.90488227179071,170,42,0,0,429.37,81.0,0,0
8.95,6.666666666666667,96.92353553554067,170,42,0,0,443.68,84.0,0,0
8.95,6.666666666666667,96.93464821548395,170,42,0,0,457.99,87.0,0,0
8.95,6.666666666666667,96.945942478516,170,42,0,0,472.3,90.0,0,0
8.95,6.666666666666667,96.96139838762124,170,42,0,0,486.61,93.0,0,0
8.95,6.666666666666667,96.96844067362092,170,42,0,0,500.92,96.0,0,0
8.97,6.666666666666667,96.98737392096982,170,42,0,0,515.23,99.0,0,0
8.97,7.5,97.00348963088715,170,42,0,0,520,100.0,0,0
8.97,7.5,96.99827124967359,170,42,0,0,505.69,97.0,0,0
8.97,7.5,96.99384175686625,170,42,0,0,491.38,94.0,0,0
8.97,7.5,96.98773861806151,170,42,0,0,477.07,91.0,0,0
8.97,7.5,96.98183435272573,170,42,0,0,462.76,88.0,0,0
8.97,7.5,96.98106771778451,170,42,0,0,448.45,85.0,0,0
8.97,7.5,96.97374867609389,170,42,0,0,434.14,82.0,0,0
8.97,7.5,96.96765985043933,170,42,0,0,419.83,79.0,0,0
8.98,7.5,96.95903695057267,170,42,0,0,405.52,76.0,0,0
8.98,7.5,96.94268398602027,170,42,0,0,391.21,73.0,0,0
8.98,7.5,96.92637403627879,170,42,0,0,376.9,70.0,0,0
8.98,7.5,96.9211325725105,170,42,0,0,362.59000000000003,67.0,0,0
8.98,7.5,96.91191129723325,170,42,0,0,348.28,63.99999999999999,0,0
8.98,7.5,96.90720336233986,170,42,0,0,333.96999999999997,60.99999999999999,0,0
8.98,7.5,96.90589790270641,170,42,0,0,319.65999999999997,57.99999999999999,0,0
8.98,7.5,96.90089335600878,170,42,0,0,305.34999999999997,54.99999999999999,0,0
9.00,7.5,96.89454322364257,170,42,0,0,291.03999999999996,51.99999999999999,0,0
9.00,7.5,96.89039438202843,170,42,0,0,276.7299999999999,48.99999999999998,0,0
9.00,7.5,96.88455478367665,170,42,0,0,262.4199999999999,45.99999999999997,0,0
9.00,7.5,96.87898470950309,170,42,0,0,248.10999999999984,42.99999999999997,0,0
9.00,7.5,96.87662989967784,170,42,0,0,233.79999999999984,39.99999999999997,0,0
9.00,7.5,96.86952658925064,170,42,0,0,219.48999999999984,36.999999999999964,0,0
9.00,7.5,96.86433546461463,170,42,0,0,205.1799999999999,33.99999999999997,0,0
9.00,7.5,96.85685875884376,170,42,0,0,190.8699999999999,30.99999999999997,0,0
9.02,7.5,96.85003316293788,170,42,0,0,176.55999999999983,27.99999999999997,0,0
9.02,7.5,96.83609881330094,170,42,0,0,162.24999999999983,24.99999999999997,0,0
9.02,7.5,96.83014307198435,170,42,0,0,147.93999999999988,21.99999999999997,0,0
9.02,7.5,96.82555374223186,170,42,0,0,133.62999999999988,18.99999999999997,0,0
9.02,7.5,96.81679026096263,170,42,0,0,119.31999999999988,15.999999999999972,0,0
9.02,7.5,96.81236759855503,170,42,0,0,105.00999999999982,12.999999999999972,0,0
9.02,7.5,96.79875231955009,170,42,0,0,90.69999999999987,9.999999999999972,0,0
9.02,7.5,96.78157189405324,170,42,0,0,76.38999999999987,6.999999999999972,0,0
9.02,7.5,96.7750668453627,170,42,0,0,62.07999999999987,3.9999999999999716,0,0
9.02,7.5,96.77035287223944,170,42,0,0,47.76999999999987,0.9999999999999716,0,0
9.03,7.5,96.76669444196524,171,42,0,0,43,0.0,0,0
9.03,7.5,96.78002977413787,171,42,0,0,57.31,3.0,0,0
9.03,7.5,96.77629458491393,172,42,0,0,71.62,6.0,0,0
9.03,7.5,96.78947448977448,173,42,0,0,85.93,9.0,0,0
9.03,7.5,96.786764726361,173,42,0,0,100.24000000000001,12.0,0,0
9.03,7.5,96.79076458347186,173,42,0,0,114.55000000000001,15.0,0,0
9.03,7.5,96.79614198669293,173,42,0,0,128.86,18.0,0,0
9.03,7.5,96.80278530951705,173,42,0,0,143.16999999999996,21.0,0,0
9.05,7.5,96.80276730196825,173,42,0,0,157.48000000000002,24.0,0,0
9.05,7.5,96.81080922182365,173,42,0,0,171.79000000000002,27.0,0,0
9.05,7.5,96.81709187920305,173,42,0,0,186.10000000000002,30.0,0,0
9.05,7.5,96.82216247705516,173,42,0,0,200.40999999999997,33.0,0,0
9.05,7.5,96.83177247115987,173,42,0,0,214.71999999999997,36.0,0,0
9.05,7.5,96.83418278917974,173,42,0,0,229.03000000000003,39.0,0,0
9.05,7.5,96.83398510048009,173,42,0,0,243.34000000000003,42.00000000000001,0,0
9.05,7.5,96.83697755471437,173,42,0,0,257.65000000000003,45.00000000000001,0,0
9.05,7.5,96.84018576240327,173,42,0,0,271.96000000000004,48.00000000000001,0,0
9.05,7.5,96.86007144558516,173,42,0,0,286.27000000000004,51.00000000000001,0,0
9.07,7.5,96.86870534789605,173,42,0,0,300.58000000000004,54.00000000000001,0,0
9.07,7.5,96.87073262920379,173,42,0,0,314.89000000000004,57.000000000000014,0,0
9.07,7.5,96.8866680265415,173,42,0,0,329.20000000000005,60.00000000000001,0,0
9.07,7.5,96.90385644832254,173,42,0,0,343.51,63.0,0,0
9.07,7.5,96.90800781049327,173,42,0,0,357.82,66.0,0,0
9.07,7.5,96.93083788998132,173,42,0,0,372.13,69.0,0,0
9.07,7.5,96.95054944229817,174,42,0,0,386.44,72.0,0,0
9.07,7.5,96.96192092766765,174,42,0,0,400.75,75.0,0,0
9.07,7.5,96.9812604223515,174,42,0,0,415.06,78.0,0,0
9.07,7.5,96.9853264765406,174,42,0,0,429.37,81.0,0,0
9.08,7.5,96.99402013766823,174,42,0,0,443.68,84.0,0,0
9.08,7.5,97.00295715247233,174,42,0,0,457.99,87.0,0,0
9.08,7.5,97.01203087337761,174,42,0,0,472.3,90.0,0,0
9.08,7.5,97.02907490401688,174,42,0,0,486.61,93.0,0,0
9.08,7.5,97.04672916670589,174,42,0,0,500.92,96.0,0,0
9.08,7.5,97.05312128924422,174,42,0,0,515.23,99.0,0,0
9.08,7.5,97.06999517161836,174,42,0,0,520,100.0,0,0
9.10,7.5,97.06410650888695,174,42,0,0,505.69,97.0,0,0
9.10,7.5,97.05462482616566,174,42,0,0,491.38,94.0,0,0
9.10,7.5,97.05003429941348,174,42,0,0,477.07,91.0,0,0
9.10,7.5,97.03696784982132,174,42,0,0,462.76,88.0,0,0
9.10,7.5,97.02919567505235,174,42,0,0,448.45,85.0,0,0
9.10,7.5,97.0156711562547,174,42,0,0,434.14,82.0,0,0
9.10,7.5,97.0029859367277,174,42,0,0,419.83,79.0,0,0
9.10,7.5,96.986782447363,175,42,0,0,405.52,76.0,0,0
9.10,7.5,96.97371933407815,175,42,0,0,391.21,73.0,0,0
9.12,7.5,96.96163058948228,175,42,0,0,376.9,70.0,0,0
9.12,7.5,96.95349265960002,175,42,0,0,362.59000000000003,67.0,0,0
9.12,7.5,96.94340378967412,175,42,0,0,348.28,63.99999999999999,0,0
9.12,7.5,96.93437330427726,175,42,0,0,333.96999999999997,60.99999999999999,0,0
9.12,7.5,96.92286714088738,175,42,0,0,319.65999999999997,57.99999999999999,0,0
9.12,7.5,96.91028350712644,175,42,0,0,305.34999999999997,54.99999999999999,0,0
9.12,7.5,96.90062863345193,175,42,0,0,291.03999999999996,51.99999999999999,0,0
9.12,7.5,96.89274007838637,175,42,0,0,276.7299999999999,48.99999999999998,0,0
9.12,7.5,96.88441011205565,175,42,0,0,262.4199999999999,45.99999999999997,0,0
9.12,7.5,96.87435178897894,175,42,0,0,248.10999999999984,42.99999999999997,0,0
9.13,7.5,96.86762923866621,175,42,0,0,233.79999999999984,39.99999999999997,0,0
9.13,7.5,96.85245474586236,175,42,0,0,219.48999999999984,36.999999999999964,0,0
9.13,7.5,96.84899226952336,175,42,0,0,205.1799999999999,33.99999999999997,0,0
9.13,7.5,96.83595816442869,175,42,0,0,190.8699999999999,30.99999999999997,0,0
9.13,7.5,96.82458519953862,175,42,0,0,176.55999999999983,27.99999999999997,0,0
9.13,7.5,96.81464319201541,175,42,0,0,162.24999999999983,24.99999999999997,0,0
9.13,7.5,96.8060798297129,175,42,0,0,147.93999999999988,21.99999999999997,0,0
9.13,7.5,96.79741735445789,175,42,0,0,133.62999999999988,18.99999999999997,0,0
9.13,7.5,96.79404846309514,175,42,0,0,119.31999999999988,15.999999999999972,0,0
9.13,7.5,96.79158940367306,175,42,0,0,105.00999999999982,12.999999999999972,0,0
9.15,7.5,96.7814305829151,175,42,0,0,90.69999999999987,9.999999999999972,0,0
9.15,7.5,96.76937139910306,175,42,0,0,76.38999999999987,6.999999999999972,0,0
9.15,7.5,96.75969020826545,175,42,0,0,62.07999999999987,3.9999999999999716,0,0
9.15,7.5,96.74657546229413,175,42,0,0,47.76999999999987,0.9999999999999716,0,0
9.15,7.5,96.73579022415706,175,42,0,0,43,0.0,0,0
9.15,7.5,96.73429750390639,175,42,0,0,57.31,3.0,0,0
9.15,7.5,96.74653324813389,175,42,0,0,71.62,6.0,0,0
9.15,7.5,96.75869513000717,175,42,0,0,85.93,9.0,0,0
9.15,7.5,96.76400339592065,175,42,0,0,100.24000000000001,12.0,0,0
9.15,7.5,96.75910615918835,175,42,0,0,114.55000000000001,15.0,0,0
9.17,7.5,96.75819131798683,175,42,0,0,128.86,18.0,0,0
9.17,7.5,96.7614685926409,175,42,0,0,143.16999999999996,21.0,0,0
9.17,7.5,96.760426621648,175,42,0,0,157.48000000000002,24.0,0,0
9.17,7.5,96.7650089366678,175,42,0,0,171.79000000000002,27.0,0,0
9.17,7.5,96.76034892401658,175,42,0,0,186.10000000000002,30.0,0,0
9.17,7.5,96.76719171887217,175,42,0,0,200.40999999999997,33.0,0,0
9.17,7.5,96.77735000168401,175,42,0,0,214.71999999999997,36.0,0,0
9.17,7.5,96.78264135053702,175,42,0,0,229.03000000000003,39.0,0,0
9.17,7.5,96.78799423900666,175,42,0,0,243.34000000000003,42.00000000000001,0,0
9.17,7.5,96.78984345454464,175,43,0,0,257.65000000000003,45.00000000000001,0,0
9.18,7.5,96.79512348752823,175,43,0,0,271.96000000000004,48.00000000000001,0,0
9.18,7.5,96.8062968548691,175,43,0,0,286.27000000000004,51.00000000000001,0,0
9.18,7.5,96.81489229651407,175,43,0,0,300.58000000000004,54.00000000000001,0,0
9.18,7.5,96.82592065137172,175,43,0,0,314.89000000000004,57.000000000000014,0,0
9.18,7.5,96.82730511023554,175,43,0,0,329.20000000000005,60.00000000000001,0,0
9.18,7.5,96.83986027155736,175,43,0,0,343.51,63.0,0,0
9.18,7.5,96.8560558856091,175,43,0,0,357.82,66.0,0,0
9.18,7.5,96.87014334026905,175,43,0,0,372.13,69.0,0,0
9.20,7.5,96.88699826379106,175,43,0,0,386.44,72.0,0,0
9.20,7.5,96.89104215526561,175,43,0,0,400.75,75.0,0,0
9.20,7.5,96.90870583258678,175,43,0,0,415.06,78.0,0,0
9.20,7.5,96.91823609321577,175,43,0,0,429.37,81.0,0,0
9.20,7.5,96.94130086609925,175,43,0,0,443.68,84.0,0,0
9.20,7.5,96.96125522801199,175,43,0,0,457.99,87.0,0,0
9.20,7.5,96.97794700318607,175,43,0,0,472.3,90.0,0,0
9.20,7.5,96.9871714503616,175,43,0,0,486.61,93.0,0,0
9.20,7.5,97.00157843912753,175,43,0,0,500.92,96.0,0,0
9.20,7.5,97.01253310145997,175,43,0,0,515.23,99.0,0,0
9.22,8.571428571428571,97.0217872383957,175,43,0,0,520,100.0,0,0
9.22,8.571428571428571,97.00921957544274,175,43,0,0,505.69,97.0,0,0
9.22,8.571428571428571,97.00231283202488,175,43,0,0,491.38,94.0,0,0
9.22,8.571428571428571,96.99900696214699,175,43,0,0,477.07,91.0,0,0
9.22,8.571428571428571,96.98735019425654,175,43,0,0,462.76,88.0,0,0
9.22,8.571428571428571,96.98478041061405,175,43,0,0,448.45,85.0,0,0
9.22,8.571428571428571,96.98200948768583,175,43,0,0,434.14,82.0,0,0
9.22,8.571428571428571,96.97842809343358,175,43,0,0,419.83,79.0,0,0
9.22,8.571428571428571,96.97070891521133,175,43,0,0,405.52,76.0,0,0
9.23,8.571428571428571,96.96076523645281,175,43,0,0,391.21,73.0,0,0
9.23,8.571428571428571,96.9560310308096,175,43,0,0,376.9,70.0,0,0
9.23,8.571428571428571,96.94930745389716,175,43,0,0,362.59000000000003,67.0,0,0
9.23,8.571428571428571,96.94304426445959,175,43,0,0,348.28,63.99999999999999,0,0
9.23,8.571428571428571,96.93892493516651,175,43,0,0,333.96999999999997,60.99999999999999,0,0
9.23,8.571428571428571,96.93030198559408,175,44,0,0,319.65999999999997,57.99999999999999,0,0
9.25,8.571428571428571,96.91760868899992,176,44,0,0,305.34999999999997,54.99999999999999,0,0
9.25,8.571428571428571,96.90429404342676,176,44,0,0,291.03999999999996,51.99999999999999,0,0
9.25,8.571428571428571,96.89048633282216,176,44,0,0,276.7299999999999,48.99999999999998,0,0
9.25,8.571428571428571,96.8860164203921,176,44,0,0,262.4199999999999,45.99999999999997,0,0
9.25,8.571428571428571,96.87551320065823,176,44,0,0,248.10999999999984,42.99999999999997,0,0
9.25,8.571428571428571,96.86083319880714,177,44,0,0,233.79999999999984,39.99999999999997,0,0
9.25,8.571428571428571,96.85227629815594,177,44,0,0,219.48999999999984,36.999999999999964,0,0
9.25,8.571428571428571,96.84755564042007,177,44,0,0,205.1799999999999,33.99999999999997,0,0
9.25,8.571428571428571,96.8419807192487,177,44,0,0,190.8699999999999,30.99999999999997,0,0
9.27,8.571428571428571,96.8301454904392,177,44,0,0,176.55999999999983,27.99999999999997,0,0
9.27,8.571428571428571,96.8202861023552,177,44,0,0,162.24999999999983,24.99999999999997,0,0
9.27,8.571428571428571,96.81582983755304,177,44,0,0,147.93999999999988,21.99999999999997,0,0
9.27,8.571428571428571,96.81046078472538,177,44,0,0,133.62999999999988,18.99999999999997,0,0
9.27,8.571428571428571,96.80475306422468,177,44,0,0,119.31999999999988,15.999999999999972,0,0
9.27,8.571428571428571,96.79491757318469,177,44,0,0,105.00999999999982,12.999999999999972,0,0
9.27,8.571428571428571,96.78617733093016,177,45,0,0,90.69999999999987,9.999999999999972,0,0
9.28,8.571428571428571,96.78377285683325,177,45,0,0,76.38999999999987,6.999999999999972,0,0
9.28,8.571428571428571,96.77495000545886,177,45,0,0,62.07999999999987,3.9999999999999716,0,0
9.28,8.571428571428571,96.77332686948338,177,45,0,0,47.76999999999987,0.9999999999999716,0,0
9.28,8.571428571428571,96.758354203531,177,45,0,0,43,0.0,0,0
9.28,8.571428571428571,96.75996919371902,177,45,0,0,57.31,3.0,0,0
9.30,8.571428571428571,96.76763600775456,177,45,0,0,71.62,6.0,0,0
9.30,8.571428571428571,96.76706802525408,177,45,0,0,85.93,9.0,0,0
9.30,8.571428571428571,96.76324736067238,177,45,0,0,100.24000000000001,12.0,0,0
9.30,8.571428571428571,96.76519160766728,177,45,0,0,114.55000000000001,15.0,0,0
9.30,8.571428571428571,96.7685613298529,177,45,0,0,128.86,18.0,0,0
9.30,8.571428571428571,96.77791101159674,177,45,0,0,143.16999999999996,21.0,0,0
9.30,8.571428571428571,96.77543595730485,177,45,0,0,157.48000000000002,24.0,0,0
9.30,8.571428571428571,96.77489510209556,177,45,0,0,171.79000000000002,27.0,0,0
9.30,8.571428571428571,96.77791064280292,177,45,0,0,186.10000000000002,30.0,0,0
9.32,8.571428571428571,96.78057099334318,177,45,0,0,200.40999999999997,33.0,0,0
9.32,8.571428571428571,96.78395479903982,177,45,0,0,214.71999999999997,36.0,0,0
9.32,8.571428571428571,96.79283658383807,177,45,0,0,229.03000000000003,39.0,0,0
9.32,8.571428571428571,96.79991737927047,177,45,0,0,243.34000000000003,42.00000000000001,0,0
9.32,8.571428571428571,96.80197073685548,177,45,0,0,257.65000000000003,45.00000000000001,0,0
9.32,8.571428571428571,96.80045634953251,177,45,0,0,271.96000000000004,48.00000000000001,0,0
9.32,8.571428571428571,96.8087094860267,177,45,0,0,286.27000000000004,51.00000000000001,0,0
9.32,8.571428571428571,96.82234207939862,177,45,0,0,300.58000000000004,54.00000000000001,0,0
9.32,8.571428571428571,96.83889857887203,178,45,0,0,314.89000000000004,57.000000000000014,0,0
9.32,8.571428571428571,96.8557235531864,178,45,0,0,329.20000000000005,60.00000000000001,0,0
9.33,8.571428571428571,96.8614676509119,178,45,0,0,343.51,63.0,0,0
9.33,8.571428571428571,96.87697329594363,178,45,0,0,357.82,66.0,0,0
9.33,8.571428571428571,96.89917337118493,178,45,0,0,372.13,69.0,0,0
9.33,8.571428571428571,96.91939127778745,178,45,0,0,386.44,72.0,0,0
9.33,8.571428571428571,96.93442182260245,178,45,0,0,400.75,75.0,0,0
9.33,8.571428571428571,96.94750100974996,178,45,0,0,415.06,78.0,0,0
9.33,8.571428571428571,96.96201958107629,178,45,0,0,429.37,81.0,0,0
9.33,8.571428571428571,96.98134518423502,178,45,0,0,443.68,84.0,0,0
9.33,8.571428571428571,96.99413758920123,178,45,0,0,457.99,87.0,0,0
9.33,8.571428571428571,96.99541239398862,178,45,0,0,472.3,90.0,0,0
9.35,8.571428571428571,97.00526597203229,178,45,0,0,486.61,93.0,0,0
9.35,8.571428571428571,97.01907498838885,178,45,0,0,500.92,96.0,0,0
9.35,8.571428571428571,97.02673340163965,178,45,0,0,515.23,99.0,0,0
9.35,7.5,97.04247156023676,178,45,0,0,520,100.0,0,0
9.35,7.5,97.03738686393564,179,45,0,0,505.69,97.0,0,0
9.35,7.5,97.02666500812855,179,45,0,0,491.38,94.0,0,0
9.35,7.5,97.01238420674593,179,45,0,0,477.07,91.0,0,0
9.35,7.5,96.9971372631685,179,45,0,0,462.76,88.0,0,0
9.35,7.5,96.99072243800374,179,45,0,0,448.45,85.0,0,0
9.37,7.5,96.97536287184909,179,45,0,0,434.14,82.0,0,0
9.37,7.5,96.96953802559582,179,45,0,0,419.83,79.0,0,0
9.37,7.5,96.9580576651456,179,45,0,0,405.52,76.0,0,0
9.37,7.5,96.95054446039907,179,45,0,0,391.21,73.0,0,0
9.37,7.5,96.9417953563441,179,45,0,0,376.9,70.0,0,0
9.37,7.5,96.9272481092802,179,45,0,0,362.59000000000003,67.0,0,0
9.37,7.5,96.91899523744708,179,45,0,0,348.28,63.99999999999999,0,0
9.37,7.5,96.90539598171102,179,45,0,0,333.96999999999997,60.99999999999999,0,0
9.37,7.5,96.89288665135126,179,45,0,0,319.65999999999997,57.99999999999999,0,0
9.37,7.5,96.8848910988002,179,45,0,0,305.34999999999997,54.99999999999999,0,0
9.38,7.5,96.87725629659198,179,45,0,0,291.03999999999996,51.99999999999999,0,0
9.38,7.5,96.86301029936432,179,45,0,0,276.7299999999999,48.99999999999998,0,0
9.38,7.5,96.85676138211781,179,45,0,0,262.4199999999999,45.99999999999997,0,0
9.38,7.5,96.85347397632,179,45,0,0,248.10999999999984,42.99999999999997,0,0
9.38,7.5,96.84576914326954,179,45,0,0,233.79999999999984,39.99999999999997,0,0
9.38,7.5,96.83008808576987,179,45,0,0,219.48999999999984,36.999999999999964,0,0
9.38,7.5,96.8201217791288,179,45,0,0,205.1799999999999,33.99999999999997,0,0
9.38,7.5,96.81423905260658,179,45,0,0,190.8699999999999,30.99999999999997,0,0
9.38,7.5,96.81191403652157,179,45,0,0,176.55999999999983,27.99999999999997,0,0
9.38,7.5,96.80423912285157,179,45,0,0,162.24999999999983,24.99999999999997,0,0
9.40,7.5,96.79521150320278,179,45,0,0,147.93999999999988,21.99999999999997,0,0
9.40,7.5,96.78712692798935,179,45,0,0,133.62999999999988,18.99999999999997,0,0
9.40,7.5,96.77729492911911,180,45,0,0,119.31999999999988,15.999999999999972,0,0
9.40,7.5,96.76717377770753,180,45,0,0,105.00999999999982,12.999999999999972,0,0
9.40,7.5,96.75809109278212,180,45,0,0,90.69999999999987,9.999999999999972,0,0
9.40,7.5,96.7537655841723,180,45,0,0,76.38999999999987,6.999999999999972,0,0
9.40,7.5,96.74687208958927,180,45,0,0,62.07999999999987,3.9999999999999716,0,0
9.40,7.5,96.74381733823395,180,45,0,0,47.76999999999987,0.9999999999999716,0,0
9.40,7.5,96.73920498356371,180,45,0,0,43,0.0,0,0
9.40,7.5,96.7395471154364,180,45,0,0,57.31,3.0,0,0
9.42,7.5,96.74392096423642,180,45,0,0,71.62,6.0,0,0
9.42,7.5,96.75266183217138,180,45,0,0,85.93,9.0,0,0
9.42,7.5,96.76078692402622,180,45,0,0,100.24000000000001,12.0,0,0
9.42,7.5,96.76315786016809,180,45,0,0,114.55000000000001,15.0,0,0
9.42,7.5,96.77089258430634,180,45,0,0,128.86,18.0,0,0
9.42,7.5,96.78027712199479,180,45,0,0,143.16999999999996,21.0,0,0
9.42,7.5,96.77988635847935,180,45,0,0,157.48000000000002,24.0,0,0
9.42,7.5,96.78841149387065,180,45,0,0,171.79000000000002,27.0,0,0
9.42,7.5,96.79058667794571,180,45,0,0,186.10000000000002,30.0,0,0
9.43,7.5,96.79466701678025,180,45,0,0,200.40999999999997,33.0,0,0
9.43,7.5,96.80322450978234,180,45,0,0,214.71999999999997,36.0,0,0
9.43,7.5,96.80745768229599,180,45,0,0,229.03000000000003,39.0,0,0
9.43,7.5,96.8129174742445,180,45,0,0,243.34000000000003,42.00000000000001,0,0
9.43,7.5,96.80954799905,180,45,0,0,257.65000000000003,45.00000000000001,0,0
9.43,7.5,96.82155089048644,180,45,0,0,271.96000000000004,48.00000000000001,0,0
9.45,7.5,96.82717194242183,180,45,0,0,286.27000000000004,51.00000000000001,0,0
9.45,7.5,96.84217207249576,180,45,0,0,300.58000000000004,54.00000000000001,0,0
9.45,7.5,96.84713574393571,180,45,0,0,314.89000000000004,57.000000000000014,0,0
9.45,7.5,96.85780027678614,180,45,0,0,329.20000000000005,60.00000000000001,0,0
9.47,7.5,96.87538079951314,180,45,0,0,343.51,63.0,0,0
9.47,7.5,96.88787476398669,180,45,0,0,357.82,66.0,0,0
9.47,7.5,96.90435290764975,180,45,0,0,372.13,69.0,0,0
9.47,7.5,96.91584893663988,180,45,0,0,386.44,72.0,0,0
9.47,7.5,96.93154912614325,180,45,0,0,400.75,75.0,0,0
9.47,7.5,96.93911779343394,180,45,0,0,415.06,78.0,0,0
9.47,7.5,96.9543947724774,180,45,0,0,429.37,81.0,0,0
9.47,7.5,96.96968584891783,181,45,0,0,443.68,84.0,0,0
9.47,7.5,96.97391085365595,181,45,0,0,457.99,87.0,0,0
9.47,7.5,96.98334748023623,181,45,0,0,472.3,90.0,0,0
9.48,7.5,97.00462770223551,181,45,0,0,486.61,93.0,0,0
9.48,7.5,97.02259825778538,181,45,0,0,500.92,96.0,0,0
9.48,7.5,97.03145016620542,181,45,0,0,515.23,99.0,0,0
9.48,7.5,97.03676739219465,181,45,0,0,520,100.0,0,0
9.48,7.5,97.03055504079033,181,45,0,0,505.69,97.0,0,0
9.48,7.5,97.02503829995804,181,45,0,0,491.38,94.0,0,0
9.48,7.5,97.01998845974313,181,45,0,0,477.07,91.0,0,0
9.48,7.5,97.01278723379001,181,45,0,0,462.76,88.0,0,0
9.48,7.5,97.00199385674635,181,45,0,0,448.45,85.0,0,0
9.48,7.5,96.98747385505325,181,45,0,0,434.14,82.0,0,0
9.50,7.5,96.97747439291798,181,45,0,0,419.83,79.0,0,0
9.50,7.5,96.97138992291602,181,45,0,0,405.52,76.0,0,0
9.50,7.5,96.96701723943033,181,45,0,0,391.21,73.0,0,0
9.50,7.5,96.96232988696264,181,45,0,0,376.9,70.0,0,0
9.50,7.5,96.95206468429346,181,45,0,0,362.59000000000003,67.0,0,0
9.50,7.5,96.94741632983148,181,45,0,0,348.28,63.99999999999999,0,0
9.50,7.5,96.94463622319711,181,45,0,0,333.96999999999997,60.99999999999999,0,0
9.50,7.5,96.94080681009405,181,45,0,0,319.65999999999997,57.99999999999999,0,0
9.52,7.5,96.92669125587136,181,45,0,0,305.34999999999997,54.99999999999999,0,0
9.52,7.5,96.9198368067579,181,45,0,0,291.03999999999996,51.99999999999999,0,0
9.52,7.5,96.90613855374494,181,45,0,0,276.7299999999999,48.99999999999998,0,0
9.52,7.5,96.89857835005532,181,45,0,0,262.4199999999999,45.99999999999997,0,0
9.52,7.5,96.89130900920934,181,45,0,0,248.10999999999984,42.99999999999997,0,0
9.52,7.5,96.87624795498277,181,45,0,0,233.79999999999984,39.99999999999997,0,0
9.52,7.5,96.87197067752413,181,45,0,0,219.48999999999984,36.999999999999964,0,0
9.52,7.5,96.86015097183734,181,45,0,0,205.1799999999999,33.99999999999997,0,0
9.52,7.5,96.85196026381105,181,45,0,0,190.8699999999999,30.99999999999997,0,0
9.52,7.5,96.84167638292028,181,45,0,0,176.55999999999983,27.99999999999997,0,0
9.53,7.5,96.8394079594986,181,45,0,0,162.24999999999983,24.99999999999997,0,0
9.53,7.5,96.82930259944811,182,45,0,0,147.93999999999988,21.99999999999997,0,0
9.53,7.5,96.81881711288462,182,45,0,0,133.62999999999988,18.99999999999997,0,0
9.53,7.5,96.80933837362527,182,45,0,0,119.31999999999988,15.999999999999972,0,0
9.53,7.5,96.80485034002112,182,45,0,0,105.00999999999982,12.999999999999972,0,0
9.53,7.5,96.8019605674242,182,45,0,0,90.69999999999987,9.999999999999972,0,0
9.53,7.5,96.79863355567304,182,45,0,0,76.38999999999987,6.999999999999972,0,0
9.55,7.5,96.79013133588383,182,45,0,0,62.07999999999987,3.9999999999999716,0,0
9.55,7.5,96.78350594305097,182,45,0,0,47.76999999999987,0.9999999999999716,0,0
9.55,7.5,96.77212466625764,182,45,0,0,43,0.0,0,0
9.55,7.5,96.77585384629369,182,45,0,0,57.31,3.0,0,0
9.55,7.5,96.78731805697464,182,45,0,0,71.62,6.0,0,0
9.55,7.5,96.79653504787035,182,45,0,0,85.93,9.0,0,0
9.55,7.5,96.79437002286762,182,45,0,0,100.24000000000001,12.0,0,0
9.55,7.5,96.79405829612868,182,45,0,0,114.55000000000001,15.0,0,0
9.55,7.5,96.79704447305254,182,45,0,0,128.86,18.0,0,0
9.57,7.5,96.79884159049392,182,45,0,0,143.16999999999996,21.0,0,0
9.57,7.5,96.81256601374831,182,45,0,0,157.48000000000002,24.0,0,0
9.57,7.5,96.82200681913335,182,45,0,0,171.79000000000002,27.0,0,0
9.57,7.5,96.82222519010625,182,46,0,0,186.10000000000002,30.0,0,0
9.57,7.5,96.83375596858035,182,46,0,0,200.40999999999997,33.0,0,0
9.57,7.5,96.83967214305237,182,46,0,0,214.71999999999997,36.0,0,0
9.58,7.5,96.8515426921875,182,46,0,0,229.03000000000003,39.0,0,0
9.58,7.5,96.85727085698691,183,46,0,0,243.34000000000003,42.00000000000001,0,0
9.58,7.5,96.86140018743899,183,46,0,0,257.65000000000003,45.00000000000001,0,0
9.58,7.5,96.86411917791094,183,46,0,0,271.96000000000004,48.00000000000001,0,0
9.58,7.5,96.8730287417028,183,46,0,0,286.27000000000004,51.00000000000001,0,0
9.58,7.5,96.88489849847457,183,46,0,0,300.58000000000004,54.00000000000001,0,0
9.58,7.5,96.90473912250546,183,46,0,0,314.89000000000004,57.000000000000014,0,0
9.58,7.5,96.9184603637163,183,46,0,0,329.20000000000005,60.00000000000001,0,0
9.58,7.5,96.93498745824104,183,46,0,0,343.51,63.0,0,0
9.60,7.5,96.94875876420312,183,46,0,0,357.82,66.0,0,0
9.60,7.5,96.95258918518203,183,46,0,0,372.13,69.0,0,0
9.60,7.5,96.96475653078996,183,46,0,0,386.44,72.0,0,0
9.60,7.5,96.97644361465936,183,47,0,0,400.75,75.0,0,0
9.60,7.5,96.98973995396193,183,47,0,0,415.06,78.0,0,0
9.60,7.5,97.00615902343931,183,47,0,0,429.37,81.0,0,0
9.60,7.5,97.0209422739358,183,47,0,0,443.68,84.0,0,0
9.60,7.5,97.02771480359887,183,47,0,0,457.99,87.0,0,0
9.62,7.5,97.03875116448424,183,47,0,0,472.3,90.0,0,0
9.62,7.5,97.0491917641809,183,47,0,0,486.61,93.0,0,0
9.62,7.5,97.06063969803854,183,47,0,0,500.92,96.0,0,0
9.62,7.5,97.06858645742035,183,47,0,0,515.23,99.0,0,0
9.62,7.5,97.09088004794211,183,47,0,0,520,100.0,0,0
9.62,7.5,97.08709802117177,183,47,0,0,505.69,97.0,0,0
9.62,7.5,97.08198565115597,183,47,0,0,491.38,94.0,0,0
9.63,7.5,97.08011069764245,183,47,0,0,477.07,91.0,0,0
9.63,7.5,97.0669035217781,183,47,0,0,462.76,88.0,0,0
9.63,7.5,97.06209972721771,183,47,0,0,448.45,85.0,0,0
9.63,7.5,97.04643235029363,183,47,0,0,434.14,82.0,0,0
9.63,7.5,97.04210861636298,183,47,0,0,419.83,79.0,0,0
9.63,7.5,97.03642294734719,184,47,0,0,405.52,76.0,0,0
9.63,7.5,97.02940077363647,184,47,0,0,391.21,73.0,0,0
9.65,7.5,97.02210919331918,184,47,0,0,376.9,70.0,0,0
9.65,7.5,97.01247081139425,184,47,0,0,362.59000000000003,67.0,0,0
9.65,7.5,97.01081710771655,184,47,0,0,348.28,63.99999999999999,0,0
9.65,7.5,97.00256930009901,184,47,0,0,333.96999999999997,60.99999999999999,0,0
9.67,7.5,96.99220956695852,184,47,0,0,319.65999999999997,57.99999999999999,0,0
9.67,7.5,96.98428400588024,184,47,0,0,305.34999999999997,54.99999999999999,0,0
9.67,7.5,96.9801193545587,184,47,0,0,291.03999999999996,51.99999999999999,0,0
9.67,7.5,96.9674683318518,184,47,0,0,276.7299999999999,48.99999999999998,0,0
9.67,7.5,96.9656747786089,184,47,0,0,262.4199999999999,45.99999999999997,0,0
9.67,7.5,96.96547659477726,184,47,0,0,248.10999999999984,42.99999999999997,0,0
9.67,7.5,96.95723809575973,184,47,0,0,233.79999999999984,39.99999999999997,0,0
9.68,7.5,96.94577564797049,184,47,0,0,219.48999999999984,36.999999999999964,0,0
9.68,7.5,96.93781699077385,184,47,0,0,205.1799999999999,33.99999999999997,0,0
9.68,7.5,96.93132136877142,184,47,0,0,190.8699999999999,30.99999999999997,0,0
9.68,7.5,96.92231734549189,184,47,0,0,176.55999999999983,27.99999999999997,0,0
9.68,7.5,96.91280398064833,184,47,0,0,162.24999999999983,24.99999999999997,0,0
9.68,7.5,96.90577578425672,184,47,0,0,147.93999999999988,21.99999999999997,0,0
9.68,7.5,96.89954480888467,184,47,0,0,133.62999999999988,18.99999999999997,0,0
9.68,7.5,96.8950436363376,184,47,0,0,119.31999999999988,15.999999999999972,0,0
9.68,7.5,96.88988337942438,184,47,0,0,105.00999999999982,12.999999999999972,0,0
9.68,7.5,96.87986340570144,185,47,0,0,90.69999999999987,9.999999999999972,0,0
9.70,7.5,96.87738919013846,185,47,0,0,76.38999999999987,6.999999999999972,0,0
9.70,7.5,96.86738006461984,185,47,0,0,62.07999999999987,3.9999999999999716,0,0
9.70,7.5,96.85555279308457,185,47,0,0,47.76999999999987,0.9999999999999716,0,0
9.70,7.5,96.84272450335402,185,47,0,0,43,0.0,0,0
9.70,7.5,96.85029353242902,185,47,0,0,57.31,3.0,0,0
9.70,7.5,96.85970290507855,185,47,0,0,71.62,6.0,0,0
9.70,7.5,96.86617009223527,185,47,0,0,85.93,9.0,0,0
9.70,7.5,96.86331903522583,185,47,0,0,100.24000000000001,12.0,0,0
9.72,7.5,96.87122693705443,185,48,0,0,114.55000000000001,15.0,0,0
9.72,7.5,96.87759942326358,185,48,0,0,128.86,18.0,0,0
9.72,7.5,96.88205410372576,185,48,0,0,143.16999999999996,21.0,0,0
9.72,7.5,96.88626589663752,185,48,0,0,157.48000000000002,24.0,0,0
9.72,7.5,96.8932442944708,185,48,0,0,171.79000000000002,27.0,0,0
9.72,7.5,96.89137586914666,185,48,0,0,186.10000000000002,30.0,0,0
9.73,7.5,96.89082641462439,185,48,0,0,200.40999999999997,33.0,0,0
9.73,7.5,96.88670229266316,185,48,0,0,214.71999999999997,36.0,0,0
9.73,7.5,96.8826876378724,185,48,0,0,229.03000000000003,39.0,0,0
9.73,7.5,96.88939507246641,185,49,0,0,243.34000000000003,42.00000000000001,0,0
9.73,7.5,96.89198078090902,185,49,0,0,257.65000000000003,45.00000000000001,0,0
9.73,7.5,96.89225264914901,186,49,0,0,271.96000000000004,48.00000000000001,0,0
9.73,7.5,96.9099295987957,186,49,0,0,286.27000000000004,51.00000000000001,0,0
9.73,7.5,96.91815536336168,186,49,0,0,300.58000000000004,54.00000000000001,0,0
9.73,7.5,96.92561591467039,186,49,0,0,314.89000000000004,57.000000000000014,0,0
9.75,7.5,96.94288706481191,186,49,0,0,329.20000000000005,60.00000000000001,0,0
9.75,7.5,96.95436931433437,186,49,0,0,343.51,63.0,0,0
9.75,7.5,96.97105829385127,186,49,0,0,357.82,66.0,0,0
9.75,7.5,96.98679514878782,186,49,0,0,372.13,69.0,0,0
9.75,7.5,97.00408518939716,186,49,0,0,386.44,72.0,0,0
9.75,7.5,97.01435065911173,186,49,0,0,400.75,75.0,0,0
9.75,7.5,97.02309562523844,186,49,0,0,415.06,78.0,0,0
9.75,7.5,97.03928659336188,186,49,0,0,429.37,81.0,0,0
9.75,7.5,97.05355005723693,186,49,0,0,443.68,84.0,0,0
9.75,7.5,97.0583789012261,186,49,0,0,457.99,87.0,0,0
9.77,7.5,97.07624183281551,186,49,0,0,472.3,90.0,0,0
9.77,7.5,97.08565186977123,186,49,0,0,486.61,93.0,0,0
9.77,7.5,97.09924669100275,186,49,0,0,500.92,96.0,0,0
9.77,7.5,97.10672354527601,186,49,0,0,515.23,99.0,0,0
9.77,6.666666666666667,97.11947744941318,186,49,0,0,520,100.0,0,0
9.77,6.666666666666667,97.11045509771074,186,49,0,0,505.69,97.0,0,0
9.77,6.666666666666667,97.10281159513909,186,49,0,0,491.38,94.0,0,0
9.77,6.666666666666667,97.0966469387281,186,49,0,0,477.07,91.0,0,0
9.77,6.666666666666667,97.09344612594923,186,49,0,0,462.76,88.0,0,0
9.78,6.666666666666667,97.08403819789045,186,49,0,0,448.45,85.0,0,0
9.78,6.666666666666667,97.07802151095613,186,49,0,0,434.14,82.0,0,0
9.78,6.666666666666667,97.06640158500984,186,49,0,0,419.83,79.0,0,0
9.78,6.666666666666667,97.05769491010977,186,49,0,0,405.52,76.0,0,0
9.78,6.666666666666667,97.04500600104157,186,49,0,0,391.21,73.0,0,0
9.78,6.666666666666667,97.04000427575563,186,49,0,0,376.9,70.0,0,0
9.80,6.666666666666667,97.03131970473656,186,49,0,0,362.59000000000003,67.0,0,0
9.80,6.666666666666667,97.02033224034757,186,49,0,0,348.28,63.99999999999999,0,0
9.80,6.666666666666667,97.01760355796445,186,49,0,0,333.96999999999997,60.99999999999999,0,0
9.80,6.666666666666667,97.01513292087371,186,49,0,0,319.65999999999997,57.99999999999999,0,0
9.80,6.666666666666667,97.01149742936855,186,49,0,0,305.34999999999997,54.99999999999999,0,0
9.82,6.666666666666667,97.00618729797586,186,49,0,0,291.03999999999996,51.99999999999999,0,0
9.82,6.666666666666667,96.99782049217293,186,49,0,0,276.7299999999999,48.99999999999998,0,0
9.82,6.666666666666667,96.9964696199896,186,49,0,0,262.4199999999999,45.99999999999997,0,0
9.82,6.666666666666667,96.98560910099874,186,49,0,0,248.10999999999984,42.99999999999997,0,0
9.82,6.666666666666667,96.97457146045038,186,49,0,0,233.79999999999984,39.99999999999997,0,0
9.82,6.666666666666667,96.96369897248185,186,49,0,0,219.48999999999984,36.999999999999964,0,0
9.82,6.666666666666667,96.9548035577348,186,49,0,0,205.1799999999999,33.99999999999997,0,0
9.82,6.666666666666667,96.9497976412961,186,49,0,0,190.8699999999999,30.99999999999997,0,0
9.82,6.666666666666667,96.94105679647608,186,49,0,0,176.55999999999983,27.99999999999997,0,0
9.83,6.666666666666667,96.93472382656338,186,49,0,0,162.24999999999983,24.99999999999997,0,0
9.83,6.666666666666667,96.92908402399591,186,49,0,0,147.93999999999988,21.99999999999997,0,0
9.83,6.666666666666667,96.92375975753895,186,49,0,0,133.62999999999988,18.99999999999997,0,0
9.83,6.666666666666667,96.91430998086584,186,49,0,0,119.31999999999988,15.999999999999972,0,0
9.83,6.666666666666667,96.90963136137775,186,49,0,0,105.00999999999982,12.999999999999972,0,0
9.83,6.666666666666667,96.90171793657527,186,49,0,0,90.69999999999987,9.999999999999972,0,0
9.83,6.666666666666667,96.88710524898462,186,49,0,0,76.38999999999987,6.999999999999972,0,0
9.83,6.666666666666667,96.87521058813549,186,49,0,0,62.07999999999987,3.9999999999999716,0,0
9.83,6.666666666666667,96.86855878768165,186,49,0,0,47.76999999999987,0.9999999999999716,0,0
9.85,6.666666666666667,96.86325074592159,186,49,0,0,43,0.0,0,0
9.85,6.666666666666667,96.86295560824297,186,49,0,0,57.31,3.0,0,0
9.85,6.666666666666667,96.8581162376876,186,49,0,0,71.62,6.0,0,0
9.85,6.666666666666667,96.8592132020896,186,49,0,0,85.93,9.0,0,0
9.85,6.666666666666667,96.86502770314716,186,49,0,0,100.24000000000001,12.0,0,0
9.85,6.666666666666667,96.86372402118984,186,49,0,0,114.55000000000001,15.0,0,0
9.85,6.666666666666667,96.8672892817992,186,49,0,0,128.86,18.0,0,0
9.85,6.666666666666667,96.87298889885534,186,49,0,0,143.16999999999996,21.0,0,0
9.85,6.666666666666667,96.87028278008829,186,49,0,0,157.48000000000002,24.0,0,0
9.85,6.666666666666667,96.87724801198331,186,49,0,0,171.79000000000002,27.0,0,0
9.87,6.666666666666667,96.88238960458663,186,49,0,0,186.10000000000002,30.0,0,0
9.87,6.666666666666667,96.89297112159595,186,49,0,0,200.40999999999997,33.0,0,0
9.87,6.666666666666667,96.90192724952837,186,49,0,0,214.71999999999997,36.0,0,0
9.87,6.666666666666667,96.90403614590174,186,49,0,0,229.03000000000003,39.0,0,0
9.87,6.666666666666667,96.90896760120668,186,49,0,0,243.34000000000003,42.00000000000001,0,0
9.87,6.666666666666667,96.90936125661428,186,49,0,0,257.65000000000003,45.00000000000001,0,0
9.87,6.666666666666667,96.90559809403781,186,49,0,0,271.96000000000004,48.00000000000001,0,0
9.87,6.666666666666667,96.9210562565793,186,49,0,0,286.27000000000004,51.00000000000001,0,0
9.88,6.666666666666667,96.9330911588118,186,49,0,0,300.58000000000004,54.00000000000001,0,0
9.88,6.666666666666667,96.94281721057014,186,49,0,0,314.89000000000004,57.000000000000014,0,0
9.88,6.666666666666667,96.96033681638737,186,49,0,0,329.20000000000005,60.00000000000001,0,0
9.88,6.666666666666667,96.97852921627087,186,49,0,0,343.51,63.0,0,0
9.88,6.666666666666667,96.9940243882417,186,49,0,0,357.82,66.0,0,0
9.88,6.666666666666667,97.00726548560816,186,49,0,0,372.13,69.0,0,0
9.88,6.666666666666667,97.01942611319696,186,49,0,0,386.44,72.0,0,0
9.88,6.666666666666667,97.03127274162296,186,49,0,0,400.75,75.0,0,0
9.90,6.666666666666667,97.04394495837276,186,49,0,0,415.06,78.0,0,0
9.90,6.666666666666667,97.05653096954074,186,49,0,0,429.37,81.0,0,0
9.90,6.666666666666667,97.05903474332702,186,49,0,0,443.68,84.0,0,0
9.92,6.666666666666667,97.0717152262279,186,49,0,0,457.99,87.0,0,0
9.92,6.666666666666667,97.08576777388652,186,49,0,0,472.3,90.0,0,0
9.92,6.666666666666667,97.097156570225,186,49,0,0,486.61,93.0,0,0
9.92,6.666666666666667,97.11078120838677,186,49,0,0,500.92,96.0,0,0
9.92,6.666666666666667,97.12580423352131,186,49,0,0,515.23,99.0,0,0
9.92,6.666666666666667,97.13019715967336,186,49,0,0,520,100.0,0,0
9.93,6.666666666666667,97.12194933812212,186,49,0,0,505.69,97.0,0,0
9.93,6.666666666666667,97.1122343948205,186,49,0,0,491.38,94.0,0,0
9.93,6.666666666666667,97.09995172447861,186,49,0,0,477.07,91.0,0,0
9.93,6.666666666666667,97.09182259313293,186,49,0,0,462.76,88.0,0,0
9.93,6.666666666666667,97.08572243436308,186,49,0,0,448.45,85.0,0,0
9.93,6.666666666666667,97.08429473686093,186,50,0,0,434.14,82.0,0,0
9.93,6.666666666666667,97.07334354780461,186,50,0,0,419.83,79.0,0,0
9.93,6.666666666666667,97.06705470951695,186,50,0,0,405.52,76.0,0,0
9.93,6.666666666666667,97.05486666503742,186,50,0,0,391.21,73.0,0,0
9.93,6.666666666666667,97.044377399708,186,51,0,0,376.9,70.0,0,0
9.95,6.666666666666667,97.03562343249706,186,51,0,0,362.59000000000003,67.0,0,0
9.95,6.666666666666667,97.02528266814251,186,51,0,0,348.28,63.99999999999999,0,0
9.95,6.666666666666667,97.01746687942276,186,51,0,0,333.96999999999997,60.99999999999999,0,0
9.95,6.666666666666667,97.00727169379623,186,51,0,0,319.65999999999997,57.99999999999999,0,0
9.95,6.666666666666667,97.00298636019403,186,51,0,0,305.34999999999997,54.99999999999999,0,0
9.95,6.666666666666667,96.99448023413194,186,51,0,0,291.03999999999996,51.99999999999999,0,0
9.95,6.666666666666667,96.98395656081978,186,51,0,0,276.7299999999999,48.99999999999998,0,0
9.95,6.666666666666667,96.98227194464481,186,51,0,0,262.4199999999999,45.99999999999997,0,0
9.95,6.666666666666667,96.97548662932813,186,51,0,0,248.10999999999984,42.99999999999997,0,0
9.95,6.666666666666667,96.96429800741561,186,51,0,0,233.79999999999984,39.99999999999997,0,0
9.97,6.666666666666667,96.95938276595768,186,51,0,0,219.48999999999984,36.999999999999964,0,0
9.97,6.666666666666667,96.95395543400288,186,51,0,0,205.1799999999999,33.99999999999997,0,0
9.97,6.666666666666667,96.94027726261173,186,51,0,0,190.8699999999999,30.99999999999997,0,0
9.97,6.666666666666667,96.93417859317665,186,51,0,0,176.55999999999983,27.99999999999997,0,0
9.97,6.666666666666667,96.92269505145485,186,51,0,0,162.24999999999983,24.99999999999997,0,0
9.97,6.666666666666667,96.91412689121859,186,51,0,0,147.93999999999988,21.99999999999997,0,0
9.97,6.666666666666667,96.91416237112917,186,51,0,0,133.62999999999988,18.99999999999997,0,0
9.97,6.666666666666667,96.91312836558845,186,51,0,0,119.31999999999988,15.999999999999972,0,0
9.98,6.666666666666667,96.90956469411847,186,51,0,0,105.00999999999982,12.999999999999972,0,0
9.98,6.666666666666667,96.89847016167215,186,51,0,0,90.69999999999987,9.999999999999972,0,0
9.98,6.666666666666667,96.89156198342762,186,51,0,0,76.38999999999987,6.999999999999972,0,0
9.98,6.666666666666667,96.87689206244836,186,51,0,0,62.07999999999987,3.9999999999999716,0,0
9.98,6.666666666666667,96.875905023833,186,51,0,0,47.76999999999987,0.9999999999999716,0,0
9.98,6.666666666666667,96.87288065111875,186,51,0,0,43,0.0,0,0
9.98,6.666666666666667,96.86792901034997,187,51,0,0,57.31,3.0,0,0
10.00,6.666666666666667,96.87367540047615,188,51,0,0,71.62,6.0,0,0
10.00,6.666666666666667,96.879234891246,188,51,0,0,85.93,9.0,0,0
10.00,6.666666666666667,96.88574341447253,188,51,0,0,100.24000000000001,12.0,0,0
10.00,6.666666666666667,96.89745297579937,188,51,0,0,114.55000000000001,15.0,0,0
10.02,6.666666666666667,96.89882448458603,188,51,0,0,128.86,18.0,0,0
10.02,6.666666666666667,96.90538619805179,188,51,0,0,143.16999999999996,21.0,0,0
10.02,6.666666666666667,96.91013091133028,188,51,0,0,157.48000000000002,24.0,0,0
10.02,6.666666666666667,96.91910792418793,188,51,0,0,171.79000000000002,27.0,0,0
10.02,6.666666666666667,96.92048256749008,188,51,0,0,186.10000000000002,30.0,0,0
10.02,6.666666666666667,96.91908470580717,188,51,0,0,200.40999999999997,33.0,0,0
10.02,6.666666666666667,96.9234031595991,188,51,0,0,214.71999999999997,36.0,0,0
10.02,6.666666666666667,96.9274886454853,188,51,0,0,229.03000000000003,39.0,0,0
10.02,6.666666666666667,96.92586191554923,188,51,0,0,243.34000000000003,42.00000000000001,0,0
10.02,6.666666666666667,96.92997162703799,188,51,0,0,257.65000000000003,45.00000000000001,0,0
10.03,6.666666666666667,96.93107215023049,188,51,0,0,271.96000000000004,48.00000000000001,0,0
10.03,6.666666666666667,96.94219596179181,188,51,0,0,286.27000000000004,51.00000000000001,0,0
10.03,6.666666666666667,96.95022726960832,188,51,0,0,300.58000000000004,54.00000000000001,0,0
10.03,6.666666666666667,96.96483275144033,188,51,0,0,314.89000000000004,57.000000000000014,0,0
10.03,6.666666666666667,96.97071832787181,188,51,0,0,329.20000000000005,60.00000000000001,0,0
10.03,6.666666666666667,96.9731943815188,188,51,0,0,343.51,63.0,0,0
10.03,6.666666666666667,96.98564472235374,188,51,0,0,357.82,66.0,0,0
10.05,6.666666666666667,97.00558346833694,188,51,0,0,372.13,69.0,0,0
10.05,6.666666666666667,97.01148066880548,188,51,0,0,386.44,72.0,0,0
10.05,6.666666666666667,97.02281826890008,188,51,0,0,400.75,75.0,0,0
10.05,6.666666666666667,97.04018690336632,188,51,0,0,415.06,78.0,0,0
10.05,6.666666666666667,97.0482816212679,188,51,0,0,429.37,81.0,0,0
10.05,6.666666666666667,97.06813337016146,188,51,0,0,443.68,84.0,0,0
10.05,6.666666666666667,97.08372179385633,188,51,0,0,457.99,87.0,0,0
10.07,6.666666666666667,97.10123956672278,188,51,0,0,472.3,90.0,0,0
10.07,6.666666666666667,97.10449666138223,188,51,0,0,486.61,93.0,0,0
10.07,6.666666666666667,97.12325892194949,188,51,0,0,500.92,96.0,0,0
10.07,6.666666666666667,97.13046431815445,188,51,0,0,515.23,99.0,0,0
10.07,6.666666666666667,97.14623250666973,188,51,0,0,520,100.0,0,0
10.07,6.666666666666667,97.13686981450779,188,51,0,0,505.69,97.0,0,0
10.07,6.666666666666667,97.12834391672835,188,51,0,0,491.38,94.0,0,0
10.08,6.666666666666667,97.12219847642353,188,51,0,0,477.07,91.0,0,0
10.08,6.666666666666667,97.10834517340594,188,51,0,0,462.76,88.0,0,0
10.08,6.666666666666667,97.10719440765907,188,51,0,0,448.45,85.0,0,0
10.08,6.666666666666667,97.09459177967713,188,51,0,0,434.14,82.0,0,0
10.08,6.666666666666667,97.08596295399549,188,51,0,0,419.83,79.0,0,0
10.08,6.666666666666667,97.085097321221,188,51,0,0,405.52,76.0,0,0
10.08,6.666666666666667,97.07727414826493,188,51,0,0,391.21,73.0,0,0
10.08,6.666666666666667,97.06662588052065,188,51,0,0,376.9,70.0,0,0
10.10,6.666666666666667,97.05587642945277,188,51,0,0,362.59000000000003,67.0,0,0
10.10,6.666666666666667,97.04592692559369,188,51,0,0,348.28,63.99999999999999,0,0
10.10,6.666666666666667,97.03151301424526,188,51,0,0,333.96999999999997,60.99999999999999,0,0
10.10,6.666666666666667,97.02436367936839,188,51,0,0,319.65999999999997,57.99999999999999,0,0
10.10,6.666666666666667,97.01801038647666,188,51,0,0,305.34999999999997,54.99999999999999,0,0
10.10,6.666666666666667,97.00561139928688,189,51,0,0,291.03999999999996,51.99999999999999,0,0
10.10,6.666666666666667,96.99600749386244,189,51,0,0,276.7299999999999,48.99999999999998,0,0
10.10,6.666666666666667,96.98895723154858,189,51,0,0,262.4199999999999,45.99999999999997,0,0
10.10,6.666666666666667,96.98007781594052,189,51,0,0,248.10999999999984,42.99999999999997,0,0
10.12,6.666666666666667,96.96836626246443,189,51,0,0,233.79999999999984,39.99999999999997,0,0
10.12,6.666666666666667,96.95846584690945,189,51,0,0,219.48999999999984,36.999999999999964,0,0
10.12,6.666666666666667,96.9527910647438,189,51,0,0,205.1799999999999,33.99999999999997,0,0
10.12,6.666666666666667,96.9472474207545,189,51,0,0,190.8699999999999,30.99999999999997,0,0
10.12,6.666666666666667,96.93501337052783,189,51,0,0,176.55999999999983,27.99999999999997,0,0
10.12,6.666666666666667,96.92841200569849,189,51,0,0,162.24999999999983,24.99999999999997,0,0
10.12,6.666666666666667,96.92038873265966,189,51,0,0,147.93999999999988,21.99999999999997,0,0
10.12,6.666666666666667,96.91083831615373,189,51,0,0,133.62999999999988,18.99999999999997,0,0
10.12,6.666666666666667,96.90454959304104,189,51,0,0,119.31999999999988,15.999999999999972,0,0
10.12,6.666666666666667,96.90265128490802,189,51,0,0,105.00999999999982,12.999999999999972,0,0
10.13,6.666666666666667,96.89400697028931,189,51,0,0,90.69999999999987,9.999999999999972,0,0
10.13,6.666666666666667,96.88856347570206,190,51,0,0,76.38999999999987,6.999999999999972,0,0
10.13,6.666666666666667,96.88427615944339,190,51,0,0,62.07999999999987,3.9999999999999716,0,0
10.13,6.666666666666667,96.87864405666866,190,51,0,0,47.76999999999987,0.9999999999999716,0,0
10.13,6.666666666666667,96.86532667306774,190,51,0,0,43,0.0,0,0
10.13,6.666666666666667,96.87080889958722,190,51,0,0,57.31,3.0,0,0
10.13,6.666666666666667,96.87813053018367,190,51,0,0,71.62,6.0,0,0
10.13,6.666666666666667,96.88707913555247,190,51,0,0,85.93,9.0,0,0
10.15,6.666666666666667,96.88448893910133,190,51,0,0,100.24000000000001,12.0,0,0
10.15,6.666666666666667,96.8838539606095,190,51,0,0,114.55000000000001,15.0,0,0
10.15,6.666666666666667,96.88935850534146,190,51,0,0,128.86,18.0,0,0
10.15,6.666666666666667,96.88947672806637,190,51,0,0,143.16999999999996,21.0,0,0
10.15,6.666666666666667,96.90070615852643,190,51,0,0,157.48000000000002,24.0,0,0
10.15,6.666666666666667,96.90246407169512,190,51,0,0,171.79000000000002,27.0,0,0
10.15,6.666666666666667,96.90104991641104,190,51,0,0,186.10000000000002,30.0,0,0
10.15,6.666666666666667,96.91012112946665,190,51,0,0,200.40999999999997,33.0,0,0
10.15,6.666666666666667,96.91406508289933,190,51,0,0,214.71999999999997,36.0,0,0
10.17,6.666666666666667,96.91091836601079,190,51,0,0,229.03000000000003,39.0,0,0
10.17,6.666666666666667,96.9168485074668,190,51,0,0,243.34000000000003,42.00000000000001,0,0
10.17,6.666666666666667,96.91933812986981,190,51,0,0,257.65000000000003,45.00000000000001,0,0
10.17,6.666666666666667,96.92615070127462,190,51,0,0,271.96000000000004,48.00000000000001,0,0
10.17,6.666666666666667,96.92941488573898,190,51,0,0,286.27000000000004,51.00000000000001,0,0
10.17,6.666666666666667,96.94309740050294,190,51,0,0,300.58000000000004,54.00000000000001,0,0
10.17,6.666666666666667,96.95627032593184,190,51,0,0,314.89000000000004,57.000000000000014,0,0
10.17,6.666666666666667,96.95897349318797,190,51,0,0,329.20000000000005,60.00000000000001,0,0
10.17,6.666666666666667,96.96415296327837,190,52,0,0,343.51,63.0,0,0
10.18,6.666666666666667,96.98263927922103,190,52,0,0,357.82,66.0,0,0
10.18,6.666666666666667,96.99151692435872,190,52,0,0,372.13,69.0,0,0
10.18,6.666666666666667,97.00184446942912,190,52,0,0,386.44,72.0,0,0
10.18,6.666666666666667,97.0090061776145,190,52,0,0,400.75,75.0,0,0
10.18,6.666666666666667,97.0245491442198,190,52,0,0,415.06,78.0,0,0
10.18,6.666666666666667,97.03700385745854,190,52,0,0,429.37,81.0,0,0
10.18,6.666666666666667,97.04942267435625,190,52,0,0,443.68,84.0,0,0
10.18,6.666666666666667,97.06041607334063,190,52,0,0,457.99,87.0,0,0
10.18,6.666666666666667,97.06701754056884,191,52,0,0,472.3,90.0,0,0
10.20,6.666666666666667,97.07861699329229,191,52,0,0,486.61,93.0,0,0
10.20,6.666666666666667,97.09478988790045,191,52,0,0,500.92,96.0,0,0
10.20,6.666666666666667,97.1041570515937,191,52,0,0,515.23,99.0,0,0
10.20,7.5,97.11109175916124,191,52,0,0,520,100.0,0,0
10.20,7.5,97.10497727346207,191,52,0,0,505.69,97.0,0,0
10.22,7.5,97.10028360382253,191,52,0,0,491.38,94.0,0,0
10.22,7.5,97.09127892452716,191,52,0,0,477.07,91.0,0,0
10.22,7.5,97.08340074845634,191,52,0,0,462.76,88.0,0,0
10.22,7.5,97.07016137834303,191,52,0,0,448.45,85.0,0,0
10.22,7.5,97.06451482073281,191,52,0,0,434.14,82.0,0,0
10.22,7.5,97.0602462195797,191,52,0,0,419.83,79.0,0,0
10.22,7.5,97.0569314709787,191,52,0,0,405.52,76.0,0,0
10.22,7.5,97.04724775104198,191,52,0,0,391.21,73.0,0,0
10.22,7.5,97.03617956231845,192,52,0,0,376.9,70.0,0,0
10.22,7.5,97.0305957710404,192,52,0,0,362.59000000000003,67.0,0,0
10.23,7.5,97.02549666000239,192,52,0,0,348.28,63.99999999999999,0,0
10.23,7.5,97.01770999685294,192,52,0,0,333.96999999999997,60.99999999999999,0,0
10.23,7.5,97.00607273933859,192,52,0,0,319.65999999999997,57.99999999999999,0,0
10.23,7.5,96.99694822581415,192,52,0,0,305.34999999999997,54.99999999999999,0,0
10.23,7.5,96.98833744935087,192,52,0,0,291.03999999999996,51.99999999999999,0,0
10.23,7.5,96.98565870370804,192,52,0,0,276.7299999999999,48.99999999999998,0,0
10.23,7.5,96.97719847425267,192,52,0,0,262.4199999999999,45.99999999999997,0,0
10.23,7.5,96.97058735806883,192,52,0,0,248.10999999999984,42.99999999999997,0,0
10.25,7.5,96.96064370819516,192,52,0,0,233.79999999999984,39.99999999999997,0,0
10.25,7.5,96.95622329519313,192,52,0,0,219.48999999999984,36.999999999999964,0,0
10.25,7.5,96.94668132050712,192,52,0,0,205.1799999999999,33.99999999999997,0,0
10.25,7.5,96.94562185352828,192,52,0,0,190.8699999999999,30.99999999999997,0,0
10.25,7.5,96.93677770383495,192,52,0,0,176.55999999999983,27.99999999999997,0,0
10.25,7.5,96.93171773568277,192,52,0,0,162.24999999999983,24.99999999999997,0,0
10.25,7.5,96.92492261824309,192,52,0,0,147.93999999999988,21.99999999999997,0,0
10.25,7.5,96.91851717585193,192,52,0,0,133.62999999999988,18.99999999999997,0,0
10.27,7.5,96.90951230935192,192,52,0,0,119.31999999999988,15.999999999999972,0,0
10.27,7.5,96.90275405669934,192,52,0,0,105.00999999999982,12.999999999999972,0,0
10.27,7.5,96.88882998861406,192,52,0,0,90.69999999999987,9.999999999999972,0,0
10.27,7.5,96.88009724273518,193,52,0,0,76.38999999999987,6.999999999999972,0,0
10.27,7.5,96.86619442018187,193,52,0,0,62.07999999999987,3.9999999999999716,0,0
10.27,7.5,96.8550931884268,193,52,0,0,47.76999999999987,0.9999999999999716,0,0
10.28,7.5,96.84758440503268,193,52,0,0,43,0.0,0,0
10.28,7.5,96.85801960620492,193,52,0,0,57.31,3.0,0,0
10.28,7.5,96.86176995860964,193,52,0,0,71.62,6.0,0,0
10.28,7.5,96.86517987242952,193,52,0,0,85.93,9.0,0,0
10.30,7.5,96.86997209529696,193,52,0,0,100.24000000000001,12.0,0,0
10.30,7.5,96.87430561099814,193,52,0,0,114.55000000000001,15.0,0,0
10.30,7.5,96.8824946616821,193,52,0,0,128.86,18.0,0,0
10.30,7.5,96.88418250454008,193,52,0,0,143.16999999999996,21.0,0,0
10.30,7.5,96.89399745064539,193,52,0,0,157.48000000000002,24.0,0,0
10.30,7.5,96.89276199401091,193,52,0,0,171.79000000000002,27.0,0,0
10.30,7.5,96.90082508807578,193,52,0,0,186.10000000000002,30.0,0,0
10.30,7.5,96.90532580903262,193,52,0,0,200.40999999999997,33.0,0,0
10.30,7.5,96.90690289393508,193,52,0,0,214.71999999999997,36.0,0,0
10.30,7.5,96.91610905207949,193,52,0,0,229.03000000000003,39.0,0,0
10.32,7.5,96.91792215807212,193,52,0,0,243.34000000000003,42.00000000000001,0,0
10.32,7.5,96.92495242637492,193,52,0,0,257.65000000000003,45.00000000000001,0,0
10.32,7.5,96.92348058099405,193,52,0,0,271.96000000000004,48.00000000000001,0,0
10.32,7.5,96.93289222886273,193,52,0,0,286.27000000000004,51.00000000000001,0,0
10.32,7.5,96.94889278532543,193,52,0,0,300.58000000000004,54.00000000000001,0,0
10.32,7.5,96.95783144639633,193,52,0,0,314.89000000000004,57.000000000000014,0,0
10.32,7.5,96.96505616590338,193,52,0,0,329.20000000000005,60.00000000000001,0,0
10.33,7.5,96.9814301143365,193,52,0,0,343.51,63.0,0,0
10.33,7.5,96.98948373708072,194,52,0,0,357.82,66.0,0,0
10.33,7.5,97.00009273008091,194,52,0,0,372.13,69.0,0,0
10.33,7.5,97.01434725671028,194,52,0,0,386.44,72.0,0,0
10.33,7.5,97.0246282573318,194,52,0,0,400.75,75.0,0,0
10.33,7.5,97.03988970330677,194,52,0,0,415.06,78.0,0,0
10.33,7.5,97.05096992094913,194,52,0,0,429.37,81.0,0,0
10.33,7.5,97.05628813850208,194,52,0,0,443.68,84.0,0,0
10.33,7.5,97.06754553377334,194,52,0,0,457.99,87.0,0,0
10.33,7.5,97.07331164606116,194,52,0,0,472.3,90.0,0,0
10.35,7.5,97.087442850273,194,53,0,0,486.61,93.0,0,0
10.35,7.5,97.09639902846949,194,53,0,0,500.92,96.0,0,0
10.37,7.5,97.11141329651777,194,53,0,0,515.23,99.0,0,0
10.37,6.666666666666667,97.12233711784253,194,53,0,0,520,100.0,0,0
10.37,6.666666666666667,97.11522676459332,194,53,0,0,505.69,97.0,0,0
10.37,6.666666666666667,97.11320379466183,194,53,0,0,491.38,94.0,0,0
10.37,6.666666666666667,97.10149491377723,194,53,0,0,477.07,91.0,0,0
10.37,6.666666666666667,97.0892769145995,194,53,0,0,462.76,88.0,0,0
10.37,6.666666666666667,97.0797858404577,194,53,0,0,448.45,85.0,0,0
10.38,6.666666666666667,97.07585979764774,194,53,0,0,434.14,82.0,0,0
10.38,6.666666666666667,97.06342113382904,194,53,0,0,419.83,79.0,0,0
10.38,6.666666666666667,97.05793727520489,194,53,0,0,405.52,76.0,0,0
10.38,6.666666666666667,97.04909185569765,194,53,0,0,391.21,73.0,0,0
10.38,6.666666666666667,97.0447403686569,194,53,0,0,376.9,70.0,0,0
10.38,6.666666666666667,97.03414855563783,194,53,0,0,362.59000000000003,67.0,0,0
10.38,6.666666666666667,97.0277577346052,194,53,0,0,348.28,63.99999999999999,0,0
10.38,6.666666666666667,97.0162490493292,194,53,0,0,333.96999999999997,60.99999999999999,0,0
10.38,6.666666666666667,97.01448212171285,194,53,0,0,319.65999999999997,57.99999999999999,0,0
10.38,6.666666666666667,97.00966539436918,194,53,0,0,305.34999999999997,54.99999999999999,0,0
10.40,6.666666666666667,97.00340207898178,194,53,0,0,291.03999999999996,51.99999999999999,0,0
10.40,6.666666666666667,96.9979365511243,194,53,0,0,276.7299999999999,48.99999999999998,0,0
10.40,6.666666666666667,96.99353345378486,194,53,0,0,262.4199999999999,45.99999999999997,0,0
10.40,6.666666666666667,96.98506968634064,194,53,0,0,248.10999999999984,42.99999999999997,0,0
10.40,6.666666666666667,96.9764191500626,194,53,0,0,233.79999999999984,39.99999999999997,0,0
10.40,6.666666666666667,96.97128410622243,194,53,0,0,219.48999999999984,36.999999999999964,0,0
10.40,6.666666666666667,96.96494494977647,194,53,0,0,205.1799999999999,33.99999999999997,0,0
10.40,6.666666666666667,96.9572453276555,194,53,0,0,190.8699999999999,30.99999999999997,0,0
10.40,6.666666666666667,96.95488267361516,194,53,0,0,176.55999999999983,27.99999999999997,0,0
10.42,6.666666666666667,96.94471201164606,194,53,0,0,162.24999999999983,24.99999999999997,0,0
10.42,6.666666666666667,96.9370860900159,194,53,0,0,147.93999999999988,21.99999999999997,0,0
10.42,6.666666666666667,96.92854298934287,195,53,0,0,133.62999999999988,18.99999999999997,0,0
10.42,6.666666666666667,96.92466964763211,195,53,0,0,119.31999999999988,15.999999999999972,0,0
10.42,6.666666666666667,96.9169308195707,195,53,0,0,105.00999999999982,12.999999999999972,0,0
10.42,6.666666666666667,96.90639553313457,195,53,0,0,90.69999999999987,9.999999999999972,0,0
10.42,6.666666666666667,96.90499391450835,195,53,0,0,76.38999999999987,6.999999999999972,0,0
10.42,6.666666666666667,96.90105808186871,195,53,0,0,62.07999999999987,3.9999999999999716,0,0
10.42,6.666666666666667,96.89573050093401,195,53,0,0,47.76999999999987,0.9999999999999716,0,0
10.42,6.666666666666667,96.88412542336692,195,53,0,0,43,0.0,0,0
10.43,6.666666666666667,96.89041810507385,195,53,0,0,57.31,3.0,0,0
10.43,6.666666666666667,96.89149033537643,195,53,0,0,71.62,6.0,0,0
10.43,6.666666666666667,96.89566564486785,195,53,0,0,85.93,9.0,0,0
10.43,6.666666666666667,96.89906326179288,195,53,0,0,100.24000000000001,12.0,0,0
10.43,6.666666666666667,96.89804723220367,195,53,0,0,114.55000000000001,15.0,0,0
10.43,6.666666666666667,96.89811325816356,195,53,0,0,128.86,18.0,0,0
10.43,6.666666666666667,96.90589341460769,195,53,0,0,143.16999999999996,21.0,0,0
10.43,6.666666666666667,96.90747209673957,195,53,0,0,157.48000000000002,24.0,0,0
10.45,6.666666666666667,96.91545655824275,195,53,0,0,171.79000000000002,27.0,0,0
10.45,6.666666666666667,96.91715241028166,195,53,0,0,186.10000000000002,30.0,0,0
10.45,6.666666666666667,96.92402762752472,195,53,0,0,200.40999999999997,33.0,0,0
10.45,6.666666666666667,96.92750066278411,195,53,0,0,214.71999999999997,36.0,0,0
10.45,6.666666666666667,96.92899137824033,195,53,0,0,229.03000000000003,39.0,0,0
10.45,6.666666666666667,96.92985231481853,196,53,0,0,243.34000000000003,42.00000000000001,0,0
10.45,6.666666666666667,96.94036920366595,196,53,0,0,257.65000000000003,45.00000000000001,0,0
10.47,6.666666666666667,96.94054171051216,196,53,0,0,271.96000000000004,48.00000000000001,0,0
10.47,6.666666666666667,96.95776403244588,196,53,0,0,286.27000000000004,51.00000000000001,0,0
10.47,6.666666666666667,96.9707300519115,196,53,0,0,300.58000000000004,54.00000000000001,0,0
10.47,6.666666666666667,96.98185016483824,196,53,0,0,314.89000000000004,57.000000000000014,0,0
10.47,6.666666666666667,96.99086078008486,196,53,0,0,329.20000000000005,60.00000000000001,0,0
10.47,6.666666666666667,97.00543728717437,196,53,0,0,343.51,63.0,0,0
10.47,6.666666666666667,97.01318590045173,196,53,0,0,357.82,66.0,0,0
10.47,6.666666666666667,97.02254580563874,196,53,0,0,372.13,69.0,0,0
10.47,6.666666666666667,97.03740697532616,196,53,0,0,386.44,72.0,0,0
10.47,6.666666666666667,97.05115985748942,196,53,0,0,400.75,75.0,0,0
10.48,6.666666666666667,97.06564532518296,196,53,0,0,415.06,78.0,0,0
10.48,6.666666666666667,97.07615286130955,196,53,0,0,429.37,81.0,0,0
10.48,6.666666666666667,97.08709013294536,196,53,0,0,443.68,84.0,0,0
10.48,6.666666666666667,97.099002057387,196,53,0,0,457.99,87.0,0,0
10.48,6.666666666666667,97.10258691626498,196,53,0,0,472.3,90.0,0,0
10.48,6.666666666666667,97.12430221351754,196,53,0,0,486.61,93.0,0,0
10.48,6.666666666666667,97.13194286076451,196,53,0,0,500.92,96.0,0,0
10.48,6.666666666666667,97.14810985653904,196,53,0,0,515.23,99.0,0,0
10.48,7.5,97.16135374862073,196,53,0,0,520,100.0,0,0
10.48,7.5,97.15452796580851,196,53,0,0,505.69,97.0,0,0
10.50,7.5,97.14982524220751,196,53,0,0,491.38,94.0,0,0
10.50,7.5,97.13780629722208,196,53,0,0,477.07,91.0,0,0
10.50,7.5,97.13458275723517,196,53,0,0,462.76,88.0,0,0
10.50,7.5,97.12667527120952,196,53,0,0,448.45,85.0,0,0
10.50,7.5,97.11579260812327,197,53,0,0,434.14,82.0,0,0
10.50,7.5,97.10925485809344,197,53,0,0,419.83,79.0,0,0
10.50,7.5,97.09748062148084,197,53,0,0,405.52,76.0,0,0
10.50,7.5,97.09084484163111,197,53,0,0,391.21,73.0,0,0
10.50,7.5,97.08121038794702,197,53,0,0,376.9,70.0,0,0
10.50,7.5,97.07488801619584,197,53,0,0,362.59000000000003,67.0,0,0
10.52,7.5,97.07229478674303,197,53,0,0,348.28,63.99999999999999,0,0
10.52,7.5,97.06897856418566,197,53,0,0,333.96999999999997,60.99999999999999,0,0
10.52,7.5,97.06144439246854,197,53,0,0,319.65999999999997,57.99999999999999,0,0
10.52,7.5,97.06062175899487,197,53,0,0,305.34999999999997,54.99999999999999,0,0
10.52,7.5,97.05256425823835,197,53,0,0,291.03999999999996,51.99999999999999,0,0
10.53,7.5,97.04114661758886,198,53,0,0,276.7299999999999,48.99999999999998,0,0
10.53,7.5,97.03100773493372,198,53,0,0,262.4199999999999,45.99999999999997,0,0
10.53,7.5,97.02291871474057,198,53,0,0,248.10999999999984,42.99999999999997,0,0
10.53,7.5,97.01584703915553,198,53,0,0,233.79999999999984,39.99999999999997,0,0
10.53,7.5,97.00749979894216,198,53,0,0,219.48999999999984,36.999999999999964,0,0
10.53,7.5,97.0018117151125,198,53,0,0,205.1799999999999,33.99999999999997,0,0
10.53,7.5,96.99354092154137,198,53,0,0,190.8699999999999,30.99999999999997,0,0
10.55,7.5,96.98550018233287,198,53,0,0,176.55999999999983,27.99999999999997,0,0
10.55,7.5,96.97577257381212,198,53,0,0,162.24999999999983,24.99999999999997,0,0
10.55,7.5,96.96849268469941,198,53,0,0,147.93999999999988,21.99999999999997,0,0
10.55,7.5,96.96228288193952,198,53,0,0,133.62999999999988,18.99999999999997,0,0
10.55,7.5,96.95525909029512,198,53,0,0,119.31999999999988,15.999999999999972,0,0
10.55,7.5,96.95108356498974,198,53,0,0,105.00999999999982,12.999999999999972,0,0
10.55,7.5,96.94127926455863,198,53,0,0,90.69999999999987,9.999999999999972,0,0
10.55,7.5,96.93693380483566,198,53,0,0,76.38999999999987,6.999999999999972,0,0
10.55,7.5,96.93322274736961,198,53,0,0,62.07999999999987,3.9999999999999716,0,0
10.55,7.5,96.92583978510669,198,53,0,0,47.76999999999987,0.9999999999999716,0,0
10.57,7.5,96.92211401369732,198,53,0,0,43,0.0,0,0
10.57,7.5,96.92486128062893,198,53,0,0,57.31,3.0,0,0
10.57,7.5,96.9212188015877,198,53,0,0,71.62,6.0,0,0
10.57,7.5,96.91973748663666,198,53,0,0,85.93,9.0,0,0
10.57,7.5,96.92690655093283,198,53,0,0,100.24000000000001,12.0,0,0
10.57,7.5,96.9281957730002,198,53,0,0,114.55000000000001,15.0,0,0
10.57,7.5,96.92272116628632,198,54,0,0,128.86,18.0,0,0
10.57,7.5,96.92778311270973,198,54,0,0,143.16999999999996,21.0,0,0
10.57,7.5,96.93515643696725,198,54,0,0,157.48000000000002,24.0,0,0
10.57,7.5,96.93060422415145,198,54,0,0,171.79000000000002,27.0,0,0
10.58,7.5,96.93263403831452,198,54,0,0,186.10000000000002,30.0,0,0
10.58,7.5,96.93253932564339,198,54,0,0,200.40999999999997,33.0,0,0
10.58,7.5,96.93198723768676,198,54,0,0,214.71999999999997,36.0,0,0
10.58,7.5,96.93935402278427,198,54,0,0,229.03000000000003,39.0,0,0
10.58,7.5,96.94641606080714,198,54,0,0,243.34000000000003,42.00000000000001,0,0
10.58,7.5,96.94569281250256,198,54,0,0,257.65000000000003,45.00000000000001,0,0
10.58,7.5,96.94706249427797,198,54,0,0,271.96000000000004,48.00000000000001,0,0
10.58,7.5,96.96115226242014,198,54,0,0,286.27000000000004,51.00000000000001,0,0
10.58,7.5,96.9686584690065,198,54,0,0,300.58000000000004,54.00000000000001,0,0
10.58,7.5,96.97360318872262,198,54,0,0,314.89000000000004,57.000000000000014,0,0
10.60,7.5,96.98184510838304,198,54,0,0,329.20000000000005,60.00000000000001,0,0
10.60,7.5,96.99129989574425,198,54,0,0,343.51,63.0,0,0
10.60,7.5,97.00871648266676,198,54,0,0,357.82,66.0,0,0
10.60,7.5,97.01776743913636,198,54,0,0,372.13,69.0,0,0
10.60,7.5,97.02376736148676,198,54,0,0,386.44,72.0,0,0
10.60,7.5,97.03501872579656,198,54,0,0,400.75,75.0,0,0
10.60,7.5,97.05019357678846,198,54,0,0,415.06,78.0,0,0
10.60,7.5,97.0646933535864,198,54,0,0,429.37,81.0,0,0
10.60,7.5,97.0804335068712,198,54,0,0,443.68,84.0,0,0
10.60,7.5,97.08872568297365,199,54,0,0,457.99,87.0,0,0
10.62,7.5,97.09350003255962,199,54,0,0,472.3,90.0,0,0
10.62,7.5,97.10868595097784,199,54,0,0,486.61,93.0,0,0
10.62,7.5,97.12412259664083,199,54,0,0,500.92,96.0,0,0
10.62,7.5,97.12987174504077,199,54,0,0,515.23,99.0,0,0
10.62,7.5,97.13404014877902,199,54,0,0,520,100.0,0,0
10.62,7.5,97.12618600554497,199,54,0,0,505.69,97.0,0,0
10.62,7.5,97.11404444471981,199,54,0,0,491.38,94.0,0,0
10.62,7.5,97.10166724486544,199,54,0,0,477.07,91.0,0,0
10.62,7.5,97.09298173230776,199,54,0,0,462.76,88.0,0,0
10.62,7.5,97.08559932266472,199,54,0,0,448.45,85.0,0,0
10.63,7.5,97.07251131329056,199,54,0,0,434.14,82.0,0,0
10.63,7.5,97.063589832438,199,54,0,0,419.83,79.0,0,0
10.63,7.5,97.05165612730966,199,54,0,0,405.52,76.0,0,0
10.63,7.5,97.04544618310354,199,54,0,0,391.21,73.0,0,0
10.63,7.5,97.04270510133351,199,54,0,0,376.9,70.0,0,0
10.65,7.5,97.03624373176697,199,54,0,0,362.59000000000003,67.0,0,0
10.65,7.5,97.03115449854396,199,54,0,0,348.28,63.99999999999999,0,0
10.65,7.5,97.02450273832397,199,54,0,0,333.96999999999997,60.99999999999999,0,0
10.65,7.5,97.01859866551202,199,54,0,0,319.65999999999997,57.99999999999999,0,0
10.65,7.5,97.01356404431883,199,54,0,0,305.34999999999997,54.99999999999999,0,0
10.65,7.5,97.00119486754578,199,54,0,0,291.03999999999996,51.99999999999999,0,0
10.65,7.5,96.99220506123916,199,54,0,0,276.7299999999999,48.99999999999998,0,0
10.65,7.5,96.98776887113577,199,54,0,0,262.4199999999999,45.99999999999997,0,0
10.65,7.5,96.98089590858221,199,54,0,0,248.10999999999984,42.99999999999997,0,0
10.67,7.5,96.97312111198706,199,54,0,0,233.79999999999984,39.99999999999997,0,0
10.67,7.5,96.95991482173766,199,54,0,0,219.48999999999984,36.999999999999964,0,0
10.67,7.5,96.95479929743877,199,54,0,0,205.1799999999999,33.99999999999997,0,0
10.67,7.5,96.94546120241775,199,54,0,0,190.8699999999999,30.99999999999997,0,0
10.67,7.5,96.9404451376937,199,54,0,0,176.55999999999983,27.99999999999997,0,0
10.67,7.5,96.93470150495779,199,54,0,0,162.24999999999983,24.99999999999997,0,0
10.67,7.5,96.93362128333501,199,54,0,0,147.93999999999988,21.99999999999997,0,0
10.67,7.5,96.92598236523973,199,54,0,0,133.62999999999988,18.99999999999997,0,0
10.67,7.5,96.91840930513405,199,54,0,0,119.31999999999988,15.999999999999972,0,0
10.67,7.5,96.9157779150549,199,54,0,0,105.00999999999982,12.999999999999972,0,0
10.68,7.5,96.910865791681,199,54,0,0,90.69999999999987,9.999999999999972,0,0
10.68,7.5,96.90479995595668,199,54,0,0,76.38999999999987,6.999999999999972,0,0
10.68,7.5,96.89708989263599,199,54,0,0,62.07999999999987,3.9999999999999716,0,0
10.68,7.5,96.89125548545961,199,54,0,0,47.76999999999987,0.9999999999999716,0,0
10.68,7.5,96.88208432109381,199,54,0,0,43,0.0,0,0
10.68,7.5,96.8913779685992,199,54,0,0,57.31,3.0,0,0
10.68,7.5,96.89787377662061,199,54,0,0,71.62,6.0,0,0
10.68,7.5,96.89756071674293,199,54,0,0,85.93,9.0,0,0
10.68,7.5,96.90126151912625,199,54,0,0,100.24000000000001,12.0,0,0
10.70,7.5,96.90104396508093,199,55,0,0,114.55000000000001,15.0,0,0
10.70,7.5,96.90517460934764,199,55,0,0,128.86,18.0,0,0
10.70,7.5,96.90803957089477,199,55,0,0,143.16999999999996,21.0,0,0
10.70,7.5,96.91106882907637,199,55,0,0,157.48000000000002,24.0,0,0
10.70,7.5,96.90945941914224,199,55,0,0,171.79000000000002,27.0,0,0
10.70,7.5,96.91579456472165,199,55,0,0,186.10000000000002,30.0,0,0
10.70,7.5,96.91807687699998,199,55,0,0,200.40999999999997,33.0,0,0
10.72,7.5,96.91793604034261,199,55,0,0,214.71999999999997,36.0,0,0
10.72,7.5,96.92415893453095,199,55,0,0,229.03000000000003,39.0,0,0
10.72,7.5,96.92981367233688,199,55,0,0,243.34000000000003,42.00000000000001,0,0
10.72,7.5,96.93826938543481,199,55,0,0,257.65000000000003,45.00000000000001,0,0
10.72,7.5,96.94478934391925,200,55,0,0,271.96000000000004,48.00000000000001,0,0
10.72,7.5,96.95628181140576,200,55,0,0,286.27000000000004,51.00000000000001,0,0
10.72,7.5,96.96425446177795,200,55,0,0,300.58000000000004,54.00000000000001,0,0
10.73,7.5,96.98012737205373,200,55,0,0,314.89000000000004,57.000000000000014,0,0
10.73,7.5,96.98809014433833,200,55,0,0,329.20000000000005,60.00000000000001,0,0
10.73,7.5,97.00441163339808,200,55,0,0,343.51,63.0,0,0
10.73,7.5,97.01230774908696,200,55,0,0,357.82,66.0,0,0
10.73,7.5,97.02781507742019,200,55,0,0,372.13,69.0,0,0
10.73,7.5,97.04184973803156,200,55,0,0,386.44,72.0,0,0
10.73,7.5,97.04573170008993,200,55,0,0,400.75,75.0,0,0
10.73,7.5,97.06454207447489,200,55,0,0,415.06,78.0,0,0
10.73,7.5,97.07370157967809,200,55,0,0,429.37,81.0,0,0
10.75,7.5,97.07943129614266,200,55,0,0,443.68,84.0,0,0
10.75,7.5,97.09273777418178,200,55,0,0,457.99,87.0,0,0
10.75,7.5,97.09844979490941,200,55,0,0,472.3,90.0,0,0
10.75,7.5,97.10967900259212,200,55,0,0,486.61,93.0,0,0
10.75,7.5,97.12498134687347,200,55,0,0,500.92,96.0,0,0
10.75,7.5,97.13334992779266,200,55,0,0,515.23,99.0,0,0
10.75,7.5,97.14966322455169,200,55,0,0,520,100.0,0,0
10.75,7.5,97.1470055881548,200,55,0,0,505.69,97.0,0,0
10.75,7.5,97.13524461890746,200,55,0,0,491.38,94.0,0,0
10.77,7.5,97.12732940344087,200,55,0,0,477.07,91.0,0,0
10.77,7.5,97.1164960991901,201,55,0,0,462.76,88.0,0,0
10.77,7.5,97.10697166462705,201,55,0,0,448.45,85.0,0,0
10.77,7.5,97.1001799966217,201,55,0,0,434.14,82.0,0,0
10.77,7.5,97.09338460229093,201,55,0,0,419.83,79.0,0,0
10.77,7.5,97.08419252666312,201,55,0,0,405.52,76.0,0,0
10.77,7.5,97.07641132516184,201,55,0,0,391.21,73.0,0,0
10.78,7.5,97.06661096527002,201,55,0,0,376.9,70.0,0,0
10.78,7.5,97.05330477186159,201,55,0,0,362.59000000000003,67.0,0,0
10.80,7.5,97.04332273033525,201,55,0,0,348.28,63.99999999999999,0,0
10.80,7.5,97.03995285311457,201,55,0,0,333.96999999999997,60.99999999999999,0,0
10.80,7.5,97.03607802377577,201,55,0,0,319.65999999999997,57.99999999999999,0,0
10.80,7.5,97.02985471879943,201,55,0,0,305.34999999999997,54.99999999999999,0,0
10.80,7.5,97.02157855175432,201,55,0,0,291.03999999999996,51.99999999999999,0,0
10.80,7.5,97.01422482301115,201,55,0,0,276.7299999999999,48.99999999999998,0,0
10.80,7.5,97.00771583785239,201,55,0,0,262.4199999999999,45.99999999999997,0,0
10.80,7.5,97.00581741886208,201,55,0,0,248.10999999999984,42.99999999999997,0,0
10.82,7.5,96.99994595310504,201,55,0,0,233.79999999999984,39.99999999999997,0,0
10.82,7.5,96.99878867024657,202,55,0,0,219.48999999999984,36.999999999999964,0,0
10.83,7.5,96.9985570782068,202,55,0,0,205.1799999999999,33.99999999999997,0,0
10.83,7.5,96.99249485097259,203,55,0,0,190.8699999999999,30.99999999999997,0,0
10.83,7.5,96.9860395081761,203,55,0,0,176.55999999999983,27.99999999999997,0,0
10.83,7.5,96.97517199510517,203,55,0,0,162.24999999999983,24.99999999999997,0,0
10.87,7.5,96.96894379373595,203,55,0,0,147.93999999999988,21.99999999999997,0,0
10.87,7.5,96.9674527826197,203,55,0,0,133.62999999999988,18.99999999999997,0,0
10.87,7.5,96.95766061868724,203,55,0,0,119.31999999999988,15.999999999999972,0,0
10.87,7.5,96.95504346668123,203,55,0,0,105.00999999999982,12.999999999999972,0,0
10.87,7.5,96.9475824172777,203,55,0,0,90.69999999999987,9.999999999999972,0,0
10.87,7.5,96.94275050129201,203,55,0,0,76.38999999999987,6.999999999999972,0,0
10.87,7.5,96.93681439460302,203,55,0,0,62.07999999999987,3.9999999999999716,0,0
10.87,7.5,96.92931818412676,203,55,0,0,47.76999999999987,0.9999999999999716,0,0
10.88,7.5,96.91773301567068,203,55,0,0,43,0.0,0,0
10.88,7.5,96.92710137998893,203,55,0,0,57.31,3.0,0,0
10.88,7.5,96.93696495245057,203,55,0,0,71.62,6.0,0,0
10.88,7.5,96.94754250785874,203,55,0,0,85.93,9.0,0,0
10.88,7.5,96.95599092161682,203,55,0,0,100.24000000000001,12.0,0,0
10.88,7.5,96.9512860785714,203,55,0,0,114.55000000000001,15.0,0,0
10.88,7.5,96.95056188371537,203,55,0,0,128.86,18.0,0,0
10.88,7.5,96.94857885081727,203,55,0,0,143.16999999999996,21.0,0,0
10.88,7.5,96.94993495015922,203,55,0,0,157.48000000000002,24.0,0,0
10.88,7.5,96.95935777774464,203,55,0,0,171.79000000000002,27.0,0,0
10.90,7.5,96.96556322730993,203,55,0,0,186.10000000000002,30.0,0,0
10.90,7.5,96.9660303618425,203,55,0,0,200.40999999999997,33.0,0,0
10.90,7.5,96.97128704789436,203,55,0,0,214.71999999999997,36.0,0,0
10.90,7.5,96.98084278470981,204,55,0,0,229.03000000000003,39.0,0,0
10.90,7.5,96.98025908672814,204,55,0,0,243.34000000000003,42.00000000000001,0,0
10.92,7.5,96.98478679074066,205,55,0,0,257.65000000000003,45.00000000000001,0,0
10.92,7.5,96.98810806370786,205,55,0,0,271.96000000000004,48.00000000000001,0,0
10.92,7.5,96.99523585676185,205,55,0,0,286.27000000000004,51.00000000000001,0,0
10.92,7.5,97.01120552418013,206,55,0,0,300.58000000000004,54.00000000000001,0,0
10.92,7.5,97.01359675328665,206,55,0,0,314.89000000000004,57.000000000000014,0,0
10.92,7.5,97.03192291027963,206,55,0,0,329.20000000000005,60.00000000000001,0,0
10.92,7.5,97.0488597095239,206,55,0,0,343.51,63.0,0,0
10.93,7.5,97.049914316016,206,55,0,0,357.82,66.0,0,0
10.93,7.5,97.06174335993408,206,55,0,0,372.13,69.0,0,0
10.93,7.5,97.07302716985724,206,55,0,0,386.44,72.0,0,0
10.93,7.5,97.07636398939628,206,55,0,0,400.75,75.0,0,0
10.93,7.5,97.0907468050765,206,55,0,0,415.06,78.0,0,0
10.95,7.5,97.10180923965636,207,55,0,0,429.37,81.0,0,0
10.95,7.5,97.11646667481361,207,55,0,0,443.68,84.0,0,0
10.95,7.5,97.13116070492607,207,55,0,0,457.99,87.0,0,0
10.95,7.5,97.13952844192482,207,55,0,0,472.3,90.0,0,0
10.95,7.5,97.1476198328078,207,55,0,0,486.61,93.0,0,0
10.95,7.5,97.16188527137722,207,55,0,0,500.92,96.0,0,0
10.95,7.5,97.1771459541143,207,55,0,0,515.23,99.0,0,0
10.95,5.0,97.18575367271353,207,55,0,0,520,100.0,0,0
10.97,5.0,97.18387632287563,207,55,0,0,505.69,97.0,0,0
10.97,5.0,97.18121479591859,207,55,0,0,491.38,94.0,0,0
10.97,5.0,97.17487673966058,207,55,0,0,477.07,91.0,0,0
10.97,5.0,97.16776579766046,207,55,0,0,462.76,88.0,0,0
10.97,5.0,97.15578951679045,207,55,0,0,448.45,85.0,0,0
10.97,5.0,97.14500686900487,207,55,0,0,434.14,82.0,0,0
10.97,5.0,97.13673030396876,207,55,0,0,419.83,79.0,0,0
10.97,5.0,97.12887746485622,207,55,0,0,405.52,76.0,0,0
10.98,5.0,97.1228800787592,207,55,0,0,391.21,73.0,0,0
10.98,5.0,97.11096077149756,207,55,0,0,376.9,70.0,0,0
10.98,5.0,97.10428909274724,207,55,0,0,362.59000000000003,67.0,0,0
10.98,5.0,97.09571656907507,207,55,0,0,348.28,63.99999999999999,0,0
10.98,5.0,97.0833775772374,207,55,0,0,333.96999999999997,60.99999999999999,0,0
11.00,5.0,97.07868461355046,207,55,0,0,319.65999999999997,57.99999999999999,0,0
11.00,5.0,97.07634832957292,207,55,0,0,305.34999999999997,54.99999999999999,0,0
11.00,5.0,97.06879366096501,207,55,0,0,291.03999999999996,51.99999999999999,0,0
11.00,5.0,97.06632483797186,208,55,0,0,276.7299999999999,48.99999999999998,0,0
11.00,5.0,97.056054127337,208,55,0,0,262.4199999999999,45.99999999999997,0,0
11.00,5.0,97.04587362673408,208,55,0,0,248.10999999999984,42.99999999999997,0,0
11.02,5.0,97.03828170041074,208,55,0,0,233.79999999999984,39.99999999999997,0,0
11.02,5.0,97.03184302341741,208,55,0,0,219.48999999999984,36.999999999999964,0,0
11.02,5.0,97.02539870564306,208,55,0,0,205.1799999999999,33.99999999999997,0,0
11.02,5.0,97.01899344094254,208,55,0,0,190.8699999999999,30.99999999999997,0,0
11.02,5.0,97.01129372377534,208,55,0,0,176.55999999999983,27.99999999999997,0,0
11.02,5.0,97.00381188165996,208,55,0,0,162.24999999999983,24.99999999999997,0,0
11.02,5.0,96.9963488875686,208,55,0,0,147.93999999999988,21.99999999999997,0,0
11.02,5.0,96.99051176055319,208,55,0,0,133.62999999999988,18.99999999999997,0,0
11.02,5.0,96.98334831547987,208,55,0,0,119.31999999999988,15.999999999999972,0,0
11.03,5.0,96.98189424252637,208,55,0,0,105.00999999999982,12.999999999999972,0,0
11.03,5.0,96.97289326030051,208,55,0,0,90.69999999999987,9.999999999999972,0,0
11.03,5.0,96.96908201565418,208,55,0,0,76.38999999999987,6.999999999999972,0,0
11.03,5.0,96.95694820252189,208,55,0,0,62.07999999999987,3.9999999999999716,0,0
11.03,5.0,96.9542673773683,208,55,0,0,47.76999999999987,0.9999999999999716,0,0
11.05,5.0,96.94666956103877,208,56,0,0,43,0.0,0,0
11.05,5.0,96.95031472295915,208,56,0,0,57.31,3.0,0,0
11.05,5.0,96.95363487189303,208,56,0,0,71.62,6.0,0,0
11.05,5.0,96.95806971812388,208,56,0,0,85.93,9.0,0,0
11.07,5.0,96.95581574189437,208,57,0,0,100.24000000000001,12.0,0,0
11.07,5.0,96.95697280260879,209,57,0,0,114.55000000000001,15.0,0,0
11.07,5.0,96.95756128685278,209,57,0,0,128.86,18.0,0,0
11.07,5.0,96.95446127394982,209,57,0,0,143.16999999999996,21.0,0,0
11.07,5.0,96.9541850877324,209,57,0,0,157.48000000000002,24.0,0,0
11.07,5.0,96.95275599959649,209,57,0,0,171.79000000000002,27.0,0,0
11.07,5.0,96.96078434822462,209,57,0,0,186.10000000000002,30.0,0,0
11.07,5.0,96.9569411350636,209,57,0,0,200.40999999999997,33.0,0,0
11.08,5.0,96.96474680220824,209,57,0,0,214.71999999999997,36.0,0,0
11.08,5.0,96.96558904117134,209,57,0,0,229.03000000000003,39.0,0,0
11.08,5.0,96.96528335475102,209,57,0,0,243.34000000000003,42.00000000000001,0,0
11.08,5.0,96.96766713205122,209,57,0,0,257.65000000000003,45.00000000000001,0,0
11.08,5.0,96.97327712917684,209,57,0,0,271.96000000000004,48.00000000000001,0,0
11.08,5.0,96.97944575652583,209,57,0,0,286.27000000000004,51.00000000000001,0,0
11.08,5.0,96.98782352730773,209,57,0,0,300.58000000000004,54.00000000000001,0,0
11.08,5.0,97.00095178187718,209,57,0,0,314.89000000000004,57.000000000000014,0,0
11.08,5.0,97.01568589733154,209,57,0,0,329.20000000000005,60.00000000000001,0,0
11.10,5.0,97.02237399631036,209,57,0,0,343.51,63.0,0,0
11.10,5.0,97.03254930742585,209,57,0,0,357.82,66.0,0,0
11.10,5.0,97.05201585531036,209,57,0,0,372.13,69.0,0,0
11.10,5.0,97.05933035041096,209,57,0,0,386.44,72.0,0,0
11.10,5.0,97.07411953121289,209,57,0,0,400.75,75.0,0,0
11.10,5.0,97.07581055761702,209,57,0,0,415.06,78.0,0,0
11.10,5.0,97.09296375585221,209,57,0,0,429.37,81.0,0,0
11.10,5.0,97.10524487126175,209,57,0,0,443.68,84.0,0,0
11.10,5.0,97.1202977957896,209,57,0,0,457.99,87.0,0,0
11.12,5.0,97.12499037113696,209,57,0,0,472.3,90.0,0,0
11.12,5.0,97.13255783763921,209,58,0,0,486.61,93.0,0,0
11.12,5.0,97.13737585002167,209,58,0,0,500.92,96.0,0,0
11.12,5.0,97.14458950147944,209,58,0,0,515.23,99.0,0,0
11.12,6.666666666666667,97.15040521782387,209,58,0,0,520,100.0,0,0
11.12,6.666666666666667,97.14629559351533,209,58,0,0,505.69,97.0,0,0
11.12,6.666666666666667,97.13536333676734,209,58,0,0,491.38,94.0,0,0
11.12,6.666666666666667,97.12962391391083,209,58,0,0,477.07,91.0,0,0
11.12,6.666666666666667,97.12472859469858,209,58,0,0,462.76,88.0,0,0
11.12,6.666666666666667,97.11796158434413,209,58,0,0,448.45,85.0,0,0
11.13,6.666666666666667,97.11186595906175,209,58,0,0,434.14,82.0,0,0
11.13,6.666666666666667,97.10280291655693,209,58,0,0,419.83,79.0,0,0
11.13,6.666666666666667,97.09617468699123,209,58,0,0,405.52,76.0,0,0
11.13,6.666666666666667,97.08511786281521,209,58,0,0,391.21,73.0,0,0
11.13,6.666666666666667,97.0779428370441,209,58,0,0,376.9,70.0,0,0
11.13,6.666666666666667,97.06716605543176,209,58,0,0,362.59000000000003,67.0,0,0
11.13,6.666666666666667,97.0588499938524,209,58,0,0,348.28,63.99999999999999,0,0
11.13,6.666666666666667,97.05418055526486,209,58,0,0,333.96999999999997,60.99999999999999,0,0
11.13,6.666666666666667,97.05090963262367,209,58,0,0,319.65999999999997,57.99999999999999,0,0
11.13,6.666666666666667,97.04498209414942,209,58,0,0,305.34999999999997,54.99999999999999,0,0
11.15,6.666666666666667,97.03972363691739,209,58,0,0,291.03999999999996,51.99999999999999,0,0
11.15,6.666666666666667,97.0333234470698,209,58,0,0,276.7299999999999,48.99999999999998,0,0
11.15,6.666666666666667,97.02102376552594,210,58,0,0,262.4199999999999,45.99999999999997,0,0
11.15,6.666666666666667,97.01441350699332,210,58,0,0,248.10999999999984,42.99999999999997,0,0
11.15,6.666666666666667,97.00769196465848,210,58,0,0,233.79999999999984,39.99999999999997,0,0
11.15,6.666666666666667,97.0037762684037,210,58,0,0,219.48999999999984,36.999999999999964,0,0
11.15,6.666666666666667,96.99855371726744,210,58,0,0,205.1799999999999,33.99999999999997,0,0
11.15,6.666666666666667,96.99259406486676,210,58,0,0,190.8699999999999,30.99999999999997,0,0
11.15,6.666666666666667,96.978555576646,210,58,0,0,176.55999999999983,27.99999999999997,0,0
11.17,6.666666666666667,96.97389758695616,210,58,0,0,162.24999999999983,24.99999999999997,0,0
11.17,6.666666666666667,96.9667876430635,210,58,0,0,147.93999999999988,21.99999999999997,0,0
11.17,6.666666666666667,96.9634194720612,210,58,0,0,133.62999999999988,18.99999999999997,0,0
11.17,6.666666666666667,96.9617904290713,210,58,0,0,119.31999999999988,15.999999999999972,0,0
11.17,6.666666666666667,96.95982568222016,210,58,0,0,105.00999999999982,12.999999999999972,0,0
11.17,6.666666666666667,96.94980088083112,210,58,0,0,90.69999999999987,9.999999999999972,0,0
11.17,6.666666666666667,96.9372564697938,210,58,0,0,76.38999999999987,6.999999999999972,0,0
11.17,6.666666666666667,96.93664617679333,210,58,0,0,62.07999999999987,3.9999999999999716,0,0
11.17,6.666666666666667,96.93195694119825,210,58,0,0,47.76999999999987,0.9999999999999716,0,0
11.17,6.666666666666667,96.92430344425506,210,58,0,0,43,0.0,0,0
11.18,6.666666666666667,96.9314998026516,210,58,0,0,57.31,3.0,0,0
11.18,6.666666666666667,96.93355290214747,210,58,0,0,71.62,6.0,0,0
11.18,6.666666666666667,96.93859086151959,210,58,0,0,85.93,9.0,0,0
11.18,6.666666666666667,96.93885051162937,210,58,0,0,100.24000000000001,12.0,0,0
11.18,6.666666666666667,96.94323364444277,210,58,0,0,114.55000000000001,15.0,0,0
11.18,6.666666666666667,96.94567451283508,210,58,0,0,128.86,18.0,0,0
11.18,6.666666666666667,96.95336820510654,210,58,0,0,143.16999999999996,21.0,0,0
11.18,6.666666666666667,96.95587888357649,210,58,0,0,157.48000000000002,24.0,0,0
11.18,6.666666666666667,96.95646866726759,210,58,0,0,171.79000000000002,27.0,0,0
11.18,6.666666666666667,96.96294611659755,210,58,0,0,186.10000000000002,30.0,0,0
11.20,6.666666666666667,96.96704911045519,210,58,0,0,200.40999999999997,33.0,0,0
11.20,6.666666666666667,96.96232352586505,210,58,0,0,214.71999999999997,36.0,0,0
11.20,6.666666666666667,96.96908653432656,210,58,0,0,229.03000000000003,39.0,0,0
11.20,6.666666666666667,96.97313321519619,210,58,0,0,243.34000000000003,42.00000000000001,0,0
11.20,6.666666666666667,96.97937147127872,210,58,0,0,257.65000000000003,45.00000000000001,0,0
11.20,6.666666666666667,96.97588754255018,210,58,0,0,271.96000000000004,48.00000000000001,0,0
11.20,6.666666666666667,96.9785969662401,210,58,0,0,286.27000000000004,51.00000000000001,0,0
11.20,6.666666666666667,96.99144937731289,210,58,0,0,300.58000000000004,54.00000000000001,0,0
11.20,6.666666666666667,96.99581813545413,210,58,0,0,314.89000000000004,57.000000000000014,0,0
11.20,6.666666666666667,97.01147348155291,210,59,0,0,329.20000000000005,60.00000000000001,0,0
11.22,6.666666666666667,97.0202248098096,210,59,0,0,343.51,63.0,0,0
11.22,6.666666666666667,97.02830238085393,210,59,0,0,357.82,66.0,0,0
11.22,6.666666666666667,97.04091211081865,210,59,0,0,372.13,69.0,0,0
11.22,6.666666666666667,97.05628720221833,210,59,0,0,386.44,72.0,0,0
11.22,6.666666666666667,97.06764397707335,211,59,0,0,400.75,75.0,0,0
11.22,6.666666666666667,97.08082995531262,211,59,0,0,415.06,78.0,0,0
11.22,6.666666666666667,97.0838191619575,211,59,0,0,429.37,81.0,0,0
11.22,6.666666666666667,97.10032649954753,211,59,0,0,443.68,84.0,0,0
11.22,6.666666666666667,97.11448176747315,211,59,0,0,457.99,87.0,0,0
11.22,6.666666666666667,97.11963886579119,211,59,0,0,472.3,90.0,0,0
11.23,6.666666666666667,97.12577125906088,211,59,0,0,486.61,93.0,0,0
11.23,6.666666666666667,97.13714605847832,211,59,0,0,500.92,96.0,0,0
11.23,6.666666666666667,97.15096128810022,211,59,0,0,515.23,99.0,0,0
11.23,8.571428571428571,97.16533020530876,211,59,0,0,520,100.0,0,0
11.23,8.571428571428571,97.15338556603619,211,59,0,0,505.69,97.0,0,0
11.23,8.571428571428571,97.14434413676776,211,60,0,0,491.38,94.0,0,0
11.23,8.571428571428571,97.13507968549817,211,60,0,0,477.07,91.0,0,0
11.23,8.571428571428571,97.12668325231483,211,60,0,0,462.76,88.0,0,0
11.23,8.571428571428571,97.11972819534428,211,60,0,0,448.45,85.0,0,0
11.23,8.571428571428571,97.11718479303204,211,60,0,0,434.14,82.0,0,0
11.25,8.571428571428571,97.10573911874033,211,60,0,0,419.83,79.0,0,0
11.25,8.571428571428571,97.09877205995356,211,60,0,0,405.52,76.0,0,0
11.25,8.571428571428571,97.09170956363106,211,60,0,0,391.21,73.0,0,0
11.25,8.571428571428571,97.0878545275478,211,60,0,0,376.9,70.0,0,0
11.25,8.571428571428571,97.08006401029554,211,60,0,0,362.59000000000003,67.0,0,0
11.25,8.571428571428571,97.07268821461564,211,60,0,0,348.28,63.99999999999999,0,0
11.25,8.571428571428571,97.06834491633187,211,60,0,0,333.96999999999997,60.99999999999999,0,0
11.25,8.571428571428571,97.05845467013792,211,60,0,0,319.65999999999997,57.99999999999999,0,0
11.25,8.571428571428571,97.05474341215692,211,60,0,0,305.34999999999997,54.99999999999999,0,0
11.25,8.571428571428571,97.04709082375028,211,60,0,0,291.03999999999996,51.99999999999999,0,0
11.27,8.571428571428571,97.04181502728451,211,60,0,0,276.7299999999999,48.99999999999998,0,0
11.27,8.571428571428571,97.03398823958594,211,60,0,0,262.4199999999999,45.99999999999997,0,0
11.27,8.571428571428571,97.02719493258803,211,60,0,0,248.10999999999984,42.99999999999997,0,0
11.27,8.571428571428571,97.02291016124128,211,60,0,0,233.79999999999984,39.99999999999997,0,0
11.27,8.571428571428571,97.01379321411363,212,60,0,0,219.48999999999984,36.999999999999964,0,0
11.28,8.571428571428571,97.00765087526676,212,60,0,0,205.1799999999999,33.99999999999997,0,0
11.28,8.571428571428571,96.99902330497859,212,60,0,0,190.8699999999999,30.99999999999997,0,0
11.28,8.571428571428571,96.99580627469678,212,60,0,0,176.55999999999983,27.99999999999997,0,0
11.28,8.571428571428571,96.98322282537451,212,60,0,0,162.24999999999983,24.99999999999997,0,0
11.30,8.571428571428571,96.971867481731,212,60,0,0,147.93999999999988,21.99999999999997,0,0
11.30,8.571428571428571,96.9668209425824,212,60,0,0,133.62999999999988,18.99999999999997,0,0
11.30,8.571428571428571,96.9600324982548,212,60,0,0,119.31999999999988,15.999999999999972,0,0
11.30,8.571428571428571,96.9541968990357,212,60,0,0,105.00999999999982,12.999999999999972,0,0
11.30,8.571428571428571,96.94439795340487,212,60,0,0,90.69999999999987,9.999999999999972,0,0
11.30,8.571428571428571,96.93591639446878,212,60,0,0,76.38999999999987,6.999999999999972,0,0
11.30,8.571428571428571,96.92975783264704,212,60,0,0,62.07999999999987,3.9999999999999716,0,0
11.30,8.571428571428571,96.92456437527208,212,60,0,0,47.76999999999987,0.9999999999999716,0,0
11.30,8.571428571428571,96.91338593790188,212,60,0,0,43,0.0,0,0
11.30,8.571428571428571,96.91438014449861,212,60,0,0,57.31,3.0,0,0
11.32,8.571428571428571,96.92394077867581,212,60,0,0,71.62,6.0,0,0
11.32,8.571428571428571,96.932888126798,212,60,0,0,85.93,9.0,0,0
11.32,8.571428571428571,96.93802481765607,212,60,0,0,100.24000000000001,12.0,0,0
11.32,8.571428571428571,96.93719735109352,212,60,0,0,114.55000000000001,15.0,0,0
11.32,8.571428571428571,96.93678266866223,212,60,0,0,128.86,18.0,0,0
11.32,8.571428571428571,96.94255891058246,212,60,0,0,143.16999999999996,21.0,0,0
11.32,8.571428571428571,96.93959049921413,212,60,0,0,157.48000000000002,24.0,0,0
11.32,8.571428571428571,96.94476156987558,212,60,0,0,171.79000000000002,27.0,0,0
11.32,8.571428571428571,96.95044052474114,212,60,0,0,186.10000000000002,30.0,0,0
11.32,8.571428571428571,96.95357552950537,212,60,0,0,200.40999999999997,33.0,0,0
11.33,8.571428571428571,96.95099207370001,212,60,0,0,214.71999999999997,36.0,0,0
11.33,8.571428571428571,96.96217213551635,212,60,0,0,229.03000000000003,39.0,0,0
11.33,8.571428571428571,96.96491499612932,212,60,0,0,243.34000000000003,42.00000000000001,0,0
11.33,8.571428571428571,96.96396796210693,212,60,0,0,257.65000000000003,45.00000000000001,0,0
11.33,8.571428571428571,96.96596144430134,212,60,0,0,271.96000000000004,48.00000000000001,0,0
11.33,8.571428571428571,96.98217462883972,213,60,0,0,286.27000000000004,51.00000000000001,0,0
11.33,8.571428571428571,96.992171121619,213,60,0,0,300.58000000000004,54.00000000000001,0,0
11.33,8.571428571428571,96.99962430387957,213,60,0,0,314.89000000000004,57.000000000000014,0,0
11.35,8.571428571428571,97.01085907190345,213,60,0,0,329.20000000000005,60.00000000000001,0,0
11.35,8.571428571428571,97.02222276771077,213,60,0,0,343.51,63.0,0,0
11.35,8.571428571428571,97.03679621002917,213,60,0,0,357.82,66.0,0,0
11.35,8.571428571428571,97.04383215200681,213,60,0,0,372.13,69.0,0,0
11.37,8.571428571428571,97.06026032669679,213,60,0,0,386.44,72.0,0,0
11.37,8.571428571428571,97.07032963605265,213,60,0,0,400.75,75.0,0,0
11.37,8.571428571428571,97.08720421120505,213,60,0,0,415.06,78.0,0,0
11.37,8.571428571428571,97.0951373317299,213,60,0,0,429.37,81.0,0,0
11.37,8.571428571428571,97.10938053146043,213,60,0,0,443.68,84.0,0,0
11.37,8.571428571428571,97.11502895677953,213,60,0,0,457.99,87.0,0,0
11.37,8.571428571428571,97.1268664311325,213,60,0,0,472.3,90.0,0,0
11.37,8.571428571428571,97.14024748528733,213,60,0,0,486.61,93.0,0,0
11.37,8.571428571428571,97.14932266349216,214,60,0,0,500.92,96.0,0,0
11.38,8.571428571428571,97.16588699201856,214,60,0,0,515.23,99.0,0,0
11.38,6.666666666666667,97.18188288167357,214,60,0,0,520,100.0,0,0
11.38,6.666666666666667,97.17421944535165,214,60,0,0,505.69,97.0,0,0
11.38,6.666666666666667,97.165399829324,214,60,0,0,491.38,94.0,0,0
11.38,6.666666666666667,97.16330627966703,214,60,0,0,477.07,91.0,0,0
11.38,6.666666666666667,97.15552656779,214,60,0,0,462.76,88.0,0,0
11.38,6.666666666666667,97.15072415810289,214,60,0,0,448.45,85.0,0,0
11.38,6.666666666666667,97.14412637936066,214,60,0,0,434.14,82.0,0,0
11.40,6.666666666666667,97.139118908366,214,60,0,0,419.83,79.0,0,0
11.40,6.666666666666667,97.12730071974669,214,60,0,0,405.52,76.0,0,0
11.40,6.666666666666667,97.11672988442734,214,60,0,0,391.21,73.0,0,0
11.40,6.666666666666667,97.10951556359994,214,60,0,0,376.9,70.0,0,0
11.40,6.666666666666667,97.09979650648698,214,60,0,0,362.59000000000003,67.0,0,0
11.40,6.666666666666667,97.09860799641804,214,60,0,0,348.28,63.99999999999999,0,0
11.40,6.666666666666667,97.08965085872927,214,60,0,0,333.96999999999997,60.99999999999999,0,0
11.40,6.666666666666667,97.0777653024157,214,60,0,0,319.65999999999997,57.99999999999999,0,0
11.40,6.666666666666667,97.07125505927175,214,60,0,0,305.34999999999997,54.99999999999999,0,0
11.40,6.666666666666667,97.0611477196231,214,60,0,0,291.03999999999996,51.99999999999999,0,0
11.42,6.666666666666667,97.0525619835967,214,60,0,0,276.7299999999999,48.99999999999998,0,0
11.42,6.666666666666667,97.04630785996962,214,60,0,0,262.4199999999999,45.99999999999997,0,0
11.42,6.666666666666667,97.040833369301,214,60,0,0,248.10999999999984,42.99999999999997,0,0
11.42,6.666666666666667,97.02753156528468,214,60,0,0,233.79999999999984,39.99999999999997,0,0
11.45,6.666666666666667,97.01873861194869,214,60,0,0,219.48999999999984,36.999999999999964,0,0
11.45,6.666666666666667,97.00704446988176,214,60,0,0,205.1799999999999,33.99999999999997,0,0
11.45,6.666666666666667,97.00346284571707,214,60,0,0,190.8699999999999,30.99999999999997,0,0
11.45,6.666666666666667,96.99486235884899,214,60,0,0,176.55999999999983,27.99999999999997,0,0
11.45,6.666666666666667,96.98559787061379,214,60,0,0,162.24999999999983,24.99999999999997,0,0
11.45,6.666666666666667,96.97876922451618,214,60,0,0,147.93999999999988,21.99999999999997,0,0
11.45,6.666666666666667,96.97250903430658,214,61,0,0,133.62999999999988,18.99999999999997,0,0
11.45,6.666666666666667,96.96356653126143,214,61,0,0,119.31999999999988,15.999999999999972,0,0
11.45,6.666666666666667,96.95187745294447,214,61,0,0,105.00999999999982,12.999999999999972,0,0
11.45,6.666666666666667,96.94554292824445,214,61,0,0,90.69999999999987,9.999999999999972,0,0
11.47,6.666666666666667,96.9429955681394,215,61,0,0,76.38999999999987,6.999999999999972,0,0
11.47,6.666666666666667,96.9356562063016,215,61,0,0,62.07999999999987,3.9999999999999716,0,0
11.47,6.666666666666667,96.93025376175947,215,61,0,0,47.76999999999987,0.9999999999999716,0,0
11.47,6.666666666666667,96.92068110696786,215,61,0,0,43,0.0,0,0
11.47,6.666666666666667,96.922273135555,215,61,0,0,57.31,3.0,0,0
11.47,6.666666666666667,96.92863946048224,215,61,0,0,71.62,6.0,0,0
11.48,6.666666666666667,96.92685946868828,215,61,0,0,85.93,9.0,0,0
11.48,6.666666666666667,96.93331935104689,215,61,0,0,100.24000000000001,12.0,0,0
11.48,6.666666666666667,96.93467603750418,215,61,0,0,114.55000000000001,15.0,0,0
11.48,6.666666666666667,96.92988832051294,215,61,0,0,128.86,18.0,0,0
11.48,6.666666666666667,96.92913770710726,215,61,0,0,143.16999999999996,21.0,0,0
11.48,6.666666666666667,96.93911501176075,215,61,0,0,157.48000000000002,24.0,0,0
11.48,6.666666666666667,96.94220778068261,215,61,0,0,171.79000000000002,27.0,0,0
11.48,6.666666666666667,96.94877760677264,215,61,0,0,186.10000000000002,30.0,0,0
11.48,6.666666666666667,96.94668454054532,215,61,0,0,200.40999999999997,33.0,0,0
11.48,6.666666666666667,96.94799666222895,215,61,0,0,214.71999999999997,36.0,0,0
11.50,6.666666666666667,96.95213926959885,215,61,0,0,229.03000000000003,39.0,0,0
11.50,6.666666666666667,96.9478976917875,215,61,0,0,243.34000000000003,42.00000000000001,0,0
11.50,6.666666666666667,96.95553657778021,215,61,0,0,257.65000000000003,45.00000000000001,0,0
11.50,6.666666666666667,96.96403003513765,215,61,0,0,271.96000000000004,48.00000000000001,0,0
11.50,6.666666666666667,96.9747495911265,215,61,0,0,286.27000000000004,51.00000000000001,0,0
11.50,6.666666666666667,96.98896706063532,215,61,0,0,300.58000000000004,54.00000000000001,0,0
11.50,6.666666666666667,96.99900108264592,215,61,0,0,314.89000000000004,57.000000000000014,0,0
11.50,6.666666666666667,97.00937666797914,215,61,0,0,329.20000000000005,60.00000000000001,0,0
11.50,6.666666666666667,97.02606793127507,215,61,0,0,343.51,63.0,0,0
11.50,6.666666666666667,97.03222984162409,215,61,0,0,357.82,66.0,0,0
11.52,6.666666666666667,97.03960698045586,215,61,0,0,372.13,69.0,0,0
11.52,6.666666666666667,97.05332571589975,215,61,0,0,386.44,72.0,0,0
11.52,6.666666666666667,97.06202512250226,215,61,0,0,400.75,75.0,0,0
11.53,6.666666666666667,97.08025242808327,215,61,0,0,415.06,78.0,0,0
11.53,6.666666666666667,97.09355595395388,215,61,0,0,429.37,81.0,0,0
11.53,6.666666666666667,97.10845858922924,215,61,0,0,443.68,84.0,0,0
11.53,6.666666666666667,97.1127884007554,215,61,0,0,457.99,87.0,0,0
11.53,6.666666666666667,97.12046523582197,215,61,0,0,472.3,90.0,0,0
11.53,6.666666666666667,97.12601192912334,215,61,0,0,486.61,93.0,0,0
11.53,6.666666666666667,97.13537101041915,215,61,0,0,500.92,96.0,0,0
11.53,6.666666666666667,97.14863836375493,215,61,0,0,515.23,99.0,0,0
11.53,6.0,97.15306905333202,215,61,0,0,520,100.0,0,0
11.53,6.0,97.14301878064964,215,61,0,0,505.69,97.0,0,0
11.55,6.0,97.13181378763501,215,61,0,0,491.38,94.0,0,0
11.55,6.0,97.11828218665894,215,61,0,0,477.07,91.0,0,0
11.55,6.0,97.11352827886854,215,61,0,0,462.76,88.0,0,0
11.55,6.0,97.10426286600485,215,61,0,0,448.45,85.0,0,0
11.55,6.0,97.09590255587096,216,61,0,0,434.14,82.0,0,0
11.55,6.0,97.0900269064987,216,61,0,0,419.83,79.0,0,0
11.55,6.0,97.0829007873417,216,61,0,0,405.52,76.0,0,0
11.55,6.0,97.07496469619983,216,61,0,0,391.21,73.0,0,0
11.55,6.0,97.06670017290377,216,61,0,0,376.9,70.0,0,0
11.55,6.0,97.0581166468315,216,61,0,0,362.59000000000003,67.0,0,0
11.57,6.0,97.04524788374475,216,61,0,0,348.28,63.99999999999999,0,0
11.57,6.0,97.04439620538744,216,61,0,0,333.96999999999997,60.99999999999999,0,0
11.57,6.0,97.04274225057948,216,61,0,0,319.65999999999997,57.99999999999999,0,0
11.57,6.0,97.03537654473985,216,61,0,0,305.34999999999997,54.99999999999999,0,0
11.57,6.0,97.0313952914563,216,61,0,0,291.03999999999996,51.99999999999999,0,0
11.57,6.0,97.0241084308391,216,61,0,0,276.7299999999999,48.99999999999998,0,0
11.57,6.0,97.01947600267084,216,61,0,0,262.4199999999999,45.99999999999997,0,0
11.57,6.0,97.01418127104762,216,61,0,0,248.10999999999984,42.99999999999997,0,0
11.57,6.0,97.00734359342961,216,61,0,0,233.79999999999984,39.99999999999997,0,0
11.57,6.0,97.00049889529504,216,61,0,0,219.48999999999984,36.999999999999964,0,0
11.58,6.0,96.99495541456683,216,61,0,0,205.1799999999999,33.99999999999997,0,0
11.58,6.0,96.98551400053293,216,61,0,0,190.8699999999999,30.99999999999997,0,0
11.58,6.0,96.98242608351539,216,61,0,0,176.55999999999983,27.99999999999997,0,0
11.58,6.0,96.97923564457433,216,61,0,0,162.24999999999983,24.99999999999997,0,0
11.58,6.0,96.97147405857548,216,61,0,0,147.93999999999988,21.99999999999997,0,0
11.58,6.0,96.96682016499946,216,61,0,0,133.62999999999988,18.99999999999997,0,0
11.60,6.0,96.96061810816781,216,61,0,0,119.31999999999988,15.999999999999972,0,0
11.60,6.0,96.95135724878932,216,61,0,0,105.00999999999982,12.999999999999972,0,0
11.60,6.0,96.94436165034075,216,61,0,0,90.69999999999987,9.999999999999972,0,0
11.60,6.0,96.93108189318481,216,61,0,0,76.38999999999987,6.999999999999972,0,0
11.60,6.0,96.9241379221382,216,61,0,0,62.07999999999987,3.9999999999999716,0,0
11.60,6.0,96.92091610217665,216,61,0,0,47.76999999999987,0.9999999999999716,0,0
11.60,6.0,96.90923448061116,216,61,0,0,43,0.0,0,0
11.60,6.0,96.91165530347666,216,61,0,0,57.31,3.0,0,0
11.60,6.0,96.92239883448059,217,61,0,0,71.62,6.0,0,0
11.62,6.0,96.9302200776596,217,62,0,0,85.93,9.0,0,0
11.62,6.0,96.93451758244535,217,62,0,0,100.24000000000001,12.0,0,0
11.62,6.0,96.93018453048316,217,62,0,0,114.55000000000001,15.0,0,0
11.62,6.0,96.93628753780176,217,62,0,0,128.86,18.0,0,0
11.62,6.0,96.94056237396082,217,62,0,0,143.16999999999996,21.0,0,0
11.62,6.0,96.94236404295246,217,62,0,0,157.48000000000002,24.0,0,0
11.62,6.0,96.9470995688125,217,62,0,0,171.79000000000002,27.0,0,0
11.62,6.0,96.95138705130205,217,62,0,0,186.10000000000002,30.0,0,0
11.63,6.0,96.95841609197647,217,62,0,0,200.40999999999997,33.0,0,0
11.63,6.0,96.96432404991727,217,62,0,0,214.71999999999997,36.0,0,0
11.63,6.0,96.96554492729355,217,62,0,0,229.03000000000003,39.0,0,0
11.63,6.0,96.96775737518348,217,62,0,0,243.34000000000003,42.00000000000001,0,0
11.63,6.0,96.97465001282609,217,62,0,0,257.65000000000003,45.00000000000001,0,0
11.63,6.0,96.97737290683932,217,62,0,0,271.96000000000004,48.00000000000001,0,0
11.63,6.0,96.98716591369457,217,62,0,0,286.27000000000004,51.00000000000001,0,0
11.63,6.0,96.99902571537487,217,62,0,0,300.58000000000004,54.00000000000001,0,0
11.63,6.0,97.01120868066947,217,62,0,0,314.89000000000004,57.000000000000014,0,0
11.65,6.0,97.02411005627086,217,62,0,0,329.20000000000005,60.00000000000001,0,0
11.65,6.0,97.03066915352552,217,62,0,0,343.51,63.0,0,0
11.65,6.0,97.05008873038163,217,62,0,0,357.82,66.0,0,0
11.65,6.0,97.06703514302714,217,62,0,0,372.13,69.0,0,0
11.65,6.0,97.08163066480135,217,62,0,0,386.44,72.0,0,0
11.65,6.0,97.0909044860018,217,62,0,0,400.75,75.0,0,0
11.65,6.0,97.09719210432141,217,62,0,0,415.06,78.0,0,0
11.65,6.0,97.11409108606428,217,62,0,0,429.37,81.0,0,0
11.65,6.0,97.11827219650706,217,62,0,0,443.68,84.0,0,0
11.65,6.0,97.12794362818728,217,62,0,0,457.99,87.0,0,0
11.67,6.0,97.14086750603632,217,62,0,0,472.3,90.0,0,0
11.67,6.0,97.15188809720398,217,62,0,0,486.61,93.0,0,0
11.67,6.0,97.15956314785008,217,62,0,0,500.92,96.0,0,0
11.67,6.0,97.17614236812223,217,62,0,0,515.23,99.0,0,0
11.67,7.5,97.19022503329518,217,62,0,0,520,100.0,0,0
11.67,7.5,97.18626549756804,217,62,0,0,505.69,97.0,0,0
11.67,7.5,97.18064125177487,217,62,0,0,491.38,94.0,0,0
11.67,7.5,97.17408469692855,217,62,0,0,477.07,91.0,0,0
11.67,7.5,97.16962194331087,217,62,0,0,462.76,88.0,0,0
11.67,7.5,97.16015789679051,217,62,0,0,448.45,85.0,0,0
11.68,7.5,97.1583576848131,217,62,0,0,434.14,82.0,0,0
11.68,7.5,97.15772216676551,217,62,0,0,419.83,79.0,0,0
11.68,7.5,97.1470456236384,217,62,0,0,405.52,76.0,0,0
11.68,7.5,97.14213134580032,217,62,0,0,391.21,73.0,0,0
11.68,7.5,97.13624232188496,217,62,0,0,376.9,70.0,0,0
11.68,7.5,97.13138032936475,217,62,0,0,362.59000000000003,67.0,0,0
11.68,7.5,97.1274163480573,217,62,0,0,348.28,63.99999999999999,0,0
11.68,7.5,97.12332518262338,218,62,0,0,333.96999999999997,60.99999999999999,0,0
11.68,7.5,97.11373613603725,218,62,0,0,319.65999999999997,57.99999999999999,0,0
11.70,7.5,97.1085049700366,218,62,0,0,305.34999999999997,54.99999999999999,0,0
11.70,7.5,97.10501955089451,218,62,0,0,291.03999999999996,51.99999999999999,0,0
11.70,7.5,97.10119247748905,218,62,0,0,276.7299999999999,48.99999999999998,0,0
11.70,7.5,97.09470695743929,218,62,0,0,262.4199999999999,45.99999999999997,0,0
11.70,7.5,97.08735623930987,218,62,0,0,248.10999999999984,42.99999999999997,0,0
11.70,7.5,97.08186468701854,218,62,0,0,233.79999999999984,39.99999999999997,0,0
11.70,7.5,97.0721513054506,218,62,0,0,219.48999999999984,36.999999999999964,0,0
11.70,7.5,97.0657877179284,218,63,0,0,205.1799999999999,33.99999999999997,0,0
11.72,7.5,97.05758941627053,219,63,0,0,190.8699999999999,30.99999999999997,0,0
11.72,7.5,97.04857506543519,219,63,0,0,176.55999999999983,27.99999999999997,0,0
11.72,7.5,97.0361450684983,219,63,0,0,162.24999999999983,24.99999999999997,0,0
11.72,7.5,97.03243558379148,220,63,0,0,147.93999999999988,21.99999999999997,0,0
11.72,7.5,97.02839651232183,220,63,0,0,133.62999999999988,18.99999999999997,0,0
11.72,7.5,97.01874131735971,220,63,0,0,119.31999999999988,15.999999999999972,0,0
11.72,7.5,97.01343229707449,220,63,0,0,105.00999999999982,12.999999999999972,0,0
11.72,7.5,97.00162504882358,220,63,0,0,90.69999999999987,9.999999999999972,0,0
11.72,7.5,96.99045838135562,220,63,0,0,76.38999999999987,6.999999999999972,0,0
11.72,7.5,96.98182995245168,220,63,0,0,62.07999999999987,3.9999999999999716,0,0
11.73,7.5,96.97995787103932,220,63,0,0,47.76999999999987,0.9999999999999716,0,0
11.73,7.5,96.96805297769365,220,63,0,0,43,0.0,0,0
11.73,7.5,96.97872724339763,220,63,0,0,57.31,3.0,0,0
11.73,7.5,96.98015723162823,220,63,0,0,71.62,6.0,0,0
11.73,7.5,96.98470386730172,220,63,0,0,85.93,9.0,0,0
11.73,7.5,96.98463149565902,220,63,0,0,100.24000000000001,12.0,0,0
11.73,7.5,96.9863290967481,220,63,0,0,114.55000000000001,15.0,0,0
11.73,7.5,96.98579346809913,220,63,0,0,128.86,18.0,0,0
11.73,7.5,96.98916474865528,220,63,0,0,143.16999999999996,21.0,0,0
11.73,7.5,96.99050412328373,220,63,0,0,157.48000000000002,24.0,0,0
11.75,7.5,96.98562355107276,220,63,0,0,171.79000000000002,27.0,0,0
11.75,7.5,96.98393397750513,220,63,0,0,186.10000000000002,30.0,0,0
11.75,7.5,96.99524701098711,220,63,0,0,200.40999999999997,33.0,0,0
11.75,7.5,96.99665431069359,220,63,0,0,214.71999999999997,36.0,0,0
11.75,7.5,96.9970732441265,220,63,0,0,229.03000000000003,39.0,0,0
11.75,7.5,97.00310762558772,220,63,0,0,243.34000000000003,42.00000000000001,0,0
11.75,7.5,97.00183855103325,220,63,0,0,257.65000000000003,45.00000000000001,0,0
11.75,7.5,97.00872245242016,220,63,0,0,271.96000000000004,48.00000000000001,0,0
11.75,7.5,97.02278991801555,220,63,0,0,286.27000000000004,51.00000000000001,0,0
11.75,7.5,97.02891783798967,220,63,0,0,300.58000000000004,54.00000000000001,0,0
11.77,7.5,97.0419228814585,220,63,0,0,314.89000000000004,57.000000000000014,0,0
11.77,7.5,97.05412936520614,220,63,0,0,329.20000000000005,60.00000000000001,0,0
11.77,7.5,97.06881934360929,220,63,0,0,343.51,63.0,0,0
11.77,7.5,97.08620936701901,221,63,0,0,357.82,66.0,0,0
11.77,7.5,97.09972535764295,221,63,0,0,372.13,69.0,0,0
11.77,7.5,97.10881136266352,221,63,0,0,386.44,72.0,0,0
11.77,7.5,97.11350545201469,221,63,0,0,400.75,75.0,0,0
11.77,7.5,97.12565297461778,221,63,0,0,415.06,78.0,0,0
11.77,7.5,97.13825034565262,221,63,0,0,429.37,81.0,0,0
11.78,7.5,97.14749332335847,221,63,0,0,443.68,84.0,0,0
11.78,7.5,97.15533092639573,221,63,0,0,457.99,87.0,0,0
11.78,7.5,97.17375051332742,221,63,0,0,472.3,90.0,0,0
11.78,7.5,97.1797470930067,221,63,0,0,486.61,93.0,0,0
11.78,7.5,97.18559323879262,221,63,0,0,500.92,96.0,0,0
11.78,7.5,97.19614459379142,221,63,0,0,515.23,99.0,0,0
11.78,8.571428571428571,97.20701888962286,221,63,0,0,520,100.0,0,0
11.80,8.571428571428571,97.20031782159165,221,63,0,0,505.69,97.0,0,0
11.80,8.571428571428571,97.19447903756954,221,63,0,0,491.38,94.0,0,0
11.80,8.571428571428571,97.19132115567277,221,63,0,0,477.07,91.0,0,0
11.80,8.571428571428571,97.18594179408954,221,63,0,0,462.76,88.0,0,0
11.80,8.571428571428571,97.1829997627342,221,63,0,0,448.45,85.0,0,0
11.80,8.571428571428571,97.17624806296807,221,63,0,0,434.14,82.0,0,0
11.80,8.571428571428571,97.1680553161697,221,63,0,0,419.83,79.0,0,0
11.80,8.571428571428571,97.16196844839327,221,63,0,0,405.52,76.0,0,0
11.80,8.571428571428571,97.15329466816823,221,63,0,0,391.21,73.0,0,0
11.82,8.571428571428571,97.14020022077631,221,63,0,0,376.9,70.0,0,0
11.82,8.571428571428571,97.13627028880603,221,63,0,0,362.59000000000003,67.0,0,0
11.82,8.571428571428571,97.13058167694358,221,64,0,0,348.28,63.99999999999999,0,0
11.82,8.571428571428571,97.12224477811934,221,64,0,0,333.96999999999997,60.99999999999999,0,0
11.82,8.571428571428571,97.11431868967748,221,64,0,0,319.65999999999997,57.99999999999999,0,0
11.82,8.571428571428571,97.10734454842562,221,64,0,0,305.34999999999997,54.99999999999999,0,0
11.82,8.571428571428571,97.09905493655563,221,64,0,0,291.03999999999996,51.99999999999999,0,0
11.82,8.571428571428571,97.09101070514414,221,64,0,0,276.7299999999999,48.99999999999998,0,0
11.82,8.571428571428571,97.08064815386558,221,64,0,0,262.4199999999999,45.99999999999997,0,0
11.82,8.571428571428571,97.072306342872,221,64,0,0,248.10999999999984,42.99999999999997,0,0
11.83,8.571428571428571,97.06671512294642,221,64,0,0,233.79999999999984,39.99999999999997,0,0
11.83,8.571428571428571,97.05815132982968,221,64,0,0,219.48999999999984,36.999999999999964,0,0
11.83,8.571428571428571,97.04642522837146,221,64,0,0,205.1799999999999,33.99999999999997,0,0
11.83,8.571428571428571,97.03336331720986,221,64,0,0,190.8699999999999,30.99999999999997,0,0
11.83,8.571428571428571,97.02698668261309,221,64,0,0,176.55999999999983,27.99999999999997,0,0
11.83,8.571428571428571,97.02052638147268,221,64,0,0,162.24999999999983,24.99999999999997,0,0
11.83,8.571428571428571,97.01632778905676,221,64,0,0,147.93999999999988,21.99999999999997,0,0
11.83,8.571428571428571,97.01012455260314,221,64,0,0,133.62999999999988,18.99999999999997,0,0
11.85,8.571428571428571,97.00235994212825,221,64,0,0,119.31999999999988,15.999999999999972,0,0
11.85,8.571428571428571,96.9996416137223,221,64,0,0,105.00999999999982,12.999999999999972,0,0
11.85,8.571428571428571,96.99624547362923,221,64,0,0,90.69999999999987,9.999999999999972,0,0
11.85,8.571428571428571,96.99112621498242,221,64,0,0,76.38999999999987,6.999999999999972,0,0
11.85,8.571428571428571,96.98110710887633,221,64,0,0,62.07999999999987,3.9999999999999716,0,0
11.85,8.571428571428571,96.97267028580512,221,64,0,0,47.76999999999987,0.9999999999999716,0,0
11.85,8.571428571428571,96.96668003501868,221,64,0,0,43,0.0,0,0
11.85,8.571428571428571,96.96880763903403,221,64,0,0,57.31,3.0,0,0
11.85,8.571428571428571,96.96816095045699,222,64,0,0,71.62,6.0,0,0
11.85,8.571428571428571,96.97190187421697,222,64,0,0,85.93,9.0,0,0
11.87,8.571428571428571,96.96919920774768,222,64,0,0,100.24000000000001,12.0,0,0
11.87,8.571428571428571,96.97462494111093,222,64,0,0,114.55000000000001,15.0,0,0
11.87,8.571428571428571,96.97369279514838,222,64,0,0,128.86,18.0,0,0
11.87,8.571428571428571,96.98020192735268,222,64,0,0,143.16999999999996,21.0,0,0
11.87,8.571428571428571,96.98536205989726,222,64,0,0,157.48000000000002,24.0,0,0
11.87,8.571428571428571,96.9895930676677,222,64,0,0,171.79000000000002,27.0,0,0
11.87,8.571428571428571,96.98933488927581,222,64,0,0,186.10000000000002,30.0,0,0
11.87,8.571428571428571,96.98940283697632,222,64,0,0,200.40999999999997,33.0,0,0
11.88,8.571428571428571,96.9947476245083,222,64,0,0,214.71999999999997,36.0,0,0
11.88,8.571428571428571,96.99894723247043,222,64,0,0,229.03000000000003,39.0,0,0
11.88,8.571428571428571,97.00515710063176,222,64,0,0,243.34000000000003,42.00000000000001,0,0
11.88,8.571428571428571,97.00959779388549,222,64,0,0,257.65000000000003,45.00000000000001,0,0
11.88,8.571428571428571,97.0106202877783,222,64,0,0,271.96000000000004,48.00000000000001,0,0
11.88,8.571428571428571,97.02131033822869,222,64,0,0,286.27000000000004,51.00000000000001,0,0
11.88,8.571428571428571,97.03338608466032,222,64,0,0,300.58000000000004,54.00000000000001,0,0
11.88,8.571428571428571,97.04944698975149,222,64,0,0,314.89000000000004,57.000000000000014,0,0
11.88,8.571428571428571,97.0544776511678,222,64,0,0,329.20000000000005,60.00000000000001,0,0
11.90,8.571428571428571,97.0608539525385,222,64,0,0,343.51,63.0,0,0
11.90,8.571428571428571,97.07842718111979,223,64,0,0,357.82,66.0,0,0
11.90,8.571428571428571,97.09440509437462,223,64,0,0,372.13,69.0,0,0
11.90,8.571428571428571,97.09864734928202,223,64,0,0,386.44,72.0,0,0
11.90,8.571428571428571,97.11354289004466,223,64,0,0,400.75,75.0,0,0
11.90,8.571428571428571,97.12132152517695,223,64,0,0,415.06,78.0,0,0
11.90,8.571428571428571,97.12728450155949,224,64,0,0,429.37,81.0,0,0
11.92,8.571428571428571,97.13657721461182,224,64,0,0,443.68,84.0,0,0
11.92,8.571428571428571,97.14511408813176,224,64,0,0,457.99,87.0,0,0
11.92,8.571428571428571,97.15992048413847,224,64,0,0,472.3,90.0,0,0
11.92,8.571428571428571,97.1717497662866,224,64,0,0,486.61,93.0,0,0
11.92,8.571428571428571,97.1831477494614,224,64,0,0,500.92,96.0,0,0
11.92,8.571428571428571,97.19483255563742,225,64,0,0,515.23,99.0,0,0
11.92,7.5,97.21102907497185,225,64,0,0,520,100.0,0,0
11.92,7.5,97.20422480335453,225,64,0,0,505.69,97.0,0,0
11.92,7.5,97.1986211953489,225,64,0,0,491.38,94.0,0,0
11.93,7.5,97.19710152771064,225,64,0,0,477.07,91.0,0,0
11.93,7.5,97.19312970859862,225,64,0,0,462.76,88.0,0,0
11.93,7.5,97.19249339360492,225,64,0,0,448.45,85.0,0,0
11.93,7.5,97.18944059704911,225,64,0,0,434.14,82.0,0,0
11.93,7.5,97.18429672159041,225,64,0,0,419.83,79.0,0,0
11.93,7.5,97.17429468686609,225,64,0,0,405.52,76.0,0,0
11.93,7.5,97.1704819885644,225,64,0,0,391.21,73.0,0,0
11.93,7.5,97.16982757664456,225,64,0,0,376.9,70.0,0,0
11.93,7.5,97.16593855560436,225,64,0,0,362.59000000000003,67.0,0,0
11.95,7.5,97.16157167789834,225,64,0,0,348.28,63.99999999999999,0,0
11.95,7.5,97.15585873474868,225,64,0,0,333.96999999999997,60.99999999999999,0,0
11.95,7.5,97.14711374834152,225,64,0,0,319.65999999999997,57.99999999999999,0,0
11.95,7.5,97.1354150431834,225,64,0,0,305.34999999999997,54.99999999999999,0,0
11.95,7.5,97.1289385637172,226,64,0,0,291.03999999999996,51.99999999999999,0,0
11.95,7.5,97.1212998639554,226,64,0,0,276.7299999999999,48.99999999999998,0,0
11.95,7.5,97.11106107939682,226,64,0,0,262.4199999999999,45.99999999999997,0,0
11.95,7.5,97.10595554630153,226,64,0,0,248.10999999999984,42.99999999999997,0,0
11.95,7.5,97.09986322207602,226,64,0,0,233.79999999999984,39.99999999999997,0,0
11.95,7.5,97.0976126962078,226,64,0,0,219.48999999999984,36.999999999999964,0,0
11.97,7.5,97.09236581619723,226,64,0,0,205.1799999999999,33.99999999999997,0,0
11.97,7.5,97.08663171883536,226,64,0,0,190.8699999999999,30.99999999999997,0,0
11.97,7.5,97.07341410644945,226,64,0,0,176.55999999999983,27.99999999999997,0,0
11.97,7.5,97.06223277399829,226,64,0,0,162.24999999999983,24.99999999999997,0,0
11.97,7.5,97.05315241383482,226,64,0,0,147.93999999999988,21.99999999999997,0,0
11.97,7.5,97.05091700859506,226,64,0,0,133.62999999999988,18.99999999999997,0,0
11.97,7.5,97.05004981228707,226,64,0,0,119.31999999999988,15.999999999999972,0,0
11.97,7.5,97.04763253492267,226,64,0,0,105.00999999999982,12.999999999999972,0,0
11.97,7.5,97.04136470545286,226,64,0,0,90.69999999999987,9.999999999999972,0,0
11.98,7.5,97.03539832318748,226,64,0,0,76.38999999999987,6.999999999999972,0,0
11.98,7.5,97.02862593874947,226,64,0,0,62.07999999999987,3.9999999999999716,0,0
11.98,7.5,97.0243631912753,226,64,0,0,47.76999999999987,0.9999999999999716,0,0
11.98,7.5,97.0194431961141,226,64,0,0,43,0.0,0,0
11.98,7.5,97.01808254106986,226,64,0,0,57.31,3.0,0,0
11.98,7.5,97.01904635458712,226,64,0,0,71.62,6.0,0,0
12.00,7.5,97.02337460876456,226,64,0,0,85.93,9.0,0,0
12.00,7.5,97.03112965983644,226,64,0,0,100.24000000000001,12.0,0,0
12.00,7.5,97.03774409245007,226,64,0,0,114.55000000000001,15.0,0,0
12.00,7.5,97.03530641269614,226,64,0,0,128.86,18.0,0,0
12.00,7.5,97.03445783590186,226,64,0,0,143.16999999999996,21.0,0,0
12.00,7.5,97.040109902251,226,64,0,0,157.48000000000002,24.0,0,0
12.02,7.5,97.04380447902918,226,64,0,0,171.79000000000002,27.0,0,0
12.02,7.5,97.04318179518667,226,64,0,0,186.10000000000002,30.0,0,0
12.02,7.5,97.0439196043106,226,64,0,0,200.40999999999997,33.0,0,0
12.02,7.5,97.04565053030085,226,64,0,0,214.71999999999997,36.0,0,0
12.02,7.5,97.04521776997869,226,64,0,0,229.03000000000003,39.0,0,0
12.02,7.5,97.05198014513714,226,64,0,0,243.34000000000003,42.00000000000001,0,0
12.02,7.5,97.05453875913017,226,64,0,0,257.65000000000003,45.00000000000001,0,0
12.02,7.5,97.05552607633406,226,64,0,0,271.96000000000004,48.00000000000001,0,0
12.02,7.5,97.0678910019745,226,64,0,0,286.27000000000004,51.00000000000001,0,0
12.02,7.5,97.07699198223293,226,64,0,0,300.58000000000004,54.00000000000001,0,0
12.03,7.5,97.08691687588498,226,64,0,0,314.89000000000004,57.000000000000014,0,0
12.03,7.5,97.09212019470579,226,64,0,0,329.20000000000005,60.00000000000001,0,0
12.03,7.5,97.10132608960798,226,64,0,0,343.51,63.0,0,0
12.03,7.5,97.10544986043149,226,64,0,0,357.82,66.0,0,0
12.03,7.5,97.1152810432083,226,64,0,0,372.13,69.0,0,0
12.03,7.5,97.12528578149448,226,64,0,0,386.44,72.0,0,0
12.03,7.5,97.14010717150133,226,64,0,0,400.75,75.0,0,0
12.03,7.5,97.14715823687885,226,64,0,0,415.06,78.0,0,0
12.03,7.5,97.1571058178084,226,64,0,0,429.37,81.0,0,0
12.05,7.5,97.16623487146221,227,64,0,0,443.68,84.0,0,0
12.05,7.5,97.17679601162956,227,64,0,0,457.99,87.0,0,0
12.05,7.5,97.19186575763098,227,64,0,0,472.3,90.0,0,0
12.05,7.5,97.20725980669755,227,64,0,0,486.61,93.0,0,0
12.05,7.5,97.21564758269918,227,64,0,0,500.92,96.0,0,0
12.05,7.5,97.22019423182387,227,64,0,0,515.23,99.0,0,0
12.05,7.5,97.23391356175085,227,64,0,0,520,100.0,0,0
12.05,7.5,97.22837864094593,227,64,0,0,505.69,97.0,0,0
12.07,7.5,97.22090076189669,227,64,0,0,491.38,94.0,0,0
12.07,7.5,97.21492367532028,227,64,0,0,477.07,91.0,0,0
12.07,7.5,97.2074203109062,227,64,0,0,462.76,88.0,0,0
12.07,7.5,97.20088098085955,227,64,0,0,448.45,85.0,0,0
12.07,7.5,97.1979454301162,227,64,0,0,434.14,82.0,0,0
12.07,7.5,97.18885641037745,227,64,0,0,419.83,79.0,0,0
12.07,7.5,97.18219084948986,227,64,0,0,405.52,76.0,0,0
12.07,7.5,97.17506712641824,227,64,0,0,391.21,73.0,0,0
12.08,7.5,97.16785927495961,227,64,0,0,376.9,70.0,0,0
12.08,7.5,97.1577149345555,227,64,0,0,362.59000000000003,67.0,0,0
12.08,7.5,97.15704696780189,227,64,0,0,348.28,63.99999999999999,0,0
12.08,7.5,97.14496007234081,227,64,0,0,333.96999999999997,60.99999999999999,0,0
12.08,7.5,97.13465424508843,227,64,0,0,319.65999999999997,57.99999999999999,0,0
12.08,7.5,97.12218829064108,227,64,0,0,305.34999999999997,54.99999999999999,0,0
12.08,7.5,97.119317519098,227,64,0,0,291.03999999999996,51.99999999999999,0,0
12.08,7.5,97.10713702953618,227,64,0,0,276.7299999999999,48.99999999999998,0,0
12.08,7.5,97.09944345846546,227,64,0,0,262.4199999999999,45.99999999999997,0,0
12.10,7.5,97.09489838417616,227,64,0,0,248.10999999999984,42.99999999999997,0,0
12.10,7.5,97.08794421608138,227,64,0,0,233.79999999999984,39.99999999999997,0,0
12.10,7.5,97.07877600349877,227,64,0,0,219.48999999999984,36.999999999999964,0,0
12.10,7.5,97.06942787161657,227,64,0,0,205.1799999999999,33.99999999999997,0,0
12.10,7.5,97.06262389432452,227,64,0,0,190.8699999999999,30.99999999999997,0,0
12.10,7.5,97.05666951827227,227,64,0,0,176.55999999999983,27.99999999999997,0,0
12.10,7.5,97.05312213441586,227,64,0,0,162.24999999999983,24.99999999999997,0,0
12.10,7.5,97.04071678093058,227,64,0,0,147.93999999999988,21.99999999999997,0,0
12.10,7.5,97.03899113471229,227,64,0,0,133.62999999999988,18.99999999999997,0,0
12.10,7.5,97.03388829549905,227,64,0,0,119.31999999999988,15.999999999999972,0,0
12.12,7.5,97.02470655253565,227,64,0,0,105.00999999999982,12.999999999999972,0,0
12.12,7.5,97.01974655229282,227,64,0,0,90.69999999999987,9.999999999999972,0,0
12.12,7.5,97.01785019161355,227,64,0,0,76.38999999999987,6.999999999999972,0,0
12.12,7.5,97.01112594441948,227,64,0,0,62.07999999999987,3.9999999999999716,0,0
12.12,7.5,97.00438457118177,228,64,0,0,47.76999999999987,0.9999999999999716,0,0
12.12,7.5,96.99737061566782,228,64,0,0,43,0.0,0,0
12.12,7.5,97.00117520746909,228,64,0,0,57.31,3.0,0,0
12.12,7.5,97.00710342349971,228,64,0,0,71.62,6.0,0,0
12.13,7.5,97.00599604031952,228,64,0,0,85.93,9.0,0,0
12.13,7.5,97.00925370824655,228,64,0,0,100.24000000000001,12.0,0,0
12.13,7.5,97.01270639912126,228,64,0,0,114.55000000000001,15.0,0,0
12.13,7.5,97.01521059263303,228,64,0,0,128.86,18.0,0,0
12.13,7.5,97.01941149288237,228,64,0,0,143.16999999999996,21.0,0,0
12.13,7.5,97.01656186741106,228,64,0,0,157.48000000000002,24.0,0,0
12.13,7.5,97.01419900914976,228,64,0,0,171.79000000000002,27.0,0,0
12.13,7.5,97.01741851700542,228,64,0,0,186.10000000000002,30.0,0,0
12.13,7.5,97.02118087045562,228,64,0,0,200.40999999999997,33.0,0,0
12.13,7.5,97.02252873388058,228,64,0,0,214.71999999999997,36.0,0,0
12.15,7.5,97.0257370684145,228,64,0,0,229.03000000000003,39.0,0,0
12.15,7.5,97.03371403754261,228,64,0,0,243.34000000000003,42.00000000000001,0,0
12.15,7.5,97.03665583187168,228,64,0,0,257.65000000000003,45.00000000000001,0,0
12.15,7.5,97.04278167739245,228,64,0,0,271.96000000000004,48.00000000000001,0,0
12.15,7.5,97.05949795670703,228,64,0,0,286.27000000000004,51.00000000000001,0,0
12.15,7.5,97.07420016122816,228,64,0,0,300.58000000000004,54.00000000000001,0,0
12.15,7.5,97.08182206083504,228,64,0,0,314.89000000000004,57.000000000000014,0,0
12.15,7.5,97.0876559805486,228,64,0,0,329.20000000000005,60.00000000000001,0,0
12.15,7.5,97.09551092583233,228,64,0,0,343.51,63.0,0,0
12.17,7.5,97.10177569023168,228,64,0,0,357.82,66.0,0,0
12.17,7.5,97.1057750570847,228,64,0,0,372.13,69.0,0,0
12.17,7.5,97.11969471324879,228,64,0,0,386.44,72.0,0,0
12.17,7.5,97.13527937493768,228,64,0,0,400.75,75.0,0,0
12.17,7.5,97.14771987237086,228,64,0,0,415.06,78.0,0,0
12.17,7.5,97.16572661104261,228,64,0,0,429.37,81.0,0,0
12.18,7.5,97.17156269322273,228,64,0,0,443.68,84.0,0,0
12.18,7.5,97.17752061355436,228,64,0,0,457.99,87.0,0,0
12.18,7.5,97.18084734000875,228,64,0,0,472.3,90.0,0,0
12.18,7.5,97.18957859138766,228,64,0,0,486.61,93.0,0,0
12.18,7.5,97.19698048927974,228,64,0,0,500.92,96.0,0,0
12.20,7.5,97.20514225218547,228,64,0,0,515.23,99.0,0,0
12.20,7.5,97.22182044306122,228,64,0,0,520,100.0,0,0
12.20,7.5,97.21271532146173,228,64,0,0,505.69,97.0,0,0
12.20,7.5,97.20799800500252,228,64,0,0,491.38,94.0,0,0
12.20,7.5,97.19922080815526,228,64,0,0,477.07,91.0,0,0
12.22,7.5,97.18876242093715,228,64,0,0,462.76,88.0,0,0
12.22,7.5,97.18254270871714,228,64,0,0,448.45,85.0,0,0
12.25,7.5,97.17472810709191,228,64,0,0,434.14,82.0,0,0
12.27,7.5,97.1639275696838,228,64,0,0,419.83,79.0,0,0
12.27,7.5,97.15096029656682,228,64,0,0,405.52,76.0,0,0
12.27,7.5,97.14829528670403,228,64,0,0,391.21,73.0,0,0
12.27,7.5,97.14674871988396,228,64,0,0,376.9,70.0,0,0
12.27,7.5,97.14130671848068,228,64,0,0,362.59000000000003,67.0,0,0
12.27,7.5,97.13546532261272,228,64,0,0,348.28,63.99999999999999,0,0
12.27,7.5,97.1304962296107,228,64,0,0,333.96999999999997,60.99999999999999,0,0
12.27,7.5,97.12068395297948,228,64,0,0,319.65999999999997,57.99999999999999,0,0
12.28,7.5,97.11851859388447,228,64,0,0,305.34999999999997,54.99999999999999,0,0
12.28,7.5,97.11560622486313,228,64,0,0,291.03999999999996,51.99999999999999,0,0
12.28,7.5,97.11001000969944,228,64,0,0,276.7299999999999,48.99999999999998,0,0
12.28,7.5,97.1046279804036,228,64,0,0,262.4199999999999,45.99999999999997,0,0
12.28,7.5,97.09914388594855,228,64,0,0,248.10999999999984,42.99999999999997,0,0
12.28,7.5,97.09616272016872,228,64,0,0,233.79999999999984,39.99999999999997,0,0
12.28,7.5,97.08763034390606,228,64,0,0,219.48999999999984,36.999999999999964,0,0
12.28,7.5,97.0813384922755,228,64,0,0,205.1799999999999,33.99999999999997,0,0
12.28,7.5,97.07758014085705,228,64,0,0,190.8699999999999,30.99999999999997,0,0
12.30,7.5,97.07104477714903,228,64,0,0,176.55999999999983,27.99999999999997,0,0
12.30,7.5,97.06271740808441,228,64,0,0,162.24999999999983,24.99999999999997,0,0
12.30,7.5,97.05457117543664,228,64,0,0,147.93999999999988,21.99999999999997,0,0
12.30,7.5,97.04649649572399,228,64,0,0,133.62999999999988,18.99999999999997,0,0
12.30,7.5,97.03910028135422,228,64,0,0,119.31999999999988,15.999999999999972,0,0
12.30,7.5,97.03659774618959,228,64,0,0,105.00999999999982,12.999999999999972,0,0
12.30,7.5,97.03085199302978,228,64,0,0,90.69999999999987,9.999999999999972,0,0
12.30,7.5,97.02364984152125,228,64,0,0,76.38999999999987,6.999999999999972,0,0
12.30,7.5,97.0182301885,228,64,0,0,62.07999999999987,3.9999999999999716,0,0
12.30,7.5,97.01528669221794,228,64,0,0,47.76999999999987,0.9999999999999716,0,0
12.32,7.5,97.00912290039821,228,64,0,0,43,0.0,0,0
12.32,7.5,97.01565764153183,228,64,0,0,57.31,3.0,0,0
12.32,7.5,97.0219139216465,228,64,0,0,71.62,6.0,0,0
12.32,7.5,97.0220974947237,228,64,0,0,85.93,9.0,0,0
12.32,7.5,97.02165448602666,228,64,0,0,100.24000000000001,12.0,0,0
12.32,7.5,97.02027799347023,228,64,0,0,114.55000000000001,15.0,0,0
12.32,7.5,97.02696669120198,228,64,0,0,128.86,18.0,0,0
12.32,7.5,97.03659998482198,228,64,0,0,143.16999999999996,21.0,0,0
12.33,7.5,97.04090584641855,228,64,0,0,157.48000000000002,24.0,0,0
12.33,7.5,97.04130161713601,228,64,0,0,171.79000000000002,27.0,0,0
12.33,7.5,97.04723313479735,228,64,0,0,186.10000000000002,30.0,0,0
12.33,7.5,97.05038208056504,228,64,0,0,200.40999999999997,33.0,0,0
12.33,7.5,97.04666944488945,228,64,0,0,214.71999999999997,36.0,0,0
12.33,7.5,97.0488872888113,228,64,0,0,229.03000000000003,39.0,0,0
12.33,7.5,97.05350504461097,228,64,0,0,243.34000000000003,42.00000000000001,0,0
12.33,7.5,97.05953889746421,228,64,0,0,257.65000000000003,45.00000000000001,0,0
12.35,7.5,97.05777940458728,228,64,0,0,271.96000000000004,48.00000000000001,0,0
12.35,7.5,97.06959356428835,228,64,0,0,286.27000000000004,51.00000000000001,0,0
12.35,7.5,97.08591678352643,228,64,0,0,300.58000000000004,54.00000000000001,0,0
12.35,7.5,97.10167702915123,228,64,0,0,314.89000000000004,57.000000000000014,0,0
12.35,7.5,97.11270949529852,228,64,0,0,329.20000000000005,60.00000000000001,0,0
12.35,7.5,97.12147388452915,228,64,0,0,343.51,63.0,0,0
12.35,7.5,97.12554437796146,228,64,0,0,357.82,66.0,0,0
12.37,7.5,97.13879671192606,228,64,0,0,372.13,69.0,0,0
12.37,7.5,97.1461188975799,228,64,0,0,386.44,72.0,0,0
12.37,7.5,97.15912493145662,228,64,0,0,400.75,75.0,0,0
12.37,7.5,97.16983654059834,228,64,0,0,415.06,78.0,0,0
12.37,7.5,97.1783683984226,228,64,0,0,429.37,81.0,0,0
12.37,7.5,97.18887967097152,228,64,0,0,443.68,84.0,0,0
12.37,7.5,97.19219526224948,228,64,0,0,457.99,87.0,0,0
12.38,7.5,97.2015105724159,228,64,0,0,472.3,90.0,0,0
12.38,7.5,97.211712545946,228,64,0,0,486.61,93.0,0,0
12.38,7.5,97.21819142499447,228,64,0,0,500.92,96.0,0,0
12.38,7.5,97.23415978698151,228,64,0,0,515.23,99.0,0,0
12.38,5.0,97.24103616155818,228,64,0,0,520,100.0,0,0
12.38,5.0,97.23719860396874,228,64,0,0,505.69,97.0,0,0
12.40,5.0,97.23149647766368,228,64,0,0,491.38,94.0,0,0
12.40,5.0,97.22707155711043,228,64,0,0,477.07,91.0,0,0
12.40,5.0,97.21919984432259,228,64,0,0,462.76,88.0,0,0
12.40,5.0,97.2113668054716,228,64,0,0,448.45,85.0,0,0
12.40,5.0,97.20393363859456,228,64,0,0,434.14,82.0,0,0
12.40,5.0,97.20060086415627,228,64,0,0,419.83,79.0,0,0
12.40,5.0,97.19321822240653,228,64,0,0,405.52,76.0,0,0
12.40,5.0,97.19213952688564,228,64,0,0,391.21,73.0,0,0
12.40,5.0,97.18471898649229,228,64,0,0,376.9,70.0,0,0
12.42,5.0,97.17617413416346,228,65,0,0,362.59000000000003,67.0,0,0
12.42,5.0,97.16795767995421,228,65,0,0,348.28,63.99999999999999,0,0
12.42,5.0,97.16411915411219,228,65,0,0,333.96999999999997,60.99999999999999,0,0
12.42,5.0,97.15527596363134,228,65,0,0,319.65999999999997,57.99999999999999,0,0
12.42,5.0,97.14838151116612,228,65,0,0,305.34999999999997,54.99999999999999,0,0
12.42,5.0,97.14423730965247,228,65,0,0,291.03999999999996,51.99999999999999,0,0
12.42,5.0,97.13774517986639,228,65,0,0,276.7299999999999,48.99999999999998,0,0
12.42,5.0,97.13064047747896,228,65,0,0,262.4199999999999,45.99999999999997,0,0
12.42,5.0,97.12361517253747,228,65,0,0,248.10999999999984,42.99999999999997,0,0
12.43,5.0,97.11614853992647,228,65,0,0,233.79999999999984,39.99999999999997,0,0
12.43,5.0,97.10815758795539,228,65,0,0,219.48999999999984,36.999999999999964,0,0
12.43,5.0,97.10336144402147,228,65,0,0,205.1799999999999,33.99999999999997,0,0
12.45,5.0,97.10123819535137,228,65,0,0,190.8699999999999,30.99999999999997,0,0
12.45,5.0,97.09015083947885,228,65,0,0,176.55999999999983,27.99999999999997,0,0
12.45,5.0,97.08440032695323,228,65,0,0,162.24999999999983,24.99999999999997,0,0
12.45,5.0,97.07836731574072,229,65,0,0,147.93999999999988,21.99999999999997,0,0
12.45,5.0,97.07044170325885,229,65,0,0,133.62999999999988,18.99999999999997,0,0
12.47,5.0,97.06542079706468,229,66,0,0,119.31999999999988,15.999999999999972,0,0
12.47,5.0,97.05878601172044,229,66,0,0,105.00999999999982,12.999999999999972,0,0
12.47,5.0,97.04985222386469,229,66,0,0,90.69999999999987,9.999999999999972,0,0
12.47,5.0,97.04070519715083,229,66,0,0,76.38999999999987,6.999999999999972,0,0
12.47,5.0,97.03273153474021,229,66,0,0,62.07999999999987,3.9999999999999716,0,0
12.48,5.0,97.02709969336406,229,66,0,0,47.76999999999987,0.9999999999999716,0,0
12.48,5.0,97.01843241866102,229,66,0,0,43,0.0,0,0
12.48,5.0,97.02848713430436,229,66,0,0,57.31,3.0,0,0
12.48,5.0,97.02917502301453,229,66,0,0,71.62,6.0,0,0
12.48,5.0,97.02894869032045,229,66,0,0,85.93,9.0,0,0
12.48,5.0,97.0346794238403,229,66,0,0,100.24000000000001,12.0,0,0
12.48,5.0,97.03511577514371,229,66,0,0,114.55000000000001,15.0,0,0
12.48,5.0,97.04005254109244,229,66,0,0,128.86,18.0,0,0
12.48,5.0,97.03612589357579,229,66,0,0,143.16999999999996,21.0,0,0
12.50,5.0,97.04238325489607,229,66,0,0,157.48000000000002,24.0,0,0
12.50,5.0,97.04154960733861,229,66,0,0,171.79000000000002,27.0,0,0
12.50,5.0,97.04147301600628,229,66,0,0,186.10000000000002,30.0,0,0
12.50,5.0,97.04297402716838,229,66,0,0,200.40999999999997,33.0,0,0
12.50,5.0,97.04670465762537,229,66,0,0,214.71999999999997,36.0,0,0
12.50,5.0,97.05071319912831,229,66,0,0,229.03000000000003,39.0,0,0
12.50,5.0,97.05698229409313,229,66,0,0,243.34000000000003,42.00000000000001,0,0
12.52,5.0,97.06539082849638,229,66,0,0,257.65000000000003,45.00000000000001,0,0
12.52,5.0,97.06105187670397,229,66,0,0,271.96000000000004,48.00000000000001,0,0
12.52,5.0,97.07909312409889,229,66,0,0,286.27000000000004,51.00000000000001,0,0
12.52,5.0,97.09193527190888,229,66,0,0,300.58000000000004,54.00000000000001,0,0
12.53,5.0,97.10545837946408,229,66,0,0,314.89000000000004,57.000000000000014,0,0
12.53,5.0,97.11527246423675,229,66,0,0,329.20000000000005,60.00000000000001,0,0
12.53,5.0,97.12424019464063,229,66,0,0,343.51,63.0,0,0
12.53,5.0,97.12763447469995,229,66,0,0,357.82,66.0,0,0
12.53,5.0,97.13583161725516,229,66,0,0,372.13,69.0,0,0
12.53,5.0,97.14432586178029,229,66,0,0,386.44,72.0,0,0
12.53,5.0,97.15299611256106,229,66,0,0,400.75,75.0,0,0
12.55,5.0,97.16793581498095,229,66,0,0,415.06,78.0,0,0
12.55,5.0,97.17783555409491,229,66,0,0,429.37,81.0,0,0
12.55,5.0,97.18709465196815,229,66,0,0,443.68,84.0,0,0
12.55,5.0,97.19539017971698,229,66,0,0,457.99,87.0,0,0
12.55,5.0,97.20610305207866,229,66,0,0,472.3,90.0,0,0
12.55,5.0,97.21463665993615,229,66,0,0,486.61,93.0,0,0
12.57,5.0,97.22808990996849,229,66,0,0,500.92,96.0,0,0
12.57,5.0,97.238893108019,229,66,0,0,515.23,99.0,0,0
12.57,6.0,97.25587947676651,229,66,0,0,520,100.0,0,0
12.57,6.0,97.25159913424059,229,66,0,0,505.69,97.0,0,0
12.57,6.0,97.25087523369143,229,66,0,0,491.38,94.0,0,0
12.57,6.0,97.24631793540777,229,66,0,0,477.07,91.0,0,0
12.57,6.0,97.24146259615641,229,66,0,0,462.76,88.0,0,0
12.57,6.0,97.23696416555846,229,66,0,0,448.45,85.0,0,0
12.57,6.0,97.22954127733483,230,66,0,0,434.14,82.0,0,0
12.58,6.0,97.22154363287247,230,66,0,0,419.83,79.0,0,0
12.58,6.0,97.21365650048946,230,66,0,0,405.52,76.0,0,0
12.58,6.0,97.20233323993939,230,66,0,0,391.21,73.0,0,0
12.58,6.0,97.19910532718211,230,66,0,0,376.9,70.0,0,0
12.58,6.0,97.1874373439703,230,66,0,0,362.59000000000003,67.0,0,0
12.60,6.0,97.17895244259233,230,66,0,0,348.28,63.99999999999999,0,0
12.60,6.0,97.17308194722408,230,66,0,0,333.96999999999997,60.99999999999999,0,0
12.62,6.0,97.16488115579244,230,66,0,0,319.65999999999997,57.99999999999999,0,0
12.62,6.0,97.15928885525678,230,66,0,0,305.34999999999997,54.99999999999999,0,0
12.62,6.0,97.15188464474038,230,66,0,0,291.03999999999996,51.99999999999999,0,0
12.62,6.0,97.14698217914851,230,66,0,0,276.7299999999999,48.99999999999998,0,0
12.62,6.0,97.13968498804014,230,66,0,0,262.4199999999999,45.99999999999997,0,0
12.62,6.0,97.13330653410837,231,66,0,0,248.10999999999984,42.99999999999997,0,0
12.62,6.0,97.13125859115765,231,66,0,0,233.79999999999984,39.99999999999997,0,0
12.63,6.0,97.1201710210516,231,66,0,0,219.48999999999984,36.999999999999964,0,0
12.63,6.0,97.11461701074248,231,66,0,0,205.1799999999999,33.99999999999997,0,0
12.63,6.0,97.10673786770255,231,66,0,0,190.8699999999999,30.99999999999997,0,0
12.63,6.0,97.1023271003122,231,66,0,0,176.55999999999983,27.99999999999997,0,0
12.63,6.0,97.1014139486227,231,66,0,0,162.24999999999983,24.99999999999997,0,0
12.63,6.0,97.0963262968686,231,66,0,0,147.93999999999988,21.99999999999997,0,0
12.65,6.0,97.09339164414344,231,66,0,0,133.62999999999988,18.99999999999997,0,0
12.65,6.0,97.08371056330769,231,66,0,0,119.31999999999988,15.999999999999972,0,0
12.65,6.0,97.07519558715907,231,66,0,0,105.00999999999982,12.999999999999972,0,0
12.67,6.0,97.07406828956049,231,66,0,0,90.69999999999987,9.999999999999972,0,0
12.67,6.0,97.06179841581242,231,66,0,0,76.38999999999987,6.999999999999972,0,0
12.67,6.0,97.05606917843444,231,66,0,0,62.07999999999987,3.9999999999999716,0,0
12.67,6.0,97.05419271948828,231,66,0,0,47.76999999999987,0.9999999999999716,0,0
12.67,6.0,97.04422922546952,231,66,0,0,43,0.0,0,0
12.67,6.0,97.04829784841499,231,66,0,0,57.31,3.0,0,0
12.68,6.0,97.04631951059704,231,66,0,0,71.62,6.0,0,0
12.68,6.0,97.04653588985619,231,66,0,0,85.93,9.0,0,0
12.68,6.0,97.04358394655571,231,66,0,0,100.24000000000001,12.0,0,0
12.68,6.0,97.04569980765014,231,66,0,0,114.55000000000001,15.0,0,0
12.68,6.0,97.04623286723518,231,66,0,0,128.86,18.0,0,0
12.68,6.0,97.04903747130442,231,66,0,0,143.16999999999996,21.0,0,0
12.70,6.0,97.05246815892662,231,66,0,0,157.48000000000002,24.0,0,0
12.70,6.0,97.05516409485472,231,66,0,0,171.79000000000002,27.0,0,0
12.70,6.0,97.06208843452737,232,66,0,0,186.10000000000002,30.0,0,0
12.70,6.0,97.06419967522297,232,66,0,0,200.40999999999997,33.0,0,0
12.70,6.0,97.06432857536346,232,66,0,0,214.71999999999997,36.0,0,0
12.70,6.0,97.0636701857437,232,66,0,0,229.03000000000003,39.0,0,0
12.70,6.0,97.06646704529948,232,66,0,0,243.34000000000003,42.00000000000001,0,0
12.70,6.0,97.06847921149625,232,66,0,0,257.65000000000003,45.00000000000001,0,0
12.72,6.0,97.06476921985198,232,66,0,0,271.96000000000004,48.00000000000001,0,0
12.72,6.0,97.06870295861926,232,66,0,0,286.27000000000004,51.00000000000001,0,0
12.72,6.0,97.07708100881688,232,66,0,0,300.58000000000004,54.00000000000001,0,0
12.72,6.0,97.08807542350446,232,66,0,0,314.89000000000004,57.000000000000014,0,0
12.72,6.0,97.08894228380443,232,66,0,0,329.20000000000005,60.00000000000001,0,0
12.72,6.0,97.09681350021393,233,66,0,0,343.51,63.0,0,0
12.72,6.0,97.10050645794014,233,66,0,0,357.82,66.0,0,0
12.72,6.0,97.1052178495459,233,66,0,0,372.13,69.0,0,0
12.72,6.0,97.12157510883407,233,66,0,0,386.44,72.0,0,0
12.73,6.0,97.1310748384337,233,66,0,0,400.75,75.0,0,0
12.73,6.0,97.13862928077789,233,66,0,0,415.06,78.0,0,0
12.73,6.0,97.14956819374854,233,66,0,0,429.37,81.0,0,0
12.73,6.0,97.15721716878194,233,66,0,0,443.68,84.0,0,0
12.73,6.0,97.15890339887606,233,66,0,0,457.99,87.0,0,0
12.73,6.0,97.16615273502582,233,66,0,0,472.3,90.0,0,0
12.73,6.0,97.1720365996666,233,66,0,0,486.61,93.0,0,0
12.73,6.0,97.18310080698555,233,66,0,0,500.92,96.0,0,0
12.73,6.0,97.18916238962505,234,66,0,0,515.23,99.0,0,0
12.73,5.454545454545454,97.2036459680203,234,66,0,0,520,100.0,0,0
12.75,5.454545454545454,97.19498523930324,234,66,0,0,505.69,97.0,0,0
12.75,5.454545454545454,97.19145719097769,234,66,0,0,491.38,94.0,0,0
12.75,5.454545454545454,97.18277621448033,234,66,0,0,477.07,91.0,0,0
12.75,5.454545454545454,97.17396825408979,234,66,0,0,462.76,88.0,0,0
12.75,5.454545454545454,97.16814124598696,234,66,0,0,448.45,85.0,0,0
12.75,5.454545454545454,97.15976054952091,234,66,0,0,434.14,82.0,0,0
12.75,5.454545454545454,97.14962081994553,234,66,0,0,419.83,79.0,0,0
12.77,5.454545454545454,97.14598005705328,234,66,0,0,405.52,76.0,0,0
12.77,5.454545454545454,97.13765606553305,234,66,0,0,391.21,73.0,0,0
12.77,5.454545454545454,97.12941590057363,234,66,0,0,376.9,70.0,0,0
12.77,5.454545454545454,97.12478848100716,234,66,0,0,362.59000000000003,67.0,0,0
12.77,5.454545454545454,97.12279614901473,234,66,0,0,348.28,63.99999999999999,0,0
12.77,5.454545454545454,97.12095992143075,234,66,0,0,333.96999999999997,60.99999999999999,0,0
12.77,5.454545454545454,97.11914161771153,234,66,0,0,319.65999999999997,57.99999999999999,0,0
12.77,5.454545454545454,97.11079060314307,234,66,0,0,305.34999999999997,54.99999999999999,0,0
12.78,5.454545454545454,97.10578208558655,234,66,0,0,291.03999999999996,51.99999999999999,0,0
12.78,5.454545454545454,97.09969644655166,234,66,0,0,276.7299999999999,48.99999999999998,0,0
12.78,5.454545454545454,97.09876795415421,234,67,0,0,262.4199999999999,45.99999999999997,0,0
12.78,5.454545454545454,97.09019486348305,234,67,0,0,248.10999999999984,42.99999999999997,0,0
12.80,5.454545454545454,97.08010339645479,235,67,0,0,233.79999999999984,39.99999999999997,0,0
12.80,5.454545454545454,97.07334850881116,235,67,0,0,219.48999999999984,36.999999999999964,0,0
12.80,5.454545454545454,97.06790807509412,235,67,0,0,205.1799999999999,33.99999999999997,0,0
12.80,5.454545454545454,97.06602901709667,235,67,0,0,190.8699999999999,30.99999999999997,0,0
12.80,5.454545454545454,97.05795095305562,235,67,0,0,176.55999999999983,27.99999999999997,0,0
12.80,5.454545454545454,97.05410419576847,235,67,0,0,162.24999999999983,24.99999999999997,0,0
12.80,5.454545454545454,97.04445024979961,235,67,0,0,147.93999999999988,21.99999999999997,0,0
12.80,5.454545454545454,97.04175409233297,235,67,0,0,133.62999999999988,18.99999999999997,0,0
12.80,5.454545454545454,97.0365525541328,235,67,0,0,119.31999999999988,15.999999999999972,0,0
12.80,5.454545454545454,97.03008256959117,235,67,0,0,105.00999999999982,12.999999999999972,0,0
12.82,5.454545454545454,97.0294667335864,235,67,0,0,90.69999999999987,9.999999999999972,0,0
12.82,5.454545454545454,97.02293796764889,235,67,0,0,76.38999999999987,6.999999999999972,0,0
12.82,5.454545454545454,97.01639830901038,235,67,0,0,62.07999999999987,3.9999999999999716,0,0
12.82,5.454545454545454,97.00945341346392,235,67,0,0,47.76999999999987,0.9999999999999716,0,0
12.82,5.454545454545454,97.00736588067957,235,67,0,0,43,0.0,0,0
12.82,5.454545454545454,97.01326529655316,235,67,0,0,57.31,3.0,0,0
12.82,5.454545454545454,97.01567749121291,235,67,0,0,71.62,6.0,0,0
12.82,5.454545454545454,97.01633531775302,235,67,0,0,85.93,9.0,0,0
12.82,5.454545454545454,97.01517386891948,235,67,0,0,100.24000000000001,12.0,0,0
12.82,5.454545454545454,97.0234673997464,235,67,0,0,114.55000000000001,15.0,0,0
12.83,5.454545454545454,97.0207493438651,235,67,0,0,128.86,18.0,0,0
12.83,5.454545454545454,97.02126162734113,235,67,0,0,143.16999999999996,21.0,0,0
12.83,5.454545454545454,97.02610021707807,235,67,0,0,157.48000000000002,24.0,0,0
12.83,5.454545454545454,97.03194260509329,235,67,0,0,171.79000000000002,27.0,0,0
12.83,5.454545454545454,97.03519122607348,235,67,0,0,186.10000000000002,30.0,0,0
12.83,5.454545454545454,97.04056000338221,236,67,0,0,200.40999999999997,33.0,0,0
12.83,5.454545454545454,97.03846808962953,236,67,0,0,214.71999999999997,36.0,0,0
12.83,5.454545454545454,97.04346499104854,236,67,0,0,229.03000000000003,39.0,0,0
12.83,5.454545454545454,97.04199490912839,236,67,0,0,243.34000000000003,42.00000000000001,0,0
12.83,5.454545454545454,97.04335710897617,236,67,0,0,257.65000000000003,45.00000000000001,0,0
12.85,5.454545454545454,97.0415790413588,236,67,0,0,271.96000000000004,48.00000000000001,0,0
12.85,5.454545454545454,97.04807175455797,236,67,0,0,286.27000000000004,51.00000000000001,0,0
12.85,5.454545454545454,97.05858291837576,236,67,0,0,300.58000000000004,54.00000000000001,0,0
12.85,5.454545454545454,97.0665901438074,237,67,0,0,314.89000000000004,57.000000000000014,0,0
12.85,5.454545454545454,97.06782057025963,237,67,0,0,329.20000000000005,60.00000000000001,0,0
12.85,5.454545454545454,97.0740718633168,237,67,0,0,343.51,63.0,0,0
12.85,5.454545454545454,97.08275990383328,237,67,0,0,357.82,66.0,0,0
12.85,5.454545454545454,97.09360884397711,237,67,0,0,372.13,69.0,0,0
12.85,5.454545454545454,97.09811830556029,237,67,0,0,386.44,72.0,0,0
12.85,5.454545454545454,97.1120461310519,237,67,0,0,400.75,75.0,0,0
12.87,5.454545454545454,97.11708138234013,237,67,0,0,415.06,78.0,0,0
12.87,5.454545454545454,97.1218686388338,237,67,0,0,429.37,81.0,0,0
12.87,5.454545454545454,97.1295138452354,237,67,0,0,443.68,84.0,0,0
12.87,5.454545454545454,97.13741831801748,237,67,0,0,457.99,87.0,0,0
12.87,5.454545454545454,97.14559508901702,237,67,0,0,472.3,90.0,0,0
12.87,5.454545454545454,97.16171357887903,237,67,0,0,486.61,93.0,0,0
12.87,5.454545454545454,97.16838957802737,237,67,0,0,500.92,96.0,0,0
12.87,5.454545454545454,97.17287913690684,237,67,0,0,515.23,99.0,0,0
12.87,7.5,97.17763510338153,237,67,0,0,520,100.0,0,0
12.88,7.5,97.17327293886069,237,67,0,0,505.69,97.0,0,0
12.88,7.5,97.16842076813435,237,67,0,0,491.38,94.0,0,0
12.88,7.5,97.16468852668105,237,67,0,0,477.07,91.0,0,0
12.88,7.5,97.15875700926301,237,67,0,0,462.76,88.0,0,0
12.88,7.5,97.15389522580027,237,67,0,0,448.45,85.0,0,0
12.88,7.5,97.1519953037579,237,67,0,0,434.14,82.0,0,0
12.88,7.5,97.14532517574516,237,67,0,0,419.83,79.0,0,0
12.90,7.5,97.1365522983757,237,67,0,0,405.52,76.0,0,0
12.90,7.5,97.13384278691942,237,67,0,0,391.21,73.0,0,0
12.90,7.5,97.12746651787232,237,67,0,0,376.9,70.0,0,0
12.90,7.5,97.11956029453145,237,67,0,0,362.59000000000003,67.0,0,0
12.90,7.5,97.11442032269584,237,67,0,0,348.28,63.99999999999999,0,0
12.90,7.5,97.10576987358411,237,67,0,0,333.96999999999997,60.99999999999999,0,0
12.90,7.5,97.09836345187358,237,67,0,0,319.65999999999997,57.99999999999999,0,0
12.90,7.5,97.0900476897548,237,67,0,0,305.34999999999997,54.99999999999999,0,0
12.92,7.5,97.08643698790648,238,67,0,0,291.03999999999996,51.99999999999999,0,0
12.92,7.5,97.08396203393245,238,67,0,0,276.7299999999999,48.99999999999998,0,0
12.92,7.5,97.0795462845643,238,67,0,0,262.4199999999999,45.99999999999997,0,0
12.92,7.5,97.0686483794852,238,67,0,0,248.10999999999984,42.99999999999997,0,0
12.92,7.5,97.06682953895789,238,67,0,0,233.79999999999984,39.99999999999997,0,0
12.92,7.5,97.06192813110272,238,67,0,0,219.48999999999984,36.999999999999964,0,0
12.92,7.5,97.05265689351086,238,67,0,0,205.1799999999999,33.99999999999997,0,0
12.92,7.5,97.0476038610904,238,67,0,0,190.8699999999999,30.99999999999997,0,0
12.92,7.5,97.04507684515923,238,67,0,0,176.55999999999983,27.99999999999997,0,0
12.92,7.5,97.03943202671066,238,67,0,0,162.24999999999983,24.99999999999997,0,0
12.93,7.5,97.02886254969481,238,67,0,0,147.93999999999988,21.99999999999997,0,0
12.93,7.5,97.022739234534,238,67,0,0,133.62999999999988,18.99999999999997,0,0
12.93,7.5,97.0159983041614,238,67,0,0,119.31999999999988,15.999999999999972,0,0
12.93,7.5,97.00813033199236,238,67,0,0,105.00999999999982,12.999999999999972,0,0
12.93,7.5,97.00154982519656,238,67,0,0,90.69999999999987,9.999999999999972,0,0
12.93,7.5,96.99803024373652,238,67,0,0,76.38999999999987,6.999999999999972,0,0
12.93,7.5,96.99219163714102,238,67,0,0,62.07999999999987,3.9999999999999716,0,0
12.95,7.5,96.98424620922309,238,67,0,0,47.76999999999987,0.9999999999999716,0,0
12.95,7.5,96.98165801523257,238,67,0,0,43,0.0,0,0
12.95,7.5,96.98610700595808,238,67,0,0,57.31,3.0,0,0
12.95,7.5,96.99193622387503,238,67,0,0,71.62,6.0,0,0
12.95,7.5,96.98995963517002,238,67,0,0,85.93,9.0,0,0
12.95,7.5,96.98877095968007,238,67,0,0,100.24000000000001,12.0,0,0
12.95,7.5,96.9935038007868,238,67,0,0,114.55000000000001,15.0,0,0
12.95,7.5,96.99418826060094,238,67,0,0,128.86,18.0,0,0
12.95,7.5,96.99405259579338,238,67,0,0,143.16999999999996,21.0,0,0
12.95,7.5,96.99307620861619,238,67,0,0,157.48000000000002,24.0,0,0
12.97,7.5,97.00155365507823,238,67,0,0,171.79000000000002,27.0,0,0
12.97,7.5,97.0054148941093,238,67,0,0,186.10000000000002,30.0,0,0
12.98,7.5,97.00249255052738,238,67,0,0,200.40999999999997,33.0,0,0
12.98,7.5,96.99865847174097,238,67,0,0,214.71999999999997,36.0,0,0
12.98,7.5,96.99700844610382,238,67,0,0,229.03000000000003,39.0,0,0
12.98,7.5,97.00090850867188,238,67,0,0,243.34000000000003,42.00000000000001,0,0
13.00,7.5,97.00432522924258,238,67,0,0,257.65000000000003,45.00000000000001,0,0
13.00,7.5,97.0030638902705,238,67,0,0,271.96000000000004,48.00000000000001,0,0
13.00,7.5,97.01609674611029,238,67,0,0,286.27000000000004,51.00000000000001,0,0
13.02,7.5,97.02699934122428,238,67,0,0,300.58000000000004,54.00000000000001,0,0
13.02,7.5,97.03857260830434,238,67,0,0,314.89000000000004,57.000000000000014,0,0
13.02,7.5,97.04601211616256,238,67,0,0,329.20000000000005,60.00000000000001,0,0
13.02,7.5,97.05775315535674,238,67,0,0,343.51,63.0,0,0
13.02,7.5,97.06655464473165,238,67,0,0,357.82,66.0,0,0
13.02,7.5,97.07163734735212,238,67,0,0,372.13,69.0,0,0
13.02,7.5,97.08428300361115,238,67,0,0,386.44,72.0,0,0
13.02,7.5,97.0953541109165,238,67,0,0,400.75,75.0,0,0
13.02,7.5,97.10618984376316,238,67,0,0,415.06,78.0,0,0
13.03,7.5,97.10901365941912,238,67,0,0,429.37,81.0,0,0
13.03,7.5,97.11868330120123,238,67,0,0,443.68,84.0,0,0
13.03,7.5,97.13261618089545,238,67,0,0,457.99,87.0,0,0
13.03,7.5,97.13991395083129,238,67,0,0,472.3,90.0,0,0
13.05,7.5,97.15255788716425,238,67,0,0,486.61,93.0,0,0
13.05,7.5,97.15996208296505,238,67,0,0,500.92,96.0,0,0
13.05,7.5,97.16979189907045,238,67,0,0,515.23,99.0,0,0
13.05,5.454545454545454,97.18455124708201,238,67,0,0,520,100.0,0,0
13.05,5.454545454545454,97.1832400466086,238,67,0,0,505.69,97.0,0,0
13.07,5.454545454545454,97.17545625672612,238,67,0,0,491.38,94.0,0,0
13.07,5.454545454545454,97.16913082788271,238,67,0,0,477.07,91.0,0,0
13.07,5.454545454545454,97.16047142470713,238,67,0,0,462.76,88.0,0,0
13.07,5.454545454545454,97.15492084791504,238,67,0,0,448.45,85.0,0,0
13.07,5.454545454545454,97.14742477218013,238,67,0,0,434.14,82.0,0,0
13.07,5.454545454545454,97.1425639781382,238,67,0,0,419.83,79.0,0,0
13.07,5.454545454545454,97.13923624803611,238,67,0,0,405.52,76.0,0,0
13.07,5.454545454545454,97.1379109968379,238,67,0,0,391.21,73.0,0,0
13.08,5.454545454545454,97.13043003208612,238,67,0,0,376.9,70.0,0,0
13.08,5.454545454545454,97.12351028192295,238,67,0,0,362.59000000000003,67.0,0,0
13.08,5.454545454545454,97.11528030684208,238,67,0,0,348.28,63.99999999999999,0,0
13.08,5.454545454545454,97.11407637746039,238,67,0,0,333.96999999999997,60.99999999999999,0,0
13.08,5.454545454545454,97.10199959426635,238,67,0,0,319.65999999999997,57.99999999999999,0,0
13.08,5.454545454545454,97.09686759133918,238,67,0,0,305.34999999999997,54.99999999999999,0,0
13.10,5.454545454545454,97.09495572167019,238,67,0,0,291.03999999999996,51.99999999999999,0,0
13.10,5.454545454545454,97.0868942060804,238,67,0,0,276.7299999999999,48.99999999999998,0,0
13.10,5.454545454545454,97.08101893578328,238,67,0,0,262.4199999999999,45.99999999999997,0,0
13.10,5.454545454545454,97.07632231062695,238,67,0,0,248.10999999999984,42.99999999999997,0,0
13.10,5.454545454545454,97.07182705485235,238,67,0,0,233.79999999999984,39.99999999999997,0,0
13.10,5.454545454545454,97.06791353656565,238,67,0,0,219.48999999999984,36.999999999999964,0,0
13.10,5.454545454545454,97.06401774688504,238,67,0,0,205.1799999999999,33.99999999999997,0,0
13.10,5.454545454545454,97.05698571273656,238,67,0,0,190.8699999999999,30.99999999999997,0,0
13.10,5.454545454545454,97.05332528570074,238,67,0,0,176.55999999999983,27.99999999999997,0,0
13.10,5.454545454545454,97.05098023902976,238,67,0,0,162.24999999999983,24.99999999999997,0,0
13.12,5.454545454545454,97.04201793470561,238,67,0,0,147.93999999999988,21.99999999999997,0,0
13.12,5.454545454545454,97.03043514863158,238,67,0,0,133.62999999999988,18.99999999999997,0,0
13.12,5.454545454545454,97.02737469210173,238,67,0,0,119.31999999999988,15.999999999999972,0,0
13.12,5.454545454545454,97.01649276578758,238,67,0,0,105.00999999999982,12.999999999999972,0,0
13.12,5.454545454545454,97.01313335231984,238,67,0,0,90.69999999999987,9.999999999999972,0,0
13.12,5.454545454545454,97.00584654249775,238,67,0,0,76.38999999999987,6.999999999999972,0,0
13.13,5.454545454545454,96.99710558424255,238,67,0,0,62.07999999999987,3.9999999999999716,0,0
13.13,5.454545454545454,96.99643217905377,238,67,0,0,47.76999999999987,0.9999999999999716,0,0
13.13,5.454545454545454,96.99310101600308,238,67,0,0,43,0.0,0,0
13.13,5.454545454545454,96.98959542947935,238,67,0,0,57.31,3.0,0,0
13.13,5.454545454545454,96.99385350822592,238,67,0,0,71.62,6.0,0,0
13.13,5.454545454545454,96.99747055489021,238,67,0,0,85.93,9.0,0,0
13.13,5.454545454545454,97.00198022100038,238,67,0,0,100.24000000000001,12.0,0,0
13.13,5.454545454545454,97.00125323751197,238,67,0,0,114.55000000000001,15.0,0,0
13.13,5.454545454545454,97.00448564633633,238,67,0,0,128.86,18.0,0,0
13.15,5.454545454545454,97.01101702638702,239,67,0,0,143.16999999999996,21.0,0,0
13.15,5.454545454545454,97.01824713321646,239,67,0,0,157.48000000000002,24.0,0,0
13.15,5.454545454545454,97.01694640598697,239,67,0,0,171.79000000000002,27.0,0,0
13.15,5.454545454545454,97.01961154761322,239,67,0,0,186.10000000000002,30.0,0,0
13.15,5.454545454545454,97.02552097262745,239,67,0,0,200.40999999999997,33.0,0,0
13.17,5.454545454545454,97.03227056381145,239,67,0,0,214.71999999999997,36.0,0,0
13.17,5.454545454545454,97.03985399947487,239,67,0,0,229.03000000000003,39.0,0,0
13.17,5.454545454545454,97.04926935220429,239,67,0,0,243.34000000000003,42.00000000000001,0,0
13.17,5.454545454545454,97.0496474202626,239,67,0,0,257.65000000000003,45.00000000000001,0,0
13.17,5.454545454545454,97.05539743230668,239,67,0,0,271.96000000000004,48.00000000000001,0,0
13.17,5.454545454545454,97.06143710549031,239,67,0,0,286.27000000000004,51.00000000000001,0,0
13.17,5.454545454545454,97.07364896481101,239,67,0,0,300.58000000000004,54.00000000000001,0,0
13.17,5.454545454545454,97.07790151429744,239,67,0,0,314.89000000000004,57.000000000000014,0,0
13.17,5.454545454545454,97.09123438214505,239,67,0,0,329.20000000000005,60.00000000000001,0,0
13.18,5.454545454545454,97.09970687371083,239,67,0,0,343.51,63.0,0,0
13.18,5.454545454545454,97.11211715126295,239,67,0,0,357.82,66.0,0,0
13.18,5.454545454545454,97.12389050237421,239,67,0,0,372.13,69.0,0,0
13.18,5.454545454545454,97.13683219281714,239,67,0,0,386.44,72.0,0,0
13.18,5.454545454545454,97.15296591934646,239,67,0,0,400.75,75.0,0,0
13.18,5.454545454545454,97.16751371035757,239,67,0,0,415.06,78.0,0,0
13.20,5.454545454545454,97.17893044524764,239,67,0,0,429.37,81.0,0,0
13.20,5.454545454545454,97.18773653112432,239,67,0,0,443.68,84.0,0,0
13.20,5.454545454545454,97.19877375168075,239,67,0,0,457.99,87.0,0,0
13.20,5.454545454545454,97.20190079876818,239,67,0,0,472.3,90.0,0,0
13.20,5.454545454545454,97.21035230548497,239,67,0,0,486.61,93.0,0,0
13.20,5.454545454545454,97.22106086686637,239,67,0,0,500.92,96.0,0,0
13.20,5.454545454545454,97.22787321774318,239,67,0,0,515.23,99.0,0,0
13.22,6.0,97.238895976085,239,67,0,0,520,100.0,0,0
13.22,6.0,97.23171449770679,239,67,0,0,505.69,97.0,0,0
13.22,6.0,97.22289098261118,239,67,0,0,491.38,94.0,0,0
13.23,6.0,97.2185172153099,239,67,0,0,477.07,91.0,0,0
13.23,6.0,97.20735189708093,239,67,0,0,462.76,88.0,0,0
13.23,6.0,97.19799013827358,239,67,0,0,448.45,85.0,0,0
13.23,6.0,97.19420183491374,239,67,0,0,434.14,82.0,0,0
13.23,6.0,97.19034978644811,239,67,0,0,419.83,79.0,0,0
13.23,6.0,97.181408033668,239,67,0,0,405.52,76.0,0,0
13.23,6.0,97.17772937343108,239,67,0,0,391.21,73.0,0,0
13.23,6.0,97.17306233405408,239,67,0,0,376.9,70.0,0,0
13.23,6.0,97.16770297391407,239,67,0,0,362.59000000000003,67.0,0,0
13.23,6.0,97.16577393754703,239,67,0,0,348.28,63.99999999999999,0,0
13.25,6.0,97.16215893176377,239,67,0,0,333.96999999999997,60.99999999999999,0,0
13.25,6.0,97.15488556652551,239,67,0,0,319.65999999999997,57.99999999999999,0,0
13.25,6.0,97.14786759600119,239,67,0,0,305.34999999999997,54.99999999999999,0,0
13.25,6.0,97.14146367191123,239,67,0,0,291.03999999999996,51.99999999999999,0,0
13.25,6.0,97.13459146291783,239,67,0,0,276.7299999999999,48.99999999999998,0,0
13.25,6.0,97.12817907137482,239,67,0,0,262.4199999999999,45.99999999999997,0,0
13.27,6.0,97.12529915637164,239,67,0,0,248.10999999999984,42.99999999999997,0,0
13.27,6.0,97.12022987874398,239,67,0,0,233.79999999999984,39.99999999999997,0,0
13.27,6.0,97.11396016504709,239,67,0,0,219.48999999999984,36.999999999999964,0,0
13.27,6.0,97.1039895138202,239,67,0,0,205.1799999999999,33.99999999999997,0,0
13.27,6.0,97.0995940552667,239,68,0,0,190.8699999999999,30.99999999999997,0,0
13.27,6.0,97.0918008916395,239,68,0,0,176.55999999999983,27.99999999999997,0,0
13.27,6.0,97.08405997782661,239,68,0,0,162.24999999999983,24.99999999999997,0,0
13.27,6.0,97.08027084245394,239,68,0,0,147.93999999999988,21.99999999999997,0,0
13.27,6.0,97.07341149498825,239,68,0,0,133.62999999999988,18.99999999999997,0,0
13.28,6.0,97.06952656618317,239,68,0,0,119.31999999999988,15.999999999999972,0,0
13.28,6.0,97.06855158458048,239,68,0,0,105.00999999999982,12.999999999999972,0,0
13.28,6.0,97.06217168678103,239,68,0,0,90.69999999999987,9.999999999999972,0,0
13.28,6.0,97.05766653666245,239,68,0,0,76.38999999999987,6.999999999999972,0,0
13.28,6.0,97.05469737994062,239,68,0,0,62.07999999999987,3.9999999999999716,0,0
13.28,6.0,97.04657962913335,239,68,0,0,47.76999999999987,0.9999999999999716,0,0
13.28,6.0,97.04167074927024,239,68,0,0,43,0.0,0,0
13.28,6.0,97.04531262425654,239,68,0,0,57.31,3.0,0,0
13.28,6.0,97.05259390753834,239,68,0,0,71.62,6.0,0,0
13.28,6.0,97.0488906265822,239,68,0,0,85.93,9.0,0,0
13.30,6.0,97.0470710593393,239,68,0,0,100.24000000000001,12.0,0,0
13.30,6.0,97.04658281113774,239,68,0,0,114.55000000000001,15.0,0,0
13.30,6.0,97.04945690712093,239,68,0,0,128.86,18.0,0,0
13.30,6.0,97.0527494464232,239,68,0,0,143.16999999999996,21.0,0,0
13.30,6.0,97.05177698714633,239,68,0,0,157.48000000000002,24.0,0,0
13.30,6.0,97.05245474390843,239,68,0,0,171.79000000000002,27.0,0,0
13.30,6.0,97.04760362984857,239,68,0,0,186.10000000000002,30.0,0,0
13.30,6.0,97.0561306249074,239,68,0,0,200.40999999999997,33.0,0,0
13.30,6.0,97.0593549932593,239,68,0,0,214.71999999999997,36.0,0,0
13.30,6.0,97.05746796536503,239,68,0,0,229.03000000000003,39.0,0,0
13.32,6.0,97.05517504167909,239,68,0,0,243.34000000000003,42.00000000000001,0,0
13.32,6.0,97.0582359153369,239,68,0,0,257.65000000000003,45.00000000000001,0,0
13.32,6.0,97.05975229173809,239,68,0,0,271.96000000000004,48.00000000000001,0,0
13.32,6.0,97.06938966991277,239,68,0,0,286.27000000000004,51.00000000000001,0,0
13.32,6.0,97.07898204299812,239,68,0,0,300.58000000000004,54.00000000000001,0,0
13.32,6.0,97.0832735879671,239,68,0,0,314.89000000000004,57.000000000000014,0,0
13.32,6.0,97.09648775074774,239,68,0,0,329.20000000000005,60.00000000000001,0,0
13.32,6.0,97.10089486269452,239,68,0,0,343.51,63.0,0,0
13.32,6.0,97.10698131777312,239,68,0,0,357.82,66.0,0,0
13.32,6.0,97.11777819049091,239,68,0,0,372.13,69.0,0,0
13.33,6.0,97.12305420902787,239,68,0,0,386.44,72.0,0,0
13.33,6.0,97.13487556707389,239,68,0,0,400.75,75.0,0,0
13.33,6.0,97.13996065074078,239,68,0,0,415.06,78.0,0,0
13.33,6.0,97.15370689315097,239,68,0,0,429.37,81.0,0,0
13.33,6.0,97.16554618087802,239,68,0,0,443.68,84.0,0,0
13.33,6.0,97.17107524039604,240,68,0,0,457.99,87.0,0,0
13.33,6.0,97.18183429285527,240,68,0,0,472.3,90.0,0,0
13.33,6.0,97.18355370055993,240,68,0,0,486.61,93.0,0,0
13.33,6.0,97.19318444029629,240,68,0,0,500.92,96.0,0,0
13.33,6.0,97.20161127080559,240,68,0,0,515.23,99.0,0,0
13.35,7.5,97.20805643303453,240,68,0,0,520,100.0,0,0
13.35,7.5,97.19943502439007,240,68,0,0,505.69,97.0,0,0
13.35,7.5,97.1891457697552,240,68,0,0,491.38,94.0,0,0
13.35,7.5,97.18892519677189,240,68,0,0,477.07,91.0,0,0
13.35,7.5,97.18159754051811,240,68,0,0,462.76,88.0,0,0
13.35,7.5,97.1753024337011,240,68,0,0,448.45,85.0,0,0
13.35,7.5,97.16906413662203,240,68,0,0,434.14,82.0,0,0
13.35,7.5,97.16062998393284,241,68,0,0,419.83,79.0,0,0
13.37,7.5,97.15784903167028,241,68,0,0,405.52,76.0,0,0
13.37,7.5,97.14798175444648,242,68,0,0,391.21,73.0,0,0
13.37,7.5,97.13886888198742,242,68,0,0,376.9,70.0,0,0
13.37,7.5,97.13473371573808,242,68,0,0,362.59000000000003,67.0,0,0
13.37,7.5,97.13066200120522,242,68,0,0,348.28,63.99999999999999,0,0
13.37,7.5,97.12683124645223,242,68,0,0,333.96999999999997,60.99999999999999,0,0
13.37,7.5,97.11999015267999,242,68,0,0,319.65999999999997,57.99999999999999,0,0
13.38,7.5,97.10917598984301,242,68,0,0,305.34999999999997,54.99999999999999,0,0
13.38,7.5,97.10145408900857,242,68,0,0,291.03999999999996,51.99999999999999,0,0
13.38,7.5,97.0957876474438,242,68,0,0,276.7299999999999,48.99999999999998,0,0
13.38,7.5,97.09064288622605,242,68,0,0,262.4199999999999,45.99999999999997,0,0
13.38,7.5,97.07940625329258,242,68,0,0,248.10999999999984,42.99999999999997,0,0
13.38,7.5,97.07055916380659,242,68,0,0,233.79999999999984,39.99999999999997,0,0
13.38,7.5,97.06533446124612,242,68,0,0,219.48999999999984,36.999999999999964,0,0
13.38,7.5,97.05686968609338,242,68,0,0,205.1799999999999,33.99999999999997,0,0
13.38,7.5,97.04658068921329,242,68,0,0,190.8699999999999,30.99999999999997,0,0
13.38,7.5,97.04519217556323,242,68,0,0,176.55999999999983,27.99999999999997,0,0
13.40,7.5,97.0341292881664,242,68,0,0,162.24999999999983,24.99999999999997,0,0
13.40,7.5,97.02662847968467,242,68,0,0,147.93999999999988,21.99999999999997,0,0
13.40,7.5,97.02366583326769,242,68,0,0,133.62999999999988,18.99999999999997,0,0
13.40,7.5,97.01696371954999,242,68,0,0,119.31999999999988,15.999999999999972,0,0
13.40,7.5,97.01010504303767,242,68,0,0,105.00999999999982,12.999999999999972,0,0
13.40,7.5,97.00268303253112,242,68,0,0,90.69999999999987,9.999999999999972,0,0
13.40,7.5,97.00123988829397,242,68,0,0,76.38999999999987,6.999999999999972,0,0
13.40,7.5,96.99788640288803,242,68,0,0,62.07999999999987,3.9999999999999716,0,0
13.40,7.5,96.99591234524068,242,68,0,0,47.76999999999987,0.9999999999999716,0,0
13.40,7.5,96.99206818223347,242,68,0,0,43,0.0,0,0
13.42,7.5,96.99692271085242,242,68,0,0,57.31,3.0,0,0
13.42,7.5,96.9985828082993,242,68,0,0,71.62,6.0,0,0
13.42,7.5,97.00518989902514,242,68,0,0,85.93,9.0,0,0
13.42,7.5,97.00941306390085,242,68,0,0,100.24000000000001,12.0,0,0
13.42,7.5,97.00988276127822,242,68,0,0,114.55000000000001,15.0,0,0
13.42,7.5,97.01019758589149,242,68,0,0,128.86,18.0,0,0
13.42,7.5,97.01312052333117,242,68,0,0,143.16999999999996,21.0,0,0
13.42,7.5,97.01414064046415,242,68,0,0,157.48000000000002,24.0,0,0
13.42,7.5,97.01153734285673,242,68,0,0,171.79000000000002,27.0,0,0
13.43,7.5,97.01364946336821,242,68,0,0,186.10000000000002,30.0,0,0
13.43,7.5,97.01970674302616,242,68,0,0,200.40999999999997,33.0,0,0
13.43,7.5,97.017963344765,242,68,0,0,214.71999999999997,36.0,0,0
13.43,7.5,97.02406748316974,242,68,0,0,229.03000000000003,39.0,0,0
13.43,7.5,97.03122725600994,242,68,0,0,243.34000000000003,42.00000000000001,0,0
13.43,7.5,97.03227003060624,242,68,0,0,257.65000000000003,45.00000000000001,0,0
13.43,7.5,97.0376507882177,242,68,0,0,271.96000000000004,48.00000000000001,0,0
13.43,7.5,97.04397235187619,242,68,0,0,286.27000000000004,51.00000000000001,0,0
13.45,7.5,97.05024376025938,242,68,0,0,300.58000000000004,54.00000000000001,0,0
13.45,7.5,97.06036834900759,242,68,0,0,314.89000000000004,57.000000000000014,0,0
13.45,7.5,97.06497332407629,242,68,0,0,329.20000000000005,60.00000000000001,0,0
13.45,7.5,97.0771202840258,242,68,0,0,343.51,63.0,0,0
13.45,7.5,97.08804871131471,242,68,0,0,357.82,66.0,0,0
13.45,7.5,97.09724009119893,242,68,0,0,372.13,69.0,0,0
13.45,7.5,97.1029349502352,242,68,0,0,386.44,72.0,0,0
13.45,7.5,97.11720336980994,243,68,0,0,400.75,75.0,0,0
13.45,7.5,97.12889984482226,243,68,0,0,415.06,78.0,0,0
13.47,7.5,97.1345906478161,243,69,0,0,429.37,81.0,0,0
13.47,7.5,97.14036782230475,243,69,0,0,443.68,84.0,0,0
13.47,7.5,97.1535333093301,243,69,0,0,457.99,87.0,0,0
13.47,7.5,97.15820666268888,243,69,0,0,472.3,90.0,0,0
13.47,7.5,97.16720968075275,243,69,0,0,486.61,93.0,0,0
13.47,7.5,97.17240129042084,243,69,0,0,500.92,96.0,0,0
13.47,7.5,97.17463175032509,243,69,0,0,515.23,99.0,0,0
13.47,7.5,97.18938417366013,243,69,0,0,520,100.0,0,0
13.47,7.5,97.18700791643768,243,69,0,0,505.69,97.0,0,0
13.48,7.5,97.17845336939786,244,69,0,0,491.38,94.0,0,0
13.48,7.5,97.17231008837386,244,69,0,0,477.07,91.0,0,0
13.48,7.5,97.16506673657652,244,69,0,0,462.76,88.0,0,0
13.48,7.5,97.15678105870781,244,69,0,0,448.45,85.0,0,0
13.48,7.5,97.15208077924049,244,69,0,0,434.14,82.0,0,0
13.48,7.5,97.14624635546879,244,69,0,0,419.83,79.0,0,0
13.48,7.5,97.13972290109473,244,69,0,0,405.52,76.0,0,0
13.48,7.5,97.1297898472336,244,69,0,0,391.21,73.0,0,0
13.48,7.5,97.12379728449494,244,69,0,0,376.9,70.0,0,0
13.48,7.5,97.11969641814672,244,69,0,0,362.59000000000003,67.0,0,0
13.50,7.5,97.11341975363709,244,69,0,0,348.28,63.99999999999999,0,0
13.50,7.5,97.1021512778152,244,69,0,0,333.96999999999997,60.99999999999999,0,0
13.50,7.5,97.09514198860603,244,69,0,0,319.65999999999997,57.99999999999999,0,0
13.50,7.5,97.08451122964753,244,69,0,0,305.34999999999997,54.99999999999999,0,0
13.50,7.5,97.08115300056133,244,69,0,0,291.03999999999996,51.99999999999999,0,0
13.50,7.5,97.08106391956896,244,69,0,0,276.7299999999999,48.99999999999998,0,0
13.50,7.5,97.07937689280912,244,69,0,0,262.4199999999999,45.99999999999997,0,0
13.52,7.5,97.07632756751765,244,69,0,0,248.10999999999984,42.99999999999997,0,0
13.52,7.5,97.0680808683513,244,69,0,0,233.79999999999984,39.99999999999997,0,0
13.52,7.5,97.0639835816244,244,69,0,0,219.48999999999984,36.999999999999964,0,0
13.52,7.5,97.05850311729282,244,69,0,0,205.1799999999999,33.99999999999997,0,0
13.52,7.5,97.04941838798227,244,69,0,0,190.8699999999999,30.99999999999997,0,0
13.52,7.5,97.04366317444052,244,69,0,0,176.55999999999983,27.99999999999997,0,0
13.52,7.5,97.0388855525314,244,69,0,0,162.24999999999983,24.99999999999997,0,0
13.52,7.5,97.03782955244829,244,69,0,0,147.93999999999988,21.99999999999997,0,0
13.53,7.5,97.03473252432136,244,69,0,0,133.62999999999988,18.99999999999997,0,0
13.53,7.5,97.03118583086213,244,69,0,0,119.31999999999988,15.999999999999972,0,0
13.53,7.5,97.02434091941088,244,69,0,0,105.00999999999982,12.999999999999972,0,0
13.53,7.5,97.02110081477605,244,69,0,0,90.69999999999987,9.999999999999972,0,0
13.53,7.5,97.01009075145771,244,69,0,0,76.38999999999987,6.999999999999972,0,0
13.55,7.5,97.00765347639147,244,69,0,0,62.07999999999987,3.9999999999999716,0,0
13.55,7.5,97.00424740241118,244,69,0,0,47.76999999999987,0.9999999999999716,0,0
13.55,7.5,96.99693424865255,244,69,0,0,43,0.0,0,0
13.55,7.5,97.00021743539867,244,69,0,0,57.31,3.0,0,0
13.55,7.5,97.00031232984563,244,69,0,0,71.62,6.0,0,0
13.55,7.5,97.00068615455925,244,69,0,0,85.93,9.0,0,0
13.55,7.5,97.00263946641908,244,69,0,0,100.24000000000001,12.0,0,0
13.55,7.5,97.00477356139916,244,69,0,0,114.55000000000001,15.0,0,0
13.55,7.5,97.00918655892332,244,69,0,0,128.86,18.0,0,0
13.55,7.5,97.00783889379912,244,69,0,0,143.16999999999996,21.0,0,0
13.57,7.5,97.0111093115418,244,69,0,0,157.48000000000002,24.0,0,0
13.57,7.5,97.01836473808973,245,69,0,0,171.79000000000002,27.0,0,0
13.57,7.5,97.02320606163062,245,69,0,0,186.10000000000002,30.0,0,0
13.58,7.5,97.0277750433249,245,69,0,0,200.40999999999997,33.0,0,0
13.58,7.5,97.026550789477,245,69,0,0,214.71999999999997,36.0,0,0
13.58,7.5,97.02524893801412,245,69,0,0,229.03000000000003,39.0,0,0
13.58,7.5,97.02372625282153,245,69,0,0,243.34000000000003,42.00000000000001,0,0
13.58,7.5,97.0296767434755,245,69,0,0,257.65000000000003,45.00000000000001,0,0
13.58,7.5,97.0292660229116,245,69,0,0,271.96000000000004,48.00000000000001,0,0
13.58,7.5,97.0333942732463,245,69,0,0,286.27000000000004,51.00000000000001,0,0
13.58,7.5,97.04127493846066,246,69,0,0,300.58000000000004,54.00000000000001,0,0
13.58,7.5,97.05792195454256,246,69,0,0,314.89000000000004,57.000000000000014,0,0
13.58,7.5,97.06563695536401,246,69,0,0,329.20000000000005,60.00000000000001,0,0
13.58,7.5,97.07845451886686,246,69,0,0,343.51,63.0,0,0
13.60,7.5,97.08580883992938,247,69,0,0,357.82,66.0,0,0
13.60,7.5,97.09867776658747,247,69,0,0,372.13,69.0,0,0
13.60,7.5,97.10670532043395,248,69,0,0,386.44,72.0,0,0
13.60,7.5,97.11594924936935,248,69,0,0,400.75,75.0,0,0
13.60,7.5,97.12851951923115,248,69,0,0,415.06,78.0,0,0
13.60,7.5,97.14098881688031,248,69,0,0,429.37,81.0,0,0
13.60,7.5,97.15134798701727,248,69,0,0,443.68,84.0,0,0
13.60,7.5,97.15635751516241,248,69,0,0,457.99,87.0,0,0
13.62,7.5,97.16480833895704,248,69,0,0,472.3,90.0,0,0
13.62,7.5,97.17546309446998,248,69,0,0,486.61,93.0,0,0
13.62,7.5,97.18583299309418,248,69,0,0,500.92,96.0,0,0
13.62,7.5,97.19421540009112,248,69,0,0,515.23,99.0,0,0
13.62,6.666666666666667,97.20862437653828,248,69,0,0,520,100.0,0,0
13.62,6.666666666666667,97.20061164713891,248,69,0,0,505.69,97.0,0,0
13.62,6.666666666666667,97.19263932564074,248,69,0,0,491.38,94.0,0,0
13.63,6.666666666666667,97.18619630186186,248,69,0,0,477.07,91.0,0,0
13.63,6.666666666666667,97.18047457471732,248,69,0,0,462.76,88.0,0,0
13.63,6.666666666666667,97.17027434355118,248,69,0,0,448.45,85.0,0,0
13.63,6.666666666666667,97.16198675467267,248,69,0,0,434.14,82.0,0,0
13.63,6.666666666666667,97.1572952339599,248,69,0,0,419.83,79.0,0,0
13.63,6.666666666666667,97.14884289048993,248,69,0,0,405.52,76.0,0,0
13.65,6.666666666666667,97.14085409238444,248,69,0,0,391.21,73.0,0,0
13.65,6.666666666666667,97.13351037209713,248,69,0,0,376.9,70.0,0,0
13.65,6.666666666666667,97.12285422512534,248,69,0,0,362.59000000000003,67.0,0,0
13.65,6.666666666666667,97.114112890128,248,69,0,0,348.28,63.99999999999999,0,0
13.65,6.666666666666667,97.10725282317686,248,69,0,0,333.96999999999997,60.99999999999999,0,0
13.65,6.666666666666667,97.10702258313852,248,69,0,0,319.65999999999997,57.99999999999999,0,0
13.65,6.666666666666667,97.10005441963204,248,69,0,0,305.34999999999997,54.99999999999999,0,0
13.65,6.666666666666667,97.09181127813734,248,69,0,0,291.03999999999996,51.99999999999999,0,0
13.67,6.666666666666667,97.08325458535141,248,69,0,0,276.7299999999999,48.99999999999998,0,0
13.67,6.666666666666667,97.07299951178946,248,69,0,0,262.4199999999999,45.99999999999997,0,0
13.67,6.666666666666667,97.06899978248642,248,69,0,0,248.10999999999984,42.99999999999997,0,0
13.67,6.666666666666667,97.0619924753219,248,69,0,0,233.79999999999984,39.99999999999997,0,0
13.67,6.666666666666667,97.05982459359906,248,69,0,0,219.48999999999984,36.999999999999964,0,0
13.67,6.666666666666667,97.05711665696941,248,69,0,0,205.1799999999999,33.99999999999997,0,0
13.68,6.666666666666667,97.04955414131233,248,69,0,0,190.8699999999999,30.99999999999997,0,0
13.68,6.666666666666667,97.04164400502286,248,69,0,0,176.55999999999983,27.99999999999997,0,0
13.68,6.666666666666667,97.03337177790937,248,69,0,0,162.24999999999983,24.99999999999997,0,0
13.68,6.666666666666667,97.02903601453154,248,69,0,0,147.93999999999988,21.99999999999997,0,0
13.68,6.666666666666667,97.02362531674511,248,69,0,0,133.62999999999988,18.99999999999997,0,0
13.68,6.666666666666667,97.02134274333581,248,69,0,0,119.31999999999988,15.999999999999972,0,0
13.70,6.666666666666667,97.01597685921068,248,69,0,0,105.00999999999982,12.999999999999972,0,0
13.70,6.666666666666667,97.01154873262355,248,69,0,0,90.69999999999987,9.999999999999972,0,0
13.70,6.666666666666667,97.00859969432133,248,69,0,0,76.38999999999987,6.999999999999972,0,0
13.70,6.666666666666667,97.00509523199044,248,69,0,0,62.07999999999987,3.9999999999999716,0,0
13.70,6.666666666666667,97.00344295458628,248,69,0,0,47.76999999999987,0.9999999999999716,0,0
13.72,6.666666666666667,96.9943638512786,248,69,0,0,43,0.0,0,0
13.72,6.666666666666667,96.99313920657485,248,69,0,0,57.31,3.0,0,0
13.72,6.666666666666667,96.99959376420702,248,69,0,0,71.62,6.0,0,0
13.72,6.666666666666667,97.00831496846338,248,69,0,0,85.93,9.0,0,0
13.72,6.666666666666667,97.01301167104002,248,69,0,0,100.24000000000001,12.0,0,0
13.72,6.666666666666667,97.01173456517965,248,69,0,0,114.55000000000001,15.0,0,0
13.72,6.666666666666667,97.01475420218509,248,69,0,0,128.86,18.0,0,0
13.72,6.666666666666667,97.01932545246987,248,69,0,0,143.16999999999996,21.0,0,0
13.72,6.666666666666667,97.01646197410594,248,69,0,0,157.48000000000002,24.0,0,0
13.72,6.666666666666667,97.02048099446814,248,69,0,0,171.79000000000002,27.0,0,0
13.73,6.666666666666667,97.02241899965635,248,69,0,0,186.10000000000002,30.0,0,0
13.73,6.666666666666667,97.02947865154543,248,69,0,0,200.40999999999997,33.0,0,0
13.73,6.666666666666667,97.03622097825868,248,69,0,0,214.71999999999997,36.0,0,0
13.73,6.666666666666667,97.04132906235525,248,69,0,0,229.03000000000003,39.0,0,0
13.73,6.666666666666667,97.04079236555403,248,69,0,0,243.34000000000003,42.00000000000001,0,0
13.73,6.666666666666667,97.04266993230941,248,69,0,0,257.65000000000003,45.00000000000001,0,0
13.73,6.666666666666667,97.04720719765413,248,69,0,0,271.96000000000004,48.00000000000001,0,0
13.73,6.666666666666667,97.05890933785739,248,69,0,0,286.27000000000004,51.00000000000001,0,0
13.73,6.666666666666667,97.06186522906476,248,69,0,0,300.58000000000004,54.00000000000001,0,0
13.73,6.666666666666667,97.07697883117801,248,69,0,0,314.89000000000004,57.000000000000014,0,0
13.75,6.666666666666667,97.07919901219876,248,69,0,0,329.20000000000005,60.00000000000001,0,0
13.75,6.666666666666667,97.0864828560833,248,69,0,0,343.51,63.0,0,0
13.75,6.666666666666667,97.09782493503113,248,69,0,0,357.82,66.0,0,0
13.75,6.666666666666667,97.10195396863992,248,69,0,0,372.13,69.0,0,0
13.75,6.666666666666667,97.10380996397089,248,69,0,0,386.44,72.0,0,0
13.75,6.666666666666667,97.11779204089935,248,69,0,0,400.75,75.0,0,0
13.75,6.666666666666667,97.12574156243062,248,69,0,0,415.06,78.0,0,0
13.75,6.666666666666667,97.13249729649758,248,69,0,0,429.37,81.0,0,0
13.77,6.666666666666667,97.14559860691182,248,69,0,0,443.68,84.0,0,0
13.77,6.666666666666667,97.15683980292022,248,69,0,0,457.99,87.0,0,0
13.77,6.666666666666667,97.16578411604209,248,69,0,0,472.3,90.0,0,0
13.77,6.666666666666667,97.17275885332926,248,69,0,0,486.61,93.0,0,0
13.77,6.666666666666667,97.17812595779397,248,69,0,0,500.92,96.0,0,0
13.77,6.666666666666667,97.18876203886411,248,69,0,0,515.23,99.0,0,0
13.77,6.666666666666667,97.20093985784622,248,69,0,0,520,100.0,0,0
13.77,6.666666666666667,97.19524775103427,248,69,0,0,505.69,97.0,0,0
13.78,6.666666666666667,97.18681527794158,248,69,0,0,491.38,94.0,0,0
13.78,6.666666666666667,97.18017980765674,248,69,0,0,477.07,91.0,0,0
13.80,6.666666666666667,97.17359275289228,248,69,0,0,462.76,88.0,0,0
13.80,6.666666666666667,97.16786639627288,248,69,0,0,448.45,85.0,0,0
13.80,6.666666666666667,97.15758589147703,248,69,0,0,434.14,82.0,0,0
13.80,6.666666666666667,97.14912582343402,248,69,0,0,419.83,79.0,0,0
13.80,6.666666666666667,97.14324673708411,248,69,0,0,405.52,76.0,0,0
13.80,6.666666666666667,97.13818011925946,248,69,0,0,391.21,73.0,0,0
13.80,6.666666666666667,97.12873282111075,248,69,0,0,376.9,70.0,0,0
13.80,6.666666666666667,97.12392349502548,248,69,0,0,362.59000000000003,67.0,0,0
13.82,6.666666666666667,97.11476827612358,248,69,0,0,348.28,63.99999999999999,0,0
13.82,6.666666666666667,97.11330335956833,248,69,0,0,333.96999999999997,60.99999999999999,0,0
13.82,6.666666666666667,97.10897079665642,248,69,0,0,319.65999999999997,57.99999999999999,0,0
13.82,6.666666666666667,97.10021417757538,248,69,0,0,305.34999999999997,54.99999999999999,0,0
13.82,6.666666666666667,97.09256529984945,248,69,0,0,291.03999999999996,51.99999999999999,0,0
13.82,6.666666666666667,97.086681207017,248,69,0,0,276.7299999999999,48.99999999999998,0,0
13.82,6.666666666666667,97.08231934667945,248,69,0,0,262.4199999999999,45.99999999999997,0,0
13.82,6.666666666666667,97.07496552131698,248,69,0,0,248.10999999999984,42.99999999999997,0,0
13.83,6.666666666666667,97.06380660211748,248,69,0,0,233.79999999999984,39.99999999999997,0,0
13.83,6.666666666666667,97.05676679793837,248,69,0,0,219.48999999999984,36.999999999999964,0,0
13.83,6.666666666666667,97.04840759535581,248,69,0,0,205.1799999999999,33.99999999999997,0,0
13.83,6.666666666666667,97.0436807256446,248,69,0,0,190.8699999999999,30.99999999999997,0,0
13.83,6.666666666666667,97.04130895988702,248,69,0,0,176.55999999999983,27.99999999999997,0,0
13.83,6.666666666666667,97.03925173992347,248,69,0,0,162.24999999999983,24.99999999999997,0,0
13.83,6.666666666666667,97.03240868064154,248,69,0,0,147.93999999999988,21.99999999999997,0,0
13.83,6.666666666666667,97.02318863510571,248,69,0,0,133.62999999999988,18.99999999999997,0,0
13.83,6.666666666666667,97.01434212722413,248,69,0,0,119.31999999999988,15.999999999999972,0,0
13.83,6.666666666666667,97.01188732943801,248,69,0,0,105.00999999999982,12.999999999999972,0,0
13.85,6.666666666666667,97.00774883416956,248,69,0,0,90.69999999999987,9.999999999999972,0,0
13.85,6.666666666666667,97.0012542082625,248,69,0,0,76.38999999999987,6.999999999999972,0,0
13.85,6.666666666666667,97.00060204485877,248,69,0,0,62.07999999999987,3.9999999999999716,0,0
13.85,6.666666666666667,96.99332645474533,248,69,0,0,47.76999999999987,0.9999999999999716,0,0
13.85,6.666666666666667,96.98736795698196,248,69,0,0,43,0.0,0,0
13.85,6.666666666666667,96.99087406264739,249,69,0,0,57.31,3.0,0,0
13.85,6.666666666666667,96.99649881074323,249,69,0,0,71.62,6.0,0,0
13.85,6.666666666666667,96.99568031268971,249,69,0,0,85.93,9.0,0,0
13.87,6.666666666666667,97.00374231450841,249,69,0,0,100.24000000000001,12.0,0,0
13.87,6.666666666666667,97.00130673091232,250,69,0,0,114.55000000000001,15.0,0,0
13.87,6.666666666666667,97.00474912993701,250,69,0,0,128.86,18.0,0,0
13.87,6.666666666666667,97.01223629963668,250,69,0,0,143.16999999999996,21.0,0,0
13.87,6.666666666666667,97.01334001308246,250,69,0,0,157.48000000000002,24.0,0,0
13.87,6.666666666666667,97.01250798418448,250,69,0,0,171.79000000000002,27.0,0,0
13.87,6.666666666666667,97.01639001492215,250,69,0,0,186.10000000000002,30.0,0,0
13.87,6.666666666666667,97.01434144344924,250,69,0,0,200.40999999999997,33.0,0,0
13.87,6.666666666666667,97.020616212843,250,69,0,0,214.71999999999997,36.0,0,0
13.87,6.666666666666667,97.02304769731154,250,69,0,0,229.03000000000003,39.0,0,0
13.88,6.666666666666667,97.0221579383985,251,69,0,0,243.34000000000003,42.00000000000001,0,0
13.88,6.666666666666667,97.02590783482259,251,69,0,0,257.65000000000003,45.00000000000001,0,0
13.88,6.666666666666667,97.03410129961541,251,69,0,0,271.96000000000004,48.00000000000001,0,0
13.90,6.666666666666667,97.04535510966853,251,69,0,0,286.27000000000004,51.00000000000001,0,0
13.90,6.666666666666667,97.04898039085705,251,69,0,0,300.58000000000004,54.00000000000001,0,0
13.90,6.666666666666667,97.05467212190507,251,69,0,0,314.89000000000004,57.000000000000014,0,0
13.90,6.666666666666667,97.06397863001757,251,69,0,0,329.20000000000005,60.00000000000001,0,0
13.90,6.666666666666667,97.07196832928487,251,69,0,0,343.51,63.0,0,0
13.90,6.666666666666667,97.0789282415818,251,69,0,0,357.82,66.0,0,0
13.90,6.666666666666667,97.0834088705917,251,69,0,0,372.13,69.0,0,0
13.90,6.666666666666667,97.1003265795743,251,69,0,0,386.44,72.0,0,0
13.90,6.666666666666667,97.10341476512654,251,69,0,0,400.75,75.0,0,0
13.90,6.666666666666667,97.11447930340537,251,69,0,0,415.06,78.0,0,0
13.92,6.666666666666667,97.12516066521876,251,69,0,0,429.37,81.0,0,0
13.92,6.666666666666667,97.13495606143758,251,69,0,0,443.68,84.0,0,0
13.92,6.666666666666667,97.14507837827342,251,69,0,0,457.99,87.0,0,0
13.92,6.666666666666667,97.15909050266045,251,69,0,0,472.3,90.0,0,0
13.92,6.666666666666667,97.16635265545692,251,69,0,0,486.61,93.0,0,0
13.92,6.666666666666667,97.16911997926194,251,69,0,0,500.92,96.0,0,0
13.92,6.666666666666667,97.18030786539461,251,69,0,0,515.23,99.0,0,0
13.92,6.666666666666667,97.19458694922292,251,69,0,0,520,100.0,0,0
13.92,6.666666666666667,97.1854674687318,251,69,0,0,505.69,97.0,0,0
13.92,6.666666666666667,97.17797245799736,251,70,0,0,491.38,94.0,0,0
13.93,6.666666666666667,97.17232503990057,251,70,0,0,477.07,91.0,0,0
13.93,6.666666666666667,97.16579632483631,251,70,0,0,462.76,88.0,0,0
13.93,6.666666666666667,97.16265477368131,252,70,0,0,448.45,85.0,0,0
13.93,6.666666666666667,97.16150522111427,252,70,0,0,434.14,82.0,0,0
13.93,6.666666666666667,97.15591306299591,252,70,0,0,419.83,79.0,0,0
13.93,6.666666666666667,97.14702670098141,252,70,0,0,405.52,76.0,0,0
13.93,6.666666666666667,97.14106997361853,252,70,0,0,391.21,73.0,0,0
13.93,6.666666666666667,97.13637158475228,252,70,0,0,376.9,70.0,0,0
13.93,6.666666666666667,97.13654839353532,252,70,0,0,362.59000000000003,67.0,0,0
13.95,6.666666666666667,97.13425435674046,253,70,0,0,348.28,63.99999999999999,0,0
13.95,6.666666666666667,97.13125104593718,253,70,0,0,333.96999999999997,60.99999999999999,0,0
13.95,6.666666666666667,97.1259449111445,253,70,0,0,319.65999999999997,57.99999999999999,0,0
13.95,6.666666666666667,97.11678411859079,253,70,0,0,305.34999999999997,54.99999999999999,0,0
13.95,6.666666666666667,97.1106153394923,253,70,0,0,291.03999999999996,51.99999999999999,0,0
13.95,6.666666666666667,97.10157591065126,253,70,0,0,276.7299999999999,48.99999999999998,0,0
13.95,6.666666666666667,97.09271880524543,253,70,0,0,262.4199999999999,45.99999999999997,0,0
13.95,6.666666666666667,97.08782346778158,253,70,0,0,248.10999999999984,42.99999999999997,0,0
13.95,6.666666666666667,97.08612825389531,253,70,0,0,233.79999999999984,39.99999999999997,0,0
13.95,6.666666666666667,97.07842188370903,253,70,0,0,219.48999999999984,36.999999999999964,0,0
13.97,6.666666666666667,97.06856068841641,253,70,0,0,205.1799999999999,33.99999999999997,0,0
13.97,6.666666666666667,97.05819711640672,253,70,0,0,190.8699999999999,30.99999999999997,0,0
13.97,6.666666666666667,97.05154657407506,253,70,0,0,176.55999999999983,27.99999999999997,0,0
13.97,6.666666666666667,97.04728586211625,253,70,0,0,162.24999999999983,24.99999999999997,0,0
13.97,6.666666666666667,97.04268300553066,253,70,0,0,147.93999999999988,21.99999999999997,0,0
13.97,6.666666666666667,97.03980135635575,253,70,0,0,133.62999999999988,18.99999999999997,0,0
13.97,6.666666666666667,97.02927338495914,253,70,0,0,119.31999999999988,15.999999999999972,0,0
13.97,6.666666666666667,97.02421450552465,254,70,0,0,105.00999999999982,12.999999999999972,0,0
13.97,6.666666666666667,97.01781585713665,254,70,0,0,90.69999999999987,9.999999999999972,0,0
13.97,6.666666666666667,97.00835935757217,254,70,0,0,76.38999999999987,6.999999999999972,0,0
13.98,6.666666666666667,97.0025837025793,254,70,0,0,62.07999999999987,3.9999999999999716,0,0
13.98,6.666666666666667,96.99611398525232,254,70,0,0,47.76999999999987,0.9999999999999716,0,0
13.98,6.666666666666667,96.98862526977551,254,70,0,0,43,0.0,0,0
13.98,6.666666666666667,96.99334984831273,255,70,0,0,57.31,3.0,0,0
13.98,6.666666666666667,97.0001280084946,255,70,0,0,71.62,6.0,0,0
13.98,6.666666666666667,97.00247833025338,255,70,0,0,85.93,9.0,0,0
13.98,6.666666666666667,96.9997357207032,255,70,0,0,100.24000000000001,12.0,0,0
14.00,6.666666666666667,96.99832103217443,255,70,0,0,114.55000000000001,15.0,0,0
14.00,6.666666666666667,97.00001926547904,255,70,0,0,128.86,18.0,0,0
14.00,6.666666666666667,97.00369576180907,255,70,0,0,143.16999999999996,21.0,0,0
14.00,6.666666666666667,97.00786411777007,255,70,0,0,157.48000000000002,24.0,0,0
14.00,6.666666666666667,97.00918142313354,255,70,0,0,171.79000000000002,27.0,0,0
14.00,6.666666666666667,97.01310293277862,255,70,0,0,186.10000000000002,30.0,0,0
14.02,6.666666666666667,97.01192499704183,255,70,0,0,200.40999999999997,33.0,0,0
14.02,6.666666666666667,97.02010991595229,255,70,0,0,214.71999999999997,36.0,0,0
14.02,6.666666666666667,97.02680744113272,255,70,0,0,229.03000000000003,39.0,0,0
14.02,6.666666666666667,97.02870507560564,255,70,0,0,243.34000000000003,42.00000000000001,0,0
14.02,6.666666666666667,97.02937160227631,255,70,0,0,257.65000000000003,45.00000000000001,0,0
14.02,6.666666666666667,97.03324191144905,255,71,0,0,271.96000000000004,48.00000000000001,0,0
14.02,6.666666666666667,97.03583243382235,255,71,0,0,286.27000000000004,51.00000000000001,0,0
14.02,6.666666666666667,97.0462873600629,255,71,0,0,300.58000000000004,54.00000000000001,0,0
14.02,6.666666666666667,97.05743694623375,255,71,0,0,314.89000000000004,57.000000000000014,0,0
14.02,6.666666666666667,97.06858339315274,255,71,0,0,329.20000000000005,60.00000000000001,0,0
14.03,6.666666666666667,97.07700219071025,255,71,0,0,343.51,63.0,0,0
14.03,6.666666666666667,97.08590913353441,255,71,0,0,357.82,66.0,0,0
14.03,6.666666666666667,97.09169058322341,255,71,0,0,372.13,69.0,0,0
14.03,6.666666666666667,97.09906519812424,255,71,0,0,386.44,72.0,0,0
14.03,6.666666666666667,97.10271200087584,255,71,0,0,400.75,75.0,0,0
14.03,6.666666666666667,97.10900096000043,255,71,0,0,415.06,78.0,0,0
14.05,6.666666666666667,97.12026638316836,255,71,0,0,429.37,81.0,0,0
14.05,6.666666666666667,97.13446457701546,255,71,0,0,443.68,84.0,0,0
14.05,6.666666666666667,97.14551622298676,255,71,0,0,457.99,87.0,0,0
14.05,6.666666666666667,97.15201157916509,255,71,0,0,472.3,90.0,0,0
14.05,6.666666666666667,97.16171337821686,255,71,0,0,486.61,93.0,0,0
14.07,6.666666666666667,97.16683259011454,255,71,0,0,500.92,96.0,0,0
14.07,6.666666666666667,97.17226817015315,255,71,0,0,515.23,99.0,0,0
14.08,6.666666666666667,97.18002974940116,256,71,0,0,520,100.0,0,0
14.08,6.666666666666667,97.17326971960587,256,71,0,0,505.69,97.0,0,0
14.08,6.666666666666667,97.16682756115193,256,71,0,0,491.38,94.0,0,0
14.08,6.666666666666667,97.16319978466592,256,71,0,0,477.07,91.0,0,0
14.08,6.666666666666667,97.1595082115716,256,71,0,0,462.76,88.0,0,0
14.08,6.666666666666667,97.1571731054395,256,71,0,0,448.45,85.0,0,0
14.08,6.666666666666667,97.14923611139938,256,71,0,0,434.14,82.0,0,0
14.08,6.666666666666667,97.14799816179664,256,71,0,0,419.83,79.0,0,0
14.08,6.666666666666667,97.14281788612084,256,71,0,0,405.52,76.0,0,0
14.08,6.666666666666667,97.13476826844916,256,71,0,0,391.21,73.0,0,0
14.10,6.666666666666667,97.12946309810081,256,71,0,0,376.9,70.0,0,0
14.10,6.666666666666667,97.12172792544249,256,71,0,0,362.59000000000003,67.0,0,0
14.10,6.666666666666667,97.11164742649656,256,71,0,0,348.28,63.99999999999999,0,0
14.10,6.666666666666667,97.1001074573444,256,71,0,0,333.96999999999997,60.99999999999999,0,0
14.10,6.666666666666667,97.09614788606646,256,71,0,0,319.65999999999997,57.99999999999999,0,0
14.10,6.666666666666667,97.0952349354692,256,71,0,0,305.34999999999997,54.99999999999999,0,0
14.10,6.666666666666667,97.08888066208834,256,71,0,0,291.03999999999996,51.99999999999999,0,0
14.10,6.666666666666667,97.07979888316825,256,71,0,0,276.7299999999999,48.99999999999998,0,0
14.10,6.666666666666667,97.07148563880226,256,71,0,0,262.4199999999999,45.99999999999997,0,0
14.10,6.666666666666667,97.06704514089527,257,71,0,0,248.10999999999984,42.99999999999997,0,0
14.12,6.666666666666667,97.05960936978263,257,71,0,0,233.79999999999984,39.99999999999997,0,0
14.12,6.666666666666667,97.05346439020221,257,71,0,0,219.48999999999984,36.999999999999964,0,0
14.12,6.666666666666667,97.0479444911009,257,71,0,0,205.1799999999999,33.99999999999997,0,0
14.12,6.666666666666667,97.0393419085179,257,71,0,0,190.8699999999999,30.99999999999997,0,0
14.12,6.666666666666667,97.03291457430419,257,71,0,0,176.55999999999983,27.99999999999997,0,0
14.12,6.666666666666667,97.03017487015859,257,71,0,0,162.24999999999983,24.99999999999997,0,0
14.12,6.666666666666667,97.02400084777176,257,71,0,0,147.93999999999988,21.99999999999997,0,0
14.12,6.666666666666667,97.01675549197665,257,71,0,0,133.62999999999988,18.99999999999997,0,0
14.12,6.666666666666667,97.0103757633152,257,71,0,0,119.31999999999988,15.999999999999972,0,0
14.12,6.666666666666667,97.01058313609286,257,71,0,0,105.00999999999982,12.999999999999972,0,0
14.13,6.666666666666667,97.00263962047455,257,71,0,0,90.69999999999987,9.999999999999972,0,0
14.13,6.666666666666667,96.99515538379805,257,71,0,0,76.38999999999987,6.999999999999972,0,0
14.13,6.666666666666667,96.98602684351604,257,71,0,0,62.07999999999987,3.9999999999999716,0,0
14.13,6.666666666666667,96.98416774776184,257,71,0,0,47.76999999999987,0.9999999999999716,0,0
14.13,6.666666666666667,96.97654594056073,257,71,0,0,43,0.0,0,0
14.13,6.666666666666667,96.97940218093976,257,71,0,0,57.31,3.0,0,0
14.13,6.666666666666667,96.98804538761937,257,71,0,0,71.62,6.0,0,0
14.13,6.666666666666667,96.9868674958129,257,71,0,0,85.93,9.0,0,0
14.15,6.666666666666667,96.98745207091709,257,71,0,0,100.24000000000001,12.0,0,0
14.15,6.666666666666667,96.99044434816896,257,71,0,0,114.55000000000001,15.0,0,0
14.15,6.666666666666667,96.9975589902719,257,71,0,0,128.86,18.0,0,0
14.15,6.666666666666667,96.99902189519281,257,71,0,0,143.16999999999996,21.0,0,0
14.15,6.666666666666667,97.00373478712721,257,71,0,0,157.48000000000002,24.0,0,0
14.15,6.666666666666667,97.00752289074623,257,71,0,0,171.79000000000002,27.0,0,0
14.15,6.666666666666667,97.01143690152873,257,71,0,0,186.10000000000002,30.0,0,0
14.15,6.666666666666667,97.0186931736273,258,71,0,0,200.40999999999997,33.0,0,0
14.15,6.666666666666667,97.0146514781889,258,71,0,0,214.71999999999997,36.0,0,0
14.15,6.666666666666667,97.01397483170426,258,71,0,0,229.03000000000003,39.0,0,0
14.17,6.666666666666667,97.01826480433843,258,71,0,0,243.34000000000003,42.00000000000001,0,0
14.17,6.666666666666667,97.01900241955457,258,71,0,0,257.65000000000003,45.00000000000001,0,0
14.17,6.666666666666667,97.02607849132065,258,71,0,0,271.96000000000004,48.00000000000001,0,0
14.17,6.666666666666667,97.03122396200524,258,71,0,0,286.27000000000004,51.00000000000001,0,0
14.17,6.666666666666667,97.03550403358224,258,71,0,0,300.58000000000004,54.00000000000001,0,0
14.17,6.666666666666667,97.04557738789468,259,71,0,0,314.89000000000004,57.000000000000014,0,0
14.17,6.666666666666667,97.0604487016129,259,71,0,0,329.20000000000005,60.00000000000001,0,0
14.17,6.666666666666667,97.07245253922883,259,71,0,0,343.51,63.0,0,0
14.17,6.666666666666667,97.08361412902269,260,71,0,0,357.82,66.0,0,0
14.17,6.666666666666667,97.08812112805448,260,71,0,0,372.13,69.0,0,0
14.18,6.666666666666667,97.09701411623905,260,71,0,0,386.44,72.0,0,0
14.18,6.666666666666667,97.10871180013552,260,71,0,0,400.75,75.0,0,0
14.18,6.666666666666667,97.11736592836083,260,71,0,0,415.06,78.0,0,0
14.18,6.666666666666667,97.12666014173874,260,71,0,0,429.37,81.0,0,0
14.18,6.666666666666667,97.13372824625988,260,71,0,0,443.68,84.0,0,0
14.18,6.666666666666667,97.14723925957608,260,71,0,0,457.99,87.0,0,0
14.18,6.666666666666667,97.1507899521749,260,71,0,0,472.3,90.0,0,0
14.18,6.666666666666667,97.15856186254028,260,71,0,0,486.61,93.0,0,0
14.18,6.666666666666667,97.17099569756843,260,71,0,0,500.92,96.0,0,0
14.18,6.666666666666667,97.18011768816243,260,71,0,0,515.23,99.0,0,0
14.20,8.571428571428571,97.18662979417995,260,71,0,0,520,100.0,0,0
14.20,8.571428571428571,97.18182865783967,260,71,0,0,505.69,97.0,0,0
14.20,8.571428571428571,97.17672905502188,260,71,0,0,491.38,94.0,0,0
14.20,8.571428571428571,97.17031131802825,260,71,0,0,477.07,91.0,0,0
14.20,8.571428571428571,97.16051963574999,260,71,0,0,462.76,88.0,0,0
14.20,8.571428571428571,97.14967907505041,260,71,0,0,448.45,85.0,0,0
14.20,8.571428571428571,97.14154292095046,261,71,0,0,434.14,82.0,0,0
14.20,8.571428571428571,97.13563833321047,261,71,0,0,419.83,79.0,0,0
14.20,8.571428571428571,97.13107708562828,261,71,0,0,405.52,76.0,0,0
14.20,8.571428571428571,97.12473863831045,261,71,0,0,391.21,73.0,0,0
14.22,8.571428571428571,97.12207113502906,261,71,0,0,376.9,70.0,0,0
14.22,8.571428571428571,97.1168930255426,261,71,0,0,362.59000000000003,67.0,0,0
14.22,8.571428571428571,97.11364415299815,261,71,0,0,348.28,63.99999999999999,0,0
14.22,8.571428571428571,97.10712882937419,261,71,0,0,333.96999999999997,60.99999999999999,0,0
14.22,8.571428571428571,97.10190712088063,261,71,0,0,319.65999999999997,57.99999999999999,0,0
14.22,8.571428571428571,97.09689717166883,261,71,0,0,305.34999999999997,54.99999999999999,0,0
14.22,8.571428571428571,97.09108870845394,261,71,0,0,291.03999999999996,51.99999999999999,0,0
14.22,8.571428571428571,97.08735464341665,261,71,0,0,276.7299999999999,48.99999999999998,0,0
14.22,8.571428571428571,97.07969049513531,261,71,0,0,262.4199999999999,45.99999999999997,0,0
14.22,8.571428571428571,97.07447915697865,261,71,0,0,248.10999999999984,42.99999999999997,0,0
14.23,8.571428571428571,97.06783392581656,261,71,0,0,233.79999999999984,39.99999999999997,0,0
14.23,8.571428571428571,97.06226970520362,261,71,0,0,219.48999999999984,36.999999999999964,0,0
14.23,8.571428571428571,97.05909975304962,261,71,0,0,205.1799999999999,33.99999999999997,0,0
14.23,8.571428571428571,97.05202457516579,261,71,0,0,190.8699999999999,30.99999999999997,0,0
14.23,8.571428571428571,97.04542513443775,261,71,0,0,176.55999999999983,27.99999999999997,0,0
14.23,8.571428571428571,97.03682653723622,261,71,0,0,162.24999999999983,24.99999999999997,0,0
14.23,8.571428571428571,97.03219754827596,261,71,0,0,147.93999999999988,21.99999999999997,0,0
14.23,8.571428571428571,97.02571743625218,261,71,0,0,133.62999999999988,18.99999999999997,0,0
14.23,8.571428571428571,97.01846917906087,261,71,0,0,119.31999999999988,15.999999999999972,0,0
14.23,8.571428571428571,97.01570834048815,261,71,0,0,105.00999999999982,12.999999999999972,0,0
14.25,8.571428571428571,97.01054415799308,261,71,0,0,90.69999999999987,9.999999999999972,0,0
14.25,8.571428571428571,97.00497706139473,261,71,0,0,76.38999999999987,6.999999999999972,0,0
14.25,8.571428571428571,97.00073095814747,261,71,0,0,62.07999999999987,3.9999999999999716,0,0
14.25,8.571428571428571,96.99589503064276,261,71,0,0,47.76999999999987,0.9999999999999716,0,0
14.25,8.571428571428571,96.99134419436587,261,71,0,0,43,0.0,0,0
14.25,8.571428571428571,96.9903779121978,261,71,0,0,57.31,3.0,0,0
14.25,8.571428571428571,96.9940605099935,261,71,0,0,71.62,6.0,0,0
14.25,8.571428571428571,96.99292588346728,261,71,0,0,85.93,9.0,0,0
14.27,8.571428571428571,96.9905033661126,261,71,0,0,100.24000000000001,12.0,0,0
14.28,8.571428571428571,96.99308259858287,261,71,0,0,114.55000000000001,15.0,0,0
14.28,8.571428571428571,96.99372868879199,261,71,0,0,128.86,18.0,0,0
14.28,8.571428571428571,96.99810462739855,261,71,0,0,143.16999999999996,21.0,0,0
14.30,8.571428571428571,96.9980678793186,261,71,0,0,157.48000000000002,24.0,0,0
14.30,8.571428571428571,97.00582827307765,261,71,0,0,171.79000000000002,27.0,0,0
14.30,8.571428571428571,97.00887682586965,261,71,0,0,186.10000000000002,30.0,0,0
14.30,8.571428571428571,97.01543152060313,261,71,0,0,200.40999999999997,33.0,0,0
14.30,8.571428571428571,97.01883704368267,261,71,0,0,214.71999999999997,36.0,0,0
14.30,8.571428571428571,97.01649411443516,261,71,0,0,229.03000000000003,39.0,0,0
14.30,8.571428571428571,97.02218635451575,261,71,0,0,243.34000000000003,42.00000000000001,0,0
14.32,8.571428571428571,97.02543846289034,261,71,0,0,257.65000000000003,45.00000000000001,0,0
14.32,8.571428571428571,97.02589078603073,261,71,0,0,271.96000000000004,48.00000000000001,0,0
14.32,8.571428571428571,97.03171455357092,261,71,0,0,286.27000000000004,51.00000000000001,0,0
14.32,8.571428571428571,97.04059956263247,261,71,0,0,300.58000000000004,54.00000000000001,0,0
14.32,8.571428571428571,97.05656982192203,261,71,0,0,314.89000000000004,57.000000000000014,0,0
14.32,8.571428571428571,97.06132068891955,261,71,0,0,329.20000000000005,60.00000000000001,0,0
14.33,8.571428571428571,97.06985090816708,261,71,0,0,343.51,63.0,0,0
14.33,8.571428571428571,97.07358621060264,261,71,0,0,357.82,66.0,0,0
14.33,8.571428571428571,97.0796391604565,261,71,0,0,372.13,69.0,0,0
14.33,8.571428571428571,97.08816747936143,261,71,0,0,386.44,72.0,0,0
14.33,8.571428571428571,97.09368243982502,261,71,0,0,400.75,75.0,0,0
14.35,8.571428571428571,97.10572843807303,261,71,0,0,415.06,78.0,0,0
14.35,8.571428571428571,97.11170846515874,261,71,0,0,429.37,81.0,0,0
14.35,8.571428571428571,97.1259194551247,261,71,0,0,443.68,84.0,0,0
14.35,8.571428571428571,97.12958230112329,261,71,0,0,457.99,87.0,0,0
14.35,8.571428571428571,97.13821564619214,262,71,0,0,472.3,90.0,0,0
14.35,8.571428571428571,97.1420157721445,262,71,0,0,486.61,93.0,0,0
14.35,8.571428571428571,97.15526810723618,262,71,0,0,500.92,96.0,0,0
14.35,8.571428571428571,97.16108004160859,262,71,0,0,515.23,99.0,0,0
14.35,6.0,97.17210052921652,262,71,0,0,520,100.0,0,0
14.35,6.0,97.16497886209412,262,71,0,0,505.69,97.0,0,0
14.37,6.0,97.15884484649746,262,71,0,0,491.38,94.0,0,0
14.37,6.0,97.15590780856795,262,71,0,0,477.07,91.0,0,0
14.37,6.0,97.15364078495394,262,71,0,0,462.76,88.0,0,0
14.37,6.0,97.14960800450551,262,71,0,0,448.45,85.0,0,0
14.37,6.0,97.1392068442277,262,71,0,0,434.14,82.0,0,0
14.37,6.0,97.13260943429414,262,71,0,0,419.83,79.0,0,0
14.37,6.0,97.12199912054737,262,71,0,0,405.52,76.0,0,0
14.37,6.0,97.11596148415222,262,71,0,0,391.21,73.0,0,0
14.37,6.0,97.11128380623407,262,71,0,0,376.9,70.0,0,0
14.38,6.0,97.10341250747646,262,71,0,0,362.59000000000003,67.0,0,0
14.38,6.0,97.0952195946118,262,71,0,0,348.28,63.99999999999999,0,0
14.38,6.0,97.08918080218888,262,71,0,0,333.96999999999997,60.99999999999999,0,0
14.38,6.0,97.08629416660987,262,71,0,0,319.65999999999997,57.99999999999999,0,0
14.38,6.0,97.078454820658,262,71,0,0,305.34999999999997,54.99999999999999,0,0
14.38,6.0,97.07549301831845,262,71,0,0,291.03999999999996,51.99999999999999,0,0
14.38,6.0,97.07482383161279,262,71,0,0,276.7299999999999,48.99999999999998,0,0
14.38,6.0,97.06921683782248,262,71,0,0,262.4199999999999,45.99999999999997,0,0
14.38,6.0,97.06338829119188,262,71,0,0,248.10999999999984,42.99999999999997,0,0
14.38,6.0,97.06049852227554,262,71,0,0,233.79999999999984,39.99999999999997,0,0
14.40,6.0,97.05172270170532,262,71,0,0,219.48999999999984,36.999999999999964,0,0
14.40,6.0,97.0488717452003,262,71,0,0,205.1799999999999,33.99999999999997,0,0
14.40,6.0,97.04370357486475,262,71,0,0,190.8699999999999,30.99999999999997,0,0
14.40,6.0,97.04000935533573,262,71,0,0,176.55999999999983,27.99999999999997,0,0
14.40,6.0,97.03454822321905,262,71,0,0,162.24999999999983,24.99999999999997,0,0
14.40,6.0,97.0258583449282,263,71,0,0,147.93999999999988,21.99999999999997,0,0
14.40,6.0,97.0233609812344,263,71,0,0,133.62999999999988,18.99999999999997,0,0
14.40,6.0,97.02323254623397,263,71,0,0,119.31999999999988,15.999999999999972,0,0
14.40,6.0,97.0219588984562,263,71,0,0,105.00999999999982,12.999999999999972,0,0
14.40,6.0,97.01669029228123,264,71,0,0,90.69999999999987,9.999999999999972,0,0
14.42,6.0,97.012125203405,264,71,0,0,76.38999999999987,6.999999999999972,0,0
14.42,6.0,97.00942285657466,264,71,0,0,62.07999999999987,3.9999999999999716,0,0
14.42,6.0,97.00109790369956,264,71,0,0,47.76999999999987,0.9999999999999716,0,0
14.42,6.0,96.99589025765282,264,71,0,0,43,0.0,0,0
14.42,6.0,96.99632841205309,264,71,0,0,57.31,3.0,0,0
14.42,6.0,97.0037936344257,264,71,0,0,71.62,6.0,0,0
14.42,6.0,97.00677534609011,264,71,0,0,85.93,9.0,0,0
14.42,6.0,97.00548293139482,264,71,0,0,100.24000000000001,12.0,0,0
14.42,6.0,97.01398007839578,264,71,0,0,114.55000000000001,15.0,0,0
14.42,6.0,97.01577795446597,264,71,0,0,128.86,18.0,0,0
14.43,6.0,97.02076248488655,264,71,0,0,143.16999999999996,21.0,0,0
14.43,6.0,97.02563652752956,264,71,0,0,157.48000000000002,24.0,0,0
14.43,6.0,97.02628529323488,264,71,0,0,171.79000000000002,27.0,0,0
14.43,6.0,97.03251864322799,264,71,0,0,186.10000000000002,30.0,0,0
14.43,6.0,97.02919000131048,264,71,0,0,200.40999999999997,33.0,0,0
14.43,6.0,97.03461964373068,264,71,0,0,214.71999999999997,36.0,0,0
14.43,6.0,97.03872476175223,264,71,0,0,229.03000000000003,39.0,0,0
14.43,6.0,97.04504598502805,264,71,0,0,243.34000000000003,42.00000000000001,0,0
14.43,6.0,97.04125498415979,264,71,0,0,257.65000000000003,45.00000000000001,0,0
14.45,6.0,97.0402317759468,264,71,0,0,271.96000000000004,48.00000000000001,0,0
14.45,6.0,97.0479638093422,264,71,0,0,286.27000000000004,51.00000000000001,0,0
14.45,6.0,97.05731254206712,264,71,0,0,300.58000000000004,54.00000000000001,0,0
14.45,6.0,97.06495678084202,264,71,0,0,314.89000000000004,57.000000000000014,0,0
14.45,6.0,97.06585510747588,264,71,0,0,329.20000000000005,60.00000000000001,0,0
14.45,6.0,97.07010464353918,264,71,0,0,343.51,63.0,0,0
14.45,6.0,97.08032477097707,264,71,0,0,357.82,66.0,0,0
14.45,6.0,97.09033019958626,264,71,0,0,372.13,69.0,0,0
14.45,6.0,97.09619596231455,264,71,0,0,386.44,72.0,0,0
14.45,6.0,97.10288906425919,264,71,0,0,400.75,75.0,0,0
14.47,6.0,97.11500536599459,264,71,0,0,415.06,78.0,0,0
14.47,6.0,97.12555268999502,264,71,0,0,429.37,81.0,0,0
14.47,6.0,97.1310488221736,264,71,0,0,443.68,84.0,0,0
14.47,6.0,97.13365143390041,264,71,0,0,457.99,87.0,0,0
14.47,6.0,97.14044065314381,264,71,0,0,472.3,90.0,0,0
14.47,6.0,97.1443293101277,264,71,0,0,486.61,93.0,0,0
14.47,6.0,97.1532777067434,264,71,0,0,500.92,96.0,0,0
14.47,6.0,97.15848212773278,264,71,0,0,515.23,99.0,0,0
14.47,8.571428571428571,97.17177918907221,264,71,0,0,520,100.0,0,0
14.47,8.571428571428571,97.17038466052364,264,71,0,0,505.69,97.0,0,0
14.48,8.571428571428571,97.16596311083188,264,71,0,0,491.38,94.0,0,0
14.48,8.571428571428571,97.16008027871113,264,71,0,0,477.07,91.0,0,0
14.48,8.571428571428571,97.15799249979078,264,71,0,0,462.76,88.0,0,0
14.48,8.571428571428571,97.15277058736511,264,71,0,0,448.45,85.0,0,0
14.48,8.571428571428571,97.1479341600479,264,71,0,0,434.14,82.0,0,0
14.48,8.571428571428571,97.13921487544826,264,71,0,0,419.83,79.0,0,0
14.48,8.571428571428571,97.13254059580201,264,71,0,0,405.52,76.0,0,0
14.48,8.571428571428571,97.12898772047645,264,71,0,0,391.21,73.0,0,0
14.48,8.571428571428571,97.12584754197717,264,71,0,0,376.9,70.0,0,0
14.48,8.571428571428571,97.12407565763735,264,71,0,0,362.59000000000003,67.0,0,0
14.50,8.571428571428571,97.11896307666296,264,71,0,0,348.28,63.99999999999999,0,0
14.50,8.571428571428571,97.11661445272061,264,71,0,0,333.96999999999997,60.99999999999999,0,0
14.50,8.571428571428571,97.10928290515008,264,71,0,0,319.65999999999997,57.99999999999999,0,0
14.50,8.571428571428571,97.10291397223618,264,71,0,0,305.34999999999997,54.99999999999999,0,0
14.50,8.571428571428571,97.09522271800542,264,71,0,0,291.03999999999996,51.99999999999999,0,0
14.50,8.571428571428571,97.08739973833437,264,71,0,0,276.7299999999999,48.99999999999998,0,0
14.50,8.571428571428571,97.08140491557654,264,71,0,0,262.4199999999999,45.99999999999997,0,0
14.50,8.571428571428571,97.0779773732614,264,71,0,0,248.10999999999984,42.99999999999997,0,0
14.50,8.571428571428571,97.07268650941494,264,71,0,0,233.79999999999984,39.99999999999997,0,0
14.50,8.571428571428571,97.06824517161944,264,71,0,0,219.48999999999984,36.999999999999964,0,0
14.52,8.571428571428571,97.06354906256054,264,71,0,0,205.1799999999999,33.99999999999997,0,0
14.52,8.571428571428571,97.05718860747159,264,71,0,0,190.8699999999999,30.99999999999997,0,0
14.52,8.571428571428571,97.05631817513236,264,71,0,0,176.55999999999983,27.99999999999997,0,0
14.52,8.571428571428571,97.05341856748647,264,71,0,0,162.24999999999983,24.99999999999997,0,0
14.52,8.571428571428571,97.05242961770622,264,71,0,0,147.93999999999988,21.99999999999997,0,0
14.53,8.571428571428571,97.05044410508964,264,71,0,0,133.62999999999988,18.99999999999997,0,0
14.55,8.571428571428571,97.04646651979142,264,71,0,0,119.31999999999988,15.999999999999972,0,0
14.55,8.571428571428571,97.03982669220711,264,71,0,0,105.00999999999982,12.999999999999972,0,0
14.55,8.571428571428571,97.03451940950627,264,71,0,0,90.69999999999987,9.999999999999972,0,0
14.55,8.571428571428571,97.025189445889,264,71,0,0,76.38999999999987,6.999999999999972,0,0
14.55,8.571428571428571,97.02157880179917,264,71,0,0,62.07999999999987,3.9999999999999716,0,0
14.55,8.571428571428571,97.0153452442736,264,71,0,0,47.76999999999987,0.9999999999999716,0,0
14.55,8.571428571428571,97.00570012520687,264,71,0,0,43,0.0,0,0
14.57,8.571428571428571,97.00383059697666,264,71,0,0,57.31,3.0,0,0
14.57,8.571428571428571,97.00997152431684,264,71,0,0,71.62,6.0,0,0
14.57,8.571428571428571,97.01398015913912,264,71,0,0,85.93,9.0,0,0
14.58,8.571428571428571,97.01645777295077,264,71,0,0,100.24000000000001,12.0,0,0
14.58,8.571428571428571,97.02143583185263,264,71,0,0,114.55000000000001,15.0,0,0
14.62,8.571428571428571,97.0232651294583,264,71,0,0,128.86,18.0,0,0
14.62,8.571428571428571,97.02655215260525,264,71,0,0,143.16999999999996,21.0,0,0
14.62,8.571428571428571,97.03239961264654,264,71,0,0,157.48000000000002,24.0,0,0
14.62,8.571428571428571,97.03199658497127,264,71,0,0,171.79000000000002,27.0,0,0
14.62,8.571428571428571,97.03089388278816,264,71,0,0,186.10000000000002,30.0,0,0
14.62,8.571428571428571,97.0327030824151,264,71,0,0,200.40999999999997,33.0,0,0
14.62,8.571428571428571,97.03167195889536,264,71,0,0,214.71999999999997,36.0,0,0
14.62,8.571428571428571,97.03507367178737,264,71,0,0,229.03000000000003,39.0,0,0
14.62,8.571428571428571,97.03806148981394,264,71,0,0,243.34000000000003,42.00000000000001,0,0
14.62,8.571428571428571,97.04387824642163,264,71,0,0,257.65000000000003,45.00000000000001,0,0
14.62,8.571428571428571,97.04667846996999,264,71,0,0,271.96000000000004,48.00000000000001,0,0
14.63,8.571428571428571,97.05297516754466,264,71,0,0,286.27000000000004,51.00000000000001,0,0
14.63,8.571428571428571,97.05709151459666,264,71,0,0,300.58000000000004,54.00000000000001,0,0
14.63,8.571428571428571,97.06717286400874,264,71,0,0,314.89000000000004,57.000000000000014,0,0
14.63,8.571428571428571,97.08236442015784,264,71,0,0,329.20000000000005,60.00000000000001,0,0
14.63,8.571428571428571,97.08660470066317,264,71,0,0,343.51,63.0,0,0
14.63,8.571428571428571,97.09578921376931,264,71,0,0,357.82,66.0,0,0
14.63,8.571428571428571,97.10173356328568,264,71,0,0,372.13,69.0,0,0
14.63,8.571428571428571,97.10336518035601,264,71,0,0,386.44,72.0,0,0
14.63,8.571428571428571,97.11790049584336,265,71,0,0,400.75,75.0,0,0
14.63,8.571428571428571,97.12381122231591,265,71,0,0,415.06,78.0,0,0
14.65,8.571428571428571,97.13383957837007,265,71,0,0,429.37,81.0,0,0
14.65,8.571428571428571,97.14352309525381,265,71,0,0,443.68,84.0,0,0
14.65,8.571428571428571,97.14763361483502,265,71,0,0,457.99,87.0,0,0
14.65,8.571428571428571,97.15573158934387,265,71,0,0,472.3,90.0,0,0
14.65,8.571428571428571,97.17005864869326,265,71,0,0,486.61,93.0,0,0
14.65,8.571428571428571,97.17941337134828,265,71,0,0,500.92,96.0,0,0
14.65,8.571428571428571,97.18827210812853,265,71,0,0,515.23,99.0,0,0
14.65,5.454545454545454,97.19163429688639,265,71,0,0,520,100.0,0,0
14.65,5.454545454545454,97.1882425040072,265,71,0,0,505.69,97.0,0,0
14.65,5.454545454545454,97.18525293936105,265,71,0,0,491.38,94.0,0,0
14.67,5.454545454545454,97.17697905606677,265,71,0,0,477.07,91.0,0,0
14.67,5.454545454545454,97.17554611382562,265,71,0,0,462.76,88.0,0,0
14.67,5.454545454545454,97.17233934689106,265,71,0,0,448.45,85.0,0,0
14.67,5.454545454545454,97.17147937978714,265,72,0,0,434.14,82.0,0,0
14.67,5.454545454545454,97.1675207461016,265,72,0,0,419.83,79.0,0,0
14.67,5.454545454545454,97.16126795959487,265,72,0,0,405.52,76.0,0,0
14.67,5.454545454545454,97.15838075950171,265,72,0,0,391.21,73.0,0,0
14.67,5.454545454545454,97.15549596003152,265,72,0,0,376.9,70.0,0,0
14.67,5.454545454545454,97.14818749877226,265,72,0,0,362.59000000000003,67.0,0,0
14.67,5.454545454545454,97.14127339940029,265,72,0,0,348.28,63.99999999999999,0,0
14.68,5.454545454545454,97.13450276723752,265,72,0,0,333.96999999999997,60.99999999999999,0,0
14.68,5.454545454545454,97.12931702672924,265,72,0,0,319.65999999999997,57.99999999999999,0,0
14.68,5.454545454545454,97.12448368689522,265,72,0,0,305.34999999999997,54.99999999999999,0,0
14.68,5.454545454545454,97.11891736862178,265,72,0,0,291.03999999999996,51.99999999999999,0,0
14.68,5.454545454545454,97.10996768560805,265,72,0,0,276.7299999999999,48.99999999999998,0,0
14.68,5.454545454545454,97.10531960932977,265,72,0,0,262.4199999999999,45.99999999999997,0,0
14.68,5.454545454545454,97.09902250275698,265,72,0,0,248.10999999999984,42.99999999999997,0,0
14.68,5.454545454545454,97.09255912066159,266,72,0,0,233.79999999999984,39.99999999999997,0,0
14.68,5.454545454545454,97.08915306029071,266,72,0,0,219.48999999999984,36.999999999999964,0,0
14.68,5.454545454545454,97.08296555778843,266,72,0,0,205.1799999999999,33.99999999999997,0,0
14.70,5.454545454545454,97.07733621447474,266,72,0,0,190.8699999999999,30.99999999999997,0,0
14.70,5.454545454545454,97.06752484990571,266,72,0,0,176.55999999999983,27.99999999999997,0,0
14.70,5.454545454545454,97.06145588277886,266,72,0,0,162.24999999999983,24.99999999999997,0,0
14.70,5.454545454545454,97.05807909327467,266,72,0,0,147.93999999999988,21.99999999999997,0,0
14.70,5.454545454545454,97.05551077570227,266,72,0,0,133.62999999999988,18.99999999999997,0,0
14.70,5.454545454545454,97.0495821279219,266,72,0,0,119.31999999999988,15.999999999999972,0,0
14.70,5.454545454545454,97.04776385443256,266,72,0,0,105.00999999999982,12.999999999999972,0,0
14.70,5.454545454545454,97.04103721364399,266,72,0,0,90.69999999999987,9.999999999999972,0,0
14.70,5.454545454545454,97.0338360379053,266,72,0,0,76.38999999999987,6.999999999999972,0,0
14.70,5.454545454545454,97.02967847460177,266,72,0,0,62.07999999999987,3.9999999999999716,0,0
14.72,5.454545454545454,97.02527000547258,266,72,0,0,47.76999999999987,0.9999999999999716,0,0
14.72,5.454545454545454,97.02023719119049,266,72,0,0,43,0.0,0,0
14.72,5.454545454545454,97.02616241037589,266,72,0,0,57.31,3.0,0,0
14.72,5.454545454545454,97.02284856385985,266,72,0,0,71.62,6.0,0,0
14.72,5.454545454545454,97.02157935977856,266,72,0,0,85.93,9.0,0,0
14.72,5.454545454545454,97.02627087085092,266,72,0,0,100.24000000000001,12.0,0,0
14.72,5.454545454545454,97.0282931535423,266,72,0,0,114.55000000000001,15.0,0,0
14.72,5.454545454545454,97.03121899414079,266,72,0,0,128.86,18.0,0,0
14.72,5.454545454545454,97.03292599782039,266,72,0,0,143.16999999999996,21.0,0,0
14.72,5.454545454545454,97.03317650696063,266,72,0,0,157.48000000000002,24.0,0,0
14.73,5.454545454545454,97.03204297849783,266,72,0,0,171.79000000000002,27.0,0,0
14.73,5.454545454545454,97.03339545989695,266,72,0,0,186.10000000000002,30.0,0,0
14.73,5.454545454545454,97.03767117823297,267,72,0,0,200.40999999999997,33.0,0,0
14.73,5.454545454545454,97.04070502974135,267,72,0,0,214.71999999999997,36.0,0,0
14.73,5.454545454545454,97.03839199352974,267,72,0,0,229.03000000000003,39.0,0,0
14.73,5.454545454545454,97.0377647304903,267,72,0,0,243.34000000000003,42.00000000000001,0,0
14.73,5.454545454545454,97.0403925812947,267,72,0,0,257.65000000000003,45.00000000000001,0,0
14.73,5.454545454545454,97.04189750842676,267,72,0,0,271.96000000000004,48.00000000000001,0,0
14.73,5.454545454545454,97.04985924862333,267,72,0,0,286.27000000000004,51.00000000000001,0,0
14.73,5.454545454545454,97.05951094129968,267,72,0,0,300.58000000000004,54.00000000000001,0,0
14.75,5.454545454545454,97.06874707972497,267,72,0,0,314.89000000000004,57.000000000000014,0,0
14.75,5.454545454545454,97.07602007313145,267,72,0,0,329.20000000000005,60.00000000000001,0,0
14.75,5.454545454545454,97.07946465411561,267,72,0,0,343.51,63.0,0,0
14.75,5.454545454545454,97.08950161110526,268,72,0,0,357.82,66.0,0,0
14.75,5.454545454545454,97.0978733042647,268,72,0,0,372.13,69.0,0,0
14.75,5.454545454545454,97.10698425078326,268,72,0,0,386.44,72.0,0,0
14.75,5.454545454545454,97.11832002771446,268,72,0,0,400.75,75.0,0,0
14.75,5.454545454545454,97.12415561259847,268,72,0,0,415.06,78.0,0,0
14.75,5.454545454545454,97.13140714592657,268,72,0,0,429.37,81.0,0,0
14.75,5.454545454545454,97.13744209417312,268,72,0,0,443.68,84.0,0,0
14.77,5.454545454545454,97.14913085035512,268,72,0,0,457.99,87.0,0,0
14.77,5.454545454545454,97.1574896336705,268,72,0,0,472.3,90.0,0,0
14.77,5.454545454545454,97.16505204892063,268,72,0,0,486.61,93.0,0,0
14.77,5.454545454545454,97.17404298137063,268,72,0,0,500.92,96.0,0,0
14.77,5.454545454545454,97.17843481501916,268,72,0,0,515.23,99.0,0,0
14.77,8.571428571428571,97.19420049651396,268,72,0,0,520,100.0,0,0
14.77,8.571428571428571,97.19093467291962,268,72,0,0,505.69,97.0,0,0
14.77,8.571428571428571,97.18776285003412,268,72,0,0,491.38,94.0,0,0
14.77,8.571428571428571,97.18051641813277,268,72,0,0,477.07,91.0,0,0
14.77,8.571428571428571,97.17305518951615,268,72,0,0,462.76,88.0,0,0
14.78,8.571428571428571,97.16347123301027,268,72,0,0,448.45,85.0,0,0
14.78,8.571428571428571,97.16033784020837,268,72,0,0,434.14,82.0,0,0
14.78,8.571428571428571,97.15578519067284,268,72,0,0,419.83,79.0,0,0
14.78,8.571428571428571,97.1506281745599,268,72,0,0,405.52,76.0,0,0
14.78,8.571428571428571,97.14730101494334,268,72,0,0,391.21,73.0,0,0
14.78,8.571428571428571,97.13872534342484,268,72,0,0,376.9,70.0,0,0
14.78,8.571428571428571,97.13303123500106,268,72,0,0,362.59000000000003,67.0,0,0
14.78,8.571428571428571,97.12710480821234,268,72,0,0,348.28,63.99999999999999,0,0
14.78,8.571428571428571,97.12699854275193,268,72,0,0,333.96999999999997,60.99999999999999,0,0
14.80,8.571428571428571,97.1202950655922,268,72,0,0,319.65999999999997,57.99999999999999,0,0
14.80,8.571428571428571,97.11818225930027,268,72,0,0,305.34999999999997,54.99999999999999,0,0
14.80,8.571428571428571,97.11271640731434,268,72,0,0,291.03999999999996,51.99999999999999,0,0
14.80,8.571428571428571,97.10633284941652,268,72,0,0,276.7299999999999,48.99999999999998,0,0
14.80,8.571428571428571,97.10213134691553,268,72,0,0,262.4199999999999,45.99999999999997,0,0
14.80,8.571428571428571,97.1001336539451,268,72,0,0,248.10999999999984,42.99999999999997,0,0
14.80,8.571428571428571,97.0926979523821,268,72,0,0,233.79999999999984,39.99999999999997,0,0
14.80,8.571428571428571,97.08509034544869,268,72,0,0,219.48999999999984,36.999999999999964,0,0
14.80,8.571428571428571,97.08448116517081,268,72,0,0,205.1799999999999,33.99999999999997,0,0
14.80,8.571428571428571,97.0791320393976,268,72,0,0,190.8699999999999,30.99999999999997,0,0
14.82,8.571428571428571,97.07390328025846,268,72,0,0,176.55999999999983,27.99999999999997,0,0
14.82,8.571428571428571,97.06984158810101,268,72,0,0,162.24999999999983,24.99999999999997,0,0
14.82,8.571428571428571,97.06093306447735,268,72,0,0,147.93999999999988,21.99999999999997,0,0
14.82,8.571428571428571,97.05570951922094,268,72,0,0,133.62999999999988,18.99999999999997,0,0
14.82,8.571428571428571,97.0525563380508,268,72,0,0,119.31999999999988,15.999999999999972,0,0
14.82,8.571428571428571,97.04938591051757,268,72,0,0,105.00999999999982,12.999999999999972,0,0
14.82,8.571428571428571,97.04452870538057,268,72,0,0,90.69999999999987,9.999999999999972,0,0
14.82,8.571428571428571,97.03640841220637,268,72,0,0,76.38999999999987,6.999999999999972,0,0
14.82,8.571428571428571,97.02842392903308,268,72,0,0,62.07999999999987,3.9999999999999716,0,0
14.82,8.571428571428571,97.02263928595247,268,72,0,0,47.76999999999987,0.9999999999999716,0,0
14.83,8.571428571428571,97.0165023197016,268,72,0,0,43,0.0,0,0
14.83,8.571428571428571,97.01712209521838,268,72,0,0,57.31,3.0,0,0
14.83,8.571428571428571,97.01763893907433,268,72,0,0,71.62,6.0,0,0
14.83,8.571428571428571,97.01782103634986,268,72,0,0,85.93,9.0,0,0
14.83,8.571428571428571,97.02257696789314,268,72,0,0,100.24000000000001,12.0,0,0
14.83,8.571428571428571,97.0303332980862,268,72,0,0,114.55000000000001,15.0,0,0
14.83,8.571428571428571,97.03509091022765,268,72,0,0,128.86,18.0,0,0
14.83,8.571428571428571,97.03337725438143,268,72,0,0,143.16999999999996,21.0,0,0
14.83,8.571428571428571,97.03842873933536,268,72,0,0,157.48000000000002,24.0,0,0
14.83,8.571428571428571,97.04505485664508,268,72,0,0,171.79000000000002,27.0,0,0
14.85,8.571428571428571,97.04697837483322,268,72,0,0,186.10000000000002,30.0,0,0
14.85,8.571428571428571,97.05131635474612,268,72,0,0,200.40999999999997,33.0,0,0
14.85,8.571428571428571,97.05515466078735,268,72,0,0,214.71999999999997,36.0,0,0
14.85,8.571428571428571,97.06360216954712,268,72,0,0,229.03000000000003,39.0,0,0
14.85,8.571428571428571,97.06050933695386,268,72,0,0,243.34000000000003,42.00000000000001,0,0
14.85,8.571428571428571,97.06648608714556,268,72,0,0,257.65000000000003,45.00000000000001,0,0
14.85,8.571428571428571,97.06606073723255,268,72,0,0,271.96000000000004,48.00000000000001,0,0
14.85,8.571428571428571,97.07707388509186,268,72,0,0,286.27000000000004,51.00000000000001,0,0
14.85,8.571428571428571,97.09222451170889,268,72,0,0,300.58000000000004,54.00000000000001,0,0
14.85,8.571428571428571,97.1028508311812,268,72,0,0,314.89000000000004,57.000000000000014,0,0
14.87,8.571428571428571,97.11130508036868,268,72,0,0,329.20000000000005,60.00000000000001,0,0
14.87,8.571428571428571,97.11863041667935,268,72,0,0,343.51,63.0,0,0
14.87,8.571428571428571,97.1275671284319,268,72,0,0,357.82,66.0,0,0
14.87,8.571428571428571,97.13132927865401,268,72,0,0,372.13,69.0,0,0
14.87,8.571428571428571,97.14175076845164,268,72,0,0,386.44,72.0,0,0
14.87,8.571428571428571,97.14268959581591,268,72,0,0,400.75,75.0,0,0
14.87,8.571428571428571,97.1461813803462,268,72,0,0,415.06,78.0,0,0
14.87,8.571428571428571,97.15855252180285,268,72,0,0,429.37,81.0,0,0
14.87,8.571428571428571,97.17071024167869,268,72,0,0,443.68,84.0,0,0
14.87,8.571428571428571,97.1738700525746,268,72,0,0,457.99,87.0,0,0
14.88,8.571428571428571,97.17993587962066,268,72,0,0,472.3,90.0,0,0
14.88,8.571428571428571,97.18549702904862,268,72,0,0,486.61,93.0,0,0
14.88,8.571428571428571,97.19337031245827,268,72,0,0,500.92,96.0,0,0
14.88,8.571428571428571,97.20112892933064,268,72,0,0,515.23,99.0,0,0
14.88,8.571428571428571,97.20928495906429,268,72,0,0,520,100.0,0,0
14.88,8.571428571428571,97.20717686536901,268,72,0,0,505.69,97.0,0,0
14.88,8.571428571428571,97.2050374977162,268,72,0,0,491.38,94.0,0,0
14.88,8.571428571428571,97.20075190268484,268,72,0,0,477.07,91.0,0,0
14.88,8.571428571428571,97.19592926966699,268,72,0,0,462.76,88.0,0,0
14.88,8.571428571428571,97.19061991249042,268,72,0,0,448.45,85.0,0,0
14.90,8.571428571428571,97.18745190206715,268,72,0,0,434.14,82.0,0,0
14.90,8.571428571428571,97.1813753440759,268,72,0,0,419.83,79.0,0,0
14.90,8.571428571428571,97.17628776919457,268,72,0,0,405.52,76.0,0,0
14.90,8.571428571428571,97.17291064944125,268,72,0,0,391.21,73.0,0,0
14.90,8.571428571428571,97.16391106793385,268,72,0,0,376.9,70.0,0,0
14.90,8.571428571428571,97.15899193430391,268,72,0,0,362.59000000000003,67.0,0,0
14.90,8.571428571428571,97.15365541877236,268,72,0,0,348.28,63.99999999999999,0,0
14.90,8.571428571428571,97.14879575563351,268,72,0,0,333.96999999999997,60.99999999999999,0,0
14.90,8.571428571428571,97.14581315539762,268,72,0,0,319.65999999999997,57.99999999999999,0,0
14.90,8.571428571428571,97.13780158971775,268,72,0,0,305.34999999999997,54.99999999999999,0,0
14.92,8.571428571428571,97.13415090022767,268,72,0,0,291.03999999999996,51.99999999999999,0,0
14.92,8.571428571428571,97.13042724623229,268,72,0,0,276.7299999999999,48.99999999999998,0,0
14.92,8.571428571428571,97.1260437377697,269,72,0,0,262.4199999999999,45.99999999999997,0,0
14.92,8.571428571428571,97.12083124353636,269,72,0,0,248.10999999999984,42.99999999999997,0,0
14.92,8.571428571428571,97.1169685809125,269,72,0,0,233.79999999999984,39.99999999999997,0,0
14.92,8.571428571428571,97.10614801723325,269,72,0,0,219.48999999999984,36.999999999999964,0,0
14.92,8.571428571428571,97.10162776182243,270,72,0,0,205.1799999999999,33.99999999999997,0,0
14.92,8.571428571428571,97.09564768853278,270,72,0,0,190.8699999999999,30.99999999999997,0,0
14.92,8.571428571428571,97.08901546204844,270,72,0,0,176.55999999999983,27.99999999999997,0,0
14.92,8.571428571428571,97.08629690723497,270,72,0,0,162.24999999999983,24.99999999999997,0,0
14.93,8.571428571428571,97.08433933482958,270,72,0,0,147.93999999999988,21.99999999999997,0,0
14.93,8.571428571428571,97.08038063792927,270,72,0,0,133.62999999999988,18.99999999999997,0,0
14.93,8.571428571428571,97.08025280214832,270,72,0,0,119.31999999999988,15.999999999999972,0,0
14.93,8.571428571428571,97.0710498600964,270,72,0,0,105.00999999999982,12.999999999999972,0,0
14.93,8.571428571428571,97.06216759698829,270,72,0,0,90.69999999999987,9.999999999999972,0,0
14.93,8.571428571428571,97.05865619251027,270,72,0,0,76.38999999999987,6.999999999999972,0,0
14.93,8.571428571428571,97.05829710133048,270,72,0,0,62.07999999999987,3.9999999999999716,0,0
14.93,8.571428571428571,97.05508707761767,270,72,0,0,47.76999999999987,0.9999999999999716,0,0
14.93,8.571428571428571,97.05292266988751,270,72,0,0,43,0.0,0,0
14.95,8.571428571428571,97.05586592568804,270,72,0,0,57.31,3.0,0,0
14.95,8.571428571428571,97.05339131856128,270,72,0,0,71.62,6.0,0,0
14.95,8.571428571428571,97.06118730622656,270,72,0,0,85.93,9.0,0,0
14.95,8.571428571428571,97.06519508762085,270,72,0,0,100.24000000000001,12.0,0,0
14.95,8.571428571428571,97.07028143204538,270,72,0,0,114.55000000000001,15.0,0,0
14.95,8.571428571428571,97.07433193946684,270,72,0,0,128.86,18.0,0,0
14.95,8.571428571428571,97.07207868685254,270,72,0,0,143.16999999999996,21.0,0,0
14.95,8.571428571428571,97.07187240957181,270,72,0,0,157.48000000000002,24.0,0,0
14.95,8.571428571428571,97.0728065718135,271,72,0,0,171.79000000000002,27.0,0,0
14.95,8.571428571428571,97.07450793038106,271,72,0,0,186.10000000000002,30.0,0,0
14.97,8.571428571428571,97.07971993430388,272,72,0,0,200.40999999999997,33.0,0,0
14.97,8.571428571428571,97.07783991847366,272,72,0,0,214.71999999999997,36.0,0,0
14.97,8.571428571428571,97.07944664937206,272,72,0,0,229.03000000000003,39.0,0,0
14.97,8.571428571428571,97.08288580381408,272,72,0,0,243.34000000000003,42.00000000000001,0,0
14.97,8.571428571428571,97.08482767533908,272,72,0,0,257.65000000000003,45.00000000000001,0,0
14.97,8.571428571428571,97.0852885871383,272,72,0,0,271.96000000000004,48.00000000000001,0,0
14.97,8.571428571428571,97.09141125859927,272,72,0,0,286.27000000000004,51.00000000000001,0,0
14.97,8.571428571428571,97.09579654163451,272,72,0,0,300.58000000000004,54.00000000000001,0,0
14.97,8.571428571428571,97.10657750249182,272,72,0,0,314.89000000000004,57.000000000000014,0,0
14.97,8.571428571428571,97.12018603783471,272,72,0,0,329.20000000000005,60.00000000000001,0,0
14.98,8.571428571428571,97.13115158650106,272,72,0,0,343.51,63.0,0,0
14.98,8.571428571428571,97.13795445936634,272,72,0,0,357.82,66.0,0,0
14.98,8.571428571428571,97.14574815601748,272,72,0,0,372.13,69.0,0,0
14.98,8.571428571428571,97.15330647278896,272,72,0,0,386.44,72.0,0,0
14.98,8.571428571428571,97.15979840022102,272,72,0,0,400.75,75.0,0,0
14.98,8.571428571428571,97.17069203505325,272,72,0,0,415.06,78.0,0,0
14.98,8.571428571428571,97.17640306613788,272,72,0,0,429.37,81.0,0,0
14.98,8.571428571428571,97.18604651095617,272,72,0,0,443.68,84.0,0,0
14.98,8.571428571428571,97.19635567110203,272,72,0,0,457.99,87.0,0,0
14.98,8.571428571428571,97.2022256622503,272,72,0,0,472.3,90.0,0,0
15.00,8.571428571428571,97.20791143112605,273,72,0,0,486.61,93.0,0,0
15.00,8.571428571428571,97.21995835748251,273,72,0,0,500.92,96.0,0,0
15.00,8.571428571428571,97.22479145182248,273,72,0,0,515.23,99.0,0,0
15.00,8.571428571428571,97.23476100662037,273,72,0,0,520,100.0,0,0
15.00,8.571428571428571,97.2293756272989,273,72,0,0,505.69,97.0,0,0
15.00,8.571428571428571,97.22064469384694,273,72,0,0,491.38,94.0,0,0
15.00,8.571428571428571,97.21084979290005,273,72,0,0,477.07,91.0,0,0
15.00,8.571428571428571,97.20352849640979,273,72,0,0,462.76,88.0,0,0
15.00,8.571428571428571,97.20215735510497,273,72,0,0,448.45,85.0,0,0
15.00,8.571428571428571,97.19519786774464,273,72,0,0,434.14,82.0,0,0
15.02,8.571428571428571,97.19186986202972,273,72,0,0,419.83,79.0,0,0
15.02,8.571428571428571,97.18770135259084,273,72,0,0,405.52,76.0,0,0
15.02,8.571428571428571,97.18179796814668,273,72,0,0,391.21,73.0,0,0
15.02,8.571428571428571,97.17702479562924,273,72,0,0,376.9,70.0,0,0
15.02,8.571428571428571,97.17404831273811,273,72,0,0,362.59000000000003,67.0,0,0
15.02,8.571428571428571,97.17169876513861,273,72,0,0,348.28,63.99999999999999,0,0
15.02,8.571428571428571,97.16595595950241,273,72,0,0,333.96999999999997,60.99999999999999,0,0
15.02,8.571428571428571,97.15741693880088,273,72,0,0,319.65999999999997,57.99999999999999,0,0
15.02,8.571428571428571,97.15131121782717,273,72,0,0,305.34999999999997,54.99999999999999,0,0
15.02,8.571428571428571,97.1434304355584,273,72,0,0,291.03999999999996,51.99999999999999,0,0
15.03,8.571428571428571,97.14015223714061,274,72,0,0,276.7299999999999,48.99999999999998,0,0
15.03,8.571428571428571,97.13221630224176,274,72,0,0,262.4199999999999,45.99999999999997,0,0
15.03,8.571428571428571,97.12809154992648,274,72,0,0,248.10999999999984,42.99999999999997,0,0
15.03,8.571428571428571,97.12404398489458,274,72,0,0,233.79999999999984,39.99999999999997,0,0
15.03,8.571428571428571,97.11995300735126,274,72,0,0,219.48999999999984,36.999999999999964,0,0
15.03,8.571428571428571,97.11399814173213,274,72,0,0,205.1799999999999,33.99999999999997,0,0
15.05,8.571428571428571,97.10914619734736,274,73,0,0,190.8699999999999,30.99999999999997,0,0
15.05,8.571428571428571,97.10490130931571,274,73,0,0,176.55999999999983,27.99999999999997,0,0
15.05,8.571428571428571,97.09753815266448,274,73,0,0,162.24999999999983,24.99999999999997,0,0
15.05,8.571428571428571,97.09279312221543,274,73,0,0,147.93999999999988,21.99999999999997,0,0
15.05,8.571428571428571,97.09282897024795,274,73,0,0,133.62999999999988,18.99999999999997,0,0
15.05,8.571428571428571,97.08947895156679,274,73,0,0,119.31999999999988,15.999999999999972,0,0
15.05,8.571428571428571,97.08711179226249,274,73,0,0,105.00999999999982,12.999999999999972,0,0
15.05,8.571428571428571,97.0851129274423,274,73,0,0,90.69999999999987,9.999999999999972,0,0
15.05,8.571428571428571,97.08053512605701,274,73,0,0,76.38999999999987,6.999999999999972,0,0
15.07,8.571428571428571,97.07385729244255,274,73,0,0,62.07999999999987,3.9999999999999716,0,0
15.07,8.571428571428571,97.06591999616523,274,73,0,0,47.76999999999987,0.9999999999999716,0,0
15.07,8.571428571428571,97.06082222560599,274,73,0,0,43,0.0,0,0
15.07,8.571428571428571,97.06075052294605,274,73,0,0,57.31,3.0,0,0
15.07,8.571428571428571,97.06719524683592,274,73,0,0,71.62,6.0,0,0
15.07,8.571428571428571,97.06957653489485,274,73,0,0,85.93,9.0,0,0
15.07,8.571428571428571,97.07583268797345,274,73,0,0,100.24000000000001,12.0,0,0
15.07,8.571428571428571,97.07960668772883,274,73,0,0,114.55000000000001,15.0,0,0
15.07,8.571428571428571,97.08121082937194,274,73,0,0,128.86,18.0,0,0
15.07,8.571428571428571,97.0872546926567,274,73,0,0,143.16999999999996,21.0,0,0
15.08,8.571428571428571,97.0858328324943,274,73,0,0,157.48000000000002,24.0,0,0
15.08,8.571428571428571,97.0824485697275,274,73,0,0,171.79000000000002,27.0,0,0
15.08,8.571428571428571,97.0857568896502,274,73,0,0,186.10000000000002,30.0,0,0
15.08,8.571428571428571,97.08470824094513,274,73,0,0,200.40999999999997,33.0,0,0
15.08,8.571428571428571,97.09009011164012,275,73,0,0,214.71999999999997,36.0,0,0
15.08,8.571428571428571,97.09314926892011,275,73,0,0,229.03000000000003,39.0,0,0
15.08,8.571428571428571,97.09446795238483,275,73,0,0,243.34000000000003,42.00000000000001,0,0
15.08,8.571428571428571,97.1013487016604,275,73,0,0,257.65000000000003,45.00000000000001,0,0
15.08,8.571428571428571,97.10705965580232,275,73,0,0,271.96000000000004,48.00000000000001,0,0
15.08,8.571428571428571,97.11329214256544,275,73,0,0,286.27000000000004,51.00000000000001,0,0
15.10,8.571428571428571,97.12100714244015,275,73,0,0,300.58000000000004,54.00000000000001,0,0
15.10,8.571428571428571,97.13397084227209,275,73,0,0,314.89000000000004,57.000000000000014,0,0
15.10,8.571428571428571,97.1364960273862,275,73,0,0,329.20000000000005,60.00000000000001,0,0
15.10,8.571428571428571,97.14559229738677,275,73,0,0,343.51,63.0,0,0
15.10,8.571428571428571,97.15182110047331,275,73,0,0,357.82,66.0,0,0
15.10,8.571428571428571,97.1649962529854,275,73,0,0,372.13,69.0,0,0
15.10,8.571428571428571,97.17332025115678,275,73,0,0,386.44,72.0,0,0
15.10,8.571428571428571,97.18153861906382,275,73,0,0,400.75,75.0,0,0
15.10,8.571428571428571,97.19416042059609,275,73,0,0,415.06,78.0,0,0
15.10,8.571428571428571,97.19994428281228,275,73,0,0,429.37,81.0,0,0
15.12,8.571428571428571,97.20655537629702,275,73,0,0,443.68,84.0,0,0
15.12,8.571428571428571,97.21614585561677,275,73,0,0,457.99,87.0,0,0
15.12,8.571428571428571,97.22432280594141,275,73,0,0,472.3,90.0,0,0
15.12,8.571428571428571,97.22886538709216,275,73,0,0,486.61,93.0,0,0
15.12,8.571428571428571,97.23403477515821,275,73,0,0,500.92,96.0,0,0
15.12,8.571428571428571,97.23972626609272,275,73,0,0,515.23,99.0,0,0
15.12,8.571428571428571,97.25169497840567,276,73,0,0,520,100.0,0,0
15.12,8.571428571428571,97.24693089579993,276,73,0,0,505.69,97.0,0,0
15.12,8.571428571428571,97.23994276591766,276,73,0,0,491.38,94.0,0,0
15.12,8.571428571428571,97.23151658323623,276,73,0,0,477.07,91.0,0,0
15.13,8.571428571428571,97.22311009382123,276,73,0,0,462.76,88.0,0,0
15.13,8.571428571428571,97.21594128740321,276,73,0,0,448.45,85.0,0,0
15.13,8.571428571428571,97.21163924918821,276,74,0,0,434.14,82.0,0,0
15.13,8.571428571428571,97.21036135067392,276,74,0,0,419.83,79.0,0,0
15.13,8.571428571428571,97.20749449378366,276,74,0,0,405.52,76.0,0,0
15.13,8.571428571428571,97.2055105694533,277,74,0,0,391.21,73.0,0,0
15.13,8.571428571428571,97.20257404051227,277,74,0,0,376.9,70.0,0,0
15.13,8.571428571428571,97.1945363583715,278,74,0,0,362.59000000000003,67.0,0,0
15.13,8.571428571428571,97.1872851565641,278,74,0,0,348.28,63.99999999999999,0,0
15.13,8.571428571428571,97.1819861187612,278,74,0,0,333.96999999999997,60.99999999999999,0,0
15.15,8.571428571428571,97.17769608173828,278,74,0,0,319.65999999999997,57.99999999999999,0,0
15.15,8.571428571428571,97.17105869306226,278,74,0,0,305.34999999999997,54.99999999999999,0,0
15.15,8.571428571428571,97.16753365569181,278,74,0,0,291.03999999999996,51.99999999999999,0,0
15.15,8.571428571428571,97.15944582512043,278,74,0,0,276.7299999999999,48.99999999999998,0,0
15.15,8.571428571428571,97.15172615381759,278,74,0,0,262.4199999999999,45.99999999999997,0,0
15.15,8.571428571428571,97.14826846413916,278,74,0,0,248.10999999999984,42.99999999999997,0,0
15.15,8.571428571428571,97.1461279868996,278,74,0,0,233.79999999999984,39.99999999999997,0,0
15.15,8.571428571428571,97.13914547438299,278,74,0,0,219.48999999999984,36.999999999999964,0,0
15.15,8.571428571428571,97.13228974102273,278,74,0,0,205.1799999999999,33.99999999999997,0,0
15.15,8.571428571428571,97.13161134919588,278,74,0,0,190.8699999999999,30.99999999999997,0,0
15.17,8.571428571428571,97.12296243436573,278,74,0,0,176.55999999999983,27.99999999999997,0,0
15.17,8.571428571428571,97.11469008943125,278,74,0,0,162.24999999999983,24.99999999999997,0,0
15.17,8.571428571428571,97.11170155444681,278,74,0,0,147.93999999999988,21.99999999999997,0,0
15.17,8.571428571428571,97.10447087847163,278,74,0,0,133.62999999999988,18.99999999999997,0,0
15.17,8.571428571428571,97.10021878406135,278,74,0,0,119.31999999999988,15.999999999999972,0,0
15.17,8.571428571428571,97.09575104242013,278,74,0,0,105.00999999999982,12.999999999999972,0,0
15.17,8.571428571428571,97.08747531270295,278,74,0,0,90.69999999999987,9.999999999999972,0,0
15.17,8.571428571428571,97.07814852527702,278,74,0,0,76.38999999999987,6.999999999999972,0,0
15.17,8.571428571428571,97.07024605159602,278,74,0,0,62.07999999999987,3.9999999999999716,0,0
15.17,8.571428571428571,97.0671089192965,278,74,0,0,47.76999999999987,0.9999999999999716,0,0
15.18,8.571428571428571,97.0583236802194,278,74,0,0,43,0.0,0,0
15.18,8.571428571428571,97.06092431925126,278,74,0,0,57.31,3.0,0,0
15.18,8.571428571428571,97.06317569793733,278,74,0,0,71.62,6.0,0,0
15.18,8.571428571428571,97.06582544392298,279,74,0,0,85.93,9.0,0,0
15.18,8.571428571428571,97.07132929645049,279,74,0,0,100.24000000000001,12.0,0,0
15.18,8.571428571428571,97.07324543630718,279,74,0,0,114.55000000000001,15.0,0,0
15.18,8.571428571428571,97.07459501369999,279,74,0,0,128.86,18.0,0,0
15.18,8.571428571428571,97.07512483479942,280,74,0,0,143.16999999999996,21.0,0,0
15.18,8.571428571428571,97.07612789203486,280,74,0,0,157.48000000000002,24.0,0,0
15.18,8.571428571428571,97.07444529989387,280,74,0,0,171.79000000000002,27.0,0,0
15.20,8.571428571428571,97.07468377474756,280,74,0,0,186.10000000000002,30.0,0,0
15.20,8.571428571428571,97.07610430755572,280,74,0,0,200.40999999999997,33.0,0,0
15.20,8.571428571428571,97.07667108185268,280,74,0,0,214.71999999999997,36.0,0,0
15.20,8.571428571428571,97.07876924535121,280,74,0,0,229.03000000000003,39.0,0,0
15.20,8.571428571428571,97.08189851486483,280,74,0,0,243.34000000000003,42.00000000000001,0,0
15.20,8.571428571428571,97.08069935368279,280,74,0,0,257.65000000000003,45.00000000000001,0,0
15.20,8.571428571428571,97.08405063352316,280,74,0,0,271.96000000000004,48.00000000000001,0,0
15.20,8.571428571428571,97.09178177267063,280,74,0,0,286.27000000000004,51.00000000000001,0,0
15.20,8.571428571428571,97.09860911234058,280,74,0,0,300.58000000000004,54.00000000000001,0,0
15.20,8.571428571428571,97.10849750489865,280,74,0,0,314.89000000000004,57.000000000000014,0,0
15.22,8.571428571428571,97.118851574643,280,74,0,0,329.20000000000005,60.00000000000001,0,0
15.22,8.571428571428571,97.1268625445333,280,74,0,0,343.51,63.0,0,0
15.22,8.571428571428571,97.13068586299072,280,74,0,0,357.82,66.0,0,0
15.22,8.571428571428571,97.13876636067404,280,74,0,0,372.13,69.0,0,0
15.22,8.571428571428571,97.14498733706687,280,74,0,0,386.44,72.0,0,0
15.22,8.571428571428571,97.15612509073681,280,74,0,0,400.75,75.0,0,0
15.22,8.571428571428571,97.16949789819068,280,74,0,0,415.06,78.0,0,0
15.22,8.571428571428571,97.17860208772407,280,74,0,0,429.37,81.0,0,0
15.22,8.571428571428571,97.19020908253071,280,74,0,0,443.68,84.0,0,0
15.22,8.571428571428571,97.20008885279809,280,74,0,0,457.99,87.0,0,0
15.23,8.571428571428571,97.20602909630115,281,74,0,0,472.3,90.0,0,0
15.23,8.571428571428571,97.21527708202754,281,74,0,0,486.61,93.0,0,0
15.23,8.571428571428571,97.22135149666396,281,74,0,0,500.92,96.0,0,0
15.23,8.571428571428571,97.22776727847885,281,74,0,0,515.23,99.0,0,0
15.23,8.571428571428571,97.23225543806414,281,74,0,0,520,100.0,0,0
15.23,8.571428571428571,97.22606244591539,281,74,0,0,505.69,97.0,0,0
15.23,8.571428571428571,97.22118377694484,281,74,0,0,491.38,94.0,0,0
15.23,8.571428571428571,97.21679624825931,281,74,0,0,477.07,91.0,0,0
15.23,8.571428571428571,97.20787353324756,281,74,0,0,462.76,88.0,0,0
15.23,8.571428571428571,97.19951181904966,282,74,0,0,448.45,85.0,0,0
15.25,8.571428571428571,97.19288706865933,282,74,0,0,434.14,82.0,0,0
15.25,8.571428571428571,97.18760221573368,282,74,0,0,419.83,79.0,0,0
15.25,8.571428571428571,97.17879775712586,282,74,0,0,405.52,76.0,0,0
15.25,8.571428571428571,97.17180867357172,282,74,0,0,391.21,73.0,0,0
15.25,8.571428571428571,97.16172789259761,282,74,0,0,376.9,70.0,0,0
15.25,8.571428571428571,97.15916425200821,282,74,0,0,362.59000000000003,67.0,0,0
15.25,8.571428571428571,97.1569755124399,282,74,0,0,348.28,63.99999999999999,0,0
15.25,8.571428571428571,97.14781140850648,282,74,0,0,333.96999999999997,60.99999999999999,0,0
15.25,8.571428571428571,97.14609367116823,283,74,0,0,319.65999999999997,57.99999999999999,0,0
15.25,8.571428571428571,97.1408595985565,283,74,0,0,305.34999999999997,54.99999999999999,0,0
15.27,8.571428571428571,97.13361010129215,283,74,0,0,291.03999999999996,51.99999999999999,0,0
15.27,8.571428571428571,97.13322213434813,283,74,0,0,276.7299999999999,48.99999999999998,0,0
15.27,8.571428571428571,97.12674080346622,284,74,0,0,262.4199999999999,45.99999999999997,0,0
15.27,8.571428571428571,97.12470229071286,284,74,0,0,248.10999999999984,42.99999999999997,0,0
15.27,8.571428571428571,97.12148391081016,284,74,0,0,233.79999999999984,39.99999999999997,0,0
15.28,8.571428571428571,97.11564263088935,284,74,0,0,219.48999999999984,36.999999999999964,0,0
15.28,8.571428571428571,97.11023484491874,284,74,0,0,205.1799999999999,33.99999999999997,0,0
15.28,8.571428571428571,97.10434108663878,284,74,0,0,190.8699999999999,30.99999999999997,0,0
15.28,8.571428571428571,97.09969883096326,284,74,0,0,176.55999999999983,27.99999999999997,0,0
15.28,8.571428571428571,97.0959921137221,284,74,0,0,162.24999999999983,24.99999999999997,0,0
15.28,8.571428571428571,97.08710503386799,284,74,0,0,147.93999999999988,21.99999999999997,0,0
15.28,8.571428571428571,97.08212540887365,284,74,0,0,133.62999999999988,18.99999999999997,0,0
15.28,8.571428571428571,97.07633959894055,284,74,0,0,119.31999999999988,15.999999999999972,0,0
15.30,8.571428571428571,97.06903186637405,284,74,0,0,105.00999999999982,12.999999999999972,0,0
15.30,8.571428571428571,97.05859129311509,284,74,0,0,90.69999999999987,9.999999999999972,0,0
15.30,8.571428571428571,97.05335554371555,284,74,0,0,76.38999999999987,6.999999999999972,0,0
15.30,8.571428571428571,97.04506419470982,284,74,0,0,62.07999999999987,3.9999999999999716,0,0
15.30,8.571428571428571,97.0391075034103,284,74,0,0,47.76999999999987,0.9999999999999716,0,0
15.30,8.571428571428571,97.03658084701172,284,74,0,0,43,0.0,0,0
15.30,8.571428571428571,97.03915962429285,284,74,0,0,57.31,3.0,0,0
15.30,8.571428571428571,97.0468474285823,284,74,0,0,71.62,6.0,0,0
15.30,8.571428571428571,97.05254100107578,284,74,0,0,85.93,9.0,0,0
15.30,8.571428571428571,97.05490774617455,284,74,0,0,100.24000000000001,12.0,0,0
15.32,8.571428571428571,97.05803859505004,284,74,0,0,114.55000000000001,15.0,0,0
15.32,8.571428571428571,97.0636373381983,284,74,0,0,128.86,18.0,0,0
15.32,8.571428571428571,97.06277725730473,284,74,0,0,143.16999999999996,21.0,0,0
15.32,8.571428571428571,97.06265893575622,284,74,0,0,157.48000000000002,24.0,0,0
15.32,8.571428571428571,97.06065595973489,285,74,0,0,171.79000000000002,27.0,0,0
15.32,8.571428571428571,97.0643545622105,285,74,0,0,186.10000000000002,30.0,0,0
15.32,8.571428571428571,97.06588521817025,285,74,0,0,200.40999999999997,33.0,0,0
15.32,8.571428571428571,97.07234846621354,285,74,0,0,214.71999999999997,36.0,0,0
15.32,8.571428571428571,97.07110148791585,285,74,0,0,229.03000000000003,39.0,0,0
15.33,8.571428571428571,97.0706308972284,285,74,0,0,243.34000000000003,42.00000000000001,0,0
15.33,8.571428571428571,97.07322901286734,286,74,0,0,257.65000000000003,45.00000000000001,0,0
15.33,8.571428571428571,97.07646102057568,286,74,0,0,271.96000000000004,48.00000000000001,0,0
15.33,8.571428571428571,97.0864880467717,286,74,0,0,286.27000000000004,51.00000000000001,0,0
15.33,8.571428571428571,97.09980991697526,286,74,0,0,300.58000000000004,54.00000000000001,0,0
15.33,8.571428571428571,97.10951393688977,286,74,0,0,314.89000000000004,57.000000000000014,0,0
15.33,8.571428571428571,97.11612503932011,286,74,0,0,329.20000000000005,60.00000000000001,0,0
15.33,8.571428571428571,97.1200735911253,286,74,0,0,343.51,63.0,0,0
15.33,8.571428571428571,97.12275853626696,286,74,0,0,357.82,66.0,0,0
15.33,8.571428571428571,97.12991775527551,286,74,0,0,372.13,69.0,0,0
15.33,8.571428571428571,97.13580707584956,286,74,0,0,386.44,72.0,0,0
15.35,8.571428571428571,97.1448028255844,286,74,0,0,400.75,75.0,0,0
15.35,8.571428571428571,97.15490426957882,286,74,0,0,415.06,78.0,0,0
15.35,8.571428571428571,97.16268098262425,286,74,0,0,429.37,81.0,0,0
15.35,8.571428571428571,97.17006736583473,286,74,0,0,443.68,84.0,0,0
15.35,8.571428571428571,97.17653934999421,286,74,0,0,457.99,87.0,0,0
15.35,8.571428571428571,97.18369233999985,286,74,0,0,472.3,90.0,0,0
15.35,8.571428571428571,97.19256444916215,286,74,0,0,486.61,93.0,0,0
15.35,8.571428571428571,97.20483303171977,286,74,0,0,500.92,96.0,0,0
15.37,8.571428571428571,97.2144985390345,286,74,0,0,515.23,99.0,0,0
15.37,7.5,97.2232299369332,286,74,0,0,520,100.0,0,0
15.37,7.5,97.21892992443678,286,74,0,0,505.69,97.0,0,0
15.37,7.5,97.21806820676576,286,74,0,0,491.38,94.0,0,0
15.37,7.5,97.21165315963617,286,74,0,0,477.07,91.0,0,0
15.37,7.5,97.20682029733376,286,74,0,0,462.76,88.0,0,0
15.37,7.5,97.19766074245085,286,74,0,0,448.45,85.0,0,0
15.37,7.5,97.19275300515197,286,74,0,0,434.14,82.0,0,0
15.37,7.5,97.18465113741883,286,74,0,0,419.83,79.0,0,0
15.37,7.5,97.18092578066073,286,74,0,0,405.52,76.0,0,0
15.38,7.5,97.17777661706049,286,74,0,0,391.21,73.0,0,0
15.38,7.5,97.16810959528182,286,74,0,0,376.9,70.0,0,0
15.38,7.5,97.16252683358734,286,74,0,0,362.59000000000003,67.0,0,0
15.38,7.5,97.1587178627881,286,74,0,0,348.28,63.99999999999999,0,0
15.38,7.5,97.15214347214992,286,74,0,0,333.96999999999997,60.99999999999999,0,0
15.38,7.5,97.14968418043816,286,74,0,0,319.65999999999997,57.99999999999999,0,0
15.38,7.5,97.1465122785485,286,74,0,0,305.34999999999997,54.99999999999999,0,0
15.38,7.5,97.13893775644854,286,74,0,0,291.03999999999996,51.99999999999999,0,0
15.38,7.5,97.13384943782351,286,74,0,0,276.7299999999999,48.99999999999998,0,0
15.38,7.5,97.12918452350016,286,74,0,0,262.4199999999999,45.99999999999997,0,0
15.40,7.5,97.12764430752009,286,74,0,0,248.10999999999984,42.99999999999997,0,0
15.40,7.5,97.12582674350962,286,74,0,0,233.79999999999984,39.99999999999997,0,0
15.40,7.5,97.12016001699632,286,74,0,0,219.48999999999984,36.999999999999964,0,0
15.40,7.5,97.11732227350228,287,74,0,0,205.1799999999999,33.99999999999997,0,0
15.40,7.5,97.11625875172346,287,74,0,0,190.8699999999999,30.99999999999997,0,0
15.40,7.5,97.11327449497085,287,74,0,0,176.55999999999983,27.99999999999997,0,0
15.40,7.5,97.10873877655811,287,74,0,0,162.24999999999983,24.99999999999997,0,0
15.40,7.5,97.10441685289535,287,74,0,0,147.93999999999988,21.99999999999997,0,0
15.40,7.5,97.098155605438,287,74,0,0,133.62999999999988,18.99999999999997,0,0
15.40,7.5,97.0955432754299,287,74,0,0,119.31999999999988,15.999999999999972,0,0
15.42,7.5,97.09141902430622,287,74,0,0,105.00999999999982,12.999999999999972,0,0
15.42,7.5,97.08782897843592,287,74,0,0,90.69999999999987,9.999999999999972,0,0
15.42,7.5,97.08103981416168,287,74,0,0,76.38999999999987,6.999999999999972,0,0
15.42,7.5,97.07548893642203,287,74,0,0,62.07999999999987,3.9999999999999716,0,0
15.42,7.5,97.07347469136792,287,74,0,0,47.76999999999987,0.9999999999999716,0,0
15.42,7.5,97.07030365800122,287,74,0,0,43,0.0,0,0
15.42,7.5,97.07635563968603,287,74,0,0,57.31,3.0,0,0
15.42,7.5,97.07975063159238,287,74,0,0,71.62,6.0,0,0
15.42,7.5,97.08415836124807,287,74,0,0,85.93,9.0,0,0
15.42,7.5,97.08465738025957,287,74,0,0,100.24000000000001,12.0,0,0
15.43,7.5,97.08066021828301,288,74,0,0,114.55000000000001,15.0,0,0
15.43,7.5,97.08222494731476,288,74,0,0,128.86,18.0,0,0
15.43,7.5,97.08348171489385,288,74,0,0,143.16999999999996,21.0,0,0
15.43,7.5,97.09099795180175,288,74,0,0,157.48000000000002,24.0,0,0
15.43,7.5,97.09367923618971,288,74,0,0,171.79000000000002,27.0,0,0
15.43,7.5,97.10106255301991,288,74,0,0,186.10000000000002,30.0,0,0
15.43,7.5,97.10381652171823,288,74,0,0,200.40999999999997,33.0,0,0
15.43,7.5,97.11023948362003,288,74,0,0,214.71999999999997,36.0,0,0
15.45,7.5,97.1096585734676,288,74,0,0,229.03000000000003,39.0,0,0
15.45,7.5,97.11071554618515,288,74,0,0,243.34000000000003,42.00000000000001,0,0
15.45,7.5,97.11350393709756,288,74,0,0,257.65000000000003,45.00000000000001,0,0
15.45,7.5,97.1217778147157,288,74,0,0,271.96000000000004,48.00000000000001,0,0
15.45,7.5,97.13148522987956,288,74,0,0,286.27000000000004,51.00000000000001,0,0
15.45,7.5,97.13953287799099,288,74,0,0,300.58000000000004,54.00000000000001,0,0
15.45,7.5,97.14901379743547,288,74,0,0,314.89000000000004,57.000000000000014,0,0
15.45,7.5,97.15344119126132,288,74,0,0,329.20000000000005,60.00000000000001,0,0
15.45,7.5,97.15756038795166,288,74,0,0,343.51,63.0,0,0
15.45,7.5,97.16047369646448,288,74,0,0,357.82,66.0,0,0
15.47,7.5,97.17023766021423,288,74,0,0,372.13,69.0,0,0
15.47,7.5,97.18030483089548,288,74,0,0,386.44,72.0,0,0
15.47,7.5,97.1885749910381,288,74,0,0,400.75,75.0,0,0
15.47,7.5,97.19888503306292,288,74,0,0,415.06,78.0,0,0
15.47,7.5,97.20477260995705,288,74,0,0,429.37,81.0,0,0
15.47,7.5,97.2097418895886,288,74,0,0,443.68,84.0,0,0
15.47,7.5,97.21217086130298,288,74,0,0,457.99,87.0,0,0
15.47,7.5,97.22234570613521,288,74,0,0,472.3,90.0,0,0
15.47,7.5,97.2258435893385,288,74,0,0,486.61,93.0,0,0
15.47,7.5,97.2351976582367,288,74,0,0,500.92,96.0,0,0
15.48,7.5,97.23982870858292,289,74,0,0,515.23,99.0,0,0
15.48,8.571428571428571,97.2494126134379,289,74,0,0,520,100.0,0,0
15.48,8.571428571428571,97.24612818845442,289,74,0,0,505.69,97.0,0,0
15.48,8.571428571428571,97.24014873887909,289,74,0,0,491.38,94.0,0,0
15.48,8.571428571428571,97.238596422965,289,74,0,0,477.07,91.0,0,0
15.48,8.571428571428571,97.23250031517541,289,74,0,0,462.76,88.0,0,0
15.48,8.571428571428571,97.22570895378749,289,74,0,0,448.45,85.0,0,0
15.48,8.571428571428571,97.2200414563113,289,74,0,0,434.14,82.0,0,0
15.48,8.571428571428571,97.21591740509938,289,74,0,0,419.83,79.0,0,0
15.48,8.571428571428571,97.20961860437504,289,74,0,0,405.52,76.0,0,0
15.50,8.571428571428571,97.20923600162018,289,75,0,0,391.21,73.0,0,0
15.50,8.571428571428571,97.20397845883734,289,75,0,0,376.9,70.0,0,0
15.50,8.571428571428571,97.19377132374079,289,75,0,0,362.59000000000003,67.0,0,0
15.50,8.571428571428571,97.18538888801649,290,75,0,0,348.28,63.99999999999999,0,0
15.50,8.571428571428571,97.18173072742516,290,75,0,0,333.96999999999997,60.99999999999999,0,0
15.50,8.571428571428571,97.17669150534356,290,75,0,0,319.65999999999997,57.99999999999999,0,0
15.50,8.571428571428571,97.16904992571605,290,75,0,0,305.34999999999997,54.99999999999999,0,0
15.50,8.571428571428571,97.16509496675171,290,75,0,0,291.03999999999996,51.99999999999999,0,0
15.50,8.571428571428571,97.16289649571169,290,75,0,0,276.7299999999999,48.99999999999998,0,0
15.50,8.571428571428571,97.15622404569659,290,75,0,0,262.4199999999999,45.99999999999997,0,0
15.52,8.571428571428571,97.14581413007478,290,76,0,0,248.10999999999984,42.99999999999997,0,0
15.52,8.571428571428571,97.13817051464221,290,76,0,0,233.79999999999984,39.99999999999997,0,0
15.52,8.571428571428571,97.13797369096532,290,76,0,0,219.48999999999984,36.999999999999964,0,0
15.52,8.571428571428571,97.1317928278742,290,76,0,0,205.1799999999999,33.99999999999997,0,0
15.52,8.571428571428571,97.12506268125279,290,76,0,0,190.8699999999999,30.99999999999997,0,0
15.52,8.571428571428571,97.11954827560824,290,76,0,0,176.55999999999983,27.99999999999997,0,0
15.52,8.571428571428571,97.11477515499745,290,76,0,0,162.24999999999983,24.99999999999997,0,0
15.52,8.571428571428571,97.1101305735874,290,76,0,0,147.93999999999988,21.99999999999997,0,0
15.52,8.571428571428571,97.10144403811566,290,76,0,0,133.62999999999988,18.99999999999997,0,0
15.53,8.571428571428571,97.09364084761435,290,76,0,0,119.31999999999988,15.999999999999972,0,0
15.53,8.571428571428571,97.09096372210523,290,76,0,0,105.00999999999982,12.999999999999972,0,0
15.53,8.571428571428571,97.08157511652334,290,76,0,0,90.69999999999987,9.999999999999972,0,0
15.53,8.571428571428571,97.0782323326876,291,76,0,0,76.38999999999987,6.999999999999972,0,0
15.53,8.571428571428571,97.07350099312838,291,76,0,0,62.07999999999987,3.9999999999999716,0,0
15.53,8.571428571428571,97.06635158073169,291,76,0,0,47.76999999999987,0.9999999999999716,0,0
15.53,8.571428571428571,97.06389913833614,291,76,0,0,43,0.0,0,0
15.53,8.571428571428571,97.06528182209182,291,76,0,0,57.31,3.0,0,0
15.53,8.571428571428571,97.06864409184843,291,76,0,0,71.62,6.0,0,0
15.55,8.571428571428571,97.07492391449391,291,76,0,0,85.93,9.0,0,0
15.55,8.571428571428571,97.07762054320565,291,77,0,0,100.24000000000001,12.0,0,0
15.55,8.571428571428571,97.08113231305622,291,77,0,0,114.55000000000001,15.0,0,0
15.55,8.571428571428571,97.07957303853887,291,77,0,0,128.86,18.0,0,0
15.55,8.571428571428571,97.08422772183094,291,77,0,0,143.16999999999996,21.0,0,0
15.55,8.571428571428571,97.08253247650669,291,77,0,0,157.48000000000002,24.0,0,0
15.55,8.571428571428571,97.0850871313602,291,77,0,0,171.79000000000002,27.0,0,0
15.55,8.571428571428571,97.08327478773836,292,77,0,0,186.10000000000002,30.0,0,0
15.55,8.571428571428571,97.08695369515323,292,77,0,0,200.40999999999997,33.0,0,0
15.55,8.571428571428571,97.09490655280234,292,77,0,0,214.71999999999997,36.0,0,0
15.57,8.571428571428571,97.09342589451214,292,77,0,0,229.03000000000003,39.0,0,0
15.57,8.571428571428571,97.09592300288396,292,77,0,0,243.34000000000003,42.00000000000001,0,0
15.57,8.571428571428571,97.10076293093074,292,78,0,0,257.65000000000003,45.00000000000001,0,0
15.57,8.571428571428571,97.10866083419226,292,78,0,0,271.96000000000004,48.00000000000001,0,0
15.57,8.571428571428571,97.12044878546133,292,78,0,0,286.27000000000004,51.00000000000001,0,0
15.57,8.571428571428571,97.12454793059423,292,78,0,0,300.58000000000004,54.00000000000001,0,0
15.57,8.571428571428571,97.12943705500305,292,78,0,0,314.89000000000004,57.000000000000014,0,0
15.57,8.571428571428571,97.13940243326164,292,78,0,0,329.20000000000005,60.00000000000001,0,0
15.57,8.571428571428571,97.1521820123384,292,78,0,0,343.51,63.0,0,0
15.57,8.571428571428571,97.15757139728686,292,78,0,0,357.82,66.0,0,0
15.58,8.571428571428571,97.17117721533646,292,78,0,0,372.13,69.0,0,0
15.58,8.571428571428571,97.18256260477374,292,78,0,0,386.44,72.0,0,0
15.58,8.571428571428571,97.18755114160803,292,78,0,0,400.75,75.0,0,0
15.58,8.571428571428571,97.19796554461074,292,78,0,0,415.06,78.0,0,0
15.58,8.571428571428571,97.20749919796282,292,78,0,0,429.37,81.0,0,0
15.58,8.571428571428571,97.21556220588903,292,78,0,0,443.68,84.0,0,0
15.58,8.571428571428571,97.22445035624895,292,78,0,0,457.99,87.0,0,0
15.58,8.571428571428571,97.23105033412354,292,78,0,0,472.3,90.0,0,0
15.58,8.571428571428571,97.24075704346957,292,78,0,0,486.61,93.0,0,0
15.58,8.571428571428571,97.25072758460416,292,78,0,0,500.92,96.0,0,0
15.60,8.571428571428571,97.26424064824471,292,78,0,0,515.23,99.0,0,0
15.60,8.571428571428571,97.27320405993876,292,78,0,0,520,100.0,0,0
15.60,8.571428571428571,97.26384532374992,292,78,0,0,505.69,97.0,0,0
15.60,8.571428571428571,97.26017297735089,292,78,0,0,491.38,94.0,0,0
15.60,8.571428571428571,97.25415675635706,292,79,0,0,477.07,91.0,0,0
15.60,8.571428571428571,97.24952650663634,292,79,0,0,462.76,88.0,0,0
15.60,8.571428571428571,97.24622220534626,292,79,0,0,448.45,85.0,0,0
15.60,8.571428571428571,97.24169786058646,292,79,0,0,434.14,82.0,0,0
15.60,8.571428571428571,97.24044396880048,292,79,0,0,419.83,79.0,0,0
15.60,8.571428571428571,97.23881738574184,292,79,0,0,405.52,76.0,0,0
15.62,8.571428571428571,97.23286120284084,292,79,0,0,391.21,73.0,0,0
15.62,8.571428571428571,97.22355238110363,292,79,0,0,376.9,70.0,0,0
15.62,8.571428571428571,97.22002228755174,292,79,0,0,362.59000000000003,67.0,0,0
15.62,8.571428571428571,97.21263743170039,292,79,0,0,348.28,63.99999999999999,0,0
15.62,8.571428571428571,97.20578733415704,292,79,0,0,333.96999999999997,60.99999999999999,0,0
15.62,8.571428571428571,97.19928660273769,292,80,0,0,319.65999999999997,57.99999999999999,0,0
15.62,8.571428571428571,97.19467084051838,292,80,0,0,305.34999999999997,54.99999999999999,0,0
15.62,8.571428571428571,97.18997560312945,292,80,0,0,291.03999999999996,51.99999999999999,0,0
15.62,8.571428571428571,97.186137223747,292,80,0,0,276.7299999999999,48.99999999999998,0,0
15.62,8.571428571428571,97.18414700896993,292,80,0,0,262.4199999999999,45.99999999999997,0,0
15.63,8.571428571428571,97.17408568674877,292,80,0,0,248.10999999999984,42.99999999999997,0,0
15.63,8.571428571428571,97.16877235524264,292,80,0,0,233.79999999999984,39.99999999999997,0,0
15.63,8.571428571428571,97.1630764491122,292,80,0,0,219.48999999999984,36.999999999999964,0,0
15.63,8.571428571428571,97.1571413160363,292,80,0,0,205.1799999999999,33.99999999999997,0,0
15.63,8.571428571428571,97.15158422542116,292,80,0,0,190.8699999999999,30.99999999999997,0,0
15.63,8.571428571428571,97.14593724384356,292,80,0,0,176.55999999999983,27.99999999999997,0,0
15.63,8.571428571428571,97.14197253989128,292,80,0,0,162.24999999999983,24.99999999999997,0,0
15.63,8.571428571428571,97.13638941863944,292,80,0,0,147.93999999999988,21.99999999999997,0,0
15.63,8.571428571428571,97.13041434984214,292,80,0,0,133.62999999999988,18.99999999999997,0,0
15.63,8.571428571428571,97.12465689074783,292,80,0,0,119.31999999999988,15.999999999999972,0,0
15.65,8.571428571428571,97.1175221037509,292,80,0,0,105.00999999999982,12.999999999999972,0,0
15.65,8.571428571428571,97.11454863273175,292,80,0,0,90.69999999999987,9.999999999999972,0,0
15.65,8.571428571428571,97.1110580618065,292,80,0,0,76.38999999999987,6.999999999999972,0,0
15.65,8.571428571428571,97.1044773465721,292,80,0,0,62.07999999999987,3.9999999999999716,0,0
15.65,8.571428571428571,97.09977192902826,292,80,0,0,47.76999999999987,0.9999999999999716,0,0
15.65,8.571428571428571,97.09828223018374,292,80,0,0,43,0.0,0,0
15.65,8.571428571428571,97.10277063509443,292,80,0,0,57.31,3.0,0,0
15.65,8.571428571428571,97.10525170036576,292,80,0,0,71.62,6.0,0,0
15.65,8.571428571428571,97.10314596461262,292,80,0,0,85.93,9.0,0,0
15.65,8.571428571428571,97.10571571759584,292,80,0,0,100.24000000000001,12.0,0,0
15.67,8.571428571428571,97.11044434345861,292,80,0,0,114.55000000000001,15.0,0,0
15.67,8.571428571428571,97.11252569697936,292,80,0,0,128.86,18.0,0,0
15.67,8.571428571428571,97.11627423740038,292,80,0,0,143.16999999999996,21.0,0,0
15.67,8.571428571428571,97.11671535146068,292,80,0,0,157.48000000000002,24.0,0,0
15.67,8.571428571428571,97.12071947578788,292,80,0,0,171.79000000000002,27.0,0,0
15.67,8.571428571428571,97.12164626831888,292,80,0,0,186.10000000000002,30.0,0,0
15.67,8.571428571428571,97.1219955174508,292,80,0,0,200.40999999999997,33.0,0,0
15.67,8.571428571428571,97.12689007930835,292,80,0,0,214.71999999999997,36.0,0,0
15.67,8.571428571428571,97.13397131335074,292,80,0,0,229.03000000000003,39.0,0,0
15.67,8.571428571428571,97.1339486645744,293,80,0,0,243.34000000000003,42.00000000000001,0,0
15.68,8.571428571428571,97.13473568766373,293,80,0,0,257.65000000000003,45.00000000000001,0,0
15.68,8.571428571428571,97.13920847649463,293,80,0,0,271.96000000000004,48.00000000000001,0,0
15.68,8.571428571428571,97.14280871901404,293,80,0,0,286.27000000000004,51.00000000000001,0,0
15.68,8.571428571428571,97.1513244243977,293,80,0,0,300.58000000000004,54.00000000000001,0,0
15.68,8.571428571428571,97.15607690436909,293,80,0,0,314.89000000000004,57.000000000000014,0,0
15.68,8.571428571428571,97.16234197136028,293,80,0,0,329.20000000000005,60.00000000000001,0,0
15.68,8.571428571428571,97.16839842622754,294,80,0,0,343.51,63.0,0,0
15.68,8.571428571428571,97.17350600134729,294,80,0,0,357.82,66.0,0,0
15.68,8.571428571428571,97.18067006394278,294,80,0,0,372.13,69.0,0,0
15.70,8.571428571428571,97.18987782993958,294,80,0,0,386.44,72.0,0,0
15.70,8.571428571428571,97.20152083454462,294,80,0,0,400.75,75.0,0,0
15.70,8.571428571428571,97.21243505278595,294,80,0,0,415.06,78.0,0,0
15.70,8.571428571428571,97.22488793678058,294,80,0,0,429.37,81.0,0,0
15.70,8.571428571428571,97.23263567305744,294,80,0,0,443.68,84.0,0,0
15.70,8.571428571428571,97.23588796481043,294,80,0,0,457.99,87.0,0,0
15.70,8.571428571428571,97.24164295761096,294,80,0,0,472.3,90.0,0,0
15.70,8.571428571428571,97.24784930816024,294,80,0,0,486.61,93.0,0,0
15.70,8.571428571428571,97.25246866997387,294,80,0,0,500.92,96.0,0,0
15.72,8.571428571428571,97.2582431254312,294,80,0,0,515.23,99.0,0,0
15.72,8.571428571428571,97.26603822809626,294,80,0,0,520,100.0,0,0
15.72,8.571428571428571,97.26317703892806,294,80,0,0,505.69,97.0,0,0
15.72,8.571428571428571,97.2596699776152,294,80,0,0,491.38,94.0,0,0
15.72,8.571428571428571,97.25986784880817,294,81,0,0,477.07,91.0,0,0
15.72,8.571428571428571,97.25812156781261,294,81,0,0,462.76,88.0,0,0
15.72,8.571428571428571,97.25372592805965,294,81,0,0,448.45,85.0,0,0
15.72,8.571428571428571,97.24557113498071,294,81,0,0,434.14,82.0,0,0
15.72,8.571428571428571,97.24340172197293,294,81,0,0,419.83,79.0,0,0
15.72,8.571428571428571,97.23478920894772,294,81,0,0,405.52,76.0,0,0
15.72,8.571428571428571,97.22876417810427,294,81,0,0,391.21,73.0,0,0
15.73,8.571428571428571,97.21892048615653,294,81,0,0,376.9,70.0,0,0
15.73,8.571428571428571,97.21384549794107,294,81,0,0,362.59000000000003,67.0,0,0
15.73,8.571428571428571,97.21096458720199,294,81,0,0,348.28,63.99999999999999,0,0
15.73,8.571428571428571,97.20558205698259,294,81,0,0,333.96999999999997,60.99999999999999,0,0
15.73,8.571428571428571,97.19733304024007,294,81,0,0,319.65999999999997,57.99999999999999,0,0
15.73,8.571428571428571,97.1942633787023,294,81,0,0,305.34999999999997,54.99999999999999,0,0
15.73,8.571428571428571,97.18903630339928,295,81,0,0,291.03999999999996,51.99999999999999,0,0
15.73,8.571428571428571,97.18388473518979,295,81,0,0,276.7299999999999,48.99999999999998,0,0
15.73,8.571428571428571,97.180703782584,295,81,0,0,262.4199999999999,45.99999999999997,0,0
15.73,8.571428571428571,97.1763226145793,295,81,0,0,248.10999999999984,42.99999999999997,0,0
15.75,8.571428571428571,97.17329675448839,295,81,0,0,233.79999999999984,39.99999999999997,0,0
15.75,8.571428571428571,97.16509504281248,295,81,0,0,219.48999999999984,36.999999999999964,0,0
15.75,8.571428571428571,97.16308824529621,295,81,0,0,205.1799999999999,33.99999999999997,0,0
15.75,8.571428571428571,97.15387899576665,295,81,0,0,190.8699999999999,30.99999999999997,0,0
15.75,8.571428571428571,97.14988558849711,295,81,0,0,176.55999999999983,27.99999999999997,0,0
15.75,8.571428571428571,97.14307882050547,295,81,0,0,162.24999999999983,24.99999999999997,0,0
15.75,8.571428571428571,97.13462764557045,296,81,0,0,147.93999999999988,21.99999999999997,0,0
15.75,8.571428571428571,97.12723099028396,296,81,0,0,133.62999999999988,18.99999999999997,0,0
15.75,8.571428571428571,97.11957602412876,296,81,0,0,119.31999999999988,15.999999999999972,0,0
15.75,8.571428571428571,97.11579028611337,296,81,0,0,105.00999999999982,12.999999999999972,0,0
15.77,8.571428571428571,97.11412052494919,296,81,0,0,90.69999999999987,9.999999999999972,0,0
15.77,8.571428571428571,97.10855905937295,296,81,0,0,76.38999999999987,6.999999999999972,0,0
15.77,8.571428571428571,97.10035699545347,296,81,0,0,62.07999999999987,3.9999999999999716,0,0
15.77,8.571428571428571,97.09750905319476,296,81,0,0,47.76999999999987,0.9999999999999716,0,0
15.77,8.571428571428571,97.09209570685614,296,81,0,0,43,0.0,0,0
15.77,8.571428571428571,97.09374235557162,296,81,0,0,57.31,3.0,0,0
15.77,8.571428571428571,97.10212188732153,296,81,0,0,71.62,6.0,0,0
15.77,8.571428571428571,97.1017616845101,296,81,0,0,85.93,9.0,0,0
15.77,8.571428571428571,97.10166926940455,296,81,0,0,100.24000000000001,12.0,0,0
15.77,8.571428571428571,97.10267923095545,296,81,0,0,114.55000000000001,15.0,0,0
15.78,8.571428571428571,97.10333658816654,296,81,0,0,128.86,18.0,0,0
15.78,8.571428571428571,97.10817682436839,296,81,0,0,143.16999999999996,21.0,0,0
15.78,8.571428571428571,97.11091243469322,296,81,0,0,157.48000000000002,24.0,0,0
15.78,8.571428571428571,97.11476461538139,296,81,0,0,171.79000000000002,27.0,0,0
15.78,8.571428571428571,97.1143597445053,296,81,0,0,186.10000000000002,30.0,0,0
15.78,8.571428571428571,97.11805506912512,296,81,0,0,200.40999999999997,33.0,0,0
15.78,8.571428571428571,97.11682806712851,296,81,0,0,214.71999999999997,36.0,0,0
15.78,8.571428571428571,97.12127045940906,296,81,0,0,229.03000000000003,39.0,0,0
15.78,8.571428571428571,97.12043065271243,296,81,0,0,243.34000000000003,42.00000000000001,0,0
15.78,8.571428571428571,97.12889687194813,296,81,0,0,257.65000000000003,45.00000000000001,0,0
15.80,8.571428571428571,97.12956004119889,296,81,0,0,271.96000000000004,48.00000000000001,0,0
15.80,8.571428571428571,97.13484243884315,296,81,0,0,286.27000000000004,51.00000000000001,0,0
15.80,8.571428571428571,97.14719498516952,296,81,0,0,300.58000000000004,54.00000000000001,0,0
15.80,8.571428571428571,97.15814289127671,297,81,0,0,314.89000000000004,57.000000000000014,0,0
15.80,8.571428571428571,97.1701760506629,297,81,0,0,329.20000000000005,60.00000000000001,0,0
15.80,8.571428571428571,97.1731642166431,297,81,0,0,343.51,63.0,0,0
15.80,8.571428571428571,97.17785964527789,297,81,0,0,357.82,66.0,0,0
15.80,8.571428571428571,97.18562375404738,297,81,0,0,372.13,69.0,0,0
15.80,8.571428571428571,97.19209152904706,297,82,0,0,386.44,72.0,0,0
15.80,8.571428571428571,97.1988603976083,297,82,0,0,400.75,75.0,0,0
15.82,8.571428571428571,97.20437385919699,297,82,0,0,415.06,78.0,0,0
15.82,8.571428571428571,97.21107316465482,297,82,0,0,429.37,81.0,0,0
15.82,8.571428571428571,97.2206224869176,297,82,0,0,443.68,84.0,0,0
15.82,8.571428571428571,97.23049047223462,297,82,0,0,457.99,87.0,0,0
15.82,8.571428571428571,97.24443019675637,297,82,0,0,472.3,90.0,0,0
15.82,8.571428571428571,97.25147632986565,297,82,0,0,486.61,93.0,0,0
15.82,8.571428571428571,97.25269238277595,297,82,0,0,500.92,96.0,0,0
15.82,8.571428571428571,97.26173835027153,297,82,0,0,515.23,99.0,0,0
15.82,8.571428571428571,97.26603209994775,297,82,0,0,520,100.0,0,0
15.83,8.571428571428571,97.26268114467908,297,82,0,0,505.69,97.0,0,0
15.83,8.571428571428571,97.25732394288316,297,82,0,0,491.38,94.0,0,0
15.83,8.571428571428571,97.25282125206951,298,82,0,0,477.07,91.0,0,0
15.83,8.571428571428571,97.24656917112691,298,82,0,0,462.76,88.0,0,0
15.83,8.571428571428571,97.24270522200665,298,82,0,0,448.45,85.0,0,0
15.83,8.571428571428571,97.2363710337828,298,82,0,0,434.14,82.0,0,0
15.83,8.571428571428571,97.23251083038825,298,82,0,0,419.83,79.0,0,0
15.85,8.571428571428571,97.2282027216219,298,82,0,0,405.52,76.0,0,0
15.85,8.571428571428571,97.2241857149496,298,82,0,0,391.21,73.0,0,0
15.85,8.571428571428571,97.2179144831286,298,82,0,0,376.9,70.0,0,0
15.85,8.571428571428571,97.20999345785425,298,82,0,0,362.59000000000003,67.0,0,0
15.85,8.571428571428571,97.2011782045608,298,82,0,0,348.28,63.99999999999999,0,0
15.85,8.571428571428571,97.19451088823533,298,82,0,0,333.96999999999997,60.99999999999999,0,0
15.85,8.571428571428571,97.19212006012897,298,82,0,0,319.65999999999997,57.99999999999999,0,0
15.85,8.571428571428571,97.18770966776896,298,82,0,0,305.34999999999997,54.99999999999999,0,0
15.85,8.571428571428571,97.18225373856556,298,82,0,0,291.03999999999996,51.99999999999999,0,0
15.85,8.571428571428571,97.17436608812042,298,82,0,0,276.7299999999999,48.99999999999998,0,0
15.87,8.571428571428571,97.16817028136902,298,82,0,0,262.4199999999999,45.99999999999997,0,0
15.87,8.571428571428571,97.16404205787714,298,82,0,0,248.10999999999984,42.99999999999997,0,0
15.87,8.571428571428571,97.15806575850715,298,82,0,0,233.79999999999984,39.99999999999997,0,0
15.87,8.571428571428571,97.14914424693418,298,82,0,0,219.48999999999984,36.999999999999964,0,0
15.87,8.571428571428571,97.14361677337298,298,82,0,0,205.1799999999999,33.99999999999997,0,0
15.87,8.571428571428571,97.13739646954483,299,82,0,0,190.8699999999999,30.99999999999997,0,0
15.87,8.571428571428571,97.13505840223313,300,82,0,0,176.55999999999983,27.99999999999997,0,0
15.87,8.571428571428571,97.13025663759498,300,82,0,0,162.24999999999983,24.99999999999997,0,0
15.87,8.571428571428571,97.12381164231375,300,82,0,0,147.93999999999988,21.99999999999997,0,0
15.87,8.571428571428571,97.1162019950139,300,82,0,0,133.62999999999988,18.99999999999997,0,0
15.88,8.571428571428571,97.11175458744697,300,82,0,0,119.31999999999988,15.999999999999972,0,0
15.88,8.571428571428571,97.10659474574366,300,82,0,0,105.00999999999982,12.999999999999972,0,0
15.88,8.571428571428571,97.10646314409766,300,82,0,0,90.69999999999987,9.999999999999972,0,0
15.88,8.571428571428571,97.10191848841006,300,82,0,0,76.38999999999987,6.999999999999972,0,0
15.88,8.571428571428571,97.09243003106867,300,82,0,0,62.07999999999987,3.9999999999999716,0,0
15.88,8.571428571428571,97.09091400247897,300,82,0,0,47.76999999999987,0.9999999999999716,0,0
15.88,8.571428571428571,97.08374993742761,300,82,0,0,43,0.0,0,0
15.88,8.571428571428571,97.08850908688406,300,82,0,0,57.31,3.0,0,0
15.88,8.571428571428571,97.08565966396151,300,82,0,0,71.62,6.0,0,0
15.88,8.571428571428571,97.09236973364058,300,82,0,0,85.93,9.0,0,0
15.90,8.571428571428571,97.09850296272053,300,82,0,0,100.24000000000001,12.0,0,0
15.90,8.571428571428571,97.10029457705133,300,82,0,0,114.55000000000001,15.0,0,0
15.90,8.571428571428571,97.10189239311985,300,82,0,0,128.86,18.0,0,0
15.90,8.571428571428571,97.10098391442897,300,82,0,0,143.16999999999996,21.0,0,0
15.90,8.571428571428571,97.10772752881935,300,82,0,0,157.48000000000002,24.0,0,0
15.90,8.571428571428571,97.11215557569317,300,82,0,0,171.79000000000002,27.0,0,0
15.90,8.571428571428571,97.11709571163316,300,82,0,0,186.10000000000002,30.0,0,0
15.90,8.571428571428571,97.11628578445963,300,82,0,0,200.40999999999997,33.0,0,0
15.90,8.571428571428571,97.11826039647123,300,82,0,0,214.71999999999997,36.0,0,0
15.92,8.571428571428571,97.12181307654885,300,82,0,0,229.03000000000003,39.0,0,0
15.92,8.571428571428571,97.12056433325226,300,82,0,0,243.34000000000003,42.00000000000001,0,0
15.92,8.571428571428571,97.11668290598931,300,82,0,0,257.65000000000003,45.00000000000001,0,0
15.92,8.571428571428571,97.12067658988892,300,82,0,0,271.96000000000004,48.00000000000001,0,0
15.92,8.571428571428571,97.12630858786615,300,82,0,0,286.27000000000004,51.00000000000001,0,0
15.92,8.571428571428571,97.13257180107526,300,82,0,0,300.58000000000004,54.00000000000001,0,0
15.92,8.571428571428571,97.1369700233373,300,82,0,0,314.89000000000004,57.000000000000014,0,0
15.92,8.571428571428571,97.14945629080225,300,82,0,0,329.20000000000005,60.00000000000001,0,0
15.93,8.571428571428571,97.15237521137756,301,82,0,0,343.51,63.0,0,0
15.93,8.571428571428571,97.16293315051487,301,82,0,0,357.82,66.0,0,0
15.93,8.571428571428571,97.17310358539311,301,82,0,0,372.13,69.0,0,0
15.93,8.571428571428571,97.18249416090103,301,82,0,0,386.44,72.0,0,0
15.93,8.571428571428571,97.18610624453221,301,82,0,0,400.75,75.0,0,0
15.93,8.571428571428571,97.19061994634885,301,82,0,0,415.06,78.0,0,0
15.93,8.571428571428571,97.20094600577714,301,82,0,0,429.37,81.0,0,0
15.93,8.571428571428571,97.20289116495294,301,82,0,0,443.68,84.0,0,0
15.93,8.571428571428571,97.21103638060428,301,82,0,0,457.99,87.0,0,0
15.95,8.571428571428571,97.2189509017218,301,82,0,0,472.3,90.0,0,0
15.95,8.571428571428571,97.22481536038825,301,82,0,0,486.61,93.0,0,0
15.95,8.571428571428571,97.2307470167227,301,82,0,0,500.92,96.0,0,0
15.95,8.571428571428571,97.24253535716338,301,82,0,0,515.23,99.0,0,0
15.95,7.5,97.24810593728454,301,82,0,0,520,100.0,0,0
15.95,7.5,97.24127521832021,301,82,0,0,505.69,97.0,0,0
15.95,7.5,97.23332385568152,301,82,0,0,491.38,94.0,0,0
15.95,7.5,97.22838911774033,301,82,0,0,477.07,91.0,0,0
15.95,7.5,97.21928382782313,301,82,0,0,462.76,88.0,0,0
15.95,7.5,97.217514303141,301,82,0,0,448.45,85.0,0,0
15.97,7.5,97.21070574405245,301,82,0,0,434.14,82.0,0,0
15.97,7.5,97.20331648937686,301,82,0,0,419.83,79.0,0,0
15.97,7.5,97.2014844680548,301,82,0,0,405.52,76.0,0,0
15.97,7.5,97.19557975163848,301,82,0,0,391.21,73.0,0,0
15.97,7.5,97.18635541028704,301,82,0,0,376.9,70.0,0,0
15.97,7.5,97.18186823739222,301,82,0,0,362.59000000000003,67.0,0,0
15.97,7.5,97.17188689730555,301,82,0,0,348.28,63.99999999999999,0,0
15.97,7.5,97.16499826210098,301,82,0,0,333.96999999999997,60.99999999999999,0,0
15.97,7.5,97.16000123156594,301,82,0,0,319.65999999999997,57.99999999999999,0,0
15.98,7.5,97.15804812018091,301,82,0,0,305.34999999999997,54.99999999999999,0,0
15.98,7.5,97.15165111882833,301,82,0,0,291.03999999999996,51.99999999999999,0,0
15.98,7.5,97.14319870977037,301,82,0,0,276.7299999999999,48.99999999999998,0,0
15.98,7.5,97.13870653716027,302,82,0,0,262.4199999999999,45.99999999999997,0,0
15.98,7.5,97.12951734688924,302,82,0,0,248.10999999999984,42.99999999999997,0,0
15.98,7.5,97.12477256377275,302,82,0,0,233.79999999999984,39.99999999999997,0,0
15.98,7.5,97.11938420473838,302,82,0,0,219.48999999999984,36.999999999999964,0,0
15.98,7.5,97.1108969945415,302,82,0,0,205.1799999999999,33.99999999999997,0,0
15.98,7.5,97.10196894345225,302,82,0,0,190.8699999999999,30.99999999999997,0,0
16.00,7.5,97.1009542159355,302,82,0,0,176.55999999999983,27.99999999999997,0,0
16.00,7.5,97.09400408243259,302,82,0,0,162.24999999999983,24.99999999999997,0,0
16.00,7.5,97.09077032508014,303,82,0,0,147.93999999999988,21.99999999999997,0,0
16.00,7.5,97.08471616459036,303,82,0,0,133.62999999999988,18.99999999999997,0,0
16.00,7.5,97.07909746877978,303,82,0,0,119.31999999999988,15.999999999999972,0,0
16.00,7.5,97.07456600369669,303,82,0,0,105.00999999999982,12.999999999999972,0,0
16.00,7.5,97.0687642643515,303,82,0,0,90.69999999999987,9.999999999999972,0,0
16.00,7.5,97.06491873753468,303,82,0,0,76.38999999999987,6.999999999999972,0,0
16.00,7.5,97.06379997683433,304,82,0,0,62.07999999999987,3.9999999999999716,0,0
16.00,7.5,97.05454070165835,304,82,0,0,47.76999999999987,0.9999999999999716,0,0
16.02,7.5,97.04924762699736,304,82,0,0,43,0.0,0,0
16.02,7.5,97.05183451593227,304,82,0,0,57.31,3.0,0,0
16.02,7.5,97.0583635734994,304,82,0,0,71.62,6.0,0,0
16.02,7.5,97.06306842175768,304,82,0,0,85.93,9.0,0,0
16.02,7.5,97.06733776251582,304,82,0,0,100.24000000000001,12.0,0,0
16.02,7.5,97.067916665686,304,82,0,0,114.55000000000001,15.0,0,0
16.02,7.5,97.07003000433318,304,82,0,0,128.86,18.0,0,0
16.02,7.5,97.07455326516224,304,82,0,0,143.16999999999996,21.0,0,0
16.02,7.5,97.0734018250675,304,82,0,0,157.48000000000002,24.0,0,0
16.03,7.5,97.08138720703124,304,82,0,0,171.79000000000002,27.0,0,0
16.03,7.5,97.08324231030983,304,82,0,0,186.10000000000002,30.0,0,0
16.03,7.5,97.08809645171618,304,82,0,0,200.40999999999997,33.0,0,0
16.03,7.5,97.09379552013482,304,82,0,0,214.71999999999997,36.0,0,0
16.03,7.5,97.09891284839459,304,82,0,0,229.03000000000003,39.0,0,0
16.03,7.5,97.09807821140672,304,82,0,0,243.34000000000003,42.00000000000001,0,0
16.03,7.5,97.10161722056137,304,82,0,0,257.65000000000003,45.00000000000001,0,0
16.03,7.5,97.10161148486523,304,82,0,0,271.96000000000004,48.00000000000001,0,0
16.03,7.5,97.11075593638218,305,82,0,0,286.27000000000004,51.00000000000001,0,0
16.03,7.5,97.11409594994512,305,82,0,0,300.58000000000004,54.00000000000001,0,0
16.05,7.5,97.12103562662412,306,82,0,0,314.89000000000004,57.000000000000014,0,0
16.05,7.5,97.12556242757873,306,82,0,0,329.20000000000005,60.00000000000001,0,0
16.05,7.5,97.13582171266151,306,82,0,0,343.51,63.0,0,0
16.05,7.5,97.14785887606284,306,82,0,0,357.82,66.0,0,0
16.05,7.5,97.1534449432557,306,82,0,0,372.13,69.0,0,0
16.05,7.5,97.165050492606,306,82,0,0,386.44,72.0,0,0
16.05,7.5,97.17875844325124,307,82,0,0,400.75,75.0,0,0
16.05,7.5,97.18785738237904,307,82,0,0,415.06,78.0,0,0
16.05,7.5,97.19364562287556,307,82,0,0,429.37,81.0,0,0
16.05,7.5,97.204792726716,307,82,0,0,443.68,84.0,0,0
16.07,7.5,97.2156971037847,307,82,0,0,457.99,87.0,0,0
16.07,7.5,97.22202822675837,307,82,0,0,472.3,90.0,0,0
16.07,7.5,97.22579541573191,307,82,0,0,486.61,93.0,0,0
16.07,7.5,97.23591912743838,307,82,0,0,500.92,96.0,0,0
16.07,7.5,97.24358007834964,307,82,0,0,515.23,99.0,0,0
16.07,8.571428571428571,97.25601982260105,307,82,0,0,520,100.0,0,0
16.07,8.571428571428571,97.25395791703315,307,82,0,0,505.69,97.0,0,0
16.07,8.571428571428571,97.24670036063003,307,82,0,0,491.38,94.0,0,0
16.07,8.571428571428571,97.24078152319295,307,82,0,0,477.07,91.0,0,0
16.07,8.571428571428571,97.23582597008036,307,82,0,0,462.76,88.0,0,0
16.08,8.571428571428571,97.23114580691879,307,82,0,0,448.45,85.0,0,0
16.08,8.571428571428571,97.2238488453687,307,82,0,0,434.14,82.0,0,0
16.08,8.571428571428571,97.21499729799801,307,82,0,0,419.83,79.0,0,0
16.08,8.571428571428571,97.21079323076816,307,82,0,0,405.52,76.0,0,0
16.08,8.571428571428571,97.20794203256254,307,82,0,0,391.21,73.0,0,0
16.08,8.571428571428571,97.19847618598722,307,82,0,0,376.9,70.0,0,0
16.08,8.571428571428571,97.19472515942135,307,82,0,0,362.59000000000003,67.0,0,0
16.08,8.571428571428571,97.19283101358992,307,82,0,0,348.28,63.99999999999999,0,0
16.08,8.571428571428571,97.18507188595038,307,82,0,0,333.96999999999997,60.99999999999999,0,0
16.08,8.571428571428571,97.18215080279246,307,82,0,0,319.65999999999997,57.99999999999999,0,0
16.10,8.571428571428571,97.1746685284817,307,82,0,0,305.34999999999997,54.99999999999999,0,0
16.10,8.571428571428571,97.17309474551902,307,82,0,0,291.03999999999996,51.99999999999999,0,0
16.10,8.571428571428571,97.16566817189346,307,82,0,0,276.7299999999999,48.99999999999998,0,0
16.10,8.571428571428571,97.15594999159347,307,82,0,0,262.4199999999999,45.99999999999997,0,0
16.10,8.571428571428571,97.14719608863201,307,82,0,0,248.10999999999984,42.99999999999997,0,0
16.12,8.571428571428571,97.14077736227608,307,82,0,0,233.79999999999984,39.99999999999997,0,0
16.12,8.571428571428571,97.13511487073826,307,82,0,0,219.48999999999984,36.999999999999964,0,0
16.12,8.571428571428571,97.1317273812764,307,82,0,0,205.1799999999999,33.99999999999997,0,0
16.12,8.571428571428571,97.12826848417853,307,82,0,0,190.8699999999999,30.99999999999997,0,0
16.12,8.571428571428571,97.12633663778088,307,82,0,0,176.55999999999983,27.99999999999997,0,0
16.12,8.571428571428571,97.12316750295874,307,82,0,0,162.24999999999983,24.99999999999997,0,0
16.12,8.571428571428571,97.11565028348654,307,82,0,0,147.93999999999988,21.99999999999997,0,0
16.12,8.571428571428571,97.10929333860811,307,83,0,0,133.62999999999988,18.99999999999997,0,0
16.12,8.571428571428571,97.10434378407624,307,83,0,0,119.31999999999988,15.999999999999972,0,0
16.13,8.571428571428571,97.09935354274563,307,83,0,0,105.00999999999982,12.999999999999972,0,0
16.13,8.571428571428571,97.09692902576305,307,83,0,0,90.69999999999987,9.999999999999972,0,0
16.13,8.571428571428571,97.09188827429327,307,83,0,0,76.38999999999987,6.999999999999972,0,0
16.13,8.571428571428571,97.08821376032054,307,83,0,0,62.07999999999987,3.9999999999999716,0,0
16.13,8.571428571428571,97.07934667550009,307,83,0,0,47.76999999999987,0.9999999999999716,0,0
16.13,8.571428571428571,97.07405010962773,307,83,0,0,43,0.0,0,0
16.13,8.571428571428571,97.07386738067376,307,83,0,0,57.31,3.0,0,0
16.13,8.571428571428571,97.07667808164271,307,83,0,0,71.62,6.0,0,0
16.13,8.571428571428571,97.07791802757713,307,83,0,0,85.93,9.0,0,0
16.13,8.571428571428571,97.08036291221883,307,83,0,0,100.24000000000001,12.0,0,0
16.15,8.571428571428571,97.08476788551518,307,83,0,0,114.55000000000001,15.0,0,0
16.15,8.571428571428571,97.0892526249341,307,83,0,0,128.86,18.0,0,0
16.15,8.571428571428571,97.0893282833945,307,83,0,0,143.16999999999996,21.0,0,0
16.15,8.571428571428571,97.09271434365131,307,83,0,0,157.48000000000002,24.0,0,0
16.15,8.571428571428571,97.09235678563421,307,83,0,0,171.79000000000002,27.0,0,0
16.15,8.571428571428571,97.09914646929184,307,83,0,0,186.10000000000002,30.0,0,0
16.15,8.571428571428571,97.10127112372675,307,83,0,0,200.40999999999997,33.0,0,0
16.15,8.571428571428571,97.10023538594389,307,83,0,0,214.71999999999997,36.0,0,0
16.15,8.571428571428571,97.1019154683988,307,83,0,0,229.03000000000003,39.0,0,0
16.15,8.571428571428571,97.107945115237,307,83,0,0,243.34000000000003,42.00000000000001,0,0
16.17,8.571428571428571,97.11288415903803,308,83,0,0,257.65000000000003,45.00000000000001,0,0
16.17,8.571428571428571,97.11743453057503,308,83,0,0,271.96000000000004,48.00000000000001,0,0
16.17,8.571428571428571,97.12282260910608,309,83,0,0,286.27000000000004,51.00000000000001,0,0
16.17,8.571428571428571,97.13364825244851,309,83,0,0,300.58000000000004,54.00000000000001,0,0
16.17,8.571428571428571,97.14524191779208,309,83,0,0,314.89000000000004,57.000000000000014,0,0
16.17,8.571428571428571,97.15417147870131,309,83,0,0,329.20000000000005,60.00000000000001,0,0
16.17,8.571428571428571,97.16429204189588,309,83,0,0,343.51,63.0,0,0
16.17,8.571428571428571,97.17364095960191,309,83,0,0,357.82,66.0,0,0
16.17,8.571428571428571,97.1767286483554,309,83,0,0,372.13,69.0,0,0
16.17,8.571428571428571,97.1851268210596,309,83,0,0,386.44,72.0,0,0
16.18,8.571428571428571,97.19592442100343,309,83,0,0,400.75,75.0,0,0
16.18,8.571428571428571,97.20024603046176,309,83,0,0,415.06,78.0,0,0
16.18,8.571428571428571,97.20856819141459,309,83,0,0,429.37,81.0,0,0
16.18,8.571428571428571,97.21498044053462,309,83,0,0,443.68,84.0,0,0
16.18,8.571428571428571,97.22399708451367,309,83,0,0,457.99,87.0,0,0
16.18,8.571428571428571,97.22565644849013,309,83,0,0,472.3,90.0,0,0
16.18,8.571428571428571,97.22997885722535,309,83,0,0,486.61,93.0,0,0
16.18,8.571428571428571,97.23443536153118,309,83,0,0,500.92,96.0,0,0
16.18,8.571428571428571,97.24142451513539,309,83,0,0,515.23,99.0,0,0
16.20,7.5,97.25481949894044,309,83,0,0,520,100.0,0,0
16.20,7.5,97.25130036068389,309,83,0,0,505.69,97.0,0,0
16.20,7.5,97.2482704146743,309,83,0,0,491.38,94.0,0,0
16.20,7.5,97.24593616881303,309,83,0,0,477.07,91.0,0,0
16.20,7.5,97.24092050151171,309,83,0,0,462.76,88.0,0,0
16.20,7.5,97.23744129672104,309,83,0,0,448.45,85.0,0,0
16.20,7.5,97.23204465492809,309,83,0,0,434.14,82.0,0,0
16.20,7.5,97.22948021811277,309,83,0,0,419.83,79.0,0,0
16.20,7.5,97.22607254273983,309,83,0,0,405.52,76.0,0,0
16.20,7.5,97.21653994220648,309,83,0,0,391.21,73.0,0,0
16.22,7.5,97.21485042173998,309,83,0,0,376.9,70.0,0,0
16.22,7.5,97.21078983632954,309,83,0,0,362.59000000000003,67.0,0,0
16.22,7.5,97.20432492418489,309,83,0,0,348.28,63.99999999999999,0,0
16.22,7.5,97.19866241163402,309,83,0,0,333.96999999999997,60.99999999999999,0,0
16.22,7.5,97.1959292572656,309,83,0,0,319.65999999999997,57.99999999999999,0,0
16.22,7.5,97.19273999971178,309,83,0,0,305.34999999999997,54.99999999999999,0,0
16.22,7.5,97.19185320746517,309,83,0,0,291.03999999999996,51.99999999999999,0,0
16.22,7.5,97.18752484873475,310,83,0,0,276.7299999999999,48.99999999999998,0,0
16.22,7.5,97.18390267872188,310,83,0,0,262.4199999999999,45.99999999999997,0,0
16.22,7.5,97.1763431621625,310,83,0,0,248.10999999999984,42.99999999999997,0,0
16.23,7.5,97.17215919491237,311,83,0,0,233.79999999999984,39.99999999999997,0,0
16.23,7.5,97.16519449735826,311,83,0,0,219.48999999999984,36.999999999999964,0,0
16.23,7.5,97.16024982705335,311,83,0,0,205.1799999999999,33.99999999999997,0,0
16.23,7.5,97.15583850891176,311,83,0,0,190.8699999999999,30.99999999999997,0,0
16.23,7.5,97.15419968940772,312,83,0,0,176.55999999999983,27.99999999999997,0,0
16.23,7.5,97.149440926024,312,83,0,0,162.24999999999983,24.99999999999997,0,0
16.23,7.5,97.14377053654901,312,83,0,0,147.93999999999988,21.99999999999997,0,0
16.23,7.5,97.1413843192022,312,83,0,0,133.62999999999988,18.99999999999997,0,0
16.23,7.5,97.13907008272825,312,83,0,0,119.31999999999988,15.999999999999972,0,0
16.23,7.5,97.12904355236363,312,83,0,0,105.00999999999982,12.999999999999972,0,0
16.25,7.5,97.12324020670114,312,83,0,0,90.69999999999987,9.999999999999972,0,0
16.25,7.5,97.12223959575361,312,83,0,0,76.38999999999987,6.999999999999972,0,0
16.25,7.5,97.11471514103017,312,83,0,0,62.07999999999987,3.9999999999999716,0,0
16.25,7.5,97.10847496489713,312,83,0,0,47.76999999999987,0.9999999999999716,0,0
16.25,7.5,97.1038380845315,312,83,0,0,43,0.0,0,0
16.25,7.5,97.10642502503659,312,83,0,0,57.31,3.0,0,0
16.25,7.5,97.11190026680558,312,83,0,0,71.62,6.0,0,0
16.25,7.5,97.1106700318525,312,83,0,0,85.93,9.0,0,0
16.25,7.5,97.10811262050146,312,83,0,0,100.24000000000001,12.0,0,0
16.25,7.5,97.11214505853904,312,83,0,0,114.55000000000001,15.0,0,0
16.27,7.5,97.11334771622266,312,83,0,0,128.86,18.0,0,0
16.27,7.5,97.110110490524,312,83,0,0,143.16999999999996,21.0,0,0
16.27,7.5,97.11067646538021,312,83,0,0,157.48000000000002,24.0,0,0
16.27,7.5,97.10955489921103,312,83,0,0,171.79000000000002,27.0,0,0
16.27,7.5,97.11437917146257,312,83,0,0,186.10000000000002,30.0,0,0
16.27,7.5,97.11760632520435,312,83,0,0,200.40999999999997,33.0,0,0
16.27,7.5,97.11669354000789,312,83,0,0,214.71999999999997,36.0,0,0
16.27,7.5,97.12443133307444,312,83,0,0,229.03000000000003,39.0,0,0
16.27,7.5,97.13137791076304,312,83,0,0,243.34000000000003,42.00000000000001,0,0
16.27,7.5,97.13169381552227,312,83,0,0,257.65000000000003,45.00000000000001,0,0
16.28,7.5,97.13483227697166,312,83,0,0,271.96000000000004,48.00000000000001,0,0
16.28,7.5,97.14018639374365,312,83,0,0,286.27000000000004,51.00000000000001,0,0
16.28,7.5,97.14364958367742,312,83,0,0,300.58000000000004,54.00000000000001,0,0
16.28,7.5,97.1504104320615,312,83,0,0,314.89000000000004,57.000000000000014,0,0
16.28,7.5,97.16109936581438,312,83,0,0,329.20000000000005,60.00000000000001,0,0
16.28,7.5,97.17143283900954,312,83,0,0,343.51,63.0,0,0
16.28,7.5,97.17535274065227,312,83,0,0,357.82,66.0,0,0
16.28,7.5,97.18845703169234,312,83,0,0,372.13,69.0,0,0
16.28,7.5,97.19680685563343,312,83,0,0,386.44,72.0,0,0
16.28,7.5,97.20456113220207,312,83,0,0,400.75,75.0,0,0
16.30,7.5,97.21258387301638,312,83,0,0,415.06,78.0,0,0
16.30,7.5,97.21449699884135,312,83,0,0,429.37,81.0,0,0
16.30,7.5,97.22562070302222,312,83,0,0,443.68,84.0,0,0
16.30,7.5,97.23694916609544,312,83,0,0,457.99,87.0,0,0
16.30,7.5,97.24714896739933,312,83,0,0,472.3,90.0,0,0
16.30,7.5,97.2596419558621,312,83,0,0,486.61,93.0,0,0
16.30,7.5,97.26071960305076,312,83,0,0,500.92,96.0,0,0
16.30,7.5,97.27060716749344,312,83,0,0,515.23,99.0,0,0
16.30,8.571428571428571,97.28262790567742,312,83,0,0,520,100.0,0,0
16.30,8.571428571428571,97.27699751712584,312,83,0,0,505.69,97.0,0,0
16.32,8.571428571428571,97.267910983918,312,83,0,0,491.38,94.0,0,0
16.32,8.571428571428571,97.2629106463825,312,83,0,0,477.07,91.0,0,0
16.32,8.571428571428571,97.25654261988969,312,83,0,0,462.76,88.0,0,0
16.32,8.571428571428571,97.2555485544948,312,83,0,0,448.45,85.0,0,0
16.32,8.571428571428571,97.25420735561096,312,83,0,0,434.14,82.0,0,0
16.32,8.571428571428571,97.24926487766612,312,83,0,0,419.83,79.0,0,0
16.32,8.571428571428571,97.247411680579,312,83,0,0,405.52,76.0,0,0
16.32,8.571428571428571,97.24397196427466,312,83,0,0,391.21,73.0,0,0
16.32,8.571428571428571,97.23879359631967,312,83,0,0,376.9,70.0,0,0
16.32,8.571428571428571,97.22936103834515,312,83,0,0,362.59000000000003,67.0,0,0
16.33,8.571428571428571,97.22787096781316,312,83,0,0,348.28,63.99999999999999,0,0
16.33,8.571428571428571,97.22072520834226,313,83,0,0,333.96999999999997,60.99999999999999,0,0
16.33,8.571428571428571,97.21334066872919,313,83,0,0,319.65999999999997,57.99999999999999,0,0
16.33,8.571428571428571,97.20988425068677,313,83,0,0,305.34999999999997,54.99999999999999,0,0
16.33,8.571428571428571,97.20342559115973,313,83,0,0,291.03999999999996,51.99999999999999,0,0
16.33,8.571428571428571,97.19823455777835,313,83,0,0,276.7299999999999,48.99999999999998,0,0
16.33,8.571428571428571,97.19234135391925,314,83,0,0,262.4199999999999,45.99999999999997,0,0
16.33,8.571428571428571,97.18865900600156,314,83,0,0,248.10999999999984,42.99999999999997,0,0
16.33,8.571428571428571,97.18471170338452,314,83,0,0,233.79999999999984,39.99999999999997,0,0
16.33,8.571428571428571,97.17971221886388,314,83,0,0,219.48999999999984,36.999999999999964,0,0
16.35,8.571428571428571,97.17511286782228,314,83,0,0,205.1799999999999,33.99999999999997,0,0
16.35,8.571428571428571,97.16973762138113,314,83,0,0,190.8699999999999,30.99999999999997,0,0
16.35,8.571428571428571,97.16471856292614,314,83,0,0,176.55999999999983,27.99999999999997,0,0
16.35,8.571428571428571,97.1600729648151,314,83,0,0,162.24999999999983,24.99999999999997,0,0
16.35,8.571428571428571,97.1537698206896,314,83,0,0,147.93999999999988,21.99999999999997,0,0
16.35,8.571428571428571,97.14647012675228,314,83,0,0,133.62999999999988,18.99999999999997,0,0
16.35,8.571428571428571,97.13866078268704,314,83,0,0,119.31999999999988,15.999999999999972,0,0
16.35,8.571428571428571,97.13112725536217,314,83,0,0,105.00999999999982,12.999999999999972,0,0
16.35,8.571428571428571,97.12829663446432,314,83,0,0,90.69999999999987,9.999999999999972,0,0
16.35,8.571428571428571,97.12613387001664,314,83,0,0,76.38999999999987,6.999999999999972,0,0
16.37,8.571428571428571,97.1190623051279,314,83,0,0,62.07999999999987,3.9999999999999716,0,0
16.37,8.571428571428571,97.11297309125575,314,83,0,0,47.76999999999987,0.9999999999999716,0,0
16.37,8.571428571428571,97.11107881796248,314,83,0,0,43,0.0,0,0
16.37,8.571428571428571,97.11283973896592,314,83,0,0,57.31,3.0,0,0
16.37,8.571428571428571,97.11706967968853,314,83,0,0,71.62,6.0,0,0
16.37,8.571428571428571,97.11897080134204,314,83,0,0,85.93,9.0,0,0
16.37,8.571428571428571,97.12155580010447,314,83,0,0,100.24000000000001,12.0,0,0
16.37,8.571428571428571,97.12606602884085,314,83,0,0,114.55000000000001,15.0,0,0
16.37,8.571428571428571,97.13215013028548,314,83,0,0,128.86,18.0,0,0
16.37,8.571428571428571,97.13641700419497,314,83,0,0,143.16999999999996,21.0,0,0
16.38,8.571428571428571,97.1430151044087,314,83,0,0,157.48000000000002,24.0,0,0
16.38,8.571428571428571,97.14151514776263,314,83,0,0,171.79000000000002,27.0,0,0
16.38,8.571428571428571,97.14057874319602,314,83,0,0,186.10000000000002,30.0,0,0
16.38,8.571428571428571,97.14283214349574,314,83,0,0,200.40999999999997,33.0,0,0
16.38,8.571428571428571,97.14624743142664,314,83,0,0,214.71999999999997,36.0,0,0
16.38,8.571428571428571,97.15119072359508,314,83,0,0,229.03000000000003,39.0,0,0
16.40,8.571428571428571,97.1555622010029,314,83,0,0,243.34000000000003,42.00000000000001,0,0
16.40,8.571428571428571,97.16243413186494,314,84,0,0,257.65000000000003,45.00000000000001,0,0
16.40,8.571428571428571,97.16488448968916,314,84,0,0,271.96000000000004,48.00000000000001,0,0
16.40,8.571428571428571,97.17386398588602,314,84,0,0,286.27000000000004,51.00000000000001,0,0
16.40,8.571428571428571,97.1780944713954,314,84,0,0,300.58000000000004,54.00000000000001,0,0
16.40,8.571428571428571,97.18744294902714,314,84,0,0,314.89000000000004,57.000000000000014,0,0
16.40,8.571428571428571,97.19342323380535,314,84,0,0,329.20000000000005,60.00000000000001,0,0
16.40,8.571428571428571,97.20293953508552,314,84,0,0,343.51,63.0,0,0
16.42,8.571428571428571,97.20737143732154,314,84,0,0,357.82,66.0,0,0
16.42,8.571428571428571,97.21858268546339,314,84,0,0,372.13,69.0,0,0
16.42,8.571428571428571,97.22957902573475,314,84,0,0,386.44,72.0,0,0
16.42,8.571428571428571,97.23750775272634,315,84,0,0,400.75,75.0,0,0
16.42,8.571428571428571,97.2412110562092,315,84,0,0,415.06,78.0,0,0
16.42,8.571428571428571,97.25267842660608,315,84,0,0,429.37,81.0,0,0
16.42,8.571428571428571,97.26131116004649,315,84,0,0,443.68,84.0,0,0
16.42,8.571428571428571,97.26762649526447,315,84,0,0,457.99,87.0,0,0
16.42,8.571428571428571,97.27804797563391,315,84,0,0,472.3,90.0,0,0
16.42,8.571428571428571,97.28091867832734,315,84,0,0,486.61,93.0,0,0
16.43,8.571428571428571,97.28813737376365,315,84,0,0,500.92,96.0,0,0
16.43,8.571428571428571,97.29745640845731,315,84,0,0,515.23,99.0,0,0
16.43,8.571428571428571,97.30392246580341,315,84,0,0,520,100.0,0,0
16.43,8.571428571428571,97.29957204568571,315,84,0,0,505.69,97.0,0,0
16.43,8.571428571428571,97.29174713800222,315,84,0,0,491.38,94.0,0,0
16.43,8.571428571428571,97.28911303069911,315,84,0,0,477.07,91.0,0,0
16.43,8.571428571428571,97.28521374142953,315,84,0,0,462.76,88.0,0,0
16.43,8.571428571428571,97.28318992100714,315,84,0,0,448.45,85.0,0,0
16.43,8.571428571428571,97.2807033682398,315,84,0,0,434.14,82.0,0,0
16.43,8.571428571428571,97.27892147368674,315,84,0,0,419.83,79.0,0,0
16.45,8.571428571428571,97.27242616206712,315,84,0,0,405.52,76.0,0,0
16.45,8.571428571428571,97.2675877499108,315,84,0,0,391.21,73.0,0,0
16.45,8.571428571428571,97.2593884601685,315,84,0,0,376.9,70.0,0,0
16.45,8.571428571428571,97.25508094234989,315,84,0,0,362.59000000000003,67.0,0,0
16.45,8.571428571428571,97.24711174452177,315,84,0,0,348.28,63.99999999999999,0,0
16.45,8.571428571428571,97.2402429997891,315,84,0,0,333.96999999999997,60.99999999999999,0,0
16.45,8.571428571428571,97.23700537017638,315,84,0,0,319.65999999999997,57.99999999999999,0,0
16.45,8.571428571428571,97.23317798558833,315,84,0,0,305.34999999999997,54.99999999999999,0,0
16.45,8.571428571428571,97.22580679112848,315,84,0,0,291.03999999999996,51.99999999999999,0,0
16.45,8.571428571428571,97.22062333556245,315,84,0,0,276.7299999999999,48.99999999999998,0,0
16.47,8.571428571428571,97.2131982518597,315,84,0,0,262.4199999999999,45.99999999999997,0,0
16.47,8.571428571428571,97.20613333817498,315,84,0,0,248.10999999999984,42.99999999999997,0,0
16.47,8.571428571428571,97.20167647867379,315,84,0,0,233.79999999999984,39.99999999999997,0,0
16.47,8.571428571428571,97.19809093128826,315,84,0,0,219.48999999999984,36.999999999999964,0,0
16.47,8.571428571428571,97.19410361785437,315,84,0,0,205.1799999999999,33.99999999999997,0,0
16.47,8.571428571428571,97.19017641651585,315,84,0,0,190.8699999999999,30.99999999999997,0,0
16.47,8.571428571428571,97.18745406908708,315,84,0,0,176.55999999999983,27.99999999999997,0,0
16.47,8.571428571428571,97.18251682437243,315,84,0,0,162.24999999999983,24.99999999999997,0,0
16.48,8.571428571428571,97.18053580565189,315,84,0,0,147.93999999999988,21.99999999999997,0,0
16.48,8.571428571428571,97.17912601196127,315,84,0,0,133.62999999999988,18.99999999999997,0,0
16.48,8.571428571428571,97.17458338587055,315,84,0,0,119.31999999999988,15.999999999999972,0,0
16.48,8.571428571428571,97.16923895671074,315,84,0,0,105.00999999999982,12.999999999999972,0,0
16.48,8.571428571428571,97.16354668294642,315,84,0,0,90.69999999999987,9.999999999999972,0,0
16.48,8.571428571428571,97.15786930071047,315,84,0,0,76.38999999999987,6.999999999999972,0,0
16.48,8.571428571428571,97.15322521796207,315,84,0,0,62.07999999999987,3.9999999999999716,0,0
16.48,8.571428571428571,97.14549328839821,315,84,0,0,47.76999999999987,0.9999999999999716,0,0
16.50,8.571428571428571,97.1387760011022,315,84,0,0,43,0.0,0,0
16.50,8.571428571428571,97.13933024144045,315,84,0,0,57.31,3.0,0,0
16.52,8.571428571428571,97.14528287858484,315,84,0,0,71.62,6.0,0,0
16.52,8.571428571428571,97.1524312775008,315,84,0,0,85.93,9.0,0,0
16.52,8.571428571428571,97.14863568343999,315,84,0,0,100.24000000000001,12.0,0,0
16.52,8.571428571428571,97.14740534354749,315,84,0,0,114.55000000000001,15.0,0,0
16.52,8.571428571428571,97.14902940784944,315,84,0,0,128.86,18.0,0,0
16.53,8.571428571428571,97.14919325723288,315,84,0,0,143.16999999999996,21.0,0,0
16.55,8.571428571428571,97.1510713594632,315,84,0,0,157.48000000000002,24.0,0,0
16.55,8.571428571428571,97.1515308348191,315,84,0,0,171.79000000000002,27.0,0,0
16.55,8.571428571428571,97.15648882811796,315,84,0,0,186.10000000000002,30.0,0,0
16.55,8.571428571428571,97.1579544947318,315,84,0,0,200.40999999999997,33.0,0,0
16.57,8.571428571428571,97.16069722149668,315,84,0,0,214.71999999999997,36.0,0,0
16.57,8.571428571428571,97.16499860111861,315,84,0,0,229.03000000000003,39.0,0,0
16.57,8.571428571428571,97.16660564889453,315,84,0,0,243.34000000000003,42.00000000000001,0,0
16.57,8.571428571428571,97.16942060516547,315,84,0,0,257.65000000000003,45.00000000000001,0,0
16.57,8.571428571428571,97.1709200839382,315,84,0,0,271.96000000000004,48.00000000000001,0,0
16.57,8.571428571428571,97.17488621687782,315,84,0,0,286.27000000000004,51.00000000000001,0,0
16.57,8.571428571428571,97.18407911333249,315,84,0,0,300.58000000000004,54.00000000000001,0,0
16.57,8.571428571428571,97.19409130841827,315,84,0,0,314.89000000000004,57.000000000000014,0,0
16.58,8.571428571428571,97.20286209553004,315,84,0,0,329.20000000000005,60.00000000000001,0,0
16.58,8.571428571428571,97.20905587106309,315,84,0,0,343.51,63.0,0,0
16.58,8.571428571428571,97.21958346541518,315,84,0,0,357.82,66.0,0,0
16.58,8.571428571428571,97.22249458286578,315,84,0,0,372.13,69.0,0,0
16.58,8.571428571428571,97.23380232569988,315,84,0,0,386.44,72.0,0,0
16.58,8.571428571428571,97.2379413820883,315,84,0,0,400.75,75.0,0,0
16.58,8.571428571428571,97.24444722140211,315,84,0,0,415.06,78.0,0,0
16.58,8.571428571428571,97.25479358857567,316,84,0,0,429.37,81.0,0,0
16.58,8.571428571428571,97.26429719516395,316,84,0,0,443.68,84.0,0,0
16.58,8.571428571428571,97.27030671735865,316,84,0,0,457.99,87.0,0,0
16.60,8.571428571428571,97.27798980341082,316,84,0,0,472.3,90.0,0,0
16.60,8.571428571428571,97.28348300345445,316,85,0,0,486.61,93.0,0,0
16.60,8.571428571428571,97.29183500577224,316,85,0,0,500.92,96.0,0,0
16.60,8.571428571428571,97.30017537995556,316,85,0,0,515.23,99.0,0,0
16.60,6.0,97.30867141775835,316,85,0,0,520,100.0,0,0
16.60,6.0,97.3026748535392,316,85,0,0,505.69,97.0,0,0
16.60,6.0,97.30083816485418,316,85,0,0,491.38,94.0,0,0
16.60,6.0,97.2979260743252,316,85,0,0,477.07,91.0,0,0
16.60,6.0,97.29736906601244,316,85,0,0,462.76,88.0,0,0
16.60,6.0,97.29645230877556,316,85,0,0,448.45,85.0,0,0
16.62,6.0,97.29059122723046,316,85,0,0,434.14,82.0,0,0
16.62,6.0,97.28726372881627,316,85,0,0,419.83,79.0,0,0
16.62,6.0,97.28317267729834,316,85,0,0,405.52,76.0,0,0
16.62,6.0,97.27899399374428,316,85,0,0,391.21,73.0,0,0
16.62,6.0,97.27313502214744,317,85,0,0,376.9,70.0,0,0
16.62,6.0,97.2642738819732,317,85,0,0,362.59000000000003,67.0,0,0
16.62,6.0,97.25686321899249,317,85,0,0,348.28,63.99999999999999,0,0
16.62,6.0,97.25355615195866,317,85,0,0,333.96999999999997,60.99999999999999,0,0
16.62,6.0,97.2472532937995,317,85,0,0,319.65999999999997,57.99999999999999,0,0
16.62,6.0,97.24559655882429,317,85,0,0,305.34999999999997,54.99999999999999,0,0
16.63,6.0,97.24272807101299,317,85,0,0,291.03999999999996,51.99999999999999,0,0
16.63,6.0,97.24038976123532,317,85,0,0,276.7299999999999,48.99999999999998,0,0
16.63,6.0,97.2376444645566,317,85,0,0,262.4199999999999,45.99999999999997,0,0
16.63,6.0,97.2315724275091,317,85,0,0,248.10999999999984,42.99999999999997,0,0
16.63,6.0,97.22624721603916,317,85,0,0,233.79999999999984,39.99999999999997,0,0
16.63,6.0,97.2209764916387,317,85,0,0,219.48999999999984,36.999999999999964,0,0
16.63,6.0,97.21993247697176,317,85,0,0,205.1799999999999,33.99999999999997,0,0
16.63,6.0,97.2133270391852,317,85,0,0,190.8699999999999,30.99999999999997,0,0
16.63,6.0,97.21070631691427,317,85,0,0,176.55999999999983,27.99999999999997,0,0
16.63,6.0,97.20577463385118,317,85,0,0,162.24999999999983,24.99999999999997,0,0
16.65,6.0,97.19749772427284,317,85,0,0,147.93999999999988,21.99999999999997,0,0
16.65,6.0,97.19465183986473,317,85,0,0,133.62999999999988,18.99999999999997,0,0
16.65,6.0,97.18681985215001,318,85,0,0,119.31999999999988,15.999999999999972,0,0
16.65,6.0,97.18281276195613,318,85,0,0,105.00999999999982,12.999999999999972,0,0
16.65,6.0,97.18035758383195,318,85,0,0,90.69999999999987,9.999999999999972,0,0
16.65,6.0,97.17409953149473,318,85,0,0,76.38999999999987,6.999999999999972,0,0
16.65,6.0,97.16588950737452,318,85,0,0,62.07999999999987,3.9999999999999716,0,0
16.65,6.0,97.16029011174614,318,85,0,0,47.76999999999987,0.9999999999999716,0,0
16.65,6.0,97.15633820887672,318,86,0,0,43,0.0,0,0
16.65,6.0,97.1556948077524,319,86,0,0,57.31,3.0,0,0
16.67,6.0,97.15779095494052,319,86,0,0,71.62,6.0,0,0
16.67,6.0,97.1571592981647,320,86,0,0,85.93,9.0,0,0
16.67,6.0,97.15596412336166,320,86,0,0,100.24000000000001,12.0,0,0
16.67,6.0,97.1565214506367,320,86,0,0,114.55000000000001,15.0,0,0
16.67,6.0,97.16122058152327,321,86,0,0,128.86,18.0,0,0
16.67,6.0,97.16453160776045,321,86,0,0,143.16999999999996,21.0,0,0
16.67,6.0,97.171486936059,321,86,0,0,157.48000000000002,24.0,0,0
16.67,6.0,97.17508464115143,321,86,0,0,171.79000000000002,27.0,0,0
16.67,6.0,97.1741198341744,321,86,0,0,186.10000000000002,30.0,0,0
16.67,6.0,97.17676142705412,321,86,0,0,200.40999999999997,33.0,0,0
16.68,6.0,97.17813545011306,321,86,0,0,214.71999999999997,36.0,0,0
16.68,6.0,97.17629811046399,321,86,0,0,229.03000000000003,39.0,0,0
16.68,6.0,97.18073229328834,321,86,0,0,243.34000000000003,42.00000000000001,0,0
16.68,6.0,97.18501821200203,321,86,0,0,257.65000000000003,45.00000000000001,0,0
16.68,6.0,97.18852833653463,321,86,0,0,271.96000000000004,48.00000000000001,0,0
16.68,6.0,97.19818910466248,321,86,0,0,286.27000000000004,51.00000000000001,0,0
16.68,6.0,97.21132612733332,321,86,0,0,300.58000000000004,54.00000000000001,0,0
16.68,6.0,97.22212328577876,321,86,0,0,314.89000000000004,57.000000000000014,0,0
16.68,6.0,97.22871146775894,321,86,0,0,329.20000000000005,60.00000000000001,0,0
16.68,6.0,97.23497956990529,321,86,0,0,343.51,63.0,0,0
16.70,6.0,97.24396468108002,321,86,0,0,357.82,66.0,0,0
16.70,6.0,97.25367143065084,321,86,0,0,372.13,69.0,0,0
16.70,6.0,97.25967055015487,321,86,0,0,386.44,72.0,0,0
16.70,6.0,97.2726301952885,321,86,0,0,400.75,75.0,0,0
16.70,6.0,97.28259552541444,321,86,0,0,415.06,78.0,0,0
16.70,6.0,97.28834061114127,321,87,0,0,429.37,81.0,0,0
16.70,6.0,97.30035306980855,322,87,0,0,443.68,84.0,0,0
16.70,6.0,97.30771945104097,322,87,0,0,457.99,87.0,0,0
16.70,6.0,97.31867824933305,322,87,0,0,472.3,90.0,0,0
16.70,6.0,97.31917635813646,322,87,0,0,486.61,93.0,0,0
16.72,6.0,97.3277679032857,322,88,0,0,500.92,96.0,0,0
16.72,6.0,97.33195344824891,322,88,0,0,515.23,99.0,0,0
16.72,8.571428571428571,97.34248582404734,322,88,0,0,520,100.0,0,0
16.72,8.571428571428571,97.33860557027207,322,88,0,0,505.69,97.0,0,0
16.72,8.571428571428571,97.33359739666787,322,88,0,0,491.38,94.0,0,0
16.72,8.571428571428571,97.32647388109262,322,88,0,0,477.07,91.0,0,0
16.72,8.571428571428571,97.32158796339804,322,88,0,0,462.76,88.0,0,0
16.72,8.571428571428571,97.31857969927071,322,88,0,0,448.45,85.0,0,0
16.72,8.571428571428571,97.31133247291244,322,88,0,0,434.14,82.0,0,0
16.72,8.571428571428571,97.3046152424295,322,88,0,0,419.83,79.0,0,0
16.73,8.571428571428571,97.2992331563611,322,88,0,0,405.52,76.0,0,0
16.73,8.571428571428571,97.29444573411214,322,88,0,0,391.21,73.0,0,0
16.73,8.571428571428571,97.28516382526993,322,88,0,0,376.9,70.0,0,0
16.73,8.571428571428571,97.27832042030846,322,88,0,0,362.59000000000003,67.0,0,0
16.73,8.571428571428571,97.27390373521048,322,88,0,0,348.28,63.99999999999999,0,0
16.73,8.571428571428571,97.26948312652026,322,88,0,0,333.96999999999997,60.99999999999999,0,0
16.73,8.571428571428571,97.26180750966397,322,88,0,0,319.65999999999997,57.99999999999999,0,0
16.73,8.571428571428571,97.25659790603062,322,88,0,0,305.34999999999997,54.99999999999999,0,0
16.73,8.571428571428571,97.25075967174354,322,88,0,0,291.03999999999996,51.99999999999999,0,0
16.73,8.571428571428571,97.24573025316114,322,88,0,0,276.7299999999999,48.99999999999998,0,0
16.75,8.571428571428571,97.24090189942112,322,88,0,0,262.4199999999999,45.99999999999997,0,0
16.75,8.571428571428571,97.23505411387187,322,88,0,0,248.10999999999984,42.99999999999997,0,0
16.75,8.571428571428571,97.22839180704774,322,88,0,0,233.79999999999984,39.99999999999997,0,0
16.75,8.571428571428571,97.22197174133923,322,88,0,0,219.48999999999984,36.999999999999964,0,0
16.75,8.571428571428571,97.21386387683324,322,88,0,0,205.1799999999999,33.99999999999997,0,0
16.75,8.571428571428571,97.20616941977963,323,88,0,0,190.8699999999999,30.99999999999997,0,0
16.75,8.571428571428571,97.20576741283482,323,88,0,0,176.55999999999983,27.99999999999997,0,0
16.75,8.571428571428571,97.19979502050863,323,88,0,0,162.24999999999983,24.99999999999997,0,0
16.75,8.571428571428571,97.19832678440248,323,88,0,0,147.93999999999988,21.99999999999997,0,0
16.75,8.571428571428571,97.19301725282784,323,88,0,0,133.62999999999988,18.99999999999997,0,0
16.77,8.571428571428571,97.18735251850006,323,88,0,0,119.31999999999988,15.999999999999972,0,0
16.77,8.571428571428571,97.18404178794766,323,88,0,0,105.00999999999982,12.999999999999972,0,0
16.77,8.571428571428571,97.17934837449636,323,88,0,0,90.69999999999987,9.999999999999972,0,0
16.77,8.571428571428571,97.17400003497958,323,88,0,0,76.38999999999987,6.999999999999972,0,0
16.77,8.571428571428571,97.16963142350163,323,88,0,0,62.07999999999987,3.9999999999999716,0,0
16.77,8.571428571428571,97.16328295731823,323,88,0,0,47.76999999999987,0.9999999999999716,0,0
16.77,8.571428571428571,97.1622836567832,323,88,0,0,43,0.0,0,0
16.77,8.571428571428571,97.16906813637681,323,88,0,0,57.31,3.0,0,0
16.77,8.571428571428571,97.17680227298708,323,88,0,0,71.62,6.0,0,0
16.77,8.571428571428571,97.17748273770263,323,88,0,0,85.93,9.0,0,0
16.78,8.571428571428571,97.17558236588131,324,88,0,0,100.24000000000001,12.0,0,0
16.78,8.571428571428571,97.17329640241068,324,88,0,0,114.55000000000001,15.0,0,0
16.78,8.571428571428571,97.17369100778782,324,88,0,0,128.86,18.0,0,0
16.78,8.571428571428571,97.17439547754262,324,88,0,0,143.16999999999996,21.0,0,0
16.78,8.571428571428571,97.1773143490481,324,88,0,0,157.48000000000002,24.0,0,0
16.78,8.571428571428571,97.17667833172047,324,88,0,0,171.79000000000002,27.0,0,0
16.78,8.571428571428571,97.17586107405333,324,88,0,0,186.10000000000002,30.0,0,0
16.80,8.571428571428571,97.17737938546738,324,88,0,0,200.40999999999997,33.0,0,0
16.80,8.571428571428571,97.17874271677557,324,88,0,0,214.71999999999997,36.0,0,0
16.80,8.571428571428571,97.18459171917019,324,88,0,0,229.03000000000003,39.0,0,0
16.80,8.571428571428571,97.18606892418249,324,88,0,0,243.34000000000003,42.00000000000001,0,0
16.80,8.571428571428571,97.18734700661909,324,88,0,0,257.65000000000003,45.00000000000001,0,0
16.80,8.571428571428571,97.18663459314872,324,88,0,0,271.96000000000004,48.00000000000001,0,0
16.80,8.571428571428571,97.18971769300877,324,88,0,0,286.27000000000004,51.00000000000001,0,0
16.80,8.571428571428571,97.1934710242797,324,88,0,0,300.58000000000004,54.00000000000001,0,0
16.80,8.571428571428571,97.20315087710928,324,88,0,0,314.89000000000004,57.000000000000014,0,0
16.82,8.571428571428571,97.21120669722569,324,88,0,0,329.20000000000005,60.00000000000001,0,0
16.82,8.571428571428571,97.21551384225668,324,88,0,0,343.51,63.0,0,0
16.82,8.571428571428571,97.2193738309108,324,88,0,0,357.82,66.0,0,0
16.82,8.571428571428571,97.22601033069081,324,88,0,0,372.13,69.0,0,0
16.82,8.571428571428571,97.2357416314733,324,88,0,0,386.44,72.0,0,0
16.82,8.571428571428571,97.2437202310887,324,88,0,0,400.75,75.0,0,0
16.82,8.571428571428571,97.24708081317407,324,88,0,0,415.06,78.0,0,0
16.82,8.571428571428571,97.25168733504425,324,88,0,0,429.37,81.0,0,0
16.82,8.571428571428571,97.25690432296736,324,88,0,0,443.68,84.0,0,0
16.83,8.571428571428571,97.26349835895336,324,88,0,0,457.99,87.0,0,0
16.83,8.571428571428571,97.26964334366227,324,88,0,0,472.3,90.0,0,0
16.83,8.571428571428571,97.27683739786426,324,88,0,0,486.61,93.0,0,0
16.83,8.571428571428571,97.28451465700991,324,88,0,0,500.92,96.0,0,0
16.83,8.571428571428571,97.2878512178516,324,88,0,0,515.23,99.0,0,0
16.83,8.571428571428571,97.29256236487844,324,88,0,0,520,100.0,0,0
16.83,8.571428571428571,97.29021028838821,324,88,0,0,505.69,97.0,0,0
16.83,8.571428571428571,97.28344827713653,324,88,0,0,491.38,94.0,0,0
16.83,8.571428571428571,97.27988824111769,325,88,0,0,477.07,91.0,0,0
16.83,8.571428571428571,97.2758416970592,325,88,0,0,462.76,88.0,0,0
16.85,8.571428571428571,97.27067676537622,325,88,0,0,448.45,85.0,0,0
16.85,8.571428571428571,97.26803565711793,325,88,0,0,434.14,82.0,0,0
16.85,8.571428571428571,97.26033366671551,326,88,0,0,419.83,79.0,0,0
16.85,8.571428571428571,97.25693405898707,326,88,0,0,405.52,76.0,0,0
16.85,8.571428571428571,97.25273581020924,326,88,0,0,391.21,73.0,0,0
16.85,8.571428571428571,97.25043941011089,326,88,0,0,376.9,70.0,0,0
16.85,8.571428571428571,97.2473066246481,326,88,0,0,362.59000000000003,67.0,0,0
16.85,8.571428571428571,97.23964566827401,326,88,0,0,348.28,63.99999999999999,0,0
16.85,8.571428571428571,97.23331487957348,326,88,0,0,333.96999999999997,60.99999999999999,0,0
16.85,8.571428571428571,97.2287915582689,326,88,0,0,319.65999999999997,57.99999999999999,0,0
16.87,8.571428571428571,97.22587558497798,326,88,0,0,305.34999999999997,54.99999999999999,0,0
16.87,8.571428571428571,97.22349189470786,326,88,0,0,291.03999999999996,51.99999999999999,0,0
16.87,8.571428571428571,97.21808384812422,326,88,0,0,276.7299999999999,48.99999999999998,0,0
16.87,8.571428571428571,97.21319040849227,326,88,0,0,262.4199999999999,45.99999999999997,0,0
16.87,8.571428571428571,97.20404403162746,326,88,0,0,248.10999999999984,42.99999999999997,0,0
16.87,8.571428571428571,97.19953556349442,326,88,0,0,233.79999999999984,39.99999999999997,0,0
16.87,8.571428571428571,97.1924609344656,326,88,0,0,219.48999999999984,36.999999999999964,0,0
16.87,8.571428571428571,97.18545059543784,326,88,0,0,205.1799999999999,33.99999999999997,0,0
16.87,8.571428571428571,97.18315437073444,326,88,0,0,190.8699999999999,30.99999999999997,0,0
16.87,8.571428571428571,97.17890328794981,326,88,0,0,176.55999999999983,27.99999999999997,0,0
16.88,8.571428571428571,97.17657835171048,326,88,0,0,162.24999999999983,24.99999999999997,0,0
16.88,8.571428571428571,97.16850399446433,326,88,0,0,147.93999999999988,21.99999999999997,0,0
16.88,8.571428571428571,97.16330459783815,326,88,0,0,133.62999999999988,18.99999999999997,0,0
16.88,8.571428571428571,97.15827227028757,326,88,0,0,119.31999999999988,15.999999999999972,0,0
16.88,8.571428571428571,97.15285592240768,326,88,0,0,105.00999999999982,12.999999999999972,0,0
16.88,8.571428571428571,97.1448094367428,326,88,0,0,90.69999999999987,9.999999999999972,0,0
16.88,8.571428571428571,97.13960910662135,326,88,0,0,76.38999999999987,6.999999999999972,0,0
16.88,8.571428571428571,97.13902145043555,326,88,0,0,62.07999999999987,3.9999999999999716,0,0
16.88,8.571428571428571,97.13222603240095,326,88,0,0,47.76999999999987,0.9999999999999716,0,0
16.88,8.571428571428571,97.12836270394058,326,88,0,0,43,0.0,0,0
16.90,8.571428571428571,97.13058888634598,326,88,0,0,57.31,3.0,0,0
16.90,8.571428571428571,97.13128146026006,326,88,0,0,71.62,6.0,0,0
16.90,8.571428571428571,97.13537884471812,326,88,0,0,85.93,9.0,0,0
16.90,8.571428571428571,97.13382244398171,326,88,0,0,100.24000000000001,12.0,0,0
16.90,8.571428571428571,97.13310290676294,326,88,0,0,114.55000000000001,15.0,0,0
16.90,8.571428571428571,97.13322184450615,326,88,0,0,128.86,18.0,0,0
16.90,8.571428571428571,97.13481983708803,326,88,0,0,143.16999999999996,21.0,0,0
16.90,8.571428571428571,97.13757894212141,326,88,0,0,157.48000000000002,24.0,0,0
16.90,8.571428571428571,97.1419661599393,326,88,0,0,171.79000000000002,27.0,0,0
16.90,8.571428571428571,97.14236774902403,326,88,0,0,186.10000000000002,30.0,0,0
16.92,8.571428571428571,97.14122536610853,326,88,0,0,200.40999999999997,33.0,0,0
16.92,8.571428571428571,97.14364139885771,326,88,0,0,214.71999999999997,36.0,0,0
16.92,8.571428571428571,97.15003355452784,326,88,0,0,229.03000000000003,39.0,0,0
16.92,8.571428571428571,97.15033122703495,326,88,0,0,243.34000000000003,42.00000000000001,0,0
16.92,8.571428571428571,97.15485906893771,327,88,0,0,257.65000000000003,45.00000000000001,0,0
16.92,8.571428571428571,97.1570100785084,327,88,0,0,271.96000000000004,48.00000000000001,0,0
16.92,8.571428571428571,97.16553996965094,327,88,0,0,286.27000000000004,51.00000000000001,0,0
16.92,8.571428571428571,97.17490289960381,327,88,0,0,300.58000000000004,54.00000000000001,0,0
16.92,8.571428571428571,97.18569846591426,327,88,0,0,314.89000000000004,57.000000000000014,0,0
16.92,8.571428571428571,97.18991868174284,327,88,0,0,329.20000000000005,60.00000000000001,0,0
16.93,8.571428571428571,97.20113162889793,327,88,0,0,343.51,63.0,0,0
16.93,8.571428571428571,97.21293939007906,327,88,0,0,357.82,66.0,0,0
16.93,8.571428571428571,97.22518835078124,327,88,0,0,372.13,69.0,0,0
16.93,8.571428571428571,97.23074120780987,327,88,0,0,386.44,72.0,0,0
16.93,8.571428571428571,97.23893430530228,327,88,0,0,400.75,75.0,0,0
16.93,8.571428571428571,97.24352778026622,327,88,0,0,415.06,78.0,0,0
16.93,8.571428571428571,97.2545005618492,327,88,0,0,429.37,81.0,0,0
16.93,8.571428571428571,97.26357351754585,327,88,0,0,443.68,84.0,0,0
16.93,8.571428571428571,97.27474938879602,327,88,0,0,457.99,87.0,0,0
16.93,8.571428571428571,97.28227419355206,327,88,0,0,472.3,90.0,0,0
16.95,8.571428571428571,97.28968638055666,327,88,0,0,486.61,93.0,0,0
16.95,8.571428571428571,97.2904756948604,327,88,0,0,500.92,96.0,0,0
16.95,8.571428571428571,97.2984684463181,327,88,0,0,515.23,99.0,0,0
16.95,8.571428571428571,97.30786746609128,327,88,0,0,520,100.0,0,0
16.95,8.571428571428571,97.30491749434304,327,88,0,0,505.69,97.0,0,0
16.95,8.571428571428571,97.30173492440235,327,88,0,0,491.38,94.0,0,0
16.95,8.571428571428571,97.29419526675315,327,88,0,0,477.07,91.0,0,0
16.95,8.571428571428571,97.28698744117435,327,88,0,0,462.76,88.0,0,0
16.95,8.571428571428571,97.28051182762266,327,88,0,0,448.45,85.0,0,0
16.95,8.571428571428571,97.27698252869325,327,88,0,0,434.14,82.0,0,0
16.97,8.571428571428571,97.2756151978176,327,88,0,0,419.83,79.0,0,0
16.97,8.571428571428571,97.27146333639764,327,88,0,0,405.52,76.0,0,0
16.97,8.571428571428571,97.26446576878888,327,88,0,0,391.21,73.0,0,0
16.97,8.571428571428571,97.26329938306267,327,88,0,0,376.9,70.0,0,0
16.97,8.571428571428571,97.2610017042957,327,88,0,0,362.59000000000003,67.0,0,0
16.97,8.571428571428571,97.25670225014447,327,88,0,0,348.28,63.99999999999999,0,0
16.97,8.571428571428571,97.2492879381289,327,88,0,0,333.96999999999997,60.99999999999999,0,0
16.97,8.571428571428571,97.24495782948185,327,88,0,0,319.65999999999997,57.99999999999999,0,0
16.97,8.571428571428571,97.24014525759907,327,88,0,0,305.34999999999997,54.99999999999999,0,0
16.97,8.571428571428571,97.23380972321118,327,88,0,0,291.03999999999996,51.99999999999999,0,0
16.98,8.571428571428571,97.22875558030357,328,88,0,0,276.7299999999999,48.99999999999998,0,0
16.98,8.571428571428571,97.22319306477321,328,88,0,0,262.4199999999999,45.99999999999997,0,0
16.98,8.571428571428571,97.22241933874484,328,88,0,0,248.10999999999984,42.99999999999997,0,0
16.98,8.571428571428571,97.21915249500267,328,88,0,0,233.79999999999984,39.99999999999997,0,0
16.98,8.571428571428571,97.2187686447409,328,88,0,0,219.48999999999984,36.999999999999964,0,0
16.98,8.571428571428571,97.21221301364972,328,88,0,0,205.1799999999999,33.99999999999997,0,0
16.98,8.571428571428571,97.20845969281635,328,88,0,0,190.8699999999999,30.99999999999997,0,0
16.98,8.571428571428571,97.20429378668717,328,88,0,0,176.55999999999983,27.99999999999997,0,0
16.98,8.571428571428571,97.1970903373641,328,88,0,0,162.24999999999983,24.99999999999997,0,0
16.98,8.571428571428571,97.19305912099027,328,88,0,0,147.93999999999988,21.99999999999997,0,0
17.00,8.571428571428571,97.18852757152726,328,88,0,0,133.62999999999988,18.99999999999997,0,0
17.00,8.571428571428571,97.18783731553009,328,88,0,0,119.31999999999988,15.999999999999972,0,0
17.00,8.571428571428571,97.17976053093021,328,88,0,0,105.00999999999982,12.999999999999972,0,0
17.00,8.571428571428571,97.17463336747635,328,88,0,0,90.69999999999987,9.999999999999972,0,0
17.00,8.571428571428571,97.16887275641746,328,88,0,0,76.38999999999987,6.999999999999972,0,0
17.00,8.571428571428571,97.1644217370085,328,88,0,0,62.07999999999987,3.9999999999999716,0,0
17.00,8.571428571428571,97.1600073704446,328,88,0,0,47.76999999999987,0.9999999999999716,0,0
17.00,8.571428571428571,97.15522052795919,329,88,0,0,43,0.0,0,0
17.02,8.571428571428571,97.15679923842376,329,88,0,0,57.31,3.0,0,0
17.02,8.571428571428571,97.15546633820668,329,88,0,0,71.62,6.0,0,0
17.02,8.571428571428571,97.15747741158073,329,88,0,0,85.93,9.0,0,0
17.02,8.571428571428571,97.1619985409709,329,88,0,0,100.24000000000001,12.0,0,0
17.02,8.571428571428571,97.16638507127648,329,88,0,0,114.55000000000001,15.0,0,0
17.02,8.571428571428571,97.16496557503596,329,88,0,0,128.86,18.0,0,0
17.02,8.571428571428571,97.1707690674148,329,88,0,0,143.16999999999996,21.0,0,0
17.02,8.571428571428571,97.17316511795393,329,88,0,0,157.48000000000002,24.0,0,0
17.02,8.571428571428571,97.17458373444829,329,88,0,0,171.79000000000002,27.0,0,0
17.02,8.571428571428571,97.1787297046181,329,88,0,0,186.10000000000002,30.0,0,0
17.03,8.571428571428571,97.17995093377581,329,88,0,0,200.40999999999997,33.0,0,0
17.03,8.571428571428571,97.18170607069514,329,88,0,0,214.71999999999997,36.0,0,0
17.03,8.571428571428571,97.18703302260063,329,88,0,0,229.03000000000003,39.0,0,0
17.03,8.571428571428571,97.1905488027554,329,88,0,0,243.34000000000003,42.00000000000001,0,0
17.03,8.571428571428571,97.18766751404901,329,88,0,0,257.65000000000003,45.00000000000001,0,0
17.03,8.571428571428571,97.19247222912574,329,88,0,0,271.96000000000004,48.00000000000001,0,0
17.03,8.571428571428571,97.20195152127617,329,88,0,0,286.27000000000004,51.00000000000001,0,0
17.03,8.571428571428571,97.2065520684682,329,88,0,0,300.58000000000004,54.00000000000001,0,0
17.03,8.571428571428571,97.21711074159566,329,88,0,0,314.89000000000004,57.000000000000014,0,0
17.03,8.571428571428571,97.22610816712678,329,88,0,0,329.20000000000005,60.00000000000001,0,0
17.05,8.571428571428571,97.23414082467282,329,88,0,0,343.51,63.0,0,0
17.05,8.571428571428571,97.23942883570305,329,88,0,0,357.82,66.0,0,0
17.05,8.571428571428571,97.24592496053154,329,88,0,0,372.13,69.0,0,0
17.05,8.571428571428571,97.25240928885817,329,88,0,0,386.44,72.0,0,0
17.05,8.571428571428571,97.2590576215803,329,88,0,0,400.75,75.0,0,0
17.05,8.571428571428571,97.26954857165462,329,88,0,0,415.06,78.0,0,0
17.07,8.571428571428571,97.27953270045086,329,88,0,0,429.37,81.0,0,0
17.07,8.571428571428571,97.28808469259211,329,88,0,0,443.68,84.0,0,0
17.07,8.571428571428571,97.29194488387769,329,88,0,0,457.99,87.0,0,0
17.07,8.571428571428571,97.2945513181254,329,88,0,0,472.3,90.0,0,0
17.07,8.571428571428571,97.29758224249913,329,88,0,0,486.61,93.0,0,0
17.07,8.571428571428571,97.30434602313593,329,88,0,0,500.92,96.0,0,0
17.07,8.571428571428571,97.30985281942019,329,88,0,0,515.23,99.0,0,0
17.07,8.571428571428571,97.31134714445976,329,88,0,0,520,100.0,0,0
17.07,8.571428571428571,97.30368215774017,329,88,0,0,505.69,97.0,0,0
17.07,8.571428571428571,97.303456179658,329,88,0,0,491.38,94.0,0,0
17.08,8.571428571428571,97.30209047989618,329,88,0,0,477.07,91.0,0,0
17.08,8.571428571428571,97.29889365175231,329,88,0,0,462.76,88.0,0,0
17.08,8.571428571428571,97.29055815658327,329,88,0,0,448.45,85.0,0,0
17.08,8.571428571428571,97.28195290746967,329,88,0,0,434.14,82.0,0,0
17.08,8.571428571428571,97.27833363267546,329,88,0,0,419.83,79.0,0,0
17.08,8.571428571428571,97.27434226701622,329,88,0,0,405.52,76.0,0,0
17.08,8.571428571428571,97.26912030029679,329,88,0,0,391.21,73.0,0,0
17.08,8.571428571428571,97.2666791734662,329,88,0,0,376.9,70.0,0,0
17.08,8.571428571428571,97.26260697285355,329,88,0,0,362.59000000000003,67.0,0,0
17.10,8.571428571428571,97.25625865125703,329,88,0,0,348.28,63.99999999999999,0,0
17.10,8.571428571428571,97.24803528005033,329,88,0,0,333.96999999999997,60.99999999999999,0,0
17.10,8.571428571428571,97.24764659738466,329,88,0,0,319.65999999999997,57.99999999999999,0,0
17.10,8.571428571428571,97.24564304962972,330,88,0,0,305.34999999999997,54.99999999999999,0,0
17.10,8.571428571428571,97.24003424859592,330,88,0,0,291.03999999999996,51.99999999999999,0,0
17.10,8.571428571428571,97.234809475867,330,88,0,0,276.7299999999999,48.99999999999998,0,0
17.10,8.571428571428571,97.23038331551794,330,88,0,0,262.4199999999999,45.99999999999997,0,0
17.10,8.571428571428571,97.22481519202064,331,88,0,0,248.10999999999984,42.99999999999997,0,0
17.10,8.571428571428571,97.22167716987,331,88,0,0,233.79999999999984,39.99999999999997,0,0
17.12,8.571428571428571,97.21986860067307,332,88,0,0,219.48999999999984,36.999999999999964,0,0
17.12,8.571428571428571,97.2124905118361,332,88,0,0,205.1799999999999,33.99999999999997,0,0
17.12,8.571428571428571,97.20965344828406,332,88,0,0,190.8699999999999,30.99999999999997,0,0
17.12,8.571428571428571,97.20811615098643,332,88,0,0,176.55999999999983,27.99999999999997,0,0
17.12,8.571428571428571,97.20514178106082,332,88,0,0,162.24999999999983,24.99999999999997,0,0
17.12,8.571428571428571,97.20258282876382,333,88,0,0,147.93999999999988,21.99999999999997,0,0
17.12,8.571428571428571,97.20020695124587,333,88,0,0,133.62999999999988,18.99999999999997,0,0
17.12,8.571428571428571,97.20035019517168,333,89,0,0,119.31999999999988,15.999999999999972,0,0
17.13,8.571428571428571,97.19572360355683,333,89,0,0,105.00999999999982,12.999999999999972,0,0
17.13,8.571428571428571,97.19268025542377,333,89,0,0,90.69999999999987,9.999999999999972,0,0
17.13,8.571428571428571,97.18956010466005,333,89,0,0,76.38999999999987,6.999999999999972,0,0
17.13,8.571428571428571,97.1889063515252,333,89,0,0,62.07999999999987,3.9999999999999716,0,0
17.13,8.571428571428571,97.18231663843683,333,89,0,0,47.76999999999987,0.9999999999999716,0,0
17.13,8.571428571428571,97.17417822589424,333,89,0,0,43,0.0,0,0
17.13,8.571428571428571,97.17277803341469,333,89,0,0,57.31,3.0,0,0
17.15,8.571428571428571,97.17230445981124,333,89,0,0,71.62,6.0,0,0
17.15,8.571428571428571,97.17417644953875,333,89,0,0,85.93,9.0,0,0
17.15,8.571428571428571,97.17993651713303,333,89,0,0,100.24000000000001,12.0,0,0
17.15,8.571428571428571,97.1858171028834,333,89,0,0,114.55000000000001,15.0,0,0
17.15,8.571428571428571,97.18834734039038,333,89,0,0,128.86,18.0,0,0
17.15,8.571428571428571,97.19171913065522,333,89,0,0,143.16999999999996,21.0,0,0
17.15,8.571428571428571,97.19134570210896,333,89,0,0,157.48000000000002,24.0,0,0
17.15,8.571428571428571,97.193161291739,333,89,0,0,171.79000000000002,27.0,0,0
17.15,8.571428571428571,97.1962113116711,333,89,0,0,186.10000000000002,30.0,0,0
17.15,8.571428571428571,97.2025048752127,333,89,0,0,200.40999999999997,33.0,0,0
17.15,8.571428571428571,97.20066338505215,333,89,0,0,214.71999999999997,36.0,0,0
17.17,8.571428571428571,97.20143864293082,334,89,0,0,229.03000000000003,39.0,0,0
17.17,8.571428571428571,97.20516306250849,334,89,0,0,243.34000000000003,42.00000000000001,0,0
17.17,8.571428571428571,97.2034044102749,334,89,0,0,257.65000000000003,45.00000000000001,0,0
17.17,8.571428571428571,97.20288808001771,334,89,0,0,271.96000000000004,48.00000000000001,0,0
17.17,8.571428571428571,97.20986049655981,334,89,0,0,286.27000000000004,51.00000000000001,0,0
17.17,8.571428571428571,97.22017030124123,334,89,0,0,300.58000000000004,54.00000000000001,0,0
17.17,8.571428571428571,97.22501120248626,334,89,0,0,314.89000000000004,57.000000000000014,0,0
17.17,8.571428571428571,97.23183896370905,334,89,0,0,329.20000000000005,60.00000000000001,0,0
17.17,8.571428571428571,97.23434166605577,334,89,0,0,343.51,63.0,0,0
17.17,8.571428571428571,97.2390469323069,334,89,0,0,357.82,66.0,0,0
17.18,8.571428571428571,97.25204464803656,334,89,0,0,372.13,69.0,0,0
17.18,8.571428571428571,97.25648217022756,334,89,0,0,386.44,72.0,0,0
17.18,8.571428571428571,97.2622966805404,334,89,0,0,400.75,75.0,0,0
17.18,8.571428571428571,97.27279423783081,334,89,0,0,415.06,78.0,0,0
17.18,8.571428571428571,97.28214544908211,334,89,0,0,429.37,81.0,0,0
17.18,8.571428571428571,97.2890615473927,334,89,0,0,443.68,84.0,0,0
17.18,8.571428571428571,97.29838605186895,334,89,0,0,457.99,87.0,0,0
17.18,8.571428571428571,97.30744082093584,334,89,0,0,472.3,90.0,0,0
17.18,8.571428571428571,97.31605651952324,334,89,0,0,486.61,93.0,0,0
17.18,8.571428571428571,97.32260979109486,334,89,0,0,500.92,96.0,0,0
17.20,8.571428571428571,97.32709489475498,334,89,0,0,515.23,99.0,0,0
17.20,8.571428571428571,97.33166344132263,334,89,0,0,520,100.0,0,0
17.20,8.571428571428571,97.32798920441914,334,89,0,0,505.69,97.0,0,0
17.20,8.571428571428571,97.32268385586673,334,89,0,0,491.38,94.0,0,0
17.20,8.571428571428571,97.31610595794876,334,89,0,0,477.07,91.0,0,0
17.20,8.571428571428571,97.31338123700381,334,89,0,0,462.76,88.0,0,0
17.20,8.571428571428571,97.31147542697056,334,89,0,0,448.45,85.0,0,0
17.20,8.571428571428571,97.30666828133107,334,89,0,0,434.14,82.0,0,0
17.20,8.571428571428571,97.30513007751428,334,89,0,0,419.83,79.0,0,0
17.20,8.571428571428571,97.2971755063557,334,89,0,0,405.52,76.0,0,0
17.22,8.571428571428571,97.29471282019375,334,89,0,0,391.21,73.0,0,0
17.22,8.571428571428571,97.28807330190004,334,89,0,0,376.9,70.0,0,0
17.22,8.571428571428571,97.28055589672061,334,90,0,0,362.59000000000003,67.0,0,0
17.22,8.571428571428571,97.2768297180337,334,90,0,0,348.28,63.99999999999999,0,0
17.22,8.571428571428571,97.2735006881012,334,90,0,0,333.96999999999997,60.99999999999999,0,0
17.22,8.571428571428571,97.27176402219006,334,90,0,0,319.65999999999997,57.99999999999999,0,0
17.22,8.571428571428571,97.26401478039664,334,90,0,0,305.34999999999997,54.99999999999999,0,0
17.22,8.571428571428571,97.26010289017027,334,90,0,0,291.03999999999996,51.99999999999999,0,0
17.22,8.571428571428571,97.25285786910217,334,90,0,0,276.7299999999999,48.99999999999998,0,0
17.22,8.571428571428571,97.2497929203998,334,90,0,0,262.4199999999999,45.99999999999997,0,0
17.23,8.571428571428571,97.24500634620169,334,90,0,0,248.10999999999984,42.99999999999997,0,0
17.23,8.571428571428571,97.24117915419625,334,90,0,0,233.79999999999984,39.99999999999997,0,0
17.23,8.571428571428571,97.23889450847605,334,90,0,0,219.48999999999984,36.999999999999964,0,0
17.23,8.571428571428571,97.23315924309945,335,90,0,0,205.1799999999999,33.99999999999997,0,0
17.23,8.571428571428571,97.22642873262683,335,90,0,0,190.8699999999999,30.99999999999997,0,0
17.23,8.571428571428571,97.22065755343097,335,90,0,0,176.55999999999983,27.99999999999997,0,0
17.23,8.571428571428571,97.21948756601746,335,90,0,0,162.24999999999983,24.99999999999997,0,0
17.23,8.571428571428571,97.21579826817667,335,90,0,0,147.93999999999988,21.99999999999997,0,0
17.23,8.571428571428571,97.20894912761553,335,90,0,0,133.62999999999988,18.99999999999997,0,0
17.23,8.571428571428571,97.20639664670533,335,90,0,0,119.31999999999988,15.999999999999972,0,0
17.25,8.571428571428571,97.20114631550867,335,90,0,0,105.00999999999982,12.999999999999972,0,0
17.25,8.571428571428571,97.1956594937158,335,90,0,0,90.69999999999987,9.999999999999972,0,0
17.25,8.571428571428571,97.19096790041743,335,90,0,0,76.38999999999987,6.999999999999972,0,0
17.25,8.571428571428571,97.18602793886143,336,90,0,0,62.07999999999987,3.9999999999999716,0,0
17.25,8.571428571428571,97.18117063913188,336,90,0,0,47.76999999999987,0.9999999999999716,0,0
17.25,8.571428571428571,97.17928627126798,336,90,0,0,43,0.0,0,0
17.25,8.571428571428571,97.18358434845385,336,90,0,0,57.31,3.0,0,0
17.25,8.571428571428571,97.18050648787164,336,90,0,0,71.62,6.0,0,0
17.25,8.571428571428571,97.18661217402189,336,90,0,0,85.93,9.0,0,0
17.25,8.571428571428571,97.19301471801725,336,90,0,0,100.24000000000001,12.0,0,0
17.27,8.571428571428571,97.1925335918352,336,90,0,0,114.55000000000001,15.0,0,0
17.27,8.571428571428571,97.19289450320669,336,90,0,0,128.86,18.0,0,0
17.27,8.571428571428571,97.19382137462017,336,90,0,0,143.16999999999996,21.0,0,0
17.27,8.571428571428571,97.20163888950128,337,90,0,0,157.48000000000002,24.0,0,0
17.27,8.571428571428571,97.20516532330709,337,90,0,0,171.79000000000002,27.0,0,0
17.27,8.571428571428571,97.21167943781585,337,90,0,0,186.10000000000002,30.0,0,0
17.27,8.571428571428571,97.20947989422348,337,90,0,0,200.40999999999997,33.0,0,0
17.27,8.571428571428571,97.21101035401217,338,90,0,0,214.71999999999997,36.0,0,0
17.27,8.571428571428571,97.21295493799066,338,90,0,0,229.03000000000003,39.0,0,0
17.27,8.571428571428571,97.21473264754599,338,90,0,0,243.34000000000003,42.00000000000001,0,0
17.28,8.571428571428571,97.21761945310793,338,90,0,0,257.65000000000003,45.00000000000001,0,0
17.28,8.571428571428571,97.21535205101992,338,90,0,0,271.96000000000004,48.00000000000001,0,0
17.28,8.571428571428571,97.22679162742699,338,90,0,0,286.27000000000004,51.00000000000001,0,0
17.28,8.571428571428571,97.23081338933473,338,90,0,0,300.58000000000004,54.00000000000001,0,0
17.28,8.571428571428571,97.23678810916877,338,90,0,0,314.89000000000004,57.000000000000014,0,0
17.28,8.571428571428571,97.24274592393719,338,90,0,0,329.20000000000005,60.00000000000001,0,0
17.28,8.571428571428571,97.25304251444776,338,91,0,0,343.51,63.0,0,0
17.28,8.571428571428571,97.25849964824741,338,91,0,0,357.82,66.0,0,0
17.28,8.571428571428571,97.2634860927617,338,91,0,0,372.13,69.0,0,0
17.28,8.571428571428571,97.27625983494364,338,91,0,0,386.44,72.0,0,0
17.30,8.571428571428571,97.28513146707493,338,91,0,0,400.75,75.0,0,0
17.30,8.571428571428571,97.29549006904742,338,91,0,0,415.06,78.0,0,0
17.30,8.571428571428571,97.30266695071099,338,91,0,0,429.37,81.0,0,0
17.30,8.571428571428571,97.30646452843338,338,91,0,0,443.68,84.0,0,0
17.30,8.571428571428571,97.31277960832998,338,91,0,0,457.99,87.0,0,0
17.30,8.571428571428571,97.31997202988528,338,91,0,0,472.3,90.0,0,0
17.30,8.571428571428571,97.32817636953766,338,92,0,0,486.61,93.0,0,0
17.30,8.571428571428571,97.33438243846493,338,92,0,0,500.92,96.0,0,0
17.30,8.571428571428571,97.34347363090556,338,92,0,0,515.23,99.0,0,0
17.30,8.571428571428571,97.35156993927589,338,92,0,0,520,100.0,0,0
17.32,8.571428571428571,97.34613639060156,338,92,0,0,505.69,97.0,0,0
17.32,8.571428571428571,97.34147557596037,338,92,0,0,491.38,94.0,0,0
17.32,8.571428571428571,97.33956954690461,338,92,0,0,477.07,91.0,0,0
17.32,8.571428571428571,97.33473521746694,338,92,0,0,462.76,88.0,0,0
17.32,8.571428571428571,97.32981133116205,338,92,0,0,448.45,85.0,0,0
17.32,8.571428571428571,97.32427134155739,338,92,0,0,434.14,82.0,0,0
17.32,8.571428571428571,97.31700312443014,339,92,0,0,419.83,79.0,0,0
17.32,8.571428571428571,97.31206990519472,339,92,0,0,405.52,76.0,0,0
17.32,8.571428571428571,97.30560076017613,339,92,0,0,391.21,73.0,0,0
17.32,8.571428571428571,97.29707471006857,339,92,0,0,376.9,70.0,0,0
17.33,8.571428571428571,97.29397256205225,339,92,0,0,362.59000000000003,67.0,0,0
17.33,8.571428571428571,97.28771259520163,339,92,0,0,348.28,63.99999999999999,0,0
17.33,8.571428571428571,97.28453066352621,339,92,0,0,333.96999999999997,60.99999999999999,0,0
17.33,8.571428571428571,97.27952653028666,339,92,0,0,319.65999999999997,57.99999999999999,0,0
17.33,8.571428571428571,97.2753839680641,339,92,0,0,305.34999999999997,54.99999999999999,0,0
17.33,8.571428571428571,97.26728638665796,339,92,0,0,291.03999999999996,51.99999999999999,0,0
