Time (s),Button (a19),Right Foot Force (ai18),Handle Force (ai20),Handle Position (ai21),Seat Position (ai22)
0.02624058723449707,1.8282674774903258,-0.019269682947763128,0.1335959955650442,3.714926033909455,3.7793598119750014
0.04730629920959473,1.8289249639549807,-0.019598426363403865,0.13392473893949086,3.708351158928593,3.792180819547652
0.06895208358764648,1.8276099910257835,-0.019269682947763128,0.13392473893949086,3.702105027753084,3.8050018273598543
0.0939333438873291,1.8282674774903258,-0.019598426363403865,0.1342534823138542,3.69454392166645,3.8191378106114873
0.11831331253051758,1.8292537071873507,-0.018940939532215845,0.1345822256881342,3.687969046873477,3.8352462570015127
0.14264225959777832,1.8282674774903258,-0.021242143443009676,0.1326097654412039,3.682051659611323,3.849710984700113
0.1668860912322998,1.8292537071873507,-0.019927169779138026,0.1335959955650442,3.674490553736061,3.8635182250673012
0.19063901901245117,1.8302399368846298,-0.02058465661088682,0.1342534823138542,3.667586935397404,3.8756817465801507
0.21489357948303223,1.830568680117113,-0.018940939532215845,0.1352397124364443,3.6603545733989473,3.8878452683161373
0.2404005527496338,1.8302399368846298,-0.02025591319496567,0.1358971991844214,3.654765930085848,3.897707583401771
0.26540040969848633,1.8331986259780002,-0.018940939532215845,0.13655468593206563,3.6488485430952085,3.9072411547918926
0.2896277904510498,1.8299111936521752,-0.019927169779138026,0.1349109690623309,3.646218593336997,3.9148022632344683
0.31174206733703613,1.830568680117113,-0.019598426363403865,0.1345822256881342,3.6429311561525406,3.9194046771119457
0.33484816551208496,1.830568680117113,-0.018940939532215845,0.1345822256881342,3.6412874375658513,3.9230208594670537
0.35784482955932617,1.8315549098147323,-0.02058465661088682,0.1352397124364443,3.640958693848956,3.9286095049644922
0.3785727024078369,1.8328698827452898,-0.018940939532215845,0.1349109690623309,3.6396437189828514,3.929595736527855
0.40012550354003906,1.8331986259780002,-0.018940939532215845,0.1352397124364443,3.639972462699156,3.9305819680927168
0.42375993728637695,1.8328698827452898,-0.018940939532215845,0.13786965942635615,3.639314975266694,3.929595736527855
0.44914960861206055,1.8328698827452898,-0.019598426363403865,0.1375409160529082,3.639314975266694,3.9328831750832265
0.4737586975097656,1.8312261665821645,-0.02025591319496567,0.138198402799721,3.639314975266694,3.930253224237596
0.49707961082458496,1.8315549098147323,-0.019598426363403865,0.13951337629235006,3.639314975266694,3.92696578569555
0.521028995513916,1.8315549098147323,-0.019927169779138026,0.1424720666459133,3.639314975266694,3.924664578726018
0.5438296794891357,1.8338561124435069,-0.019269682947763128,0.14214332327362658,3.638986231550683,3.9220346279136686
0.5662760734558105,1.831883653047329,-0.019269682947763128,0.14543075699277114,3.639972462699156,3.919075933262477
0.5887126922607422,1.8308974233496247,-0.019598426363403865,0.14740321722029226,3.6412874375658513,3.915788494776908
0.6113035678863525,1.8328698827452898,-0.02025591319496567,0.14773196059125704,3.641944925000084,3.9134872878468667
0.633246660232544,1.8315549098147323,-0.02025591319496567,0.14773196059125704,3.6429311561525406,3.9115148247704283
0.6544516086578369,1.8315549098147323,-0.02091340002690148,0.15036190755600945,3.6435886435882496,3.9115148247704283
0.6759467124938965,1.8302399368846298,-0.02058465661088682,0.15233436777611808,3.643917387306326,3.9101998493894428
0.6984615325927734,1.8308974233496247,-0.018940939532215845,0.15364934125454754,3.645232362180108,3.909542361699942
0.7202243804931641,1.8308974233496247,-0.019269682947763128,0.15299185451549702,3.646876080775662,3.909542361699942
0.7433817386627197,1.830568680117113,-0.019927169779138026,0.1411570931562695,3.6488485430952085,3.909542361699942
0.7658843994140625,1.830568680117113,-0.019269682947763128,0.15463557136250808,3.6495060305362417,3.90987110554461
0.7886457443237305,1.8302399368846298,-0.019598426363403865,0.15496431473166428,3.6501635179778673,3.9108573370796047
0.8111298084259033,1.8312261665821645,-0.019269682947763128,0.15595054483864113,3.649177286815651,3.9115148247704283
0.8352782726287842,1.8325411395126079,-0.018940939532215845,0.1526631111458486,3.6501635179778673,3.9118435686160877
0.8605856895446777,1.8322123962799544,-0.021570886859211436,0.1526631111458486,3.64983477425698,3.9118435686160877
0.8836269378662109,1.8331986259780002,-0.019269682947763128,0.1526631111458486,3.64983477425698,3.9108573370796047
0.9032158851623535,1.8302399368846298,-0.019598426363403865,0.1506906509262331,3.6501635179778673,3.90921361785544
0.9267277717590332,1.8299111936521752,-0.019927169779138026,0.15134813766643368,3.6508210054200854,3.9101998493894428
0.9518172740936279,1.8328698827452898,-0.019598426363403865,0.14970442081531538,3.6488485430952085,3.909542361699942
0.9758081436157227,1.831883653047329,-0.019269682947763128,0.14871819070365688,3.649177286815651,3.9085561301669296
1.0009620189666748,1.830568680117113,-0.019598426363403865,0.14740321722029226,3.6495060305362417,3.9082273863229227
1.0249583721160889,1.8315549098147323,-0.019269682947763128,0.14707447384924502,3.6488485430952085,3.9078986424790805
1.0494771003723145,1.8302399368846298,-0.01861219611676196,0.14477327024960363,3.6481910556547676,3.9078986424790805
1.0727949142456055,1.830568680117113,-0.02025591319496567,0.1441157835061056,3.6472048244952164,3.9082273863229227
1.099050521850586,1.8295824504197487,-0.019269682947763128,0.14345829676227684,3.646218593336997,3.9088848740111017
1.1239964962005615,1.8295824504197487,-0.019269682947763128,0.14148583652880473,3.6432598998703214,3.9075698986354044
1.1472153663635254,1.8312261665821645,-0.019598426363403865,0.13984211966529983,3.6403012064156086,3.9078986424790805
1.1685850620269775,1.8292537071873507,-0.019927169779138026,0.1388558895462016,3.6363562818279074,3.9085561301669296
1.1911556720733643,1.8295824504197487,-0.021242143443009676,0.13852714617300282,3.6330688446876875,3.9082273863229227
1.2135555744171143,1.8315549098147323,-0.019598426363403865,0.1388558895462016,3.6294526638504254,3.90921361785544
1.2360882759094238,1.8315549098147323,-0.019927169779138026,0.13918463291931732,3.624850251901412,3.9088848740111017
1.258437156677246,1.8308974233496247,-0.019598426363403865,0.13852714617300282,3.620247839981108,3.90921361785544
1.2822773456573486,1.8266237613291811,-0.021899630275506787,0.1388558895462016,3.6149879406786978,3.90921361785544
1.3059024810791016,1.8279387342580404,-0.019598426363403865,0.13984211966529983,3.6087418103055664,3.9082273863229227
1.329589605331421,1.8289249639549807,-0.019269682947763128,0.13852714617300282,3.6028244236847113,3.9085561301669296
1.3535916805267334,1.8269525045613537,-0.026502038113479925,0.13951337629235006,3.596249549716645,3.9072411547918926
1.3772282600402832,1.8292537071873507,-0.019598426363403865,0.14017086303816662,3.588688444724861,3.9069124109485456
1.4017517566680908,1.8269525045613537,-0.02025591319496567,0.13984211966529983,3.5821135708809346,3.90461120404974
1.4257807731628418,1.8269525045613537,-0.021570886859211436,0.1411570931562695,3.575538697094474,3.900995021796509
1.4498684406280518,1.8272812477935545,-0.01861219611676196,0.1411570931562695,3.5686350796803503,3.8980363272405048
1.475064992904663,1.8266237613291811,-0.018940939532215845,0.1411570931562695,3.5630464370579005,3.893433913513193
1.4991157054901123,1.8256375316328317,-0.019598426363403865,0.14148583652880473,3.5581152818369803,3.8891602436523587
1.5213303565979004,1.8253087884007713,-0.021242143443009676,0.1411570931562695,3.554827845040798,3.880941647843941
1.5458576679229736,1.8276099910257835,-0.022557117108378294,0.14181457990125707,3.5531841266480293,3.8720655644855047
1.5678579807281494,1.8239938154728095,-0.023543347358388006,0.14444452687789594,3.5528553829699008,3.8589158115798607
1.5886623859405518,1.8239938154728095,-0.024200834192196347,0.15134813766643368,3.5544991013619605,3.8460948027462614
1.6091880798339844,1.8256375316328317,-0.023872090775245325,0.15759426168196497,3.5564715634371145,3.82998635609726
1.6322073936462402,1.8226788425452944,-0.02551580786093824,0.16252541219967917,3.5650188991552363,3.8086180090939634
1.6556341648101807,1.8216926128499507,-0.025844551278358247,0.16548410250150505,3.577839902913209,3.7836334811393475
1.675846815109253,1.8246513019367345,-0.026502038113479925,0.1832362441747758,3.5942770875375114,3.753389053774599
1.6995947360992432,1.821035126386527,-0.029789472294726144,0.2539160652208581,3.6136729658589313,3.7152547776600966
1.7226333618164062,1.821363869618225,-0.03636434068547742,0.3439917391095626,3.631753869835717,3.6695593977731504
1.7441368103027344,1.820048896691599,-0.03767931436816083,0.4633255618824541,3.6501635179778673,3.6163029155007966
1.7641465663909912,1.8118303159101607,-0.03998051831650143,0.6733925200581983,3.6692306540434863,3.5627176933755096
1.7856709957122803,1.7950644111682208,-0.04195297884734722,0.9202787014465956,3.6876403031354115,3.5071600130794867
1.8080413341522217,1.7953931543977955,-0.05115779470322057,1.0813628841901504,3.7096661339198964,3.437137616917395
1.8305613994598389,1.8049267080668656,-0.05773266321752854,1.334823905379894,3.73103447787057,3.365800252435608
1.8546221256256104,1.8226788425452944,-0.05806140664425011,1.6323365152851301,3.7560190039279258,3.28920299689093
1.878175973892212,1.839444747404945,-0.05839015007106768,1.923603016130989,3.781661018444818,3.212934491641877
1.8987040519714355,1.8502932741187639,-0.05773266321752854,2.113287872844156,3.8063168025336753,3.1537606558022793
1.9207544326782227,1.8571968820443214,-0.06233507120037307,2.2158557738836544,3.834588769386238,3.0886694406948267
1.9448158740997314,1.8585118549840218,-0.06397878834167287,2.243141466359844,3.8661481756458222,3.02883812560629
1.968813180923462,1.8594980846891143,-0.06792370949062768,2.252346278365177,3.9036249725241534,2.9699930444518685
1.992095947265625,1.8591693414540535,-0.07778601242397618,2.3003427988309313,3.940444283823901,2.916407861704011
2.015532970428467,1.8608130576296613,-0.08468962452938075,2.3210536265415294,3.9805510360210152,2.868082576472685
2.036699056625366,1.8604843143944791,-0.09192198011460959,2.3075751513377787,4.021315278550567,2.8200860367458844
2.0577166080474854,1.8568681388094717,-0.09586690136293721,2.292452959765267,4.06175077981024,2.775376933041255
2.077242374420166,1.8585118549840218,-0.09718187511552909,2.2740433354098273,4.102843771611774,2.731982804577244
2.099087953567505,1.856210652339862,-0.10178428326202835,2.260564860549961,4.147881693821456,2.6816850666754197
2.119417428970337,1.8545669361663637,-0.10277051358165432,2.2365666006684246,4.191933387442397,2.6294148705557743
2.1404223442077637,1.8539094496971742,-0.10211302670180478,2.2562911978094746,4.240587500652721,2.570898552795205
2.1635115146636963,1.8545669361663637,-0.10605794798684123,2.2727283622485324,4.294172778728688,2.5031774240460787
2.1870813369750977,1.8539094496971742,-0.10704417831032964,2.285878093903082,4.353346711324258,2.4242790254941906
2.209307909011841,1.8552244226356733,-0.10671543486906765,2.324341059533461,4.410876929608648,2.346366860737456
2.2329585552215576,1.8581831117490517,-0.10145553982235075,2.3900897206789624,4.471694595541265,2.258921144110182
2.2560133934020996,1.8578543685141113,-0.1073729217516908,2.378254961485359,4.538100919766323,2.167859255478606
2.2796247005462646,1.8571968820443214,-0.10277051358165432,2.4032394532154315,4.6058222293922535,2.0804135465869162
2.3021020889282227,1.8594980846891143,-0.09981182262544508,2.484439054022354,4.677159735144983,1.9985564761063472
2.3248209953308105,1.8611418008648737,-0.09422318417441289,2.521587050965847,4.744223574698967,1.9337940566306888
2.3487353324890137,1.8611418008648737,-0.08173093362179831,2.4745767541033,4.823450965600505,1.8723190708803097
2.372342109680176,1.8608130576296613,-0.07811475585659244,2.498246274017119,4.906294558474214,1.7487116160485727
2.3955278396606445,1.8591693414540535,-0.07811475585659244,2.492657637337296,4.983549509475571,1.6421988118721638
2.4199347496032715,1.8578543685141113,-0.09027826293198266,2.4647144542479227,5.07263927767528,1.5603417505798423
2.443251132965088,1.8611418008648737,-0.10375674390217063,2.495616327341665,5.158441617335848,1.4784846899424278
2.4675185680389404,1.8631142602767874,-0.10803040863471092,2.522902024326075,5.253120080676583,1.394326427128302
2.490307092666626,1.865415462925408,-0.11624899470602348,2.5755009597199883,5.342867393469092,1.3190442310858006
2.512573003768921,1.8710040979354672,-0.11657773815017136,2.6188950829076507,5.429984766878037,1.2575692498427344
2.536098003387451,1.8703466114632323,-0.1136190471564322,2.5380242180540757,5.531238190355454,1.1967517547081414
2.5582845211029053,1.8667304358681505,-0.11953642915199741,2.4147454692714923,5.624601759528568,1.147769015057196
2.5824127197265625,1.8647579764542206,-0.12611129807397642,2.343736914310461,5.730128919324548,1.098128788591689
2.6072871685028076,1.8617992873353901,-0.12808375875839856,2.214212057481368,5.837957324791458,1.0527622236130199
2.630953073501587,1.8594980846891143,-0.129398732550025,2.1290675496131226,5.949401959825,1.0110118337204284
2.655243396759033,1.8581831117490517,-0.12611129807397642,2.021568503690951,6.0621616108386736,0.9738638486670479
2.680123805999756,1.8571968820443214,-0.12085140293318664,1.909138313542988,6.180509971458068,0.9380308361969063
2.7036619186401367,1.8542381929317542,-0.10934538240194261,1.7983518434651387,6.297872136017007,0.9054852557511461
2.728705644607544,1.851936990290322,-0.09192198011460959,1.6859216602556448,6.420823019174624,0.8762271074019365
2.753690004348755,1.8483208147138726,-0.05707517636437326,1.5110302682110908,6.544760186160204,0.8489414182462187
2.777480125427246,1.8476633282458117,-0.017297222455880085,1.4009012914068222,6.660150005570463,0.8252719045597836
2.80199933052063,1.8473345850118255,-0.019598426363403865,1.2996483814155917,6.785402251029668,0.8048898231729491
2.823742389678955,1.8473345850118255,-0.021242143443009676,1.2023403894132025,6.904737115429675,0.7900963769110727
2.843620777130127,1.8512795038216097,-0.021242143443009676,1.1487552447179927,7.007305962623914,0.7808915658627786
2.864619731903076,1.8539094496971742,-0.019927169779138026,1.0343526029210375,7.114806042975047,0.7756316738208677
2.8861494064331055,1.8644292332186727,-0.02025591319496567,0.933099687664193,7.231511068743071,0.774974187314891
2.9058868885040283,1.8828388544570773,-0.02058465661088682,0.8883906073097421,7.338353740367035,0.774974187314891
2.92641544342041,1.8927011515898526,-0.02025591319496567,0.8321755127382262,7.442566478312498,0.786151457894257
2.948148488998413,1.898947273122343,-0.021899630275506787,0.724676469106905,7.55861414839912,0.802259877176692
2.970245838165283,1.9028921919910697,-0.02222837369189573,0.6181636505478105,7.671703144619198,0.8252719045597836
2.991250514984131,1.909138313542988,-0.021899630275506787,0.49324120208979844,7.784134695109638,0.8502563912232104
3.012580156326294,1.9160419215881423,-0.021899630275506787,0.3196647328259006,7.894265062690403,0.8768845938846364
3.0367674827575684,1.9216305566832812,-0.02222837369189573,0.20164587233002512,8.015901643875075,0.9100876610855901
3.0604779720306396,1.9288629079976236,-0.023214603941624418,0.1881673945979763,8.112224708524842,0.9455919306004708
3.0830395221710205,1.9347802863582484,-0.022557117108378294,0.18290750081258914,8.168440576038645,0.9791237403770652
3.1037697792053223,1.9367527458143194,-0.023543347358388006,0.178305093733553,8.189151688401498,1.0087106311163219
3.1268532276153564,1.9380677187857398,-0.02551580786093824,0.15759426168196497,8.181590488444659,1.03895500810096
3.1500041484832764,1.9449713268950297,-0.025187064443612045,0.15299185451549702,8.138195780208253,1.0665694390847658
3.175448417663574,1.9439850971641672,-0.024529577609241127,0.15233436777611808,8.069158760287626,1.0958275860298958
3.1966490745544434,1.9423413809467787,-0.025187064443612045,0.161539182097605,7.979081915760167,1.127386935366428
3.2186925411224365,1.9400401782439336,-0.022885860524954532,0.1641691290348405,7.884402639768997,1.1589462845376173
3.244222640991211,1.9354377728434644,-0.022557117108378294,0.16318289893398794,7.760136143685354,1.1993817004521745
3.2662832736968994,1.919000610754927,-0.02222837369189573,0.1648266157683354,7.631595995064893,1.2411320890328936
3.2908880710601807,1.9120970027033748,-0.02222837369189573,0.16745656269906428,7.496152223437742,1.2858411663823823
3.312828302383423,1.908152083823463,-0.02222837369189573,0.1608816953624813,7.3610372667086965,1.334823905379894
3.333339214324951,1.9002622460780574,-0.023543347358388006,0.16318289893398794,7.228223602570752,1.386436589993869
3.354342222213745,1.894673611019893,-0.023543347358388006,0.161539182097605,7.106258634512385,1.4373917881578624
3.3733394145965576,1.8894137192090454,-0.023543347358388006,0.15496431473166428,6.981992493815844,1.4916344185285388
3.3944056034088135,1.8874412597821093,-0.022557117108378294,0.15134813766643368,6.860027629013925,1.5501507108732258
3.41341233253479,1.8831675976943723,-0.021242143443009676,0.1562792882074696,6.738391559756951,1.6086670035313282
3.436272382736206,1.8775789626646682,-0.021570886859211436,0.15167688103641064,6.609194382107389,1.6678407830670992
3.4578442573547363,1.8736340438256494,-0.025844551278358247,0.1562792882074696,6.472107358369819,1.735561887022384
3.480362892150879,1.8700178682271615,-0.021899630275506787,0.15397808462394974,6.331075444890285,1.8982897866446826
3.5005228519439697,1.8660729493967179,-0.021570886859211436,0.15923797852324412,6.197933483525156,1.9564773404457798
3.5220859050750732,1.8608130576296613,-0.02091340002690148,0.15200562440630544,6.0631478470114,1.9946115571114407
3.542099952697754,1.8558819091051024,-0.02222837369189573,0.1460882437356083,5.94282705415606,2.0435943017096676
3.56315541267395,1.8552244226356733,-0.02091340002690148,0.14444452687789594,5.825465007928587,2.1067130075558276
3.5856850147247314,1.851936990290322,-0.02058465661088682,0.14740321722029226,5.693309470862058,2.190213798159219
3.608198642730713,1.849307044416185,-0.021899630275506787,0.14312955339023842,5.559181509792166,2.2881792969521837
3.6327474117279053,1.8473345850118255,-0.02748826836686677,0.14017086303816662,5.428012297841501,2.3920621805527498
3.6577470302581787,1.84174595003855,-0.02091340002690148,0.1424720666459133,5.280734636424757,2.5090948041024093
3.6809003353118896,1.8407597203382593,-0.02222837369189573,0.13688342930576294,5.142990620071796,2.6185663395449748
3.703608989715576,1.8381297744720935,-0.022557117108378294,0.13951337629235006,5.019382661367484,2.713901918171083
3.7262842655181885,1.8351710853748633,-0.021570886859211436,0.13852714617300282,4.888213614346512,2.8135111684468748
3.749199390411377,1.8358285718407132,-0.02091340002690148,0.13688342930576294,4.771838099521011,2.901285663375719
3.7727108001708984,1.8322123962799544,-0.021570886859211436,0.1349109690623309,4.643299074479229,2.9972787520538464
3.7938232421875,1.8295824504197487,-0.021242143443009676,0.13655468593206563,4.533169756788777,3.0827520577218994
3.8134357929229736,1.8315549098147323,-0.021570886859211436,0.13326725219051416,4.435861483433186,3.1590205521680077
3.834244966506958,1.8279387342580404,-0.02091340002690148,0.1349109690623309,4.339868203905751,3.233316591542359
3.854245185852051,1.8279387342580404,-0.02091340002690148,0.1319522786915599,4.242559964787716,3.3085988678173512
3.8770971298217773,1.8272812477935545,-0.02091340002690148,0.12965107506517531,4.140320582557888,3.389141048427791
3.9003803730010986,1.8266237613291811,-0.02058465661088682,0.13063730519127004,4.039724937334476,3.4709982114718874
3.9250781536102295,1.8272812477935545,-0.02058465661088682,0.1293223316896432,3.931239455803458,3.563375180740434
3.9479947090148926,1.8256375316328317,-0.02025591319496567,0.12767861481072734,3.8326163065442613,3.646218593336997
3.971506118774414,1.8253087884007713,-0.02091340002690148,0.12570615455326414,3.73333568418075,3.7313632216287065
3.9935312271118164,1.8256375316328317,-0.02222837369189573,0.1283361015625448,3.6426024124349077,3.8119054470507128
4.017265319824219,1.8266237613291811,-0.02058465661088682,0.123733694292781,3.551540408258804,3.896392608048482
4.040265321731567,1.8233363290089963,-0.021570886859211436,0.1260348979297176,3.4660670568356866,3.9775923411008898
4.0632641315460205,1.8256375316328317,-0.021570886859211436,0.12636364130608718,3.381251201821746,4.055833389217352
4.083977222442627,1.8239938154728095,-0.022557117108378294,0.12340495091573989,3.308927611396133,4.1238833844877325
4.1031653881073,1.824322558704758,-0.025187064443612045,0.1224187207841122,3.241863923896478,4.189303435492304
4.124667644500732,1.8246513019367345,-0.026502038113479925,0.12077500389638372,3.1767727026217463,4.25538098182962
4.144674777984619,1.8262950180970365,-0.030446959132104184,0.12143249065172759,3.1116814859331345,4.319486071353834
4.16597318649292,1.8253087884007713,-0.03406313674442102,0.11880254362833033,3.0541513738565165,4.377345030220897
4.188496828079224,1.8246513019367345,-0.03800805778906824,0.11946003038468526,2.9923476000243125,4.437833948257852
4.2100043296813965,1.8253087884007713,-0.04425418280432003,0.12110374727409776,2.9420498506576647,4.490104268749521
4.232525587081909,1.8239938154728095,-0.05444522895558723,0.12439118104661122,2.8924095905414418,4.546319524832239
4.255523681640625,1.8246513019367345,-0.06825245292033486,0.12307620753861472,2.8490154577081634,4.598261111857392
4.278037786483765,1.8256375316328317,-0.07712852555903546,0.12176123402927327,2.815483628932661,4.637381677702882
4.299291372299194,1.8262950180970365,-0.08008721645433423,0.1224187207841122,2.789184156062865,4.673543547974834
4.322300672531128,1.8262950180970365,-0.08501836796404497,0.12439118104661122,2.7691308083935757,4.702144301762679
4.344843864440918,1.8276099910257835,-0.08830580231606758,0.12471992442340035,2.7556523290013706,4.723841426422782
4.367860317230225,1.8276099910257835,-0.09126449324126432,0.12636364130608718,2.7503924346451956,4.7346899891099055
4.389430522918701,1.8262950180970365,-0.10145553982235075,0.13293850881590075,2.7523648950260893,4.736004966421545
4.41160774230957,1.8289249639549807,-0.09816810543100779,0.14214332327362658,2.761240966779845,4.723183937782744
4.432841539382935,1.8282674774903258,-0.09619564480093742,0.14510201362122868,2.775705676444669,4.699843091627113
4.4558398723602295,1.8266237613291811,-0.09192198011460959,0.14740321722029226,2.798717714909947,4.661708753781978
4.477984666824341,1.8246513019367345,-0.08797705888042481,0.15134813766643368,2.8315920563592476,4.611410881554985
4.498482704162598,1.8233363290089963,-0.07614229526235364,0.1388558895462016,2.872356241067812,4.545990780627119
4.522024393081665,1.8233363290089963,-0.06627999234354087,0.15167688103641064,2.92265398716201,4.46906464227766
4.543066024780273,1.824322558704758,-0.052801511828208414,0.15397808462394974,2.9828140395007026,4.376687542018068
4.5663557052612305,1.8230075857771315,-0.04030926173807195,0.15364934125454754,3.0534938868808528,4.272475671663834
4.588450193405151,1.8203776399232143,-0.030775702550934453,0.16614158923434963,3.1369947363333597,4.158401500956117
4.611058235168457,1.8223500993134856,-0.023872090775245325,0.224329163824375,3.237261514157175,4.0269039249097265
4.632486820220947,1.8193914102284525,-0.021899630275506787,0.35516901213875995,3.330953431461868,3.899680046436639
4.6555938720703125,1.8118303159101607,-0.021242143443009676,0.6244097727657587,3.4295765134741925,3.7566764914678084
4.679296493530273,1.79210572210322,-0.02222837369189573,0.9712339028093522,3.5285283511802605,3.6047968858864357
4.703857898712158,1.799666816384639,-0.02222837369189573,1.2260099010648249,3.631753869835717,3.441411284112312
4.728386640548706,1.80952911329441,-0.02091340002690148,1.4673074206507968,3.739581815632063,3.2740807927404334
4.753556728363037,1.8157752346831153,-0.018940939532215845,1.6346377178208513,3.8483960094419105,3.105106615809023
4.777519702911377,1.8282674774903258,-0.019269682947763128,1.8571968820443214,3.955895245438964,2.9420498506576647
4.799350023269653,1.8335273692107394,-0.021899630275506787,1.9370814890571215,4.058134596663404,2.794115307181029
4.821839332580566,1.830568680117113,-0.019269682947763128,1.945628813382451,4.162017684701571,2.645194552183597
4.843556880950928,1.8295824504197487,-0.021242143443009676,1.9522036782645964,4.264257070718361,2.4985750173518766
4.867490291595459,1.8292537071873507,-0.018940939532215845,1.969955813519529,4.38293367997661,2.333217128642138
4.889001131057739,1.8279387342580404,-0.019598426363403865,1.9959265301091142,4.491747989602656,2.1875838519491437
4.911516427993774,1.8256375316328317,-0.019269682947763128,2.001186422106102,4.601219810009927,2.05345659939126
4.934050798416138,1.8262950180970365,-0.019598426363403865,2.021568503690951,4.715951562800053,1.9387252052716624
4.958396673202515,1.824980045168739,-0.02058465661088682,2.0189385576712713,4.830683342180907,1.8486495579479472
4.981921434402466,1.8276099910257835,-0.02222837369189573,2.04227932868835,4.957907439201794,1.6698132423941008
5.004460096359253,1.8279387342580404,-0.02058465661088682,2.0547715724183857,5.077570446171504,1.5531093998193002
5.026574611663818,1.8276099910257835,-0.022557117108378294,2.062661410595673,5.192959804690931,1.438706761014146
5.050096750259399,1.8285962207226392,-0.02058465661088682,2.04918293705785,5.319526515404635,1.3216741768022697
5.073421001434326,1.8282674774903258,-0.02091340002690148,2.019924787428345,5.448065733491954,1.2112164562900283
5.096781969070435,1.8272812477935545,-0.02058465661088682,1.9545048809767747,5.572988797772717,1.1145659497194857
5.119686841964722,1.8256375316328317,-0.02091340002690148,1.9019059622734424,5.69922688198218,1.0261340222308337
5.141194820404053,1.824980045168739,-0.021570886859211436,1.8489783011820513,5.820862575506277,0.9498655926476436
5.1641950607299805,1.8246513019367345,-0.02091340002690148,1.7579164263886844,5.951374431549037,0.8768845938846364
5.185220956802368,1.8220213560817042,-0.021570886859211436,1.6451575008510468,6.0785988807452105,0.8154096071330186
5.208751678466797,1.8207063831548567,-0.019927169779138026,1.5810525732413783,6.2107545590089535,0.7605094841414584
5.230371475219727,1.823665072240889,-0.018940939532215845,1.4824296085173287,6.340609068841112,0.7144854280385324
5.253528356552124,1.8203776399232143,-0.019269682947763128,1.321016690373184,6.4790110200341235,0.6733925200581983
5.276420593261719,1.8174189508396743,-0.019269682947763128,1.2388308865174926,6.610509365834775,0.6388744767789165
5.298004865646362,1.820048896691599,-0.018940939532215845,1.1418516370892589,6.740692782238855,0.6115887850351591
5.321003437042236,1.8220213560817042,-0.019269682947763128,1.016929211839531,6.881724878940773,0.5905492152543179
5.342607736587524,1.8230075857771315,-0.019598426363403865,0.9528242817542887,7.007305962623914,0.5773994840308223
5.367603778839111,1.8368148015397034,-0.018940939532215845,0.9284972823607569,7.15096815852051,0.567865928839691
5.389316558837891,1.8568681388094717,-0.01828345270140147,0.8502563912232104,7.289370479679565,0.5560311706072418
5.412059545516968,1.8848113138813247,-0.019927169779138026,0.8025886204263615,7.421526679440476,0.5619485497324035
5.434601545333862,1.8950023542583472,-0.021242143443009676,0.720731549988767,7.564860341697847,0.5672084422730934
5.456969499588013,1.9025634487518277,-0.021242143443009676,0.627039718957267,7.699646654086388,0.5800294302824083
5.481024503707886,1.9107820297428664,-0.025844551278358247,0.4981723515266361,7.841007983471437,0.6027127165601179
5.502432584762573,1.9186718675140366,-0.024858321026379693,0.37127743489413567,7.977109430479042,0.6322996113305256
5.525534391403198,1.9249179890968167,-0.027817011784850326,0.24964240172394314,8.105978501822928,0.6625439922284284
5.550137281417847,1.9328078269034454,-0.029460728876178344,0.1881673945979763,8.242080094734636,0.7010069543007491
5.573798894882202,1.9383964620286833,-0.03373439332464789,0.17962006718631207,8.341033233617802,0.7394699157432161
5.596479415893555,1.9502312187984334,-0.030446959132104184,0.15923797852324412,8.387057963448193,0.7743167008087497
5.61948561668396,1.9499024755542,-0.03011821571336812,0.1506906509262331,8.37818176485244,0.8048898231729491
5.642046689987183,1.9489162458217166,-0.030446959132104184,0.1460882437356083,8.334129524917202,0.8328329992305485
5.667049407958984,1.946943786357725,-0.029131985457724635,0.15003316418570356,8.249641296590426,0.8627486344759516
5.692631244659424,1.9429988674336267,-0.02847449862109938,0.15233436777611808,8.139510771253116,0.8969379315416361
5.716013193130493,1.9351090296008389,-0.027817011784850326,0.16055295199479708,8.011299177562538,0.9360583767846462
5.737673044204712,1.9324790836611012,-0.02715952494897722,0.15890923515515173,7.8834163974979985,0.9768225377548103
5.760733127593994,1.9170281513100973,-0.025187064443612045,0.15956672189125481,7.757506165582895,1.0146280092386355
5.784469842910767,1.9104532865028236,-0.025187064443612045,0.16384038566797104,7.6049674811132695,1.0668981823098054
5.8050689697265625,1.9028921919910697,-0.02847449862109938,0.15923797852324412,7.476427408046019,1.116538409051612
5.8266613483428955,1.8976323001671538,-0.026502038113479925,0.15792300505038429,7.329477578392589,1.173410986191065
5.84963846206665,1.8923724083516262,-0.02715952494897722,0.15858049178697764,7.184829052683999,1.2365296840015718
5.870368719100952,1.8861262868314608,-0.02551580786093824,0.15299185451549702,7.039851854308969,1.2999771246305196
5.89198112487793,1.8788939356120122,-0.023543347358388006,0.15397808462394974,6.9011209067211485,1.367698226796995
5.91530442237854,1.8723190708803097,-0.024858321026379693,0.15496431473166428,6.7469389576337475,1.4439666524397026
5.937935829162598,1.867059179103913,-0.022557117108378294,0.14937567744484487,6.600318242090987,1.521221307884729
5.960011959075928,1.8647579764542206,-0.023543347358388006,0.14838944733293932,6.46060125592313,1.5968322476816512
5.979024887084961,1.8601555711593272,-0.022557117108378294,0.14838944733293932,6.325815514551562,1.662252148310694
6.002081871032715,1.855553165870373,-0.02222837369189573,0.14740321722029226,6.1844549175089245,1.764820034155869
6.024383068084717,1.8499645308845414,-0.023214603941624418,0.1388558895462016,6.0338895083929,1.9104532865028236
6.045899391174316,1.8476633282458117,-0.02222837369189573,0.14510201362122868,5.885625379865471,1.957134826935741
6.06589937210083,1.8443758959072731,-0.02091340002690148,0.13951337629235006,5.755442292215065,2.0057888276117763
6.086418390274048,1.84174595003855,-0.021242143443009676,0.1404996064109505,5.629204189570973,2.069893762280257
6.108014106750488,1.837472288005841,-0.021570886859211436,0.13918463291931732,5.489816332213805,2.155038267870652
6.130519151687622,1.8348423421419813,-0.02091340002690148,0.14082834978365144,5.346154841188757,2.2592498873980245
6.154044151306152,1.8295824504197487,-0.019927169779138026,0.138198402799721,5.19953469783185,2.37595375831855
6.178546667098999,1.8292537071873507,-0.019927169779138026,0.138198402799721,5.053243348783948,2.4959450706758437
6.202198505401611,1.82596627486492,-0.019269682947763128,0.13951337629235006,4.912540702971341,2.614621419199114
6.225733041763306,1.824980045168739,-0.018940939532215845,0.14214332327362658,4.7817004301935375,2.726065423542563
6.2488720417022705,1.823665072240889,-0.019598426363403865,0.13721217267937713,4.6554626125146825,2.8355369773960777
6.273293733596802,1.8223500993134856,-0.019269682947763128,0.131294791941582,4.5298823148295355,2.9423785941097766
6.2964928150177,1.823665072240889,-0.019269682947763128,0.131294791941582,4.415479347332118,3.043631582298055
6.319369554519653,1.8253087884007713,-0.019269682947763128,0.1303085618159887,4.299103939540779,3.1432408631594098
6.342055797576904,1.821363869618225,-0.01795470928613435,0.13655468593206563,4.190289667472212,3.2362752835018394
6.366035223007202,1.823665072240889,-0.01861219611676196,0.12866484493832794,4.076544256541147,3.336542072464584
6.3906333446502686,1.8233363290089963,-0.019269682947763128,0.1289935883140274,3.9634563544497428,3.437137616917395
6.413207530975342,1.8223500993134856,-0.02025591319496567,0.1293223316896432,3.8566146048480436,3.5344457372202895
6.4357218742370605,1.8233363290089963,-0.02058465661088682,0.13063730519127004,3.7596351854049628,3.626822714161756
6.458811283111572,1.8216926128499507,-0.021242143443009676,0.12965107506517531,3.6610120608503727,3.7201859339380303
6.483220815658569,1.8239938154728095,-0.021242143443009676,0.1253774111767268,3.5597590002403976,3.8178228354128922
6.5067479610443115,1.8220213560817042,-0.023872090775245325,0.1227474641614055,3.4617933895090722,3.9171034701691467
6.532273292541504,1.8266237613291811,-0.025844551278358247,0.1227474641614055,3.3654715088347618,4.011124217671015
6.555367708206177,1.821363869618225,-0.029789472294726144,0.12340495091573989,3.2753957670039946,4.098898844278847
6.57679557800293,1.8239938154728095,-0.03406313674442102,0.1253774111767268,3.1886074697802043,4.1814135797125
6.59958291053772,1.8220213560817042,-0.03932303147364474,0.12965107506517531,3.113982690487214,4.256038469890748
6.624002456665039,1.8216926128499507,-0.04655538676595161,0.12570615455326414,3.0400154039754628,4.332964578280906
6.647136688232422,1.824980045168739,-0.057403919790902924,0.12143249065172759,2.9637469187158825,4.407589488401388
6.671664237976074,1.8230075857771315,-0.07384109124016286,0.11847380025002636,2.895039538040407,4.477611990431715
6.694212436676025,1.8230075857771315,-0.08600459826862433,0.12471992442340035,2.834222003715624,4.538100919766323
6.717814207077026,1.8226788425452944,-0.09225072355142952,0.12800735818667794,2.777678136867054,4.599576088811968
6.739792585372925,1.821363869618225,-0.0978393619924163,0.13063730519127004,2.737900185640339,4.650202704139083
6.761794567108154,1.8226788425452944,-0.10277051358165432,0.12767861481072734,2.7073270504520948,4.6972131371994985
6.783535718917847,1.824980045168739,-0.1073729217516908,0.12570615455326414,2.6889174210215425,4.734032500455403
6.804593324661255,1.823665072240889,-0.1119753299411767,0.1253774111767268,2.6780688895176885,4.761318280357184
6.827377557754517,1.824322558704758,-0.11427653404323174,0.1283361015625448,2.6754389425002816,4.778741730970767
6.851015567779541,1.8262950180970365,-0.11592025126197547,0.13688342930576294,2.6800413497842777,4.785645362518622
6.875603914260864,1.8256375316328317,-0.11559150781802721,0.14707447384924502,2.693848571735616,4.775454287411042
6.898508310317993,1.8272812477935545,-0.11427653404323174,0.15003316418570356,2.71554563510623,4.746524785041291
6.923372507095337,1.8253087884007713,-0.11000286928615455,0.15430682799326992,2.7487487176635623,4.693925694184518
6.947465419769287,1.824980045168739,-0.09849684886969792,0.1566080315762162,2.7970739978618355,4.622259441810106
6.9716269969940186,1.8226788425452944,-0.0863333417036797,0.15726551831346386,2.86117896446889,4.531526035806579
6.9961700439453125,1.8207063831548567,-0.07614229526235364,0.16285415556687427,2.9420498506576647,4.418438044460608
7.020694732666016,1.8190626669969205,-0.07416983467161314,0.16745656269906428,3.0396866604922392,4.284967945327438
7.045310735702515,1.821363869618225,-0.051815281552929,0.2473411982972295,3.155733116935959,4.134403191200814
7.069676160812378,1.821363869618225,-0.037021827526629913,0.4284787715454663,3.2747382798719666,3.966743793177913
7.093210220336914,1.8147890049895086,-0.026502038113479925,0.8085059989137116,3.389141048427791,3.789879613042651
7.116729497909546,1.8055841945276219,-0.023543347358388006,1.29110105782508,3.5068312694209913,3.601180705187263
7.139445781707764,1.8170902076083075,-0.02222837369189573,1.549821967657045,3.614001709563654,3.4187279738747387
7.16144585609436,1.8282674774903258,-0.01861219611676196,1.7789559929505234,3.7290620153249727,3.2237830286282394
7.1849799156188965,1.8358285718407132,-0.018940939532215845,1.9275479350301326,3.834588769386238,3.049548965036009
7.206512212753296,1.8410884635716607,-0.019927169779138026,2.1185477650883366,3.9496491119754746,2.8710412673444914
7.230540037155151,1.845033382374746,-0.01861219611676196,2.204021015817002,4.0679969143865575,2.6918761114476903
7.2534308433532715,1.8476633282458117,-0.019598426363403865,2.2631948068565553,4.196864547380537,2.4992325040216072
7.276440382003784,1.8463483553100437,-0.021242143443009676,2.2973841091773215,4.3211297916934654,2.317766193555662
7.299107074737549,1.8456908688423361,-0.01861219611676196,2.2914667298844456,4.447367528345324,2.1441897399538044
7.319170236587524,1.8414172068050907,-0.01828345270140147,2.277002025026109,4.5644004564334475,2.0074325438656944
7.3406805992126465,1.8401022338715443,-0.019269682947763128,2.3029727451937254,4.68702206392362,1.8976323001671538
7.361684083938599,1.8407597203382593,-0.01828345270140147,2.3210536265415294,4.799452625909431,1.8029542486852352
7.385409593582153,1.8420746932720384,-0.02058465661088682,2.336504561656697,4.921745547645628,1.6214879890552778
7.409604072570801,1.844704639140995,-0.019598426363403865,2.4068556296814307,5.066721875551619,1.4870320135223718
7.431689023971558,1.851608247055951,-0.018940939532215845,2.477206700742131,5.202164655116225,1.3621095921581787
7.453693628311157,1.852265733524723,-0.01861219611676196,2.412115522737211,5.3326763057029964,1.2509943855217607
7.477196931838989,1.8479920714798275,-0.01861219611676196,2.293439189646618,5.469762894493153,1.14678278539625
7.5003502368927,1.8463483553100437,-0.02058465661088682,2.2579349142469933,5.6180268595625416,1.0468448455414525
7.522783041000366,1.8473345850118255,-0.019269682947763128,2.1869263653971442,5.760044723832073,0.9607141193603965
7.545504093170166,1.8443758959072731,-0.019269682947763128,2.0830434926707215,5.896145227336526,0.8867468911087026
7.567834854125977,1.844704639140995,-0.019927169779138026,2.0531278561345863,6.035861980583181,0.818697039612426
7.590380668640137,1.8456908688423361,-0.018940939532215845,1.9715995297523208,6.1778800074493425,0.7614957139058511
7.614711284637451,1.8424034365055557,-0.019269682947763128,1.7575876831619364,6.340280323183085,0.7059381032381
7.639535903930664,1.838458517705263,-0.01828345270140147,1.59617476124606,6.503009464110978,0.6592565595423392
7.663548707962036,1.838458517705263,-0.02025591319496567,1.4469253413668992,6.660478751555214,0.6217798265709829
7.686803340911865,1.837472288005841,-0.019927169779138026,1.3512610660924471,6.812688180054723,0.593507904767806
7.710104465484619,1.8427321797391023,-0.02551580786093824,1.2779513292147042,6.966541416523995,0.5714821049520662
7.734448671340942,1.851936990290322,-0.01795470928613435,1.3075382185720954,7.124668437671109,0.55274373775216
7.75699257850647,1.8805376517969021,-0.01861219611676196,1.2506656423056106,7.274248132484812,0.5376215465466143
7.7818074226379395,1.8959885839739044,-0.018940939532215845,1.1388929481032337,7.436320287852555,0.5392652629877807
7.801666975021362,1.9009197325561125,-0.018940939532215845,0.9403320388431602,7.593132586884666,0.5474838451724195
7.821297883987427,1.906837110864565,-0.02091340002690148,0.7397986590007937,7.720686474956108,0.5603048333105456
7.842758655548096,1.912425745943586,-0.023543347358388006,0.5649072392882735,7.8636915528839735,0.5833168630920341
7.865756511688232,1.9206443269598914,-0.026502038113479925,0.3758798413656959,8.017216634265763,0.61553370434523
7.886111259460449,1.927219191788347,-0.03011821571336812,0.2263016239368026,8.166796837038051,0.6487367749139807
7.905578374862671,1.9328078269034454,-0.031104445969858924,0.19145482820346696,8.28383108187681,0.6812823584470891
7.925095319747925,1.9400401782439336,-0.030775702550934453,0.16614158923434963,8.3732505435551,0.713170454994307
7.944474458694458,1.9495737323100029,-0.03143318938887754,0.1506906509262331,8.416974042669048,0.7457160376297758
7.964545488357544,1.9525324215090842,-0.031104445969858924,0.16285415556687427,8.415987798238241,0.7743167008087497
7.9853127002716064,1.9515461917757304,-0.03143318938887754,0.14806070396213938,8.387057963448193,0.7976574716771758
8.004771947860718,1.9485875025776278,-0.032419419646499026,0.15233436777611808,8.332157036754015,0.8177108098690065
8.024281740188599,1.9472725296016333,-0.03274816306589473,0.15430682799326992,8.263119961359957,0.8380928911637646
8.04428219795227,1.9420126377034082,-0.033405649904969165,0.16055295199479708,8.179289253722079,0.8588037155596062
8.064282894134521,1.9410264079735104,-0.032419419646499026,0.1621966688324026,8.086253639599365,0.885103174906819
8.086647748947144,1.9354377728434644,-0.031761932807990445,0.15496431473166428,7.97086322719163,0.9183062420242731
8.108099937438965,1.9259042188215503,-0.029460728876178344,0.16285415556687427,7.85317163638319,0.9551254843911414
8.12961483001709,1.9137407189047688,-0.029131985457724635,0.1644978724016286,7.722001463817,0.9975333613068609
8.15106463432312,1.908152083823463,-0.029131985457724635,0.16252541219967917,7.603323745772105,1.0399412377817638
8.174073934555054,1.9009197325561125,-0.029789472294726144,0.1566080315762162,7.461633797447598,1.0968138156993557
8.198752641677856,1.896317327212489,-0.030446959132104184,0.15397808462394974,7.316327709323793,1.1592750277573478
8.219807386398315,1.8894137192090454,-0.031104445969858924,0.16022420862703127,7.172994176595945,1.2250236714139149
8.243358612060547,1.8838250841690576,-0.030775702550934453,0.1566080315762162,7.026701998645725,1.297018435695927
8.266417026519775,1.8788939356120122,-0.029131985457724635,0.1566080315762162,6.883039863835287,1.3762455503610942
8.291304111480713,1.8723190708803097,-0.02551580786093824,0.15693677494488095,6.7328028766582975,1.463691245292879
8.316327571868896,1.868702895283187,-0.024858321026379693,0.14740321722029226,6.579935995589818,1.5586980344974601
8.341337442398071,1.865415462925408,-0.02551580786093824,0.15200562440630544,6.420494273436589,1.6510748788127525
8.365342855453491,1.8611418008648737,-0.02551580786093824,0.14543075699277114,6.272887470124016,1.759560142522778
8.389312744140625,1.8585118549840218,-0.023543347358388006,0.15529305810073848,6.12462324058885,1.9249179890968167
8.412949323654175,1.8535807064626244,-0.022557117108378294,0.1460882437356083,5.976359074322106,1.9732432459860538
8.4353506565094,1.852265733524723,-0.023214603941624418,0.1424720666459133,5.835656108495579,2.043923044965103
8.461353063583374,1.8486495579479472,-0.02222837369189573,0.14477327024960363,5.687720804888258,2.1389298476497403
8.486087322235107,1.8483208147138726,-0.021570886859211436,0.14082834978365144,5.534854384524519,2.261222347126269
8.509565591812134,1.8420746932720384,-0.02222837369189573,0.14280081001811723,5.394809070489067,2.3864735442497778
8.535583257675171,1.84174595003855,-0.02091340002690148,0.13688342930576294,5.2518051018761795,2.5169846442143426
8.560582876205444,1.839444747404945,-0.02058465661088682,0.13984211966529983,5.101240055712984,2.6481532425097707
8.583096265792847,1.837472288005841,-0.02058465661088682,0.1345822256881342,4.9572499502391985,2.767158347985287
8.607925653457642,1.8351710853748633,-0.021570886859211436,0.1362259425582851,4.824765943152457,2.8763011622470835
8.630615234375,1.8345135989091277,-0.021242143443009676,0.1375409160529082,4.691624484086935,2.98182780910672
8.653529405593872,1.8322123962799544,-0.021570886859211436,0.1345822256881342,4.565057944867163,3.0811083402357955
8.677050828933716,1.8322123962799544,-0.02617329469587215,0.13326725219051416,4.439148924811629,3.179073907335097
8.700260877609253,1.8295824504197487,-0.02551580786093824,0.1352397124364443,4.310281237540625,3.2763819977029622
8.724322080612183,1.8276099910257835,-0.024858321026379693,0.13852714617300282,4.181742323701218,3.3720463808763013
8.749234199523926,1.8289249639549807,-0.025844551278358247,0.131294791941582,4.06043580411803,3.463108364068662
8.772762298583984,1.82596627486492,-0.033405649904969165,0.13228102206642361,3.938143076806515,3.56041648760276
8.798118591308594,1.8253087884007713,-0.027817011784850326,0.1326097654412039,3.822096504817646,3.6541084426400707
8.822730302810669,1.8266237613291811,-0.029131985457724635,0.1303085618159887,3.708022415181147,3.747471665965852
8.844445705413818,1.8262950180970365,-0.031104445969858924,0.12767861481072734,3.6051256295872305,3.8382049512781866
8.865866899490356,1.8253087884007713,-0.03439188016428854,0.12702112805857488,3.510447449672075,3.9187471894131742
8.890692710876465,1.824980045168739,-0.040638005159737284,0.12504866780010554,3.4137968195592445,4.005864315346248
8.912111759185791,1.8239938154728095,-0.04655538676595161,0.12702112805857488,3.3273372520091073,4.0860778306233545
8.935714960098267,1.8239938154728095,-0.05773266321752854,0.13063730519127004,3.247781307881943,4.16497638050967
8.958810329437256,1.8239938154728095,-0.0748273215348049,0.13063730519127004,3.1780876767429582,4.242559964787716
8.982177257537842,1.8266237613291811,-0.08666208513883294,0.1335959955650442,3.119242586631601,4.316527374754606
9.0038001537323,1.8269525045613537,-0.09718187511552909,0.1283361015625448,3.070917291883608,4.38391991229233
9.023553133010864,1.8262950180970365,-0.10375674390217063,0.1309660485664678,3.032125560407846,4.438820180672885
9.045634031295776,1.8295824504197487,-0.10967412584399888,0.12866484493832794,2.9956350347080427,4.492405477945335
9.06667947769165,1.8289249639549807,-0.1136190471564322,0.13228102206642361,2.9611169710486998,4.542374594384462
9.089460134506226,1.8282674774903258,-0.11920768570695017,0.1362259425582851,2.9344887512870628,4.5808376675267874
9.110987663269043,1.8292537071873507,-0.12381009394672149,0.1326097654412039,2.917722835481642,4.6097671603243136
9.132569551467896,1.830568680117113,-0.12545381117997306,0.13326725219051416,2.907531788746714,4.627519349895701
9.153669834136963,1.8308974233496247,-0.12709752841573513,0.138198402799721,2.9058880715403523,4.633765490818007
9.173421859741211,1.8299111936521752,-0.12479632428637127,0.14641698710690304,2.9114767100521095,4.629163071183602
9.193651676177979,1.830568680117113,-0.12348135050037218,0.15430682799326992,2.9229827306081693,4.613712091286805
9.214449405670166,1.8322123962799544,-0.11986517259714458,0.15595054483864113,2.9420498506576647,4.585768830956757
9.237092018127441,1.8308974233496247,-0.11164658649842432,0.15726551831346386,2.9709792748346424,4.541717105979398
9.260012865066528,1.8289249639549807,-0.10540046110501139,0.15529305810073848,3.011743464810587,4.481556920395146
9.282532453536987,1.8279387342580404,-0.10112679638277203,0.15923797852324412,3.061712474108004,4.407918232521223
9.303051233291626,1.8262950180970365,-0.08994951949575167,0.1566080315762162,3.1143114339953915,4.332307090130603
9.324339866638184,1.8253087884007713,-0.0794297295880308,0.15595054483864113,3.178745163804267,4.245847405027684
9.3464515209198,1.823665072240889,-0.07121114379205154,0.1608816953624813,3.2573148710526,4.144922998098243
9.3683602809906,1.8239938154728095,-0.06463627519886725,0.15923797852324412,3.3480480981745537,4.028547644436633
9.392119407653809,1.820048896691599,-0.0531302552534928,0.16548410250150505,3.451931080381285,3.8980363272405048
9.414820432662964,1.8220213560817042,-0.041624235425302386,0.17403143000319204,3.566662617573603,3.763908854447516
9.437606573104858,1.8216926128499507,-0.037021827526629913,0.28416045268352785,3.6873115593974966,3.6189328651520007
9.462121486663818,1.819720153460012,-0.035049367004306886,0.46628425159577647,3.815192885023341,3.45620474765503
9.48467493057251,1.8151177482206833,-0.025187064443612045,0.7730017277959724,3.9437317224343853,3.28887425331965
9.507200956344604,1.7986805866949744,-0.022885860524954532,1.113250976831026,4.063065755505256,3.120228817161897
9.528726816177368,1.8052554512972303,-0.02091340002690148,1.2779513292147042,4.176153675917915,2.955199588821574
9.548728227615356,1.8141315185272404,-0.019269682947763128,1.4844020678050704,4.285625433422583,2.7885266692486663
9.5717453956604,1.8184051805339396,-0.019269682947763128,1.596503504463849,4.400357117815087,2.6113339855863624
9.595346212387085,1.821035126386527,-0.019598426363403865,1.662252148310694,4.526594872890901,2.415074212588578
9.614883422851562,1.8184051805339396,-0.018940939532215845,1.6556772838977765,4.639682887552137,2.247086385785344
9.635377168655396,1.8164327211456563,-0.019598426363403865,1.6497599059319148,4.746853529376789,2.1037543181821627
9.655406475067139,1.812159059141091,-0.021899630275506787,1.6162280975556615,4.856982894305616,1.9821193136645872
9.677944421768188,1.8085428836023505,-0.019598426363403865,1.5501507108732258,4.9786183420040695,1.8821813679825827
9.69895339012146,1.807227910679981,-0.019269682947763128,1.5376584686651138,5.097952609867978,1.8065704242189569
9.721505403518677,1.8065704242189569,-0.02058465661088682,1.5567255751989466,5.225505526718354,1.6300353127501588
9.744796514511108,1.8085428836023505,-0.018940939532215845,1.5248374832546059,5.355688439722785,1.5432471033354742
9.764795303344727,1.8118303159101607,-0.019598426363403865,1.5284536586254782,5.476009047118676,1.4659924477933115
9.786309480667114,1.8147890049895086,-0.019269682947763128,1.4968943099656111,5.594685965579071,1.3999150617650469
9.80892038345337,1.8124878023720479,-0.018940939532215845,1.3594796464455525,5.726841468424026,1.342056256094577
9.832484722137451,1.8092003700636967,-0.019269682947763128,1.2138464020295516,5.861626978952797,1.297018435695927
9.856584310531616,1.8101865997559181,-0.019269682947763128,1.2066140512439427,5.999371246836681,1.2651303438072314
9.879302024841309,1.8167614643769685,-0.01828345270140147,1.1385642048824787,6.139416786116209,1.242775805115009
9.902463436126709,1.8193914102284525,-0.019598426363403865,1.0376400351928885,6.277489908438474,1.2306123061010523
9.925196409225464,1.8230075857771315,-0.02025591319496567,0.9669602407867393,6.4142481044766875,1.2279823603663365
9.948221683502197,1.8272812477935545,-0.02091340002690148,0.8775420803671985,6.55067761177353,1.2306123061010523
9.970739603042603,1.8506220173530161,-0.023872090775245325,0.762481943669866,6.681847241307946,1.2401458593834993
9.994207620620728,1.8634430035122131,-0.025187064443612045,0.6789811555864909,6.812688180054723,1.2559255337628492
10.017367362976074,1.8726478141165976,-0.026830781531181624,0.5721395915172427,6.954049056752343,1.276636356352983
10.041666507720947,1.8825101112198144,-0.029131985457724635,0.41664401240091853,7.098368719233805,1.3029358135645797
10.066660642623901,1.8920436651134325,-0.03143318938887754,0.2802155326153198,7.242359707384237,1.3321939596649617
10.0896315574646,1.9009197325561125,-0.03735057094734806,0.19868718210757244,7.3886519969515705,1.3640820514425436
10.110168695449829,1.9107820297428664,-0.04326795253647597,0.19638597859679258,7.491878513313751,1.3913677382029306
10.129748344421387,1.917356894550817,-0.051815281552929,0.18290750081258914,7.578010222805852,1.4202971410292664
10.152726888656616,1.923931759372394,-0.06266381462844045,0.1727164565449546,7.6440883852530535,1.4479115710093526
10.173273086547852,1.9268904485465956,-0.06299255805660403,0.17468891673182646,7.679264329238894,1.4742110281537915
10.193286418914795,1.9291916512395835,-0.06134884091674858,0.1687715361624807,7.684853031054861,1.4972230531804815
10.215901374816895,1.9314928539342788,-0.06430753177022186,0.15167688103641064,7.66677193737622,1.520563821453947
10.235420227050781,1.9295203944815782,-0.06430753177022186,0.15397808462394974,7.630281006658518,1.5402884143920093
10.257549285888672,1.9285341647556988,-0.06496501862760906,0.1608816953624813,7.5770239817001945,1.5586980344974601
10.27954649925232,1.927219191788347,-0.06463627519886725,0.16055295199479708,7.505685884728056,1.5757926817675119
10.302716255187988,1.9249179890968167,-0.06496501862760906,0.16318289893398794,7.424156654210562,1.5928873290688759
10.325031042098999,1.9186718675140366,-0.05937638035209647,0.15989546525918386,7.340983714340104,1.6112969492780842
10.348176717758179,1.915055691866493,-0.06233507120037307,0.1635116423010202,7.247290906905009,1.6300353127501588
10.371121168136597,1.9104532865028236,-0.06627999234354087,0.16384038566797104,7.151954398099432,1.6507461355925184
10.39473843574524,1.9061796243853166,-0.06003386720659601,0.16581284586796796,7.061220371029438,1.6714569585004242
10.41544795036316,1.9025634487518277,-0.055760202659213554,0.1641691290348405,6.980020015818539,1.693482754369357
10.43647813796997,1.8982897866446826,-0.0689099397800392,0.17074399635517423,6.90210714545549,1.7161660367728937
10.460611581802368,1.896317327212489,-0.06397878834167287,0.16811404943093466,6.81761937230876,1.7533140212163483
10.483948230743408,1.894673611019893,-0.05937638035209647,0.16844279279674823,6.745295227254355,1.838458517705263
10.506226062774658,1.8933586380664027,-0.06496501862760906,0.1687715361624807,6.673957337228474,1.9436563539206178
10.528228521347046,1.8903999489229484,-0.06365004491322024,0.16647033260065008,6.61083811176748,1.9847492596487588
10.550851583480835,1.8887562327332714,-0.06266381462844045,0.16384038566797104,6.548376390688632,2.007761287116598
10.575845956802368,1.8900712056849485,-0.06332130148486398,0.15825174841872183,6.4869009192596225,2.037348179864423
10.598445415496826,1.8923724083516262,-0.06332130148486398,0.15463557136250808,6.423781730831822,2.0748249111683363
10.621551752090454,1.8897424624469807,-0.06266381462844045,0.15562180146973076,6.364936248439244,2.1215064544810054
10.646288394927979,1.8894137192090454,-0.06266381462844045,0.15364934125454754,6.301159592194011,2.1823239595389397
10.669297218322754,1.8877700030198517,-0.06266381462844045,0.15134813766643368,6.240012912560138,2.249058845501103
10.690752983093262,1.8894137192090454,-0.06266381462844045,0.15134813766643368,6.182811189982224,2.318423680152351
10.713602542877197,1.8900712056849485,-0.06365004491322024,0.14937567744484487,6.123308258794708,2.3927196671778677
10.736135244369507,1.891714921875271,-0.06266381462844045,0.14871819070365688,6.066764046335039,2.4647144542479227
10.759049654006958,1.8907286921609803,-0.06266381462844045,0.15101939429637448,6.004631172190933,2.5439415982515534
10.782568216323853,1.8897424624469807,-0.06233507120037307,0.14904693407429204,5.9464432522591615,2.626127436906865
10.805089235305786,1.891057435399045,-0.06266381462844045,0.14937567744484487,5.888584086936109,2.711271971079345
10.827702045440674,1.8903999489229484,-0.06266381462844045,0.14707447384924502,5.8372998344197455,2.7845817483711475
10.84814715385437,1.891714921875271,-0.06299255805660403,0.14707447384924502,5.788316805001677,2.8490154577081634
10.868152856826782,1.8936873813047266,-0.06233507120037307,0.14543075699277114,5.742949978109178,2.905230584658502
10.89072299003601,1.8923724083516262,-0.06233507120037307,0.14312955339023842,5.696925666535686,2.9657193794705923
10.914329767227173,1.8956598407353527,-0.06200632777240203,0.14641698710690304,5.646298930206743,3.036399225665936
10.936857223510742,1.894673611019893,-0.06299255805660403,0.14444452687789594,5.599617140248062,3.1034628982850188
10.95887565612793,1.896974813689756,-0.06233507120037307,0.14280081001811723,5.553264100805604,3.163622961512338
10.979522705078125,1.896974813689756,-0.06200632777240203,0.1411570931562695,5.512499730187679,3.2172081577118536
11.003835201263428,1.8973035569284384,-0.06200632777240203,0.1411570931562695,5.46516046630467,3.2763819977029622
11.0272696018219,1.8986185298834963,-0.06167758434452722,0.138198402799721,5.414862504508344,3.3385145340037465
11.051783561706543,1.8992760163612221,-0.06167758434452722,0.13984211966529983,5.365550783264336,3.4019620493236338
11.073783159255981,1.9009197325561125,-0.06233507120037307,0.138198402799721,5.313937854652937,3.4654095695531737
11.09743332862854,1.9009197325561125,-0.06069135406147996,0.138198402799721,5.265283634772899,3.520967246861837
11.1177659034729,1.9022347055126183,-0.06167758434452722,0.13721217267937713,5.218601888506973,3.574881209718982
11.140470504760742,1.9012484757951895,-0.0610200974890662,0.13984211966529983,5.172906381227323,3.6232065333551535
11.164469003677368,1.904535908187778,-0.06167758434452722,0.138198402799721,5.124580921914497,3.6777779910633823
11.187981843948364,1.904535908187778,-0.06299255805660403,0.1362259425582851,5.077899190739855,3.7369518655405307
11.209518432617188,1.9061796243853166,-0.06200632777240203,0.1358971991844214,5.033847420729861,3.7967832325808133
11.229518413543701,1.9051933946666937,-0.06200632777240203,0.13721217267937713,4.995384311623899,3.8477385218137763
11.251031637191772,1.9088095703031127,-0.06299255805660403,0.1358971991844214,4.952976272005152,3.9055974355768095
11.271247625350952,1.908152083823463,-0.069896170070321,0.13786965942635615,4.912869447420869,3.962141378963201
11.292548418045044,1.9088095703031127,-0.06332130148486398,0.13786965942635615,4.871776393015172,4.020657790746888
11.315055131912231,1.9104532865028236,-0.06266381462844045,0.13721217267937713,4.825423431929786,4.084434110943413
11.337735176086426,1.912425745943586,-0.06069135406147996,0.13721217267937713,4.778412986613794,4.151826621475206
11.360180139541626,1.9137407189047688,-0.06200632777240203,0.13556845581047447,4.729430079898459,4.222506579728387
11.382691621780396,1.9163706648287597,-0.06167758434452722,0.1326097654412039,4.680118433758158,4.289899106059559
11.403294086456299,1.9163706648287597,-0.06134884091674858,0.13228102206642361,4.630149303958893,4.353675455411713
11.424049615859985,1.9186718675140366,-0.06167758434452722,0.1316235353166127,4.575577759920086,4.418438044460608
11.44759750366211,1.9180143810323587,-0.0610200974890662,0.13293850881590075,4.520677477453217,4.480241943737425
11.470042943954468,1.9163706648287597,-0.0610200974890662,0.1349109690623309,4.457229852751307,4.546648269037566
11.492618560791016,1.9166994080694115,-0.06134884091674858,0.1342534823138542,4.395425956106529,4.610753393062082
11.515510082244873,1.9180143810323587,-0.06134884091674858,0.13556845581047447,4.327704673100096,4.677159735144983
11.53604531288147,1.91965809723681,-0.06200632777240203,0.1326097654412039,4.270174463387202,4.731402545846171
11.557560682296753,1.917356894550817,-0.06299255805660403,0.1299798184406238,4.213959235487326,4.780056708400884
11.581081628799438,1.9170281513100973,-0.06134884091674858,0.1319522786915599,4.1491966697031435,4.836929485679223
11.600125074386597,1.9160419215881423,-0.06134884091674858,0.12965107506517531,4.093967685148667,4.88624114775649
11.620267391204834,1.92031558371883,-0.06069135406147996,0.12965107506517531,4.041697400807869,4.931607881426955
11.641351461410522,1.9160419215881423,-0.06069135406147996,0.13326725219051416,3.9890983769787383,4.975330897052523
11.662369012832642,1.9157131783475585,-0.06069135406147996,0.13293850881590075,3.937485589088767,5.01543772707607
11.683903932571411,1.9153844351070088,-0.06069135406147996,0.1319522786915599,3.883571598491512,5.056530794299701
11.705741882324219,1.9137407189047688,-0.06233507120037307,0.1358971991844214,3.8326163065442613,5.093678930305863
11.727965354919434,1.9134119756644223,-0.06167758434452722,0.13392473893949086,3.7856059438395264,5.128854601775193
11.751880168914795,1.9140694621451493,-0.06069135406147996,0.13293850881590075,3.737938096823701,5.16435902068799
11.774411916732788,1.9117682594631973,-0.06233507120037307,0.13556845581047447,3.6952014091490684,5.1959185065919735
11.798933267593384,1.9134119756644223,-0.06069135406147996,0.1352397124364443,3.6577246235991967,5.22714925011838
11.822590112686157,1.911110772982943,-0.06266381462844045,0.13852714617300282,3.6261652267410547,5.255750038289564
11.846632957458496,1.9120970027033748,-0.06069135406147996,0.14017086303816662,3.602166936285297,5.282378360037917
11.871228218078613,1.9120970027033748,-0.0603626106339899,0.138198402799721,3.578497390291281,5.307362959746273
11.896306276321411,1.9097958000228386,-0.0603626106339899,0.13556845581047447,3.547595484139107,5.330703837131867
11.919913053512573,1.912425745943586,-0.06069135406147996,0.13655468593206563,3.513734886278558,5.348127309833027
11.944542169570923,1.9104532865028236,-0.06069135406147996,0.1411570931562695,3.4788880589536513,5.3632495697503115
11.968003034591675,1.9104532865028236,-0.0603626106339899,0.14378704013423257,3.451931080381285,5.378043085421021
11.990572452545166,1.9101245432628144,-0.0610200974890662,0.13786965942635615,3.4295765134741925,5.388562919109407
12.012033939361572,1.9094670567828966,-0.06200632777240203,0.13918463291931732,3.4128105886997284,5.398096518621751
12.034603118896484,1.9088095703031127,-0.06069135406147996,0.14345829676227684,3.401633305708421,5.404671414966108
12.05660080909729,1.9074945973439472,-0.06069135406147996,0.14543075699277114,3.3976883823361415,5.408945097646483
12.077659130096436,1.9065083676249241,-0.0603626106339899,0.145759500364231,3.4013045620933404,5.407301373533371
12.099117755889893,1.9078233405836886,-0.06167758434452722,0.14082834978365144,3.4068932035676545,5.407630118355465
12.119148969650269,1.9088095703031127,-0.0610200974890662,0.13228102206642361,3.407879434420024,5.408287608000447
12.139145135879517,1.9084808270632712,-0.06134884091674858,0.13063730519127004,3.4013045620933404,5.406643883889973
12.159531593322754,1.908152083823463,-0.06069135406147996,0.13951337629235006,3.3907847664802016,5.408945097646483
12.18005108833313,1.906837110864565,-0.06003386720659601,0.13688342930576294,3.379936227394718,5.407630118355465
12.200359582901001,1.9074945973439472,-0.0603626106339899,0.1335959955650442,3.373690098894794,5.409931332117519
12.221391439437866,1.9055221379062013,-0.06003386720659601,0.1342534823138542,3.3700739192583944,5.411246311415927
12.24212384223938,1.906837110864565,-0.0610200974890662,0.13556845581047447,3.365800252435608,5.414862504508344
12.2626051902771,1.9065083676249241,-0.0603626106339899,0.13721217267937713,3.3618553292339897,5.419136187295163
12.281653881072998,1.9084808270632712,-0.0603626106339899,0.138198402799721,3.358567893246851,5.423409870126702
12.301771640777588,1.9074945973439472,-0.05937638035209647,0.13786965942635615,3.355609200869451,5.427026063326813
12.322815895080566,1.906837110864565,-0.06134884091674858,0.13852714617300282,3.3552804572726065,5.42932727719813
12.343490839004517,1.9071658541042396,-0.06069135406147996,0.13688342930576294,3.354622970079303,5.436230918890104
12.363183498382568,1.9088095703031127,-0.0603626106339899,0.1335959955650442,3.3559379444664246,5.442148326147917
12.384144067764282,1.9088095703031127,-0.06069135406147996,0.1345822256881342,3.353965482886515,5.449380712913462
12.404526233673096,1.908152083823463,-0.06003386720659601,0.13063730519127004,3.351993021311236,5.454311885782119
12.42493724822998,1.9065083676249241,-0.06069135406147996,0.1388558895462016,3.3513355341205044,5.4579280792573
12.44444751739502,1.9088095703031127,-0.0603626106339899,0.13786965942635615,3.351993021311236,5.464174231699678
12.463680744171143,1.9078233405836886,-0.06003386720659601,0.1349109690623309,3.351664277715806,5.468447915005373
12.48319411277771,1.9094670567828966,-0.0603626106339899,0.1309660485664678,3.3510067905253322,5.469105404748728
12.503496646881104,1.9084808270632712,-0.05970512377929818,0.1326097654412039,3.3496918161459246,5.471735363732861
12.524003505706787,1.9104532865028236,-0.06003386720659601,0.13721217267937713,3.3477193545806636,5.47370783298222
12.543301105499268,1.9078233405836886,-0.0610200974890662,0.13326725219051416,3.3473906109869027,5.475022812487157
12.563698530197144,1.909138313542988,-0.06003386720659601,0.1362259425582851,3.346733123799765,5.474036577858052
12.583571672439575,1.9097958000228386,-0.06003386720659601,0.138198402799721,3.348705585362717,5.477981516388961
12.603705167770386,1.909138313542988,-0.06003386720659601,0.138198402799721,3.3496918161459246,5.476337791996387
12.623391389846802,1.908152083823463,-0.06167758434452722,0.13556845581047447,3.3493630725513936,5.478967751027728
12.643948554992676,1.9084808270632712,-0.0603626106339899,0.1345822256881342,3.348705585362717,5.478310261268282
12.663768291473389,1.9097958000228386,-0.05970512377929818,0.13392473893949086,3.346733123799765,5.478310261268282
12.68407654762268,1.909138313542988,-0.06003386720659601,0.1342534823138542,3.3441031750563397,5.478639006147871
12.703767776489258,1.9088095703031127,-0.06003386720659601,0.1349109690623309,3.3414732263211064,5.477652771509909
12.725505828857422,1.908152083823463,-0.05937638035209647,0.1358971991844214,3.33950076477505,5.476666536874365
12.746423244476318,1.9094670567828966,-0.06069135406147996,0.13556845581047447,3.3375283032335914,5.475680302241235
12.766934394836426,1.9078233405836886,-0.0603626106339899,0.1358971991844214,3.33621332887517,5.475351557364062
12.78702998161316,1.9074945973439472,-0.05970512377929818,0.1375409160529082,3.335227098107693,5.474036577858052
12.807220458984375,1.908152083823463,-0.0603626106339899,0.13852714617300282,3.3345696109300116,5.473050343231361
12.827012062072754,1.906837110864565,-0.0603626106339899,0.1404996064109505,3.3345696109300116,5.472392853481575
12.846249341964722,1.9088095703031127,-0.06003386720659601,0.1404996064109505,3.3345696109300116,5.470749129111802
12.866750240325928,1.9084808270632712,-0.0603626106339899,0.1411570931562695,3.335884585285884,5.469434149620806
12.886754989624023,1.9088095703031127,-0.05970512377929818,0.1424720666459133,3.33621332887517,5.468119170134098
12.905976295471191,1.9051933946666937,-0.05904763692499085,0.1424720666459133,3.3371995596437944,5.466475445781738
12.925006866455078,1.9078233405836886,-0.06003386720659601,0.14148583652880473,3.338185790413567,5.466146700912069
12.945483446121216,1.9078233405836886,-0.0603626106339899,0.14312955339023842,3.3388432775940533,5.4658179560426685
12.966588735580444,1.9078233405836886,-0.05970512377929818,0.1441157835061056,3.340486995547503,5.464831721436072
12.988137245178223,1.9094670567828966,-0.05937638035209647,0.145759500364231,3.3424594570958597,5.464174231699678
13.00935435295105,1.9074945973439472,-0.0603626106339899,0.14641698710690304,3.343774431463988,5.463516741964355
13.032277822494507,1.9074945973439472,-0.05970512377929818,0.14477327024960363,3.345418149427028,5.464174231699678
13.055116653442383,1.9088095703031127,-0.05904763692499085,0.14641698710690304,3.34574689302002,5.463187997097095
13.07753300666809,1.9084808270632712,-0.06134884091674858,0.145759500364231,3.346733123799765,5.462530507363377
13.098541021347046,1.909138313542988,-0.0603626106339899,0.1460882437356083,3.3464043802063888,5.4628592522301025
13.121077537536621,1.9074945973439472,-0.06003386720659601,0.1460882437356083,3.3483768417685713,5.4628592522301025
13.141839504241943,1.9078233405836886,-0.0603626106339899,0.1467457304781153,3.3480480981745537,5.46220176249692
13.16371488571167,1.909138313542988,-0.0603626106339899,0.1467457304781153,3.3493630725513936,5.4618730176307295
13.183914422988892,1.909138313542988,-0.05937638035209647,0.14641698710690304,3.349034328956991,5.463516741964355
13.204967260360718,1.9088095703031127,-0.05937638035209647,0.14378704013423257,3.3500205597405834,5.462530507363377
13.225427150726318,1.9071658541042396,-0.05937638035209647,0.1411570931562695,3.3493630725513936,5.461215527899151
13.245832204818726,1.9101245432628144,-0.0603626106339899,0.1441157835061056,3.3496918161459246,5.462530507363377
13.265368700027466,1.9097958000228386,-0.05970512377929818,0.14641698710690304,3.3496918161459246,5.464502976567742
13.286421775817871,1.909138313542988,-0.06003386720659601,0.145759500364231,3.3503493033353715,5.462530507363377
13.305908918380737,1.9074945973439472,-0.05970512377929818,0.1441157835061056,3.3506780469302875,5.464174231699678
13.32595443725586,1.9078233405836886,-0.05970512377929818,0.1411570931562695,3.3500205597405834,5.463187997097095
13.345954418182373,1.908152083823463,-0.06233507120037307,0.1441157835061056,3.3506780469302875,5.463845486831883
13.365108728408813,1.909138313542988,-0.05937638035209647,0.1424720666459133,3.3510067905253322,5.463516741964355
13.385398387908936,1.908152083823463,-0.06069135406147996,0.14312955339023842,3.3510067905253322,5.464831721436072
13.405295133590698,1.909138313542988,-0.05970512377929818,0.14477327024960363,3.3503493033353715,5.464174231699678
13.425238609313965,1.9084808270632712,-0.05937638035209647,0.1441157835061056,3.3513355341205044,5.464502976567742
13.44497013092041,1.9078233405836886,-0.05904763692499085,0.14280081001811723,3.351664277715806,5.464502976567742
13.464476585388184,1.908152083823463,-0.05937638035209647,0.1411570931562695,3.3513355341205044,5.464502976567742
13.484993696212769,1.906837110864565,-0.05970512377929818,0.13984211966529983,3.3513355341205044,5.46516046630467
13.504658937454224,1.9078233405836886,-0.05970512377929818,0.13984211966529983,3.3510067905253322,5.464174231699678
13.524264097213745,1.909138313542988,-0.05937638035209647,0.13852714617300282,3.3513355341205044,5.466475445781738
13.544626712799072,1.908152083823463,-0.05937638035209647,0.13918463291931732,3.351664277715806,5.466146700912069
13.564741134643555,1.9074945973439472,-0.05937638035209647,0.1375409160529082,3.351664277715806,5.468447915005373
13.584253072738647,1.9094670567828966,-0.06003386720659601,0.13721217267937713,3.3506780469302875,5.465489211173535
13.60538101196289,1.9084808270632712,-0.05937638035209647,0.13556845581047447,3.3510067905253322,5.466475445781738
13.62491488456726,1.9074945973439472,-0.05937638035209647,0.1362259425582851,3.3510067905253322,5.465489211173535
13.644858121871948,1.9088095703031127,-0.0603626106339899,0.1352397124364443,3.3503493033353715,5.467461680392351
13.66496229171753,1.9084808270632712,-0.05937638035209647,0.1358971991844214,3.3500205597405834,5.466475445781738
13.684813737869263,1.9094670567828966,-0.05937638035209647,0.1362259425582851,3.3506780469302875,5.467132935521878
13.705017805099487,1.9078233405836886,-0.05937638035209647,0.13655468593206563,3.3503493033353715,5.466146700912069
13.724592208862305,1.9074945973439472,-0.0610200974890662,0.1335959955650442,3.3506780469302875,5.467132935521878
13.745006084442139,1.908152083823463,-0.05937638035209647,0.1352397124364443,3.3506780469302875,5.466804190651675
13.765475511550903,1.9097958000228386,-0.05904763692499085,0.1362259425582851,3.3503493033353715,5.465489211173535
13.78651237487793,1.9097958000228386,-0.058718893497981234,0.13688342930576294,3.3510067905253322,5.465489211173535
13.807121753692627,1.9078233405836886,-0.0610200974890662,0.13655468593206563,3.3506780469302875,5.46516046630467
13.82709550857544,1.909138313542988,-0.05970512377929818,0.12110374727409776,3.3503493033353715,5.466475445781738
13.84684133529663,1.9094670567828966,-0.05904763692499085,0.1309660485664678,3.349034328956991,5.46516046630467
13.867134094238281,1.908152083823463,-0.0610200974890662,0.13228102206642361,3.348705585362717,5.466475445781738
13.886711359024048,1.9084808270632712,-0.058718893497981234,0.14017086303816662,3.349034328956991,5.466475445781738
13.90508770942688,1.9078233405836886,-0.05970512377929818,0.1358971991844214,3.3483768417685713,5.465489211173535
13.92416763305664,1.9084808270632712,-0.06759496606101711,0.13392473893949086,3.3480480981745537,5.46516046630467
13.943676710128784,1.909138313542988,-0.05970512377929818,0.13228102206642361,3.3483768417685713,5.466475445781738
13.963679075241089,1.9101245432628144,-0.05970512377929818,0.1319522786915599,3.3483768417685713,5.467461680392351
13.983245134353638,1.9084808270632712,-0.05937638035209647,0.1299798184406238,3.3493630725513936,5.467132935521878
14.005233526229858,1.9078233405836886,-0.0603626106339899,0.131294791941582,3.3477193545806636,5.4658179560426685
14.025896549224854,1.9074945973439472,-0.06003386720659601,0.1335959955650442,3.3483768417685713,5.466146700912069
14.047896385192871,1.9088095703031127,-0.06134884091674858,0.1335959955650442,3.3480480981745537,5.467461680392351
14.069230556488037,1.908152083823463,-0.058718893497981234,0.13326725219051416,3.348705585362717,5.4658179560426685
14.09012770652771,1.9094670567828966,-0.0603626106339899,0.131294791941582,3.3480480981745537,5.469105404748728
14.11025595664978,1.909138313542988,-0.06003386720659601,0.1309660485664678,3.3480480981745537,5.466475445781738
14.131748676300049,1.9101245432628144,-0.05937638035209647,0.1316235353166127,3.3477193545806636,5.46779042526309
14.151886224746704,1.9101245432628144,-0.058718893497981234,0.1316235353166127,3.3480480981745537,5.466475445781738
14.172778129577637,1.906837110864565,-0.05904763692499085,0.13228102206642361,3.3473906109869027,5.467132935521878
14.192703247070312,1.909138313542988,-0.05970512377929818,0.13228102206642361,3.3477193545806636,5.466475445781738
14.213082790374756,1.9094670567828966,-0.05904763692499085,0.1319522786915599,3.3477193545806636,5.468119170134098
14.232656240463257,1.9097958000228386,-0.06003386720659601,0.131294791941582,3.3470618673932697,5.468119170134098
14.251874685287476,1.908152083823463,-0.05904763692499085,0.1316235353166127,3.346733123799765,5.468119170134098
14.272383689880371,1.908152083823463,-0.05904763692499085,0.1309660485664678,3.3477193545806636,5.46779042526309
14.291468143463135,1.9065083676249241,-0.05904763692499085,0.1345822256881342,3.3470618673932697,5.468119170134098
14.312190055847168,1.9088095703031127,-0.05904763692499085,0.1316235353166127,3.3473906109869027,5.468119170134098
14.331700325012207,1.9088095703031127,-0.05904763692499085,0.131294791941582,3.3477193545806636,5.466475445781738
14.350951671600342,1.9101245432628144,-0.05970512377929818,0.13063730519127004,3.3464043802063888,5.467132935521878
14.371685028076172,1.9094670567828966,-0.06003386720659601,0.11617259659953523,3.346733123799765,5.468447915005373
14.391548156738281,1.9084808270632712,-0.06693747920208587,0.1309660485664678,3.3470618673932697,5.469434149620806
14.411496639251709,1.908152083823463,-0.0603626106339899,0.1319522786915599,3.3460756366131403,5.469434149620806
14.432602643966675,1.9084808270632712,-0.05937638035209647,0.1309660485664678,3.3460756366131403,5.468447915005373
14.452798843383789,1.9088095703031127,-0.05904763692499085,0.1165013399784302,3.3464043802063888,5.467461680392351
14.472774982452393,1.9074945973439472,-0.05970512377929818,0.1319522786915599,3.346733123799765,5.466804190651675
14.49191951751709,1.9074945973439472,-0.05970512377929818,0.13293850881590075,3.3464043802063888,5.466804190651675
14.512776374816895,1.9101245432628144,-0.05937638035209647,0.13326725219051416,3.3473906109869027,5.468119170134098
14.53236985206604,1.9104532865028236,-0.05904763692499085,0.1326097654412039,3.346733123799765,5.46779042526309
14.552354335784912,1.909138313542988,-0.05937638035209647,0.1326097654412039,3.34574689302002,5.46779042526309
14.571354150772095,1.909138313542988,-0.058718893497981234,0.13326725219051416,3.3473906109869027,5.46779042526309
14.590867519378662,1.908152083823463,-0.06003386720659601,0.1335959955650442,3.3464043802063888,5.46779042526309
14.610074996948242,1.9078233405836886,-0.05970512377929818,0.13326725219051416,3.346733123799765,5.467461680392351
14.629642486572266,1.9074945973439472,-0.058718893497981234,0.13556845581047447,3.3460756366131403,5.468119170134098
14.649561882019043,1.9094670567828966,-0.05904763692499085,0.1362259425582851,3.3464043802063888,5.468447915005373
14.670578002929688,1.9097958000228386,-0.05937638035209647,0.1352397124364443,3.3470618673932697,5.46779042526309
14.692200183868408,1.9084808270632712,-0.05937638035209647,0.13852714617300282,3.346733123799765,5.46779042526309
14.713850021362305,1.911110772982943,-0.05937638035209647,0.13721217267937713,3.346733123799765,5.468776659876916
14.734961748123169,1.9084808270632712,-0.05970512377929818,0.13786965942635615,3.3477193545806636,5.468119170134098
14.756218910217285,1.9071658541042396,-0.06792370949062768,0.13984211966529983,3.3483768417685713,5.4700916393657675
14.777541875839233,1.9061796243853166,-0.05937638035209647,0.1404996064109505,3.348705585362717,5.468447915005373
14.799628257751465,1.909138313542988,-0.05839015007106768,0.13918463291931732,3.348705585362717,5.469434149620806
14.821888208389282,1.9071658541042396,-0.058718893497981234,0.1358971991844214,3.348705585362717,5.468119170134098
14.842589139938354,1.906837110864565,-0.05937638035209647,0.13918463291931732,3.348705585362717,5.469105404748728
14.865647315979004,1.9084808270632712,-0.058718893497981234,0.14082834978365144,3.349034328956991,5.469762894493153
14.888572454452515,1.909138313542988,-0.05904763692499085,0.14214332327362658,3.349034328956991,5.469762894493153
14.909491539001465,1.9074945973439472,-0.06069135406147996,0.14477327024960363,3.3500205597405834,5.4700916393657675
14.931070327758789,1.9094670567828966,-0.058718893497981234,0.1441157835061056,3.3496918161459246,5.4704203842386505
14.955078601837158,1.9097958000228386,-0.0603626106339899,0.14543075699277114,3.3493630725513936,5.47107787398522
14.977034330368042,1.911110772982943,-0.05904763692499085,0.14477327024960363,3.3513355341205044,5.4704203842386505
15.001343965530396,1.909138313542988,-0.058718893497981234,0.1441157835061056,3.351664277715806,5.470749129111802
15.024593591690063,1.9074945973439472,-0.058718893497981234,0.14444452687789594,3.351993021311236,5.472392853481575
15.048376321792603,1.911110772982943,-0.05937638035209647,0.14641698710690304,3.3536367392903133,5.471406618858906
15.070757389068604,1.909138313542988,-0.05937638035209647,0.15003316418570356,3.352650508502481,5.474365322734153
15.09445333480835,1.9074945973439472,-0.05904763692499085,0.1441157835061056,3.3523217649067942,5.472064108607085
15.117928504943848,1.9107820297428664,-0.05937638035209647,0.14477327024960363,3.3529792520982964,5.472721598356334
15.14096450805664,1.9074945973439472,-0.05904763692499085,0.14444452687789594,3.353307995694241,5.47370783298222
15.16296672821045,1.909138313542988,-0.05937638035209647,0.1467457304781153,3.3536367392903133,5.475022812487157
15.182837724685669,1.9107820297428664,-0.05839015007106768,0.14641698710690304,3.354294226482845,5.474036577858052
15.202857494354248,1.909138313542988,-0.05904763692499085,0.1467457304781153,3.353965482886515,5.474365322734153
15.222679615020752,1.911110772982943,-0.06069135406147996,0.14707447384924502,3.354622970079303,5.474036577858052
15.244183778762817,1.9094670567828966,-0.05904763692499085,0.14740321722029226,3.3549517136758906,5.474694067610521
15.264182806015015,1.9104532865028236,-0.058718893497981234,0.14707447384924502,3.3549517136758906,5.476337791996387
15.28369665145874,1.9107820297428664,-0.058718893497981234,0.145759500364231,3.355609200869451,5.474694067610521
15.304294109344482,1.909138313542988,-0.05839015007106768,0.1467457304781153,3.355609200869451,5.476666536874365
15.323751449584961,1.9088095703031127,-0.058718893497981234,0.1460882437356083,3.355609200869451,5.476009047118676
15.3443603515625,1.9104532865028236,-0.05937638035209647,0.14378704013423257,3.3552804572726065,5.477324026631126
15.364820003509521,1.9094670567828966,-0.0603626106339899,0.14477327024960363,3.3559379444664246,5.477324026631126
15.386418581008911,1.9101245432628144,-0.05839015007106768,0.14543075699277114,3.3559379444664246,5.477324026631126
15.406729221343994,1.9094670567828966,-0.05937638035209647,0.145759500364231,3.3552804572726065,5.477981516388961
15.426211595535278,1.9101245432628144,-0.058718893497981234,0.14510201362122868,3.3549517136758906,5.477981516388961
15.446747541427612,1.9097958000228386,-0.05937638035209647,0.14543075699277114,3.3552804572726065,5.477981516388961
15.466746807098389,1.909138313542988,-0.05904763692499085,0.14543075699277114,3.355609200869451,5.478310261268282
15.487545728683472,1.9084808270632712,-0.05937638035209647,0.14543075699277114,3.355609200869451,5.479296495907854
15.507833480834961,1.9094670567828966,-0.05937638035209647,0.14543075699277114,3.3559379444664246,5.478310261268282
15.528542757034302,1.9078233405836886,-0.05904763692499085,0.14641698710690304,3.355609200869451,5.4806114754310435
15.549878597259521,1.9107820297428664,-0.06134884091674858,0.14477327024960363,3.3559379444664246,5.479296495907854
15.571322917938232,1.9084808270632712,-0.05970512377929818,0.1460882437356083,3.3549517136758906,5.478967751027728
15.591920614242554,1.911110772982943,-0.05904763692499085,0.14641698710690304,3.3552804572726065,5.479296495907854
15.613391160964966,1.9084808270632712,-0.05937638035209647,0.14641698710690304,3.355609200869451,5.477981516388961
15.633251905441284,1.9097958000228386,-0.06134884091674858,0.1467457304781153,3.356266688063527,5.479296495907854
15.653774738311768,1.9088095703031127,-0.05904763692499085,0.14740321722029226,3.3559379444664246,5.479953985668912
15.674290180206299,1.9107820297428664,-0.05839015007106768,0.14773196059125704,3.355609200869451,5.480282730549843
15.694296598434448,1.9094670567828966,-0.05904763692499085,0.145759500364231,3.355609200869451,5.479296495907854
15.71529746055603,1.909138313542988,-0.05970512377929818,0.14740321722029226,3.356266688063527,5.479296495907854
15.734185695648193,1.908152083823463,-0.05904763692499085,0.14378704013423257,3.3565954316607582,5.477652771509909
15.75510287284851,1.9114395162230533,-0.05806140664425011,0.1467457304781153,3.356924175258118,5.482255199841075
15.77547287940979,1.9097958000228386,-0.05937638035209647,0.14740321722029226,3.356266688063527,5.480940220312513
15.795774221420288,1.9094670567828966,-0.05904763692499085,0.14707447384924502,3.3565954316607582,5.480282730549843
15.81628680229187,1.9104532865028236,-0.05904763692499085,0.14773196059125704,3.3565954316607582,5.480282730549843
15.836796998977661,1.9140694621451493,-0.05904763692499085,0.14740321722029226,3.356924175258118,5.479953985668912
15.85597014427185,1.9084808270632712,-0.0610200974890662,0.14773196059125704,3.356924175258118,5.482255199841075
15.875495195388794,1.908152083823463,-0.058718893497981234,0.14806070396213938,3.3565954316607582,5.481597710076256
15.896494626998901,1.9084808270632712,-0.058718893497981234,0.14773196059125704,3.3565954316607582,5.480940220312513
15.916058778762817,1.9107820297428664,-0.06003386720659601,0.14740321722029226,3.356924175258118,5.481926454958531
15.937029361724854,1.9120970027033748,-0.058718893497981234,0.145759500364231,3.3579104060509706,5.480940220312513
15.957029342651367,1.9097958000228386,-0.05904763692499085,0.14707447384924502,3.356924175258118,5.479625240788248
15.97677755355835,1.9114395162230533,-0.05937638035209647,0.145759500364231,3.3572529188556066,5.482255199841075
15.99696969985962,1.9074945973439472,-0.06003386720659601,0.1460882437356083,3.356924175258118,5.481926454958531
16.017055988311768,1.9114395162230533,-0.05904763692499085,0.14543075699277114,3.3565954316607582,5.481597710076256
16.036684274673462,1.9097958000228386,-0.05904763692499085,0.1467457304781153,3.356924175258118,5.4829126896069695
16.056689023971558,1.911110772982943,-0.058718893497981234,0.14773196059125704,3.3575816624532244,5.4825839447238875
16.075692653656006,1.9107820297428664,-0.058718893497981234,0.15101939429637448,3.3572529188556066,5.481926454958531
16.09521245956421,1.9078233405836886,-0.05937638035209647,0.14773196059125704,3.3572529188556066,5.481597710076256
16.115222215652466,1.9094670567828966,-0.05904763692499085,0.14838944733293932,3.3572529188556066,5.483570179373938
16.134323835372925,1.9104532865028236,-0.06003386720659601,0.14740321722029226,3.3579104060509706,5.483570179373938
16.155426740646362,1.9097958000228386,-0.058718893497981234,0.14904693407429204,3.3579104060509706,5.481597710076256
16.175024271011353,1.9088095703031127,-0.05904763692499085,0.14871819070365688,3.3575816624532244,5.481597710076256
16.195027112960815,1.9088095703031127,-0.05937638035209647,0.14871819070365688,3.3579104060509706,5.480282730549843
16.213428735733032,1.9104532865028236,-0.05806140664425011,0.14838944733293932,3.358567893246851,5.4829126896069695
16.232940673828125,1.909138313542988,-0.05904763692499085,0.14838944733293932,3.3582391496488464,5.483241434490319
16.252939462661743,1.9114395162230533,-0.05839015007106768,0.14871819070365688,3.3579104060509706,5.480940220312513
16.27605652809143,1.909138313542988,-0.058718893497981234,0.14937567744484487,3.358567893246851,5.481926454958531
16.30057978630066,1.9114395162230533,-0.05904763692499085,0.14970442081531538,3.3582391496488464,5.482255199841075
16.32419466972351,1.9097958000228386,-0.05904763692499085,0.15003316418570356,3.358567893246851,5.481926454958531
16.346810817718506,1.9097958000228386,-0.058718893497981234,0.14904693407429204,3.3588966368449835,5.483241434490319
16.37181329727173,1.909138313542988,-0.05839015007106768,0.14937567744484487,3.359554124041637,5.48126896519425
16.395800590515137,1.9078233405836886,-0.05904763692499085,0.15003316418570356,3.3598828676401573,5.4825839447238875
16.41942048072815,1.908152083823463,-0.058718893497981234,0.14970442081531538,3.359554124041637,5.4825839447238875
16.44394874572754,1.9084808270632712,-0.058718893497981234,0.14937567744484487,3.3598828676401573,5.481597710076256
16.468474626541138,1.9094670567828966,-0.05937638035209647,0.15036190755600945,3.3598828676401573,5.483570179373938
16.492941856384277,1.9071658541042396,-0.058718893497981234,0.14937567744484487,3.3598828676401573,5.4825839447238875
16.517269611358643,1.9120970027033748,-0.058718893497981234,0.15003316418570356,3.3598828676401573,5.4829126896069695
16.541114330291748,1.911110772982943,-0.05904763692499085,0.15101939429637448,3.3598828676401573,5.4825839447238875
16.56437063217163,1.9104532865028236,-0.058718893497981234,0.15101939429637448,3.3602116112388067,5.4829126896069695
16.588900566101074,1.911110772982943,-0.05904763692499085,0.1506906509262331,3.3602116112388067,5.481597710076256
16.613625049591064,1.9088095703031127,-0.05937638035209647,0.15036190755600945,3.3602116112388067,5.483241434490319
16.637027740478516,1.9094670567828966,-0.05970512377929818,0.1506906509262331,3.360869098436493,5.484556414026409
16.658124923706055,1.9101245432628144,-0.058718893497981234,0.14970442081531538,3.360869098436493,5.4829126896069695
16.67774200439453,1.911110772982943,-0.05904763692499085,0.15167688103641064,3.361197842035529,5.482255199841075
16.697179317474365,1.9120970027033748,-0.05904763692499085,0.13556845581047447,3.361197842035529,5.483898924257826
16.716803550720215,1.9104532865028236,-0.06003386720659601,0.15167688103641064,3.3621840728334136,5.482255199841075
16.736702919006348,1.9114395162230533,-0.06003386720659601,0.15101939429637448,3.360869098436493,5.484885158911102
16.755800485610962,1.9107820297428664,-0.058718893497981234,0.15101939429637448,3.361197842035529,5.483570179373938
16.774511575698853,1.9094670567828966,-0.05937638035209647,0.15134813766643368,3.361526585634695,5.483898924257826
16.79287576675415,1.9107820297428664,-0.05839015007106768,0.1506906509262331,3.361197842035529,5.4825839447238875
16.811914682388306,1.9101245432628144,-0.05937638035209647,0.15167688103641064,3.361197842035529,5.483570179373938
16.83140230178833,1.9104532865028236,-0.058718893497981234,0.15200562440630544,3.3621840728334136,5.483570179373938
16.85140299797058,1.9107820297428664,-0.05937638035209647,0.15167688103641064,3.3621840728334136,5.483570179373938
16.87240767478943,1.9104532865028236,-0.058718893497981234,0.15167688103641064,3.361526585634695,5.481926454958531
16.89415693283081,1.9094670567828966,-0.06069135406147996,0.15167688103641064,3.361197842035529,5.483241434490319
16.916539907455444,1.911110772982943,-0.05970512377929818,0.15233436777611808,3.3618553292339897,5.485213903796066
16.939229011535645,1.909138313542988,-0.06003386720659601,0.15167688103641064,3.3621840728334136,5.4829126896069695
16.959245681762695,1.9101245432628144,-0.05839015007106768,0.15101939429637448,3.3621840728334136,5.483570179373938
16.98178482055664,1.912425745943586,-0.05839015007106768,0.1526631111458486,3.3621840728334136,5.484556414026409
17.003788709640503,1.9104532865028236,-0.06397878834167287,0.15200562440630544,3.3625128164329663,5.483570179373938
17.0253803730011,1.9107820297428664,-0.05970512377929818,0.1526631111458486,3.361526585634695,5.483241434490319
17.047996997833252,1.9104532865028236,-0.058718893497981234,0.1533205978850633,3.361526585634695,5.483241434490319
17.07108426094055,1.912425745943586,-0.05773266321752854,0.15200562440630544,3.3621840728334136,5.484227669141983
17.09378147125244,1.909138313542988,-0.05904763692499085,0.15233436777611808,3.3628415600326487,5.481926454958531
17.11638593673706,1.912425745943586,-0.05773266321752854,0.15233436777611808,3.3625128164329663,5.484556414026409
17.139329195022583,1.9094670567828966,-0.058718893497981234,0.15299185451549702,3.3618553292339897,5.483241434490319
17.163334846496582,1.911110772982943,-0.058718893497981234,0.15167688103641064,3.3621840728334136,5.484227669141983
17.187964916229248,1.9114395162230533,-0.05839015007106768,0.1526631111458486,3.3625128164329663,5.484885158911102
17.21108913421631,1.9104532865028236,-0.058718893497981234,0.15134813766643368,3.3618553292339897,5.483570179373938
17.2331485748291,1.9107820297428664,-0.05839015007106768,0.15200562440630544,3.3625128164329663,5.485213903796066
17.254053831100464,1.912425745943586,-0.05806140664425011,0.15101939429637448,3.3618553292339897,5.483570179373938
17.27444362640381,1.9094670567828966,-0.05937638035209647,0.15134813766643368,3.3628415600326487,5.483898924257826
17.29491662979126,1.9097958000228386,-0.058718893497981234,0.15233436777611808,3.3621840728334136,5.483570179373938
17.316216945648193,1.9107820297428664,-0.05839015007106768,0.15101939429637448,3.3618553292339897,5.484556414026409
17.335876941680908,1.9104532865028236,-0.058718893497981234,0.15167688103641064,3.3618553292339897,5.484227669141983
17.35706663131714,1.9084808270632712,-0.05970512377929818,0.15200562440630544,3.3621840728334136,5.485213903796066
17.376787424087524,1.9094670567828966,-0.05839015007106768,0.15200562440630544,3.3618553292339897,5.485542648681299
17.39837074279785,1.9114395162230533,-0.05937638035209647,0.1526631111458486,3.3621840728334136,5.485213903796066
17.427311897277832,1.9097958000228386,-0.05806140664425011,0.1533205978850633,3.3621840728334136,5.486857628224919
17.461389303207397,1.909138313542988,-0.058718893497981234,0.15233436777611808,3.3628415600326487,5.4858713935668
17.492043018341064,1.9114395162230533,-0.05806140664425011,0.1533205978850633,3.3628415600326487,5.484885158911102
17.519612789154053,1.9120970027033748,-0.05806140664425011,0.15299185451549702,3.3628415600326487,5.484885158911102
17.53967833518982,1.9097958000228386,-0.05904763692499085,0.15299185451549702,3.3634990472324016,5.484227669141983
17.563191175460815,1.9097958000228386,-0.05839015007106768,0.15299185451549702,3.3625128164329663,5.4858713935668
17.583558082580566,1.9104532865028236,-0.05937638035209647,0.15397808462394974,3.3628415600326487,5.484556414026409
17.604631185531616,1.9114395162230533,-0.058718893497981234,0.15364934125454754,3.3634990472324016,5.484556414026409
17.624404907226562,1.9104532865028236,-0.05904763692499085,0.15364934125454754,3.3628415600326487,5.484556414026409
17.644548416137695,1.909138313542988,-0.05937638035209647,0.15397808462394974,3.3634990472324016,5.485213903796066
17.663854598999023,1.9104532865028236,-0.05904763692499085,0.15397808462394974,3.3631703036324607,5.485213903796066
17.683425188064575,1.9088095703031127,-0.05970512377929818,0.15364934125454754,3.3631703036324607,5.483241434490319
17.703744649887085,1.9101245432628144,-0.05773266321752854,0.15430682799326992,3.3628415600326487,5.484556414026409
17.72304105758667,1.9094670567828966,-0.06003386720659601,0.15463557136250808,3.3634990472324016,5.484885158911102
17.742314100265503,1.9104532865028236,-0.058718893497981234,0.15364934125454754,3.3625128164329663,5.484556414026409
17.7617130279541,1.9104532865028236,-0.05839015007106768,0.15364934125454754,3.3628415600326487,5.484556414026409
17.78209376335144,1.9107820297428664,-0.0603626106339899,0.15430682799326992,3.3628415600326487,5.4858713935668
17.802194595336914,1.9114395162230533,-0.05839015007106768,0.15463557136250808,3.3631703036324607,5.484556414026409
17.82235860824585,1.911110772982943,-0.05806140664425011,0.15364934125454754,3.3631703036324607,5.484885158911102
17.842567920684814,1.9088095703031127,-0.05904763692499085,0.15430682799326992,3.3634990472324016,5.485213903796066
17.86296558380127,1.9107820297428664,-0.05806140664425011,0.15496431473166428,3.3631703036324607,5.484556414026409
17.88210368156433,1.9107820297428664,-0.05839015007106768,0.15397808462394974,3.3638277908324716,5.484885158911102
17.901123523712158,1.9094670567828966,-0.05904763692499085,0.15364934125454754,3.3638277908324716,5.484885158911102
17.920637845993042,1.9097958000228386,-0.05806140664425011,0.15299185451549702,3.3628415600326487,5.484556414026409
17.94063425064087,1.9107820297428664,-0.05904763692499085,0.1526631111458486,3.364814021633457,5.484885158911102
17.959654569625854,1.9094670567828966,-0.05839015007106768,0.15299185451549702,3.3634990472324016,5.484227669141983
17.979660987854004,1.9101245432628144,-0.06562250548538201,0.15167688103641064,3.3631703036324607,5.485542648681299
17.999195337295532,1.911110772982943,-0.05937638035209647,0.15134813766643368,3.3638277908324716,5.4862001384525705
18.022488355636597,1.9107820297428664,-0.058718893497981234,0.15200562440630544,3.3631703036324607,5.484885158911102
18.043110847473145,1.9071658541042396,-0.058718893497981234,0.15167688103641064,3.3634990472324016,5.484885158911102
18.064184188842773,1.9117682594631973,-0.05839015007106768,0.15134813766643368,3.3638277908324716,5.483898924257826
18.086658000946045,1.9097958000228386,-0.058718893497981234,0.15233436777611808,3.3638277908324716,5.485213903796066
18.109955310821533,1.9084808270632712,-0.05904763692499085,0.15101939429637448,3.3638277908324716,5.4858713935668
18.132842779159546,1.9117682594631973,-0.05806140664425011,0.15200562440630544,3.3631703036324607,5.485542648681299
18.15630578994751,1.9097958000228386,-0.05904763692499085,0.1526631111458486,3.3634990472324016,5.487186373111496
18.178352117538452,1.9114395162230533,-0.06595124891441317,0.15299185451549702,3.364156534432671,5.485542648681299
18.198485851287842,1.9101245432628144,-0.058718893497981234,0.1533205978850633,3.3638277908324716,5.484556414026409
18.220745086669922,1.9140694621451493,-0.05904763692499085,0.1562792882074696,3.3628415600326487,5.488172607772843
18.238865613937378,1.9120970027033748,-0.05970512377929818,0.15397808462394974,3.364156534432671,5.4858713935668
18.257861852645874,1.9117682594631973,-0.05773266321752854,0.15397808462394974,3.3638277908324716,5.48652888333861
18.276946306228638,1.9094670567828966,-0.058718893497981234,0.15299185451549702,3.3644852780329995,5.487515117998343
18.29617691040039,1.9104532865028236,-0.05839015007106768,0.15364934125454754,3.3634990472324016,5.4858713935668
18.315685987472534,1.9114395162230533,-0.05904763692499085,0.15397808462394974,3.3638277908324716,5.487843862885458
18.334306716918945,1.9117682594631973,-0.05806140664425011,0.15233436777611808,3.3634990472324016,5.48652888333861
18.353303909301758,1.9107820297428664,-0.05806140664425011,0.15200562440630544,3.3638277908324716,5.485542648681299
18.37281560897827,1.911110772982943,-0.058718893497981234,0.15233436777611808,3.3638277908324716,5.4862001384525705
18.39181613922119,1.9088095703031127,-0.058718893497981234,0.15397808462394974,3.3634990472324016,5.4862001384525705
18.41030263900757,1.9104532865028236,-0.05904763692499085,0.1533205978850633,3.3638277908324716,5.485542648681299
18.430639028549194,1.911110772982943,-0.058718893497981234,0.15364934125454754,3.3634990472324016,5.4862001384525705
18.45203137397766,1.9094670567828966,-0.05904763692499085,0.15397808462394974,3.364156534432671,5.484885158911102
18.474946975708008,1.9107820297428664,-0.06003386720659601,0.15364934125454754,3.3634990472324016,5.4858713935668
18.49665117263794,1.9084808270632712,-0.057403919790902924,0.15496431473166428,3.364156534432671,5.485542648681299
18.519660234451294,1.9104532865028236,-0.05904763692499085,0.15364934125454754,3.3631703036324607,5.485542648681299
18.54215431213379,1.9120970027033748,-0.05904763692499085,0.15364934125454754,3.3638277908324716,5.4862001384525705
18.56415605545044,1.9097958000228386,-0.058718893497981234,0.15397808462394974,3.3634990472324016,5.485213903796066
18.58366298675537,1.9120970027033748,-0.05839015007106768,0.15364934125454754,3.3638277908324716,5.4862001384525705
18.604123830795288,1.9114395162230533,-0.05937638035209647,0.15364934125454754,3.364156534432671,5.4858713935668
18.625913619995117,1.9114395162230533,-0.05806140664425011,0.15364934125454754,3.3638277908324716,5.48652888333861
18.649911403656006,1.911110772982943,-0.058718893497981234,0.15430682799326992,3.3638277908324716,5.4858713935668
18.67193603515625,1.9101245432628144,-0.05839015007106768,0.15529305810073848,3.3638277908324716,5.485213903796066
18.69346785545349,1.9101245432628144,-0.05904763692499085,0.15233436777611808,3.3638277908324716,5.486857628224919
18.71499013900757,1.9107820297428664,-0.05937638035209647,0.15397808462394974,3.3634990472324016,5.48652888333861
18.73650336265564,1.9104532865028236,-0.05806140664425011,0.15463557136250808,3.364156534432671,5.48652888333861
18.758962631225586,1.9078233405836886,-0.058718893497981234,0.15364934125454754,3.3634990472324016,5.485213903796066
18.781464338302612,1.9143982053855633,-0.05937638035209647,0.15529305810073848,3.3638277908324716,5.4858713935668
18.803275108337402,1.9097958000228386,-0.058718893497981234,0.15430682799326992,3.364156534432671,5.485542648681299
18.824480533599854,1.909138313542988,-0.05839015007106768,0.15463557136250808,3.3638277908324716,5.487186373111496
18.845402717590332,1.9104532865028236,-0.05839015007106768,0.15496431473166428,3.3638277908324716,5.487186373111496
18.86554265022278,1.911110772982943,-0.05904763692499085,0.15430682799326992,3.3628415600326487,5.487186373111496
18.889081239700317,1.9097958000228386,-0.05904763692499085,0.15463557136250808,3.3638277908324716,5.485213903796066
18.908090353012085,1.9117682594631973,-0.05773266321752854,0.15430682799326992,3.364156534432671,5.4858713935668
18.927478790283203,1.911110772982943,-0.05904763692499085,0.15529305810073848,3.3638277908324716,5.4858713935668
18.946610927581787,1.9101245432628144,-0.058718893497981234,0.15496431473166428,3.3638277908324716,5.485542648681299
18.965757131576538,1.9104532865028236,-0.05839015007106768,0.15463557136250808,3.364156534432671,5.48652888333861
18.985277891159058,1.9120970027033748,-0.05839015007106768,0.15364934125454754,3.364156534432671,5.4858713935668
19.004281997680664,1.9101245432628144,-0.05806140664425011,0.15496431473166428,3.3634990472324016,5.48652888333861
19.023330688476562,1.911110772982943,-0.05839015007106768,0.15430682799326992,3.3638277908324716,5.48652888333861
19.043591022491455,1.909138313542988,-0.05839015007106768,0.15397808462394974,3.364156534432671,5.487186373111496
19.065192937850952,1.9104532865028236,-0.05839015007106768,0.15397808462394974,3.3644852780329995,5.48652888333861
19.087236881256104,1.911110772982943,-0.05839015007106768,0.15430682799326992,3.3644852780329995,5.4862001384525705
19.111456394195557,1.9097958000228386,-0.058718893497981234,0.15463557136250808,3.3638277908324716,5.4858713935668
19.131964921951294,1.9104532865028236,-0.05970512377929818,0.1533205978850633,3.3631703036324607,5.485542648681299
19.15208601951599,1.9097958000228386,-0.05937638035209647,0.15430682799326992,3.3634990472324016,5.4858713935668
19.175187826156616,1.9094670567828966,-0.05839015007106768,0.15299185451549702,3.365142765234045,5.485542648681299
19.196704387664795,1.909138313542988,-0.05839015007106768,0.15200562440630544,3.3638277908324716,5.4862001384525705
19.216843605041504,1.9127544891838313,-0.05839015007106768,0.1506906509262331,3.3634990472324016,5.4858713935668
19.237533807754517,1.9088095703031127,-0.058718893497981234,0.14707447384924502,3.364156534432671,5.4858713935668
19.26062774658203,1.9120970027033748,-0.05904763692499085,0.14707447384924502,3.3634990472324016,5.4858713935668
19.282649517059326,1.9101245432628144,-0.05904763692499085,0.14543075699277114,3.3628415600326487,5.4862001384525705
19.30365300178528,1.9107820297428664,-0.05839015007106768,0.14510201362122868,3.3618553292339897,5.4862001384525705
19.325639963150024,1.9097958000228386,-0.05904763692499085,0.14510201362122868,3.361197842035529,5.485213903796066
19.346081256866455,1.9097958000228386,-0.05806140664425011,0.14543075699277114,3.3605403548375854,5.484885158911102
19.367164373397827,1.9107820297428664,-0.05839015007106768,0.1441157835061056,3.3598828676401573,5.484556414026409
19.39060878753662,1.9104532865028236,-0.058718893497981234,0.14312955339023842,3.359554124041637,5.485213903796066
19.410853385925293,1.9104532865028236,-0.05904763692499085,0.1441157835061056,3.3598828676401573,5.483898924257826
19.430760860443115,1.9114395162230533,-0.05904763692499085,0.14345829676227684,3.360869098436493,5.484556414026409
19.453455448150635,1.9104532865028236,-0.05806140664425011,0.14345829676227684,3.3605403548375854,5.485542648681299
19.47349452972412,1.9101245432628144,-0.05839015007106768,0.14181457990125707,3.3598828676401573,5.485213903796066
19.495028495788574,1.911110772982943,-0.05773266321752854,0.14181457990125707,3.360869098436493,5.483898924257826
19.51498246192932,1.912425745943586,-0.05904763692499085,0.14181457990125707,3.3588966368449835,5.484556414026409
19.534513473510742,1.9107820297428664,-0.05806140664425011,0.14082834978365144,3.358567893246851,5.484885158911102
19.55351185798645,1.9107820297428664,-0.05773266321752854,0.14017086303816662,3.358567893246851,5.484556414026409
19.57202434539795,1.9097958000228386,-0.0603626106339899,0.14082834978365144,3.3579104060509706,5.4858713935668
19.592171907424927,1.9104532865028236,-0.05806140664425011,0.13984211966529983,3.3588966368449835,5.485213903796066
19.610179901123047,1.9101245432628144,-0.058718893497981234,0.14148583652880473,3.3575816624532244,5.484885158911102
19.62982702255249,1.9101245432628144,-0.05839015007106768,0.1411570931562695,3.3575816624532244,5.485542648681299
19.64885640144348,1.909138313542988,-0.058718893497981234,0.13984211966529983,3.3582391496488464,5.484885158911102
19.6690776348114,1.9107820297428664,-0.05806140664425011,0.13951337629235006,3.3572529188556066,5.484227669141983
19.68775725364685,1.9097958000228386,-0.06003386720659601,0.14017086303816662,3.3575816624532244,5.484885158911102
19.70779514312744,1.9088095703031127,-0.05839015007106768,0.13918463291931732,3.3575816624532244,5.4858713935668
19.72900390625,1.9097958000228386,-0.05773266321752854,0.13984211966529983,3.356924175258118,5.48652888333861
19.752002716064453,1.9104532865028236,-0.05806140664425011,0.14017086303816662,3.3572529188556066,5.484885158911102
19.77551579475403,1.9107820297428664,-0.05970512377929818,0.1404996064109505,3.356924175258118,5.484227669141983
19.79752779006958,1.9097958000228386,-0.05806140664425011,0.13918463291931732,3.3552804572726065,5.4862001384525705
19.819727897644043,1.9104532865028236,-0.06069135406147996,0.13918463291931732,3.3552804572726065,5.4858713935668
19.842155694961548,1.9104532865028236,-0.05839015007106768,0.13984211966529983,3.3559379444664246,5.484885158911102
19.863067388534546,1.909138313542988,-0.058718893497981234,0.13951337629235006,3.355609200869451,5.4862001384525705
19.884602785110474,1.909138313542988,-0.0603626106339899,0.13918463291931732,3.355609200869451,5.4858713935668
19.906944036483765,1.9088095703031127,-0.05904763692499085,0.13951337629235006,3.355609200869451,5.485542648681299
19.930742502212524,1.909138313542988,-0.05904763692499085,0.14017086303816662,3.355609200869451,5.484227669141983
19.953839778900146,1.909138313542988,-0.058718893497981234,0.13951337629235006,3.3559379444664246,5.485542648681299
19.978511333465576,1.9107820297428664,-0.05904763692499085,0.13984211966529983,3.3552804572726065,5.484227669141983
20.001070022583008,1.9097958000228386,-0.058718893497981234,0.13852714617300282,3.354622970079303,5.484556414026409
20.02347183227539,1.9107820297428664,-0.05904763692499085,0.13918463291931732,3.3549517136758906,5.484556414026409
20.045523166656494,1.9088095703031127,-0.05806140664425011,0.13918463291931732,3.3549517136758906,5.485213903796066
20.067041873931885,1.9094670567828966,-0.058718893497981234,0.13918463291931732,3.3549517136758906,5.4858713935668
20.088154077529907,1.9097958000228386,-0.05773266321752854,0.1388558895462016,3.3552804572726065,5.483898924257826
20.109249114990234,1.909138313542988,-0.05806140664425011,0.13721217267937713,3.354622970079303,5.485542648681299
20.131344318389893,1.9094670567828966,-0.05970512377929818,0.13918463291931732,3.354622970079303,5.485213903796066
20.15184473991394,1.9097958000228386,-0.05839015007106768,0.13951337629235006,3.3549517136758906,5.484885158911102
20.173750162124634,1.9107820297428664,-0.05839015007106768,0.138198402799721,3.354622970079303,5.483898924257826
20.196009635925293,1.9084808270632712,-0.05839015007106768,0.13951337629235006,3.354294226482845,5.484227669141983
20.21520709991455,1.9097958000228386,-0.058718893497981234,0.13918463291931732,3.3536367392903133,5.484556414026409
20.23433017730713,1.9104532865028236,-0.06069135406147996,0.1388558895462016,3.354622970079303,5.484227669141983
20.252331972122192,1.9101245432628144,-0.05839015007106768,0.1388558895462016,3.354294226482845,5.483898924257826
20.271650552749634,1.9088095703031127,-0.05937638035209647,0.1388558895462016,3.354294226482845,5.483898924257826
20.29065251350403,1.9097958000228386,-0.05937638035209647,0.13852714617300282,3.354294226482845,5.484227669141983
20.30967664718628,1.9107820297428664,-0.05806140664425011,0.14312955339023842,3.354622970079303,5.484556414026409
20.329217433929443,1.9094670567828966,-0.05839015007106768,0.138198402799721,3.353965482886515,5.483898924257826
20.34821891784668,1.9084808270632712,-0.05839015007106768,0.1388558895462016,3.354294226482845,5.484227669141983
20.36721682548523,1.9097958000228386,-0.05806140664425011,0.1388558895462016,3.354294226482845,5.484556414026409
20.386793613433838,1.9104532865028236,-0.058718893497981234,0.1375409160529082,3.354294226482845,5.484885158911102
20.406780242919922,1.9104532865028236,-0.05773266321752854,0.13852714617300282,3.3536367392903133,5.485542648681299
20.42728567123413,1.9094670567828966,-0.05839015007106768,0.13852714617300282,3.353965482886515,5.483241434490319
20.449376106262207,1.9101245432628144,-0.05806140664425011,0.13852714617300282,3.3536367392903133,5.484556414026409
20.468465328216553,1.9097958000228386,-0.05970512377929818,0.13721217267937713,3.3536367392903133,5.484556414026409
20.48897409439087,1.9104532865028236,-0.05806140664425011,0.13786965942635615,3.3529792520982964,5.484556414026409
20.510592222213745,1.9088095703031127,-0.06726622263150323,0.13852714617300282,3.354294226482845,5.485213903796066
20.53218364715576,1.911110772982943,-0.05970512377929818,0.1388558895462016,3.353965482886515,5.484885158911102
20.55325961112976,1.9097958000228386,-0.05839015007106768,0.13852714617300282,3.3536367392903133,5.484227669141983
20.573864936828613,1.909138313542988,-0.05904763692499085,0.13951337629235006,3.353307995694241,5.485213903796066
20.594792127609253,1.9104532865028236,-0.05806140664425011,0.14181457990125707,3.3536367392903133,5.483898924257826
20.61632800102234,1.911110772982943,-0.05806140664425011,0.1362259425582851,3.353307995694241,5.484556414026409
20.639479398727417,1.9114395162230533,-0.05806140664425011,0.14082834978365144,3.3536367392903133,5.484227669141983
20.66203260421753,1.9084808270632712,-0.058718893497981234,0.14082834978365144,3.3536367392903133,5.484556414026409
20.68653440475464,1.9104532865028236,-0.058718893497981234,0.1404996064109505,3.353307995694241,5.484227669141983
20.707552671432495,1.9107820297428664,-0.05839015007106768,0.14017086303816662,3.3529792520982964,5.484556414026409
20.730783462524414,1.909138313542988,-0.06726622263150323,0.14017086303816662,3.3529792520982964,5.483898924257826
20.754777669906616,1.9094670567828966,-0.05839015007106768,0.1411570931562695,3.3536367392903133,5.483241434490319
20.77531409263611,1.909138313542988,-0.05773266321752854,0.1411570931562695,3.3529792520982964,5.484556414026409
20.797682523727417,1.911110772982943,-0.05839015007106768,0.1404996064109505,3.354294226482845,5.483898924257826
20.817243337631226,1.911110772982943,-0.05806140664425011,0.14017086303816662,3.3529792520982964,5.483241434490319
20.836653470993042,1.9107820297428664,-0.05839015007106768,0.14148583652880473,3.353307995694241,5.483898924257826
20.855931997299194,1.9101245432628144,-0.05839015007106768,0.1411570931562695,3.353307995694241,5.482255199841075
20.87593126296997,1.911110772982943,-0.05806140664425011,0.14181457990125707,3.353965482886515,5.484556414026409
20.89433789253235,1.911110772982943,-0.058718893497981234,0.14181457990125707,3.3529792520982964,5.483570179373938
20.913395404815674,1.9104532865028236,-0.05904763692499085,0.1411570931562695,3.3536367392903133,5.485213903796066
20.933024883270264,1.9101245432628144,-0.058718893497981234,0.1441157835061056,3.3536367392903133,5.483898924257826
20.952043294906616,1.9104532865028236,-0.05839015007106768,0.1404996064109505,3.3529792520982964,5.485213903796066
20.972558975219727,1.9104532865028236,-0.05970512377929818,0.13918463291931732,3.3536367392903133,5.4829126896069695
20.99258255958557,1.9078233405836886,-0.058718893497981234,0.14082834978365144,3.353965482886515,5.484227669141983
21.014323472976685,1.9104532865028236,-0.05839015007106768,0.13984211966529983,3.353965482886515,5.485542648681299
21.034969806671143,1.909138313542988,-0.05904763692499085,0.13984211966529983,3.3536367392903133,5.484556414026409
21.056997299194336,1.9094670567828966,-0.05806140664425011,0.14017086303816662,3.353307995694241,5.484556414026409
21.077099800109863,1.908152083823463,-0.05839015007106768,0.14017086303816662,3.3536367392903133,5.484885158911102
21.098102807998657,1.9104532865028236,-0.05839015007106768,0.13984211966529983,3.3529792520982964,5.482255199841075
21.120092391967773,1.9101245432628144,-0.06003386720659601,0.1358971991844214,3.3536367392903133,5.483570179373938
21.14139199256897,1.911110772982943,-0.05806140664425011,0.13786965942635615,3.3536367392903133,5.483570179373938
21.161375045776367,1.9097958000228386,-0.05806140664425011,0.13951337629235006,3.3536367392903133,5.485213903796066
21.18391442298889,1.9094670567828966,-0.058718893497981234,0.1388558895462016,3.353307995694241,5.483570179373938
21.20394539833069,1.9107820297428664,-0.058718893497981234,0.13852714617300282,3.354294226482845,5.484227669141983
21.224758863449097,1.9114395162230533,-0.058718893497981234,0.13852714617300282,3.353307995694241,5.484556414026409
21.244762897491455,1.9094670567828966,-0.05839015007106768,0.1388558895462016,3.3529792520982964,5.483241434490319
21.26830244064331,1.9097958000228386,-0.05970512377929818,0.13852714617300282,3.352650508502481,5.483570179373938
21.290415287017822,1.9094670567828966,-0.05773266321752854,0.1375409160529082,3.3529792520982964,5.483898924257826
21.312320947647095,1.9104532865028236,-0.05839015007106768,0.13852714617300282,3.3523217649067942,5.481597710076256
21.33440589904785,1.9104532865028236,-0.05773266321752854,0.138198402799721,3.3523217649067942,5.481597710076256
21.3534255027771,1.9094670567828966,-0.05904763692499085,0.13556845581047447,3.3513355341205044,5.478639006147871
21.37540578842163,1.9084808270632712,-0.05806140664425011,0.1375409160529082,3.3506780469302875,5.479296495907854
21.394394874572754,1.909138313542988,-0.058718893497981234,0.13786965942635615,3.3493630725513936,5.478967751027728
21.412418127059937,1.9084808270632712,-0.05839015007106768,0.13918463291931732,3.349034328956991,5.478310261268282
21.431946277618408,1.9104532865028236,-0.05839015007106768,0.14017086303816662,3.349034328956991,5.479296495907854
21.450963020324707,1.9097958000228386,-0.05806140664425011,0.13951337629235006,3.3493630725513936,5.478310261268282
21.47044849395752,1.909138313542988,-0.05839015007106768,0.13721217267937713,3.3496918161459246,5.4806114754310435
21.48947262763977,1.909138313542988,-0.05970512377929818,0.1375409160529082,3.349034328956991,5.478310261268282
21.509476900100708,1.909138313542988,-0.058718893497981234,0.13688342930576294,3.348705585362717,5.479625240788248
21.52931571006775,1.9097958000228386,-0.05806140664425011,0.13556845581047447,3.3483768417685713,5.4806114754310435
21.55044150352478,1.909138313542988,-0.05839015007106768,0.13655468593206563,3.3473906109869027,5.480940220312513
21.57346224784851,1.909138313542988,-0.05839015007106768,0.13688342930576294,3.3464043802063888,5.484556414026409
21.59619116783142,1.9094670567828966,-0.058718893497981234,0.13786965942635615,3.346733123799765,5.485213903796066
21.617777109146118,1.91308323242411,-0.05806140664425011,0.13655468593206563,3.3460756366131403,5.483898924257826
21.63934087753296,1.9088095703031127,-0.05806140664425011,0.1388558895462016,3.345418149427028,5.484885158911102
21.66034746170044,1.9088095703031127,-0.05970512377929818,0.13721217267937713,3.34574689302002,5.4862001384525705
21.682878732681274,1.9078233405836886,-0.05904763692499085,0.1375409160529082,3.345418149427028,5.485542648681299
21.704001426696777,1.9088095703031127,-0.05806140664425011,0.13688342930576294,3.345418149427028,5.484556414026409
21.72365164756775,1.9094670567828966,-0.05773266321752854,0.1375409160529082,3.345089405834164,5.4825839447238875
21.74463391304016,1.9084808270632712,-0.05806140664425011,0.13852714617300282,3.345089405834164,5.484227669141983
21.765650749206543,1.909138313542988,-0.058718893497981234,0.13786965942635615,3.3460756366131403,5.483570179373938
21.78640365600586,1.9114395162230533,-0.05806140664425011,0.13852714617300282,3.3460756366131403,5.483241434490319
21.80666470527649,1.9097958000228386,-0.05904763692499085,0.13918463291931732,3.345418149427028,5.483241434490319
21.82622194290161,1.9088095703031127,-0.05839015007106768,0.14017086303816662,3.345089405834164,5.481926454958531
21.84873938560486,1.9094670567828966,-0.05839015007106768,0.14017086303816662,3.34574689302002,5.4829126896069695
21.871714115142822,1.9104532865028236,-0.058718893497981234,0.13984211966529983,3.345418149427028,5.483241434490319
21.89446759223938,1.909138313542988,-0.05773266321752854,0.13852714617300282,3.345418149427028,5.481926454958531
21.917041301727295,1.909138313542988,-0.06003386720659601,0.1358971991844214,3.34574689302002,5.4825839447238875
21.937072038650513,1.9120970027033748,-0.05806140664425011,0.13655468593206563,3.3464043802063888,5.4829126896069695
21.95906972885132,1.908152083823463,-0.058718893497981234,0.13721217267937713,3.345418149427028,5.4825839447238875
21.98112988471985,1.9097958000228386,-0.05904763692499085,0.13688342930576294,3.345089405834164,5.481926454958531
22.000158309936523,1.9107820297428664,-0.05806140664425011,0.1362259425582851,3.345089405834164,5.4829126896069695
22.019691467285156,1.9088095703031127,-0.05839015007106768,0.13688342930576294,3.3444319186488194,5.4825839447238875
22.037995100021362,1.9097958000228386,-0.05937638035209647,0.13655468593206563,3.3444319186488194,5.483898924257826
22.057427883148193,1.909138313542988,-0.05839015007106768,0.13721217267937713,3.343445687871764,5.483898924257826
22.076672792434692,1.9104532865028236,-0.05806140664425011,0.1375409160529082,3.3441031750563397,5.484556414026409
22.09578227996826,1.9088095703031127,-0.05839015007106768,0.13852714617300282,3.344760662241428,5.484556414026409
22.114312171936035,1.9084808270632712,-0.05839015007106768,0.13951337629235006,3.344760662241428,5.484556414026409
22.133840084075928,1.9088095703031127,-0.05904763692499085,0.1411570931562695,3.343774431463988,5.4829126896069695
22.15285849571228,1.9101245432628144,-0.05773266321752854,0.14148583652880473,3.3444319186488194,5.481926454958531
22.172462701797485,1.909138313542988,-0.05806140664425011,0.14312955339023842,3.3441031750563397,5.483241434490319
22.195481538772583,1.9097958000228386,-0.05839015007106768,0.14378704013423257,3.3444319186488194,5.4806114754310435
22.21874976158142,1.9094670567828966,-0.05806140664425011,0.14181457990125707,3.344760662241428,5.481926454958531
22.241051197052002,1.9094670567828966,-0.05904763692499085,0.14181457990125707,3.3441031750563397,5.479296495907854
22.26306176185608,1.908152083823463,-0.058718893497981234,0.14280081001811723,3.344760662241428,5.4829126896069695
22.28360652923584,1.909138313542988,-0.05839015007106768,0.14148583652880473,3.3444319186488194,5.481926454958531
22.303600311279297,1.909138313542988,-0.05773266321752854,0.13918463291931732,3.344760662241428,5.480940220312513
22.326508045196533,1.9088095703031127,-0.05839015007106768,0.14082834978365144,3.343445687871764,5.479625240788248
22.35007381439209,1.9084808270632712,-0.058718893497981234,0.14017086303816662,3.3441031750563397,5.482255199841075
22.373229265213013,1.9088095703031127,-0.05806140664425011,0.13984211966529983,3.343774431463988,5.483241434490319
22.395751953125,1.908152083823463,-0.058718893497981234,0.1404996064109505,3.3441031750563397,5.4829126896069695
22.418036699295044,1.9084808270632712,-0.05806140664425011,0.13951337629235006,3.3441031750563397,5.4825839447238875
22.440597772598267,1.9094670567828966,-0.05806140664425011,0.14017086303816662,3.344760662241428,5.483570179373938
22.463600873947144,1.9088095703031127,-0.05773266321752854,0.14017086303816662,3.3444319186488194,5.4825839447238875
22.487126111984253,1.909138313542988,-0.05937638035209647,0.1404996064109505,3.3441031750563397,5.485542648681299
22.51117968559265,1.9088095703031127,-0.05806140664425011,0.14148583652880473,3.3441031750563397,5.481926454958531
22.53547716140747,1.9101245432628144,-0.05806140664425011,0.14082834978365144,3.344760662241428,5.482255199841075
22.557891607284546,1.9094670567828966,-0.05806140664425011,0.14214332327362658,3.3444319186488194,5.481926454958531
22.578989028930664,1.908152083823463,-0.058718893497981234,0.1424720666459133,3.3444319186488194,5.481926454958531
22.599005937576294,1.908152083823463,-0.05839015007106768,0.14214332327362658,3.3444319186488194,5.4829126896069695
22.618178844451904,1.908152083823463,-0.058718893497981234,0.1424720666459133,3.344760662241428,5.483570179373938
22.637746572494507,1.9097958000228386,-0.05806140664425011,0.14312955339023842,3.3444319186488194,5.483570179373938
22.656745433807373,1.9104532865028236,-0.05806140664425011,0.14312955339023842,3.344760662241428,5.483898924257826
22.67525362968445,1.908152083823463,-0.05904763692499085,0.1441157835061056,3.344760662241428,5.4829126896069695
22.694254398345947,1.909138313542988,-0.058718893497981234,0.14477327024960363,3.3444319186488194,5.4829126896069695
22.71397876739502,1.9097958000228386,-0.05937638035209647,0.14477327024960363,3.345089405834164,5.4825839447238875
22.73249340057373,1.909138313542988,-0.05839015007106768,0.14444452687789594,3.345089405834164,5.482255199841075
22.751495361328125,1.9097958000228386,-0.05773266321752854,0.14510201362122868,3.344760662241428,5.480940220312513
22.77102565765381,1.9084808270632712,-0.05773266321752854,0.145759500364231,3.345089405834164,5.4829126896069695
22.79310655593872,1.9094670567828966,-0.05904763692499085,0.145759500364231,3.345418149427028,5.481926454958531
22.814658880233765,1.9088095703031127,-0.058718893497981234,0.1467457304781153,3.345089405834164,5.483241434490319
22.835192441940308,1.9104532865028236,-0.05970512377929818,0.1467457304781153,3.345089405834164,5.483570179373938
22.854716300964355,1.9088095703031127,-0.05937638035209647,0.14707447384924502,3.345418149427028,5.481926454958531
22.874727249145508,1.9097958000228386,-0.05839015007106768,0.14707447384924502,3.345089405834164,5.483898924257826
22.89433217048645,1.909138313542988,-0.05970512377929818,0.14740321722029226,3.345089405834164,5.483241434490319
22.91457986831665,1.9094670567828966,-0.05839015007106768,0.14707447384924502,3.345418149427028,5.4825839447238875
22.93592882156372,1.911110772982943,-0.05773266321752854,0.14806070396213938,3.3460756366131403,5.4829126896069695
22.957638263702393,1.9104532865028236,-0.058718893497981234,0.14871819070365688,3.3460756366131403,5.4829126896069695
22.979145288467407,1.9094670567828966,-0.05839015007106768,0.14806070396213938,3.3460756366131403,5.484885158911102
22.999666452407837,1.9074945973439472,-0.058718893497981234,0.14871819070365688,3.3460756366131403,5.483241434490319
23.020185947418213,1.9088095703031127,-0.05839015007106768,0.14904693407429204,3.3464043802063888,5.484227669141983
23.04303240776062,1.9088095703031127,-0.05839015007106768,0.14970442081531538,3.3470618673932697,5.483898924257826
23.064310550689697,1.9134119756644223,-0.05806140664425011,0.14970442081531538,3.3473906109869027,5.4825839447238875
23.086009979248047,1.9097958000228386,-0.05839015007106768,0.14970442081531538,3.3473906109869027,5.4829126896069695
23.109028339385986,1.9088095703031127,-0.05839015007106768,0.15003316418570356,3.3477193545806636,5.48126896519425
23.133362770080566,1.9104532865028236,-0.05773266321752854,0.15003316418570356,3.3477193545806636,5.483241434490319
23.156947135925293,1.9094670567828966,-0.05773266321752854,0.14970442081531538,3.3470618673932697,5.483570179373938
23.181281805038452,1.909138313542988,-0.058718893497981234,0.14838944733293932,3.3470618673932697,5.4829126896069695
23.204387664794922,1.9101245432628144,-0.05839015007106768,0.14806070396213938,3.3470618673932697,5.483241434490319
23.22928237915039,1.9097958000228386,-0.05904763692499085,0.14838944733293932,3.3483768417685713,5.484885158911102
23.253278493881226,1.9104532865028236,-0.058718893497981234,0.14641698710690304,3.3470618673932697,5.484227669141983
23.272358655929565,1.9088095703031127,-0.058718893497981234,0.145759500364231,3.3477193545806636,5.483241434490319
23.290866374969482,1.909138313542988,-0.05806140664425011,0.14806070396213938,3.3480480981745537,5.484556414026409
23.31010389328003,1.9084808270632712,-0.058718893497981234,0.14838944733293932,3.3477193545806636,5.483898924257826
23.329123973846436,1.9097958000228386,-0.05839015007106768,0.14740321722029226,3.3477193545806636,5.484556414026409
23.34812593460083,1.9104532865028236,-0.05773266321752854,0.14838944733293932,3.3477193545806636,5.483570179373938
23.36740779876709,1.9084808270632712,-0.05970512377929818,0.14806070396213938,3.3480480981745537,5.484556414026409
23.386436939239502,1.9097958000228386,-0.05806140664425011,0.14740321722029226,3.3477193545806636,5.484227669141983
23.405421495437622,1.9107820297428664,-0.0603626106339899,0.14740321722029226,3.348705585362717,5.484556414026409
23.424647331237793,1.9094670567828966,-0.05839015007106768,0.14838944733293932,3.3470618673932697,5.4829126896069695
23.446863651275635,1.909138313542988,-0.05839015007106768,0.14806070396213938,3.3480480981745537,5.484227669141983
23.47039556503296,1.9101245432628144,-0.057403919790902924,0.14806070396213938,3.3477193545806636,5.484556414026409
23.49189591407776,1.9107820297428664,-0.05839015007106768,0.14773196059125704,3.3483768417685713,5.482255199841075
23.513458013534546,1.9097958000228386,-0.058718893497981234,0.14477327024960363,3.3477193545806636,5.483241434490319
23.536796808242798,1.9094670567828966,-0.06496501862760906,0.1467457304781153,3.3477193545806636,5.4829126896069695
23.55916166305542,1.9088095703031127,-0.058718893497981234,0.1467457304781153,3.3477193545806636,5.483570179373938
23.580682516098022,1.9104532865028236,-0.05806140664425011,0.1460882437356083,3.3477193545806636,5.483570179373938
23.60230278968811,1.9097958000228386,-0.05806140664425011,0.14641698710690304,3.3480480981745537,5.483241434490319
23.623432636260986,1.908152083823463,-0.05806140664425011,0.145759500364231,3.3477193545806636,5.484885158911102
23.6452956199646,1.9084808270632712,-0.05970512377929818,0.14477327024960363,3.3483768417685713,5.483898924257826
23.66799831390381,1.9101245432628144,-0.05839015007106768,0.14641698710690304,3.3473906109869027,5.4825839447238875
23.689544677734375,1.9104532865028236,-0.05806140664425011,0.145759500364231,3.3477193545806636,5.482255199841075
23.712082624435425,1.909138313542988,-0.05806140664425011,0.14510201362122868,3.3483768417685713,5.483241434490319
23.73188090324402,1.911110772982943,-0.05904763692499085,0.14641698710690304,3.3480480981745537,5.4825839447238875
23.754882335662842,1.9097958000228386,-0.05839015007106768,0.14707447384924502,3.3473906109869027,5.483570179373938
23.778400182724,1.9078233405836886,-0.05806140664425011,0.14543075699277114,3.3480480981745537,5.484556414026409
23.799407243728638,1.9088095703031127,-0.05773266321752854,0.145759500364231,3.348705585362717,5.483898924257826
23.820485830307007,1.9097958000228386,-0.05839015007106768,0.14970442081531538,3.3473906109869027,5.484227669141983
23.840667724609375,1.9084808270632712,-0.05806140664425011,0.1467457304781153,3.3480480981745537,5.483570179373938
23.862026929855347,1.908152083823463,-0.058718893497981234,0.14740321722029226,3.3470618673932697,5.483241434490319
23.883450269699097,1.909138313542988,-0.05773266321752854,0.14641698710690304,3.3470618673932697,5.485213903796066
23.90245294570923,1.9088095703031127,-0.05806140664425011,0.1460882437356083,3.3477193545806636,5.482255199841075
23.921634197235107,1.9088095703031127,-0.05806140664425011,0.14740321722029226,3.3477193545806636,5.483898924257826
23.940635681152344,1.9097958000228386,-0.05839015007106768,0.14740321722029226,3.3477193545806636,5.483898924257826
23.95944833755493,1.9097958000228386,-0.05806140664425011,0.14641698710690304,3.3477193545806636,5.483241434490319
23.97847318649292,1.909138313542988,-0.058718893497981234,0.14641698710690304,3.3480480981745537,5.4829126896069695
23.99747657775879,1.9094670567828966,-0.05773266321752854,0.14707447384924502,3.3477193545806636,5.484556414026409
24.017059803009033,1.9097958000228386,-0.058718893497981234,0.14641698710690304,3.3480480981745537,5.481926454958531
24.035568237304688,1.9101245432628144,-0.05806140664425011,0.14707447384924502,3.3483768417685713,5.483241434490319
24.05467963218689,1.9104532865028236,-0.05937638035209647,0.14707447384924502,3.3470618673932697,5.482255199841075
24.075223445892334,1.9078233405836886,-0.05806140664425011,0.1467457304781153,3.3473906109869027,5.483898924257826
24.095222234725952,1.908152083823463,-0.05806140664425011,0.14871819070365688,3.3477193545806636,5.483898924257826
24.115872383117676,1.9097958000228386,-0.05806140664425011,0.14773196059125704,3.3477193545806636,5.4829126896069695
24.135390043258667,1.909138313542988,-0.05773266321752854,0.14838944733293932,3.3473906109869027,5.484227669141983
24.158721685409546,1.9104532865028236,-0.05773266321752854,0.14937567744484487,3.3477193545806636,5.483241434490319
24.181233644485474,1.9104532865028236,-0.05839015007106768,0.14970442081531538,3.3480480981745537,5.483898924257826
24.20582342147827,1.9088095703031127,-0.058718893497981234,0.14904693407429204,3.3477193545806636,5.483241434490319
24.22759437561035,1.909138313542988,-0.05970512377929818,0.15036190755600945,3.3480480981745537,5.482255199841075
24.250113248825073,1.9101245432628144,-0.05773266321752854,0.15134813766643368,3.3483768417685713,5.483241434490319
24.273112297058105,1.9114395162230533,-0.05773266321752854,0.15167688103641064,3.3493630725513936,5.484556414026409
24.29562473297119,1.9078233405836886,-0.05970512377929818,0.15134813766643368,3.3496918161459246,5.4825839447238875
24.31835961341858,1.9101245432628144,-0.05773266321752854,0.15167688103641064,3.3510067905253322,5.4829126896069695
24.339900255203247,1.9104532865028236,-0.05773266321752854,0.15200562440630544,3.3506780469302875,5.483570179373938
24.362415552139282,1.9088095703031127,-0.05773266321752854,0.1526631111458486,3.3506780469302875,5.4829126896069695
24.38676929473877,1.9094670567828966,-0.0603626106339899,0.15167688103641064,3.3506780469302875,5.483898924257826
24.408838987350464,1.9088095703031127,-0.05806140664425011,0.1506906509262331,3.3510067905253322,5.483570179373938
24.432586431503296,1.9097958000228386,-0.058718893497981234,0.15036190755600945,3.351664277715806,5.4829126896069695
24.45608377456665,1.9114395162230533,-0.05839015007106768,0.15003316418570356,3.3510067905253322,5.483898924257826
24.479105472564697,1.9104532865028236,-0.05839015007106768,0.15003316418570356,3.3510067905253322,5.483898924257826
24.502440690994263,1.9114395162230533,-0.05773266321752854,0.15101939429637448,3.351664277715806,5.481926454958531
24.52447772026062,1.9094670567828966,-0.05937638035209647,0.15003316418570356,3.3513355341205044,5.4825839447238875
24.543991804122925,1.909138313542988,-0.05773266321752854,0.14904693407429204,3.3503493033353715,5.483241434490319
24.56299138069153,1.9084808270632712,-0.05773266321752854,0.14904693407429204,3.3500205597405834,5.4829126896069695
24.58254837989807,1.9097958000228386,-0.0603626106339899,0.13786965942635615,3.3506780469302875,5.483241434490319
24.6016206741333,1.9104532865028236,-0.05937638035209647,0.14970442081531538,3.3510067905253322,5.483898924257826
24.62071466445923,1.9104532865028236,-0.057403919790902924,0.14871819070365688,3.3500205597405834,5.4829126896069695
24.640655517578125,1.909138313542988,-0.05970512377929818,0.14838944733293932,3.3506780469302875,5.483570179373938
24.662744283676147,1.9097958000228386,-0.05806140664425011,0.14773196059125704,3.3506780469302875,5.482255199841075
24.68534278869629,1.9097958000228386,-0.05970512377929818,0.14543075699277114,3.3503493033353715,5.480940220312513
24.706269025802612,1.9101245432628144,-0.05806140664425011,0.14641698710690304,3.3503493033353715,5.483241434490319
24.727893352508545,1.9101245432628144,-0.05773266321752854,0.1460882437356083,3.3503493033353715,5.484227669141983
24.750418663024902,1.9094670567828966,-0.05839015007106768,0.14510201362122868,3.3500205597405834,5.481926454958531
24.770596504211426,1.909138313542988,-0.05806140664425011,0.14543075699277114,3.3496918161459246,5.483241434490319
24.791417837142944,1.9094670567828966,-0.05773266321752854,0.14510201362122868,3.3496918161459246,5.4829126896069695
24.812350749969482,1.9088095703031127,-0.05773266321752854,0.14641698710690304,3.3496918161459246,5.483570179373938
24.83496856689453,1.9101245432628144,-0.06562250548538201,0.1460882437356083,3.3500205597405834,5.4825839447238875
24.854945182800293,1.9084808270632712,-0.058718893497981234,0.1460882437356083,3.3503493033353715,5.4829126896069695
24.87654137611389,1.9088095703031127,-0.05773266321752854,0.1467457304781153,3.3496918161459246,5.4825839447238875
24.897541046142578,1.909138313542988,-0.05806140664425011,0.14740321722029226,3.3503493033353715,5.483241434490319
24.91915273666382,1.909138313542988,-0.058718893497981234,0.14740321722029226,3.3500205597405834,5.4825839447238875
24.943375825881958,1.9097958000228386,-0.05839015007106768,0.14707447384924502,3.3496918161459246,5.483241434490319
24.968010663986206,1.9114395162230533,-0.05707517636437326,0.14740321722029226,3.3500205597405834,5.483241434490319
24.989041328430176,1.9088095703031127,-0.05773266321752854,0.14806070396213938,3.3496918161459246,5.481597710076256
25.01304531097412,1.909138313542988,-0.05806140664425011,0.14806070396213938,3.3506780469302875,5.483241434490319
25.03472352027893,1.909138313542988,-0.05773266321752854,0.14838944733293932,3.3496918161459246,5.483241434490319
25.054137229919434,1.91308323242411,-0.06069135406147996,0.14871819070365688,3.3493630725513936,5.481597710076256
25.074641942977905,1.9097958000228386,-0.05806140664425011,0.15101939429637448,3.3503493033353715,5.484556414026409
25.094741344451904,1.9097958000228386,-0.058718893497981234,0.15134813766643368,3.3513355341205044,5.482255199841075
25.116028547286987,1.9104532865028236,-0.05904763692499085,0.15101939429637448,3.3510067905253322,5.4829126896069695
25.138550758361816,1.9097958000228386,-0.06003386720659601,0.15167688103641064,3.3536367392903133,5.481926454958531
25.16159176826477,1.9104532865028236,-0.05773266321752854,0.15167688103641064,3.3549517136758906,5.4829126896069695
25.182441473007202,1.9117682594631973,-0.058718893497981234,0.15233436777611808,3.3572529188556066,5.4825839447238875
25.203476905822754,1.9107820297428664,-0.05806140664425011,0.15200562440630544,3.358567893246851,5.4825839447238875
25.227476596832275,1.9084808270632712,-0.05839015007106768,0.15101939429637448,3.3598828676401573,5.483898924257826
25.25049376487732,1.9104532865028236,-0.05806140664425011,0.15134813766643368,3.3605403548375854,5.4825839447238875
25.27247977256775,1.909138313542988,-0.05806140664425011,0.15036190755600945,3.3602116112388067,5.483570179373938
25.296009302139282,1.909138313542988,-0.058718893497981234,0.14871819070365688,3.3598828676401573,5.485542648681299
25.316527366638184,1.9107820297428664,-0.05773266321752854,0.14937567744484487,3.3598828676401573,5.483241434490319
25.336793184280396,1.9104532865028236,-0.05773266321752854,0.15364934125454754,3.3605403548375854,5.484885158911102
25.35754895210266,1.9104532865028236,-0.05839015007106768,0.1533205978850633,3.360869098436493,5.484227669141983
25.378164291381836,1.9107820297428664,-0.058718893497981234,0.15430682799326992,3.360869098436493,5.4829126896069695
25.39906644821167,1.9088095703031127,-0.05773266321752854,0.1526631111458486,3.3605403548375854,5.483241434490319
25.417229413986206,1.911110772982943,-0.05904763692499085,0.15397808462394974,3.361197842035529,5.485542648681299
25.436500072479248,1.9104532865028236,-0.05773266321752854,0.15496431473166428,3.3598828676401573,5.484227669141983
25.455501079559326,1.9094670567828966,-0.058718893497981234,0.15562180146973076,3.3602116112388067,5.483241434490319
25.474501371383667,1.9094670567828966,-0.05839015007106768,0.15496431473166428,3.361197842035529,5.483241434490319
25.494733810424805,1.911110772982943,-0.058718893497981234,0.15529305810073848,3.361197842035529,5.484227669141983
25.513738870620728,1.9094670567828966,-0.058718893497981234,0.15562180146973076,3.361526585634695,5.4829126896069695
25.533706188201904,1.9107820297428664,-0.05806140664425011,0.15562180146973076,3.3621840728334136,5.483898924257826
25.552889108657837,1.9120970027033748,-0.057403919790902924,0.15496431473166428,3.3621840728334136,5.4829126896069695
25.576229333877563,1.9104532865028236,-0.05839015007106768,0.15496431473166428,3.3634990472324016,5.4825839447238875
25.599230527877808,1.9088095703031127,-0.05806140664425011,0.15562180146973076,3.364156534432671,5.483241434490319
25.621665716171265,1.911110772982943,-0.05806140664425011,0.15496431473166428,3.364814021633457,5.483898924257826
25.643763065338135,1.9117682594631973,-0.05806140664425011,0.15529305810073848,3.3654715088347618,5.483241434490319
25.66466498374939,1.911110772982943,-0.05839015007106768,0.15693677494488095,3.364814021633457,5.483570179373938
25.687324047088623,1.9097958000228386,-0.05806140664425011,0.15463557136250808,3.3654715088347618,5.483898924257826
25.71050477027893,1.9094670567828966,-0.058718893497981234,0.15595054483864113,3.365142765234045,5.484227669141983
25.733734369277954,1.911110772982943,-0.058718893497981234,0.15562180146973076,3.365142765234045,5.484556414026409
25.756733179092407,1.9104532865028236,-0.05806140664425011,0.1562792882074696,3.3661289960365837,5.483898924257826
25.779260635375977,1.9101245432628144,-0.058718893497981234,0.1566080315762162,3.3661289960365837,5.481597710076256
25.800546169281006,1.9107820297428664,-0.05806140664425011,0.15364934125454754,3.3661289960365837,5.483241434490319
25.824331045150757,1.9114395162230533,-0.05773266321752854,0.15595054483864113,3.366457739637689,5.483241434490319
25.84684705734253,1.9107820297428664,-0.05806140664425011,0.1566080315762162,3.365800252435608,5.484227669141983
25.86597204208374,1.9097958000228386,-0.05904763692499085,0.15233436777611808,3.3661289960365837,5.483898924257826
25.888485193252563,1.9101245432628144,-0.057403919790902924,0.15496431473166428,3.3661289960365837,5.483898924257826
25.91289472579956,1.9107820297428664,-0.05937638035209647,0.15529305810073848,3.3654715088347618,5.483241434490319
25.933328866958618,1.9117682594631973,-0.05773266321752854,0.15792300505038429,3.3661289960365837,5.483241434490319
25.954726219177246,1.909138313542988,-0.05806140664425011,0.15529305810073848,3.3661289960365837,5.483241434490319
25.974727630615234,1.9094670567828966,-0.05904763692499085,0.15430682799326992,3.3661289960365837,5.483570179373938
25.993350982666016,1.9097958000228386,-0.058718893497981234,0.15496431473166428,3.3661289960365837,5.483241434490319
26.012356996536255,1.9104532865028236,-0.05904763692499085,0.15463557136250808,3.3661289960365837,5.481926454958531
26.030786275863647,1.9117682594631973,-0.05773266321752854,0.15529305810073848,3.366457739637689,5.483898924257826
26.05015754699707,1.9104532865028236,-0.06003386720659601,0.15397808462394974,3.3667864832389234,5.4825839447238875
26.069157123565674,1.91308323242411,-0.05773266321752854,0.15364934125454754,3.3667864832389234,5.484227669141983
26.08866810798645,1.9101245432628144,-0.05806140664425011,0.1533205978850633,3.3667864832389234,5.483570179373938
26.10967183113098,1.911110772982943,-0.05839015007106768,0.15299185451549702,3.3667864832389234,5.4829126896069695
26.129186391830444,1.9101245432628144,-0.05773266321752854,0.15299185451549702,3.3667864832389234,5.485213903796066
26.15029239654541,1.911110772982943,-0.05773266321752854,0.1533205978850633,3.366457739637689,5.4829126896069695
26.17219877243042,1.9101245432628144,-0.058718893497981234,0.15233436777611808,3.3661289960365837,5.4829126896069695
26.195701599121094,1.9107820297428664,-0.05773266321752854,0.1526631111458486,3.3667864832389234,5.482255199841075
26.218807220458984,1.9107820297428664,-0.057403919790902924,0.15134813766643368,3.366457739637689,5.4829126896069695
26.238373041152954,1.909138313542988,-0.05806140664425011,0.1526631111458486,3.3667864832389234,5.484556414026409
26.258464336395264,1.9097958000228386,-0.05839015007106768,0.15200562440630544,3.367115226840287,5.4825839447238875
26.2809476852417,1.9114395162230533,-0.05773266321752854,0.1526631111458486,3.3667864832389234,5.4829126896069695
26.302050590515137,1.9127544891838313,-0.05806140664425011,0.15233436777611808,3.3667864832389234,5.482255199841075
26.324342727661133,1.9101245432628144,-0.05839015007106768,0.15397808462394974,3.3667864832389234,5.4829126896069695
26.345568656921387,1.909138313542988,-0.0603626106339899,0.15299185451549702,3.367115226840287,5.4829126896069695
26.36722230911255,1.9097958000228386,-0.05839015007106768,0.15529305810073848,3.367115226840287,5.483570179373938
26.388228178024292,1.9107820297428664,-0.05904763692499085,0.15299185451549702,3.366457739637689,5.484227669141983
26.412339687347412,1.9120970027033748,-0.05839015007106768,0.15430682799326992,3.367443970441781,5.481926454958531
26.43524432182312,1.912425745943586,-0.05773266321752854,0.1533205978850633,3.367115226840287,5.485213903796066
26.458887100219727,1.9088095703031127,-0.05937638035209647,0.15529305810073848,3.366457739637689,5.484885158911102
26.48326086997986,1.909138313542988,-0.058718893497981234,0.15430682799326992,3.367115226840287,5.4829126896069695
26.504951238632202,1.9104532865028236,-0.05806140664425011,0.1526631111458486,3.3661289960365837,5.4825839447238875
26.52455449104309,1.9097958000228386,-0.05839015007106768,0.15364934125454754,3.367115226840287,5.4825839447238875
26.542553424835205,1.911110772982943,-0.05773266321752854,0.15364934125454754,3.366457739637689,5.483241434490319
26.561551809310913,1.9104532865028236,-0.05839015007106768,0.15299185451549702,3.3667864832389234,5.483241434490319
26.58007836341858,1.9117682594631973,-0.058718893497981234,0.15233436777611808,3.3667864832389234,5.483898924257826
26.600061655044556,1.911110772982943,-0.058718893497981234,0.1526631111458486,3.366457739637689,5.4825839447238875
26.619199752807617,1.9104532865028236,-0.05773266321752854,0.15134813766643368,3.367115226840287,5.482255199841075
26.639282703399658,1.9104532865028236,-0.05773266321752854,0.15233436777611808,3.366457739637689,5.483898924257826
26.6612811088562,1.9084808270632712,-0.05773266321752854,0.15134813766643368,3.367115226840287,5.4829126896069695
26.68179416656494,1.9117682594631973,-0.058718893497981234,0.15101939429637448,3.3667864832389234,5.484556414026409
26.70184087753296,1.9097958000228386,-0.057403919790902924,0.15167688103641064,3.3667864832389234,5.483898924257826
26.721152782440186,1.912425745943586,-0.05806140664425011,0.15167688103641064,3.3667864832389234,5.483570179373938
26.74118733406067,1.911110772982943,-0.0666087357727651,0.15167688103641064,3.3667864832389234,5.483898924257826
26.76318860054016,1.9114395162230533,-0.05937638035209647,0.15167688103641064,3.367115226840287,5.484227669141983
26.784993648529053,1.912425745943586,-0.05806140664425011,0.15134813766643368,3.3667864832389234,5.4829126896069695
26.807101249694824,1.9094670567828966,-0.05839015007106768,0.15167688103641064,3.3667864832389234,5.483898924257826
26.8309326171875,1.9101245432628144,-0.05773266321752854,0.15003316418570356,3.3661289960365837,5.483241434490319
26.853936672210693,1.9114395162230533,-0.05773266321752854,0.1533205978850633,3.3667864832389234,5.483898924257826
26.877302169799805,1.9117682594631973,-0.058718893497981234,0.15101939429637448,3.3667864832389234,5.484885158911102
26.896859645843506,1.911110772982943,-0.05806140664425011,0.15101939429637448,3.366457739637689,5.483241434490319
26.919382095336914,1.9097958000228386,-0.05773266321752854,0.15430682799326992,3.367115226840287,5.484556414026409
26.941407680511475,1.9097958000228386,-0.057403919790902924,0.15233436777611808,3.366457739637689,5.483570179373938
26.96242094039917,1.9084808270632712,-0.05904763692499085,0.15233436777611808,3.3667864832389234,5.483241434490319
26.98301100730896,1.9101245432628144,-0.057403919790902924,0.1533205978850633,3.367443970441781,5.483241434490319
27.005245447158813,1.9107820297428664,-0.05806140664425011,0.1533205978850633,3.3667864832389234,5.483241434490319
27.026644706726074,1.909138313542988,-0.05839015007106768,0.15233436777611808,3.366457739637689,5.485542648681299
27.04864239692688,1.9114395162230533,-0.05839015007106768,0.1526631111458486,3.367443970441781,5.483241434490319
27.068942070007324,1.9107820297428664,-0.06003386720659601,0.1526631111458486,3.367115226840287,5.483241434490319
27.087942838668823,1.9114395162230533,-0.05806140664425011,0.1533205978850633,3.3667864832389234,5.484227669141983
27.107946634292603,1.9074945973439472,-0.06003386720659601,0.1526631111458486,3.3667864832389234,5.483570179373938
27.126458644866943,1.911110772982943,-0.05773266321752854,0.15364934125454754,3.3661289960365837,5.4829126896069695
27.145968675613403,1.9107820297428664,-0.058718893497981234,0.15397808462394974,3.366457739637689,5.4829126896069695
27.164968252182007,1.9104532865028236,-0.057403919790902924,0.15430682799326992,3.367443970441781,5.484556414026409
27.185070991516113,1.9117682594631973,-0.05839015007106768,0.15463557136250808,3.366457739637689,5.483570179373938
27.203238010406494,1.9104532865028236,-0.057403919790902924,0.15496431473166428,3.366457739637689,5.4829126896069695
27.22381043434143,1.9107820297428664,-0.05773266321752854,0.15496431473166428,3.366457739637689,5.483241434490319
27.243351697921753,1.9117682594631973,-0.05904763692499085,0.15397808462394974,3.3667864832389234,5.482255199841075
27.264353275299072,1.9107820297428664,-0.05839015007106768,0.15430682799326992,3.366457739637689,5.483898924257826
27.284998655319214,1.9117682594631973,-0.05970512377929818,0.15299185451549702,3.367443970441781,5.482255199841075
27.305041313171387,1.909138313542988,-0.057403919790902924,0.15463557136250808,3.366457739637689,5.483898924257826
27.325371265411377,1.9114395162230533,-0.05773266321752854,0.15430682799326992,3.365800252435608,5.483898924257826
27.346381425857544,1.9097958000228386,-0.05839015007106768,0.15463557136250808,3.367115226840287,5.483898924257826
27.367857933044434,1.9114395162230533,-0.058718893497981234,0.15463557136250808,3.3667864832389234,5.4829126896069695
27.389394283294678,1.9104532865028236,-0.058718893497981234,0.15397808462394974,3.3661289960365837,5.483570179373938
27.412399530410767,1.9104532865028236,-0.05773266321752854,0.15364934125454754,3.366457739637689,5.484885158911102
27.43433427810669,1.912425745943586,-0.05806140664425011,0.15299185451549702,3.367115226840287,5.4825839447238875
27.456361532211304,1.9107820297428664,-0.05773266321752854,0.1562792882074696,3.3667864832389234,5.483570179373938
27.47685146331787,1.911110772982943,-0.05773266321752854,0.15496431473166428,3.366457739637689,5.483241434490319
27.498953342437744,1.9074945973439472,-0.05806140664425011,0.15529305810073848,3.3667864832389234,5.483570179373938
27.52055811882019,1.9114395162230533,-0.05806140664425011,0.15463557136250808,3.367115226840287,5.483241434490319
27.54300093650818,1.9104532865028236,-0.058718893497981234,0.1533205978850633,3.366457739637689,5.4829126896069695
27.56550431251526,1.9084808270632712,-0.057403919790902924,0.15430682799326992,3.367443970441781,5.483241434490319
27.589943408966064,1.9097958000228386,-0.05806140664425011,0.1533205978850633,3.3661289960365837,5.481926454958531
27.61096167564392,1.9101245432628144,-0.05806140664425011,0.15595054483864113,3.366457739637689,5.483241434490319
27.630696058273315,1.9120970027033748,-0.057403919790902924,0.15430682799326992,3.366457739637689,5.483570179373938
27.649719953536987,1.9101245432628144,-0.05839015007106768,0.15496431473166428,3.3667864832389234,5.4825839447238875
27.669721603393555,1.9134119756644223,-0.05806140664425011,0.15463557136250808,3.3661289960365837,5.483898924257826
27.689234495162964,1.9097958000228386,-0.05806140664425011,0.15529305810073848,3.3667864832389234,5.483898924257826
27.711794137954712,1.9097958000228386,-0.05806140664425011,0.1562792882074696,3.366457739637689,5.483898924257826
27.73331117630005,1.9104532865028236,-0.057403919790902924,0.1562792882074696,3.3661289960365837,5.482255199841075
27.75739574432373,1.909138313542988,-0.05806140664425011,0.1562792882074696,3.3667864832389234,5.483570179373938
27.78200101852417,1.911110772982943,-0.05839015007106768,0.15562180146973076,3.367115226840287,5.484556414026409
27.806198596954346,1.9088095703031127,-0.05773266321752854,0.15595054483864113,3.3667864832389234,5.483898924257826
27.8313090801239,1.9104532865028236,-0.058718893497981234,0.15562180146973076,3.367115226840287,5.483898924257826
27.855308771133423,1.9117682594631973,-0.05773266321752854,0.1562792882074696,3.366457739637689,5.483898924257826
27.880568504333496,1.9104532865028236,-0.05839015007106768,0.1566080315762162,3.367443970441781,5.483241434490319
27.903576612472534,1.9101245432628144,-0.058718893497981234,0.15693677494488095,3.3667864832389234,5.484556414026409
27.924999713897705,1.9104532865028236,-0.05806140664425011,0.15562180146973076,3.367115226840287,5.483570179373938
27.947430849075317,1.9114395162230533,-0.058718893497981234,0.1562792882074696,3.367443970441781,5.484556414026409
27.969936847686768,1.9084808270632712,-0.05904763692499085,0.1562792882074696,3.367772714043404,5.483570179373938
27.990236520767212,1.9097958000228386,-0.05904763692499085,0.15562180146973076,3.367115226840287,5.483241434490319
28.0133318901062,1.9117682594631973,-0.05806140664425011,0.1566080315762162,3.367443970441781,5.484885158911102
28.035010814666748,1.9117682594631973,-0.05773266321752854,0.1566080315762162,3.367115226840287,5.484556414026409
28.05400538444519,1.9101245432628144,-0.057403919790902924,0.15496431473166428,3.367115226840287,5.4825839447238875
28.075104475021362,1.9117682594631973,-0.05806140664425011,0.15693677494488095,3.367443970441781,5.483570179373938
28.094709157943726,1.909138313542988,-0.05806140664425011,0.15759426168196497,3.367443970441781,5.484227669141983
28.114773750305176,1.9120970027033748,-0.05806140664425011,0.15759426168196497,3.3667864832389234,5.4862001384525705
28.135014533996582,1.911110772982943,-0.05806140664425011,0.15792300505038429,3.367443970441781,5.4829126896069695
28.155023097991943,1.9127544891838313,-0.0603626106339899,0.15693677494488095,3.3667864832389234,5.484227669141983
28.17552876472473,1.9088095703031127,-0.058718893497981234,0.1566080315762162,3.367443970441781,5.483570179373938
28.195788860321045,1.9117682594631973,-0.05773266321752854,0.15693677494488095,3.367443970441781,5.484227669141983
28.217511653900146,1.9094670567828966,-0.05904763692499085,0.15693677494488095,3.367772714043404,5.484556414026409
28.24021315574646,1.911110772982943,-0.05773266321752854,0.1566080315762162,3.367772714043404,5.483898924257826
28.2651424407959,1.9094670567828966,-0.057403919790902924,0.1562792882074696,3.367115226840287,5.483898924257826
28.286731958389282,1.9107820297428664,-0.05806140664425011,0.1562792882074696,3.367115226840287,5.483570179373938
28.308350324630737,1.9101245432628144,-0.05806140664425011,0.15397808462394974,3.367115226840287,5.483898924257826
28.330649614334106,1.9094670567828966,-0.05806140664425011,0.15562180146973076,3.367443970441781,5.483570179373938
28.351666688919067,1.911110772982943,-0.05806140664425011,0.1566080315762162,3.3681014576451567,5.483241434490319
28.375651359558105,1.911110772982943,-0.0603626106339899,0.15595054483864113,3.367115226840287,5.484227669141983
28.39735984802246,1.9117682594631973,-0.06003386720659601,0.1566080315762162,3.367772714043404,5.483241434490319
28.422061681747437,1.9117682594631973,-0.05806140664425011,0.15529305810073848,3.367443970441781,5.484227669141983
28.444339275360107,1.9117682594631973,-0.05904763692499085,0.1566080315762162,3.367443970441781,5.483241434490319
28.46798610687256,1.9114395162230533,-0.05773266321752854,0.1566080315762162,3.367772714043404,5.482255199841075
28.4916410446167,1.9094670567828966,-0.057403919790902924,0.15496431473166428,3.367772714043404,5.483570179373938
28.514551877975464,1.9104532865028236,-0.058718893497981234,0.1566080315762162,3.367772714043404,5.4829126896069695
28.53808283805847,1.9101245432628144,-0.05773266321752854,0.1566080315762162,3.3681014576451567,5.484556414026409
28.562076568603516,1.9117682594631973,-0.06003386720659601,0.15726551831346386,3.367443970441781,5.483241434490319
28.5855872631073,1.9104532865028236,-0.05773266321752854,0.15759426168196497,3.366457739637689,5.483570179373938
28.604588985443115,1.911110772982943,-0.05806140664425011,0.15726551831346386,3.3684302012470386,5.4829126896069695
28.62634587287903,1.9101245432628144,-0.05806140664425011,0.15693677494488095,3.367443970441781,5.483570179373938
28.64793825149536,1.909138313542988,-0.058718893497981234,0.15759426168196497,3.367443970441781,5.484227669141983
28.67060136795044,1.9127544891838313,-0.05806140664425011,0.15792300505038429,3.367443970441781,5.4825839447238875
28.69019103050232,1.9101245432628144,-0.05839015007106768,0.15792300505038429,3.367772714043404,5.4825839447238875
28.712159872055054,1.9088095703031127,-0.05773266321752854,0.15792300505038429,3.3681014576451567,5.485542648681299
28.73127579689026,1.9097958000228386,-0.058718893497981234,0.15858049178697764,3.367772714043404,5.484556414026409
28.752249479293823,1.9117682594631973,-0.05937638035209647,0.15792300505038429,3.3681014576451567,5.485542648681299
28.773775577545166,1.9117682594631973,-0.05773266321752854,0.15989546525918386,3.3684302012470386,5.483570179373938
28.7953360080719,1.911110772982943,-0.05970512377929818,0.15726551831346386,3.3687589448490507,5.484885158911102
28.81558060646057,1.9097958000228386,-0.05970512377929818,0.15825174841872183,3.369416432053463,5.483898924257826
28.835693836212158,1.911110772982943,-0.05773266321752854,0.15726551831346386,3.369087688451192,5.4825839447238875
28.855489015579224,1.9107820297428664,-0.057403919790902924,0.15825174841872183,3.369416432053463,5.483898924257826
28.87537169456482,1.9137407189047688,-0.057403919790902924,0.15858049178697764,3.369416432053463,5.4829126896069695
28.894901275634766,1.9114395162230533,-0.05839015007106768,0.15858049178697764,3.3700739192583944,5.483570179373938
28.91495418548584,1.9097958000228386,-0.05839015007106768,0.16121043873008392,3.369745175655864,5.484556414026409
28.93463897705078,1.911110772982943,-0.05806140664425011,0.15890923515515173,3.3704026628610544,5.483241434490319
28.953124284744263,1.9088095703031127,-0.05773266321752854,0.15923797852324412,3.3707314064638445,5.483570179373938
28.972763776779175,1.9097958000228386,-0.05773266321752854,0.15890923515515173,3.371060150066764,5.483570179373938
28.994282960891724,1.9101245432628144,-0.05904763692499085,0.15923797852324412,3.371060150066764,5.483241434490319
29.015498638153076,1.9117682594631973,-0.058718893497981234,0.15825174841872183,3.371060150066764,5.484556414026409
29.03702402114868,1.9117682594631973,-0.057403919790902924,0.15890923515515173,3.3717176372729925,5.482255199841075
29.060581922531128,1.9114395162230533,-0.05839015007106768,0.15825174841872183,3.3713888936698133,5.4825839447238875
29.082703113555908,1.9107820297428664,-0.05839015007106768,0.15858049178697764,3.371060150066764,5.483898924257826
29.103342533111572,1.912425745943586,-0.05773266321752854,0.1566080315762162,3.3720463808763013,5.483898924257826
29.123906135559082,1.9088095703031127,-0.058718893497981234,0.15792300505038429,3.3717176372729925,5.481926454958531
29.142888069152832,1.9117682594631973,-0.05806140664425011,0.15595054483864113,3.3717176372729925,5.483241434490319
29.162717580795288,1.911110772982943,-0.058718893497981234,0.1562792882074696,3.3720463808763013,5.483570179373938
29.182485818862915,1.9120970027033748,-0.058718893497981234,0.15562180146973076,3.3717176372729925,5.483570179373938
29.201267957687378,1.9101245432628144,-0.05773266321752854,0.15529305810073848,3.3713888936698133,5.483570179373938
29.22087001800537,1.9114395162230533,-0.05904763692499085,0.1562792882074696,3.3707314064638445,5.4829126896069695
29.240511655807495,1.9107820297428664,-0.05806140664425011,0.1566080315762162,3.37237512447974,5.484227669141983
29.26048755645752,1.9097958000228386,-0.05904763692499085,0.15562180146973076,3.3713888936698133,5.4858713935668
29.283000946044922,1.9107820297428664,-0.05773266321752854,0.1562792882074696,3.3713888936698133,5.483570179373938
29.304007053375244,1.911110772982943,-0.057403919790902924,0.1562792882074696,3.3720463808763013,5.483241434490319
29.32697105407715,1.9104532865028236,-0.05773266321752854,0.15726551831346386,3.3717176372729925,5.4825839447238875
29.349968671798706,1.9114395162230533,-0.05806140664425011,0.15825174841872183,3.3720463808763013,5.483570179373938
29.37516689300537,1.9101245432628144,-0.05773266321752854,0.15858049178697764,3.3717176372729925,5.484556414026409
29.398666620254517,1.9104532865028236,-0.05839015007106768,0.15825174841872183,3.372703868083309,5.482255199841075
29.42096495628357,1.9117682594631973,-0.05773266321752854,0.15726551831346386,3.3720463808763013,5.482255199841075
29.44638228416443,1.909138313542988,-0.05839015007106768,0.1562792882074696,3.3717176372729925,5.484227669141983
29.469540119171143,1.911110772982943,-0.05806140664425011,0.1562792882074696,3.3720463808763013,5.4825839447238875
29.493698835372925,1.9101245432628144,-0.05773266321752854,0.15496431473166428,3.37237512447974,5.4829126896069695
29.516746997833252,1.9104532865028236,-0.05773266321752854,0.15430682799326992,3.37237512447974,5.483241434490319
29.54007077217102,1.9114395162230533,-0.05839015007106768,0.15397808462394974,3.3720463808763013,5.4862001384525705
29.563222646713257,1.9120970027033748,-0.058718893497981234,0.15364934125454754,3.3720463808763013,5.4825839447238875
29.586628437042236,1.9107820297428664,-0.05773266321752854,0.1533205978850633,3.3720463808763013,5.484885158911102
29.606693029403687,1.912425745943586,-0.05773266321752854,0.15430682799326992,3.3720463808763013,5.483570179373938
29.626707553863525,1.911110772982943,-0.05773266321752854,0.15364934125454754,3.3720463808763013,5.483898924257826
29.646663188934326,1.9114395162230533,-0.06562250548538201,0.15430682799326992,3.37237512447974,5.485213903796066
29.665783405303955,1.9120970027033748,-0.057403919790902924,0.15463557136250808,3.3720463808763013,5.484885158911102
29.68531107902527,1.912425745943586,-0.05937638035209647,0.15397808462394974,3.3720463808763013,5.483570179373938
29.705714464187622,1.911110772982943,-0.05773266321752854,0.15463557136250808,3.3720463808763013,5.484556414026409
29.725229263305664,1.9104532865028236,-0.058718893497981234,0.15529305810073848,3.372703868083309,5.483241434490319
29.74641227722168,1.9114395162230533,-0.058718893497981234,0.15397808462394974,3.3717176372729925,5.483241434490319
29.768914461135864,1.9107820297428664,-0.05773266321752854,0.15496431473166428,3.3720463808763013,5.484227669141983
29.791375875473022,1.9104532865028236,-0.05839015007106768,0.15496431473166428,3.37237512447974,5.483898924257826
29.810392141342163,1.911110772982943,-0.05773266321752854,0.15496431473166428,3.372703868083309,5.483898924257826
29.83146595954895,1.9097958000228386,-0.0603626106339899,0.15496431473166428,3.3713888936698133,5.483241434490319
29.851466178894043,1.9097958000228386,-0.05839015007106768,0.15463557136250808,3.3720463808763013,5.484885158911102
29.87282133102417,1.9088095703031127,-0.058718893497981234,0.15430682799326992,3.37237512447974,5.483898924257826
29.895544052124023,1.9094670567828966,-0.05773266321752854,0.15397808462394974,3.3717176372729925,5.484556414026409
29.91856360435486,1.9104532865028236,-0.057403919790902924,0.15233436777611808,3.3720463808763013,5.4825839447238875
29.940979957580566,1.9097958000228386,-0.05839015007106768,0.15397808462394974,3.37237512447974,5.483241434490319
29.96195363998413,1.9104532865028236,-0.05773266321752854,0.15397808462394974,3.3713888936698133,5.482255199841075
29.984744548797607,1.9117682594631973,-0.05773266321752854,0.15134813766643368,3.3713888936698133,5.483898924257826
30.006253480911255,1.9107820297428664,-0.05970512377929818,0.14970442081531538,3.3717176372729925,5.483241434490319
30.026528120040894,1.9097958000228386,-0.05773266321752854,0.14904693407429204,3.3717176372729925,5.483241434490319
30.045706510543823,1.9107820297428664,-0.05937638035209647,0.1460882437356083,3.369087688451192,5.484227669141983
30.065894842147827,1.9117682594631973,-0.05806140664425011,0.14641698710690304,3.369087688451192,5.484227669141983
30.08630895614624,1.911110772982943,-0.05773266321752854,0.1460882437356083,3.3681014576451567,5.4829126896069695
30.105672359466553,1.9120970027033748,-0.057403919790902924,0.145759500364231,3.367443970441781,5.481597710076256
30.126498699188232,1.9101245432628144,-0.05904763692499085,0.14543075699277114,3.367443970441781,5.482255199841075
30.145758390426636,1.911110772982943,-0.05904763692499085,0.1441157835061056,3.365800252435608,5.4829126896069695
30.165772676467896,1.9117682594631973,-0.05773266321752854,0.14312955339023842,3.365800252435608,5.481597710076256
30.185274362564087,1.9097958000228386,-0.05839015007106768,0.1441157835061056,3.365142765234045,5.4825839447238875
30.20949935913086,1.9097958000228386,-0.05773266321752854,0.1424720666459133,3.364814021633457,5.4806114754310435
30.23092532157898,1.9107820297428664,-0.05970512377929818,0.14280081001811723,3.364814021633457,5.480940220312513
30.25096035003662,1.9107820297428664,-0.06365004491322024,0.14345829676227684,3.364814021633457,5.482255199841075
30.27245807647705,1.9104532865028236,-0.058718893497981234,0.14378704013423257,3.365142765234045,5.482255199841075
30.291481018066406,1.9097958000228386,-0.05839015007106768,0.14312955339023842,3.365142765234045,5.482255199841075
30.312506198883057,1.9104532865028236,-0.05839015007106768,0.14378704013423257,3.364814021633457,5.481926454958531
30.333081483840942,1.9104532865028236,-0.05773266321752854,0.1441157835061056,3.364156534432671,5.4806114754310435
30.355164289474487,1.9097958000228386,-0.05773266321752854,0.1441157835061056,3.365142765234045,5.48126896519425
30.377672910690308,1.9101245432628144,-0.05904763692499085,0.14345829676227684,3.364156534432671,5.48126896519425
30.39865779876709,1.9101245432628144,-0.05839015007106768,0.14378704013423257,3.3644852780329995,5.481597710076256
30.4197039604187,1.9114395162230533,-0.058718893497981234,0.14444452687789594,3.3644852780329995,5.4825839447238875
30.441970586776733,1.909138313542988,-0.05773266321752854,0.14444452687789594,3.364814021633457,5.4829126896069695
30.463968515396118,1.911110772982943,-0.05806140664425011,0.14444452687789594,3.364814021633457,5.482255199841075
30.48752474784851,1.9114395162230533,-0.05773266321752854,0.14444452687789594,3.364156534432671,5.4825839447238875
30.50959277153015,1.911110772982943,-0.058718893497981234,0.1441157835061056,3.364814021633457,5.483570179373938
30.53422999382019,1.9107820297428664,-0.06003386720659601,0.1441157835061056,3.364814021633457,5.481597710076256
30.55716848373413,1.9104532865028236,-0.05806140664425011,0.14312955339023842,3.3644852780329995,5.48126896519425
30.57685875892639,1.909138313542988,-0.05806140664425011,0.14148583652880473,3.365142765234045,5.483241434490319
30.595316171646118,1.9097958000228386,-0.05806140664425011,0.1411570931562695,3.364814021633457,5.4829126896069695
30.61486268043518,1.9097958000228386,-0.05773266321752854,0.14082834978365144,3.364814021633457,5.483241434490319
30.634825229644775,1.9104532865028236,-0.05839015007106768,0.14181457990125707,3.3634990472324016,5.481926454958531
30.654512643814087,1.9101245432628144,-0.05937638035209647,0.14148583652880473,3.3644852780329995,5.483241434490319
30.673957347869873,1.9107820297428664,-0.05773266321752854,0.14148583652880473,3.3638277908324716,5.483241434490319
30.693549633026123,1.9094670567828966,-0.05806140664425011,0.14148583652880473,3.3638277908324716,5.482255199841075
30.713815689086914,1.9120970027033748,-0.05806140664425011,0.14181457990125707,3.3631703036324607,5.483570179373938
30.733625411987305,1.911110772982943,-0.057403919790902924,0.1411570931562695,3.3628415600326487,5.4825839447238875
30.756722450256348,1.9104532865028236,-0.058718893497981234,0.14181457990125707,3.3634990472324016,5.481597710076256
30.77872109413147,1.909138313542988,-0.05773266321752854,0.1424720666459133,3.3638277908324716,5.480940220312513
30.800780296325684,1.9114395162230533,-0.05904763692499085,0.14280081001811723,3.3638277908324716,5.479953985668912
30.825151443481445,1.9097958000228386,-0.057403919790902924,0.14214332327362658,3.3638277908324716,5.4806114754310435
30.848339319229126,1.909138313542988,-0.06299255805660403,0.14214332327362658,3.3628415600326487,5.4806114754310435
30.87297487258911,1.9117682594631973,-0.05904763692499085,0.14082834978365144,3.3628415600326487,5.48126896519425
30.895984411239624,1.9104532865028236,-0.05937638035209647,0.14082834978365144,3.3634990472324016,5.48126896519425
30.918023109436035,1.9101245432628144,-0.05839015007106768,0.1411570931562695,3.3628415600326487,5.479953985668912
30.940351963043213,1.9107820297428664,-0.05773266321752854,0.1411570931562695,3.3628415600326487,5.48126896519425
30.964844942092896,1.9107820297428664,-0.058718893497981234,0.1404996064109505,3.361526585634695,5.482255199841075
30.988367795944214,1.9101245432628144,-0.05806140664425011,0.1404996064109505,3.3618553292339897,5.483898924257826
31.00964045524597,1.9094670567828966,-0.057403919790902924,0.1411570931562695,3.361526585634695,5.4806114754310435
31.0317542552948,1.9104532865028236,-0.05839015007106768,0.1404996064109505,3.361526585634695,5.481597710076256
31.052754640579224,1.9101245432628144,-0.05806140664425011,0.14082834978365144,3.3618553292339897,5.481926454958531
31.073291540145874,1.911110772982943,-0.05707517636437326,0.13852714617300282,3.361526585634695,5.4806114754310435
31.093498706817627,1.909138313542988,-0.05806140664425011,0.13984211966529983,3.361526585634695,5.4825839447238875
31.116483449935913,1.9094670567828966,-0.05839015007106768,0.1411570931562695,3.361526585634695,5.480940220312513
31.14025568962097,1.9101245432628144,-0.05773266321752854,0.1424720666459133,3.361197842035529,5.481926454958531
31.16135025024414,1.9094670567828966,-0.058718893497981234,0.14214332327362658,3.361526585634695,5.479953985668912
31.18276357650757,1.9107820297428664,-0.05806140664425011,0.14181457990125707,3.3618553292339897,5.480282730549843
31.20288920402527,1.911110772982943,-0.05970512377929818,0.14148583652880473,3.361197842035529,5.480940220312513
31.226133346557617,1.9094670567828966,-0.05839015007106768,0.14082834978365144,3.361526585634695,5.481597710076256
31.248647451400757,1.9107820297428664,-0.05773266321752854,0.13984211966529983,3.360869098436493,5.48126896519425
31.272168159484863,1.9104532865028236,-0.05806140664425011,0.14082834978365144,3.361197842035529,5.479953985668912
31.29517102241516,1.9101245432628144,-0.058718893497981234,0.1404996064109505,3.360869098436493,5.4806114754310435
31.317766427993774,1.9097958000228386,-0.05839015007106768,0.1411570931562695,3.3602116112388067,5.481926454958531
31.34091567993164,1.9094670567828966,-0.05806140664425011,0.14082834978365144,3.3598828676401573,5.48126896519425
31.363184452056885,1.9101245432628144,-0.05806140664425011,0.14181457990125707,3.3605403548375854,5.479625240788248
31.38690733909607,1.9117682594631973,-0.05839015007106768,0.1411570931562695,3.3605403548375854,5.481597710076256
31.409751176834106,1.9078233405836886,-0.05806140664425011,0.14214332327362658,3.3605403548375854,5.479953985668912
31.429673433303833,1.9107820297428664,-0.05773266321752854,0.14214332327362658,3.361526585634695,5.479625240788248
31.44985008239746,1.9114395162230533,-0.05773266321752854,0.1424720666459133,3.3605403548375854,5.4806114754310435
31.469374418258667,1.909138313542988,-0.05773266321752854,0.14214332327362658,3.3605403548375854,5.4806114754310435
31.490489721298218,1.9114395162230533,-0.05806140664425011,0.14148583652880473,3.360869098436493,5.48126896519425
31.51170802116394,1.9097958000228386,-0.05806140664425011,0.14181457990125707,3.360869098436493,5.481597710076256
31.533924102783203,1.9104532865028236,-0.05773266321752854,0.14181457990125707,3.3605403548375854,5.4806114754310435
31.555865049362183,1.9094670567828966,-0.057403919790902924,0.14214332327362658,3.3605403548375854,5.479953985668912
31.57838225364685,1.909138313542988,-0.0603626106339899,0.14148583652880473,3.360869098436493,5.481597710076256
31.60204529762268,1.9107820297428664,-0.05806140664425011,0.13984211966529983,3.3602116112388067,5.4806114754310435
31.624676942825317,1.9117682594631973,-0.05937638035209647,0.14017086303816662,3.3598828676401573,5.479625240788248
31.647373914718628,1.9094670567828966,-0.05839015007106768,0.1411570931562695,3.3602116112388067,5.481597710076256
31.66938352584839,1.9104532865028236,-0.05839015007106768,0.14181457990125707,3.359554124041637,5.481597710076256
31.692240715026855,1.9097958000228386,-0.057403919790902924,0.1411570931562695,3.3605403548375854,5.479953985668912
31.715239763259888,1.9107820297428664,-0.05806140664425011,0.1404996064109505,3.3602116112388067,5.479625240788248
31.735365867614746,1.9114395162230533,-0.06003386720659601,0.14017086303816662,3.3598828676401573,5.478639006147871
31.754878997802734,1.911110772982943,-0.05773266321752854,0.14082834978365144,3.3602116112388067,5.480940220312513
31.7764949798584,1.9097958000228386,-0.058718893497981234,0.13984211966529983,3.3598828676401573,5.479953985668912
31.799084663391113,1.9101245432628144,-0.05839015007106768,0.13951337629235006,3.359225380443246,5.479953985668912
31.820170164108276,1.9107820297428664,-0.057403919790902924,0.13984211966529983,3.3598828676401573,5.48126896519425
31.84347891807556,1.9107820297428664,-0.05839015007106768,0.13984211966529983,3.3598828676401573,5.4806114754310435
31.86746883392334,1.9114395162230533,-0.05937638035209647,0.14148583652880473,3.359225380443246,5.48126896519425
31.89124608039856,1.9097958000228386,-0.05773266321752854,0.14214332327362658,3.359225380443246,5.479296495907854
31.913254976272583,1.9097958000228386,-0.05839015007106768,0.14280081001811723,3.3602116112388067,5.4806114754310435
31.936425924301147,1.9071658541042396,-0.057403919790902924,0.14280081001811723,3.359554124041637,5.480940220312513
31.957487106323242,1.909138313542988,-0.05839015007106768,0.14312955339023842,3.3598828676401573,5.478310261268282
31.97885012626648,1.9094670567828966,-0.05773266321752854,0.14148583652880473,3.3598828676401573,5.479296495907854
32.002742290496826,1.9097958000228386,-0.05839015007106768,0.1404996064109505,3.3605403548375854,5.480282730549843
32.022462368011475,1.9104532865028236,-0.05839015007106768,0.14181457990125707,3.359225380443246,5.4806114754310435
32.04400110244751,1.9094670567828966,-0.05839015007106768,0.14214332327362658,3.3602116112388067,5.480282730549843
32.06391429901123,1.9101245432628144,-0.05773266321752854,0.14181457990125707,3.3602116112388067,5.48126896519425
32.08315086364746,1.9094670567828966,-0.05839015007106768,0.1424720666459133,3.359554124041637,5.481597710076256
32.105151414871216,1.9114395162230533,-0.05839015007106768,0.14214332327362658,3.3605403548375854,5.479625240788248
32.12830972671509,1.9101245432628144,-0.05970512377929818,0.1460882437356083,3.359554124041637,5.479625240788248
32.15282154083252,1.9094670567828966,-0.05839015007106768,0.12669238468237293,3.359554124041637,5.480940220312513
32.17600607872009,1.909138313542988,-0.05839015007106768,0.14017086303816662,3.359225380443246,5.479296495907854
32.19981122016907,1.9094670567828966,-0.05839015007106768,0.14082834978365144,3.3598828676401573,5.479296495907854
32.22338366508484,1.9104532865028236,-0.05904763692499085,0.1404996064109505,3.3598828676401573,5.479625240788248
32.246074199676514,1.9094670567828966,-0.05773266321752854,0.13918463291931732,3.3605403548375854,5.479953985668912
32.268611431121826,1.9097958000228386,-0.06496501862760906,0.14082834978365144,3.359554124041637,5.479296495907854
32.288352727890015,1.908152083823463,-0.05707517636437326,0.14017086303816662,3.3598828676401573,5.480282730549843
32.30871796607971,1.9107820297428664,-0.05773266321752854,0.14148583652880473,3.3602116112388067,5.480282730549843
32.32980751991272,1.9097958000228386,-0.05773266321752854,0.14148583652880473,3.360869098436493,5.479953985668912
32.35194158554077,1.9104532865028236,-0.05806140664425011,0.14148583652880473,3.3602116112388067,5.480282730549843
32.3755316734314,1.908152083823463,-0.05806140664425011,0.14181457990125707,3.3605403548375854,5.480282730549843
32.40002679824829,1.9094670567828966,-0.05806140664425011,0.14181457990125707,3.3602116112388067,5.4806114754310435
32.42334032058716,1.9097958000228386,-0.05839015007106768,0.14148583652880473,3.3605403548375854,5.478967751027728
32.4479546546936,1.9094670567828966,-0.0603626106339899,0.1411570931562695,3.3602116112388067,5.481597710076256
32.47239851951599,1.9097958000228386,-0.057403919790902924,0.14181457990125707,3.3602116112388067,5.4806114754310435
32.49548149108887,1.9094670567828966,-0.05839015007106768,0.14082834978365144,3.3602116112388067,5.479296495907854
32.51941895484924,1.9104532865028236,-0.05839015007106768,0.14148583652880473,3.3605403548375854,5.4806114754310435
32.54301452636719,1.9097958000228386,-0.05839015007106768,0.1424720666459133,3.3602116112388067,5.478310261268282
32.56799340248108,1.9094670567828966,-0.057403919790902924,0.14181457990125707,3.3602116112388067,5.480940220312513
32.591583251953125,1.9104532865028236,-0.05773266321752854,0.1424720666459133,3.360869098436493,5.480940220312513
32.614654541015625,1.9101245432628144,-0.05806140664425011,0.14214332327362658,3.361526585634695,5.4806114754310435
32.63723611831665,1.9114395162230533,-0.05773266321752854,0.14082834978365144,3.360869098436493,5.480282730549843
32.66023254394531,1.9107820297428664,-0.05839015007106768,0.14214332327362658,3.360869098436493,5.48126896519425
32.68175554275513,1.9094670567828966,-0.05806140664425011,0.14181457990125707,3.361526585634695,5.4806114754310435
32.70280313491821,1.9104532865028236,-0.05806140664425011,0.14082834978365144,3.361197842035529,5.4806114754310435
32.72610092163086,1.9101245432628144,-0.05904763692499085,0.13951337629235006,3.3602116112388067,5.480282730549843
32.75011968612671,1.9097958000228386,-0.05806140664425011,0.14148583652880473,3.3602116112388067,5.481926454958531
32.77274441719055,1.9088095703031127,-0.05839015007106768,0.14148583652880473,3.3602116112388067,5.479296495907854
32.79714632034302,1.9084808270632712,-0.05904763692499085,0.14280081001811723,3.3602116112388067,5.4806114754310435
32.820152282714844,1.9107820297428664,-0.05806140664425011,0.14214332327362658,3.3602116112388067,5.482255199841075
32.84308576583862,1.9107820297428664,-0.058718893497981234,0.14444452687789594,3.360869098436493,5.479953985668912
32.863072872161865,1.9104532865028236,-0.05839015007106768,0.14444452687789594,3.360869098436493,5.4806114754310435
32.8858163356781,1.906837110864565,-0.05839015007106768,0.14543075699277114,3.360869098436493,5.479296495907854
32.90976524353027,1.911110772982943,-0.05773266321752854,0.1460882437356083,3.361526585634695,5.4806114754310435
32.93298625946045,1.9094670567828966,-0.05773266321752854,0.14707447384924502,3.3618553292339897,5.479296495907854
32.95400142669678,1.9117682594631973,-0.05707517636437326,0.14740321722029226,3.3618553292339897,5.477981516388961
32.973506927490234,1.9094670567828966,-0.05839015007106768,0.1460882437356083,3.3625128164329663,5.478639006147871
32.993491411209106,1.9097958000228386,-0.05806140664425011,0.14641698710690304,3.3625128164329663,5.479625240788248
33.013489723205566,1.9104532865028236,-0.05839015007106768,0.14740321722029226,3.3625128164329663,5.479625240788248
33.03421139717102,1.9101245432628144,-0.05773266321752854,0.14641698710690304,3.3625128164329663,5.4806114754310435
33.05636787414551,1.9094670567828966,-0.05839015007106768,0.145759500364231,3.3621840728334136,5.478639006147871
33.077613830566406,1.909138313542988,-0.058718893497981234,0.145759500364231,3.361526585634695,5.48126896519425
33.09659719467163,1.9104532865028236,-0.05806140664425011,0.14378704013423257,3.3621840728334136,5.479296495907854
33.11644220352173,1.9097958000228386,-0.05806140664425011,0.14543075699277114,3.3625128164329663,5.479953985668912
33.13645339012146,1.9120970027033748,-0.05839015007106768,0.14444452687789594,3.3621840728334136,5.479296495907854
33.15751338005066,1.9097958000228386,-0.05806140664425011,0.14477327024960363,3.3621840728334136,5.480282730549843
33.17758297920227,1.9094670567828966,-0.05773266321752854,0.14543075699277114,3.3621840728334136,5.480282730549843
33.19727540016174,1.9094670567828966,-0.05904763692499085,0.14444452687789594,3.3621840728334136,5.479296495907854
33.216795682907104,1.9107820297428664,-0.05806140664425011,0.14510201362122868,3.3621840728334136,5.482255199841075
33.23753237724304,1.9097958000228386,-0.05806140664425011,0.14477327024960363,3.3631703036324607,5.48126896519425
33.25753712654114,1.9094670567828966,-0.05806140664425011,0.14444452687789594,3.3618553292339897,5.479625240788248
33.27884817123413,1.9101245432628144,-0.05904763692499085,0.14543075699277114,3.3625128164329663,5.480282730549843
33.299915075302124,1.9117682594631973,-0.05937638035209647,0.14477327024960363,3.3628415600326487,5.480940220312513
33.320932388305664,1.9120970027033748,-0.0603626106339899,0.1460882437356083,3.3638277908324716,5.48126896519425
33.34109425544739,1.9101245432628144,-0.05773266321752854,0.1460882437356083,3.3621840728334136,5.48126896519425
33.36310577392578,1.9104532865028236,-0.05839015007106768,0.145759500364231,3.3625128164329663,5.481926454958531
33.386812925338745,1.9094670567828966,-0.05806140664425011,0.14740321722029226,3.3628415600326487,5.481926454958531
33.41075825691223,1.912425745943586,-0.05773266321752854,0.14871819070365688,3.3621840728334136,5.4825839447238875
33.43430852890015,1.9097958000228386,-0.05773266321752854,0.14937567744484487,3.3631703036324607,5.4806114754310435
33.45831489562988,1.9094670567828966,-0.05773266321752854,0.14970442081531538,3.3634990472324016,5.480940220312513
33.480443716049194,1.9104532865028236,-0.05839015007106768,0.14937567744484487,3.364156534432671,5.4806114754310435
33.50211763381958,1.9117682594631973,-0.05839015007106768,0.15101939429637448,3.3638277908324716,5.4806114754310435
33.52513098716736,1.9117682594631973,-0.05904763692499085,0.1526631111458486,3.364814021633457,5.478639006147871
33.550734758377075,1.9101245432628144,-0.05773266321752854,0.15299185451549702,3.365142765234045,5.478967751027728
33.57316708564758,1.9101245432628144,-0.05937638035209647,0.1533205978850633,3.365800252435608,5.479953985668912
33.59779667854309,1.9104532865028236,-0.05773266321752854,0.15397808462394974,3.364814021633457,5.479625240788248
33.62012195587158,1.9104532865028236,-0.057403919790902924,0.15200562440630544,3.3654715088347618,5.479296495907854
33.64400267601013,1.9101245432628144,-0.0610200974890662,0.15299185451549702,3.3661289960365837,5.480282730549843
33.66523718833923,1.9104532865028236,-0.05839015007106768,0.15200562440630544,3.3654715088347618,5.480282730549843
33.68575191497803,1.9107820297428664,-0.05806140664425011,0.15200562440630544,3.365142765234045,5.479953985668912
33.705140352249146,1.9104532865028236,-0.05806140664425011,0.15036190755600945,3.365800252435608,5.4806114754310435
33.72568154335022,1.9101245432628144,-0.058718893497981234,0.15036190755600945,3.365800252435608,5.479953985668912
33.74470138549805,1.9088095703031127,-0.05839015007106768,0.14970442081531538,3.365800252435608,5.480940220312513
33.7647168636322,1.9107820297428664,-0.058718893497981234,0.15003316418570356,3.3654715088347618,5.481597710076256
33.785321950912476,1.9120970027033748,-0.05806140664425011,0.14970442081531538,3.365800252435608,5.482255199841075
33.807321548461914,1.9107820297428664,-0.05773266321752854,0.14970442081531538,3.365142765234045,5.479625240788248
33.829530239105225,1.911110772982943,-0.05806140664425011,0.14444452687789594,3.3654715088347618,5.481597710076256
33.84962439537048,1.9117682594631973,-0.058718893497981234,0.1506906509262331,3.3644852780329995,5.480940220312513
33.87126922607422,1.911110772982943,-0.05806140664425011,0.15134813766643368,3.3654715088347618,5.4825839447238875
33.892266273498535,1.9088095703031127,-0.05970512377929818,0.15134813766643368,3.365142765234045,5.480940220312513
33.91170048713684,1.911110772982943,-0.05806140664425011,0.15233436777611808,3.3654715088347618,5.4829126896069695
33.931384563446045,1.9094670567828966,-0.05806140664425011,0.1526631111458486,3.365142765234045,5.48126896519425
33.95236659049988,1.9094670567828966,-0.057403919790902924,0.1526631111458486,3.364814021633457,5.48126896519425
33.974363803863525,1.9071658541042396,-0.057403919790902924,0.15299185451549702,3.365142765234045,5.481926454958531
33.99402713775635,1.9107820297428664,-0.05773266321752854,0.15233436777611808,3.365142765234045,5.479953985668912
34.01413536071777,1.911110772982943,-0.05773266321752854,0.15167688103641064,3.364814021633457,5.480940220312513
34.037121534347534,1.911110772982943,-0.05806140664425011,0.1526631111458486,3.365800252435608,5.4806114754310435
34.057121992111206,1.911110772982943,-0.05970512377929818,0.15167688103641064,3.365142765234045,5.481926454958531
34.077658891677856,1.9104532865028236,-0.05806140664425011,0.15200562440630544,3.364814021633457,5.4806114754310435
34.097678661346436,1.9094670567828966,-0.05806140664425011,0.15200562440630544,3.365800252435608,5.480282730549843
34.11769080162048,1.9097958000228386,-0.057403919790902924,0.15167688103641064,3.365800252435608,5.481597710076256
34.14112710952759,1.9104532865028236,-0.057403919790902924,0.1506906509262331,3.365142765234045,5.481597710076256
34.16397571563721,1.9084808270632712,-0.05806140664425011,0.14904693407429204,3.364814021633457,5.48126896519425
34.185508489608765,1.9104532865028236,-0.05970512377929818,0.14871819070365688,3.365142765234045,5.48126896519425
34.208749771118164,1.9117682594631973,-0.05707517636437326,0.14937567744484487,3.364814021633457,5.481926454958531
34.23145627975464,1.9114395162230533,-0.05806140664425011,0.14871819070365688,3.3654715088347618,5.481597710076256
34.2544379234314,1.9104532865028236,-0.057403919790902924,0.14937567744484487,3.365142765234045,5.484227669141983
34.27797317504883,1.9114395162230533,-0.058718893497981234,0.15036190755600945,3.3654715088347618,5.48126896519425
34.30128026008606,1.9120970027033748,-0.05773266321752854,0.1506906509262331,3.3661289960365837,5.482255199841075
34.32597756385803,1.911110772982943,-0.05773266321752854,0.15003316418570356,3.365800252435608,5.479953985668912
34.34966278076172,1.9114395162230533,-0.05773266321752854,0.15167688103641064,3.3661289960365837,5.4806114754310435
34.37414026260376,1.9094670567828966,-0.05806140664425011,0.15233436777611808,3.365800252435608,5.480940220312513
34.39836883544922,1.9107820297428664,-0.05773266321752854,0.15233436777611808,3.3661289960365837,5.4806114754310435
34.42310905456543,1.9101245432628144,-0.05904763692499085,0.15134813766643368,3.3654715088347618,5.48126896519425
34.446250915527344,1.9117682594631973,-0.05839015007106768,0.15101939429637448,3.365800252435608,5.481597710076256
34.46861934661865,1.9104532865028236,-0.05839015007106768,0.15101939429637448,3.366457739637689,5.480940220312513
34.48984217643738,1.9097958000228386,-0.05806140664425011,0.15003316418570356,3.3654715088347618,5.48126896519425
34.50992774963379,1.9107820297428664,-0.05806140664425011,0.15299185451549702,3.3654715088347618,5.479953985668912
34.53030228614807,1.9104532865028236,-0.05806140664425011,0.1533205978850633,3.3654715088347618,5.480282730549843
34.5507755279541,1.912425745943586,-0.057403919790902924,0.1533205978850633,3.365142765234045,5.4825839447238875
34.57225036621094,1.9101245432628144,-0.05937638035209647,0.15364934125454754,3.365800252435608,5.4806114754310435
34.59372019767761,1.9107820297428664,-0.05773266321752854,0.15463557136250808,3.3667864832389234,5.4806114754310435
34.613627672195435,1.909138313542988,-0.05806140664425011,0.15233436777611808,3.367772714043404,5.4806114754310435
34.634202003479004,1.9107820297428664,-0.057403919790902924,0.15463557136250808,3.3681014576451567,5.480940220312513
34.655263900756836,1.9104532865028236,-0.05773266321752854,0.1562792882074696,3.3681014576451567,5.479953985668912
34.67694067955017,1.9094670567828966,-0.05773266321752854,0.15693677494488095,3.369087688451192,5.481597710076256
34.697853088378906,1.9097958000228386,-0.05839015007106768,0.15792300505038429,3.3713888936698133,5.479625240788248
34.718883991241455,1.9120970027033748,-0.057403919790902924,0.15890923515515173,3.3720463808763013,5.4806114754310435
34.73882007598877,1.9120970027033748,-0.05773266321752854,0.15923797852324412,3.3720463808763013,5.480282730549843
34.7592408657074,1.9088095703031127,-0.05839015007106768,0.15956672189125481,3.374347586103101,5.480940220312513
34.779672384262085,1.9120970027033748,-0.05806140664425011,0.15759426168196497,3.3759913041261425,5.480940220312513
34.80167865753174,1.9117682594631973,-0.05904763692499085,0.15890923515515173,3.3786212529697757,5.480940220312513
34.823671102523804,1.912425745943586,-0.05773266321752854,0.15858049178697764,3.379936227394718,5.48126896519425
34.84719753265381,1.9137407189047688,-0.05773266321752854,0.15890923515515173,3.3809224582147936,5.4829126896069695
34.87069272994995,1.911110772982943,-0.05773266321752854,0.15890923515515173,3.3819086890360426,5.481597710076256
34.891791105270386,1.911110772982943,-0.05839015007106768,0.15792300505038429,3.3819086890360426,5.48126896519425
34.910730838775635,1.9120970027033748,-0.058718893497981234,0.15496431473166428,3.3819086890360426,5.4825839447238875
34.93315410614014,1.9101245432628144,-0.05970512377929818,0.15595054483864113,3.381579945428829,5.483241434490319
34.95808219909668,1.911110772982943,-0.05839015007106768,0.15430682799326992,3.3809224582147936,5.480940220312513
34.98112893104553,1.9117682594631973,-0.05806140664425011,0.15595054483864113,3.381251201821746,5.48126896519425
35.004597425460815,1.9114395162230533,-0.05839015007106768,0.15430682799326992,3.3809224582147936,5.482255199841075
35.028610706329346,1.9107820297428664,-0.05806140664425011,0.15397808462394974,3.3805937146079708,5.482255199841075
35.05266618728638,1.91308323242411,-0.05937638035209647,0.15562180146973076,3.3819086890360426,5.4825839447238875
35.076460123062134,1.911110772982943,-0.05773266321752854,0.15463557136250808,3.381579945428829,5.481597710076256
35.10069465637207,1.9120970027033748,-0.0666087357727651,0.14082834978365144,3.381251201821746,5.481926454958531
35.12377595901489,1.9094670567828966,-0.06003386720659601,0.15463557136250808,3.381579945428829,5.482255199841075
35.146608114242554,1.9107820297428664,-0.05839015007106768,0.15430682799326992,3.381251201821746,5.4806114754310435
35.171144008636475,1.9114395162230533,-0.058718893497981234,0.15430682799326992,3.3809224582147936,5.481597710076256
35.19553875923157,1.9117682594631973,-0.05773266321752854,0.15496431473166428,3.3809224582147936,5.480282730549843
35.22034978866577,1.911110772982943,-0.05806140664425011,0.1533205978850633,3.3819086890360426,5.481597710076256
35.24426078796387,1.911110772982943,-0.05773266321752854,0.1533205978850633,3.381579945428829,5.479625240788248
35.26841926574707,1.911110772982943,-0.057403919790902924,0.15496431473166428,3.381579945428829,5.480282730549843
35.29303026199341,1.9114395162230533,-0.057403919790902924,0.15562180146973076,3.3809224582147936,5.481597710076256
35.318851709365845,1.911110772982943,-0.05806140664425011,0.15430682799326992,3.3819086890360426,5.480940220312513
35.33842754364014,1.9097958000228386,-0.05773266321752854,0.15397808462394974,3.3819086890360426,5.4806114754310435
35.36189794540405,1.911110772982943,-0.05773266321752854,0.15364934125454754,3.3805937146079708,5.480940220312513
35.382423400878906,1.9104532865028236,-0.05937638035209647,0.15463557136250808,3.381579945428829,5.480282730549843
35.40149402618408,1.9114395162230533,-0.05641768951160167,0.15463557136250808,3.381251201821746,5.48126896519425
35.423441648483276,1.9101245432628144,-0.05773266321752854,0.15430682799326992,3.3805937146079708,5.481926454958531
35.44652962684631,1.9104532865028236,-0.05806140664425011,0.15299185451549702,3.381579945428829,5.4825839447238875
35.46925973892212,1.9114395162230533,-0.05707517636437326,0.15233436777611808,3.3805937146079708,5.48126896519425
35.489776372909546,1.9117682594631973,-0.05937638035209647,0.15233436777611808,3.3805937146079708,5.479625240788248
35.50881266593933,1.9127544891838313,-0.057403919790902924,0.1533205978850633,3.3805937146079708,5.48126896519425
35.53159713745117,1.9117682594631973,-0.05806140664425011,0.1526631111458486,3.3819086890360426,5.482255199841075
35.55460739135742,1.9114395162230533,-0.057403919790902924,0.15397808462394974,3.381251201821746,5.48126896519425
35.57720947265625,1.9101245432628144,-0.05773266321752854,0.15364934125454754,3.381251201821746,5.479296495907854
35.59820580482483,1.9107820297428664,-0.05839015007106768,0.15299185451549702,3.3805937146079708,5.48126896519425
35.62234115600586,1.9120970027033748,-0.05773266321752854,0.1526631111458486,3.3809224582147936,5.481597710076256
35.64563465118408,1.9114395162230533,-0.05806140664425011,0.15364934125454754,3.3809224582147936,5.482255199841075
35.66760444641113,1.9107820297428664,-0.05839015007106768,0.15397808462394974,3.3805937146079708,5.48126896519425
35.69020867347717,1.9107820297428664,-0.05839015007106768,0.15397808462394974,3.3809224582147936,5.4825839447238875
35.71378254890442,1.9120970027033748,-0.05839015007106768,0.15792300505038429,3.3809224582147936,5.481597710076256
35.73491549491882,1.91308323242411,-0.058718893497981234,0.15858049178697764,3.381251201821746,5.482255199841075
35.75592374801636,1.9101245432628144,-0.057403919790902924,0.1562792882074696,3.3809224582147936,5.480940220312513
35.77948260307312,1.9104532865028236,-0.058718893497981234,0.15595054483864113,3.3805937146079708,5.481597710076256
35.80048370361328,1.9107820297428664,-0.05839015007106768,0.15562180146973076,3.3809224582147936,5.481597710076256
35.82228422164917,1.9114395162230533,-0.057403919790902924,0.1566080315762162,3.3805937146079708,5.4806114754310435
35.843464851379395,1.912425745943586,-0.05839015007106768,0.1562792882074696,3.381579945428829,5.480940220312513
35.863481760025024,1.9104532865028236,-0.06496501862760906,0.15693677494488095,3.381579945428829,5.483570179373938
35.883216857910156,1.9127544891838313,-0.05773266321752854,0.15595054483864113,3.3819086890360426,5.4806114754310435
35.90321683883667,1.9120970027033748,-0.057403919790902924,0.15562180146973076,3.381251201821746,5.4806114754310435
35.9242205619812,1.9104532865028236,-0.05839015007106768,0.15529305810073848,3.3809224582147936,5.481926454958531
35.946494579315186,1.912425745943586,-0.05806140664425011,0.1562792882074696,3.3809224582147936,5.48126896519425
35.968395471572876,1.9114395162230533,-0.05904763692499085,0.15562180146973076,3.381251201821746,5.481597710076256
35.99105167388916,1.9104532865028236,-0.05806140664425011,0.15923797852324412,3.381251201821746,5.481597710076256
36.015055894851685,1.912425745943586,-0.058718893497981234,0.15496431473166428,3.3809224582147936,5.480940220312513
36.03875684738159,1.9120970027033748,-0.05707517636437326,0.15430682799326992,3.3805937146079708,5.481597710076256
36.06027555465698,1.9117682594631973,-0.05806140664425011,0.15529305810073848,3.3809224582147936,5.48126896519425
36.08221101760864,1.912425745943586,-0.058718893497981234,0.15496431473166428,3.3802649710012793,5.483241434490319
36.10413694381714,1.9107820297428664,-0.05773266321752854,0.15529305810073848,3.3809224582147936,5.480282730549843
36.12863230705261,1.9094670567828966,-0.05839015007106768,0.1562792882074696,3.3805937146079708,5.480282730549843
36.14964747428894,1.91308323242411,-0.05773266321752854,0.15562180146973076,3.381579945428829,5.4829126896069695
36.17125153541565,1.9120970027033748,-0.05806140664425011,0.1562792882074696,3.381251201821746,5.4825839447238875
36.19443655014038,1.9101245432628144,-0.05773266321752854,0.15529305810073848,3.3809224582147936,5.481597710076256
36.21820282936096,1.9120970027033748,-0.05773266321752854,0.15496431473166428,3.3805937146079708,5.480940220312513
36.241299867630005,1.9120970027033748,-0.05806140664425011,0.15430682799326992,3.3805937146079708,5.480940220312513
36.26031541824341,1.9097958000228386,-0.05806140664425011,0.1526631111458486,3.3809224582147936,5.480282730549843
36.28198266029358,1.9120970027033748,-0.058718893497981234,0.15364934125454754,3.3805937146079708,5.481597710076256
36.304967403411865,1.9094670567828966,-0.05806140664425011,0.1533205978850633,3.3809224582147936,5.479953985668912
36.327789545059204,1.9107820297428664,-0.05937638035209647,0.15364934125454754,3.3809224582147936,5.481597710076256
36.349992990493774,1.915055691866493,-0.058718893497981234,0.15397808462394974,3.3805937146079708,5.482255199841075
36.37260389328003,1.9114395162230533,-0.05674643293793952,0.15463557136250808,3.3809224582147936,5.481926454958531
36.39431071281433,1.9097958000228386,-0.05773266321752854,0.15529305810073848,3.3802649710012793,5.4825839447238875
36.41430115699768,1.9094670567828966,-0.05806140664425011,0.1533205978850633,3.381251201821746,5.482255199841075
36.43397521972656,1.9107820297428664,-0.05806140664425011,0.15529305810073848,3.3805937146079708,5.481926454958531
36.45697855949402,1.911110772982943,-0.057403919790902924,0.15397808462394974,3.381251201821746,5.4806114754310435
36.47748327255249,1.9101245432628144,-0.05773266321752854,0.15430682799326992,3.3805937146079708,5.48126896519425
36.49848389625549,1.9120970027033748,-0.057403919790902924,0.15496431473166428,3.381251201821746,5.481597710076256
36.51848220825195,1.912425745943586,-0.05937638035209647,0.15463557136250808,3.3809224582147936,5.48126896519425
36.53953695297241,1.9143982053855633,-0.05806140664425011,0.15463557136250808,3.3809224582147936,5.4825839447238875
36.56253790855408,1.9147269486260112,-0.05806140664425011,0.15430682799326992,3.381251201821746,5.4806114754310435
36.58507061004639,1.91308323242411,-0.05773266321752854,0.15364934125454754,3.3822374326433864,5.4806114754310435
36.60605716705322,1.91308323242411,-0.05806140664425011,0.15430682799326992,3.3805937146079708,5.481597710076256
36.62965655326843,1.9104532865028236,-0.05904763692499085,0.15430682799326992,3.3805937146079708,5.481597710076256
36.648921728134155,1.9114395162230533,-0.05806140664425011,0.15430682799326992,3.3809224582147936,5.481597710076256
36.6699652671814,1.9120970027033748,-0.05806140664425011,0.15364934125454754,3.381251201821746,5.4806114754310435
36.69260263442993,1.9120970027033748,-0.05806140664425011,0.1533205978850633,3.3802649710012793,5.481597710076256
36.71374869346619,1.912425745943586,-0.05773266321752854,0.15529305810073848,3.381251201821746,5.48126896519425
36.73686337471008,1.9107820297428664,-0.05806140664425011,0.15529305810073848,3.3809224582147936,5.48126896519425
36.75815677642822,1.9107820297428664,-0.05773266321752854,0.15562180146973076,3.3809224582147936,5.4806114754310435
36.779682874679565,1.9104532865028236,-0.05806140664425011,0.15562180146973076,3.381579945428829,5.481926454958531
36.801767349243164,1.91308323242411,-0.05773266321752854,0.15364934125454754,3.381251201821746,5.481597710076256
36.82547354698181,1.9140694621451493,-0.05707517636437326,0.15430682799326992,3.3809224582147936,5.48126896519425
36.84699511528015,1.9094670567828966,-0.058718893497981234,0.15529305810073848,3.3819086890360426,5.479625240788248
36.868008613586426,1.9114395162230533,-0.05937638035209647,0.15397808462394974,3.381251201821746,5.480282730549843
36.89161944389343,1.9097958000228386,-0.05806140664425011,0.15299185451549702,3.3805937146079708,5.481926454958531
36.91464185714722,1.911110772982943,-0.05806140664425011,0.1533205978850633,3.3809224582147936,5.480940220312513
36.93624567985535,1.9127544891838313,-0.05773266321752854,0.15233436777611808,3.3809224582147936,5.481597710076256
36.95724105834961,1.912425745943586,-0.05773266321752854,0.15167688103641064,3.381579945428829,5.479953985668912
36.97896385192871,1.9107820297428664,-0.057403919790902924,0.15200562440630544,3.381251201821746,5.479953985668912
37.002296686172485,1.9120970027033748,-0.05707517636437326,0.15036190755600945,3.3809224582147936,5.480940220312513
37.02487826347351,1.912425745943586,-0.05904763692499085,0.15036190755600945,3.3809224582147936,5.481597710076256
37.04681992530823,1.9114395162230533,-0.057403919790902924,0.14970442081531538,3.3809224582147936,5.481926454958531
37.06879806518555,1.9101245432628144,-0.05773266321752854,0.15036190755600945,3.3809224582147936,5.48126896519425
37.09233045578003,1.9094670567828966,-0.058718893497981234,0.14937567744484487,3.3809224582147936,5.479296495907854
37.1143262386322,1.9104532865028236,-0.058718893497981234,0.14937567744484487,3.3819086890360426,5.478967751027728
37.13761496543884,1.9107820297428664,-0.057403919790902924,0.14904693407429204,3.3802649710012793,5.479296495907854
37.15861654281616,1.9117682594631973,-0.05839015007106768,0.14904693407429204,3.3805937146079708,5.479953985668912
37.179240226745605,1.9094670567828966,-0.05904763692499085,0.14838944733293932,3.3802649710012793,5.48126896519425
37.20122003555298,1.9107820297428664,-0.057403919790902924,0.1467457304781153,3.379607483788287,5.481926454958531
37.22473406791687,1.912425745943586,-0.05904763692499085,0.14707447384924502,3.3802649710012793,5.4806114754310435
37.24801325798035,1.9137407189047688,-0.058718893497981234,0.14707447384924502,3.379607483788287,5.479296495907854
37.27063035964966,1.9117682594631973,-0.05806140664425011,0.14707447384924502,3.3805937146079708,5.4806114754310435
37.294673681259155,1.9107820297428664,-0.05839015007106768,0.14740321722029226,3.379607483788287,5.480282730549843
37.31918907165527,1.9114395162230533,-0.057403919790902924,0.1467457304781153,3.379607483788287,5.4806114754310435
37.34364032745361,1.9117682594631973,-0.05806140664425011,0.13228102206642361,3.379936227394718,5.480940220312513
37.36664175987244,1.9097958000228386,-0.06003386720659601,0.14740321722029226,3.379278740181986,5.4806114754310435
37.38945913314819,1.9120970027033748,-0.05707517636437326,0.14806070396213938,3.379936227394718,5.481597710076256
37.41261553764343,1.9101245432628144,-0.05773266321752854,0.14838944733293932,3.379607483788287,5.4806114754310435
37.43696308135986,1.9127544891838313,-0.05707517636437326,0.14871819070365688,3.3805937146079708,5.48126896519425
37.461865186691284,1.912425745943586,-0.05773266321752854,0.14937567744484487,3.379936227394718,5.479953985668912
37.48707437515259,1.9107820297428664,-0.05806140664425011,0.14871819070365688,3.3802649710012793,5.479625240788248
37.510156869888306,1.9120970027033748,-0.05806140664425011,0.14970442081531538,3.3802649710012793,5.481597710076256
37.53551506996155,1.9117682594631973,-0.058718893497981234,0.14871819070365688,3.3802649710012793,5.478967751027728
37.56057691574097,1.9107820297428664,-0.05937638035209647,0.14904693407429204,3.379936227394718,5.48126896519425
37.5850396156311,1.9107820297428664,-0.05773266321752854,0.14970442081531538,3.3802649710012793,5.48126896519425
37.61028027534485,1.911110772982943,-0.05806140664425011,0.14970442081531538,3.3802649710012793,5.480940220312513
37.63489627838135,1.9120970027033748,-0.057403919790902924,0.14970442081531538,3.379936227394718,5.480282730549843
37.658889293670654,1.9120970027033748,-0.05773266321752854,0.14970442081531538,3.379936227394718,5.478310261268282
37.68043398857117,1.9101245432628144,-0.05839015007106768,0.15003316418570356,3.3805937146079708,5.480940220312513
37.70142483711243,1.912425745943586,-0.05674643293793952,0.14970442081531538,3.379936227394718,5.478639006147871
37.720927715301514,1.9114395162230533,-0.05806140664425011,0.15101939429637448,3.379936227394718,5.4806114754310435
37.74103260040283,1.9104532865028236,-0.057403919790902924,0.1506906509262331,3.379607483788287,5.481597710076256
37.76404547691345,1.9107820297428664,-0.05904763692499085,0.1506906509262331,3.379936227394718,5.479296495907854
37.788750648498535,1.91308323242411,-0.05839015007106768,0.15101939429637448,3.3805937146079708,5.481597710076256
37.81210494041443,1.9120970027033748,-0.05806140664425011,0.15233436777611808,3.379278740181986,5.481926454958531
37.83305549621582,1.9101245432628144,-0.05806140664425011,0.1506906509262331,3.3802649710012793,5.4806114754310435
37.85515522956848,1.9134119756644223,-0.057403919790902924,0.15036190755600945,3.379936227394718,5.48126896519425
37.87769031524658,1.9107820297428664,-0.058718893497981234,0.15003316418570356,3.3802649710012793,5.4806114754310435
37.8986976146698,1.9120970027033748,-0.05773266321752854,0.15036190755600945,3.379607483788287,5.480940220312513
37.92227220535278,1.9120970027033748,-0.057403919790902924,0.15036190755600945,3.3805937146079708,5.4806114754310435
37.94193887710571,1.9107820297428664,-0.05839015007106768,0.15036190755600945,3.379936227394718,5.481926454958531
37.96560549736023,1.911110772982943,-0.05904763692499085,0.1506906509262331,3.3802649710012793,5.480282730549843
37.988213539123535,1.912425745943586,-0.05839015007106768,0.15167688103641064,3.3802649710012793,5.480282730549843
38.01041221618652,1.9107820297428664,-0.05806140664425011,0.15167688103641064,3.379607483788287,5.480940220312513
38.035040855407715,1.9114395162230533,-0.05806140664425011,0.15134813766643368,3.379936227394718,5.480282730549843
38.05829095840454,1.9104532865028236,-0.05806140664425011,0.1526631111458486,3.379936227394718,5.480940220312513
38.07999062538147,1.911110772982943,-0.057403919790902924,0.15233436777611808,3.3802649710012793,5.480282730549843
38.10110259056091,1.9127544891838313,-0.05773266321752854,0.15364934125454754,3.379278740181986,5.4806114754310435
38.12312078475952,1.9117682594631973,-0.057403919790902924,0.15364934125454754,3.379607483788287,5.480940220312513
38.145814657211304,1.9140694621451493,-0.05773266321752854,0.1526631111458486,3.3802649710012793,5.479296495907854
38.16882014274597,1.9114395162230533,-0.05773266321752854,0.15364934125454754,3.379936227394718,5.479953985668912
38.19042181968689,1.9088095703031127,-0.05773266321752854,0.15200562440630544,3.379936227394718,5.479625240788248
38.211424589157104,1.9104532865028236,-0.05773266321752854,0.15101939429637448,3.379936227394718,5.481597710076256
38.230989933013916,1.9120970027033748,-0.058718893497981234,0.14871819070365688,3.3809224582147936,5.480940220312513
38.254233837127686,1.911110772982943,-0.05773266321752854,0.14707447384924502,3.379278740181986,5.4806114754310435
38.27598309516907,1.911110772982943,-0.05839015007106768,0.14740321722029226,3.379936227394718,5.4806114754310435
38.299323320388794,1.9117682594631973,-0.06003386720659601,0.1467457304781153,3.379278740181986,5.480282730549843
38.32334804534912,1.9117682594631973,-0.05773266321752854,0.14444452687789594,3.378292509363866,5.479625240788248
38.34786605834961,1.9104532865028236,-0.05773266321752854,0.14444452687789594,3.37664879133627,5.479953985668912
38.371009349823,1.9114395162230533,-0.05839015007106768,0.13951337629235006,3.3746763297074494,5.479625240788248
38.39398264884949,1.9101245432628144,-0.05707517636437326,0.14181457990125707,3.3713888936698133,5.477981516388961
38.417970418930054,1.9120970027033748,-0.05904763692499085,0.14017086303816662,3.3687589448490507,5.476666536874365
38.44236135482788,1.9104532865028236,-0.05773266321752854,0.1404996064109505,3.3654715088347618,5.478639006147871
38.46692967414856,1.9107820297428664,-0.05773266321752854,0.1388558895462016,3.3621840728334136,5.477981516388961
38.490599393844604,1.911110772982943,-0.05904763692499085,0.13721217267937713,3.3621840728334136,5.478967751027728
38.514079332351685,1.9104532865028236,-0.05806140664425011,0.13556845581047447,3.3602116112388067,5.476009047118676
38.537734270095825,1.911110772982943,-0.05806140664425011,0.1342534823138542,3.3565954316607582,5.477652771509909
38.56227660179138,1.9104532865028236,-0.058718893497981234,0.1316235353166127,3.353307995694241,5.478310261268282
38.58492708206177,1.9104532865028236,-0.05839015007106768,0.13228102206642361,3.346733123799765,5.477981516388961
38.60812425613403,1.909138313542988,-0.05806140664425011,0.1326097654412039,3.337857046823515,5.479296495907854
38.629518270492554,1.908152083823463,-0.05707517636437326,0.13326725219051416,3.3286522263537877,5.480282730549843
38.65181589126587,1.908152083823463,-0.05937638035209647,0.1358971991844214,3.3164887137428347,5.483241434490319
38.67671251296997,1.9078233405836886,-0.05773266321752854,0.1335959955650442,3.303667714150699,5.4858713935668
38.69996738433838,1.9084808270632712,-0.0603626106339899,0.13228102206642361,3.2895317404623348,5.492775036224502
38.72349548339844,1.9061796243853166,-0.05839015007106768,0.1342534823138542,3.2770394848362248,5.496062485150874
38.74806809425354,1.9071658541042396,-0.05970512377929818,0.1342534823138542,3.258301101731287,5.508554791317216
38.772868633270264,1.9071658541042396,-0.058718893497981234,0.1335959955650442,3.241206436789409,5.522033332619001
38.79800891876221,1.9065083676249241,-0.06003386720659601,0.1362259425582851,3.2198381060726553,5.534525639598698
38.82223320007324,1.904535908187778,-0.05773266321752854,0.13688342930576294,3.1981410323243473,5.546360457099913
38.84607648849487,1.9032209352303449,-0.05773266321752854,0.1375409160529082,3.1764439590917357,5.561153979474063
38.867175340652466,1.9035496784696535,-0.05773266321752854,0.13655468593206563,3.1577055780737995,5.5769337372846755
38.887715101242065,1.9042071649483698,-0.05839015007106768,0.138198402799721,3.1392959409486725,5.593699730652733
38.90909194946289,1.9025634487518277,-0.05839015007106768,0.13655468593206563,3.120228817161897,5.611780704697708
38.93189549446106,1.9028921919910697,-0.05839015007106768,0.1358971991844214,3.096888028217012,5.635779089726233
38.95407700538635,1.904535908187778,-0.05839015007106768,0.1362259425582851,3.075519700803724,5.656161280917198
38.977877140045166,1.904535908187778,-0.05839015007106768,0.1349109690623309,3.0521789129308314,5.6811459038470495
39.00093197822571,1.9042071649483698,-0.05970512377929818,0.13392473893949086,3.024893203858578,5.703829312916781
39.02501368522644,1.903878421708995,-0.05839015007106768,0.1342534823138542,2.9936625738965454,5.732101389878543
39.04896879196167,1.9032209352303449,-0.057403919790902924,0.1358971991844214,2.9591445103026306,5.762674684781335
39.07247805595398,1.9025634487518277,-0.057403919790902924,0.13556845581047447,2.926270165075278,5.789303040429804
39.09411072731018,1.9019059622734424,-0.05806140664425011,0.13293850881590075,2.8933958208528163,5.815602652807774
39.11522841453552,1.8992760163612221,-0.058718893497981234,0.131294791941582,2.86117896446889,5.840587286289995
39.136679887771606,1.9012484757951895,-0.05806140664425011,0.1299798184406238,2.829290852427368,5.860311998126183
39.15883803367615,1.8986185298834963,-0.05806140664425011,0.1319522786915599,2.79674525445249,5.877406749239158
39.1800491809845,1.8999335028390796,-0.05773266321752854,0.1319522786915599,2.7628846837784384,5.890556558329831
39.201128005981445,1.8986185298834963,-0.05773266321752854,0.1326097654412039,2.7323115479688913,5.898446444011201
39.22336411476135,1.896317327212489,-0.057403919790902924,0.1326097654412039,2.702724643069299,5.902720132159817
39.24317455291748,1.8953310974968334,-0.05839015007106768,0.1342534823138542,2.673795225617132,5.902062641672155
39.263174057006836,1.8936873813047266,-0.05674643293793952,0.13326725219051416,2.6478244991398676,5.900418915458186
39.285778522491455,1.8927011515898526,-0.05839015007106768,0.1349109690623309,2.6241549767213956,5.895816482098471
39.30879330635071,1.8887562327332714,-0.05773266321752854,0.1326097654412039,2.5991704812883585,5.889241577399501
39.333083629608154,1.8874412597821093,-0.05773266321752854,0.1319522786915599,2.57747341983525,5.881022946692018
39.35651135444641,1.8844825706438704,-0.05806140664425011,0.131294791941582,2.557091332111279,5.873790551821966
39.380287885665894,1.884153827406448,-0.05839015007106768,0.1309660485664678,2.538352961397742,5.868859373583225
39.40142583847046,1.8825101112198144,-0.05773266321752854,0.1299798184406238,2.5219157943057935,5.864256940620128
39.424503803253174,1.8808663950339748,-0.05806140664425011,0.1293223316896432,2.5058073707348685,5.861955724160185
39.447946071624756,1.8788939356120122,-0.05773266321752854,0.1293223316896432,2.488055230675411,5.862941959784112
39.47145128250122,1.8788939356120122,-0.05707517636437326,0.11420013632438991,2.4712893208111284,5.863270704992675
39.49590802192688,1.878565192375129,-0.06003386720659601,0.12702112805857488,2.453208437829683,5.866558157094472
39.51992678642273,1.8779077059014568,-0.05839015007106768,0.127349871434693,2.436771271665039,5.8685306283696645
39.543317794799805,1.8752777600080257,-0.05806140664425011,0.1260348979297176,2.417704159127671,5.871489335302312
39.56530785560608,1.8752777600080257,-0.05773266321752854,0.12570615455326414,2.401924479957052,5.87707800401794
39.58633232116699,1.8749490167714882,-0.05806140664425011,0.12439118104661122,2.385487314315911,5.880036711019517
39.60733127593994,1.8729765573529171,-0.05773266321752854,0.12439118104661122,2.3697076354530626,5.884310398952866
39.62838959693909,1.8733053005892677,-0.058718893497981234,0.1227474641614055,2.3529417268224146,5.885625379865471
39.651907205581665,1.8713328411716312,-0.057403919790902924,0.1227474641614055,2.334860845148648,5.889241577399501
39.67328357696533,1.8710040979354672,-0.05773266321752854,0.12504866780010554,2.317766193555662,5.891871539264892
39.69520950317383,1.8706753546993344,-0.05904763692499085,0.1240624376697381,2.3029727451937254,5.891871539264892
39.716737270355225,1.8683741520472705,-0.05937638035209647,0.12143249065172759,2.2881792969521837,5.893515265440373
39.73927903175354,1.8677166655755302,-0.05773266321752854,0.120117517140703,2.273714592119417,5.892529029734198
39.763280630111694,1.8673879223397063,-0.05806140664425011,0.123733694292781,2.257606170959377,5.893186520204686
39.78499150276184,1.8667304358681505,-0.05839015007106768,0.12340495091573989,2.2444564395007873,5.892200284499397
39.807358264923096,1.8644292332186727,-0.058718893497981234,0.12570615455326414,2.2319641946975506,5.891542794030684
39.82983160018921,1.8647579764542206,-0.05839015007106768,0.1240624376697381,2.2211156663800087,5.893844010676357
39.850351333618164,1.8644292332186727,-0.058718893497981234,0.1224187207841122,2.210924624680813,5.892857774969293
39.869834184646606,1.8617992873353901,-0.058718893497981234,0.1224187207841122,2.2017198128675965,5.893515265440373
39.88972854614258,1.8631142602767874,-0.05773266321752854,0.1224187207841122,2.194487460757698,5.895487736860712
39.90913152694702,1.8611418008648737,-0.0603626106339899,0.12340495091573989,2.1885700817775326,5.896145227336526
39.92962145805359,1.8621280305706935,-0.05773266321752854,0.1220899774067348,2.184296419191216,5.896145227336526
39.94868087768555,1.8627855170413923,-0.05806140664425011,0.12143249065172759,2.1810089864384525,5.899103934492345
39.96896052360535,1.8601555711593272,-0.05839015007106768,0.12143249065172759,2.1787077835145787,5.899761424974673
39.98933386802673,1.8621280305706935,-0.057403919790902924,0.1227474641614055,2.1780502969653623,5.902720132159817
40.00982189178467,1.8611418008648737,-0.05904763692499085,0.11584385322055575,2.175091607496422,5.904692603629919
40.029541015625,1.8604843143944791,-0.058718893497981234,0.11354264956533121,2.1724616613052796,5.907980056103818
40.051729917526245,1.8604843143944791,-0.05937638035209647,0.11288516280593376,2.171804174758003,5.908637546602158
40.07433009147644,1.8617992873353901,-0.05937638035209647,0.10663903857472976,2.1691742285709275,5.910610018104303
40.09577226638794,1.8601555711593272,-0.05773266321752854,0.11781631349316532,2.1681879987516104,5.91258248961714
40.116790771484375,1.8631142602767874,-0.05773266321752854,0.11683008335724065,2.1668730256598954,5.9109387633557
40.13648223876953,1.8608130576296613,-0.05806140664425011,0.10565280843015483,2.163914336206489,5.912253744364258
40.15648627281189,1.8624567738060278,-0.05641768951160167,0.09316055986563282,2.1619418765731493,5.9109387633557
40.1788113117218,1.8604843143944791,-0.05970512377929818,0.11551510984149174,2.1616131333011017,5.910610018104303
40.200539350509644,1.8594980846891143,-0.05773266321752854,0.1010504010786561,2.1589831871265246,5.9099525276024005
40.220343589782715,1.8611418008648737,-0.05904763692499085,0.10631029519328995,2.1524083217040504,5.9092950371016855
40.24238705635071,1.8594980846891143,-0.05970512377929818,0.11124144590595697,2.1458334563013928,5.907322565606664
40.26441979408264,1.8601555711593272,-0.0603626106339899,0.11551510984149174,2.1399160774558013,5.908637546602158
40.289494037628174,1.8588405982190226,-0.05806140664425011,0.11354264956533121,2.133669955358132,5.907322565606664
40.314167737960815,1.8588405982190226,-0.05773266321752854,0.11025521576495301,2.1293962928803105,5.905350094122325
40.33935737609863,1.8578543685141113,-0.0603626106339899,0.14378704013423257,2.1257801169438797,5.903048877404093
40.362547636032104,1.8578543685141113,-0.05904763692499085,0.12800735818667794,2.1270950900110024,5.901405151185678
40.38610219955444,1.8585118549840218,-0.05806140664425011,0.12044626051858548,2.1300537794148307,5.900090170216282
40.410775661468506,1.856210652339862,-0.05904763692499085,0.11288516280593376,2.1303825226821624,5.897131463052468
40.432873249053955,1.8578543685141113,-0.057403919790902924,0.10894024224242563,2.1267663467441498,5.899761424974673
40.457138776779175,1.8588405982190226,-0.05773266321752854,0.10861149886158136,2.1238076573446296,5.902391386915838
40.48267102241516,1.8578543685141113,-0.05970512377929818,0.11584385322055575,2.1234789140782544,5.902062641672155
40.50597834587097,1.8571968820443214,-0.06003386720659601,0.1319522786915599,2.1277525765448506,5.904035113138699
40.52949595451355,1.856210652339862,-0.05674643293793952,0.11485762308311002,2.1293962928803105,5.905678839368973
40.55290412902832,1.8591693414540535,-0.05806140664425011,0.10170788784418064,2.1297250361475464,5.905021348875974
40.57699108123779,1.8575256252792014,-0.05839015007106768,0.10466657828481303,2.1270950900110024,5.906993820358533
40.59744429588318,1.8578543685141113,-0.05773266321752854,0.10499532166667888,2.1254513736772185,5.903048877404093
