Time (s),Button (a19),Right Foot Force (ai18),Handle Force (ai20),Handle Position (ai21),Seat Position (ai22)
0.029528141021728516,1.8733053005892677,-0.05937638035209647,0.12800735818667794,2.482466594033421,5.769578332360634
0.05016493797302246,1.8746202735349815,-0.0603626106339899,0.12965107506517531,2.482795337364732,5.768920842109524
0.07222938537597656,1.8736340438256494,-0.06134884091674858,0.1283361015625448,2.482466594033421,5.7699070774866215
0.09632349014282227,1.8752777600080257,-0.05937638035209647,0.12800735818667794,2.482466594033421,5.769249587234936
0.11893534660339355,1.8746202735349815,-0.05970512377929818,0.12800735818667794,2.4814803640399172,5.769578332360634
0.14185357093811035,1.8736340438256494,-0.0610200974890662,0.12800735818667794,2.480494134047054,5.768263351859564
0.16599392890930176,1.8742915302985064,-0.05904763692499085,0.12669238468237293,2.480165390716242,5.769578332360634
0.18757963180541992,1.8736340438256494,-0.05937638035209647,0.12767861481072734,2.4808228773779373,5.7699070774866215
0.21028995513916016,1.8733053005892677,-0.05937638035209647,0.12866484493832794,2.480494134047054,5.7699070774866215
0.23699331283569336,1.8742915302985064,-0.05904763692499085,0.1293223316896432,2.480165390716242,5.769249587234936
0.2606492042541504,1.8736340438256494,-0.0610200974890662,0.12866484493832794,2.4811516207088915,5.768263351859564
0.28327465057373047,1.8746202735349815,-0.05937638035209647,0.1289935883140274,2.4818091073710145,5.768920842109524
0.30730104446411133,1.8733053005892677,-0.05970512377929818,0.12965107506517531,2.482466594033421,5.768592096984401
0.3300330638885498,1.8749490167714882,-0.05970512377929818,0.1293223316896432,2.4837815673590913,5.768920842109524
0.35355114936828613,1.8742915302985064,-0.05970512377929818,0.1299798184406238,2.4837815673590913,5.7699070774866215
0.3773324489593506,1.8749490167714882,-0.05937638035209647,0.13063730519127004,2.4847677973540927,5.768592096984401
0.40273165702819824,1.8752777600080257,-0.05970512377929818,0.131294791941582,2.4837815673590913,5.768592096984401
0.427523136138916,1.8742915302985064,-0.06069135406147996,0.13063730519127004,2.4837815673590913,5.767934606735016
0.4506382942199707,1.873962787062062,-0.05904763692499085,0.1303085618159887,2.4837815673590913,5.769578332360634
0.47606444358825684,1.8736340438256494,-0.05970512377929818,0.1293223316896432,2.4831240806961135,5.767934606735016
0.5002574920654297,1.875606503244595,-0.05904763692499085,0.12307620753861472,2.482795337364732,5.769249587234936
0.5245788097381592,1.8752777600080257,-0.05937638035209647,0.12669238468237293,2.4831240806961135,5.768920842109524
0.5478701591491699,1.876263989717827,-0.058718893497981234,0.1289935883140274,2.482795337364732,5.769249587234936
0.5706861019134521,1.873962787062062,-0.06003386720659601,0.12767861481072734,2.4831240806961135,5.769578332360634
0.5921955108642578,1.8729765573529171,-0.05937638035209647,0.1283361015625448,2.484110310690687,5.768920842109524
0.6143765449523926,1.8749490167714882,-0.05904763692499085,0.1303085618159887,2.4837815673590913,5.770893312866307
0.6371939182281494,1.8752777600080257,-0.05937638035209647,0.1316235353166127,2.484110310690687,5.769249587234936
0.6589078903198242,1.8736340438256494,-0.05937638035209647,0.1309660485664678,2.484110310690687,5.7699070774866215
0.6811575889587402,1.8752777600080257,-0.05937638035209647,0.1309660485664678,2.4847677973540927,5.770893312866307
0.7041459083557129,1.8746202735349815,-0.05937638035209647,0.131294791941582,2.484439054022354,5.770235822612896
0.7279067039489746,1.8733053005892677,-0.05970512377929818,0.1326097654412039,2.484439054022354,5.769578332360634
0.7499558925628662,1.8746202735349815,-0.06167758434452722,0.13063730519127004,2.485096540685903,5.7699070774866215
0.7739565372467041,1.8742915302985064,-0.05970512377929818,0.13228102206642361,2.485096540685903,5.769578332360634
0.7979497909545898,1.8736340438256494,-0.05904763692499085,0.13293850881590075,2.4847677973540927,5.769578332360634
0.8208436965942383,1.8726478141165976,-0.0610200974890662,0.13293850881590075,2.484439054022354,5.772537038504873
0.846085786819458,1.8742915302985064,-0.06003386720659601,0.1309660485664678,2.4847677973540927,5.768592096984401
0.8704674243927002,1.8769214761911848,-0.05937638035209647,0.1326097654412039,2.485096540685903,5.769249587234936
0.8940091133117676,1.8733053005892677,-0.05937638035209647,0.13326725219051416,2.485425284017784,5.768592096984401
0.9175064563751221,1.8749490167714882,-0.06134884091674858,0.1319522786915599,2.485425284017784,5.768592096984401
0.9424517154693604,1.8729765573529171,-0.05904763692499085,0.1319522786915599,2.4857540273497376,5.7699070774866215
0.9665892124176025,1.8742915302985064,-0.05904763692499085,0.131294791941582,2.485425284017784,5.768920842109524
0.9912326335906982,1.8733053005892677,-0.05970512377929818,0.1316235353166127,2.4857540273497376,5.767605861610755
1.0141191482543945,1.8742915302985064,-0.05970512377929818,0.1309660485664678,2.485425284017784,5.769249587234936
1.0366499423980713,1.8749490167714882,-0.06003386720659601,0.1319522786915599,2.486082770681762,5.768592096984401
1.0593369007110596,1.8746202735349815,-0.05904763692499085,0.13228102206642361,2.486411514013858,5.769249587234936
1.0810000896453857,1.8765927329544903,-0.0610200974890662,0.1309660485664678,2.486411514013858,5.7699070774866215
1.1062984466552734,1.8736340438256494,-0.05970512377929818,0.131294791941582,2.4857540273497376,5.768920842109524
1.130967378616333,1.8752777600080257,-0.05970512377929818,0.1316235353166127,2.486411514013858,5.7699070774866215
1.1543347835540771,1.8749490167714882,-0.05970512377929818,0.1326097654412039,2.486411514013858,5.770235822612896
1.1780507564544678,1.8736340438256494,-0.06003386720659601,0.13293850881590075,2.486082770681762,5.768592096984401
1.201580286026001,1.8749490167714882,-0.05970512377929818,0.13392473893949086,2.486411514013858,5.768263351859564
1.2240996360778809,1.8736340438256494,-0.05937638035209647,0.13392473893949086,2.486082770681762,5.767605861610755
1.2446296215057373,1.8736340438256494,-0.05970512377929818,0.13326725219051416,2.486411514013858,5.769578332360634
1.2653746604919434,1.8752777600080257,-0.06003386720659601,0.13392473893949086,2.486082770681762,5.769249587234936
1.285740613937378,1.8746202735349815,-0.06595124891441317,0.1326097654412039,2.486740257346025,5.769249587234936
1.3067550659179688,1.8733053005892677,-0.05937638035209647,0.13293850881590075,2.486411514013858,5.7705645677394575
1.3262884616851807,1.8736340438256494,-0.06003386720659601,0.1335959955650442,2.486740257346025,5.768920842109524
1.346867322921753,1.8736340438256494,-0.0685811963501387,0.1326097654412039,2.486082770681762,5.768592096984401
1.370866298675537,1.8752777600080257,-0.05937638035209647,0.13326725219051416,2.486082770681762,5.7705645677394575
1.394402265548706,1.8742915302985064,-0.058718893497981234,0.1335959955650442,2.486411514013858,5.769249587234936
1.4179015159606934,1.875606503244595,-0.058718893497981234,0.1326097654412039,2.486740257346025,5.768263351859564
1.4412684440612793,1.8742915302985064,-0.05937638035209647,0.13326725219051416,2.486740257346025,5.7699070774866215
1.464045524597168,1.873962787062062,-0.05904763692499085,0.1316235353166127,2.486411514013858,5.768263351859564
1.4865846633911133,1.8752777600080257,-0.05937638035209647,0.13063730519127004,2.486082770681762,5.768920842109524
1.5109772682189941,1.875606503244595,-0.06069135406147996,0.1316235353166127,2.486411514013858,5.768920842109524
1.5351996421813965,1.8752777600080257,-0.05937638035209647,0.1309660485664678,2.486411514013858,5.767934606735016
1.5588176250457764,1.873962787062062,-0.0603626106339899,0.13063730519127004,2.486082770681762,5.769249587234936
1.5820367336273193,1.8746202735349815,-0.0603626106339899,0.1303085618159887,2.486740257346025,5.768592096984401
1.6060361862182617,1.8742915302985064,-0.05904763692499085,0.1303085618159887,2.486740257346025,5.770235822612896
1.6285748481750488,1.8736340438256494,-0.05937638035209647,0.1299798184406238,2.486411514013858,5.768920842109524
1.6541752815246582,1.8746202735349815,-0.05937638035209647,0.12965107506517531,2.486411514013858,5.768592096984401
1.6757431030273438,1.873962787062062,-0.05904763692499085,0.12965107506517531,2.486411514013858,5.768592096984401
1.6967527866363525,1.8749490167714882,-0.05937638035209647,0.12965107506517531,2.487069000678264,5.767605861610755
1.7212750911712646,1.8736340438256494,-0.05904763692499085,0.127349871434693,2.486411514013858,5.767605861610755
1.7451248168945312,1.8736340438256494,-0.05970512377929818,0.12866484493832794,2.486082770681762,5.769578332360634
1.7680652141571045,1.876263989717827,-0.06069135406147996,0.1293223316896432,2.486740257346025,5.767605861610755
1.7930316925048828,1.8749490167714882,-0.05970512377929818,0.12866484493832794,2.486082770681762,5.7699070774866215
1.8172149658203125,1.8736340438256494,-0.06003386720659601,0.12866484493832794,2.486411514013858,5.768592096984401
1.840911865234375,1.8746202735349815,-0.0603626106339899,0.1289935883140274,2.486411514013858,5.767934606735016
1.8649461269378662,1.8742915302985064,-0.05937638035209647,0.12800735818667794,2.486411514013858,5.768920842109524
1.8890533447265625,1.8752777600080257,-0.06003386720659601,0.12965107506517531,2.486411514013858,5.768592096984401
1.9132187366485596,1.8736340438256494,-0.05937638035209647,0.1293223316896432,2.486082770681762,5.768263351859564
1.9367547035217285,1.8729765573529171,-0.05937638035209647,0.12702112805857488,2.486740257346025,5.768920842109524
1.9603002071380615,1.8742915302985064,-0.06003386720659601,0.1293223316896432,2.486740257346025,5.768592096984401
1.9821314811706543,1.8746202735349815,-0.05970512377929818,0.1289935883140274,2.486740257346025,5.768263351859564
2.0061404705047607,1.8736340438256494,-0.05937638035209647,0.1293223316896432,2.486411514013858,5.769578332360634
2.0311155319213867,1.8742915302985064,-0.05937638035209647,0.1293223316896432,2.486740257346025,5.768920842109524
2.0549120903015137,1.873962787062062,-0.05970512377929818,0.1289935883140274,2.486411514013858,5.768920842109524
2.075430393218994,1.8726478141165976,-0.05970512377929818,0.1289935883140274,2.486411514013858,5.767605861610755
2.097414970397949,1.875606503244595,-0.05937638035209647,0.12965107506517531,2.486740257346025,5.767934606735016
2.118515729904175,1.8736340438256494,-0.05937638035209647,0.1289935883140274,2.486740257346025,5.768592096984401
2.1400814056396484,1.8749490167714882,-0.05937638035209647,0.12800735818667794,2.486411514013858,5.769578332360634
2.1650490760803223,1.8746202735349815,-0.05937638035209647,0.12767861481072734,2.486411514013858,5.770235822612896
2.1895806789398193,1.8752777600080257,-0.06003386720659601,0.12800735818667794,2.486411514013858,5.766619626239697
2.2144205570220947,1.8736340438256494,-0.05904763692499085,0.1289935883140274,2.486411514013858,5.768592096984401
2.2376203536987305,1.8736340438256494,-0.06003386720659601,0.12866484493832794,2.486082770681762,5.767934606735016
2.2618653774261475,1.873962787062062,-0.05937638035209647,0.12866484493832794,2.486082770681762,5.768263351859564
2.2835378646850586,1.8742915302985064,-0.05937638035209647,0.1289935883140274,2.486411514013858,5.769578332360634
2.3055529594421387,1.8746202735349815,-0.05904763692499085,0.12866484493832794,2.486740257346025,5.769249587234936
2.327057123184204,1.8736340438256494,-0.05970512377929818,0.12965107506517531,2.486740257346025,5.769249587234936
2.348266839981079,1.8752777600080257,-0.05937638035209647,0.12965107506517531,2.486082770681762,5.768920842109524
2.3696048259735107,1.8749490167714882,-0.05937638035209647,0.1283361015625448,2.486411514013858,5.768263351859564
2.3916916847229004,1.8752777600080257,-0.06003386720659601,0.1289935883140274,2.486082770681762,5.767934606735016
2.4127659797668457,1.873962787062062,-0.06003386720659601,0.12866484493832794,2.486082770681762,5.768592096984401
2.436295509338379,1.873962787062062,-0.06365004491322024,0.12866484493832794,2.486082770681762,5.768263351859564
2.460808753967285,1.8733053005892677,-0.05970512377929818,0.1283361015625448,2.486082770681762,5.768263351859564
2.4813191890716553,1.873962787062062,-0.06069135406147996,0.12636364130608718,2.486082770681762,5.768592096984401
2.5013198852539062,1.8749490167714882,-0.05937638035209647,0.1260348979297176,2.4857540273497376,5.767277116486782
2.521378993988037,1.873962787062062,-0.06003386720659601,0.12636364130608718,2.4857540273497376,5.768592096984401
2.542388916015625,1.8733053005892677,-0.0610200974890662,0.1260348979297176,2.4857540273497376,5.768920842109524
2.5644445419311523,1.8746202735349815,-0.05904763692499085,0.12504866780010554,2.485096540685903,5.767605861610755
2.5849227905273438,1.8729765573529171,-0.05970512377929818,0.12471992442340035,2.4847677973540927,5.768263351859564
2.6059088706970215,1.8729765573529171,-0.05970512377929818,0.12504866780010554,2.484110310690687,5.767934606735016
2.628525733947754,1.873962787062062,-0.06003386720659601,0.123733694292781,2.484110310690687,5.767605861610755
2.652043104171753,1.8746202735349815,-0.0603626106339899,0.1227474641614055,2.484439054022354,5.768263351859564
2.6750540733337402,1.8742915302985064,-0.06069135406147996,0.123733694292781,2.484110310690687,5.768920842109524
2.698056697845459,1.875606503244595,-0.05970512377929818,0.1260348979297176,2.4837815673590913,5.768592096984401
2.721207857131958,1.873962787062062,-0.06003386720659601,0.12570615455326414,2.484439054022354,5.768592096984401
2.744374990463257,1.8746202735349815,-0.05937638035209647,0.1253774111767268,2.483452824027567,5.767605861610755
2.7683780193328857,1.8752777600080257,-0.0603626106339899,0.1260348979297176,2.484110310690687,5.767605861610755
2.79205060005188,1.8726478141165976,-0.06003386720659601,0.12570615455326414,2.484110310690687,5.768263351859564
2.815908670425415,1.8742915302985064,-0.05937638035209647,0.1240624376697381,2.484110310690687,5.766948371363096
2.8394501209259033,1.873962787062062,-0.05937638035209647,0.12439118104661122,2.484110310690687,5.767934606735016
2.8625376224517822,1.8742915302985064,-0.05904763692499085,0.12439118104661122,2.484110310690687,5.768263351859564
2.884981155395508,1.8729765573529171,-0.05937638035209647,0.123733694292781,2.484110310690687,5.767934606735016
2.910264015197754,1.8736340438256494,-0.05937638035209647,0.12471992442340035,2.4837815673590913,5.767605861610755
2.9334967136383057,1.8742915302985064,-0.0603626106339899,0.12504866780010554,2.484439054022354,5.767934606735016
2.9570138454437256,1.873962787062062,-0.05937638035209647,0.1253774111767268,2.4837815673590913,5.768592096984401
2.980947256088257,1.8749490167714882,-0.05937638035209647,0.1253774111767268,2.484110310690687,5.766619626239697
3.005070209503174,1.8752777600080257,-0.05904763692499085,0.1260348979297176,2.484439054022354,5.768263351859564
3.0296132564544678,1.8752777600080257,-0.05970512377929818,0.11781631349316532,2.484110310690687,5.768592096984401
3.0531277656555176,1.8746202735349815,-0.05937638035209647,0.12439118104661122,2.4837815673590913,5.767277116486782
3.076845407485962,1.8729765573529171,-0.06003386720659601,0.12439118104661122,2.484439054022354,5.768592096984401
3.1009881496429443,1.875606503244595,-0.05937638035209647,0.12439118104661122,2.4837815673590913,5.768263351859564
3.124661445617676,1.8729765573529171,-0.05937638035209647,0.1220899774067348,2.4831240806961135,5.767934606735016
3.1490890979766846,1.8729765573529171,-0.05904763692499085,0.12340495091573989,2.482466594033421,5.769249587234936
3.172889471054077,1.873962787062062,-0.05904763692499085,0.123733694292781,2.482137850702182,5.768263351859564
3.196518659591675,1.873962787062062,-0.0603626106339899,0.12307620753861472,2.4814803640399172,5.768263351859564
3.220522165298462,1.873962787062062,-0.05937638035209647,0.1227474641614055,2.4811516207088915,5.768263351859564
3.2459683418273926,1.8749490167714882,-0.05937638035209647,0.1227474641614055,2.4808228773779373,5.766619626239697
3.2700765132904053,1.8746202735349815,-0.05970512377929818,0.1227474641614055,2.4791791607242324,5.766948371363096
3.294233798980713,1.8726478141165976,-0.05937638035209647,0.1224187207841122,2.4795079040548313,5.768592096984401
3.31675386428833,1.8726478141165976,-0.05904763692499085,0.1224187207841122,2.4791791607242324,5.766948371363096
3.336764097213745,1.8733053005892677,-0.05937638035209647,0.12340495091573989,2.4795079040548313,5.767277116486782
3.3574187755584717,1.8736340438256494,-0.058718893497981234,0.12340495091573989,2.480165390716242,5.765962135993763
3.379112720489502,1.8733053005892677,-0.06496501862760906,0.12176123402927327,2.4798366473855014,5.766619626239697
3.401667594909668,1.8733053005892677,-0.05904763692499085,0.12077500389638372,2.4795079040548313,5.767605861610755
3.4216670989990234,1.8736340438256494,-0.06069135406147996,0.12044626051858548,2.480494134047054,5.766619626239697
3.4427833557128906,1.8729765573529171,-0.05937638035209647,0.12044626051858548,2.4795079040548313,5.766948371363096
3.4627888202667236,1.8736340438256494,-0.06003386720659601,0.12176123402927327,2.4791791607242324,5.767605861610755
3.482308864593506,1.8746202735349815,-0.05839015007106768,0.12110374727409776,2.4785216740632476,5.766619626239697
3.5033669471740723,1.8729765573529171,-0.06069135406147996,0.12110374727409776,2.4778641874025475,5.767277116486782
3.525982618331909,1.8723190708803097,-0.05970512377929818,0.12143249065172759,2.476877957412029,5.767934606735016
3.5460972785949707,1.8749490167714882,-0.05937638035209647,0.12110374727409776,2.4762204707520383,5.767934606735016
3.5678253173828125,1.8729765573529171,-0.05904763692499085,0.120117517140703,2.475891727422149,5.767277116486782
3.590721607208252,1.8723190708803097,-0.05904763692499085,0.120117517140703,2.475234240762583,5.767934606735016
3.612947463989258,1.8742915302985064,-0.05937638035209647,0.11913128700654996,2.475234240762583,5.766948371363096
3.634960651397705,1.8736340438256494,-0.05937638035209647,0.12077500389638372,2.474905497432906,5.768920842109524
3.656102180480957,1.8723190708803097,-0.05937638035209647,0.11946003038468526,2.474905497432906,5.766619626239697
3.6751017570495605,1.873962787062062,-0.058718893497981234,0.12077500389638372,2.474905497432906,5.767605861610755
3.6978893280029297,1.8733053005892677,-0.05937638035209647,0.12044626051858548,2.474905497432906,5.766619626239697
3.7208967208862305,1.8733053005892677,-0.0610200974890662,0.12077500389638372,2.4739192674443005,5.767277116486782
3.7417402267456055,1.8719903276440526,-0.06134884091674858,0.12110374727409776,2.4739192674443005,5.765304645748979
3.7644262313842773,1.8733053005892677,-0.05937638035209647,0.1240624376697381,2.4732617807855837,5.766948371363096
3.785940408706665,1.8733053005892677,-0.05970512377929818,0.12077500389638372,2.4739192674443005,5.767605861610755
3.807941198348999,1.8736340438256494,-0.05937638035209647,0.12110374727409776,2.4732617807855837,5.767277116486782
3.8289308547973633,1.8746202735349815,-0.05937638035209647,0.11847380025002636,2.4742480107737648,5.767934606735016
3.84936261177063,1.8733053005892677,-0.05904763692499085,0.12077500389638372,2.4742480107737648,5.766619626239697
3.8693559169769287,1.8752777600080257,-0.05904763692499085,0.12143249065172759,2.4745767541033,5.7662908811165865
3.8909566402435303,1.8723190708803097,-0.05970512377929818,0.1227474641614055,2.4739192674443005,5.765962135993763
3.9102590084075928,1.876263989717827,-0.05904763692499085,0.12044626051858548,2.4739192674443005,5.767605861610755
3.931889295578003,1.8736340438256494,-0.05937638035209647,0.12143249065172759,2.4735905241149068,5.768263351859564
3.952446699142456,1.8733053005892677,-0.05904763692499085,0.12044626051858548,2.4739192674443005,5.767277116486782
3.9741127490997314,1.8726478141165976,-0.05904763692499085,0.12077500389638372,2.4735905241149068,5.766619626239697
3.99411940574646,1.8729765573529171,-0.06069135406147996,0.1220899774067348,2.4739192674443005,5.767277116486782
4.015061140060425,1.8746202735349815,-0.05937638035209647,0.1220899774067348,2.4742480107737648,5.767605861610755
4.036737680435181,1.8742915302985064,-0.05970512377929818,0.12077500389638372,2.4739192674443005,5.766948371363096
4.058905601501465,1.8719903276440526,-0.05937638035209647,0.12176123402927327,2.4739192674443005,5.767277116486782
4.08172345161438,1.8729765573529171,-0.05937638035209647,0.1220899774067348,2.4739192674443005,5.766948371363096
4.102245807647705,1.8746202735349815,-0.05937638035209647,0.12340495091573989,2.4742480107737648,5.765962135993763
4.121245622634888,1.8733053005892677,-0.058718893497981234,0.12340495091573989,2.4742480107737648,5.768263351859564
4.142809152603149,1.8726478141165976,-0.05970512377929818,0.12340495091573989,2.4739192674443005,5.768263351859564
4.16234016418457,1.8726478141165976,-0.05937638035209647,0.12340495091573989,2.4739192674443005,5.766948371363096
4.1832122802734375,1.8726478141165976,-0.05970512377929818,0.1240624376697381,2.4739192674443005,5.767934606735016
4.205686807632446,1.8736340438256494,-0.0603626106339899,0.1227474641614055,2.4745767541033,5.766619626239697
4.23021388053894,1.8736340438256494,-0.05970512377929818,0.1227474641614055,2.4739192674443005,5.766948371363096
4.25391411781311,1.8729765573529171,-0.0610200974890662,0.1220899774067348,2.4739192674443005,5.767605861610755
4.277491331100464,1.8723190708803097,-0.0610200974890662,0.1224187207841122,2.4735905241149068,5.7662908811165865
4.299544334411621,1.8726478141165976,-0.0610200974890662,0.1240624376697381,2.4732617807855837,5.766619626239697
4.323431968688965,1.8726478141165976,-0.06003386720659601,0.12471992442340035,2.4729330374563308,5.767605861610755
4.346949815750122,1.8736340438256494,-0.05937638035209647,0.1240624376697381,2.4732617807855837,5.7662908811165865
4.370699405670166,1.8742915302985064,-0.06430753177022186,0.1227474641614055,2.4719468074689974,5.767277116486782
4.391658544540405,1.8723190708803097,-0.05937638035209647,0.12176123402927327,2.470631834153541,5.767605861610755
4.411657333374023,1.8736340438256494,-0.06167758434452722,0.12143249065172759,2.469316860839212,5.766619626239697
4.434176445007324,1.8726478141165976,-0.06069135406147996,0.12176123402927327,2.4699743474962355,5.767605861610755
4.456709146499634,1.8716615844078264,-0.05937638035209647,0.1220899774067348,2.46865937418247,5.767605861610755
4.479300022125244,1.8723190708803097,-0.06003386720659601,0.12143249065172759,2.468330630854205,5.768263351859564
4.501327037811279,1.873962787062062,-0.05904763692499085,0.12044626051858548,2.4673444008698304,5.767934606735016
4.525839805603027,1.8736340438256494,-0.06069135406147996,0.12044626051858548,2.466686914213932,5.767277116486782
4.549363374710083,1.873962787062062,-0.05937638035209647,0.11978877376273626,2.4657006842306117,5.767934606735016
4.5719640254974365,1.8736340438256494,-0.05839015007106768,0.11978877376273626,2.4637282242658647,5.766619626239697
4.594882011413574,1.8733053005892677,-0.05937638035209647,0.12077500389638372,2.462741994284437,5.767605861610755
4.618628740310669,1.8723190708803097,-0.05937638035209647,0.11946003038468526,2.458797074365018,5.767277116486782
4.644221305847168,1.8710040979354672,-0.0603626106339899,0.120117517140703,2.4548521544556374,5.767605861610755
4.667238235473633,1.8729765573529171,-0.05970512377929818,0.11847380025002636,2.4499210045829716,5.766619626239697
4.689754247665405,1.8723190708803097,-0.05970512377929818,0.11617259659953523,2.4446611114026036,5.767934606735016
4.713177680969238,1.8693603817551123,-0.05970512377929818,0.11485762308311002,2.4384149882737796,5.7662908811165865
4.736817359924316,1.8703466114632323,-0.05904763692499085,0.11781631349316532,2.4305251485673676,5.768920842109524
4.75935435295105,1.8706753546993344,-0.05937638035209647,0.11946003038468526,2.4272377153679146,5.765962135993763
4.781036615371704,1.8696891249911216,-0.05970512377929818,0.12340495091573989,2.4275664586875556,5.767934606735016
4.802284240722656,1.8703466114632323,-0.06365004491322024,0.12767861481072734,2.433155095131814,5.766619626239697
4.822311162948608,1.8696891249911216,-0.05904763692499085,0.1358971991844214,2.4413736781738207,5.765633390871227
4.841836214065552,1.8706753546993344,-0.06069135406147996,0.1388558895462016,2.451564721205462,5.765962135993763
4.862681150436401,1.8719903276440526,-0.05970512377929818,0.1404996064109505,2.4620845076305016,5.7662908811165865
4.887610673904419,1.8733053005892677,-0.06003386720659601,0.1349109690623309,2.4716180641400274,5.766619626239697
4.909574031829834,1.8752777600080257,-0.0610200974890662,0.12965107506517531,2.4732617807855837,5.764975900627017
4.931166887283325,1.8723190708803097,-0.06003386720659601,0.12636364130608718,2.46865937418247,5.766948371363096
4.954682350158691,1.8736340438256494,-0.05970512377929818,0.120117517140703,2.458797074365018,5.765962135993763
4.977346181869507,1.8719903276440526,-0.05970512377929818,0.11814505687163804,2.4499210045829716,5.767605861610755
5.000346899032593,1.8723190708803097,-0.05937638035209647,0.11978877376273626,2.4400587048842293,5.7662908811165865
5.02288556098938,1.8706753546993344,-0.058718893497981234,0.12307620753861472,2.4298676619269353,5.767934606735016
5.0459372997283936,1.8703466114632323,-0.06003386720659601,0.127349871434693,2.423950282175225,5.766948371363096
5.069459438323975,1.8713328411716312,-0.05970512377929818,0.13293850881590075,2.4275664586875556,5.766619626239697
5.093457221984863,1.8696891249911216,-0.05904763692499085,0.13556845581047447,2.4361137850220214,5.770235822612896
5.116461515426636,1.8716615844078264,-0.05904763692499085,0.13852714617300282,2.447291057990581,5.7699070774866215
5.139122724533081,1.8733053005892677,-0.06069135406147996,0.14082834978365144,2.4597833043439303,5.768592096984401
5.162637948989868,1.8716615844078264,-0.0603626106339899,0.1352397124364443,2.4696456041676886,5.766948371363096
5.186154842376709,1.8729765573529171,-0.05937638035209647,0.12866484493832794,2.46865937418247,5.766619626239697
5.209155321121216,1.8733053005892677,-0.05937638035209647,0.12570615455326414,2.4597833043439303,5.7662908811165865
5.228689432144165,1.8736340438256494,-0.06069135406147996,0.12471992442340035,2.451564721205462,5.765633390871227
5.24821925163269,1.8710040979354672,-0.05904763692499085,0.12077500389638372,2.4446611114026036,5.764647155505344
5.27073335647583,1.8726478141165976,-0.0603626106339899,0.11880254362833033,2.4377575016300783,5.763660920142047
5.293221473693848,1.8700178682271615,-0.05937638035209647,0.12077500389638372,2.432168865169637,5.764647155505344
5.31372332572937,1.8703466114632323,-0.05937638035209647,0.12439118104661122,2.4275664586875556,5.764975900627017
5.3337790966033936,1.8713328411716312,-0.0603626106339899,0.12702112805857488,2.425593998770726,5.765304645748979
5.355292320251465,1.8700178682271615,-0.05970512377929818,0.1326097654412039,2.4246077688132233,5.765962135993763
5.375810861587524,1.8703466114632323,-0.05937638035209647,0.1362259425582851,2.423950282175225,5.764318410383957
5.399302959442139,1.8716615844078264,-0.06167758434452722,0.13786965942635615,2.423621538856328,5.765304645748979
5.422435760498047,1.8706753546993344,-0.05970512377929818,0.1349109690623309,2.422964052218734,5.763003429901286
5.441985607147217,1.8700178682271615,-0.06003386720659601,0.1326097654412039,2.421320335625929,5.764318410383957
5.463703155517578,1.8690316385191341,-0.05937638035209647,0.1289935883140274,2.421977822262849,5.762017194542297
5.485419750213623,1.8696891249911216,-0.05970512377929818,0.1303085618159887,2.4259227420900284,5.763989665262859
5.504825830459595,1.8706753546993344,-0.05937638035209647,0.1335959955650442,2.4357850417006146,5.766619626239697
5.524380683898926,1.8696891249911216,-0.058718893497981234,0.13951337629235006,2.4486060312862237,5.767605861610755
5.544564962387085,1.8693603817551123,-0.05970512377929818,0.14378704013423257,2.4610982776501236,5.7699070774866215
5.565849781036377,1.8729765573529171,-0.05970512377929818,0.14082834978365144,2.4735905241149068,5.769249587234936
5.585193634033203,1.8749490167714882,-0.05806140664425011,0.13392473893949086,2.4791791607242324,5.770893312866307
5.604926347732544,1.8733053005892677,-0.05937638035209647,0.1309660485664678,2.477535444072304,5.770235822612896
5.62556004524231,1.8733053005892677,-0.05970512377929818,0.1299798184406238,2.4630707376115097,5.767277116486782
5.646202325820923,1.8710040979354672,-0.06134884091674858,0.1299798184406238,2.447619801314388,5.766619626239697
5.666454076766968,1.8710040979354672,-0.0603626106339899,0.1299798184406238,2.4354562983792762,5.759058488480838
5.687087297439575,1.8700178682271615,-0.06200632777240203,0.1293223316896432,2.4272377153679146,5.757086017786113
5.709091663360596,1.8693603817551123,-0.05937638035209647,0.1293223316896432,2.422964052218734,5.757414762901184
5.728624105453491,1.8703466114632323,-0.05970512377929818,0.1289935883140274,2.423621538856328,5.756099782442624
5.750618934631348,1.8700178682271615,-0.05937638035209647,0.1293223316896432,2.4288814319667944,5.75675727267133
5.772603988647461,1.8700178682271615,-0.05904763692499085,0.1358971991844214,2.4446611114026036,5.759715978714707
5.794527530670166,1.8719903276440526,-0.058718893497981234,0.14773196059125704,2.468330630854205,5.764647155505344
5.815014362335205,1.8746202735349815,-0.06003386720659601,0.1526631111458486,2.4893702040059424,5.766619626239697
5.835070848464966,1.8752777600080257,-0.06003386720659601,0.14214332327362658,2.5041636540538295,5.768920842109524
5.856269359588623,1.876263989717827,-0.06069135406147996,0.1375409160529082,2.5087660607653266,5.770235822612896
5.876524209976196,1.8759352464811956,-0.06003386720659601,0.1358971991844214,2.503506167381923,5.768592096984401
5.898147106170654,1.8742915302985064,-0.06003386720659601,0.1342534823138542,2.4903564340045943,5.765304645748979
5.919636249542236,1.8729765573529171,-0.06069135406147996,0.1303085618159887,2.4735905241149068,5.761688449423208
5.940730333328247,1.8716615844078264,-0.0610200974890662,0.12767861481072734,2.4581395877127585,5.754784801988653
5.959975719451904,1.8706753546993344,-0.06003386720659601,0.123733694292781,2.4482772879622097,5.748538644894914
5.983099699020386,1.8713328411716312,-0.06167758434452722,0.12866484493832794,2.44170242149639,5.742949978109178
6.0061304569244385,1.8696891249911216,-0.05970512377929818,0.1293223316896432,2.440387448206524,5.7390050368984165
6.027765989303589,1.8713328411716312,-0.05937638035209647,0.131294791941582,2.445976084696041,5.736703821211138
6.0482635498046875,1.8713328411716312,-0.05937638035209647,0.14017086303816662,2.4601120476703735,5.737032566308463
6.06878924369812,1.8726478141165976,-0.05970512377929818,0.1533205978850633,2.4811516207088915,5.740320017297431
6.088776350021362,1.8733053005892677,-0.058718893497981234,0.15529305810073848,2.499889990691628,5.744264958521913
6.109859466552734,1.8733053005892677,-0.05937638035209647,0.14477327024960363,2.5130397241530993,5.744593703625812
6.132341623306274,1.8749490167714882,-0.05904763692499085,0.13721217267937713,2.516655900875502,5.750839860654259
6.1528754234313965,1.8752777600080257,-0.06003386720659601,0.1335959955650442,2.510409777451469,5.751497350873793
6.174398899078369,1.8746202735349815,-0.05937638035209647,0.13063730519127004,2.4946300973395603,5.750839860654259
6.197392225265503,1.8723190708803097,-0.05937638035209647,0.1260348979297176,2.4762204707520383,5.750839860654259
6.217396020889282,1.8723190708803097,-0.05970512377929818,0.1253774111767268,2.4624132509574346,5.7478811546805355
6.237032175064087,1.8706753546993344,-0.06003386720659601,0.1227474641614055,2.4522222078549425,5.744264958521913
6.2595374584198,1.8700178682271615,-0.058718893497981234,0.12439118104661122,2.4436748814332474,5.742621233006709
6.283230781555176,1.8700178682271615,-0.05937638035209647,0.12504866780010554,2.439072474917754,5.7396625270973525
6.3053367137908936,1.8693603817551123,-0.06069135406147996,0.1303085618159887,2.44104493485132,5.740977507498653
6.326034307479858,1.8703466114632323,-0.06167758434452722,0.13392473893949086,2.4512359778808253,5.745579938939224
6.346447706222534,1.8716615844078264,-0.0603626106339899,0.14378704013423257,2.4680018875260092,5.7478811546805355
6.365468978881836,1.8723190708803097,-0.058718893497981234,0.15134813766643368,2.4857540273497376,5.752154841094472
6.3869898319244385,1.873962787062062,-0.05937638035209647,0.1411570931562695,2.4975887873478224,5.755442292215065
6.408080816268921,1.8742915302985064,-0.05904763692499085,0.1349109690623309,2.4992325040216072,5.7587297433643325
6.428159475326538,1.8736340438256494,-0.05937638035209647,0.1316235353166127,2.4887127173405332,5.758072253132185
6.4472434520721436,1.8703466114632323,-0.05904763692499085,0.13228102206642361,2.4735905241149068,5.758400998248115
6.467219114303589,1.8716615844078264,-0.06003386720659601,0.1316235353166127,2.4581395877127585,5.757086017786113
6.486732244491577,1.8713328411716312,-0.05970512377929818,0.1303085618159887,2.4456473413725788,5.75346982153927
6.509909629821777,1.8690316385191341,-0.05970512377929818,0.12636364130608718,2.4361137850220214,5.751826095983989
6.533463478088379,1.8693603817551123,-0.0603626106339899,0.12471992442340035,2.4272377153679146,5.748538644894914
6.555096387863159,1.8700178682271615,-0.058718893497981234,0.12702112805857488,2.423292795537497,5.747223664467302
6.5751793384552,1.868702895283187,-0.0603626106339899,0.13228102206642361,2.426908972048342,5.7482098997875815
6.596715450286865,1.8683741520472705,-0.05937638035209647,0.13852714617300282,2.440716191528888,5.751497350873793
6.6177167892456055,1.8719903276440526,-0.05970512377929818,0.17173022645042826,2.4637282242658647,5.754784801988653
6.639364957809448,1.8723190708803097,-0.05937638035209647,0.161539182097605,2.4818091073710145,5.759387233597629
6.6621551513671875,1.8749490167714882,-0.05970512377929818,0.14444452687789594,2.492657637337296,5.761359704304407
6.683779239654541,1.8742915302985064,-0.05937638035209647,0.1362259425582851,2.4920001506704503,5.762674684781335
6.705770969390869,1.8726478141165976,-0.0610200974890662,0.1352397124364443,2.4818091073710145,5.761688449423208
6.726273775100708,1.8726478141165976,-0.06167758434452722,0.14148583652880473,2.469316860839212,5.761030959185893
6.7480480670928955,1.8713328411716312,-0.05904763692499085,0.1388558895462016,2.4545234111303076,5.756428527556833
6.7706217765808105,1.8713328411716312,-0.06069135406147996,0.131294791941582,2.442359908141735,5.7528123313162975
6.793968439102173,1.8693603817551123,-0.05937638035209647,0.12570615455326414,2.432497608490295,5.748538644894914
6.817965507507324,1.8683741520472705,-0.05904763692499085,0.12767861481072734,2.4295389186068204,5.747223664467302
6.83906364440918,1.8700178682271615,-0.05904763692499085,0.13063730519127004,2.4361137850220214,5.746566174255212
6.860581636428833,1.8700178682271615,-0.05937638035209647,0.13984211966529983,2.4522222078549425,5.748538644894914
6.883200168609619,1.8713328411716312,-0.05904763692499085,0.18553744770784103,2.4795079040548313,5.7511686057638824
6.90320086479187,1.8742915302985064,-0.058718893497981234,0.16975776625919192,2.5031774240460787,5.754456056875878
6.924236297607422,1.8752777600080257,-0.05970512377929818,0.15101939429637448,2.5150121841823996,5.75675727267133
6.946977853775024,1.8752777600080257,-0.06003386720659601,0.13721217267937713,2.518957104248933,5.759058488480838
6.970547437667847,1.8765927329544903,-0.06003386720659601,0.13918463291931732,2.5113960074640316,5.758072253132185
6.992787599563599,1.8736340438256494,-0.06003386720659601,0.14148583652880473,2.4943013540056693,5.755442292215065
7.014884948730469,1.8729765573529171,-0.06003386720659601,0.14148583652880473,2.4788504173937045,5.751826095983989
7.040203809738159,1.8733053005892677,-0.05937638035209647,0.13655468593206563,2.464056967593147,5.7482098997875815
7.060810565948486,1.8696891249911216,-0.0603626106339899,0.1283361015625448,2.4558383844320435,5.744922448729997
7.08133864402771,1.8713328411716312,-0.05904763692499085,0.1289935883140274,2.453208437829683,5.745579938939224
7.102338790893555,1.8723190708803097,-0.0610200974890662,0.13326725219051416,2.4581395877127585,5.7439362134183005
7.123375654220581,1.8723190708803097,-0.05937638035209647,0.13688342930576294,2.4722755507980385,5.746566174255212
7.1471216678619385,1.8733053005892677,-0.05937638035209647,0.14543075699277114,2.4979175306824346,5.750182370435872
7.1702539920806885,1.873962787062062,-0.05937638035209647,0.1533205978850633,2.5219157943057935,5.752154841094472
7.194772005081177,1.8765927329544903,-0.05937638035209647,0.13786965942635615,2.5301343778285146,5.754456056875878
7.217127799987793,1.8765927329544903,-0.06003386720659601,0.1289935883140274,2.5232307676663175,5.756428527556833
7.239667177200317,1.8742915302985064,-0.05937638035209647,0.1299798184406238,2.507779830754518,5.753798566651185
7.263375997543335,1.8742915302985064,-0.05937638035209647,0.1303085618159887,2.490685177337622,5.7511686057638824
7.285304069519043,1.8752777600080257,-0.05904763692499085,0.12702112805857488,2.477535444072304,5.747223664467302
7.309313058853149,1.8729765573529171,-0.05937638035209647,0.12307620753861472,2.466686914213932,5.747223664467302
7.3328588008880615,1.8706753546993344,-0.06134884091674858,0.12570615455326414,2.4620845076305016,5.745579938939224
7.355639696121216,1.8700178682271615,-0.05937638035209647,0.127349871434693,2.4630707376115097,5.746566174255212
7.376172065734863,1.8716615844078264,-0.05970512377929818,0.131294791941582,2.4712893208111284,5.749853625327107
7.39816427230835,1.8726478141165976,-0.06003386720659601,0.14345829676227684,2.489041460673202,5.751826095983989
7.421694993972778,1.875606503244595,-0.0666087357727651,0.1608816953624813,2.5133684674911327,5.756099782442624
7.4434731006622314,1.8746202735349815,-0.05937638035209647,0.1404996064109505,2.524545741028025,5.756428527556833
7.464120864868164,1.8765927329544903,-0.05970512377929818,0.1345822256881342,2.5232307676663175,5.75675727267133
7.486660480499268,1.8752777600080257,-0.05970512377929818,0.13063730519127004,2.5090948041024093,5.754456056875878
7.507943630218506,1.8733053005892677,-0.0603626106339899,0.1319522786915599,2.4913426640038927,5.7505111155449224
7.527461051940918,1.8723190708803097,-0.06167758434452722,0.12965107506517531,2.477206700742131,5.7478811546805355
7.548219919204712,1.8710040979354672,-0.05970512377929818,0.12669238468237293,2.4657006842306117,5.743607468314974
7.571115732192993,1.8700178682271615,-0.05937638035209647,0.1224187207841122,2.4555096411065054,5.740977507498653
7.5918128490448,1.8703466114632323,-0.05970512377929818,0.1253774111767268,2.44926351793446,5.741306252599692
7.611795663833618,1.8700178682271615,-0.05970512377929818,0.12636364130608718,2.447291057990581,5.740977507498653
7.6313111782073975,1.8710040979354672,-0.05937638035209647,0.1293223316896432,2.4525509511797865,5.7439362134183005
7.6533098220825195,1.8710040979354672,-0.05970512377929818,0.13556845581047447,2.464056967593147,5.7459086840442675
7.675870418548584,1.8710040979354672,-0.06003386720659601,0.13852714617300282,2.482137850702182,5.74952488021863
7.699952840805054,1.873962787062062,-0.05904763692499085,0.1404996064109505,2.494958840673523,5.7505111155449224
7.720206260681152,1.8726478141165976,-0.06167758434452722,0.13688342930576294,2.4969313006788143,5.75346982153927
7.741320610046387,1.8729765573529171,-0.05904763692499085,0.13984211966529983,2.490685177337622,5.74952488021863
7.76191258430481,1.8736340438256494,-0.05970512377929818,0.13688342930576294,2.480165390716242,5.7505111155449224
7.782520294189453,1.8700178682271615,-0.05904763692499085,0.1319522786915599,2.468988117510806,5.748538644894914
7.8017494678497314,1.8729765573529171,-0.05970512377929818,0.12340495091573989,2.4574821010607772,5.745579938939224
7.824024438858032,1.8703466114632323,-0.05904763692499085,0.12176123402927327,2.4469623146668424,5.748538644894914
7.846754789352417,1.8710040979354672,-0.06726622263150323,0.12669238468237293,2.4400587048842293,5.7475524095737756
7.86835503578186,1.8696891249911216,-0.05970512377929818,0.13063730519127004,2.440716191528888,5.747223664467302
7.890565633773804,1.8703466114632323,-0.05970512377929818,0.13918463291931732,2.4548521544556374,5.74952488021863
7.91333532333374,1.8706753546993344,-0.05937638035209647,0.16745656269906428,2.4781929307328623,5.7524835862052415
7.9356303215026855,1.873962787062062,-0.0666087357727651,0.1411570931562695,2.4923288940038377,5.753141076427641
7.957834482192993,1.8736340438256494,-0.05970512377929818,0.13556845581047447,2.494958840673523,5.753798566651185
7.981056451797485,1.8726478141165976,-0.0603626106339899,0.1309660485664678,2.4883839740079363,5.7524835862052415
8.005109071731567,1.8719903276440526,-0.0603626106339899,0.12800735818667794,2.4732617807855837,5.7482098997875815
8.02706789970398,1.8713328411716312,-0.05937638035209647,0.1283361015625448,2.4568246144090753,5.7459086840442675
8.050018548965454,1.8703466114632323,-0.05970512377929818,0.12439118104661122,2.44268865146451,5.742949978109178
8.073450326919556,1.8700178682271615,-0.0610200974890662,0.1227474641614055,2.4295389186068204,5.740648762397899
8.098544120788574,1.8693603817551123,-0.05904763692499085,0.1224187207841122,2.420334105671053,5.741634997701018
8.123172760009766,1.8693603817551123,-0.0603626106339899,0.12176123402927327,2.4167179291750096,5.739991272197249
8.146905183792114,1.8660729493967179,-0.06003386720659601,0.12504866780010554,2.4163891858575894,5.740320017297431
8.170341491699219,1.8696891249911216,-0.05970512377929818,0.11814505687163804,2.4209915923075696,5.742621233006709
8.19382643699646,1.8696891249911216,-0.05937638035209647,0.1253774111767268,2.4288814319667944,5.7439362134183005
8.215024948120117,1.8703466114632323,-0.05970512377929818,0.12636364130608718,2.4374287583083305,5.7462374291495975
8.23481822013855,1.8706753546993344,-0.058718893497981234,0.1260348979297176,2.442359908141735,5.7475524095737756
8.254340887069702,1.8710040979354672,-0.0603626106339899,0.12044626051858548,2.44268865146451,5.7482098997875815
8.274719476699829,1.8690316385191341,-0.05904763692499085,0.11715882673596666,2.4400587048842293,5.7482098997875815
8.294245958328247,1.868702895283187,-0.05937638035209647,0.11880254362833033,2.433483838452676,5.748538644894914
8.317229270935059,1.868045408811385,-0.05904763692499085,0.11847380025002636,2.4246077688132233,5.7462374291495975
8.339104652404785,1.8696891249911216,-0.0603626106339899,0.11946003038468526,2.415074212588578,5.746894919361114
8.359130382537842,1.8683741520472705,-0.05970512377929818,0.11913128700654996,2.4042256831599103,5.745579938939224
8.379641056060791,1.867059179103913,-0.0603626106339899,0.12110374727409776,2.395020870367841,5.745251193834468
8.398643970489502,1.867059179103913,-0.05937638035209647,0.12176123402927327,2.3868022875611965,5.744922448729997
8.418166160583496,1.8660729493967179,-0.05904763692499085,0.12143249065172759,2.3812136512758943,5.7439362134183005
8.439693212509155,1.8660729493967179,-0.05904763692499085,0.1220899774067348,2.3785837047951603,5.745579938939224
8.459203958511353,1.865415462925408,-0.05970512377929818,0.12471992442340035,2.3795699347249517,5.745579938939224
8.481719970703125,1.8667304358681505,-0.05970512377929818,0.1289935883140274,2.382857367828452,5.745251193834468
8.503970384597778,1.8660729493967179,-0.06003386720659601,0.1316235353166127,2.3868022875611965,5.746894919361114
8.527483701705933,1.8647579764542206,-0.05937638035209647,0.1316235353166127,2.3927196671778677,5.7478811546805355
8.550272464752197,1.8673879223397063,-0.05904763692499085,0.1349109690623309,2.3996232767574255,5.748867390002532
8.57030987739563,1.8683741520472705,-0.05904763692499085,0.13688342930576294,2.405211913104984,5.7505111155449224
8.589873552322388,1.8673879223397063,-0.05904763692499085,0.13852714617300282,2.409814319523213,5.751497350873793
8.609846830368042,1.8683741520472705,-0.05970512377929818,0.13786965942635615,2.4140879826375214,5.751826095983989
8.629486799240112,1.8677166655755302,-0.05937638035209647,0.1388558895462016,2.415402955905731,5.7511686057638824
8.653224468231201,1.8683741520472705,-0.05904763692499085,0.13852714617300282,2.417704159127671,5.7524835862052415
8.673771381378174,1.8673879223397063,-0.05970512377929818,0.1358971991844214,2.417704159127671,5.7524835862052415
8.69567584991455,1.868045408811385,-0.05970512377929818,0.13688342930576294,2.4167179291750096,5.7524835862052415
8.717369556427002,1.868045408811385,-0.05904763692499085,0.1358971991844214,2.4160604425402363,5.75346982153927
8.738476514816284,1.8690316385191341,-0.05904763692499085,0.13655468593206563,2.4144167259544735,5.753141076427641
8.761197566986084,1.868702895283187,-0.05937638035209647,0.13786965942635615,2.4140879826375214,5.754456056875878
8.783126831054688,1.8690316385191341,-0.05937638035209647,0.138198402799721,2.4134304960038175,5.754456056875878
8.805471420288086,1.868702895283187,-0.05937638035209647,0.13852714617300282,2.413759239320636,5.7528123313162975
8.82831072807312,1.8677166655755302,-0.06003386720659601,0.13918463291931732,2.4131017526870657,5.7528123313162975
8.849401473999023,1.868702895283187,-0.0603626106339899,0.138198402799721,2.4127730093703805,5.75346982153927
8.871896028518677,1.868702895283187,-0.06003386720659601,0.13786965942635615,2.4124442660537624,5.753798566651185
8.893404960632324,1.8690316385191341,-0.05937638035209647,0.13918463291931732,2.4124442660537624,5.75346982153927
8.915202856063843,1.8690316385191341,-0.05904763692499085,0.14017086303816662,2.4144167259544735,5.753141076427641
8.937719821929932,1.8700178682271615,-0.06003386720659601,0.13951337629235006,2.415402955905731,5.755113547101716
8.958601474761963,1.868702895283187,-0.06003386720659601,0.13984211966529983,2.41573169922295,5.753798566651185
8.980021476745605,1.8683741520472705,-0.05937638035209647,0.1388558895462016,2.41737541581005,5.753141076427641
9.002933979034424,1.868702895283187,-0.0610200974890662,0.13918463291931732,2.418032902445359,5.7524835862052415
9.025463104248047,1.8677166655755302,-0.06003386720659601,0.13918463291931732,2.4190191323988253,5.753141076427641
9.048506498336792,1.8683741520472705,-0.06003386720659601,0.13852714617300282,2.4200053623528954,5.754784801988653
9.073278903961182,1.8683741520472705,-0.0603626106339899,0.13721217267937713,2.4206628489892776,5.754456056875878
9.097231149673462,1.8683741520472705,-0.05937638035209647,0.13852714617300282,2.4206628489892776,5.754456056875878
9.120927095413208,1.8673879223397063,-0.05904763692499085,0.13852714617300282,2.4209915923075696,5.754456056875878
9.145026206970215,1.8683741520472705,-0.06595124891441317,0.13786965942635615,2.421320335625929,5.753798566651185
9.169409990310669,1.8683741520472705,-0.05904763692499085,0.13786965942635615,2.4206628489892776,5.753798566651185
9.193325996398926,1.868702895283187,-0.05970512377929818,0.138198402799721,2.421320335625929,5.753798566651185
9.215849161148071,1.8690316385191341,-0.05937638035209647,0.1375409160529082,2.4216490789443554,5.754127311763388
9.238861322402954,1.8696891249911216,-0.05839015007106768,0.1375409160529082,2.4216490789443554,5.75346982153927
9.264615297317505,1.868045408811385,-0.05904763692499085,0.13721217267937713,2.4206628489892776,5.755113547101716
9.288058280944824,1.8696891249911216,-0.05904763692499085,0.1375409160529082,2.4209915923075696,5.754127311763388
9.31248950958252,1.8690316385191341,-0.06003386720659601,0.13688342930576294,2.421977822262849,5.752154841094472
9.33675241470337,1.868702895283187,-0.05970512377929818,0.1358971991844214,2.4209915923075696,5.753141076427641
9.360957145690918,1.8700178682271615,-0.05937638035209647,0.13556845581047447,2.4216490789443554,5.754127311763388
9.3844895362854,1.8703466114632323,-0.06003386720659601,0.1375409160529082,2.42230656558141,5.754127311763388
9.407610893249512,1.868702895283187,-0.05970512377929818,0.138198402799721,2.421977822262849,5.753798566651185
9.430241823196411,1.8677166655755302,-0.05970512377929818,0.13721217267937713,2.421977822262849,5.754127311763388
9.454102516174316,1.8683741520472705,-0.05937638035209647,0.13721217267937713,2.422635308900038,5.753798566651185
9.47678017616272,1.8673879223397063,-0.05970512377929818,0.13786965942635615,2.422635308900038,5.755442292215065
9.501015186309814,1.8700178682271615,-0.05904763692499085,0.13786965942635615,2.422964052218734,5.753798566651185
9.524773120880127,1.8690316385191341,-0.05937638035209647,0.1362259425582851,2.423292795537497,5.755771037328701
9.547036409378052,1.868702895283187,-0.05904763692499085,0.13556845581047447,2.422964052218734,5.755771037328701
9.568548679351807,1.8696891249911216,-0.06134884091674858,0.1342534823138542,2.423292795537497,5.755113547101716
9.590134620666504,1.8696891249911216,-0.05937638035209647,0.13392473893949086,2.422964052218734,5.755113547101716
9.612065315246582,1.868702895283187,-0.0610200974890662,0.13392473893949086,2.422635308900038,5.754127311763388
9.633602380752563,1.8706753546993344,-0.05970512377929818,0.13392473893949086,2.42230656558141,5.753798566651185
9.65514326095581,1.8693603817551123,-0.05904763692499085,0.1352397124364443,2.423292795537497,5.755442292215065
9.67514705657959,1.8696891249911216,-0.05937638035209647,0.1342534823138542,2.422964052218734,5.755771037328701
9.696711540222168,1.8703466114632323,-0.05904763692499085,0.1345822256881342,2.423292795537497,5.755442292215065
9.71766471862793,1.8693603817551123,-0.05904763692499085,0.13556845581047447,2.422964052218734,5.756099782442624
9.739371061325073,1.8696891249911216,-0.0603626106339899,0.1358971991844214,2.423621538856328,5.753141076427641
9.759419441223145,1.8690316385191341,-0.05937638035209647,0.1358971991844214,2.423292795537497,5.754127311763388
9.77895998954773,1.8706753546993344,-0.06069135406147996,0.13688342930576294,2.423950282175225,5.755113547101716
9.800028562545776,1.8690316385191341,-0.06266381462844045,0.13655468593206563,2.423950282175225,5.755442292215065
9.82262659072876,1.8683741520472705,-0.0652937620564473,0.1289935883140274,2.423950282175225,5.754456056875878
9.84359860420227,1.8693603817551123,-0.05970512377929818,0.1358971991844214,2.4246077688132233,5.755113547101716
9.8644437789917,1.8696891249911216,-0.05937638035209647,0.13556845581047447,2.4246077688132233,5.754784801988653
9.88905119895935,1.8706753546993344,-0.05937638035209647,0.1362259425582851,2.424936512132323,5.755771037328701
9.90805435180664,1.8706753546993344,-0.05937638035209647,0.14017086303816662,2.4259227420900284,5.758072253132185
9.929628133773804,1.8696891249911216,-0.06003386720659601,0.1362259425582851,2.424936512132323,5.754784801988653
9.952773094177246,1.8703466114632323,-0.05904763692499085,0.13655468593206563,2.424936512132323,5.753798566651185
9.975280046463013,1.8683741520472705,-0.0603626106339899,0.13655468593206563,2.4252652554514906,5.754784801988653
9.995280981063843,1.868702895283187,-0.05904763692499085,0.1358971991844214,2.425593998770726,5.754784801988653
10.018365621566772,1.868702895283187,-0.05937638035209647,0.1358971991844214,2.4259227420900284,5.754127311763388
10.041010618209839,1.8700178682271615,-0.05937638035209647,0.1358971991844214,2.4262514854093986,5.754456056875878
10.062665462493896,1.8683741520472705,-0.06003386720659601,0.13655468593206563,2.4272377153679146,5.754456056875878
10.084298133850098,1.8700178682271615,-0.058718893497981234,0.1362259425582851,2.42822394532704,5.754456056875878
10.107188701629639,1.8703466114632323,-0.06003386720659601,0.1358971991844214,2.428552688646883,5.753141076427641
10.127904653549194,1.8690316385191341,-0.05904763692499085,0.13556845581047447,2.428552688646883,5.755771037328701
10.149153232574463,1.8690316385191341,-0.05970512377929818,0.13655468593206563,2.42822394532704,5.754456056875878
10.170640468597412,1.8706753546993344,-0.05937638035209647,0.13556845581047447,2.428552688646883,5.755771037328701
10.19225287437439,1.8683741520472705,-0.05937638035209647,0.1349109690623309,2.4295389186068204,5.754127311763388
10.214175939559937,1.8683741520472705,-0.05970512377929818,0.1362259425582851,2.428552688646883,5.75346982153927
10.237373113632202,1.8690316385191341,-0.05904763692499085,0.13556845581047447,2.4295389186068204,5.754127311763388
10.262486934661865,1.8683741520472705,-0.05904763692499085,0.13556845581047447,2.4292101752867734,5.754127311763388
10.286596536636353,1.8710040979354672,-0.05904763692499085,0.1342534823138542,2.4301964052471177,5.753798566651185
10.309599161148071,1.8696891249911216,-0.05904763692499085,0.1342534823138542,2.4301964052471177,5.753141076427641
10.333524942398071,1.8703466114632323,-0.0603626106339899,0.13556845581047447,2.4305251485673676,5.754127311763388
10.356399059295654,1.8703466114632323,-0.05904763692499085,0.1349109690623309,2.4305251485673676,5.755113547101716
10.382067918777466,1.8696891249911216,-0.05937638035209647,0.1345822256881342,2.430853891887686,5.754784801988653
10.405970096588135,1.8690316385191341,-0.05904763692499085,0.1342534823138542,2.430853891887686,5.754784801988653
10.429765462875366,1.8703466114632323,-0.05970512377929818,0.1345822256881342,2.430853891887686,5.7528123313162975
10.45549726486206,1.8700178682271615,-0.05937638035209647,0.13326725219051416,2.431182635208072,5.754784801988653
10.477968215942383,1.8696891249911216,-0.05937638035209647,0.1335959955650442,2.431511378528526,5.754456056875878
10.501116037368774,1.8703466114632323,-0.05904763692499085,0.1349109690623309,2.431182635208072,5.754784801988653
10.52190899848938,1.8690316385191341,-0.05937638035209647,0.1342534823138542,2.4318401218490475,5.755771037328701
10.54492712020874,1.8706753546993344,-0.05937638035209647,0.13326725219051416,2.430853891887686,5.754456056875878
10.566014528274536,1.8700178682271615,-0.0603626106339899,0.1319522786915599,2.431182635208072,5.7528123313162975
10.589017629623413,1.8696891249911216,-0.06003386720659601,0.13392473893949086,2.431511378528526,5.753141076427641
10.611007928848267,1.868702895283187,-0.05970512377929818,0.1335959955650442,2.430853891887686,5.7528123313162975
10.633692979812622,1.8706753546993344,-0.05937638035209647,0.13293850881590075,2.431182635208072,5.754456056875878
10.65722393989563,1.8700178682271615,-0.058718893497981234,0.1319522786915599,2.430853891887686,5.754127311763388
10.679740905761719,1.8693603817551123,-0.05937638035209647,0.13293850881590075,2.431182635208072,5.754784801988653
10.700828313827515,1.8706753546993344,-0.0603626106339899,0.13326725219051416,2.431182635208072,5.755442292215065
10.722487211227417,1.8703466114632323,-0.06003386720659601,0.13326725219051416,2.431182635208072,5.75346982153927
10.745453119277954,1.8700178682271615,-0.05937638035209647,0.1349109690623309,2.431182635208072,5.754784801988653
10.764111280441284,1.8696891249911216,-0.05970512377929818,0.1352397124364443,2.431182635208072,5.755442292215065
10.784176349639893,1.8696891249911216,-0.05970512377929818,0.13392473893949086,2.430853891887686,5.754456056875878
10.807433366775513,1.8706753546993344,-0.05904763692499085,0.1352397124364443,2.431511378528526,5.755113547101716
10.829091310501099,1.8710040979354672,-0.05937638035209647,0.1349109690623309,2.431511378528526,5.755442292215065
10.851298809051514,1.8710040979354672,-0.0603626106339899,0.13326725219051416,2.431182635208072,5.754127311763388
10.873908996582031,1.8696891249911216,-0.05937638035209647,0.1345822256881342,2.4301964052471177,5.755113547101716
10.893901824951172,1.8693603817551123,-0.05904763692499085,0.1352397124364443,2.430853891887686,5.75346982153927
10.91698956489563,1.868702895283187,-0.05937638035209647,0.1358971991844214,2.4305251485673676,5.755442292215065
10.939655303955078,1.8693603817551123,-0.06003386720659601,0.1352397124364443,2.431182635208072,5.754456056875878
10.96146273612976,1.8703466114632323,-0.05970512377929818,0.1388558895462016,2.431182635208072,5.751826095983989
10.983986139297485,1.8706753546993344,-0.05937638035209647,0.1358971991844214,2.430853891887686,5.755113547101716
11.00696849822998,1.8706753546993344,-0.05904763692499085,0.13556845581047447,2.431182635208072,5.755113547101716
11.027592897415161,1.8690316385191341,-0.05937638035209647,0.1362259425582851,2.431182635208072,5.754127311763388
11.050116539001465,1.868045408811385,-0.05937638035209647,0.13655468593206563,2.431182635208072,5.75346982153927
11.072668552398682,1.8700178682271615,-0.05937638035209647,0.13556845581047447,2.431182635208072,5.755442292215065
11.09266972541809,1.8710040979354672,-0.05937638035209647,0.1319522786915599,2.431182635208072,5.753798566651185
11.113978862762451,1.8690316385191341,-0.05937638035209647,0.13852714617300282,2.4305251485673676,5.754127311763388
11.137519121170044,1.8696891249911216,-0.05904763692499085,0.1362259425582851,2.431511378528526,5.75675727267133
11.157072305679321,1.8696891249911216,-0.05904763692499085,0.13655468593206563,2.431511378528526,5.75346982153927
11.178054094314575,1.868045408811385,-0.05904763692499085,0.13655468593206563,2.431182635208072,5.755113547101716
11.199119806289673,1.8706753546993344,-0.05970512377929818,0.13688342930576294,2.431182635208072,5.754456056875878
11.22190523147583,1.8696891249911216,-0.05904763692499085,0.13556845581047447,2.431182635208072,5.755442292215065
11.243910312652588,1.8693603817551123,-0.05904763692499085,0.1352397124364443,2.431182635208072,5.754456056875878
11.266089916229248,1.8700178682271615,-0.05904763692499085,0.13655468593206563,2.431182635208072,5.755442292215065
11.288182020187378,1.8713328411716312,-0.05937638035209647,0.1362259425582851,2.430853891887686,5.754456056875878
11.312860250473022,1.8693603817551123,-0.05970512377929818,0.13556845581047447,2.431182635208072,5.7528123313162975
11.336389064788818,1.8696891249911216,-0.05937638035209647,0.1349109690623309,2.4305251485673676,5.755113547101716
11.359925031661987,1.8696891249911216,-0.05937638035209647,0.1342534823138542,2.431511378528526,5.754127311763388
11.38496732711792,1.8690316385191341,-0.06003386720659601,0.13392473893949086,2.430853891887686,5.755113547101716
11.410086393356323,1.8696891249911216,-0.05937638035209647,0.13392473893949086,2.4318401218490475,5.754784801988653
11.432590007781982,1.8696891249911216,-0.06069135406147996,0.13326725219051416,2.431182635208072,5.755113547101716
11.453675508499146,1.8716615844078264,-0.05970512377929818,0.13326725219051416,2.4305251485673676,5.754127311763388
11.473764181137085,1.8696891249911216,-0.05937638035209647,0.13326725219051416,2.431182635208072,5.755113547101716
11.49640417098999,1.8693603817551123,-0.05970512377929818,0.13392473893949086,2.4301964052471177,5.753141076427641
11.520848989486694,1.8703466114632323,-0.06003386720659601,0.13293850881590075,2.430853891887686,5.754456056875878
11.544283151626587,1.868702895283187,-0.05970512377929818,0.1335959955650442,2.4305251485673676,5.755442292215065
11.568438529968262,1.8696891249911216,-0.05937638035209647,0.13326725219051416,2.430853891887686,5.754127311763388
11.592074394226074,1.8696891249911216,-0.05904763692499085,0.13392473893949086,2.4301964052471177,5.754784801988653
11.61698865890503,1.8703466114632323,-0.06069135406147996,0.13392473893949086,2.4298676619269353,5.754784801988653
11.637717247009277,1.8706753546993344,-0.0610200974890662,0.1342534823138542,2.4298676619269353,5.754127311763388
11.657421112060547,1.8706753546993344,-0.06003386720659601,0.13655468593206563,2.4295389186068204,5.75346982153927
11.679859399795532,1.8706753546993344,-0.05970512377929818,0.13655468593206563,2.4301964052471177,5.754127311763388
11.701930522918701,1.8700178682271615,-0.05970512377929818,0.13688342930576294,2.4295389186068204,5.755113547101716
11.724675416946411,1.8693603817551123,-0.05970512377929818,0.13786965942635615,2.4301964052471177,5.754127311763388
11.74767804145813,1.8696891249911216,-0.05904763692499085,0.138198402799721,2.4298676619269353,5.754784801988653
11.768706798553467,1.8690316385191341,-0.05937638035209647,0.138198402799721,2.4301964052471177,5.754127311763388
11.787723541259766,1.8700178682271615,-0.05937638035209647,0.1388558895462016,2.4298676619269353,5.7528123313162975
11.8097243309021,1.8700178682271615,-0.05904763692499085,0.1375409160529082,2.4298676619269353,5.753141076427641
11.831482410430908,1.8690316385191341,-0.05937638035209647,0.1358971991844214,2.4298676619269353,5.754456056875878
11.856136798858643,1.8700178682271615,-0.06003386720659601,0.1345822256881342,2.4298676619269353,5.754127311763388
11.87975263595581,1.868702895283187,-0.05904763692499085,0.13556845581047447,2.4298676619269353,5.754456056875878
11.903012990951538,1.8700178682271615,-0.05937638035209647,0.1342534823138542,2.4301964052471177,5.7528123313162975
11.927731990814209,1.8696891249911216,-0.05937638035209647,0.1352397124364443,2.4292101752867734,5.754784801988653
11.949836730957031,1.8690316385191341,-0.058718893497981234,0.13688342930576294,2.4298676619269353,5.754127311763388
11.973073482513428,1.8700178682271615,-0.06134884091674858,0.1375409160529082,2.4298676619269353,5.754127311763388
11.996070623397827,1.8683741520472705,-0.05970512377929818,0.13918463291931732,2.4298676619269353,5.7528123313162975
12.019596815109253,1.8703466114632323,-0.05970512377929818,0.13852714617300282,2.4305251485673676,5.755113547101716
12.04178786277771,1.8696891249911216,-0.058718893497981234,0.13918463291931732,2.4298676619269353,5.754127311763388
12.065402030944824,1.8693603817551123,-0.05937638035209647,0.13984211966529983,2.4301964052471177,5.754456056875878
12.08900785446167,1.8690316385191341,-0.058718893497981234,0.14082834978365144,2.4318401218490475,5.754784801988653
12.112700700759888,1.8693603817551123,-0.06003386720659601,0.14017086303816662,2.431182635208072,5.754456056875878
12.13620114326477,1.8703466114632323,-0.0610200974890662,0.13984211966529983,2.432497608490295,5.754127311763388
12.161725759506226,1.868702895283187,-0.05970512377929818,0.1375409160529082,2.433155095131814,5.753798566651185
12.184199810028076,1.8706753546993344,-0.0610200974890662,0.13852714617300282,2.4341413250946036,5.75346982153927
12.207194089889526,1.867059179103913,-0.0610200974890662,0.138198402799721,2.433812581773606,5.755442292215065
12.229942798614502,1.8693603817551123,-0.05937638035209647,0.138198402799721,2.4341413250946036,5.754784801988653
12.253544569015503,1.8690316385191341,-0.05970512377929818,0.13655468593206563,2.433812581773606,5.754456056875878
12.276535034179688,1.8693603817551123,-0.05937638035209647,0.13721217267937713,2.433812581773606,5.753798566651185
12.29947566986084,1.8696891249911216,-0.05937638035209647,0.1349109690623309,2.433812581773606,5.755113547101716
12.32192063331604,1.8700178682271615,-0.06003386720659601,0.1345822256881342,2.4341413250946036,5.753798566651185
12.343436479568481,1.8700178682271615,-0.05937638035209647,0.13392473893949086,2.4341413250946036,5.754127311763388
12.364652872085571,1.8690316385191341,-0.05937638035209647,0.13721217267937713,2.4341413250946036,5.754127311763388
12.387351512908936,1.8723190708803097,-0.05937638035209647,0.1358971991844214,2.433812581773606,5.753798566651185
12.407350301742554,1.8690316385191341,-0.06003386720659601,0.1358971991844214,2.4341413250946036,5.754456056875878
12.430346488952637,1.868702895283187,-0.06167758434452722,0.13688342930576294,2.433812581773606,5.754784801988653
12.453412771224976,1.8703466114632323,-0.05937638035209647,0.1375409160529082,2.4341413250946036,5.754784801988653
12.475966215133667,1.8700178682271615,-0.06792370949062768,0.13688342930576294,2.4341413250946036,5.753798566651185
12.497206211090088,1.8690316385191341,-0.05970512377929818,0.13721217267937713,2.4341413250946036,5.753798566651185
12.519641637802124,1.8703466114632323,-0.05904763692499085,0.13721217267937713,2.433812581773606,5.754127311763388
12.540682077407837,1.8693603817551123,-0.05937638035209647,0.1375409160529082,2.4341413250946036,5.754456056875878
12.5623939037323,1.8706753546993344,-0.05970512377929818,0.13721217267937713,2.4344700684156697,5.753798566651185
12.581526041030884,1.868702895283187,-0.05937638035209647,0.13688342930576294,2.4341413250946036,5.754127311763388
12.601513862609863,1.8690316385191341,-0.05937638035209647,0.13688342930576294,2.433812581773606,5.754456056875878
12.620514869689941,1.8700178682271615,-0.06003386720659601,0.13852714617300282,2.433812581773606,5.754456056875878
12.640172243118286,1.8700178682271615,-0.05937638035209647,0.1358971991844214,2.4341413250946036,5.754127311763388
12.659765720367432,1.8690316385191341,-0.0603626106339899,0.13721217267937713,2.433483838452676,5.754456056875878
12.679320573806763,1.8700178682271615,-0.06003386720659601,0.14082834978365144,2.433812581773606,5.753798566651185
12.69849705696106,1.8703466114632323,-0.05937638035209647,0.138198402799721,2.433483838452676,5.753141076427641
12.71801233291626,1.8696891249911216,-0.058718893497981234,0.13852714617300282,2.433483838452676,5.753141076427641
12.74002981185913,1.8703466114632323,-0.05970512377929818,0.13655468593206563,2.433812581773606,5.754456056875878
12.763242483139038,1.8700178682271615,-0.06003386720659601,0.13721217267937713,2.433812581773606,5.75346982153927
12.787346839904785,1.8703466114632323,-0.0603626106339899,0.13688342930576294,2.4341413250946036,5.75346982153927
12.807597637176514,1.8706753546993344,-0.05937638035209647,0.1362259425582851,2.433483838452676,5.755113547101716
12.830397844314575,1.8693603817551123,-0.06003386720659601,0.1375409160529082,2.433812581773606,5.754127311763388
12.852025747299194,1.8696891249911216,-0.05904763692499085,0.138198402799721,2.4341413250946036,5.754127311763388
12.874525308609009,1.8690316385191341,-0.06069135406147996,0.1362259425582851,2.4341413250946036,5.755442292215065
12.898828029632568,1.8683741520472705,-0.05904763692499085,0.13721217267937713,2.433812581773606,5.754127311763388
12.922340869903564,1.8693603817551123,-0.05904763692499085,0.1352397124364443,2.433483838452676,5.755771037328701
12.946141242980957,1.8703466114632323,-0.05970512377929818,0.1362259425582851,2.4341413250946036,5.754127311763388
12.96825623512268,1.8700178682271615,-0.05937638035209647,0.1375409160529082,2.4341413250946036,5.754784801988653
12.989256143569946,1.8696891249911216,-0.0603626106339899,0.1388558895462016,2.433812581773606,5.754784801988653
13.011122465133667,1.8706753546993344,-0.05970512377929818,0.1388558895462016,2.4341413250946036,5.754784801988653
13.032185316085815,1.8690316385191341,-0.058718893497981234,0.1388558895462016,2.433483838452676,5.754456056875878
13.0530264377594,1.8713328411716312,-0.0603626106339899,0.13951337629235006,2.4344700684156697,5.754127311763388
13.07424283027649,1.8710040979354672,-0.05937638035209647,0.13918463291931732,2.433483838452676,5.754784801988653
13.09428358078003,1.868702895283187,-0.05937638035209647,0.13852714617300282,2.433812581773606,5.754784801988653
13.114090919494629,1.8706753546993344,-0.06003386720659601,0.1388558895462016,2.433812581773606,5.754127311763388
13.135610103607178,1.8703466114632323,-0.05937638035209647,0.13786965942635615,2.433812581773606,5.75346982153927
13.155697345733643,1.8700178682271615,-0.06069135406147996,0.1388558895462016,2.433812581773606,5.75346982153927
13.176181316375732,1.8690316385191341,-0.058718893497981234,0.13852714617300282,2.4341413250946036,5.754784801988653
13.196946859359741,1.8703466114632323,-0.05904763692499085,0.13852714617300282,2.433812581773606,5.7528123313162975
13.217170000076294,1.8700178682271615,-0.06134884091674858,0.1375409160529082,2.433812581773606,5.754127311763388
13.237864971160889,1.8696891249911216,-0.05904763692499085,0.1362259425582851,2.433812581773606,5.753798566651185
13.25812315940857,1.8706753546993344,-0.05937638035209647,0.1375409160529082,2.433812581773606,5.755113547101716
13.277674436569214,1.868702895283187,-0.05937638035209647,0.1388558895462016,2.4341413250946036,5.754784801988653
13.298304557800293,1.8696891249911216,-0.05970512377929818,0.1362259425582851,2.4341413250946036,5.754456056875878
13.318305492401123,1.8703466114632323,-0.05904763692499085,0.1375409160529082,2.4344700684156697,5.753141076427641
13.338842153549194,1.8706753546993344,-0.05970512377929818,0.138198402799721,2.433812581773606,5.75346982153927
13.359230279922485,1.8713328411716312,-0.05904763692499085,0.13655468593206563,2.433155095131814,5.7524835862052415
13.380348682403564,1.8693603817551123,-0.05904763692499085,0.13852714617300282,2.433812581773606,5.754456056875878
13.404223680496216,1.8706753546993344,-0.05937638035209647,0.138198402799721,2.433812581773606,5.75346982153927
13.425742626190186,1.8700178682271615,-0.05904763692499085,0.13852714617300282,2.433812581773606,5.754456056875878
13.446994066238403,1.8696891249911216,-0.06200632777240203,0.1388558895462016,2.4341413250946036,5.7528123313162975
13.46720814704895,1.8700178682271615,-0.0610200974890662,0.13951337629235006,2.4344700684156697,5.754456056875878
13.488172054290771,1.8690316385191341,-0.0603626106339899,0.13918463291931732,2.435127555058006,5.7528123313162975
13.508963346481323,1.8700178682271615,-0.05970512377929818,0.1388558895462016,2.4347988117368033,5.754784801988653
13.529337406158447,1.8700178682271615,-0.05937638035209647,0.1388558895462016,2.435127555058006,5.753798566651185
13.549602746963501,1.8703466114632323,-0.05970512377929818,0.1388558895462016,2.4357850417006146,5.752154841094472
13.569621324539185,1.8713328411716312,-0.05937638035209647,0.13688342930576294,2.4354562983792762,5.754784801988653
13.588889598846436,1.8706753546993344,-0.05937638035209647,0.138198402799721,2.4357850417006146,5.754784801988653
13.609911680221558,1.8696891249911216,-0.0610200974890662,0.13721217267937713,2.435127555058006,5.756099782442624
13.629349708557129,1.8703466114632323,-0.05839015007106768,0.13556845581047447,2.4354562983792762,5.754456056875878
13.649385929107666,1.8700178682271615,-0.05937638035209647,0.1342534823138542,2.4354562983792762,5.75346982153927
13.66933298110962,1.8703466114632323,-0.05904763692499085,0.13326725219051416,2.4354562983792762,5.751826095983989
13.689875841140747,1.8700178682271615,-0.06003386720659601,0.1335959955650442,2.4357850417006146,5.754456056875878
13.70974063873291,1.8706753546993344,-0.058718893497981234,0.1335959955650442,2.4357850417006146,5.755442292215065
13.729701519012451,1.8703466114632323,-0.05970512377929818,0.1335959955650442,2.4354562983792762,5.754127311763388
13.757230997085571,1.8710040979354672,-0.06069135406147996,0.1326097654412039,2.435127555058006,5.753141076427641
13.779542446136475,1.8703466114632323,-0.05937638035209647,0.13556845581047447,2.4354562983792762,5.754127311763388
13.809110164642334,1.8703466114632323,-0.06069135406147996,0.13721217267937713,2.435127555058006,5.754456056875878
13.835176467895508,1.8690316385191341,-0.06069135406147996,0.13655468593206563,2.4357850417006146,5.75346982153927
13.856491327285767,1.8693603817551123,-0.05937638035209647,0.1224187207841122,2.4377575016300783,5.7528123313162975
13.877045631408691,1.8706753546993344,-0.06332130148486398,0.1342534823138542,2.440387448206524,5.75346982153927
13.901901245117188,1.8713328411716312,-0.06003386720659601,0.1342534823138542,2.444332368079416,5.7528123313162975
13.921412467956543,1.8693603817551123,-0.06003386720659601,0.13392473893949086,2.4466335713431735,5.754127311763388
13.940927982330322,1.8716615844078264,-0.05970512377929818,0.1335959955650442,2.4486060312862237,5.753798566651185
13.961985111236572,1.868702895283187,-0.0603626106339899,0.13326725219051416,2.450249747907331,5.753798566651185
13.98254919052124,1.8713328411716312,-0.05904763692499085,0.13293850881590075,2.451564721205462,5.75346982153927
14.005553483963013,1.8726478141165976,-0.0610200974890662,0.1316235353166127,2.451564721205462,5.754127311763388
14.027240753173828,1.8690316385191341,-0.0603626106339899,0.1289935883140274,2.4522222078549425,5.75346982153927
14.048425197601318,1.8706753546993344,-0.06003386720659601,0.1293223316896432,2.4522222078549425,5.7528123313162975
14.072038888931274,1.8713328411716312,-0.05970512377929818,0.127349871434693,2.4522222078549425,5.754456056875878
14.095038890838623,1.8700178682271615,-0.05904763692499085,0.127349871434693,2.451564721205462,5.753141076427641
14.119044542312622,1.8723190708803097,-0.06069135406147996,0.12570615455326414,2.451564721205462,5.7524835862052415
14.142749071121216,1.8716615844078264,-0.05970512377929818,0.12767861481072734,2.4518934645301678,5.755442292215065
14.165331363677979,1.8713328411716312,-0.0610200974890662,0.1289935883140274,2.4518934645301678,5.755113547101716
14.188869714736938,1.8719903276440526,-0.05904763692499085,0.1283361015625448,2.451564721205462,5.754127311763388
14.212177038192749,1.8706753546993344,-0.05937638035209647,0.12669238468237293,2.451564721205462,5.754127311763388
14.234003067016602,1.8706753546993344,-0.0610200974890662,0.131294791941582,2.4518934645301678,5.754127311763388
14.256517887115479,1.8723190708803097,-0.05937638035209647,0.13063730519127004,2.4522222078549425,5.75346982153927
14.280527353286743,1.8710040979354672,-0.05970512377929818,0.1289935883140274,2.4518934645301678,5.755113547101716
14.301958799362183,1.8700178682271615,-0.05904763692499085,0.1303085618159887,2.4522222078549425,5.753798566651185
14.320472240447998,1.8726478141165976,-0.06069135406147996,0.1316235353166127,2.453208437829683,5.753798566651185
14.339554786682129,1.8723190708803097,-0.06792370949062768,0.13063730519127004,2.454194667805047,5.75346982153927
14.358044147491455,1.8719903276440526,-0.05970512377929818,0.12800735818667794,2.454194667805047,5.7524835862052415
14.377548456192017,1.8710040979354672,-0.0603626106339899,0.12340495091573989,2.4545234111303076,5.752154841094472
14.396554708480835,1.8710040979354672,-0.06003386720659601,0.1253774111767268,2.454194667805047,5.754127311763388
14.415554523468018,1.8703466114632323,-0.05937638035209647,0.12866484493832794,2.4545234111303076,5.753798566651185
14.435065507888794,1.8726478141165976,-0.05937638035209647,0.131294791941582,2.454194667805047,5.752154841094472
14.454069137573242,1.8729765573529171,-0.05904763692499085,0.1316235353166127,2.4548521544556374,5.7528123313162975
14.473097562789917,1.8726478141165976,-0.06200632777240203,0.1309660485664678,2.4555096411065054,5.75346982153927
14.49209475517273,1.8716615844078264,-0.05904763692499085,0.1309660485664678,2.4551808977810365,5.7528123313162975
14.512122869491577,1.8713328411716312,-0.05904763692499085,0.13228102206642361,2.4561671277576513,5.75346982153927
14.534695386886597,1.8710040979354672,-0.06134884091674858,0.1326097654412039,2.4564958710833285,5.7528123313162975
14.558300495147705,1.8726478141165976,-0.05970512377929818,0.1309660485664678,2.4578108443867333,5.75346982153927
14.577871799468994,1.8703466114632323,-0.05904763692499085,0.12866484493832794,2.4574821010607772,5.75346982153927
14.597871780395508,1.8723190708803097,-0.06069135406147996,0.1283361015625448,2.4574821010607772,5.75346982153927
14.61785888671875,1.8710040979354672,-0.05904763692499085,0.12767861481072734,2.4564958710833285,5.753798566651185
14.637423992156982,1.8716615844078264,-0.05970512377929818,0.12669238468237293,2.4564958710833285,5.753798566651185
14.659047365188599,1.8713328411716312,-0.05904763692499085,0.1253774111767268,2.4558383844320435,5.753141076427641
14.67758846282959,1.8706753546993344,-0.05937638035209647,0.12176123402927327,2.453865924479856,5.7528123313162975
14.697681665420532,1.8706753546993344,-0.058718893497981234,0.11913128700654996,2.4512359778808253,5.753141076427641
14.717719078063965,1.8703466114632323,-0.05970512377929818,0.11978877376273626,2.4456473413725788,5.7528123313162975
14.740747213363647,1.8710040979354672,-0.05937638035209647,0.1220899774067348,2.440387448206524,5.754127311763388
14.763263940811157,1.8693603817551123,-0.05937638035209647,0.12340495091573989,2.4357850417006146,5.752154841094472
14.783464670181274,1.8703466114632323,-0.0603626106339899,0.123733694292781,2.433155095131814,5.7528123313162975
14.807461977005005,1.8693603817551123,-0.0603626106339899,0.12439118104661122,2.4318401218490475,5.753141076427641
14.828168153762817,1.8700178682271615,-0.06003386720659601,0.12767861481072734,2.431182635208072,5.750839860654259
14.852293968200684,1.8710040979354672,-0.0603626106339899,0.12800735818667794,2.4305251485673676,5.7511686057638824
14.875081777572632,1.8713328411716312,-0.05937638035209647,0.12702112805857488,2.4298676619269353,5.751497350873793
14.894609451293945,1.868045408811385,-0.06134884091674858,0.12636364130608718,2.428552688646883,5.750839860654259
14.91505479812622,1.8693603817551123,-0.05937638035209647,0.1227474641614055,2.4278952020072637,5.7511686057638824
14.934333086013794,1.8710040979354672,-0.05970512377929818,0.1227474641614055,2.4272377153679146,5.750182370435872
14.953755617141724,1.8693603817551123,-0.05904763692499085,0.12340495091573989,2.4259227420900284,5.750839860654259
14.974990129470825,1.868702895283187,-0.05937638035209647,0.12307620753861472,2.4246077688132233,5.7505111155449224
14.994257688522339,1.868702895283187,-0.05839015007106768,0.1220899774067348,2.423292795537497,5.750839860654259
15.013581037521362,1.8677166655755302,-0.05970512377929818,0.12340495091573989,2.423292795537497,5.7505111155449224
15.032956600189209,1.8700178682271615,-0.05937638035209647,0.12439118104661122,2.422964052218734,5.7524835862052415
15.05176043510437,1.8690316385191341,-0.0603626106339899,0.12570615455326414,2.423292795537497,5.750839860654259
15.070733308792114,1.868702895283187,-0.05904763692499085,0.12471992442340035,2.423292795537497,5.750182370435872
15.08981466293335,1.8683741520472705,-0.05937638035209647,0.12570615455326414,2.425593998770726,5.751826095983989
15.108814716339111,1.868045408811385,-0.06003386720659601,0.12669238468237293,2.4265802287288363,5.749853625327107
15.128326892852783,1.8673879223397063,-0.05937638035209647,0.12570615455326414,2.4272377153679146,5.749853625327107
15.147524118423462,1.8690316385191341,-0.05937638035209647,0.12570615455326414,2.4278952020072637,5.751497350873793
15.166827201843262,1.8693603817551123,-0.06069135406147996,0.12636364130608718,2.4275664586875556,5.750839860654259
15.189283609390259,1.8700178682271615,-0.05839015007106768,0.1260348979297176,2.4265802287288363,5.749196135110439
15.211862325668335,1.8683741520472705,-0.05937638035209647,0.12340495091573989,2.4265802287288363,5.7505111155449224
15.235044479370117,1.8683741520472705,-0.05937638035209647,0.12504866780010554,2.4262514854093986,5.749196135110439
15.259599685668945,1.8710040979354672,-0.05937638035209647,0.12471992442340035,2.425593998770726,5.74952488021863
15.280971050262451,1.8683741520472705,-0.05937638035209647,0.1240624376697381,2.425593998770726,5.7511686057638824
15.302972555160522,1.867059179103913,-0.05904763692499085,0.12471992442340035,2.424936512132323,5.749196135110439
15.326034784317017,1.8696891249911216,-0.05937638035209647,0.12439118104661122,2.4246077688132233,5.749196135110439
15.348318815231323,1.868702895283187,-0.05970512377929818,0.12471992442340035,2.4252652554514906,5.750182370435872
15.370808124542236,1.8706753546993344,-0.05904763692499085,0.12471992442340035,2.4272377153679146,5.750182370435872
15.391842365264893,1.868702895283187,-0.05970512377929818,0.12504866780010554,2.4278952020072637,5.7505111155449224
15.412691831588745,1.8690316385191341,-0.05937638035209647,0.12439118104661122,2.4292101752867734,5.750839860654259
15.43323826789856,1.8696891249911216,-0.06003386720659601,0.1260348979297176,2.430853891887686,5.750182370435872
15.453930139541626,1.8683741520472705,-0.05937638035209647,0.127349871434693,2.432168865169637,5.749853625327107
15.47497272491455,1.8700178682271615,-0.05970512377929818,0.12702112805857488,2.4344700684156697,5.751497350873793
15.49533748626709,1.868702895283187,-0.0603626106339899,0.127349871434693,2.4347988117368033,5.750839860654259
15.514455080032349,1.8696891249911216,-0.06069135406147996,0.12504866780010554,2.435127555058006,5.751497350873793
15.534967422485352,1.8706753546993344,-0.05970512377929818,0.1253774111767268,2.435127555058006,5.7528123313162975
15.555053949356079,1.8693603817551123,-0.05970512377929818,0.1260348979297176,2.435127555058006,5.7505111155449224
15.576270580291748,1.8706753546993344,-0.05904763692499085,0.1253774111767268,2.4341413250946036,5.749853625327107
15.595263242721558,1.8703466114632323,-0.05904763692499085,0.12471992442340035,2.4341413250946036,5.7505111155449224
15.614262819290161,1.8693603817551123,-0.05904763692499085,0.123733694292781,2.433812581773606,5.74952488021863
15.634401559829712,1.8683741520472705,-0.06003386720659601,0.123733694292781,2.4328263518110207,5.7511686057638824
15.653427839279175,1.8700178682271615,-0.05937638035209647,0.1227474641614055,2.432168865169637,5.750839860654259
15.672035217285156,1.8700178682271615,-0.05937638035209647,0.12143249065172759,2.432168865169637,5.750182370435872
15.69163179397583,1.8683741520472705,-0.06134884091674858,0.1227474641614055,2.431182635208072,5.750839860654259
15.711084842681885,1.868702895283187,-0.05904763692499085,0.1220899774067348,2.4318401218490475,5.7528123313162975
15.730547666549683,1.8690316385191341,-0.05970512377929818,0.12110374727409776,2.431511378528526,5.7511686057638824
15.750553131103516,1.8700178682271615,-0.05904763692499085,0.1224187207841122,2.431511378528526,5.752154841094472
15.769896507263184,1.8696891249911216,-0.05937638035209647,0.12143249065172759,2.431182635208072,5.7528123313162975
15.79038667678833,1.8690316385191341,-0.05937638035209647,0.120117517140703,2.4318401218490475,5.751497350873793
15.810549974441528,1.8696891249911216,-0.05970512377929818,0.12307620753861472,2.4318401218490475,5.751826095983989
15.832106828689575,1.8690316385191341,-0.0603626106339899,0.12340495091573989,2.432168865169637,5.751497350873793
15.857637882232666,1.8710040979354672,-0.05937638035209647,0.12307620753861472,2.4318401218490475,5.750839860654259
15.879178285598755,1.8696891249911216,-0.05937638035209647,0.1220899774067348,2.4328263518110207,5.750839860654259
15.90024471282959,1.8693603817551123,-0.06003386720659601,0.1227474641614055,2.432168865169637,5.752154841094472
15.9209144115448,1.8693603817551123,-0.0603626106339899,0.12307620753861472,2.432168865169637,5.752154841094472
15.941367387771606,1.8690316385191341,-0.0603626106339899,0.1227474641614055,2.4318401218490475,5.751497350873793
15.961883068084717,1.8706753546993344,-0.0603626106339899,0.1227474641614055,2.4318401218490475,5.751826095983989
15.982427835464478,1.868702895283187,-0.05970512377929818,0.12307620753861472,2.4318401218490475,5.7511686057638824
16.00214910507202,1.8710040979354672,-0.05970512377929818,0.1227474641614055,2.432168865169637,5.751497350873793
16.02261471748352,1.8690316385191341,-0.05904763692499085,0.12176123402927327,2.431511378528526,5.750182370435872
16.04282569885254,1.8700178682271615,-0.058718893497981234,0.123733694292781,2.431511378528526,5.749853625327107
16.062541246414185,1.8696891249911216,-0.06003386720659601,0.1227474641614055,2.430853891887686,5.7505111155449224
16.08241558074951,1.8683741520472705,-0.0603626106339899,0.1220899774067348,2.4298676619269353,5.750182370435872
16.101549863815308,1.8706753546993344,-0.05904763692499085,0.1224187207841122,2.4305251485673676,5.7511686057638824
16.122015237808228,1.868702895283187,-0.05904763692499085,0.12176123402927327,2.4298676619269353,5.74952488021863
16.142366886138916,1.8690316385191341,-0.05904763692499085,0.12439118104661122,2.4298676619269353,5.74952488021863
16.162121295928955,1.8696891249911216,-0.058718893497981234,0.12110374727409776,2.4295389186068204,5.749196135110439
16.180953979492188,1.8693603817551123,-0.05904763692499085,0.1220899774067348,2.4292101752867734,5.750839860654259
16.201385259628296,1.8683741520472705,-0.05970512377929818,0.1224187207841122,2.4295389186068204,5.749853625327107
16.220699310302734,1.8700178682271615,-0.05970512377929818,0.1224187207841122,2.4292101752867734,5.74952488021863
16.241312265396118,1.868702895283187,-0.058718893497981234,0.1224187207841122,2.4298676619269353,5.749196135110439
16.260483980178833,1.868702895283187,-0.05937638035209647,0.12143249065172759,2.4298676619269353,5.750182370435872
16.280385732650757,1.868702895283187,-0.05904763692499085,0.12110374727409776,2.4295389186068204,5.750182370435872
16.300508499145508,1.8690316385191341,-0.05970512377929818,0.12176123402927327,2.4292101752867734,5.750839860654259
16.320231676101685,1.8690316385191341,-0.05937638035209647,0.12077500389638372,2.4288814319667944,5.7505111155449224
16.340145111083984,1.8710040979354672,-0.05970512377929818,0.12110374727409776,2.4288814319667944,5.750182370435872
16.36072015762329,1.8696891249911216,-0.05904763692499085,0.12110374727409776,2.4292101752867734,5.74952488021863
16.380234479904175,1.8696891249911216,-0.058718893497981234,0.1220899774067348,2.4295389186068204,5.751497350873793
16.39980173110962,1.868702895283187,-0.05937638035209647,0.12077500389638372,2.4295389186068204,5.750182370435872
16.419314861297607,1.8690316385191341,-0.05904763692499085,0.12044626051858548,2.4295389186068204,5.74952488021863
16.43905997276306,1.868702895283187,-0.0603626106339899,0.12077500389638372,2.42822394532704,5.74952488021863
16.4589204788208,1.8696891249911216,-0.05839015007106768,0.12077500389638372,2.428552688646883,5.749853625327107
16.478970766067505,1.8690316385191341,-0.06003386720659601,0.12110374727409776,2.428552688646883,5.749853625327107
16.499027252197266,1.868702895283187,-0.06134884091674858,0.12077500389638372,2.428552688646883,5.750839860654259
16.520026206970215,1.8693603817551123,-0.05970512377929818,0.12143249065172759,2.42822394532704,5.7511686057638824
16.539562702178955,1.8693603817551123,-0.06069135406147996,0.12077500389638372,2.4278952020072637,5.751497350873793
16.560970067977905,1.8706753546993344,-0.06003386720659601,0.12143249065172759,2.4275664586875556,5.750839860654259
16.581513166427612,1.8693603817551123,-0.05904763692499085,0.1224187207841122,2.4278952020072637,5.7505111155449224
16.60250949859619,1.8690316385191341,-0.06003386720659601,0.1224187207841122,2.4278952020072637,5.7511686057638824
16.62150526046753,1.8693603817551123,-0.05937638035209647,0.1220899774067348,2.4278952020072637,5.752154841094472
16.642074584960938,1.8690316385191341,-0.06003386720659601,0.12077500389638372,2.4278952020072637,5.749853625327107
16.663853645324707,1.8706753546993344,-0.06003386720659601,0.12110374727409776,2.4278952020072637,5.74952488021863
16.686384916305542,1.8690316385191341,-0.058718893497981234,0.1220899774067348,2.4278952020072637,5.751826095983989
16.70737648010254,1.8693603817551123,-0.06069135406147996,0.1220899774067348,2.4275664586875556,5.750839860654259
16.72821307182312,1.8696891249911216,-0.05937638035209647,0.12110374727409776,2.4278952020072637,5.751826095983989
16.748108863830566,1.8690316385191341,-0.05937638035209647,0.120117517140703,2.4278952020072637,5.749196135110439
16.76967215538025,1.8706753546993344,-0.05970512377929818,0.1224187207841122,2.4272377153679146,5.749196135110439
16.791192054748535,1.8706753546993344,-0.05937638035209647,0.12110374727409776,2.4275664586875556,5.749196135110439
16.81320834159851,1.8683741520472705,-0.05937638035209647,0.1227474641614055,2.4275664586875556,5.750182370435872
16.835144758224487,1.8683741520472705,-0.05937638035209647,0.1227474641614055,2.4272377153679146,5.7505111155449224
16.85505223274231,1.8696891249911216,-0.05937638035209647,0.1224187207841122,2.4275664586875556,5.74952488021863
16.877318143844604,1.8700178682271615,-0.05937638035209647,0.1220899774067348,2.4272377153679146,5.7511686057638824
16.897314310073853,1.8690316385191341,-0.0603626106339899,0.1220899774067348,2.4272377153679146,5.750839860654259
16.916544675827026,1.8690316385191341,-0.06003386720659601,0.12504866780010554,2.4275664586875556,5.751497350873793
16.934618711471558,1.8693603817551123,-0.05904763692499085,0.1224187207841122,2.4278952020072637,5.750839860654259
16.954611778259277,1.8703466114632323,-0.05937638035209647,0.1220899774067348,2.4275664586875556,5.74952488021863
16.97313404083252,1.8690316385191341,-0.05970512377929818,0.12176123402927327,2.4275664586875556,5.750182370435872
16.99213433265686,1.8700178682271615,-0.05904763692499085,0.12143249065172759,2.4275664586875556,5.751826095983989
17.011135578155518,1.8690316385191341,-0.05937638035209647,0.1224187207841122,2.4272377153679146,5.7511686057638824
17.029662132263184,1.8696891249911216,-0.05839015007106768,0.12340495091573989,2.4272377153679146,5.750839860654259
17.047844409942627,1.8683741520472705,-0.05937638035209647,0.1227474641614055,2.4275664586875556,5.749853625327107
17.068021059036255,1.8690316385191341,-0.05904763692499085,0.1220899774067348,2.4275664586875556,5.748867390002532
17.088552236557007,1.8690316385191341,-0.06003386720659601,0.1224187207841122,2.4272377153679146,5.749196135110439
17.108552932739258,1.8696891249911216,-0.05904763692499085,0.1224187207841122,2.4272377153679146,5.7505111155449224
17.129183769226074,1.868702895283187,-0.05904763692499085,0.12110374727409776,2.4272377153679146,5.749853625327107
17.149157285690308,1.8677166655755302,-0.06759496606101711,0.1224187207841122,2.426908972048342,5.748867390002532
17.168908834457397,1.8693603817551123,-0.05937638035209647,0.1227474641614055,2.4272377153679146,5.750182370435872
17.192142963409424,1.868702895283187,-0.058718893497981234,0.1224187207841122,2.4272377153679146,5.7478811546805355
17.21214199066162,1.8696891249911216,-0.05970512377929818,0.1224187207841122,2.4275664586875556,5.7505111155449224
17.233710289001465,1.8690316385191341,-0.05937638035209647,0.1224187207841122,2.4272377153679146,5.751497350873793
17.254815101623535,1.868045408811385,-0.05937638035209647,0.1224187207841122,2.4265802287288363,5.750839860654259
17.27659511566162,1.8696891249911216,-0.05904763692499085,0.1227474641614055,2.4272377153679146,5.7511686057638824
17.299649238586426,1.8696891249911216,-0.05904763692499085,0.1224187207841122,2.426908972048342,5.749853625327107
17.323641538619995,1.8706753546993344,-0.06003386720659601,0.1220899774067348,2.4272377153679146,5.74952488021863
17.34418034553528,1.8696891249911216,-0.05904763692499085,0.1227474641614055,2.4275664586875556,5.749853625327107
17.36432719230652,1.8696891249911216,-0.05937638035209647,0.1224187207841122,2.4278952020072637,5.7511686057638824
17.38702654838562,1.868702895283187,-0.058718893497981234,0.1224187207841122,2.4275664586875556,5.7505111155449224
17.4102725982666,1.8696891249911216,-0.05937638035209647,0.12176123402927327,2.4275664586875556,5.749853625327107
17.43029761314392,1.8696891249911216,-0.058718893497981234,0.12143249065172759,2.4275664586875556,5.749196135110439
17.44930076599121,1.8700178682271615,-0.05904763692499085,0.12110374727409776,2.4275664586875556,5.74952488021863
17.46907663345337,1.8706753546993344,-0.05904763692499085,0.1220899774067348,2.4275664586875556,5.750182370435872
17.488096237182617,1.8710040979354672,-0.058718893497981234,0.12143249065172759,2.4275664586875556,5.750182370435872
17.50751829147339,1.8693603817551123,-0.058718893497981234,0.12110374727409776,2.4272377153679146,5.748538644894914
17.5266752243042,1.8667304358681505,-0.05937638035209647,0.12143249065172759,2.4278952020072637,5.750182370435872
17.545206785202026,1.868045408811385,-0.06365004491322024,0.12143249065172759,2.4278952020072637,5.750182370435872
17.56470012664795,1.8690316385191341,-0.05937638035209647,0.1220899774067348,2.4272377153679146,5.7505111155449224
17.584065198898315,1.8690316385191341,-0.05937638035209647,0.12110374727409776,2.4272377153679146,5.751826095983989
17.60250496864319,1.8690316385191341,-0.05970512377929818,0.12176123402927327,2.4272377153679146,5.751497350873793
17.621067762374878,1.8683741520472705,-0.05904763692499085,0.12110374727409776,2.426908972048342,5.750182370435872
17.640608310699463,1.8700178682271615,-0.05937638035209647,0.12044626051858548,2.4275664586875556,5.749853625327107
17.659692764282227,1.8696891249911216,-0.05937638035209647,0.12143249065172759,2.4275664586875556,5.7511686057638824
17.67824935913086,1.868702895283187,-0.0603626106339899,0.11946003038468526,2.4272377153679146,5.751826095983989
17.697248697280884,1.868045408811385,-0.058718893497981234,0.12110374727409776,2.4275664586875556,5.7524835862052415
17.717127323150635,1.8690316385191341,-0.06003386720659601,0.12143249065172759,2.4278952020072637,5.750839860654259
17.73612689971924,1.8696891249911216,-0.05904763692499085,0.12044626051858548,2.4272377153679146,5.750839860654259
17.755210876464844,1.8706753546993344,-0.06134884091674858,0.12143249065172759,2.4275664586875556,5.7505111155449224
17.77378511428833,1.8696891249911216,-0.05937638035209647,0.12077500389638372,2.4275664586875556,5.7505111155449224
17.79279899597168,1.8706753546993344,-0.06003386720659601,0.12176123402927327,2.4275664586875556,5.749196135110439
17.811781406402588,1.8683741520472705,-0.0610200974890662,0.12077500389638372,2.4272377153679146,5.74952488021863
17.831310987472534,1.8693603817551123,-0.05970512377929818,0.12110374727409776,2.4275664586875556,5.74952488021863
17.851314306259155,1.8693603817551123,-0.06167758434452722,0.12143249065172759,2.4272377153679146,5.749196135110439
17.87097716331482,1.8690316385191341,-0.05937638035209647,0.1220899774067348,2.426908972048342,5.748867390002532
17.891492128372192,1.8703466114632323,-0.05937638035209647,0.12077500389638372,2.426908972048342,5.750182370435872
17.911656618118286,1.8703466114632323,-0.0603626106339899,0.12176123402927327,2.4265802287288363,5.7505111155449224
17.931780099868774,1.868045408811385,-0.06003386720659601,0.11354264956533121,2.4265802287288363,5.7505111155449224
17.950966358184814,1.8693603817551123,-0.05904763692499085,0.123733694292781,2.4265802287288363,5.750182370435872
17.970118045806885,1.8683741520472705,-0.05937638035209647,0.1220899774067348,2.4265802287288363,5.750182370435872
17.98912239074707,1.8683741520472705,-0.05970512377929818,0.1224187207841122,2.4265802287288363,5.74952488021863
18.008123874664307,1.8683741520472705,-0.05904763692499085,0.12307620753861472,2.426908972048342,5.748867390002532
18.027658939361572,1.868702895283187,-0.05904763692499085,0.1227474641614055,2.4262514854093986,5.750182370435872
18.046701431274414,1.8683741520472705,-0.05970512377929818,0.12077500389638372,2.4265802287288363,5.750182370435872
18.068302631378174,1.868045408811385,-0.05937638035209647,0.12340495091573989,2.4265802287288363,5.7482098997875815
18.090562343597412,1.8703466114632323,-0.05970512377929818,0.11978877376273626,2.4262514854093986,5.7511686057638824
18.114558696746826,1.8700178682271615,-0.058718893497981234,0.1227474641614055,2.4262514854093986,5.7511686057638824
18.13609552383423,1.8690316385191341,-0.05937638035209647,0.12176123402927327,2.4259227420900284,5.750182370435872
18.15870761871338,1.8690316385191341,-0.05937638035209647,0.12176123402927327,2.4246077688132233,5.750182370435872
18.1796817779541,1.868045408811385,-0.05937638035209647,0.12143249065172759,2.4242790254941906,5.74952488021863
18.2016704082489,1.868702895283187,-0.05937638035209647,0.12143249065172759,2.423621538856328,5.749853625327107
18.221959114074707,1.8693603817551123,-0.0603626106339899,0.1224187207841122,2.423621538856328,5.749196135110439
18.24195885658264,1.868702895283187,-0.05970512377929818,0.12307620753861472,2.423950282175225,5.74952488021863
18.261241674423218,1.8683741520472705,-0.05839015007106768,0.12307620753861472,2.423292795537497,5.7505111155449224
18.2801992893219,1.8690316385191341,-0.05970512377929818,0.1240624376697381,2.422964052218734,5.750182370435872
18.299344778060913,1.8673879223397063,-0.05970512377929818,0.1240624376697381,2.423292795537497,5.748538644894914
18.319342613220215,1.8700178682271615,-0.05937638035209647,0.1240624376697381,2.423292795537497,5.7505111155449224
18.337881326675415,1.8696891249911216,-0.05937638035209647,0.12439118104661122,2.423621538856328,5.748538644894914
18.35688614845276,1.8700178682271615,-0.05904763692499085,0.12439118104661122,2.423292795537497,5.750182370435872
18.377925872802734,1.8683741520472705,-0.05970512377929818,0.12504866780010554,2.423292795537497,5.74952488021863
18.396926403045654,1.8683741520472705,-0.06003386720659601,0.12471992442340035,2.422964052218734,5.751497350873793
18.4164822101593,1.8696891249911216,-0.05937638035209647,0.1240624376697381,2.423621538856328,5.750182370435872
18.435510396957397,1.8673879223397063,-0.058718893497981234,0.1240624376697381,2.422964052218734,5.750839860654259
18.45762324333191,1.868702895283187,-0.05970512377929818,0.12471992442340035,2.423292795537497,5.749853625327107
18.478896379470825,1.8683741520472705,-0.05937638035209647,0.123733694292781,2.422964052218734,5.7478811546805355
18.499889612197876,1.868702895283187,-0.0603626106339899,0.1240624376697381,2.422635308900038,5.748538644894914
18.519886255264282,1.868702895283187,-0.05839015007106768,0.123733694292781,2.422635308900038,5.749853625327107
18.539398431777954,1.868702895283187,-0.05904763692499085,0.12340495091573989,2.423292795537497,5.749853625327107
18.559967279434204,1.8683741520472705,-0.05970512377929818,0.123733694292781,2.423292795537497,5.749196135110439
18.581481456756592,1.867059179103913,-0.06134884091674858,0.12340495091573989,2.423292795537497,5.7505111155449224
18.602473497390747,1.8693603817551123,-0.05904763692499085,0.12307620753861472,2.422964052218734,5.7505111155449224
18.623244285583496,1.8667304358681505,-0.0603626106339899,0.12340495091573989,2.422635308900038,5.749853625327107
18.645164728164673,1.8690316385191341,-0.06003386720659601,0.1240624376697381,2.423292795537497,5.748867390002532
18.6676983833313,1.8690316385191341,-0.0603626106339899,0.123733694292781,2.422964052218734,5.749196135110439
18.68996262550354,1.8706753546993344,-0.05937638035209647,0.123733694292781,2.423621538856328,5.74952488021863
18.713468074798584,1.8693603817551123,-0.05904763692499085,0.123733694292781,2.422964052218734,5.750182370435872
18.735474586486816,1.8690316385191341,-0.06003386720659601,0.12110374727409776,2.423621538856328,5.749196135110439
18.758485555648804,1.868702895283187,-0.05937638035209647,0.1240624376697381,2.421977822262849,5.749853625327107
18.782182455062866,1.8690316385191341,-0.05904763692499085,0.1227474641614055,2.423292795537497,5.748867390002532
18.803346872329712,1.8693603817551123,-0.05937638035209647,0.1240624376697381,2.422964052218734,5.7478811546805355
18.825984954833984,1.868702895283187,-0.05937638035209647,0.1240624376697381,2.422635308900038,5.749196135110439
18.848942279815674,1.868045408811385,-0.06134884091674858,0.12307620753861472,2.422964052218734,5.74952488021863
18.867284297943115,1.8667304358681505,-0.05904763692499085,0.12307620753861472,2.422635308900038,5.749853625327107
18.886796712875366,1.8696891249911216,-0.05937638035209647,0.1240624376697381,2.422635308900038,5.749853625327107
18.905853509902954,1.8690316385191341,-0.05839015007106768,0.1224187207841122,2.422964052218734,5.748867390002532
18.92446780204773,1.868702895283187,-0.06134884091674858,0.123733694292781,2.42230656558141,5.749196135110439
18.94448494911194,1.8693603817551123,-0.05937638035209647,0.1224187207841122,2.42230656558141,5.750839860654259
18.964022874832153,1.8677166655755302,-0.06003386720659601,0.123733694292781,2.422635308900038,5.749853625327107
18.985921144485474,1.8700178682271615,-0.05937638035209647,0.1240624376697381,2.423292795537497,5.748538644894914
19.009048223495483,1.8700178682271615,-0.05970512377929818,0.12307620753861472,2.422635308900038,5.7482098997875815
19.032880783081055,1.868702895283187,-0.05937638035209647,0.123733694292781,2.422964052218734,5.750182370435872
19.054117441177368,1.8683741520472705,-0.05937638035209647,0.1227474641614055,2.423292795537497,5.750182370435872
19.075581789016724,1.8700178682271615,-0.05904763692499085,0.12439118104661122,2.422964052218734,5.749196135110439
19.096678495407104,1.8696891249911216,-0.05970512377929818,0.1240624376697381,2.422964052218734,5.750182370435872
19.118289470672607,1.8690316385191341,-0.05904763692499085,0.1240624376697381,2.42230656558141,5.74952488021863
19.14062762260437,1.8696891249911216,-0.05970512377929818,0.1240624376697381,2.422635308900038,5.748867390002532
19.163150548934937,1.8696891249911216,-0.0603626106339899,0.1240624376697381,2.422635308900038,5.748867390002532
19.182395696640015,1.865086719689799,-0.05970512377929818,0.12439118104661122,2.422635308900038,5.7505111155449224
19.202536821365356,1.868702895283187,-0.05970512377929818,0.123733694292781,2.42230656558141,5.7505111155449224
19.22154688835144,1.868045408811385,-0.058718893497981234,0.1240624376697381,2.422635308900038,5.749853625327107
19.243056297302246,1.8696891249911216,-0.05937638035209647,0.12439118104661122,2.423621538856328,5.74952488021863
19.263617515563965,1.8690316385191341,-0.05937638035209647,0.12471992442340035,2.422964052218734,5.748867390002532
19.28548264503479,1.868702895283187,-0.05904763692499085,0.12439118104661122,2.422635308900038,5.748538644894914
19.308377981185913,1.8700178682271615,-0.05937638035209647,0.12439118104661122,2.422964052218734,5.750182370435872
19.327988386154175,1.8700178682271615,-0.05937638035209647,0.123733694292781,2.422635308900038,5.749853625327107
19.350096702575684,1.8673879223397063,-0.05937638035209647,0.12439118104661122,2.422964052218734,5.748867390002532
19.373238801956177,1.8677166655755302,-0.0610200974890662,0.12439118104661122,2.422635308900038,5.749196135110439
19.394519329071045,1.8690316385191341,-0.06134884091674858,0.12340495091573989,2.422964052218734,5.749853625327107
19.416391134262085,1.868702895283187,-0.05970512377929818,0.123733694292781,2.422635308900038,5.749196135110439
19.43929648399353,1.8696891249911216,-0.05937638035209647,0.1240624376697381,2.42230656558141,5.750182370435872
19.46090078353882,1.8673879223397063,-0.05904763692499085,0.12340495091573989,2.421977822262849,5.7511686057638824
19.48042058944702,1.867059179103913,-0.05904763692499085,0.123733694292781,2.4216490789443554,5.750182370435872
19.499469757080078,1.8696891249911216,-0.05904763692499085,0.123733694292781,2.4216490789443554,5.7505111155449224
19.518469095230103,1.8677166655755302,-0.06003386720659601,0.123733694292781,2.4216490789443554,5.749853625327107
19.537977695465088,1.8693603817551123,-0.0603626106339899,0.12471992442340035,2.4216490789443554,5.750182370435872
19.556982040405273,1.8683741520472705,-0.05937638035209647,0.12340495091573989,2.421320335625929,5.74952488021863
19.576523065567017,1.8713328411716312,-0.0610200974890662,0.123733694292781,2.421977822262849,5.749196135110439
19.595602989196777,1.868702895283187,-0.05937638035209647,0.12307620753861472,2.4216490789443554,5.748867390002532
19.61466884613037,1.8693603817551123,-0.05904763692499085,0.1253774111767268,2.4216490789443554,5.748867390002532
19.63375997543335,1.8673879223397063,-0.06003386720659601,0.12439118104661122,2.4216490789443554,5.750182370435872
19.652790784835815,1.8673879223397063,-0.05970512377929818,0.12471992442340035,2.4216490789443554,5.7505111155449224
19.675865411758423,1.868702895283187,-0.06003386720659601,0.12439118104661122,2.421977822262849,5.749196135110439
19.69485306739807,1.868045408811385,-0.05937638035209647,0.12471992442340035,2.4216490789443554,5.748867390002532
19.715845346450806,1.8696891249911216,-0.05970512377929818,0.12439118104661122,2.421977822262849,5.749196135110439
19.738475561141968,1.8696891249911216,-0.05904763692499085,0.12471992442340035,2.421977822262849,5.748867390002532
19.76157855987549,1.868702895283187,-0.05904763692499085,0.12439118104661122,2.421977822262849,5.748867390002532
19.7832088470459,1.868702895283187,-0.0603626106339899,0.12439118104661122,2.4216490789443554,5.748867390002532
19.80421018600464,1.8683741520472705,-0.06003386720659601,0.123733694292781,2.4216490789443554,5.750182370435872
19.826650381088257,1.8683741520472705,-0.05904763692499085,0.123733694292781,2.421320335625929,5.749196135110439
19.84584641456604,1.867059179103913,-0.05806140664425011,0.1240624376697381,2.421320335625929,5.74952488021863
19.864550352096558,1.8677166655755302,-0.05904763692499085,0.1240624376697381,2.4209915923075696,5.750182370435872
19.885173559188843,1.867059179103913,-0.05970512377929818,0.12439118104661122,2.421320335625929,5.7505111155449224
19.90667986869812,1.868045408811385,-0.05937638035209647,0.12471992442340035,2.421320335625929,5.750182370435872
19.929036378860474,1.8700178682271615,-0.05970512377929818,0.1227474641614055,2.421977822262849,5.750182370435872
19.95319437980652,1.8683741520472705,-0.0610200974890662,0.1240624376697381,2.421977822262849,5.749196135110439
19.97426176071167,1.8683741520472705,-0.06003386720659601,0.123733694292781,2.421320335625929,5.748538644894914
19.997795820236206,1.8677166655755302,-0.05937638035209647,0.1240624376697381,2.421320335625929,5.748867390002532
20.01688027381897,1.8677166655755302,-0.06003386720659601,0.12471992442340035,2.421320335625929,5.748538644894914
20.03886389732361,1.8683741520472705,-0.05937638035209647,0.12471992442340035,2.421320335625929,5.749196135110439
20.060003519058228,1.8703466114632323,-0.05970512377929818,0.12340495091573989,2.421320335625929,5.749853625327107
20.080240964889526,1.868702895283187,-0.058718893497981234,0.12439118104661122,2.4209915923075696,5.750182370435872
20.100517511367798,1.8677166655755302,-0.05937638035209647,0.12471992442340035,2.421320335625929,5.74952488021863
20.1210880279541,1.8696891249911216,-0.06003386720659601,0.1253774111767268,2.421320335625929,5.7505111155449224
20.14006805419922,1.8696891249911216,-0.06003386720659601,0.12439118104661122,2.421320335625929,5.749853625327107
20.15907335281372,1.8683741520472705,-0.05970512377929818,0.1240624376697381,2.4216490789443554,5.74952488021863
20.17812180519104,1.868702895283187,-0.05904763692499085,0.12439118104661122,2.4216490789443554,5.749853625327107
20.197371006011963,1.8706753546993344,-0.05970512377929818,0.123733694292781,2.421977822262849,5.749196135110439
20.21688485145569,1.8683741520472705,-0.05937638035209647,0.12439118104661122,2.421320335625929,5.749853625327107
20.23539447784424,1.8703466114632323,-0.06134884091674858,0.12471992442340035,2.4216490789443554,5.749196135110439
20.254401683807373,1.868702895283187,-0.06134884091674858,0.12439118104661122,2.421320335625929,5.74952488021863
20.274040460586548,1.8693603817551123,-0.05937638035209647,0.12471992442340035,2.421977822262849,5.750839860654259
20.2934730052948,1.8700178682271615,-0.05904763692499085,0.1253774111767268,2.421977822262849,5.748538644894914
20.312578678131104,1.8683741520472705,-0.058718893497981234,0.12504866780010554,2.421320335625929,5.750182370435872
20.33316469192505,1.8693603817551123,-0.06134884091674858,0.12504866780010554,2.421320335625929,5.749196135110439
20.352782487869263,1.8683741520472705,-0.05937638035209647,0.1253774111767268,2.42230656558141,5.7505111155449224
20.373549222946167,1.8700178682271615,-0.06003386720659601,0.123733694292781,2.421320335625929,5.749853625327107
20.393527030944824,1.868045408811385,-0.06003386720659601,0.1253774111767268,2.421320335625929,5.749196135110439
20.41252636909485,1.868702895283187,-0.06003386720659601,0.1253774111767268,2.4206628489892776,5.748867390002532
20.434242248535156,1.8690316385191341,-0.05970512377929818,0.12471992442340035,2.4209915923075696,5.748867390002532
20.45725727081299,1.868045408811385,-0.05970512377929818,0.12504866780010554,2.4216490789443554,5.750182370435872
20.478970050811768,1.8693603817551123,-0.05937638035209647,0.12340495091573989,2.421320335625929,5.74952488021863
20.500237464904785,1.868702895283187,-0.0603626106339899,0.12439118104661122,2.4209915923075696,5.74952488021863
20.522747039794922,1.868045408811385,-0.06167758434452722,0.12439118104661122,2.4209915923075696,5.74952488021863
20.545092582702637,1.8696891249911216,-0.05904763692499085,0.1240624376697381,2.4206628489892776,5.7482098997875815
20.568317651748657,1.868702895283187,-0.05937638035209647,0.12439118104661122,2.4209915923075696,5.748867390002532
20.592726707458496,1.868045408811385,-0.058718893497981234,0.123733694292781,2.4209915923075696,5.7482098997875815
20.616251707077026,1.8693603817551123,-0.05904763692499085,0.12340495091573989,2.4206628489892776,5.748867390002532
20.639771938323975,1.8690316385191341,-0.05970512377929818,0.12504866780010554,2.420334105671053,5.750182370435872
20.6636905670166,1.868702895283187,-0.058718893497981234,0.12471992442340035,2.420334105671053,5.7482098997875815
20.687286138534546,1.8690316385191341,-0.05904763692499085,0.12439118104661122,2.4206628489892776,5.750182370435872
20.710874795913696,1.8696891249911216,-0.05970512377929818,0.1253774111767268,2.4206628489892776,5.749853625327107
20.734954357147217,1.868702895283187,-0.05937638035209647,0.12669238468237293,2.4209915923075696,5.749196135110439
20.75996232032776,1.8696891249911216,-0.05904763692499085,0.1260348979297176,2.4206628489892776,5.748538644894914
20.78209400177002,1.8683741520472705,-0.05937638035209647,0.12767861481072734,2.4206628489892776,5.74952488021863
20.801093101501465,1.8690316385191341,-0.06003386720659601,0.12767861481072734,2.4209915923075696,5.750182370435872
20.820621490478516,1.867059179103913,-0.06003386720659601,0.12669238468237293,2.4209915923075696,5.7505111155449224
20.839622735977173,1.8700178682271615,-0.05937638035209647,0.12800735818667794,2.4209915923075696,5.749196135110439
20.858916521072388,1.8710040979354672,-0.0610200974890662,0.12800735818667794,2.4206628489892776,5.749853625327107
20.878026247024536,1.868702895283187,-0.0603626106339899,0.1289935883140274,2.4209915923075696,5.748867390002532
20.897026777267456,1.8683741520472705,-0.05904763692499085,0.12800735818667794,2.4206628489892776,5.748538644894914
20.916027069091797,1.8677166655755302,-0.0603626106339899,0.1293223316896432,2.421320335625929,5.750182370435872
20.935553789138794,1.8683741520472705,-0.05904763692499085,0.12965107506517531,2.421320335625929,5.74952488021863
20.95488214492798,1.868045408811385,-0.05937638035209647,0.12866484493832794,2.4206628489892776,5.749196135110439
20.97658371925354,1.8673879223397063,-0.05970512377929818,0.1303085618159887,2.421320335625929,5.748538644894914
20.995933532714844,1.8693603817551123,-0.05937638035209647,0.131294791941582,2.421320335625929,5.748867390002532
21.01702857017517,1.866401692632419,-0.05937638035209647,0.131294791941582,2.4216490789443554,5.7505111155449224
21.03645610809326,1.8693603817551123,-0.05904763692499085,0.131294791941582,2.421977822262849,5.749853625327107
21.05854892730713,1.8693603817551123,-0.058718893497981234,0.1303085618159887,2.4216490789443554,5.748538644894914
21.081340312957764,1.8693603817551123,-0.05904763692499085,0.13063730519127004,2.4216490789443554,5.74952488021863
21.102245807647705,1.868045408811385,-0.05970512377929818,0.1309660485664678,2.421320335625929,5.7505111155449224
21.124780893325806,1.8696891249911216,-0.05904763692499085,0.1316235353166127,2.421977822262849,5.7505111155449224
21.146032094955444,1.8667304358681505,-0.058718893497981234,0.13063730519127004,2.421977822262849,5.748867390002532
21.165548086166382,1.8696891249911216,-0.05937638035209647,0.1309660485664678,2.421320335625929,5.749853625327107
21.18509602546692,1.867059179103913,-0.06003386720659601,0.131294791941582,2.421320335625929,5.7482098997875815
21.205089330673218,1.8706753546993344,-0.06003386720659601,0.1309660485664678,2.4216490789443554,5.749853625327107
21.224600553512573,1.8673879223397063,-0.05937638035209647,0.1299798184406238,2.4216490789443554,5.749196135110439
21.245054721832275,1.8710040979354672,-0.058718893497981234,0.1309660485664678,2.42230656558141,5.749196135110439
21.264001607894897,1.8696891249911216,-0.05904763692499085,0.13063730519127004,2.4216490789443554,5.750182370435872
21.284712076187134,1.868702895283187,-0.05904763692499085,0.1303085618159887,2.4216490789443554,5.74952488021863
21.30393385887146,1.868702895283187,-0.05970512377929818,0.13063730519127004,2.421977822262849,5.751497350873793
21.323796272277832,1.866401692632419,-0.06003386720659601,0.1303085618159887,2.421977822262849,5.750839860654259
21.34279751777649,1.8696891249911216,-0.0603626106339899,0.13326725219051416,2.4216490789443554,5.748538644894914
21.36442995071411,1.8690316385191341,-0.05904763692499085,0.1299798184406238,2.421977822262849,5.749196135110439
21.383317947387695,1.8683741520472705,-0.05970512377929818,0.12965107506517531,2.42230656558141,5.74952488021863
21.402318477630615,1.8693603817551123,-0.05970512377929818,0.1303085618159887,2.4216490789443554,5.750182370435872
21.421358346939087,1.8683741520472705,-0.058718893497981234,0.12965107506517531,2.4216490789443554,5.750182370435872
21.440948724746704,1.8696891249911216,-0.05970512377929818,0.12965107506517531,2.4216490789443554,5.749196135110439
21.45995593070984,1.8700178682271615,-0.05904763692499085,0.1293223316896432,2.421977822262849,5.749196135110439
21.47941756248474,1.8693603817551123,-0.05904763692499085,0.12965107506517531,2.421977822262849,5.751826095983989
21.498619556427002,1.868045408811385,-0.05970512377929818,0.12965107506517531,2.421977822262849,5.750182370435872
21.519254446029663,1.8690316385191341,-0.06003386720659601,0.1289935883140274,2.421977822262849,5.752154841094472
21.538278818130493,1.868702895283187,-0.05904763692499085,0.13063730519127004,2.421977822262849,5.749196135110439
21.558579921722412,1.8673879223397063,-0.05904763692499085,0.1293223316896432,2.421977822262849,5.750182370435872
21.578720808029175,1.8703466114632323,-0.05904763692499085,0.1299798184406238,2.421977822262849,5.750839860654259
21.59816336631775,1.8677166655755302,-0.06069135406147996,0.1299798184406238,2.421977822262849,5.7505111155449224
21.617971658706665,1.8667304358681505,-0.06069135406147996,0.13063730519127004,2.421977822262849,5.750839860654259
21.638195276260376,1.8700178682271615,-0.05970512377929818,0.1299798184406238,2.421977822262849,5.74952488021863
21.658198833465576,1.8690316385191341,-0.06003386720659601,0.1293223316896432,2.421320335625929,5.749853625327107
21.67984628677368,1.8700178682271615,-0.058718893497981234,0.1299798184406238,2.4216490789443554,5.7505111155449224
21.702929973602295,1.868045408811385,-0.05937638035209647,0.1293223316896432,2.4216490789443554,5.749853625327107
21.72668957710266,1.8696891249911216,-0.05937638035209647,0.1299798184406238,2.4216490789443554,5.74952488021863
21.750938892364502,1.8667304358681505,-0.05970512377929818,0.13063730519127004,2.421320335625929,5.7511686057638824
21.77348756790161,1.8703466114632323,-0.05937638035209647,0.1309660485664678,2.42230656558141,5.74952488021863
21.798253297805786,1.8690316385191341,-0.05937638035209647,0.1303085618159887,2.42230656558141,5.7505111155449224
21.82205843925476,1.868702895283187,-0.0603626106339899,0.1303085618159887,2.421977822262849,5.749853625327107
21.845471382141113,1.865415462925408,-0.05970512377929818,0.1309660485664678,2.42230656558141,5.7482098997875815
21.869027853012085,1.867059179103913,-0.05904763692499085,0.1309660485664678,2.421977822262849,5.749196135110439
21.89154553413391,1.8693603817551123,-0.05970512377929818,0.1309660485664678,2.421977822262849,5.748867390002532
21.915124654769897,1.8696891249911216,-0.06003386720659601,0.1299798184406238,2.42230656558141,5.750182370435872
21.939451456069946,1.8667304358681505,-0.05904763692499085,0.13063730519127004,2.421977822262849,5.7482098997875815
21.96232271194458,1.8703466114632323,-0.05937638035209647,0.1309660485664678,2.4216490789443554,5.748538644894914
21.980703830718994,1.8693603817551123,-0.05904763692499085,0.1303085618159887,2.42230656558141,5.748538644894914
22.000417709350586,1.8660729493967179,-0.05937638035209647,0.1299798184406238,2.421977822262849,5.751497350873793
22.020592212677002,1.868702895283187,-0.05937638035209647,0.13063730519127004,2.421977822262849,5.750182370435872
22.039779663085938,1.8690316385191341,-0.06069135406147996,0.12965107506517531,2.4216490789443554,5.7475524095737756
22.059343338012695,1.8700178682271615,-0.05904763692499085,0.1303085618159887,2.42230656558141,5.7482098997875815
22.078878164291382,1.8696891249911216,-0.05937638035209647,0.1293223316896432,2.421977822262849,5.749196135110439
22.096879243850708,1.8693603817551123,-0.05937638035209647,0.1303085618159887,2.42230656558141,5.749196135110439
22.116405963897705,1.868045408811385,-0.05970512377929818,0.1299798184406238,2.42230656558141,5.750182370435872
22.13540530204773,1.8683741520472705,-0.05970512377929818,0.1299798184406238,2.4216490789443554,5.749196135110439
22.154408931732178,1.8706753546993344,-0.05904763692499085,0.1303085618159887,2.42230656558141,5.749853625327107
22.174433946609497,1.868045408811385,-0.05904763692499085,0.13063730519127004,2.42230656558141,5.748867390002532
22.19303297996521,1.8713328411716312,-0.05937638035209647,0.12307620753861472,2.421977822262849,5.750182370435872
22.21303367614746,1.868702895283187,-0.05970512377929818,0.1303085618159887,2.42230656558141,5.74952488021863
22.235548973083496,1.868045408811385,-0.06069135406147996,0.1289935883140274,2.421977822262849,5.749196135110439
22.25700068473816,1.868702895283187,-0.06003386720659601,0.1299798184406238,2.421977822262849,5.748538644894914
22.278795957565308,1.8696891249911216,-0.058718893497981234,0.1299798184406238,2.422635308900038,5.749196135110439
22.299882888793945,1.8696891249911216,-0.06003386720659601,0.1293223316896432,2.421977822262849,5.748867390002532
22.321460008621216,1.8677166655755302,-0.05970512377929818,0.1289935883140274,2.421977822262849,5.749196135110439
22.34470272064209,1.8683741520472705,-0.058718893497981234,0.13228102206642361,2.4216490789443554,5.74952488021863
22.367151260375977,1.8683741520472705,-0.06069135406147996,0.1303085618159887,2.421977822262849,5.750839860654259
22.38996648788452,1.8693603817551123,-0.05904763692499085,0.1293223316896432,2.421977822262849,5.750839860654259
22.411964654922485,1.8690316385191341,-0.05970512377929818,0.1303085618159887,2.42230656558141,5.749196135110439
22.434492111206055,1.8683741520472705,-0.05970512377929818,0.1299798184406238,2.42230656558141,5.74952488021863
22.456498622894287,1.8690316385191341,-0.058718893497981234,0.1303085618159887,2.421977822262849,5.749196135110439
22.47830319404602,1.8693603817551123,-0.06003386720659601,0.1299798184406238,2.421977822262849,5.74952488021863
22.499528646469116,1.8683741520472705,-0.05904763692499085,0.1303085618159887,2.4216490789443554,5.749196135110439
22.521604299545288,1.8703466114632323,-0.05937638035209647,0.1289935883140274,2.42230656558141,5.749853625327107
22.54343008995056,1.8683741520472705,-0.05904763692499085,0.1293223316896432,2.422635308900038,5.749196135110439
22.563390016555786,1.8677166655755302,-0.05937638035209647,0.1293223316896432,2.42230656558141,5.74952488021863
22.583603620529175,1.868702895283187,-0.05904763692499085,0.1293223316896432,2.421977822262849,5.749853625327107
22.603191375732422,1.868045408811385,-0.06069135406147996,0.1303085618159887,2.421977822262849,5.751497350873793
22.62258791923523,1.8693603817551123,-0.06069135406147996,0.1299798184406238,2.42230656558141,5.751497350873793
22.642605304718018,1.8703466114632323,-0.06134884091674858,0.1299798184406238,2.42230656558141,5.750182370435872
22.661628246307373,1.8690316385191341,-0.06134884091674858,0.12965107506517531,2.42230656558141,5.748867390002532
22.681151151657104,1.868702895283187,-0.05937638035209647,0.1299798184406238,2.423292795537497,5.748867390002532
22.70015001296997,1.8690316385191341,-0.06069135406147996,0.1283361015625448,2.42230656558141,5.750182370435872
22.71915030479431,1.8673879223397063,-0.06003386720659601,0.1283361015625448,2.421977822262849,5.74952488021863
22.738192796707153,1.868702895283187,-0.06003386720659601,0.12965107506517531,2.4216490789443554,5.749853625327107
22.758198261260986,1.868045408811385,-0.05970512377929818,0.12965107506517531,2.42230656558141,5.750182370435872
22.777695417404175,1.868702895283187,-0.05904763692499085,0.1293223316896432,2.42230656558141,5.749196135110439
22.796058177947998,1.8683741520472705,-0.05937638035209647,0.12965107506517531,2.42230656558141,5.749196135110439
22.815563678741455,1.8673879223397063,-0.06134884091674858,0.1293223316896432,2.4216490789443554,5.749196135110439
22.83590292930603,1.8683741520472705,-0.05937638035209647,0.1299798184406238,2.421977822262849,5.749853625327107
22.85551142692566,1.8673879223397063,-0.05904763692499085,0.1299798184406238,2.421977822262849,5.748867390002532
22.875080585479736,1.8690316385191341,-0.058718893497981234,0.1283361015625448,2.4216490789443554,5.750182370435872
22.895553588867188,1.868045408811385,-0.05937638035209647,0.1299798184406238,2.4216490789443554,5.750182370435872
22.91439700126648,1.868702895283187,-0.05904763692499085,0.12965107506517531,2.42230656558141,5.749196135110439
22.93438220024109,1.8683741520472705,-0.05970512377929818,0.13063730519127004,2.421977822262849,5.750182370435872
22.953866958618164,1.868702895283187,-0.05904763692499085,0.1289935883140274,2.421320335625929,5.750182370435872
22.972906827926636,1.8696891249911216,-0.058718893497981234,0.1299798184406238,2.42230656558141,5.750182370435872
22.99505090713501,1.8703466114632323,-0.058718893497981234,0.12965107506517531,2.42230656558141,5.749196135110439
23.01504349708557,1.8690316385191341,-0.05937638035209647,0.1299798184406238,2.42230656558141,5.749853625327107
23.036847352981567,1.8690316385191341,-0.05937638035209647,0.1303085618159887,2.421977822262849,5.749853625327107
23.061159133911133,1.8690316385191341,-0.05904763692499085,0.12866484493832794,2.421977822262849,5.751826095983989
23.085200309753418,1.8690316385191341,-0.05904763692499085,0.1303085618159887,2.42230656558141,5.749196135110439
23.108755588531494,1.8696891249911216,-0.06069135406147996,0.13063730519127004,2.421977822262849,5.748867390002532
23.131941318511963,1.8673879223397063,-0.06069135406147996,0.1299798184406238,2.421977822262849,5.749853625327107
23.154983520507812,1.8683741520472705,-0.0610200974890662,0.1303085618159887,2.42230656558141,5.750182370435872
23.179665327072144,1.8690316385191341,-0.05904763692499085,0.1299798184406238,2.421977822262849,5.749196135110439
23.20456075668335,1.8696891249911216,-0.05937638035209647,0.13063730519127004,2.42230656558141,5.74952488021863
23.227140188217163,1.8703466114632323,-0.05937638035209647,0.12800735818667794,2.42230656558141,5.750182370435872
23.247490644454956,1.8693603817551123,-0.05904763692499085,0.1303085618159887,2.42230656558141,5.7505111155449224
23.267709493637085,1.868702895283187,-0.05904763692499085,0.13063730519127004,2.4216490789443554,5.750839860654259
23.28769874572754,1.868702895283187,-0.05970512377929818,0.1303085618159887,2.422635308900038,5.750182370435872
23.307637691497803,1.8693603817551123,-0.05904763692499085,0.1293223316896432,2.421977822262849,5.750839860654259
23.32678484916687,1.8690316385191341,-0.05970512377929818,0.1303085618159887,2.42230656558141,5.7505111155449224
23.346030473709106,1.8690316385191341,-0.06003386720659601,0.1289935883140274,2.4216490789443554,5.749196135110439
23.365705251693726,1.8690316385191341,-0.05937638035209647,0.1335959955650442,2.421320335625929,5.749853625327107
23.386770486831665,1.8690316385191341,-0.06069135406147996,0.1303085618159887,2.421320335625929,5.7505111155449224
23.40579581260681,1.8693603817551123,-0.05970512377929818,0.1299798184406238,2.42230656558141,5.748538644894914
23.424286603927612,1.8683741520472705,-0.06167758434452722,0.13063730519127004,2.421977822262849,5.7505111155449224
23.4444580078125,1.8683741520472705,-0.05937638035209647,0.12866484493832794,2.421977822262849,5.749853625327107
23.46374249458313,1.8696891249911216,-0.06003386720659601,0.1299798184406238,2.42230656558141,5.750182370435872
23.483410596847534,1.868045408811385,-0.05904763692499085,0.1299798184406238,2.422635308900038,5.750182370435872
23.503437280654907,1.868045408811385,-0.05937638035209647,0.12965107506517531,2.421977822262849,5.749196135110439
23.52308988571167,1.8693603817551123,-0.05970512377929818,0.1289935883140274,2.42230656558141,5.7505111155449224
23.543062686920166,1.8700178682271615,-0.05937638035209647,0.1303085618159887,2.42230656558141,5.748538644894914
23.564561367034912,1.8690316385191341,-0.0610200974890662,0.13063730519127004,2.42230656558141,5.74952488021863
23.584758043289185,1.8673879223397063,-0.05904763692499085,0.1309660485664678,2.42230656558141,5.7482098997875815
23.607236623764038,1.8693603817551123,-0.05937638035209647,0.13063730519127004,2.422635308900038,5.750182370435872
23.629759073257446,1.868702895283187,-0.06167758434452722,0.12866484493832794,2.421977822262849,5.7505111155449224
23.65194296836853,1.8690316385191341,-0.06003386720659601,0.1299798184406238,2.42230656558141,5.749196135110439
23.674915313720703,1.8703466114632323,-0.06003386720659601,0.1303085618159887,2.42230656558141,5.750839860654259
23.697829246520996,1.8693603817551123,-0.05904763692499085,0.1293223316896432,2.421977822262849,5.74952488021863
23.72134757041931,1.8690316385191341,-0.05970512377929818,0.1303085618159887,2.42230656558141,5.7505111155449224
23.74445366859436,1.8696891249911216,-0.05937638035209647,0.11880254362833033,2.421977822262849,5.750839860654259
23.763994693756104,1.868702895283187,-0.05937638035209647,0.1299798184406238,2.42230656558141,5.748867390002532
23.78383731842041,1.867059179103913,-0.05904763692499085,0.13063730519127004,2.421977822262849,5.749196135110439
23.80405282974243,1.8700178682271615,-0.06003386720659601,0.12965107506517531,2.42230656558141,5.749853625327107
23.82397961616516,1.8690316385191341,-0.06069135406147996,0.1299798184406238,2.421977822262849,5.750839860654259
23.842778205871582,1.8700178682271615,-0.05806140664425011,0.1289935883140274,2.42230656558141,5.7505111155449224
23.86321187019348,1.8696891249911216,-0.05937638035209647,0.12965107506517531,2.422635308900038,5.748867390002532
23.882989645004272,1.8696891249911216,-0.05904763692499085,0.1309660485664678,2.42230656558141,5.749853625327107
23.902191162109375,1.868702895283187,-0.05937638035209647,0.13063730519127004,2.422635308900038,5.7505111155449224
23.922566413879395,1.868702895283187,-0.05937638035209647,0.1299798184406238,2.42230656558141,5.74952488021863
23.941709280014038,1.8693603817551123,-0.05904763692499085,0.1293223316896432,2.42230656558141,5.749853625327107
23.96146845817566,1.8693603817551123,-0.05904763692499085,0.12965107506517531,2.42230656558141,5.750182370435872
23.980553150177002,1.8703466114632323,-0.05937638035209647,0.1309660485664678,2.42230656558141,5.7482098997875815
23.999552726745605,1.8693603817551123,-0.06003386720659601,0.1293223316896432,2.421977822262849,5.7505111155449224
24.019134521484375,1.8683741520472705,-0.05937638035209647,0.12965107506517531,2.42230656558141,5.749853625327107
24.038134336471558,1.8693603817551123,-0.06003386720659601,0.1299798184406238,2.422635308900038,5.751826095983989
24.05713987350464,1.8673879223397063,-0.05970512377929818,0.1299798184406238,2.42230656558141,5.749196135110439
24.07597327232361,1.868702895283187,-0.05904763692499085,0.1289935883140274,2.422635308900038,5.749853625327107
24.09514307975769,1.8693603817551123,-0.05970512377929818,0.12965107506517531,2.42230656558141,5.750182370435872
24.114163637161255,1.8683741520472705,-0.05904763692499085,0.12965107506517531,2.42230656558141,5.750839860654259
24.133703231811523,1.8690316385191341,-0.05970512377929818,0.1289935883140274,2.42230656558141,5.750839860654259
24.152790307998657,1.8673879223397063,-0.06069135406147996,0.12669238468237293,2.422635308900038,5.750182370435872
24.171862602233887,1.8690316385191341,-0.06003386720659601,0.12800735818667794,2.422635308900038,5.749196135110439
24.19201636314392,1.868045408811385,-0.05937638035209647,0.12866484493832794,2.422635308900038,5.749853625327107
24.214067935943604,1.8693603817551123,-0.05937638035209647,0.12800735818667794,2.422635308900038,5.750182370435872
24.235912084579468,1.8690316385191341,-0.05970512377929818,0.1283361015625448,2.422635308900038,5.749853625327107
24.25580644607544,1.868702895283187,-0.058718893497981234,0.1283361015625448,2.423292795537497,5.748538644894914
24.27520179748535,1.8683741520472705,-0.05937638035209647,0.12866484493832794,2.42230656558141,5.750182370435872
24.29771327972412,1.868702895283187,-0.05970512377929818,0.12767861481072734,2.422635308900038,5.750839860654259
24.322224140167236,1.8690316385191341,-0.05937638035209647,0.12866484493832794,2.423292795537497,5.74952488021863
24.34313464164734,1.8683741520472705,-0.05904763692499085,0.12800735818667794,2.422964052218734,5.749196135110439
24.365257501602173,1.8690316385191341,-0.05937638035209647,0.12767861481072734,2.423292795537497,5.749853625327107
24.385775327682495,1.8693603817551123,-0.05937638035209647,0.12800735818667794,2.422964052218734,5.750182370435872
24.407771825790405,1.8700178682271615,-0.058718893497981234,0.12702112805857488,2.423292795537497,5.750839860654259
24.431464672088623,1.868702895283187,-0.06069135406147996,0.12767861481072734,2.423292795537497,5.74952488021863
24.45477533340454,1.8696891249911216,-0.05937638035209647,0.127349871434693,2.423292795537497,5.749853625327107
24.474796533584595,1.8703466114632323,-0.05904763692499085,0.12636364130608718,2.423292795537497,5.749196135110439
24.49479651451111,1.8700178682271615,-0.05839015007106768,0.127349871434693,2.423950282175225,5.748867390002532
24.51589822769165,1.868045408811385,-0.05970512377929818,0.12110374727409776,2.423621538856328,5.751497350873793
24.53512930870056,1.8683741520472705,-0.05937638035209647,0.12570615455326414,2.422964052218734,5.749853625327107
24.555468559265137,1.8693603817551123,-0.06167758434452722,0.1260348979297176,2.4242790254941906,5.748538644894914
24.574529886245728,1.8683741520472705,-0.05970512377929818,0.1253774111767268,2.423292795537497,5.750182370435872
24.594762325286865,1.8693603817551123,-0.058718893497981234,0.12471992442340035,2.423950282175225,5.749853625327107
24.614020586013794,1.8673879223397063,-0.05937638035209647,0.12570615455326414,2.423621538856328,5.748867390002532
24.632601022720337,1.8696891249911216,-0.0603626106339899,0.12471992442340035,2.423950282175225,5.749853625327107
24.65177273750305,1.8673879223397063,-0.05970512377929818,0.1253774111767268,2.423621538856328,5.7505111155449224
24.671448469161987,1.8683741520472705,-0.05970512377929818,0.1253774111767268,2.423621538856328,5.749196135110439
24.690528392791748,1.868045408811385,-0.0603626106339899,0.12570615455326414,2.423621538856328,5.750182370435872
24.71051335334778,1.8693603817551123,-0.06069135406147996,0.1253774111767268,2.423950282175225,5.750182370435872
24.73007893562317,1.8696891249911216,-0.05937638035209647,0.12340495091573989,2.423950282175225,5.7511686057638824
24.749059200286865,1.8683741520472705,-0.05904763692499085,0.12471992442340035,2.422964052218734,5.748867390002532
24.768617153167725,1.868702895283187,-0.06200632777240203,0.12471992442340035,2.423621538856328,5.749853625327107
24.78870701789856,1.8710040979354672,-0.05970512377929818,0.1227474641614055,2.423292795537497,5.749853625327107
24.808706521987915,1.8690316385191341,-0.05904763692499085,0.1227474641614055,2.423950282175225,5.749196135110439
24.828402757644653,1.868702895283187,-0.05937638035209647,0.12307620753861472,2.423292795537497,5.7505111155449224
24.849315404891968,1.8690316385191341,-0.05937638035209647,0.12471992442340035,2.423292795537497,5.750182370435872
24.869959115982056,1.8693603817551123,-0.05904763692499085,0.12504866780010554,2.423950282175225,5.74952488021863
24.890629529953003,1.8690316385191341,-0.05937638035209647,0.1227474641614055,2.423621538856328,5.749853625327107
24.912041425704956,1.8690316385191341,-0.05937638035209647,0.12471992442340035,2.423621538856328,5.74952488021863
24.93597102165222,1.8693603817551123,-0.05937638035209647,0.123733694292781,2.423950282175225,5.748867390002532
24.955962896347046,1.8696891249911216,-0.06003386720659601,0.12439118104661122,2.423621538856328,5.7505111155449224
24.97498083114624,1.8700178682271615,-0.05904763692499085,0.12439118104661122,2.423950282175225,5.750182370435872
24.994003295898438,1.8683741520472705,-0.05904763692499085,0.12439118104661122,2.423292795537497,5.74952488021863
25.015400648117065,1.8690316385191341,-0.05970512377929818,0.12340495091573989,2.423621538856328,5.749853625327107
25.03785490989685,1.8683741520472705,-0.0603626106339899,0.12340495091573989,2.423950282175225,5.749196135110439
25.06188130378723,1.8706753546993344,-0.05937638035209647,0.1240624376697381,2.4246077688132233,5.748538644894914
25.082802057266235,1.8690316385191341,-0.058718893497981234,0.12176123402927327,2.423621538856328,5.750182370435872
25.102800369262695,1.8690316385191341,-0.0603626106339899,0.12439118104661122,2.423621538856328,5.7482098997875815
25.12182116508484,1.8683741520472705,-0.05937638035209647,0.12439118104661122,2.423950282175225,5.748867390002532
25.14046573638916,1.8706753546993344,-0.05937638035209647,0.12471992442340035,2.423950282175225,5.749853625327107
25.1594717502594,1.8700178682271615,-0.06233507120037307,0.1240624376697381,2.423292795537497,5.750182370435872
25.17813754081726,1.8700178682271615,-0.06134884091674858,0.12439118104661122,2.423621538856328,5.74952488021863
25.197163105010986,1.8700178682271615,-0.06003386720659601,0.1240624376697381,2.423950282175225,5.74952488021863
25.216645002365112,1.8693603817551123,-0.0603626106339899,0.12471992442340035,2.423950282175225,5.749196135110439
25.237167596817017,1.8673879223397063,-0.05937638035209647,0.12439118104661122,2.423621538856328,5.749853625327107
25.260172605514526,1.8703466114632323,-0.05937638035209647,0.1253774111767268,2.4242790254941906,5.748538644894914
25.280974626541138,1.868702895283187,-0.058718893497981234,0.12471992442340035,2.423621538856328,5.749853625327107
25.30256223678589,1.8696891249911216,-0.06167758434452722,0.12504866780010554,2.423950282175225,5.748867390002532
25.322556734085083,1.868045408811385,-0.06003386720659601,0.12471992442340035,2.423950282175225,5.748538644894914
25.34245467185974,1.8703466114632323,-0.05970512377929818,0.1253774111767268,2.423950282175225,5.748538644894914
25.364307165145874,1.8700178682271615,-0.06003386720659601,0.1253774111767268,2.423950282175225,5.749853625327107
25.38324284553528,1.8673879223397063,-0.05904763692499085,0.1253774111767268,2.423621538856328,5.750182370435872
25.403244495391846,1.8690316385191341,-0.05937638035209647,0.1253774111767268,2.422964052218734,5.749196135110439
25.42225193977356,1.8696891249911216,-0.05937638035209647,0.1253774111767268,2.423621538856328,5.750182370435872
25.44169044494629,1.8703466114632323,-0.0603626106339899,0.12669238468237293,2.423621538856328,5.7482098997875815
25.460862159729004,1.8706753546993344,-0.05937638035209647,0.12636364130608718,2.423621538856328,5.749853625327107
25.480449199676514,1.8690316385191341,-0.05970512377929818,0.12702112805857488,2.423621538856328,5.750182370435872
25.49967122077942,1.8693603817551123,-0.05970512377929818,0.12669238468237293,2.423950282175225,5.74952488021863
25.519211292266846,1.8673879223397063,-0.05970512377929818,0.127349871434693,2.4242790254941906,5.7482098997875815
25.540251970291138,1.8690316385191341,-0.06003386720659601,0.12800735818667794,2.423621538856328,5.7505111155449224
25.563570499420166,1.868702895283187,-0.05904763692499085,0.12669238468237293,2.423621538856328,5.750182370435872
25.586138248443604,1.8677166655755302,-0.058718893497981234,0.12767861481072734,2.423621538856328,5.748867390002532
25.60815167427063,1.8683741520472705,-0.05904763692499085,0.12439118104661122,2.423950282175225,5.74952488021863
25.628724098205566,1.8696891249911216,-0.05904763692499085,0.127349871434693,2.423621538856328,5.749196135110439
25.64969563484192,1.8693603817551123,-0.0610200974890662,0.12636364130608718,2.423621538856328,5.748867390002532
25.669253826141357,1.868702895283187,-0.05904763692499085,0.12669238468237293,2.423950282175225,5.748867390002532
25.688900470733643,1.8693603817551123,-0.05904763692499085,0.12636364130608718,2.423621538856328,5.749196135110439
25.70789933204651,1.868045408811385,-0.05937638035209647,0.12767861481072734,2.423292795537497,5.750839860654259
25.727546453475952,1.8690316385191341,-0.05937638035209647,0.12767861481072734,2.423950282175225,5.750182370435872
25.746445894241333,1.868045408811385,-0.05970512377929818,0.12767861481072734,2.4246077688132233,5.748867390002532
25.76555871963501,1.867059179103913,-0.05937638035209647,0.12800735818667794,2.423621538856328,5.7505111155449224
25.78462791442871,1.8683741520472705,-0.06003386720659601,0.1283361015625448,2.423950282175225,5.749853625327107
25.804746627807617,1.8683741520472705,-0.05904763692499085,0.12800735818667794,2.4242790254941906,5.7475524095737756
25.824305057525635,1.8693603817551123,-0.05904763692499085,0.12767861481072734,2.423950282175225,5.749196135110439
25.84595561027527,1.8693603817551123,-0.05937638035209647,0.12767861481072734,2.4242790254941906,5.749853625327107
25.868506908416748,1.868702895283187,-0.05937638035209647,0.1283361015625448,2.4242790254941906,5.749196135110439
25.892378091812134,1.8706753546993344,-0.058718893497981234,0.1283361015625448,2.4246077688132233,5.748867390002532
25.91273808479309,1.8703466114632323,-0.06003386720659601,0.1283361015625448,2.4242790254941906,5.74952488021863
25.932270526885986,1.868702895283187,-0.05970512377929818,0.12866484493832794,2.423621538856328,5.749196135110439
25.952569007873535,1.8693603817551123,-0.06825245292033486,0.12767861481072734,2.423621538856328,5.748867390002532
25.97160005569458,1.8657442061610476,-0.05904763692499085,0.1289935883140274,2.423950282175225,5.751497350873793
25.99160099029541,1.8706753546993344,-0.05937638035209647,0.1283361015625448,2.423292795537497,5.74952488021863
26.012598276138306,1.8696891249911216,-0.05839015007106768,0.12767861481072734,2.423950282175225,5.750182370435872
26.03310799598694,1.868702895283187,-0.05904763692499085,0.12767861481072734,2.423950282175225,5.7482098997875815
26.052111387252808,1.8673879223397063,-0.05937638035209647,0.12767861481072734,2.4242790254941906,5.749196135110439
26.07463502883911,1.8693603817551123,-0.05937638035209647,0.12800735818667794,2.423292795537497,5.750839860654259
26.095463514328003,1.868702895283187,-0.05904763692499085,0.12800735818667794,2.423950282175225,5.748538644894914
26.1161949634552,1.8696891249911216,-0.0603626106339899,0.12471992442340035,2.423621538856328,5.7505111155449224
26.13739037513733,1.868702895283187,-0.05904763692499085,0.1293223316896432,2.423950282175225,5.749196135110439
26.159385204315186,1.8706753546993344,-0.05904763692499085,0.1283361015625448,2.4246077688132233,5.750182370435872
26.181472063064575,1.868702895283187,-0.06003386720659601,0.12767861481072734,2.4246077688132233,5.749853625327107
26.20047116279602,1.868045408811385,-0.06003386720659601,0.12636364130608718,2.4246077688132233,5.7478811546805355
26.21942949295044,1.8690316385191341,-0.0603626106339899,0.12866484493832794,2.4246077688132233,5.749853625327107
26.239492654800415,1.8673879223397063,-0.05839015007106768,0.1283361015625448,2.4242790254941906,5.748867390002532
26.258596897125244,1.868702895283187,-0.05970512377929818,0.12767861481072734,2.4242790254941906,5.748867390002532
26.277615070343018,1.868702895283187,-0.06792370949062768,0.1289935883140274,2.4242790254941906,5.74952488021863
26.296682119369507,1.8683741520472705,-0.05904763692499085,0.1289935883140274,2.4242790254941906,5.749196135110439
26.317570686340332,1.8673879223397063,-0.05937638035209647,0.1289935883140274,2.4246077688132233,5.749853625327107
26.337727546691895,1.868702895283187,-0.06069135406147996,0.12800735818667794,2.423950282175225,5.74952488021863
26.359931468963623,1.868045408811385,-0.05937638035209647,0.1309660485664678,2.423950282175225,5.74952488021863
26.382155895233154,1.8683741520472705,-0.05937638035209647,0.12800735818667794,2.423950282175225,5.749196135110439
26.406155824661255,1.868045408811385,-0.0603626106339899,0.12800735818667794,2.423621538856328,5.750182370435872
26.429906845092773,1.8700178682271615,-0.058718893497981234,0.127349871434693,2.423292795537497,5.74952488021863
26.45014500617981,1.8677166655755302,-0.05937638035209647,0.12866484493832794,2.423621538856328,5.750182370435872
26.47154974937439,1.8683741520472705,-0.05970512377929818,0.127349871434693,2.4242790254941906,5.750182370435872
26.494548320770264,1.8696891249911216,-0.05904763692499085,0.12800735818667794,2.423950282175225,5.750182370435872
26.51669979095459,1.8706753546993344,-0.05970512377929818,0.12669238468237293,2.423621538856328,5.74952488021863
26.53973150253296,1.8683741520472705,-0.05970512377929818,0.12702112805857488,2.423950282175225,5.749196135110439
26.562839031219482,1.8683741520472705,-0.05904763692499085,0.12767861481072734,2.423950282175225,5.7482098997875815
26.584418773651123,1.8696891249911216,-0.05937638035209647,0.12636364130608718,2.4246077688132233,5.750182370435872
26.605416536331177,1.868702895283187,-0.05839015007106768,0.12669238468237293,2.423621538856328,5.74952488021863
26.626232385635376,1.8667304358681505,-0.05904763692499085,0.12669238468237293,2.4242790254941906,5.750182370435872
26.64523673057556,1.8716615844078264,-0.05904763692499085,0.12636364130608718,2.423950282175225,5.749196135110439
26.66595768928528,1.8710040979354672,-0.05937638035209647,0.12570615455326414,2.423621538856328,5.749196135110439
26.68977642059326,1.8673879223397063,-0.05937638035209647,0.12702112805857488,2.4242790254941906,5.748867390002532
26.713733911514282,1.868702895283187,-0.05904763692499085,0.12570615455326414,2.423292795537497,5.749853625327107
26.735984563827515,1.8693603817551123,-0.05904763692499085,0.12702112805857488,2.423950282175225,5.750182370435872
26.755987644195557,1.8693603817551123,-0.05937638035209647,0.1260348979297176,2.423621538856328,5.7505111155449224
26.774043321609497,1.8736340438256494,-0.058718893497981234,0.12570615455326414,2.423950282175225,5.748867390002532
26.79355788230896,1.8690316385191341,-0.05937638035209647,0.1253774111767268,2.423621538856328,5.749196135110439
26.812556505203247,1.868702895283187,-0.05937638035209647,0.12702112805857488,2.423621538856328,5.7475524095737756
26.832068920135498,1.868045408811385,-0.05937638035209647,0.12570615455326414,2.423292795537497,5.749196135110439
26.85108470916748,1.8677166655755302,-0.05937638035209647,0.12570615455326414,2.423292795537497,5.750839860654259
26.87127447128296,1.8660729493967179,-0.0603626106339899,0.12669238468237293,2.4242790254941906,5.748867390002532
26.89090871810913,1.8683741520472705,-0.05904763692499085,0.1260348979297176,2.423950282175225,5.750182370435872
26.912930488586426,1.8706753546993344,-0.0603626106339899,0.12570615455326414,2.423950282175225,5.750182370435872
26.93553400039673,1.8690316385191341,-0.06825245292033486,0.123733694292781,2.423950282175225,5.749853625327107
26.95757484436035,1.8683741520472705,-0.05904763692499085,0.12504866780010554,2.423621538856328,5.7505111155449224
26.979089975357056,1.8696891249911216,-0.05970512377929818,0.12570615455326414,2.4242790254941906,5.74952488021863
27.001172065734863,1.8690316385191341,-0.05904763692499085,0.12570615455326414,2.4242790254941906,5.7482098997875815
27.023600101470947,1.8693603817551123,-0.06069135406147996,0.1260348979297176,2.423621538856328,5.748867390002532
27.043599843978882,1.8696891249911216,-0.05904763692499085,0.12570615455326414,2.423621538856328,5.7505111155449224
27.06361198425293,1.8696891249911216,-0.05839015007106768,0.1253774111767268,2.423950282175225,5.748538644894914
27.085634469985962,1.8693603817551123,-0.0603626106339899,0.1253774111767268,2.423950282175225,5.7482098997875815
27.106759071350098,1.8693603817551123,-0.06003386720659601,0.12636364130608718,2.4242790254941906,5.749196135110439
27.12836480140686,1.8703466114632323,-0.06069135406147996,0.1260348979297176,2.4242790254941906,5.74952488021863
27.150636196136475,1.868702895283187,-0.06134884091674858,0.12636364130608718,2.4242790254941906,5.749196135110439
27.17313313484192,1.8703466114632323,-0.05937638035209647,0.12570615455326414,2.423950282175225,5.748867390002532
27.197124004364014,1.8700178682271615,-0.05904763692499085,0.1253774111767268,2.4242790254941906,5.748538644894914
27.220885038375854,1.868702895283187,-0.05937638035209647,0.12439118104661122,2.4242790254941906,5.748867390002532
27.24368166923523,1.8677166655755302,-0.05904763692499085,0.1253774111767268,2.4242790254941906,5.74952488021863
27.264636754989624,1.8677166655755302,-0.05970512377929818,0.12504866780010554,2.423950282175225,5.750182370435872
27.285802841186523,1.8683741520472705,-0.05937638035209647,0.12340495091573989,2.423950282175225,5.749196135110439
27.306921005249023,1.8683741520472705,-0.06069135406147996,0.12471992442340035,2.4242790254941906,5.74952488021863
27.327645778656006,1.8690316385191341,-0.05904763692499085,0.12471992442340035,2.4242790254941906,5.7478811546805355
27.346762895584106,1.8690316385191341,-0.05839015007106768,0.12504866780010554,2.423621538856328,5.748867390002532
27.364768266677856,1.8700178682271615,-0.058718893497981234,0.12471992442340035,2.423950282175225,5.748867390002532
27.384790420532227,1.8683741520472705,-0.05970512377929818,0.1253774111767268,2.423950282175225,5.750182370435872
27.404194116592407,1.8696891249911216,-0.05904763692499085,0.12504866780010554,2.4242790254941906,5.7505111155449224
27.423396587371826,1.8693603817551123,-0.0603626106339899,0.12504866780010554,2.423621538856328,5.74952488021863
27.44239854812622,1.8700178682271615,-0.06003386720659601,0.1253774111767268,2.423950282175225,5.750182370435872
27.46159291267395,1.8696891249911216,-0.05904763692499085,0.12570615455326414,2.4242790254941906,5.748867390002532
27.481646060943604,1.8690316385191341,-0.05904763692499085,0.12504866780010554,2.423950282175225,5.74952488021863
27.502248764038086,1.8683741520472705,-0.05937638035209647,0.12636364130608718,2.4242790254941906,5.749196135110439
27.525256395339966,1.8677166655755302,-0.05904763692499085,0.12439118104661122,2.423950282175225,5.7482098997875815
27.545785903930664,1.8696891249911216,-0.06003386720659601,0.12504866780010554,2.423950282175225,5.7482098997875815
27.568426370620728,1.868045408811385,-0.05904763692499085,0.12702112805857488,2.423621538856328,5.748538644894914
27.590917825698853,1.8690316385191341,-0.05937638035209647,0.12702112805857488,2.423950282175225,5.748867390002532
27.611939668655396,1.8696891249911216,-0.058718893497981234,0.12636364130608718,2.4242790254941906,5.74952488021863
27.63400149345398,1.8693603817551123,-0.05970512377929818,0.127349871434693,2.423950282175225,5.74952488021863
27.653332233428955,1.868702895283187,-0.05904763692499085,0.12636364130608718,2.423950282175225,5.748538644894914
27.672955989837646,1.8677166655755302,-0.05970512377929818,0.12570615455326414,2.423950282175225,5.748538644894914
27.6929714679718,1.8673879223397063,-0.05904763692499085,0.1260348979297176,2.4242790254941906,5.74952488021863
27.713120937347412,1.8713328411716312,-0.05937638035209647,0.12669238468237293,2.4242790254941906,5.748867390002532
27.733616828918457,1.867059179103913,-0.05937638035209647,0.12636364130608718,2.4242790254941906,5.748867390002532
27.752621173858643,1.8673879223397063,-0.06003386720659601,0.12636364130608718,2.4242790254941906,5.7478811546805355
27.77119278907776,1.8677166655755302,-0.05937638035209647,0.12636364130608718,2.423950282175225,5.749853625327107
27.789703369140625,1.8696891249911216,-0.05937638035209647,0.1253774111767268,2.4246077688132233,5.74952488021863
27.80870246887207,1.8700178682271615,-0.05970512377929818,0.1240624376697381,2.423950282175225,5.749196135110439
27.8272123336792,1.867059179103913,-0.05970512377929818,0.1260348979297176,2.4242790254941906,5.747223664467302
27.847211599349976,1.868702895283187,-0.05937638035209647,0.12471992442340035,2.423950282175225,5.74952488021863
27.86674737930298,1.868045408811385,-0.05970512377929818,0.12504866780010554,2.423292795537497,5.7478811546805355
27.88656783103943,1.8700178682271615,-0.05937638035209647,0.1253774111767268,2.423621538856328,5.750182370435872
27.905551195144653,1.8693603817551123,-0.05970512377929818,0.12504866780010554,2.4242790254941906,5.748867390002532
27.926063299179077,1.8696891249911216,-0.06069135406147996,0.12439118104661122,2.423950282175225,5.748867390002532
27.9476478099823,1.8683741520472705,-0.05937638035209647,0.12471992442340035,2.423950282175225,5.750182370435872
27.970633506774902,1.8667304358681505,-0.06397878834167287,0.1253774111767268,2.423950282175225,5.749853625327107
27.99163293838501,1.8696891249911216,-0.05937638035209647,0.1253774111767268,2.4242790254941906,5.749196135110439
28.010632753372192,1.8703466114632323,-0.058718893497981234,0.12439118104661122,2.423621538856328,5.74952488021863
28.030148029327393,1.8673879223397063,-0.06069135406147996,0.12504866780010554,2.423950282175225,5.74952488021863
28.049169301986694,1.8683741520472705,-0.05937638035209647,0.12439118104661122,2.423621538856328,5.749196135110439
28.06937050819397,1.8683741520472705,-0.05970512377929818,0.12504866780010554,2.423950282175225,5.748538644894914
28.088927745819092,1.8677166655755302,-0.05937638035209647,0.12471992442340035,2.423621538856328,5.749853625327107
28.107945919036865,1.8710040979354672,-0.05937638035209647,0.12504866780010554,2.4242790254941906,5.749853625327107
28.127461433410645,1.8700178682271615,-0.05839015007106768,0.12504866780010554,2.4242790254941906,5.749196135110439
28.147979974746704,1.8710040979354672,-0.05937638035209647,0.1253774111767268,2.423621538856328,5.748538644894914
28.16958737373352,1.8696891249911216,-0.05937638035209647,0.12471992442340035,2.4246077688132233,5.749196135110439
28.18958878517151,1.8696891249911216,-0.06792370949062768,0.12504866780010554,2.423950282175225,5.7482098997875815
28.21258783340454,1.8700178682271615,-0.06069135406147996,0.12471992442340035,2.423950282175225,5.7482098997875815
28.23549795150757,1.8696891249911216,-0.058718893497981234,0.1309660485664678,2.4242790254941906,5.750182370435872
28.25741147994995,1.8683741520472705,-0.05904763692499085,0.12439118104661122,2.423621538856328,5.74952488021863
28.28051781654358,1.8696891249911216,-0.058718893497981234,0.12471992442340035,2.423621538856328,5.7482098997875815
28.304553508758545,1.8673879223397063,-0.05970512377929818,0.1220899774067348,2.423621538856328,5.748538644894914
28.329084396362305,1.8700178682271615,-0.06003386720659601,0.12340495091573989,2.4242790254941906,5.748867390002532
28.35348129272461,1.868702895283187,-0.06003386720659601,0.1240624376697381,2.423950282175225,5.749853625327107
28.377817153930664,1.8690316385191341,-0.06003386720659601,0.12340495091573989,2.423950282175225,5.749196135110439
28.402941703796387,1.8683741520472705,-0.06003386720659601,0.12340495091573989,2.4242790254941906,5.749196135110439
28.42444157600403,1.8713328411716312,-0.0603626106339899,0.1240624376697381,2.423950282175225,5.7478811546805355
28.4468994140625,1.8690316385191341,-0.058718893497981234,0.12439118104661122,2.4242790254941906,5.750839860654259
28.468350172042847,1.8673879223397063,-0.05970512377929818,0.12439118104661122,2.423950282175225,5.748867390002532
28.49071979522705,1.868045408811385,-0.05904763692499085,0.123733694292781,2.4242790254941906,5.749196135110439
28.51269221305847,1.868702895283187,-0.05937638035209647,0.123733694292781,2.4242790254941906,5.749196135110439
28.536444425582886,1.868045408811385,-0.0603626106339899,0.12439118104661122,2.4242790254941906,5.749196135110439
28.559448957443237,1.8677166655755302,-0.05970512377929818,0.12307620753861472,2.423950282175225,5.749196135110439
28.583173274993896,1.8677166655755302,-0.05937638035209647,0.12340495091573989,2.423621538856328,5.7482098997875815
28.60692548751831,1.8690316385191341,-0.0603626106339899,0.12340495091573989,2.4242790254941906,5.74952488021863
28.630924224853516,1.8700178682271615,-0.05904763692499085,0.12439118104661122,2.423950282175225,5.7482098997875815
28.656285047531128,1.8673879223397063,-0.05937638035209647,0.1240624376697381,2.423621538856328,5.749196135110439
28.679375410079956,1.8706753546993344,-0.058718893497981234,0.1240624376697381,2.4242790254941906,5.7482098997875815
28.703602075576782,1.8683741520472705,-0.058718893497981234,0.12439118104661122,2.423950282175225,5.748538644894914
28.728320837020874,1.868045408811385,-0.05904763692499085,0.12439118104661122,2.423292795537497,5.748867390002532
28.75286889076233,1.8690316385191341,-0.06003386720659601,0.12439118104661122,2.423621538856328,5.749196135110439
28.77396321296692,1.8696891249911216,-0.05937638035209647,0.1240624376697381,2.423950282175225,5.749853625327107
28.795962810516357,1.8719903276440526,-0.05970512377929818,0.1240624376697381,2.423950282175225,5.748538644894914
28.81795024871826,1.8696891249911216,-0.06003386720659601,0.12340495091573989,2.423950282175225,5.7482098997875815
28.842514514923096,1.866401692632419,-0.06069135406147996,0.12340495091573989,2.423950282175225,5.749196135110439
28.864569425582886,1.8683741520472705,-0.05904763692499085,0.123733694292781,2.423950282175225,5.74952488021863
28.889642477035522,1.865415462925408,-0.058718893497981234,0.123733694292781,2.423950282175225,5.750182370435872
28.914170503616333,1.8683741520472705,-0.05937638035209647,0.12471992442340035,2.423950282175225,5.750182370435872
28.937270879745483,1.8683741520472705,-0.05904763692499085,0.12471992442340035,2.423292795537497,5.7478811546805355
28.962324380874634,1.8683741520472705,-0.05904763692499085,0.1253774111767268,2.423621538856328,5.74952488021863
28.986066102981567,1.8690316385191341,-0.05970512377929818,0.12504866780010554,2.423621538856328,5.74952488021863
29.009067058563232,1.8690316385191341,-0.05937638035209647,0.12439118104661122,2.423292795537497,5.7475524095737756
29.03259825706482,1.8693603817551123,-0.05937638035209647,0.12504866780010554,2.422635308900038,5.74952488021863
29.05489730834961,1.8673879223397063,-0.05970512377929818,0.12340495091573989,2.42230656558141,5.74952488021863
29.077534914016724,1.8696891249911216,-0.05937638035209647,0.12307620753861472,2.422635308900038,5.74952488021863
29.100527048110962,1.8690316385191341,-0.05904763692499085,0.12307620753861472,2.42230656558141,5.7482098997875815
29.12304973602295,1.868702895283187,-0.0610200974890662,0.1224187207841122,2.421977822262849,5.748538644894914
29.144042015075684,1.8683741520472705,-0.058718893497981234,0.12340495091573989,2.42230656558141,5.7482098997875815
29.16571831703186,1.868045408811385,-0.06069135406147996,0.123733694292781,2.421977822262849,5.748867390002532
29.18657875061035,1.8696891249911216,-0.05970512377929818,0.123733694292781,2.42230656558141,5.7475524095737756
29.210989952087402,1.8690316385191341,-0.05970512377929818,0.123733694292781,2.42230656558141,5.7505111155449224
29.23420000076294,1.868702895283187,-0.05937638035209647,0.12340495091573989,2.42230656558141,5.749196135110439
29.25622272491455,1.8696891249911216,-0.0603626106339899,0.123733694292781,2.42230656558141,5.748538644894914
29.277836799621582,1.8683741520472705,-0.0603626106339899,0.12340495091573989,2.42230656558141,5.74952488021863
29.3005588054657,1.868045408811385,-0.0603626106339899,0.1224187207841122,2.422635308900038,5.748867390002532
29.323086261749268,1.8690316385191341,-0.05937638035209647,0.12340495091573989,2.422635308900038,5.74952488021863
29.344167947769165,1.8690316385191341,-0.058718893497981234,0.12340495091573989,2.42230656558141,5.749196135110439
29.36577558517456,1.868045408811385,-0.06069135406147996,0.12340495091573989,2.422635308900038,5.7482098997875815
29.38791275024414,1.8690316385191341,-0.05904763692499085,0.1240624376697381,2.421977822262849,5.748867390002532
29.41091513633728,1.868702895283187,-0.058718893497981234,0.123733694292781,2.4216490789443554,5.7482098997875815
29.433528661727905,1.868702895283187,-0.05904763692499085,0.12340495091573989,2.421977822262849,5.747223664467302
29.455602169036865,1.8693603817551123,-0.05904763692499085,0.12471992442340035,2.421977822262849,5.748538644894914
29.475833654403687,1.8690316385191341,-0.05937638035209647,0.12439118104661122,2.42230656558141,5.7475524095737756
29.496001482009888,1.8696891249911216,-0.05904763692499085,0.1240624376697381,2.421977822262849,5.7475524095737756
29.520524501800537,1.8690316385191341,-0.05937638035209647,0.1240624376697381,2.421977822262849,5.750182370435872
29.543020486831665,1.8710040979354672,-0.05937638035209647,0.12439118104661122,2.422635308900038,5.750182370435872
29.567098379135132,1.8683741520472705,-0.05970512377929818,0.12471992442340035,2.421977822262849,5.7482098997875815
29.590693950653076,1.8683741520472705,-0.05937638035209647,0.12570615455326414,2.421977822262849,5.748538644894914
29.614205837249756,1.8683741520472705,-0.05904763692499085,0.1240624376697381,2.421977822262849,5.748867390002532
29.638259172439575,1.8667304358681505,-0.05937638035209647,0.12471992442340035,2.421977822262849,5.747223664467302
29.66255259513855,1.8690316385191341,-0.05937638035209647,0.12439118104661122,2.422635308900038,5.74952488021863
29.685511350631714,1.8700178682271615,-0.05970512377929818,0.12439118104661122,2.422635308900038,5.7475524095737756
29.70842981338501,1.8703466114632323,-0.05904763692499085,0.12439118104661122,2.42230656558141,5.749853625327107
29.73023557662964,1.8700178682271615,-0.058718893497981234,0.1253774111767268,2.42230656558141,5.748538644894914
29.751231908798218,1.8700178682271615,-0.05970512377929818,0.1240624376697381,2.42230656558141,5.7482098997875815
29.773663997650146,1.868702895283187,-0.06792370949062768,0.12504866780010554,2.421977822262849,5.7478811546805355
29.796061992645264,1.8696891249911216,-0.058718893497981234,0.12471992442340035,2.422964052218734,5.7478811546805355
29.81506323814392,1.8696891249911216,-0.05937638035209647,0.123733694292781,2.42230656558141,5.7475524095737756
29.83459711074829,1.868045408811385,-0.0603626106339899,0.12439118104661122,2.421977822262849,5.7505111155449224
29.85457992553711,1.868702895283187,-0.05937638035209647,0.1240624376697381,2.421977822262849,5.74952488021863
29.873658657073975,1.868045408811385,-0.06003386720659601,0.12439118104661122,2.42230656558141,5.748867390002532
29.893639087677002,1.868702895283187,-0.0603626106339899,0.123733694292781,2.4216490789443554,5.7482098997875815
29.91265559196472,1.8696891249911216,-0.05904763692499085,0.1240624376697381,2.421977822262849,5.7505111155449224
29.933680295944214,1.8693603817551123,-0.06069135406147996,0.12439118104661122,2.42230656558141,5.7482098997875815
29.955687761306763,1.867059179103913,-0.0610200974890662,0.12471992442340035,2.421977822262849,5.749853625327107
29.97873878479004,1.8690316385191341,-0.0603626106339899,0.12471992442340035,2.4216490789443554,5.7482098997875815
29.999751567840576,1.8700178682271615,-0.05904763692499085,0.12504866780010554,2.42230656558141,5.748538644894914
30.02231454849243,1.8693603817551123,-0.05970512377929818,0.1253774111767268,2.421977822262849,5.7482098997875815
30.043311834335327,1.8693603817551123,-0.05904763692499085,0.12504866780010554,2.421977822262849,5.7482098997875815
30.06355047225952,1.8700178682271615,-0.05937638035209647,0.12340495091573989,2.42230656558141,5.748538644894914
30.085577249526978,1.8683741520472705,-0.0603626106339899,0.12504866780010554,2.42230656558141,5.748538644894914
30.106733798980713,1.8696891249911216,-0.05904763692499085,0.12471992442340035,2.42230656558141,5.748538644894914
30.128374814987183,1.8667304358681505,-0.05970512377929818,0.12504866780010554,2.421977822262849,5.748867390002532
30.150372743606567,1.8683741520472705,-0.05937638035209647,0.12471992442340035,2.42230656558141,5.7478811546805355
30.172898769378662,1.868702895283187,-0.05937638035209647,0.12471992442340035,2.42230656558141,5.749196135110439
30.195008754730225,1.8693603817551123,-0.05904763692499085,0.12340495091573989,2.4216490789443554,5.750182370435872
30.21501398086548,1.8683741520472705,-0.05937638035209647,0.123733694292781,2.42230656558141,5.749853625327107
30.235543251037598,1.8677166655755302,-0.05904763692499085,0.123733694292781,2.421977822262849,5.748867390002532
30.259094953536987,1.8683741520472705,-0.05937638035209647,0.1240624376697381,2.421977822262849,5.74952488021863
30.281832456588745,1.8683741520472705,-0.05904763692499085,0.12439118104661122,2.421977822262849,5.749853625327107
30.304829597473145,1.8683741520472705,-0.05970512377929818,0.12471992442340035,2.42230656558141,5.748867390002532
30.32545804977417,1.868702895283187,-0.05937638035209647,0.12471992442340035,2.421977822262849,5.7482098997875815
30.347546100616455,1.8700178682271615,-0.058718893497981234,0.12307620753861472,2.421977822262849,5.749196135110439
30.370167016983032,1.8683741520472705,-0.05937638035209647,0.12439118104661122,2.421977822262849,5.7478811546805355
30.392517805099487,1.8690316385191341,-0.05937638035209647,0.1240624376697381,2.42230656558141,5.7478811546805355
30.41641640663147,1.8690316385191341,-0.05937638035209647,0.1240624376697381,2.421977822262849,5.748867390002532
30.439032077789307,1.8683741520472705,-0.05904763692499085,0.123733694292781,2.422635308900038,5.74952488021863
30.461949110031128,1.868702895283187,-0.05937638035209647,0.12439118104661122,2.42230656558141,5.748867390002532
30.485010385513306,1.8683741520472705,-0.05937638035209647,0.1240624376697381,2.421977822262849,5.748867390002532
30.507299423217773,1.868045408811385,-0.06332130148486398,0.12471992442340035,2.421977822262849,5.748538644894914
30.5320725440979,1.8700178682271615,-0.05904763692499085,0.1240624376697381,2.422635308900038,5.74952488021863
30.55530333518982,1.868702895283187,-0.05937638035209647,0.12439118104661122,2.421977822262849,5.7482098997875815
30.57608437538147,1.8696891249911216,-0.05937638035209647,0.12439118104661122,2.42230656558141,5.748867390002532
30.59753966331482,1.868702895283187,-0.0610200974890662,0.123733694292781,2.421977822262849,5.748538644894914
30.619630098342896,1.8683741520472705,-0.05970512377929818,0.12176123402927327,2.421977822262849,5.7482098997875815
30.642063856124878,1.868045408811385,-0.05904763692499085,0.1224187207841122,2.42230656558141,5.748538644894914
30.663447380065918,1.8683741520472705,-0.05937638035209647,0.1240624376697381,2.421977822262849,5.750182370435872
30.685685396194458,1.8690316385191341,-0.05904763692499085,0.12439118104661122,2.421977822262849,5.749196135110439
30.706122159957886,1.8683741520472705,-0.05970512377929818,0.12439118104661122,2.42230656558141,5.749196135110439
30.729644775390625,1.868702895283187,-0.05904763692499085,0.123733694292781,2.421977822262849,5.748867390002532
30.752639055252075,1.8696891249911216,-0.05937638035209647,0.12439118104661122,2.42230656558141,5.749196135110439
30.775795698165894,1.8677166655755302,-0.05970512377929818,0.1240624376697381,2.421977822262849,5.748538644894914
30.797844886779785,1.866401692632419,-0.05970512377929818,0.12439118104661122,2.42230656558141,5.746566174255212
30.819812774658203,1.8677166655755302,-0.05937638035209647,0.12439118104661122,2.42230656558141,5.7482098997875815
30.842936754226685,1.8690316385191341,-0.0603626106339899,0.12471992442340035,2.422635308900038,5.749853625327107
30.866077661514282,1.868045408811385,-0.05937638035209647,0.12340495091573989,2.42230656558141,5.749196135110439
30.889031410217285,1.8673879223397063,-0.05937638035209647,0.12504866780010554,2.422964052218734,5.7475524095737756
30.911271333694458,1.8690316385191341,-0.05970512377929818,0.1240624376697381,2.421977822262849,5.747223664467302
30.931859016418457,1.8696891249911216,-0.05970512377929818,0.123733694292781,2.42230656558141,5.7482098997875815
30.951859712600708,1.8683741520472705,-0.06134884091674858,0.12340495091573989,2.422635308900038,5.749196135110439
30.970885753631592,1.868045408811385,-0.06003386720659601,0.123733694292781,2.421977822262849,5.748867390002532
30.99213671684265,1.8683741520472705,-0.05937638035209647,0.123733694292781,2.421977822262849,5.748538644894914
31.01668882369995,1.8683741520472705,-0.05970512377929818,0.12340495091573989,2.421977822262849,5.7482098997875815
31.03870415687561,1.868702895283187,-0.05904763692499085,0.12307620753861472,2.422635308900038,5.748867390002532
31.06371259689331,1.8683741520472705,-0.058718893497981234,0.12340495091573989,2.42230656558141,5.74952488021863
31.083744764328003,1.8683741520472705,-0.05904763692499085,0.12340495091573989,2.42230656558141,5.746894919361114
31.10376787185669,1.8690316385191341,-0.0603626106339899,0.1240624376697381,2.42230656558141,5.748867390002532
31.125255584716797,1.8683741520472705,-0.06003386720659601,0.1240624376697381,2.422635308900038,5.7482098997875815
31.14526629447937,1.8690316385191341,-0.058718893497981234,0.12340495091573989,2.422964052218734,5.749196135110439
31.166735887527466,1.868702895283187,-0.05904763692499085,0.12340495091573989,2.421977822262849,5.749196135110439
31.190239906311035,1.8690316385191341,-0.05937638035209647,0.1240624376697381,2.42230656558141,5.748538644894914
31.209458827972412,1.8690316385191341,-0.06003386720659601,0.1240624376697381,2.42230656558141,5.746894919361114
31.23265027999878,1.8690316385191341,-0.05937638035209647,0.1227474641614055,2.422635308900038,5.7478811546805355
31.25472903251648,1.8713328411716312,-0.06003386720659601,0.12307620753861472,2.422635308900038,5.749196135110439
31.277597188949585,1.8696891249911216,-0.05904763692499085,0.12439118104661122,2.421977822262849,5.7482098997875815
31.29963183403015,1.868045408811385,-0.06003386720659601,0.123733694292781,2.422964052218734,5.7482098997875815
31.321805000305176,1.8673879223397063,-0.05937638035209647,0.1240624376697381,2.42230656558141,5.747223664467302
31.345397472381592,1.868045408811385,-0.05904763692499085,0.12307620753861472,2.42230656558141,5.749196135110439
31.369397163391113,1.8690316385191341,-0.05937638035209647,0.11222767604619739,2.42230656558141,5.748867390002532
31.39443349838257,1.868045408811385,-0.0610200974890662,0.12340495091573989,2.421977822262849,5.749196135110439
31.418435096740723,1.8703466114632323,-0.05937638035209647,0.12340495091573989,2.421977822262849,5.748867390002532
31.438955068588257,1.868045408811385,-0.06003386720659601,0.1240624376697381,2.42230656558141,5.7482098997875815
31.459965229034424,1.8690316385191341,-0.05937638035209647,0.12439118104661122,2.42230656558141,5.7478811546805355
31.48062252998352,1.8677166655755302,-0.05904763692499085,0.12340495091573989,2.422964052218734,5.748867390002532
31.503620624542236,1.8673879223397063,-0.06003386720659601,0.1240624376697381,2.422635308900038,5.748538644894914
31.526265621185303,1.8690316385191341,-0.05904763692499085,0.12471992442340035,2.421977822262849,5.748867390002532
31.5502827167511,1.868045408811385,-0.05970512377929818,0.1240624376697381,2.42230656558141,5.748867390002532
31.574848175048828,1.868045408811385,-0.05937638035209647,0.12176123402927327,2.42230656558141,5.7482098997875815
31.5973961353302,1.8693603817551123,-0.058718893497981234,0.1220899774067348,2.422635308900038,5.750182370435872
31.621362686157227,1.8677166655755302,-0.05937638035209647,0.12340495091573989,2.421977822262849,5.749853625327107
31.644824981689453,1.8693603817551123,-0.05904763692499085,0.1240624376697381,2.422635308900038,5.749196135110439
31.668885469436646,1.868045408811385,-0.05937638035209647,0.12471992442340035,2.421977822262849,5.748538644894914
31.693070650100708,1.8703466114632323,-0.058718893497981234,0.123733694292781,2.42230656558141,5.749196135110439
31.716025590896606,1.8693603817551123,-0.05904763692499085,0.1240624376697381,2.42230656558141,5.7482098997875815
31.738752126693726,1.868702895283187,-0.05937638035209647,0.12471992442340035,2.42230656558141,5.750182370435872
31.76303482055664,1.8700178682271615,-0.05839015007106768,0.12471992442340035,2.422635308900038,5.749853625327107
31.789076805114746,1.868045408811385,-0.05970512377929818,0.123733694292781,2.42230656558141,5.748867390002532
31.81407594680786,1.8706753546993344,-0.058718893497981234,0.1240624376697381,2.422635308900038,5.7462374291495975
31.837656021118164,1.8690316385191341,-0.05970512377929818,0.1240624376697381,2.421977822262849,5.7475524095737756
31.86092519760132,1.8693603817551123,-0.05970512377929818,0.1227474641614055,2.42230656558141,5.7478811546805355
31.883625984191895,1.8683741520472705,-0.06759496606101711,0.1240624376697381,2.422635308900038,5.7478811546805355
31.906566858291626,1.8677166655755302,-0.0603626106339899,0.12340495091573989,2.422635308900038,5.7475524095737756
31.93117904663086,1.8683741520472705,-0.058718893497981234,0.12439118104661122,2.422635308900038,5.7478811546805355
31.954091787338257,1.8683741520472705,-0.05970512377929818,0.1240624376697381,2.42230656558141,5.748538644894914
31.97742199897766,1.8693603817551123,-0.06069135406147996,0.123733694292781,2.421977822262849,5.749196135110439
31.999687910079956,1.868702895283187,-0.05937638035209647,0.123733694292781,2.42230656558141,5.748867390002532
32.02221179008484,1.8677166655755302,-0.06003386720659601,0.12340495091573989,2.421977822262849,5.748867390002532
32.04524564743042,1.8700178682271615,-0.0603626106339899,0.1240624376697381,2.422635308900038,5.7478811546805355
32.068222999572754,1.8700178682271615,-0.05904763692499085,0.123733694292781,2.423292795537497,5.749196135110439
32.08924460411072,1.8690316385191341,-0.05937638035209647,0.12340495091573989,2.422635308900038,5.749196135110439
32.11135530471802,1.866401692632419,-0.058718893497981234,0.12307620753861472,2.422635308900038,5.749853625327107
32.134756088256836,1.8683741520472705,-0.05937638035209647,0.12340495091573989,2.421977822262849,5.748538644894914
32.157541275024414,1.868045408811385,-0.05904763692499085,0.12439118104661122,2.421977822262849,5.748538644894914
32.180174112319946,1.8693603817551123,-0.058718893497981234,0.123733694292781,2.42230656558141,5.7482098997875815
32.202433824539185,1.8696891249911216,-0.05937638035209647,0.123733694292781,2.422964052218734,5.7482098997875815
32.224358320236206,1.8677166655755302,-0.05937638035209647,0.12340495091573989,2.422635308900038,5.748867390002532
32.243937253952026,1.8683741520472705,-0.05937638035209647,0.123733694292781,2.42230656558141,5.7478811546805355
32.267449140548706,1.8700178682271615,-0.05970512377929818,0.12340495091573989,2.42230656558141,5.748538644894914
32.289297580718994,1.868045408811385,-0.05937638035209647,0.12340495091573989,2.421977822262849,5.7478811546805355
32.31331443786621,1.8693603817551123,-0.05937638035209647,0.123733694292781,2.422635308900038,5.746566174255212
32.334932804107666,1.8693603817551123,-0.05970512377929818,0.1224187207841122,2.421977822262849,5.7475524095737756
32.354931354522705,1.8690316385191341,-0.05970512377929818,0.1227474641614055,2.42230656558141,5.7482098997875815
32.3745903968811,1.8673879223397063,-0.058718893497981234,0.123733694292781,2.422635308900038,5.7478811546805355
32.39487338066101,1.8710040979354672,-0.05904763692499085,0.1227474641614055,2.42230656558141,5.7482098997875815
32.41837406158447,1.8673879223397063,-0.0603626106339899,0.12176123402927327,2.421977822262849,5.750839860654259
32.438379526138306,1.8690316385191341,-0.05970512377929818,0.12340495091573989,2.42230656558141,5.7482098997875815
32.457515716552734,1.868702895283187,-0.05904763692499085,0.123733694292781,2.421977822262849,5.748538644894914
32.477389097213745,1.8696891249911216,-0.05970512377929818,0.1220899774067348,2.422635308900038,5.7478811546805355
32.49738597869873,1.868045408811385,-0.0603626106339899,0.12307620753861472,2.422964052218734,5.7482098997875815
32.5174286365509,1.8690316385191341,-0.05970512377929818,0.1227474641614055,2.421977822262849,5.748867390002532
32.53699731826782,1.868702895283187,-0.05904763692499085,0.1240624376697381,2.421977822262849,5.7482098997875815
32.55825591087341,1.868702895283187,-0.05937638035209647,0.123733694292781,2.42230656558141,5.7478811546805355
32.581339597702026,1.868045408811385,-0.0603626106339899,0.123733694292781,2.42230656558141,5.7482098997875815
32.6013388633728,1.868702895283187,-0.05937638035209647,0.123733694292781,2.422635308900038,5.747223664467302
32.62235641479492,1.868702895283187,-0.05937638035209647,0.12340495091573989,2.42230656558141,5.748867390002532
32.64485025405884,1.8644292332186727,-0.06003386720659601,0.123733694292781,2.422635308900038,5.74952488021863
32.665993213653564,1.868045408811385,-0.06003386720659601,0.12340495091573989,2.422635308900038,5.7478811546805355
32.688557147979736,1.8683741520472705,-0.058718893497981234,0.12307620753861472,2.422964052218734,5.7482098997875815
32.70922374725342,1.8677166655755302,-0.05970512377929818,0.1224187207841122,2.42230656558141,5.748538644894914
32.73174738883972,1.868702895283187,-0.058718893497981234,0.12176123402927327,2.421977822262849,5.7478811546805355
32.75474572181702,1.868702895283187,-0.05904763692499085,0.120117517140703,2.421320335625929,5.7475524095737756
32.777042865753174,1.8677166655755302,-0.05904763692499085,0.12143249065172759,2.4216490789443554,5.748538644894914
32.796586751937866,1.8673879223397063,-0.05904763692499085,0.12143249065172759,2.4216490789443554,5.74952488021863
32.81655526161194,1.8696891249911216,-0.05904763692499085,0.12143249065172759,2.421320335625929,5.7478811546805355
32.84017610549927,1.868045408811385,-0.05970512377929818,0.12110374727409776,2.421320335625929,5.749196135110439
32.86417627334595,1.8703466114632323,-0.05904763692499085,0.12176123402927327,2.4216490789443554,5.7475524095737756
32.887413024902344,1.8700178682271615,-0.05970512377929818,0.1220899774067348,2.421320335625929,5.7478811546805355
32.910415172576904,1.868045408811385,-0.05937638035209647,0.12143249065172759,2.420334105671053,5.747223664467302
32.93314814567566,1.8677166655755302,-0.05904763692499085,0.12143249065172759,2.4209915923075696,5.749853625327107
32.95424699783325,1.8696891249911216,-0.05937638035209647,0.1224187207841122,2.4209915923075696,5.74952488021863
32.976744174957275,1.868045408811385,-0.058718893497981234,0.1224187207841122,2.4206628489892776,5.749196135110439
32.9987416267395,1.8690316385191341,-0.05904763692499085,0.1227474641614055,2.4200053623528954,5.748867390002532
33.01788258552551,1.8696891249911216,-0.05904763692499085,0.1224187207841122,2.4200053623528954,5.748538644894914
33.0390739440918,1.8677166655755302,-0.06069135406147996,0.1227474641614055,2.4196766190348047,5.749196135110439
33.061068534851074,1.8693603817551123,-0.05937638035209647,0.12307620753861472,2.4193478757167814,5.7475524095737756
33.08334159851074,1.8700178682271615,-0.058718893497981234,0.1240624376697381,2.4193478757167814,5.750182370435872
33.10443139076233,1.8673879223397063,-0.06003386720659601,0.12471992442340035,2.4193478757167814,5.7478811546805355
33.127952098846436,1.8693603817551123,-0.06003386720659601,0.1253774111767268,2.4196766190348047,5.747223664467302
33.150124311447144,1.8690316385191341,-0.05937638035209647,0.12636364130608718,2.4193478757167814,5.747223664467302
33.16965937614441,1.868702895283187,-0.058718893497981234,0.12702112805857488,2.4193478757167814,5.745251193834468
33.189892530441284,1.8677166655755302,-0.05937638035209647,0.12702112805857488,2.4183616457631145,5.746566174255212
33.21290063858032,1.8693603817551123,-0.06003386720659601,0.12669238468237293,2.4196766190348047,5.744922448729997
33.23758673667908,1.8683741520472705,-0.05970512377929818,0.127349871434693,2.4193478757167814,5.743607468314974
33.26062369346619,1.868702895283187,-0.05937638035209647,0.1289935883140274,2.420334105671053,5.745579938939224
33.28299808502197,1.8693603817551123,-0.05937638035209647,0.12866484493832794,2.4206628489892776,5.7439362134183005
33.30591654777527,1.8683741520472705,-0.05904763692499085,0.12866484493832794,2.4209915923075696,5.742621233006709
33.32859563827515,1.868702895283187,-0.05970512377929818,0.12866484493832794,2.421320335625929,5.7422924879045265
33.35074830055237,1.8683741520472705,-0.058718893497981234,0.1289935883140274,2.421320335625929,5.741634997701018
33.37128186225891,1.868702895283187,-0.05904763692499085,0.1283361015625448,2.421320335625929,5.742621233006709
33.39175343513489,1.8683741520472705,-0.05904763692499085,0.12702112805857488,2.420334105671053,5.7422924879045265
33.41384267807007,1.8683741520472705,-0.05970512377929818,0.127349871434693,2.4206628489892776,5.740648762397899
33.43635869026184,1.8660729493967179,-0.06726622263150323,0.12669238468237293,2.420334105671053,5.741963742802629
33.458364725112915,1.8673879223397063,-0.05937638035209647,0.12636364130608718,2.4206628489892776,5.7422924879045265
33.48001170158386,1.8673879223397063,-0.0603626106339899,0.12570615455326414,2.420334105671053,5.744264958521913
33.50093388557434,1.8690316385191341,-0.05904763692499085,0.1253774111767268,2.4200053623528954,5.740320017297431
33.52005624771118,1.8683741520472705,-0.05904763692499085,0.12504866780010554,2.4200053623528954,5.741963742802629
33.541882276535034,1.8690316385191341,-0.0603626106339899,0.12471992442340035,2.4206628489892776,5.7422924879045265
33.564972162246704,1.8690316385191341,-0.05839015007106768,0.12439118104661122,2.4206628489892776,5.741306252599692
33.585758447647095,1.8683741520472705,-0.05970512377929818,0.12504866780010554,2.4206628489892776,5.740977507498653
33.60776162147522,1.868045408811385,-0.0603626106339899,0.12439118104661122,2.4196766190348047,5.741634997701018
33.63028621673584,1.8693603817551123,-0.05904763692499085,0.1240624376697381,2.4206628489892776,5.740320017297431
33.65231657028198,1.8673879223397063,-0.05904763692499085,0.12471992442340035,2.4206628489892776,5.740977507498653
33.67766785621643,1.8683741520472705,-0.05904763692499085,0.12471992442340035,2.420334105671053,5.740977507498653
33.700581789016724,1.8683741520472705,-0.06003386720659601,0.123733694292781,2.4196766190348047,5.742621233006709
33.72266721725464,1.8696891249911216,-0.0603626106339899,0.12439118104661122,2.4196766190348047,5.7422924879045265
33.746180295944214,1.8696891249911216,-0.05970512377929818,0.1240624376697381,2.4196766190348047,5.741634997701018
33.76901817321777,1.8673879223397063,-0.05937638035209647,0.1240624376697381,2.4193478757167814,5.742949978109178
33.793062686920166,1.868045408811385,-0.05904763692499085,0.1260348979297176,2.4196766190348047,5.741306252599692
33.816150426864624,1.867059179103913,-0.0610200974890662,0.123733694292781,2.4193478757167814,5.741963742802629
33.83965611457825,1.8683741520472705,-0.05839015007106768,0.12636364130608718,2.4190191323988253,5.741634997701018
33.86458945274353,1.8677166655755302,-0.05904763692499085,0.12669238468237293,2.418690389080936,5.741634997701018
33.88772678375244,1.8693603817551123,-0.06003386720659601,0.127349871434693,2.4190191323988253,5.7422924879045265
33.91174626350403,1.8677166655755302,-0.05937638035209647,0.12800735818667794,2.418690389080936,5.740320017297431
33.935460805892944,1.868045408811385,-0.05970512377929818,0.12800735818667794,2.418032902445359,5.742621233006709
33.956435441970825,1.868045408811385,-0.05970512377929818,0.1293223316896432,2.418032902445359,5.740648762397899
33.977967262268066,1.8667304358681505,-0.05970512377929818,0.12965107506517531,2.418032902445359,5.739991272197249
34.00010323524475,1.8690316385191341,-0.05904763692499085,0.1309660485664678,2.4183616457631145,5.741634997701018
34.02159833908081,1.8693603817551123,-0.0603626106339899,0.13228102206642361,2.418032902445359,5.742621233006709
34.0426869392395,1.8683741520472705,-0.05970512377929818,0.1299798184406238,2.417704159127671,5.739991272197249
34.062538146972656,1.8683741520472705,-0.05937638035209647,0.13063730519127004,2.417704159127671,5.740320017297431
34.08321809768677,1.8673879223397063,-0.05937638035209647,0.1326097654412039,2.4183616457631145,5.7393337819977415
34.10323977470398,1.8673879223397063,-0.05970512377929818,0.13293850881590075,2.418032902445359,5.740648762397899
34.122732162475586,1.868045408811385,-0.0603626106339899,0.1326097654412039,2.4183616457631145,5.740977507498653
34.14272856712341,1.8677166655755302,-0.05970512377929818,0.13293850881590075,2.418690389080936,5.7422924879045265
34.16324758529663,1.8693603817551123,-0.05970512377929818,0.1335959955650442,2.4190191323988253,5.741963742802629
34.184436321258545,1.8673879223397063,-0.06003386720659601,0.13293850881590075,2.4193478757167814,5.742949978109178
34.20385980606079,1.868045408811385,-0.05970512377929818,0.13655468593206563,2.4193478757167814,5.7422924879045265
34.22471261024475,1.8673879223397063,-0.05904763692499085,0.1362259425582851,2.4206628489892776,5.743278723211933
34.24571752548218,1.8690316385191341,-0.06726622263150323,0.13786965942635615,2.422964052218734,5.741306252599692
34.266546964645386,1.8693603817551123,-0.05937638035209647,0.13721217267937713,2.4252652554514906,5.742621233006709
34.28796625137329,1.8657442061610476,-0.05904763692499085,0.13852714617300282,2.4272377153679146,5.741634997701018
34.309966802597046,1.8683741520472705,-0.05937638035209647,0.13852714617300282,2.4278952020072637,5.741963742802629
34.328469038009644,1.8713328411716312,-0.05970512377929818,0.13721217267937713,2.428552688646883,5.741634997701018
34.349631547927856,1.8690316385191341,-0.05937638035209647,0.1358971991844214,2.4278952020072637,5.7439362134183005
34.371309757232666,1.8677166655755302,-0.05806140664425011,0.13556845581047447,2.4275664586875556,5.743607468314974
34.39235806465149,1.8683741520472705,-0.06003386720659601,0.1375409160529082,2.4272377153679146,5.7439362134183005
34.41337823867798,1.868045408811385,-0.058718893497981234,0.13655468593206563,2.426908972048342,5.744264958521913
34.4348840713501,1.868702895283187,-0.05904763692499085,0.1388558895462016,2.4262514854093986,5.744264958521913
34.45697045326233,1.8690316385191341,-0.06003386720659601,0.13786965942635615,2.4265802287288363,5.743278723211933
34.47765350341797,1.8693603817551123,-0.05970512377929818,0.13721217267937713,2.4265802287288363,5.744922448729997
34.49866771697998,1.8693603817551123,-0.05937638035209647,0.12965107506517531,2.4259227420900284,5.744264958521913
34.517690896987915,1.8677166655755302,-0.06134884091674858,0.13063730519127004,2.421977822262849,5.747223664467302
34.53718304634094,1.8667304358681505,-0.06003386720659601,0.12965107506517531,2.4216490789443554,5.744264958521913
34.558183670043945,1.8677166655755302,-0.05970512377929818,0.1289935883140274,2.421977822262849,5.7439362134183005
34.57936120033264,1.868045408811385,-0.05937638035209647,0.12767861481072734,2.421320335625929,5.742949978109178
34.600377798080444,1.8693603817551123,-0.06069135406147996,0.12636364130608718,2.4200053623528954,5.743607468314974
34.62296223640442,1.868045408811385,-0.05904763692499085,0.12570615455326414,2.4200053623528954,5.744264958521913
34.644959926605225,1.868702895283187,-0.058718893497981234,0.1299798184406238,2.4200053623528954,5.743607468314974
34.66496276855469,1.8683741520472705,-0.06003386720659601,0.12570615455326414,2.4206628489892776,5.744593703625812
