Time (s),Left Foot Force (ai16),Right Foot Force (ai18),Handle Force (ai20),Handle Position (ai21),Seat Position (ai22)
0.024571657180786133,0.04647899833126996,-0.05641768951160167,0.12471992442340035,2.0715374785751774,3.3125437907710267
0.045710086822509766,0.049437688903729474,-0.06200632777240203,0.1253774111767268,2.070551248798093,3.312872534351318
0.06909060478210449,0.049766432300224595,-0.05904763692499085,0.12669238468237293,2.0702225055391525,3.3135300215122774
0.09139847755432129,0.04779397191991984,-0.057403919790902924,0.14378704013423257,2.0718662218342936,3.3125437907710267
0.11366534233093262,0.045164024741194464,-0.05674643293793952,0.12636364130608718,2.0731811948712027,3.3135300215122774
0.1343235969543457,0.04845145871371059,-0.05839015007106768,0.12636364130608718,2.070551248798093,3.3125437907710267
0.15739893913269043,0.045164024741194464,-0.057403919790902924,0.12669238468237293,2.069893762280257,3.3141875086737413
0.17809009552001953,0.04779397191991984,-0.057403919790902924,0.1345822256881342,2.069893762280257,3.3145162522546623
0.20142292976379395,0.0481227153168597,-0.058718893497981234,0.11452887970379227,2.071208735316105,3.3125437907710267
0.2253270149230957,0.04779397191991984,-0.05970512377929818,0.10992647238444858,2.071208735316105,3.3125437907710267
0.2499547004699707,0.04647899833126996,-0.05641768951160167,0.1253774111767268,2.0718662218342936,3.3125437907710267
0.27587437629699707,0.049437688903729474,-0.0610200974890662,0.11551510984149174,2.0682500459864395,3.315173739416882
0.3004953861236572,0.0481227153168597,-0.05839015007106768,0.12866484493832794,2.0695650190214057,3.314844995835709
0.32410407066345215,0.04845145871371059,-0.058718893497981234,0.12636364130608718,2.067592559469221,3.3135300215122774
0.3478858470916748,0.0487802021104725,-0.06134884091674858,0.120117517140703,2.068578789245115,3.315173739416882
0.3739025592803955,0.04845145871371059,-0.05904763692499085,0.12340495091573989,2.0695650190214057,3.3145162522546623
0.3987107276916504,0.04713648512577302,-0.06365004491322024,0.1224187207841122,2.068578789245115,3.3141875086737413
0.42400479316711426,0.04779397191991984,-0.05707517636437326,0.15364934125454754,2.0708799920570766,3.3145162522546623
0.4480109214782715,0.04647899833126996,-0.05674643293793952,0.12669238468237293,2.0725237083526595,3.3125437907710267
0.47182726860046387,0.04779397191991984,-0.05904763692499085,0.1352397124364443,2.069893762280257,3.3141875086737413
0.496448278427124,0.0481227153168597,-0.05839015007106768,0.11157018928612192,2.0715374785751774,3.3125437907710267
0.5219666957855225,0.04779397191991984,-0.05773266321752854,0.1566080315762162,2.0718662218342936,3.313201277931735
0.5461933612823486,0.045164024741194464,-0.057403919790902924,0.12570615455326414,2.071208735316105,3.313201277931735
0.5680155754089355,0.04910894550714545,-0.05937638035209647,0.12702112805857488,2.0702225055391525,3.313201277931735
0.5884585380554199,0.046150254933884804,-0.05904763692499085,0.11157018928612192,2.0708799920570766,3.3135300215122774
0.6111660003662109,0.04779397191991984,-0.06134884091674858,0.1174875701146082,2.0689075325038346,3.3145162522546623
0.6323988437652588,0.04910894550714545,-0.05937638035209647,0.127349871434693,2.0708799920570766,3.313201277931735
0.654487133026123,0.04713648512577302,-0.05674643293793952,0.1641691290348405,2.0708799920570766,3.3138587650929465
0.6763601303100586,0.044177794547701404,-0.05641768951160167,0.1260348979297176,2.0725237083526595,3.312872534351318
0.6994571685791016,0.0487802021104725,-0.0610200974890662,0.12110374727409776,2.0682500459864395,3.315173739416882
0.7230484485626221,0.046150254933884804,-0.05543145923316328,0.12504866780010554,2.0728524516119093,3.311886303610823
0.7465114593505859,0.04779397191991984,-0.06562250548538201,0.12176123402927327,2.068578789245115,3.3145162522546623
0.7689592838287354,0.04845145871371059,-0.057403919790902924,0.1260348979297176,2.0695650190214057,3.314844995835709
0.7916357517242432,0.04779397191991984,-0.05806140664425011,0.1227474641614055,2.0718662218342936,3.312215047190862
0.8137991428375244,0.04647899833126996,-0.05773266321752854,0.12669238468237293,2.0689075325038346,3.3145162522546623
0.837803840637207,0.04680774172856603,-0.058718893497981234,0.12636364130608718,2.0708799920570766,3.313201277931735
0.8600170612335205,0.041876590759759386,-0.05773266321752854,0.15562180146973076,2.0708799920570766,3.3138587650929465
0.8835656642913818,0.04779397191991984,-0.05806140664425011,0.12767861481072734,2.0695650190214057,3.314844995835709
0.909653902053833,0.046150254933884804,-0.05806140664425011,0.12471992442340035,2.0702225055391525,3.313201277931735
0.9337706565856934,0.04845145871371059,-0.06167758434452722,0.12077500389638372,2.0689075325038346,3.3141875086737413
0.9567859172821045,0.04845145871371059,-0.06069135406147996,0.11189893266620206,2.0695650190214057,3.3141875086737413
0.9802813529968262,0.04779397191991984,-0.05904763692499085,0.1260348979297176,2.0695650190214057,3.313201277931735
1.0051040649414062,0.04450653794562165,-0.05773266321752854,0.12636364130608718,2.069893762280257,3.3141875086737413
1.0280930995941162,0.04582151153641051,-0.05773266321752854,0.12669238468237293,2.0695650190214057,3.3135300215122774
1.0526127815246582,0.04746522852289095,-0.05806140664425011,0.16318289893398794,2.071208735316105,3.3135300215122774
1.0761475563049316,0.049766432300224595,-0.05806140664425011,0.12669238468237293,2.067592559469221,3.3145162522546623
1.1009933948516846,0.04779397191991984,-0.06167758434452722,0.11551510984149174,2.0689075325038346,3.315173739416882
1.125406265258789,0.0487802021104725,-0.05806140664425011,0.1240624376697381,2.070551248798093,3.312872534351318
1.1495025157928467,0.049437688903729474,-0.05839015007106768,0.1253774111767268,2.0682500459864395,3.3145162522546623
1.1738643646240234,0.046150254933884804,-0.05773266321752854,0.12669238468237293,2.067592559469221,3.314844995835709
1.1973366737365723,0.04450653794562165,-0.057403919790902924,0.1260348979297176,2.0708799920570766,3.314844995835709
1.2212412357330322,0.05042391909294819,-0.05839015007106768,0.1260348979297176,2.0689075325038346,3.313201277931735
1.2445380687713623,0.049766432300224595,-0.05839015007106768,0.12669238468237293,2.070551248798093,3.312215047190862
1.2664365768432617,0.04910894550714545,-0.058718893497981234,0.12702112805857488,2.070551248798093,3.312215047190862
1.2889578342437744,0.045164024741194464,-0.05674643293793952,0.12669238468237293,2.0728524516119093,3.312872534351318
1.311206579208374,0.04713648512577302,-0.05773266321752854,0.13228102206642361,2.069893762280257,3.3141875086737413
1.3327288627624512,0.04549276813884706,-0.05674643293793952,0.12636364130608718,2.0718662218342936,3.3135300215122774
1.355729103088379,0.044835281343452646,-0.05674643293793952,0.12636364130608718,2.0718662218342936,3.3135300215122774
1.3772790431976318,0.044177794547701404,-0.05707517636437326,0.1260348979297176,2.0721949650934546,3.3138587650929465
1.3986735343933105,0.04713648512577302,-0.05970512377929818,0.10992647238444858,2.0708799920570766,3.3125437907710267
1.4192066192626953,0.04845145871371059,-0.05904763692499085,0.123733694292781,2.069236275762598,3.313201277931735
1.4421193599700928,0.044835281343452646,-0.057403919790902924,0.12504866780010554,2.071208735316105,3.313201277931735
1.464491367340088,0.04779397191991984,-0.05806140664425011,0.13326725219051416,2.0702225055391525,3.314844995835709
1.486459732055664,0.04746522852289095,-0.058718893497981234,0.11288516280593376,2.0715374785751774,3.313201277931735
1.5076839923858643,0.0481227153168597,-0.05970512377929818,0.11025521576495301,2.071208735316105,3.311886303610823
1.5291416645050049,0.04713648512577302,-0.05904763692499085,0.11058395914537254,2.0708799920570766,3.312872534351318
1.5498592853546143,0.04845145871371059,-0.06003386720659601,0.12570615455326414,2.0695650190214057,3.3138587650929465
1.571854591369629,0.044835281343452646,-0.05674643293793952,0.127349871434693,2.0721949650934546,3.3135300215122774
1.5933914184570312,0.0487802021104725,-0.05970512377929818,0.10894024224242563,2.069893762280257,3.3138587650929465
1.6155920028686523,0.05042391909294819,-0.05839015007106768,0.1260348979297176,2.070551248798093,3.3135300215122774
1.6381137371063232,0.046150254933884804,-0.05773266321752854,0.15726551831346386,2.071208735316105,3.3141875086737413
1.6611173152923584,0.04450653794562165,-0.057403919790902924,0.127349871434693,2.0725237083526595,3.312215047190862
1.6831130981445312,0.045164024741194464,-0.05641768951160167,0.12669238468237293,2.0731811948712027,3.312215047190862
1.7055530548095703,0.04746522852289095,-0.0603626106339899,0.127349871434693,2.069893762280257,3.315173739416882
1.7289040088653564,0.0481227153168597,-0.05773266321752854,0.15726551831346386,2.071208735316105,3.312215047190862
1.7494227886199951,0.045164024741194464,-0.05806140664425011,0.1253774111767268,2.069236275762598,3.3145162522546623
1.769439935684204,0.04845145871371059,-0.06496501862760906,0.1224187207841122,2.068578789245115,3.3141875086737413
1.7912485599517822,0.04450653794562165,-0.05641768951160167,0.127349871434693,2.0721949650934546,3.3125437907710267
1.813849687576294,0.046150254933884804,-0.06332130148486398,0.1253774111767268,2.0728524516119093,3.3125437907710267
1.8363757133483887,0.049766432300224595,-0.058718893497981234,0.12669238468237293,2.0689075325038346,3.312872534351318
1.859666109085083,0.0481227153168597,-0.05904763692499085,0.127349871434693,2.069893762280257,3.3135300215122774
1.8842568397521973,0.04680774172856603,-0.05674643293793952,0.12800735818667794,2.0731811948712027,3.3125437907710267
1.9090847969055176,0.04779397191991984,-0.05937638035209647,0.12504866780010554,2.069893762280257,3.313201277931735
1.9319038391113281,0.0487802021104725,-0.058718893497981234,0.12866484493832794,2.070551248798093,3.3141875086737413
1.9548065662384033,0.0487802021104725,-0.05839015007106768,0.1283361015625448,2.067592559469221,3.3145162522546623
1.977210521697998,0.04713648512577302,-0.05806140664425011,0.11946003038468526,2.0718662218342936,3.312872534351318
1.9967625141143799,0.04647899833126996,-0.05839015007106768,0.12702112805857488,2.069236275762598,3.3141875086737413
2.0190296173095703,0.046150254933884804,-0.057403919790902924,0.11913128700654996,2.0715374785751774,3.3135300215122774
2.0420992374420166,0.04845145871371059,-0.05707517636437326,0.1309660485664678,2.069236275762598,3.3145162522546623
2.0641109943389893,0.049766432300224595,-0.058718893497981234,0.127349871434693,2.067592559469221,3.3145162522546623
2.0851125717163086,0.04680774172856603,-0.05773266321752854,0.13063730519127004,2.0721949650934546,3.312872534351318
2.106114149093628,0.044177794547701404,-0.05674643293793952,0.1260348979297176,2.0721949650934546,3.3135300215122774
2.1271138191223145,0.044835281343452646,-0.05674643293793952,0.127349871434693,2.0725237083526595,3.312872534351318
2.148625612258911,0.04352030775159314,-0.05773266321752854,0.12669238468237293,2.071208735316105,3.3145162522546623
2.169626235961914,0.04746522852289095,-0.05839015007106768,0.11485762308311002,2.0695650190214057,3.3145162522546623
2.1914336681365967,0.049766432300224595,-0.05937638035209647,0.12636364130608718,2.069893762280257,3.3125437907710267
2.2149837017059326,0.04713648512577302,-0.05839015007106768,0.1467457304781153,2.0715374785751774,3.3125437907710267
2.237478733062744,0.04713648512577302,-0.06200632777240203,0.1165013399784302,2.0689075325038346,3.3145162522546623
2.26057505607605,0.04713648512577302,-0.0610200974890662,0.1174875701146082,2.068578789245115,3.3145162522546623
2.2835869789123535,0.04450653794562165,-0.057403919790902924,0.12636364130608718,2.0725237083526595,3.3135300215122774
2.3039841651916504,0.0487802021104725,-0.05970512377929818,0.12767861481072734,2.0695650190214057,3.3141875086737413
2.3264927864074707,0.04582151153641051,-0.05641768951160167,0.12669238468237293,2.0728524516119093,3.312872534351318
2.3490917682647705,0.04680774172856603,-0.05839015007106768,0.1326097654412039,2.0721949650934546,3.313201277931735
2.370089292526245,0.04845145871371059,-0.05806140664425011,0.12669238468237293,2.069236275762598,3.3141875086737413
2.3907148838043213,0.04910894550714545,-0.058718893497981234,0.12767861481072734,2.0702225055391525,3.312872534351318
2.4152894020080566,0.0481227153168597,-0.05773266321752854,0.14148583652880473,2.0702225055391525,3.3141875086737413
2.4376137256622314,0.04779397191991984,-0.057403919790902924,0.1303085618159887,2.069893762280257,3.3141875086737413
2.459538221359253,0.04450653794562165,-0.05707517636437326,0.12800735818667794,2.0721949650934546,3.3125437907710267
2.482100486755371,0.0487802021104725,-0.05806140664425011,0.127349871434693,2.0679213027278087,3.3145162522546623
2.5030651092529297,0.04910894550714545,-0.057403919790902924,0.1362259425582851,2.0702225055391525,3.315173739416882
2.525573968887329,0.04680774172856603,-0.05674643293793952,0.1253774111767268,2.0708799920570766,3.3135300215122774
2.547090530395508,0.04582151153641051,-0.05608894608535969,0.1253774111767268,2.0728524516119093,3.3115575600309097
2.569084644317627,0.04746522852289095,-0.05970512377929818,0.11222767604619739,2.0715374785751774,3.312872534351318
2.5896453857421875,0.0481227153168597,-0.05806140664425011,0.14543075699277114,2.0715374785751774,3.3135300215122774
2.6089956760406494,0.04384905114969191,-0.05674643293793952,0.12143249065172759,2.0718662218342936,3.313201277931735
2.629977226257324,0.05042391909294819,-0.05806140664425011,0.11946003038468526,2.0679213027278087,3.314844995835709
2.6524972915649414,0.05042391909294819,-0.05806140664425011,0.1260348979297176,2.0682500459864395,3.314844995835709
2.6745364665985107,0.04779397191991984,-0.05839015007106768,0.11880254362833033,2.070551248798093,3.3125437907710267
2.698232889175415,0.04582151153641051,-0.05904763692499085,0.12077500389638372,2.0679213027278087,3.3145162522546623
2.7216949462890625,0.04779397191991984,-0.05773266321752854,0.1253774111767268,2.069236275762598,3.3141875086737413
2.745293617248535,0.04713648512577302,-0.05773266321752854,0.12044626051858548,2.0708799920570766,3.3125437907710267
2.7682876586914062,0.049766432300224595,-0.0603626106339899,0.12767861481072734,2.068578789245115,3.3125437907710267
2.7889022827148438,0.04779397191991984,-0.05970512377929818,0.13228102206642361,2.0689075325038346,3.3138587650929465
2.810194969177246,0.0487802021104725,-0.05839015007106768,0.14181457990125707,2.0689075325038346,3.3138587650929465
2.832292318344116,0.04779397191991984,-0.05904763692499085,0.14773196059125704,2.0695650190214057,3.314844995835709
2.854422092437744,0.0487802021104725,-0.05937638035209647,0.14543075699277114,2.0682500459864395,3.3145162522546623
2.876798629760742,0.04746522852289095,-0.058718893497981234,0.127349871434693,2.0728524516119093,3.3135300215122774
2.898200750350952,0.04582151153641051,-0.05773266321752854,0.1362259425582851,2.070551248798093,3.3141875086737413
2.919811487197876,0.04779397191991984,-0.06134884091674858,0.12340495091573989,2.069893762280257,3.314844995835709
2.941344738006592,0.046150254933884804,-0.057403919790902924,0.1260348979297176,2.073509938130541,3.311228816451122
2.963348388671875,0.04746522852289095,-0.05773266321752854,0.1174875701146082,2.0728524516119093,3.3125437907710267
2.985856771469116,0.04713648512577302,-0.05806140664425011,0.1289935883140274,2.0708799920570766,3.3145162522546623
3.0075697898864746,0.04647899833126996,-0.05806140664425011,0.12340495091573989,2.0702225055391525,3.3135300215122774
3.030402183532715,0.04910894550714545,-0.05839015007106768,0.1224187207841122,2.0708799920570766,3.3141875086737413
3.053291082382202,0.04779397191991984,-0.05806140664425011,0.12340495091573989,2.070551248798093,3.3141875086737413
3.0754127502441406,0.04450653794562165,-0.05641768951160167,0.12110374727409776,2.07416742464935,3.313201277931735
3.096949338912964,0.0481227153168597,-0.058718893497981234,0.1227474641614055,2.071208735316105,3.3135300215122774
3.1185061931610107,0.046150254933884804,-0.0603626106339899,0.11978877376273626,2.069893762280257,3.3141875086737413
3.1420507431030273,0.04713648512577302,-0.05839015007106768,0.12307620753861472,2.071208735316105,3.3138587650929465
3.165055274963379,0.0481227153168597,-0.06266381462844045,0.11978877376273626,2.069236275762598,3.315173739416882
3.189568281173706,0.0487802021104725,-0.05937638035209647,0.1260348979297176,2.0689075325038346,3.3141875086737413
3.213357925415039,0.046150254933884804,-0.05839015007106768,0.1293223316896432,2.0695650190214057,3.314844995835709
3.237640857696533,0.04779397191991984,-0.0610200974890662,0.120117517140703,2.0708799920570766,3.3141875086737413
3.2616360187530518,0.04647899833126996,-0.06134884091674858,0.1349109690623309,2.0708799920570766,3.3141875086737413
3.2858738899230957,0.04713648512577302,-0.05608894608535969,0.1352397124364443,2.074496167908821,3.312872534351318
3.309776544570923,0.04582151153641051,-0.055760202659213554,0.1326097654412039,2.0748249111683363,3.312872534351318
3.333308696746826,0.04089036056358644,-0.05806140664425011,0.13852714617300282,2.0718662218342936,3.3138587650929465
3.3573451042175293,0.04582151153641051,-0.057403919790902924,0.13293850881590075,2.071208735316105,3.314844995835709
3.379920244216919,0.04746522852289095,-0.05839015007106768,0.14543075699277114,2.0721949650934546,3.315173739416882
3.401942014694214,0.0481227153168597,-0.06134884091674858,0.12669238468237293,2.0708799920570766,3.3141875086737413
3.425747871398926,0.04779397191991984,-0.05839015007106768,0.1138713929449029,2.0728524516119093,3.3125437907710267
3.447755813598633,0.049437688903729474,-0.05806140664425011,0.12866484493832794,2.0728524516119093,3.312872534351318
3.4680233001708984,0.04845145871371059,-0.06266381462844045,0.11781631349316532,2.0708799920570766,3.3145162522546623
3.49068284034729,0.04384905114969191,-0.05641768951160167,0.1260348979297176,2.0731811948712027,3.3141875086737413
3.5132038593292236,0.04647899833126996,-0.05773266321752854,0.13228102206642361,2.0721949650934546,3.314844995835709
3.536768913269043,0.04713648512577302,-0.057403919790902924,0.1460882437356083,2.073509938130541,3.3138587650929465
3.5587470531463623,0.04746522852289095,-0.05773266321752854,0.12767861481072734,2.071208735316105,3.3138587650929465
3.580768346786499,0.045164024741194464,-0.05806140664425011,0.1283361015625448,2.0728524516119093,3.3138587650929465
3.6013383865356445,0.04450653794562165,-0.05773266321752854,0.16548410250150505,2.073509938130541,3.313201277931735
3.623960256576538,0.04779397191991984,-0.058718893497981234,0.12077500389638372,2.0728524516119093,3.313201277931735
3.6476244926452637,0.0487802021104725,-0.057403919790902924,0.1260348979297176,2.071208735316105,3.314844995835709
3.668640375137329,0.04582151153641051,-0.05608894608535969,0.12504866780010554,2.074496167908821,3.312872534351318
3.6911561489105225,0.04450653794562165,-0.05904763692499085,0.1260348979297176,2.0715374785751774,3.3145162522546623
3.7138075828552246,0.0481227153168597,-0.05970512377929818,0.10696778195608442,2.0728524516119093,3.3138587650929465
3.735886812210083,0.04713648512577302,-0.05608894608535969,0.1240624376697381,2.0728524516119093,3.3125437907710267
3.7606124877929688,0.04845145871371059,-0.06167758434452722,0.10992647238444858,2.0718662218342936,3.3135300215122774
3.7842462062835693,0.04680774172856603,-0.05674643293793952,0.12307620753861472,2.073509938130541,3.312215047190862
3.805798053741455,0.04647899833126996,-0.05608894608535969,0.12471992442340035,2.074496167908821,3.312872534351318
3.8303239345550537,0.04647899833126996,-0.05543145923316328,0.12636364130608718,2.0748249111683363,3.311886303610823
3.854081392288208,0.0481227153168597,-0.05806140664425011,0.12143249065172759,2.0718662218342936,3.312872534351318
3.8771915435791016,0.0487802021104725,-0.05839015007106768,0.12866484493832794,2.069893762280257,3.314844995835709
3.9029202461242676,0.0481227153168597,-0.05904763692499085,0.1283361015625448,2.071208735316105,3.3141875086737413
3.9271633625030518,0.04845145871371059,-0.06200632777240203,0.12110374727409776,2.070551248798093,3.314844995835709
3.9505276679992676,0.04680774172856603,-0.05641768951160167,0.1293223316896432,2.0731811948712027,3.313201277931735
3.974557876586914,0.0487802021104725,-0.05773266321752854,0.1316235353166127,2.069236275762598,3.3145162522546623
3.9972639083862305,0.04352030775159314,-0.05937638035209647,0.1326097654412039,2.0728524516119093,3.3141875086737413
4.021281957626343,0.049437688903729474,-0.05773266321752854,0.1326097654412039,2.0702225055391525,3.3141875086737413
4.046011924743652,0.04779397191991984,-0.057403919790902924,0.13063730519127004,2.0725237083526595,3.313201277931735
4.069015979766846,0.045164024741194464,-0.05674643293793952,0.13063730519127004,2.0754823976875008,3.3135300215122774
4.0935914516448975,0.04450653794562165,-0.05773266321752854,0.1316235353166127,2.0702225055391525,3.315173739416882
4.116132974624634,0.04746522852289095,-0.05937638035209647,0.1309660485664678,2.0728524516119093,3.3125437907710267
4.136650085449219,0.0481227153168597,-0.05904763692499085,0.12767861481072734,2.0718662218342936,3.3141875086737413
4.157639503479004,0.0481227153168597,-0.06069135406147996,0.12439118104661122,2.0708799920570766,3.3141875086737413
4.179670810699463,0.04713648512577302,-0.057403919790902924,0.12669238468237293,2.073509938130541,3.313201277931735
4.200219392776489,0.0481227153168597,-0.05806140664425011,0.12570615455326414,2.0721949650934546,3.3135300215122774
4.220753192901611,0.04910894550714545,-0.05839015007106768,0.12702112805857488,2.0721949650934546,3.313201277931735
4.243991136550903,0.04845145871371059,-0.06069135406147996,0.1220899774067348,2.071208735316105,3.3141875086737413
4.267701148986816,0.04910894550714545,-0.058718893497981234,0.12669238468237293,2.0725237083526595,3.312872534351318
4.290140628814697,0.04713648512577302,-0.05806140664425011,0.16318289893398794,2.0731811948712027,3.313201277931735
4.313303470611572,0.05009517569663083,-0.05839015007106768,0.12669238468237293,2.0725237083526595,3.3135300215122774
4.333859205245972,0.049766432300224595,-0.05839015007106768,0.12965107506517531,2.0728524516119093,3.312872534351318
4.354931354522705,0.04779397191991984,-0.058718893497981234,0.11683008335724065,2.073509938130541,3.312872534351318
4.378454685211182,0.04779397191991984,-0.05806140664425011,0.16975776625919192,2.073838681389923,3.3125437907710267
4.399343490600586,0.04713648512577302,-0.05970512377929818,0.1566080315762162,2.0725237083526595,3.314844995835709
4.420950174331665,0.04746522852289095,-0.05970512377929818,0.16778530606504002,2.073509938130541,3.3145162522546623
4.442643880844116,0.044835281343452646,-0.05641768951160167,0.1404996064109505,2.0748249111683363,3.313201277931735
4.464138746261597,0.0481227153168597,-0.06003386720659601,0.1404996064109505,2.0715374785751774,3.313201277931735
4.484139919281006,0.04746522852289095,-0.06003386720659601,0.12866484493832794,2.0718662218342936,3.3141875086737413
4.504671573638916,0.04746522852289095,-0.05674643293793952,0.13786965942635615,2.07416742464935,3.312872534351318
4.524888753890991,0.04845145871371059,-0.05674643293793952,0.131294791941582,2.0728524516119093,3.313201277931735
4.54704475402832,0.04582151153641051,-0.05608894608535969,0.1303085618159887,2.07581114094715,3.3138587650929465
4.567044734954834,0.04779397191991984,-0.05904763692499085,0.1424720666459133,2.0725237083526595,3.3141875086737413
4.586573600769043,0.04746522852289095,-0.05773266321752854,0.12471992442340035,2.074496167908821,3.3125437907710267
4.607701063156128,0.04352030775159314,-0.05641768951160167,0.12504866780010554,2.0751536544278966,3.312872534351318
4.628959894180298,0.0481227153168597,-0.05839015007106768,0.12504866780010554,2.0725237083526595,3.313201277931735
4.6520676612854,0.04253407755676096,-0.05674643293793952,0.1253774111767268,2.0721949650934546,3.3145162522546623
4.6731345653533936,0.049766432300224595,-0.05839015007106768,0.1253774111767268,2.073509938130541,3.312215047190862
4.695604085922241,0.0481227153168597,-0.05707517636437326,0.1299798184406238,2.0728524516119093,3.3141875086737413
4.718212366104126,0.0481227153168597,-0.05773266321752854,0.12636364130608718,2.0725237083526595,3.3145162522546623
4.739745855331421,0.04779397191991984,-0.058718893497981234,0.12669238468237293,2.0718662218342936,3.3138587650929465
4.762112855911255,0.0487802021104725,-0.06332130148486398,0.11715882673596666,2.071208735316105,3.314844995835709
4.785854339599609,0.044835281343452646,-0.05839015007106768,0.1240624376697381,2.071208735316105,3.315173739416882
4.809736251831055,0.04779397191991984,-0.0603626106339899,0.10598155181176498,2.0731811948712027,3.313201277931735
4.832489490509033,0.045164024741194464,-0.058718893497981234,0.120117517140703,2.0725237083526595,3.314844995835709
4.854449272155762,0.04779397191991984,-0.05839015007106768,0.1533205978850633,2.073509938130541,3.3138587650929465
4.877455949783325,0.04582151153641051,-0.05773266321752854,0.15923797852324412,2.07416742464935,3.3138587650929465
4.900482177734375,0.0487802021104725,-0.05904763692499085,0.12143249065172759,2.0728524516119093,3.313201277931735
4.9209980964660645,0.044835281343452646,-0.057403919790902924,0.12143249065172759,2.073838681389923,3.3138587650929465
4.940515041351318,0.0481227153168597,-0.058718893497981234,0.12044626051858548,2.0731811948712027,3.3125437907710267
4.962511301040649,0.046150254933884804,-0.05970512377929818,0.1220899774067348,2.0721949650934546,3.3145162522546623
4.986026287078857,0.05042391909294819,-0.058718893497981234,0.123733694292781,2.070551248798093,3.3145162522546623
5.009256601333618,0.04910894550714545,-0.05904763692499085,0.1224187207841122,2.0728524516119093,3.312872534351318
5.03176736831665,0.04680774172856603,-0.05937638035209647,0.12307620753861472,2.071208735316105,3.3141875086737413
5.05501127243042,0.04680774172856603,-0.05608894608535969,0.12077500389638372,2.0731811948712027,3.313201277931735
5.0780510902404785,0.04910894550714545,-0.058718893497981234,0.12176123402927327,2.0715374785751774,3.3141875086737413
5.102762937545776,0.0487802021104725,-0.05839015007106768,0.1224187207841122,2.0731811948712027,3.3135300215122774
5.125696659088135,0.05009517569663083,-0.06430753177022186,0.1227474641614055,2.0725237083526595,3.3135300215122774
5.147905349731445,0.04746522852289095,-0.05970512377929818,0.12143249065172759,2.0721949650934546,3.314844995835709
5.168912649154663,0.04582151153641051,-0.05641768951160167,0.123733694292781,2.0748249111683363,3.3125437907710267
5.188441514968872,0.04713648512577302,-0.05543145923316328,0.123733694292781,2.0754823976875008,3.3125437907710267
5.209174156188965,0.0487802021104725,-0.058718893497981234,0.12570615455326414,2.0731811948712027,3.3135300215122774
5.231436491012573,0.04647899833126996,-0.055102715807208824,0.1253774111767268,2.0748249111683363,3.312872534351318
5.250995635986328,0.04779397191991984,-0.05806140664425011,0.12439118104661122,2.0728524516119093,3.3135300215122774
5.271050930023193,0.04845145871371059,-0.06233507120037307,0.120117517140703,2.070551248798093,3.315173739416882
5.294902324676514,0.0487802021104725,-0.05773266321752854,0.127349871434693,2.0721949650934546,3.3141875086737413
5.317502498626709,0.04713648512577302,-0.06167758434452722,0.12044626051858548,2.0708799920570766,3.314844995835709
5.337137222290039,0.04680774172856603,-0.05839015007106768,0.12669238468237293,2.0725237083526595,3.314844995835709
5.357152700424194,0.04779397191991984,-0.06266381462844045,0.11715882673596666,2.071208735316105,3.314844995835709
5.378668546676636,0.0487802021104725,-0.05970512377929818,0.1240624376697381,2.0725237083526595,3.312872534351318
5.401461839675903,0.04779397191991984,-0.05674643293793952,0.12504866780010554,2.073838681389923,3.3125437907710267
5.423073053359985,0.049437688903729474,-0.05806140664425011,0.12570615455326414,2.073509938130541,3.3135300215122774
5.4450414180755615,0.04779397191991984,-0.05773266321752854,0.1388558895462016,2.0725237083526595,3.3145162522546623
5.466040134429932,0.04845145871371059,-0.05904763692499085,0.12307620753861472,2.0721949650934546,3.3135300215122774
5.485546112060547,0.0487802021104725,-0.05970512377929818,0.12143249065172759,2.0721949650934546,3.3138587650929465
5.506559133529663,0.044835281343452646,-0.05608894608535969,0.12340495091573989,2.07416742464935,3.313201277931735
5.526204824447632,0.04746522852289095,-0.05839015007106768,0.1224187207841122,2.070551248798093,3.314844995835709
5.547542572021484,0.04910894550714545,-0.06069135406147996,0.11913128700654996,2.071208735316105,3.3141875086737413
5.569997787475586,0.0481227153168597,-0.05839015007106768,0.12439118104661122,2.0721949650934546,3.3141875086737413
5.593775987625122,0.04713648512577302,-0.06003386720659601,0.12044626051858548,2.0715374785751774,3.3141875086737413
5.616408348083496,0.04647899833126996,-0.06266381462844045,0.11814505687163804,2.0708799920570766,3.3145162522546623
5.639099597930908,0.04713648512577302,-0.05839015007106768,0.1240624376697381,2.0728524516119093,3.313201277931735
5.658126592636108,0.049766432300224595,-0.05806140664425011,0.123733694292781,2.073509938130541,3.313201277931735
5.679100275039673,0.046150254933884804,-0.06069135406147996,0.11222767604619739,2.0718662218342936,3.315173739416882
5.7026450634002686,0.0487802021104725,-0.05806140664425011,0.13063730519127004,2.0731811948712027,3.3135300215122774
5.726057529449463,0.0481227153168597,-0.057403919790902924,0.12340495091573989,2.073838681389923,3.312215047190862
5.748773574829102,0.044835281343452646,-0.05608894608535969,0.1345822256881342,2.0754823976875008,3.313201277931735
5.770821571350098,0.0481227153168597,-0.05839015007106768,0.13852714617300282,2.0725237083526595,3.313201277931735
5.795350074768066,0.0487802021104725,-0.06200632777240203,0.1349109690623309,2.0715374785751774,3.3145162522546623
5.8178770542144775,0.04845145871371059,-0.058718893497981234,0.14214332327362658,2.0725237083526595,3.314844995835709
5.841359615325928,0.04910894550714545,-0.058718893497981234,0.14082834978365144,2.0731811948712027,3.315502482998181
5.864359617233276,0.045164024741194464,-0.05674643293793952,0.1375409160529082,2.0751536544278966,3.3135300215122774
5.888061761856079,0.0487802021104725,-0.05904763692499085,0.12866484493832794,2.0725237083526595,3.3138587650929465
5.911794900894165,0.04845145871371059,-0.06167758434452722,0.12044626051858548,2.0725237083526595,3.3145162522546623
5.933855056762695,0.04647899833126996,-0.058718893497981234,0.12636364130608718,2.0725237083526595,3.3145162522546623
5.956361532211304,0.04746522852289095,-0.057403919790902924,0.14707447384924502,2.0731811948712027,3.315502482998181
5.981987237930298,0.04713648512577302,-0.0603626106339899,0.12439118104661122,2.0731811948712027,3.313201277931735
6.003990411758423,0.04680774172856603,-0.05674643293793952,0.15101939429637448,2.074496167908821,3.314844995835709
6.022907018661499,0.04647899833126996,-0.055760202659213554,0.1220899774067348,2.0748249111683363,3.312872534351318
6.04497766494751,0.04746522852289095,-0.05839015007106768,0.123733694292781,2.0725237083526595,3.3145162522546623
6.06706976890564,0.044835281343452646,-0.05674643293793952,0.120117517140703,2.07581114094715,3.313201277931735
6.088619232177734,0.04056161716468322,-0.05904763692499085,0.12176123402927327,2.0725237083526595,3.3145162522546623
6.111137866973877,0.04647899833126996,-0.05806140664425011,0.11913128700654996,2.074496167908821,3.313201277931735
6.13217830657959,0.04713648512577302,-0.0603626106339899,0.1253774111767268,2.0731811948712027,3.314844995835709
6.154834747314453,0.05042391909294819,-0.05806140664425011,0.11978877376273626,2.070551248798093,3.3145162522546623
6.174833536148071,0.04680774172856603,-0.05641768951160167,0.11683008335724065,2.074496167908821,3.3125437907710267
6.194868564605713,0.0481227153168597,-0.05970512377929818,0.11847380025002636,2.0728524516119093,3.3125437907710267
6.217409372329712,0.04746522852289095,-0.05904763692499085,0.10269411799182653,2.07416742464935,3.3125437907710267
6.23901629447937,0.04910894550714545,-0.06003386720659601,0.11978877376273626,2.073509938130541,3.3125437907710267
6.262026071548462,0.04910894550714545,-0.05937638035209647,0.11946003038468526,2.0731811948712027,3.312872534351318
6.284557819366455,0.04319156435340507,-0.05707517636437326,0.120117517140703,2.0754823976875008,3.3138587650929465
6.30557918548584,0.0487802021104725,-0.0603626106339899,0.11683008335724065,2.0718662218342936,3.313201277931735
6.32724666595459,0.049437688903729474,-0.058718893497981234,0.11946003038468526,2.071208735316105,3.3138587650929465
6.350148677825928,0.04713648512577302,-0.05970512377929818,0.10236537460936332,2.073509938130541,3.312872534351318
6.373520851135254,0.04746522852289095,-0.05806140664425011,0.11847380025002636,2.0748249111683363,3.3125437907710267
6.3940534591674805,0.049766432300224595,-0.05839015007106768,0.12307620753861472,2.0702225055391525,3.314844995835709
6.415604114532471,0.04779397191991984,-0.05839015007106768,0.131294791941582,2.0725237083526595,3.315173739416882
6.437321662902832,0.049766432300224595,-0.05806140664425011,0.1289935883140274,2.0708799920570766,3.3141875086737413
6.4607484340667725,0.04746522852289095,-0.05904763692499085,0.11584385322055575,2.073838681389923,3.3125437907710267
6.485357284545898,0.04746522852289095,-0.05773266321752854,0.1388558895462016,2.073509938130541,3.3145162522546623
6.508451700210571,0.044835281343452646,-0.05806140664425011,0.12471992442340035,2.07416742464935,3.3141875086737413
6.532072067260742,0.04845145871371059,-0.05641768951160167,0.12340495091573989,2.073838681389923,3.3125437907710267
6.558128833770752,0.045164024741194464,-0.055760202659213554,0.12471992442340035,2.0761398842068433,3.313201277931735
6.581644296646118,0.04779397191991984,-0.057403919790902924,0.15003316418570356,2.073838681389923,3.3138587650929465
6.603656053543091,0.04845145871371059,-0.05970512377929818,0.1240624376697381,2.0731811948712027,3.312215047190862
6.624878644943237,0.04845145871371059,-0.058718893497981234,0.1253774111767268,2.0728524516119093,3.312872534351318
6.645456075668335,0.04779397191991984,-0.05806140664425011,0.12307620753861472,2.0731811948712027,3.3138587650929465
6.666429281234741,0.049437688903729474,-0.05806140664425011,0.12439118104661122,2.0702225055391525,3.3141875086737413
6.685985565185547,0.04647899833126996,-0.05608894608535969,0.1224187207841122,2.0761398842068433,3.3135300215122774
6.708184719085693,0.04845145871371059,-0.05839015007106768,0.1174875701146082,2.0728524516119093,3.3138587650929465
6.7297585010528564,0.049766432300224595,-0.05904763692499085,0.11978877376273626,2.0725237083526595,3.3141875086737413
6.751246690750122,0.04582151153641051,-0.0610200974890662,0.10466657828481303,2.0721949650934546,3.312872534351318
6.77324652671814,0.04845145871371059,-0.06069135406147996,0.11617259659953523,2.0715374785751774,3.3141875086737413
6.79415225982666,0.0481227153168597,-0.0603626106339899,0.10335160475649674,2.073509938130541,3.311886303610823
6.816636323928833,0.04845145871371059,-0.06134884091674858,0.11058395914537254,2.0715374785751774,3.314844995835709
6.837376117706299,0.049766432300224595,-0.05806140664425011,0.11913128700654996,2.070551248798093,3.3138587650929465
6.857393741607666,0.04450653794562165,-0.057403919790902924,0.12044626051858548,2.0748249111683363,3.312872534351318
6.880386829376221,0.049437688903729474,-0.05839015007106768,0.12077500389638372,2.070551248798093,3.314844995835709
6.90138578414917,0.04845145871371059,-0.06365004491322024,0.10433783490286193,2.0721949650934546,3.314844995835709
6.922902345657349,0.046150254933884804,-0.06134884091674858,0.10861149886158136,2.07416742464935,3.313201277931735
6.944413661956787,0.04713648512577302,-0.05641768951160167,0.120117517140703,2.07416742464935,3.3125437907710267
6.9654176235198975,0.04713648512577302,-0.05904763692499085,0.15858049178697764,2.073838681389923,3.3138587650929465
6.9867212772369385,0.04779397191991984,-0.0603626106339899,0.12044626051858548,2.0731811948712027,3.312872534351318
7.006741523742676,0.04845145871371059,-0.05806140664425011,0.12077500389638372,2.073838681389923,3.3135300215122774
7.026794195175171,0.04845145871371059,-0.06134884091674858,0.1076252687185384,2.0718662218342936,3.3141875086737413
7.048543691635132,0.04779397191991984,-0.0603626106339899,0.10433783490286193,2.0731811948712027,3.3125437907710267
7.071464538574219,0.0487802021104725,-0.05773266321752854,0.120117517140703,2.0728524516119093,3.3138587650929465
7.091477394104004,0.0481227153168597,-0.05806140664425011,0.12077500389638372,2.0708799920570766,3.315173739416882
7.1129796504974365,0.0481227153168597,-0.05904763692499085,0.15134813766643368,2.074496167908821,3.312872534351318
7.13297963142395,0.0481227153168597,-0.05904763692499085,0.11880254362833033,2.0721949650934546,3.312872534351318
7.153499603271484,0.04779397191991984,-0.05839015007106768,0.12044626051858548,2.0725237083526595,3.3145162522546623
7.175530195236206,0.0481227153168597,-0.06496501862760906,0.12110374727409776,2.0721949650934546,3.3145162522546623
7.1960108280181885,0.04647899833126996,-0.06200632777240203,0.10532406504845947,2.0725237083526595,3.3135300215122774
7.215601682662964,0.04680774172856603,-0.055760202659213554,0.11978877376273626,2.0748249111683363,3.312872534351318
7.236106872558594,0.045164024741194464,-0.05707517636437326,0.12077500389638372,2.0725237083526595,3.314844995835709
7.2581000328063965,0.04450653794562165,-0.057403919790902924,0.11946003038468526,2.07581114094715,3.3135300215122774
7.281147480010986,0.04746522852289095,-0.05773266321752854,0.11584385322055575,2.0721949650934546,3.314844995835709
7.304268836975098,0.04746522852289095,-0.058718893497981234,0.15825174841872183,2.073838681389923,3.3138587650929465
7.327967405319214,0.0487802021104725,-0.05970512377929818,0.11715882673596666,2.0721949650934546,3.3135300215122774
7.349513530731201,0.046150254933884804,-0.055760202659213554,0.120117517140703,2.0761398842068433,3.312215047190862
7.372302532196045,0.04713648512577302,-0.05839015007106768,0.12077500389638372,2.0721949650934546,3.3141875086737413
7.395520925521851,0.04746522852289095,-0.05937638035209647,0.10466657828481303,2.0748249111683363,3.312872534351318
7.4190514087677,0.04450653794562165,-0.05806140664425011,0.1240624376697381,2.0754823976875008,3.312872534351318
7.439505338668823,0.049766432300224595,-0.05904763692499085,0.12471992442340035,2.0718662218342936,3.3138587650929465
7.45948600769043,0.04779397191991984,-0.05806140664425011,0.131294791941582,2.074496167908821,3.313201277931735
7.482043027877808,0.04779397191991984,-0.0610200974890662,0.10828275548065208,2.0731811948712027,3.3138587650929465
7.50304388999939,0.046150254933884804,-0.06069135406147996,0.10861149886158136,2.0731811948712027,3.3135300215122774
7.522557973861694,0.05009517569663083,-0.06134884091674858,0.11946003038468526,2.0708799920570766,3.314844995835709
7.542084217071533,0.04779397191991984,-0.06003386720659601,0.10663903857472976,2.073838681389923,3.309913842133231
7.564072370529175,0.04746522852289095,-0.05904763692499085,0.13918463291931732,2.0748249111683363,3.313201277931735
7.585158348083496,0.04352030775159314,-0.05674643293793952,0.12044626051858548,2.07581114094715,3.313201277931735
7.607853651046753,0.04680774172856603,-0.05543145923316328,0.11978877376273626,2.0751536544278966,3.3125437907710267
7.630626201629639,0.04746522852289095,-0.05937638035209647,0.10631029519328995,2.07416742464935,3.3095850985540722
7.651167392730713,0.042205334158304866,-0.05904763692499085,0.12077500389638372,2.0728524516119093,3.3141875086737413
7.6727659702301025,0.04549276813884706,-0.057403919790902924,0.11847380025002636,2.073509938130541,3.3145162522546623
7.692375421524048,0.0481227153168597,-0.05806140664425011,0.11946003038468526,2.0721949650934546,3.3138587650929465
7.713181972503662,0.049437688903729474,-0.05937638035209647,0.11913128700654996,2.073509938130541,3.3135300215122774
7.73523473739624,0.044177794547701404,-0.05773266321752854,0.11847380025002636,2.074496167908821,3.3138587650929465
7.757298231124878,0.04845145871371059,-0.058718893497981234,0.11946003038468526,2.0728524516119093,3.3125437907710267
7.77925181388855,0.04450653794562165,-0.05839015007106768,0.11978877376273626,2.0725237083526595,3.3138587650929465
7.800320386886597,0.04746522852289095,-0.05674643293793952,0.11847380025002636,2.073838681389923,3.313201277931735
7.823895454406738,0.04779397191991984,-0.05674643293793952,0.12044626051858548,2.0725237083526595,3.3141875086737413
7.848496675491333,0.04450653794562165,-0.057403919790902924,0.11946003038468526,2.0748249111683363,3.313201277931735
7.868502616882324,0.04450653794562165,-0.05773266321752854,0.11978877376273626,2.073509938130541,3.3145162522546623
7.889161586761475,0.04253407755676096,-0.05707517636437326,0.120117517140703,2.073838681389923,3.315502482998181
7.91267728805542,0.04845145871371059,-0.06003386720659601,0.10269411799182653,2.073509938130541,3.312215047190862
7.9360268115997314,0.04647899833126996,-0.05806140664425011,0.1526631111458486,2.07416742464935,3.3138587650929465
7.958124876022339,0.049766432300224595,-0.05937638035209647,0.11978877376273626,2.073509938130541,3.313201277931735
7.980537414550781,0.0487802021104725,-0.05839015007106768,0.11814505687163804,2.0728524516119093,3.3135300215122774
8.0057852268219,0.04713648512577302,-0.05839015007106768,0.11814505687163804,2.0725237083526595,3.3138587650929465
8.028634786605835,0.04713648512577302,-0.05608894608535969,0.11847380025002636,2.07416742464935,3.3125437907710267
8.052055358886719,0.04746522852289095,-0.057403919790902924,0.15003316418570356,2.07416742464935,3.3135300215122774
8.074056148529053,0.04680774172856603,-0.05773266321752854,0.12044626051858548,2.0715374785751774,3.3141875086737413
8.096675157546997,0.04779397191991984,-0.06332130148486398,0.10565280843015483,2.0721949650934546,3.313201277931735
8.12089228630066,0.04680774172856603,-0.05707517636437326,0.11946003038468526,2.0754823976875008,3.312872534351318
8.14640498161316,0.04779397191991984,-0.06134884091674858,0.10795401209963777,2.0718662218342936,3.3141875086737413
8.16976284980774,0.04647899833126996,-0.05674643293793952,0.11715882673596666,2.07581114094715,3.3125437907710267
8.194965362548828,0.04910894550714545,-0.05839015007106768,0.120117517140703,2.073509938130541,3.312872534351318
8.220236539840698,0.04910894550714545,-0.05904763692499085,0.11946003038468526,2.0728524516119093,3.311886303610823
8.245755672454834,0.0481227153168597,-0.0610200974890662,0.11584385322055575,2.0715374785751774,3.3141875086737413
8.269757270812988,0.04910894550714545,-0.05806140664425011,0.11978877376273626,2.0731811948712027,3.3135300215122774
8.292266845703125,0.04746522852289095,-0.05674643293793952,0.11814505687163804,2.0731811948712027,3.312215047190862
8.31393027305603,0.04779397191991984,-0.05904763692499085,0.11880254362833033,2.073838681389923,3.313201277931735
8.333443641662598,0.04319156435340507,-0.05674643293793952,0.11946003038468526,2.0754823976875008,3.3135300215122774
8.355443716049194,0.04352030775159314,-0.05674643293793952,0.11946003038468526,2.07581114094715,3.313201277931735
8.376442193984985,0.04910894550714545,-0.058718893497981234,0.11913128700654996,2.0708799920570766,3.3145162522546623
8.397958040237427,0.045164024741194464,-0.05773266321752854,0.11978877376273626,2.0725237083526595,3.3125437907710267
8.420482873916626,0.04680774172856603,-0.05839015007106768,0.12471992442340035,2.0725237083526595,3.3141875086737413
8.442756652832031,0.04779397191991984,-0.05904763692499085,0.10203663122681471,2.073838681389923,3.3125437907710267
8.464751958847046,0.046150254933884804,-0.05641768951160167,0.11847380025002636,2.074496167908821,3.313201277931735
8.485336542129517,0.0487802021104725,-0.05806140664425011,0.11880254362833033,2.070551248798093,3.3141875086737413
8.506485939025879,0.04713648512577302,-0.058718893497981234,0.1165013399784302,2.0721949650934546,3.3145162522546623
8.526177644729614,0.0487802021104725,-0.058718893497981234,0.11683008335724065,2.0728524516119093,3.3138587650929465
8.54520297050476,0.04713648512577302,-0.05904763692499085,0.10335160475649674,2.073838681389923,3.312872534351318
8.567222356796265,0.04713648512577302,-0.0603626106339899,0.10466657828481303,2.073838681389923,3.3135300215122774
8.588749408721924,0.0481227153168597,-0.05806140664425011,0.11913128700654996,2.073509938130541,3.313201277931735
8.60978364944458,0.04845145871371059,-0.05806140664425011,0.12570615455326414,2.0725237083526595,3.3141875086737413
8.630303144454956,0.044177794547701404,-0.05773266321752854,0.11946003038468526,2.0751536544278966,3.3158312265796064
8.651809930801392,0.0481227153168597,-0.06134884091674858,0.11255641942610795,2.0718662218342936,3.314844995835709
8.67414379119873,0.0481227153168597,-0.057403919790902924,0.1174875701146082,2.0718662218342936,3.3135300215122774
8.695895671844482,0.04845145871371059,-0.05839015007106768,0.11978877376273626,2.0731811948712027,3.312215047190862
8.716645240783691,0.04319156435340507,-0.058718893497981234,0.11978877376273626,2.0721949650934546,3.313201277931735
8.74104356765747,0.049766432300224595,-0.05839015007106768,0.11913128700654996,2.0702225055391525,3.3145162522546623
8.763355255126953,0.049766432300224595,-0.05839015007106768,0.11913128700654996,2.071208735316105,3.3138587650929465
8.783864498138428,0.049766432300224595,-0.05806140664425011,0.12077500389638372,2.070551248798093,3.315502482998181
8.803888082504272,0.04845145871371059,-0.06233507120037307,0.10499532166667888,2.0728524516119093,3.3138587650929465
8.823256731033325,0.045164024741194464,-0.05608894608535969,0.12077500389638372,2.0761398842068433,3.312872534351318
8.844788074493408,0.04746522852289095,-0.05806140664425011,0.12077500389638372,2.0728524516119093,3.3141875086737413
8.866788864135742,0.04746522852289095,-0.0603626106339899,0.1319522786915599,2.0728524516119093,3.314844995835709
8.887300729751587,0.04582151153641051,-0.05904763692499085,0.12143249065172759,2.0725237083526595,3.314844995835709
8.908416032791138,0.04746522852289095,-0.058718893497981234,0.12176123402927327,2.0708799920570766,3.315502482998181
8.930931568145752,0.04680774172856603,-0.05773266321752854,0.1309660485664678,2.07416742464935,3.3135300215122774
8.951441287994385,0.04647899833126996,-0.06069135406147996,0.10894024224242563,2.0731811948712027,3.3135300215122774
8.973227977752686,0.04647899833126996,-0.055102715807208824,0.127349871434693,2.07581114094715,3.313201277931735
8.994265794754028,0.04779397191991984,-0.05674643293793952,0.16022420862703127,2.074496167908821,3.312872534351318
9.014950037002563,0.046150254933884804,-0.058718893497981234,0.12965107506517531,2.0721949650934546,3.3141875086737413
9.036892890930176,0.04845145871371059,-0.05839015007106768,0.12800735818667794,2.0728524516119093,3.3138587650929465
9.060903072357178,0.04713648512577302,-0.05806140664425011,0.10959772900385922,2.0718662218342936,3.315502482998181
9.083951234817505,0.04384905114969191,-0.057403919790902924,0.1283361015625448,2.0751536544278966,3.313201277931735
9.10800838470459,0.045164024741194464,-0.05674643293793952,0.12439118104661122,2.07416742464935,3.3141875086737413
9.129741191864014,0.045164024741194464,-0.05674643293793952,0.123733694292781,2.0761398842068433,3.313201277931735
9.153387308120728,0.04582151153641051,-0.05674643293793952,0.12471992442340035,2.0754823976875008,3.312872534351318
9.175335168838501,0.04713648512577302,-0.05839015007106768,0.127349871434693,2.073509938130541,3.3145162522546623
9.195877313613892,0.04582151153641051,-0.05773266321752854,0.13852714617300282,2.0748249111683363,3.313201277931735
9.21902084350586,0.04713648512577302,-0.05806140664425011,0.14017086303816662,2.07416742464935,3.312872534351318
9.242899417877197,0.044177794547701404,-0.05707517636437326,0.1303085618159887,2.0751536544278966,3.3135300215122774
9.264890432357788,0.046150254933884804,-0.05773266321752854,0.15299185451549702,2.074496167908821,3.313201277931735
9.28646206855774,0.0481227153168597,-0.05937638035209647,0.131294791941582,2.073838681389923,3.312872534351318
9.309473991394043,0.04845145871371059,-0.05970512377929818,0.1352397124364443,2.0708799920570766,3.314844995835709
9.332853317260742,0.04680774172856603,-0.05773266321752854,0.1362259425582851,2.0761398842068433,3.313201277931735
9.354539394378662,0.04779397191991984,-0.05674643293793952,0.1358971991844214,2.07416742464935,3.312872534351318
9.377541303634644,0.04845145871371059,-0.06134884091674858,0.1303085618159887,2.071208735316105,3.3141875086737413
9.401068687438965,0.04713648512577302,-0.05839015007106768,0.13655468593206563,2.0702225055391525,3.3141875086737413
9.423718929290771,0.046150254933884804,-0.0610200974890662,0.11880254362833033,2.0728524516119093,3.3141875086737413
9.445598125457764,0.045164024741194464,-0.05707517636437326,0.1345822256881342,2.07581114094715,3.312872534351318
9.468916416168213,0.0481227153168597,-0.05839015007106768,0.1335959955650442,2.071208735316105,3.314844995835709
9.492453575134277,0.0481227153168597,-0.05773266321752854,0.1345822256881342,2.0728524516119093,3.3141875086737413
9.514307260513306,0.04845145871371059,-0.05839015007106768,0.131294791941582,2.0702225055391525,3.3135300215122774
9.537981033325195,0.04713648512577302,-0.05773266321752854,0.1293223316896432,2.0708799920570766,3.315502482998181
9.557990074157715,0.05042391909294819,-0.057403919790902924,0.12866484493832794,2.071208735316105,3.3145162522546623
9.581088542938232,0.042205334158304866,-0.05641768951160167,0.12800735818667794,2.0751536544278966,3.312215047190862
9.604938507080078,0.04779397191991984,-0.06069135406147996,0.11452887970379227,2.0725237083526595,3.312872534351318
9.629241466522217,0.04450653794562165,-0.06726622263150323,0.11715882673596666,2.0718662218342936,3.3145162522546623
9.652783870697021,0.04910894550714545,-0.0603626106339899,0.1283361015625448,2.071208735316105,3.3141875086737413
9.678786993026733,0.04582151153641051,-0.06167758434452722,0.12044626051858548,2.0715374785751774,3.314844995835709
9.70238184928894,0.0481227153168597,-0.05806140664425011,0.13326725219051416,2.0725237083526595,3.312215047190862
9.72589898109436,0.04549276813884706,-0.05608894608535969,0.1299798184406238,2.07581114094715,3.3125437907710267
9.751186847686768,0.04680774172856603,-0.05839015007106768,0.13326725219051416,2.0725237083526595,3.3135300215122774
9.774847269058228,0.04746522852289095,-0.057403919790902924,0.16679907596686933,2.074496167908821,3.3138587650929465
9.798940896987915,0.04680774172856603,-0.05839015007106768,0.13293850881590075,2.0725237083526595,3.3141875086737413
9.822315454483032,0.04746522852289095,-0.058718893497981234,0.12439118104661122,2.074496167908821,3.3135300215122774
9.847796440124512,0.04746522852289095,-0.05773266321752854,0.13392473893949086,2.0728524516119093,3.3138587650929465
9.870980739593506,0.04680774172856603,-0.05608894608535969,0.1335959955650442,2.0754823976875008,3.312872534351318
9.892306566238403,0.04713648512577302,-0.05806140664425011,0.14838944733293932,2.0748249111683363,3.3138587650929465
9.914250612258911,0.04680774172856603,-0.05806140664425011,0.1326097654412039,2.0728524516119093,3.3145162522546623
9.936070203781128,0.04647899833126996,-0.05674643293793952,0.131294791941582,2.0754823976875008,3.312215047190862
9.959314823150635,0.03826041336985364,-0.05543145923316328,0.1326097654412039,2.0764686274665807,3.3135300215122774
9.978805303573608,0.046150254933884804,-0.05904763692499085,0.1424720666459133,2.0754823976875008,3.312872534351318
9.999630212783813,0.0487802021104725,-0.05904763692499085,0.1316235353166127,2.073509938130541,3.3138587650929465
10.020375490188599,0.046150254933884804,-0.055760202659213554,0.1309660485664678,2.07581114094715,3.313201277931735
10.040865659713745,0.04746522852289095,-0.05773266321752854,0.1299798184406238,2.071208735316105,3.3161599701611575
10.060935974121094,0.04384905114969191,-0.06496501862760906,0.131294791941582,2.0754823976875008,3.3138587650929465
10.081623315811157,0.044177794547701404,-0.05773266321752854,0.1316235353166127,2.073509938130541,3.3145162522546623
10.103544473648071,0.041876590759759386,-0.05641768951160167,0.1319522786915599,2.0761398842068433,3.313201277931735
10.122610330581665,0.04384905114969191,-0.057403919790902924,0.131294791941582,2.07581114094715,3.313201277931735
10.142532110214233,0.04779397191991984,-0.05839015007106768,0.1342534823138542,2.0731811948712027,3.3145162522546623
10.164145708084106,0.049437688903729474,-0.06003386720659601,0.1316235353166127,2.073509938130541,3.3135300215122774
10.186158895492554,0.04845145871371059,-0.0603626106339899,0.12866484493832794,2.0715374785751774,3.312872534351318
10.209182977676392,0.04647899833126996,-0.05641768951160167,0.131294791941582,2.0751536544278966,3.312872534351318
10.231370687484741,0.0481227153168597,-0.0603626106339899,0.1289935883140274,2.0721949650934546,3.3138587650929465
10.251362562179565,0.04746522852289095,-0.05839015007106768,0.1316235353166127,2.074496167908821,3.3135300215122774
10.27544903755188,0.0487802021104725,-0.0610200974890662,0.1253774111767268,2.0715374785751774,3.3141875086737413
10.299358367919922,0.044177794547701404,-0.057403919790902924,0.13392473893949086,2.07581114094715,3.313201277931735
10.32294225692749,0.0487802021104725,-0.05937638035209647,0.13063730519127004,2.0725237083526595,3.311886303610823
10.344289302825928,0.04910894550714545,-0.05839015007106768,0.13392473893949086,2.073838681389923,3.312872534351318
10.368418455123901,0.04845145871371059,-0.06200632777240203,0.1253774111767268,2.0715374785751774,3.3145162522546623
10.392067193984985,0.04779397191991984,-0.05806140664425011,0.1319522786915599,2.0721949650934546,3.3145162522546623
10.4168860912323,0.04713648512577302,-0.05773266321752854,0.13688342930576294,2.0728524516119093,3.315173739416882
10.441208600997925,0.04746522852289095,-0.05904763692499085,0.11518636646234318,2.07416742464935,3.3135300215122774
10.465879201889038,0.0481227153168597,-0.058718893497981234,0.13228102206642361,2.0708799920570766,3.314844995835709
10.488505363464355,0.04779397191991984,-0.05773266321752854,0.1687715361624807,2.07416742464935,3.3135300215122774
10.511519193649292,0.049437688903729474,-0.05773266321752854,0.1299798184406238,2.0708799920570766,3.315173739416882
10.53563666343689,0.046150254933884804,-0.05773266321752854,0.1303085618159887,2.071208735316105,3.3141875086737413
10.560654640197754,0.04713648512577302,-0.05806140664425011,0.16285415556687427,2.07416742464935,3.3135300215122774
10.584168672561646,0.049766432300224595,-0.05839015007106768,0.1303085618159887,2.0708799920570766,3.3135300215122774
10.609185934066772,0.04713648512577302,-0.05608894608535969,0.12965107506517531,2.0748249111683363,3.312215047190862
10.632468700408936,0.04845145871371059,-0.05839015007106768,0.13228102206642361,2.0721949650934546,3.3141875086737413
10.655456304550171,0.045164024741194464,-0.05608894608535969,0.1316235353166127,2.0761398842068433,3.312872534351318
10.676997661590576,0.049766432300224595,-0.05806140664425011,0.1319522786915599,2.0728524516119093,3.313201277931735
10.701374530792236,0.04779397191991984,-0.05839015007106768,0.16844279279674823,2.073838681389923,3.313201277931735
10.725910663604736,0.0487802021104725,-0.05937638035209647,0.11551510984149174,2.073509938130541,3.3138587650929465
10.747465133666992,0.04746522852289095,-0.05904763692499085,0.11781631349316532,2.073509938130541,3.312872534351318
10.769460916519165,0.04845145871371059,-0.058718893497981234,0.13228102206642361,2.0708799920570766,3.315502482998181
10.78902530670166,0.04779397191991984,-0.057403919790902924,0.13721217267937713,2.0728524516119093,3.3141875086737413
10.81106185913086,0.04647899833126996,-0.05608894608535969,0.1326097654412039,2.0754823976875008,3.312215047190862
10.834977626800537,0.04549276813884706,-0.05674643293793952,0.1319522786915599,2.0754823976875008,3.3138587650929465
10.859157800674438,0.0487802021104725,-0.05806140664425011,0.1326097654412039,2.071208735316105,3.3141875086737413
10.880690813064575,0.04746522852289095,-0.06134884091674858,0.12077500389638372,2.0718662218342936,3.3141875086737413
10.900960683822632,0.04746522852289095,-0.06069135406147996,0.1240624376697381,2.0715374785751774,3.314844995835709
10.924134731292725,0.04549276813884706,-0.057403919790902924,0.13228102206642361,2.0728524516119093,3.314844995835709
10.945018768310547,0.04746522852289095,-0.05970512377929818,0.11518636646234318,2.073509938130541,3.3135300215122774
10.9649977684021,0.0481227153168597,-0.058718893497981234,0.1326097654412039,2.0708799920570766,3.3145162522546623
10.988003969192505,0.04746522852289095,-0.06069135406147996,0.1326097654412039,2.0725237083526595,3.3145162522546623
11.010621786117554,0.04746522852289095,-0.05773266321752854,0.13293850881590075,2.0718662218342936,3.313201277931735
11.033808469772339,0.0481227153168597,-0.05773266321752854,0.13655468593206563,2.0728524516119093,3.314844995835709
11.05649185180664,0.0481227153168597,-0.06167758434452722,0.12340495091573989,2.0715374785751774,3.3145162522546623
11.078692197799683,0.04910894550714545,-0.058718893497981234,0.1319522786915599,2.073509938130541,3.313201277931735
11.100603818893433,0.04647899833126996,-0.05839015007106768,0.1316235353166127,2.0754823976875008,3.3125437907710267
11.123377799987793,0.044835281343452646,-0.05641768951160167,0.13063730519127004,2.07581114094715,3.3138587650929465
11.146175384521484,0.04680774172856603,-0.05806140664425011,0.13228102206642361,2.0725237083526595,3.3145162522546623
11.169365406036377,0.044835281343452646,-0.057403919790902924,0.1316235353166127,2.0725237083526595,3.314844995835709
11.191907405853271,0.0481227153168597,-0.05806140664425011,0.1326097654412039,2.0721949650934546,3.315173739416882
11.214224815368652,0.04910894550714545,-0.058718893497981234,0.13228102206642361,2.0721949650934546,3.312872534351318
11.235735893249512,0.044177794547701404,-0.057403919790902924,0.1316235353166127,2.07416742464935,3.3138587650929465
11.256249904632568,0.04845145871371059,-0.05773266321752854,0.13228102206642361,2.0708799920570766,3.315173739416882
11.275248527526855,0.04352030775159314,-0.06134884091674858,0.12471992442340035,2.0721949650934546,3.314844995835709
11.296769857406616,0.0481227153168597,-0.05773266321752854,0.1309660485664678,2.0728524516119093,3.3138587650929465
11.318899631500244,0.04779397191991984,-0.05806140664425011,0.1319522786915599,2.073509938130541,3.3138587650929465
11.341511249542236,0.04746522852289095,-0.057403919790902924,0.1303085618159887,2.0728524516119093,3.3138587650929465
11.364408493041992,0.04713648512577302,-0.05839015007106768,0.1404996064109505,2.07416742464935,3.313201277931735
11.386925220489502,0.04582151153641051,-0.05707517636437326,0.1303085618159887,2.0764686274665807,3.3125437907710267
11.409075260162354,0.04450653794562165,-0.05707517636437326,0.1299798184406238,2.0754823976875008,3.3138587650929465
11.432609796524048,0.04746522852289095,-0.057403919790902924,0.14280081001811723,2.0731811948712027,3.3145162522546623
11.455929279327393,0.04779397191991984,-0.06233507120037307,0.1220899774067348,2.0718662218342936,3.315173739416882
11.477643966674805,0.0487802021104725,-0.05806140664425011,0.1303085618159887,2.0728524516119093,3.3138587650929465
11.498725414276123,0.04779397191991984,-0.05773266321752854,0.1316235353166127,2.0721949650934546,3.314844995835709
11.52128553390503,0.04779397191991984,-0.06167758434452722,0.12077500389638372,2.0715374785751774,3.3158312265796064
11.54090404510498,0.04746522852289095,-0.05707517636437326,0.1460882437356083,2.0731811948712027,3.312872534351318
11.561904907226562,0.04713648512577302,-0.05839015007106768,0.13293850881590075,2.0728524516119093,3.3145162522546623
11.584485292434692,0.04582151153641051,-0.05641768951160167,0.1299798184406238,2.07581114094715,3.312215047190862
11.606008291244507,0.04845145871371059,-0.05904763692499085,0.1303085618159887,2.07416742464935,3.312872534351318
11.628209829330444,0.04713648512577302,-0.06200632777240203,0.12471992442340035,2.0721949650934546,3.3138587650929465
11.650290727615356,0.04713648512577302,-0.058718893497981234,0.1283361015625448,2.073509938130541,3.3135300215122774
11.67029619216919,0.04845145871371059,-0.06069135406147996,0.12570615455326414,2.0715374785751774,3.3141875086737413
11.691919565200806,0.04582151153641051,-0.05839015007106768,0.1289935883140274,2.07581114094715,3.3125437907710267
11.714275598526001,0.049437688903729474,-0.058718893497981234,0.1293223316896432,2.0715374785751774,3.3141875086737413
11.73580002784729,0.05009517569663083,-0.05806140664425011,0.1299798184406238,2.0721949650934546,3.3138587650929465
11.759318590164185,0.04713648512577302,-0.057403919790902924,0.14148583652880473,2.0731811948712027,3.3145162522546623
11.779472827911377,0.04779397191991984,-0.06134884091674858,0.11255641942610795,2.0731811948712027,3.3135300215122774
11.800068616867065,0.04713648512577302,-0.05839015007106768,0.15200562440630544,2.073838681389923,3.312872534351318
11.821928977966309,0.04746522852289095,-0.05773266321752854,0.16745656269906428,2.07416742464935,3.312872534351318
11.841511726379395,0.04779397191991984,-0.06003386720659601,0.11354264956533121,2.073509938130541,3.3135300215122774
11.861770868301392,0.04450653794562165,-0.05773266321752854,0.12866484493832794,2.0754823976875008,3.3135300215122774
11.883267164230347,0.04713648512577302,-0.05806140664425011,0.1293223316896432,2.0725237083526595,3.314844995835709
11.905372858047485,0.04680774172856603,-0.05608894608535969,0.12570615455326414,2.0754823976875008,3.312872534351318
11.928886651992798,0.04713648512577302,-0.05608894608535969,0.12570615455326414,2.073509938130541,3.312872534351318
11.950731992721558,0.04845145871371059,-0.0610200974890662,0.1092689856231849,2.073838681389923,3.3138587650929465
11.973215579986572,0.0481227153168597,-0.057403919790902924,0.15496431473166428,2.073838681389923,3.3145162522546623
11.995340824127197,0.04845145871371059,-0.05773266321752854,0.12570615455326414,2.0725237083526595,3.3141875086737413
12.015368223190308,0.04450653794562165,-0.055760202659213554,0.12471992442340035,2.07581114094715,3.315173739416882
12.036115646362305,0.0487802021104725,-0.05839015007106768,0.12077500389638372,2.070551248798093,3.3145162522546623
12.057140350341797,0.05042391909294819,-0.06299255805660403,0.11880254362833033,2.0718662218342936,3.311228816451122
12.078332901000977,0.049766432300224595,-0.05839015007106768,0.11946003038468526,2.0708799920570766,3.3138587650929465
12.097878456115723,0.049437688903729474,-0.05839015007106768,0.11880254362833033,2.0715374785751774,3.3125437907710267
12.119477033615112,0.04582151153641051,-0.057403919790902924,0.11847380025002636,2.0725237083526595,3.315173739416882
12.141399383544922,0.04713648512577302,-0.05773266321752854,0.11880254362833033,2.0728524516119093,3.3138587650929465
12.163728952407837,0.044177794547701404,-0.05806140664425011,0.12044626051858548,2.073509938130541,3.314844995835709
12.184996128082275,0.0481227153168597,-0.06167758434452722,0.11354264956533121,2.071208735316105,3.314844995835709
12.206238985061646,0.04253407755676096,-0.05970512377929818,0.12767861481072734,2.073509938130541,3.3135300215122774
12.228753805160522,0.04713648512577302,-0.06233507120037307,0.11617259659953523,2.0725237083526595,3.313201277931735
12.252478122711182,0.0487802021104725,-0.05839015007106768,0.1352397124364443,2.0708799920570766,3.314844995835709
12.277626514434814,0.04845145871371059,-0.06069135406147996,0.12702112805857488,2.0725237083526595,3.314844995835709
12.301637649536133,0.046150254933884804,-0.06200632777240203,0.12800735818667794,2.0725237083526595,3.314844995835709
12.326276779174805,0.04746522852289095,-0.057403919790902924,0.14181457990125707,2.074496167908821,3.3145162522546623
12.350907564163208,0.04845145871371059,-0.06134884091674858,0.13721217267937713,2.071208735316105,3.3145162522546623
12.376426458358765,0.04910894550714545,-0.05839015007106768,0.14280081001811723,2.0728524516119093,3.312872534351318
12.400660991668701,0.04680774172856603,-0.05806140664425011,0.13951337629235006,2.0728524516119093,3.3141875086737413
12.424691200256348,0.04746522852289095,-0.06134884091674858,0.131294791941582,2.0718662218342936,3.3135300215122774
12.447340726852417,0.049437688903729474,-0.058718893497981234,0.1326097654412039,2.0708799920570766,3.3145162522546623
12.471335887908936,0.04845145871371059,-0.05707517636437326,0.13688342930576294,2.0725237083526595,3.314844995835709
12.49258828163147,0.04845145871371059,-0.05839015007106768,0.1253774111767268,2.0721949650934546,3.3135300215122774
12.514522075653076,0.045164024741194464,-0.058718893497981234,0.12340495091573989,2.0725237083526595,3.314844995835709
12.534192085266113,0.04647899833126996,-0.057403919790902924,0.12143249065172759,2.0754823976875008,3.311886303610823
12.554681539535522,0.04713648512577302,-0.05839015007106768,0.1299798184406238,2.07416742464935,3.313201277931735
12.573155403137207,0.04779397191991984,-0.0603626106339899,0.10466657828481303,2.073509938130541,3.313201277931735
12.593022346496582,0.0481227153168597,-0.058718893497981234,0.10959772900385922,2.07416742464935,3.313201277931735
12.613065004348755,0.046150254933884804,-0.05608894608535969,0.12110374727409776,2.0748249111683363,3.3125437907710267
12.632798910140991,0.045164024741194464,-0.05839015007106768,0.11518636646234318,2.073838681389923,3.312215047190862
12.652046203613281,0.04845145871371059,-0.05806140664425011,0.12110374727409776,2.0728524516119093,3.313201277931735
12.672268390655518,0.0487802021104725,-0.05707517636437326,0.12044626051858548,2.0731811948712027,3.313201277931735
12.6927809715271,0.049437688903729474,-0.057403919790902924,0.12307620753861472,2.069893762280257,3.3145162522546623
12.712788581848145,0.049766432300224595,-0.05904763692499085,0.12504866780010554,2.073509938130541,3.3135300215122774
12.73250412940979,0.04713648512577302,-0.05707517636437326,0.1621966688324026,2.073838681389923,3.3138587650929465
12.753510236740112,0.0481227153168597,-0.058718893497981234,0.12439118104661122,2.0728524516119093,3.3138587650929465
12.775581359863281,0.04779397191991984,-0.0603626106339899,0.11485762308311002,2.0728524516119093,3.3138587650929465
12.799195528030396,0.04549276813884706,-0.05641768951160167,0.1293223316896432,2.0748249111683363,3.313201277931735
12.818928480148315,0.049437688903729474,-0.05937638035209647,0.1326097654412039,2.0725237083526595,3.3138587650929465
12.839195966720581,0.04680774172856603,-0.057403919790902924,0.1424720666459133,2.0728524516119093,3.3145162522546623
12.859288930892944,0.04779397191991984,-0.05839015007106768,0.14543075699277114,2.07416742464935,3.313201277931735
12.882204055786133,0.045164024741194464,-0.05707517636437326,0.1349109690623309,2.0725237083526595,3.314844995835709
12.907742261886597,0.04450653794562165,-0.05839015007106768,0.13392473893949086,2.0715374785751774,3.315173739416882
12.932968378067017,0.04779397191991984,-0.06069135406147996,0.12143249065172759,2.0721949650934546,3.3145162522546623
12.953213214874268,0.0487802021104725,-0.05937638035209647,0.1299798184406238,2.0718662218342936,3.3138587650929465
12.974883079528809,0.04845145871371059,-0.0610200974890662,0.1260348979297176,2.070551248798093,3.3141875086737413
12.99386715888977,0.04680774172856603,-0.0610200974890662,0.1293223316896432,2.0748249111683363,3.312215047190862
13.014967203140259,0.049437688903729474,-0.05773266321752854,0.1289935883140274,2.0702225055391525,3.3145162522546623
13.037084817886353,0.045164024741194464,-0.058718893497981234,0.12800735818667794,2.07416742464935,3.3138587650929465
13.05612325668335,0.0487802021104725,-0.06134884091674858,0.12044626051858548,2.071208735316105,3.3145162522546623
13.075598955154419,0.0487802021104725,-0.05707517636437326,0.12570615455326414,2.0702225055391525,3.314844995835709
13.09612512588501,0.04680774172856603,-0.05773266321752854,0.15397808462394974,2.073838681389923,3.3141875086737413
13.117014408111572,0.0481227153168597,-0.06167758434452722,0.11847380025002636,2.0715374785751774,3.3145162522546623
13.137953281402588,0.04746522852289095,-0.05773266321752854,0.12570615455326414,2.0721949650934546,3.315173739416882
13.15718412399292,0.04713648512577302,-0.058718893497981234,0.12044626051858548,2.0725237083526595,3.3138587650929465
13.177726030349731,0.04845145871371059,-0.05904763692499085,0.1220899774067348,2.0725237083526595,3.3141875086737413
13.197839736938477,0.04845145871371059,-0.06134884091674858,0.12110374727409776,2.0715374785751774,3.3141875086737413
13.21834945678711,0.04779397191991984,-0.05806140664425011,0.1345822256881342,2.0728524516119093,3.315173739416882
13.238867998123169,0.04746522852289095,-0.057403919790902924,0.1303085618159887,2.0721949650934546,3.314844995835709
13.258870363235474,0.04746522852289095,-0.06134884091674858,0.10828275548065208,2.0708799920570766,3.315502482998181
13.282810926437378,0.04746522852289095,-0.05806140664425011,0.12702112805857488,2.0728524516119093,3.3141875086737413
13.305729150772095,0.045164024741194464,-0.05773266321752854,0.1299798184406238,2.0748249111683363,3.3141875086737413
13.32982611656189,0.04680774172856603,-0.05773266321752854,0.16811404943093466,2.07416742464935,3.313201277931735
13.353471040725708,0.04680774172856603,-0.05839015007106768,0.14740321722029226,2.07416742464935,3.3135300215122774
13.377660751342773,0.04746522852289095,-0.05839015007106768,0.1319522786915599,2.0725237083526595,3.3138587650929465
13.401891469955444,0.046150254933884804,-0.057403919790902924,0.1621966688324026,2.074496167908821,3.313201277931735
13.425161838531494,0.04910894550714545,-0.06003386720659601,0.1326097654412039,2.0725237083526595,3.3135300215122774
13.448840618133545,0.04746522852289095,-0.06069135406147996,0.1335959955650442,2.0725237083526595,3.3125437907710267
13.472015619277954,0.04680774172856603,-0.05707517636437326,0.14773196059125704,2.0728524516119093,3.3141875086737413
13.494624137878418,0.049766432300224595,-0.058718893497981234,0.14181457990125707,2.0731811948712027,3.3135300215122774
13.518150806427002,0.04779397191991984,-0.06496501862760906,0.1352397124364443,2.071208735316105,3.314844995835709
13.540027141571045,0.04845145871371059,-0.06167758434452722,0.1303085618159887,2.071208735316105,3.3145162522546623
13.562610387802124,0.04713648512577302,-0.05806140664425011,0.13655468593206563,2.074496167908821,3.313201277931735
13.58260726928711,0.04746522852289095,-0.0610200974890662,0.1165013399784302,2.0721949650934546,3.3145162522546623
13.603046655654907,0.044835281343452646,-0.05707517636437326,0.1260348979297176,2.0751536544278966,3.3138587650929465
13.62375283241272,0.04910894550714545,-0.05806140664425011,0.12636364130608718,2.0731811948712027,3.3125437907710267
13.645197868347168,0.0481227153168597,-0.0610200974890662,0.11354264956533121,2.0718662218342936,3.314844995835709
13.664366960525513,0.04845145871371059,-0.0610200974890662,0.11222767604619739,2.0721949650934546,3.314844995835709
13.684789419174194,0.04845145871371059,-0.05806140664425011,0.12504866780010554,2.073509938130541,3.3135300215122774
13.704926013946533,0.04746522852289095,-0.058718893497981234,0.1424720666459133,2.0731811948712027,3.314844995835709
13.72478461265564,0.04680774172856603,-0.05773266321752854,0.1388558895462016,2.0731811948712027,3.3141875086737413
13.74479079246521,0.04845145871371059,-0.058718893497981234,0.123733694292781,2.071208735316105,3.3145162522546623
13.764791011810303,0.04549276813884706,-0.05641768951160167,0.12307620753861472,2.0764686274665807,3.313201277931735
13.783788919448853,0.04549276813884706,-0.05707517636437326,0.12340495091573989,2.0761398842068433,3.3125437907710267
13.804645299911499,0.04713648512577302,-0.05806140664425011,0.12471992442340035,2.0728524516119093,3.3138587650929465
13.824811458587646,0.049437688903729474,-0.058718893497981234,0.1253774111767268,2.0731811948712027,3.3125437907710267
13.844438314437866,0.04352030775159314,-0.06069135406147996,0.11288516280593376,2.071208735316105,3.3138587650929465
13.864439725875854,0.04845145871371059,-0.06134884091674858,0.11913128700654996,2.0715374785751774,3.3145162522546623
13.883948802947998,0.049766432300224595,-0.058718893497981234,0.12669238468237293,2.0728524516119093,3.315502482998181
13.90303635597229,0.046150254933884804,-0.05608894608535969,0.127349871434693,2.0754823976875008,3.313201277931735
13.923554182052612,0.04845145871371059,-0.06069135406147996,0.11913128700654996,2.0721949650934546,3.315502482998181
13.942529201507568,0.0481227153168597,-0.05806140664425011,0.13293850881590075,2.0725237083526595,3.3145162522546623
13.962530612945557,0.0481227153168597,-0.05839015007106768,0.1326097654412039,2.073838681389923,3.3125437907710267
13.982051610946655,0.03990413036660827,-0.05641768951160167,0.1342534823138542,2.07581114094715,3.3125437907710267
14.003792524337769,0.04450653794562165,-0.057403919790902924,0.1345822256881342,2.0761398842068433,3.3125437907710267
14.023592472076416,0.0487802021104725,-0.05806140664425011,0.1352397124364443,2.0715374785751774,3.3138587650929465
14.043524980545044,0.04450653794562165,-0.05773266321752854,0.1352397124364443,2.0728524516119093,3.315173739416882
14.06419324874878,0.0487802021104725,-0.05904763692499085,0.1352397124364443,2.073838681389923,3.312872534351318
14.083210706710815,0.04845145871371059,-0.06266381462844045,0.1253774111767268,2.0718662218342936,3.314844995835709
14.104736566543579,0.049766432300224595,-0.05839015007106768,0.1319522786915599,2.0728524516119093,3.3135300215122774
14.12548828125,0.049437688903729474,-0.05970512377929818,0.1326097654412039,2.071208735316105,3.3145162522546623
14.147714614868164,0.046150254933884804,-0.05904763692499085,0.11485762308311002,2.073838681389923,3.313201277931735
14.168495893478394,0.05009517569663083,-0.05839015007106768,0.1303085618159887,2.0702225055391525,3.3145162522546623
14.188584327697754,0.04319156435340507,-0.05773266321752854,0.1299798184406238,2.07416742464935,3.3145162522546623
14.208648443222046,0.049766432300224595,-0.058718893497981234,0.12800735818667794,2.0715374785751774,3.315502482998181
14.229072332382202,0.04582151153641051,-0.05773266321752854,0.15595054483864113,2.073838681389923,3.3141875086737413
14.248600721359253,0.04713648512577302,-0.05641768951160167,0.1253774111767268,2.074496167908821,3.312872534351318
14.267956018447876,0.04713648512577302,-0.05839015007106768,0.11058395914537254,2.074496167908821,3.313201277931735
14.287489891052246,0.049437688903729474,-0.05937638035209647,0.12340495091573989,2.073509938130541,3.3138587650929465
14.307635307312012,0.04845145871371059,-0.057403919790902924,0.12570615455326414,2.073509938130541,3.3141875086737413
14.327934265136719,0.04384905114969191,-0.05641768951160167,0.1253774111767268,2.07581114094715,3.3135300215122774
14.35263705253601,0.046150254933884804,-0.05641768951160167,0.12504866780010554,2.0751536544278966,3.312215047190862
14.372636318206787,0.046150254933884804,-0.05773266321752854,0.1260348979297176,2.0708799920570766,3.314844995835709
14.394252061843872,0.046150254933884804,-0.05839015007106768,0.1253774111767268,2.073838681389923,3.312872534351318
14.416512966156006,0.044835281343452646,-0.05904763692499085,0.12866484493832794,2.0754823976875008,3.3141875086737413
14.439680099487305,0.044835281343452646,-0.05674643293793952,0.1289935883140274,2.0751536544278966,3.3135300215122774
14.46155309677124,0.046150254933884804,-0.05839015007106768,0.11715882673596666,2.074496167908821,3.312215047190862
14.483067989349365,0.044177794547701404,-0.057403919790902924,0.1299798184406238,2.073838681389923,3.314844995835709
14.503552913665771,0.0481227153168597,-0.0610200974890662,0.12044626051858548,2.0721949650934546,3.314844995835709
14.524370193481445,0.04746522852289095,-0.057403919790902924,0.1349109690623309,2.0718662218342936,3.315502482998181
14.545263051986694,0.04779397191991984,-0.0610200974890662,0.12340495091573989,2.071208735316105,3.3125437907710267
14.564829111099243,0.04647899833126996,-0.05970512377929818,0.11814505687163804,2.0748249111683363,3.313201277931735
14.58604121208191,0.049437688903729474,-0.05937638035209647,0.1319522786915599,2.0718662218342936,3.3141875086737413
14.606674194335938,0.04647899833126996,-0.058718893497981234,0.1309660485664678,2.0731811948712027,3.312872534351318
14.626204013824463,0.04910894550714545,-0.05773266321752854,0.1303085618159887,2.0718662218342936,3.3138587650929465
14.646837711334229,0.0481227153168597,-0.05806140664425011,0.1309660485664678,2.0728524516119093,3.3164887137428347
14.667622327804565,0.04647899833126996,-0.055760202659213554,0.12800735818667794,2.0754823976875008,3.312872534351318
14.687206029891968,0.04779397191991984,-0.05937638035209647,0.10236537460936332,2.073838681389923,3.313201277931735
14.707208395004272,0.04779397191991984,-0.05806140664425011,0.14017086303816662,2.073838681389923,3.313201277931735
14.72655177116394,0.04779397191991984,-0.06200632777240203,0.11321390618567484,2.0718662218342936,3.3145162522546623
14.747254848480225,0.04713648512577302,-0.058718893497981234,0.11420013632438991,2.074496167908821,3.314844995835709
14.766256332397461,0.04746522852289095,-0.05773266321752854,0.12669238468237293,2.071208735316105,3.315173739416882
14.785517930984497,0.04746522852289095,-0.06069135406147996,0.1227474641614055,2.0718662218342936,3.3145162522546623
14.804957628250122,0.04845145871371059,-0.06003386720659601,0.1224187207841122,2.0718662218342936,3.3141875086737413
14.824706315994263,0.0481227153168597,-0.05773266321752854,0.12669238468237293,2.0725237083526595,3.314844995835709
14.845032453536987,0.049766432300224595,-0.06003386720659601,0.127349871434693,2.073509938130541,3.312872534351318
14.864209175109863,0.04713648512577302,-0.05773266321752854,0.12767861481072734,2.0725237083526595,3.3145162522546623
14.886169195175171,0.044835281343452646,-0.05674643293793952,0.12800735818667794,2.07581114094715,3.3145162522546623
14.909796953201294,0.04549276813884706,-0.057403919790902924,0.12866484493832794,2.0728524516119093,3.3141875086737413
14.933705806732178,0.04779397191991984,-0.06003386720659601,0.12636364130608718,2.0721949650934546,3.3138587650929465
14.957073450088501,0.04450653794562165,-0.05806140664425011,0.1289935883140274,2.0748249111683363,3.3135300215122774
14.979193687438965,0.04746522852289095,-0.057403919790902924,0.15430682799326992,2.073509938130541,3.3138587650929465
15.000722885131836,0.04910894550714545,-0.06069135406147996,0.1316235353166127,2.073509938130541,3.312872534351318
15.021407127380371,0.04352030775159314,-0.05674643293793952,0.1316235353166127,2.07581114094715,3.313201277931735
15.042739868164062,0.04680774172856603,-0.05674643293793952,0.13063730519127004,2.0748249111683363,3.312872534351318
15.062758445739746,0.04779397191991984,-0.058718893497981234,0.1316235353166127,2.071208735316105,3.3158312265796064
15.082263231277466,0.04549276813884706,-0.055760202659213554,0.13063730519127004,2.0761398842068433,3.311886303610823
15.102407932281494,0.04845145871371059,-0.06069135406147996,0.1293223316896432,2.0708799920570766,3.313201277931735
15.12293267250061,0.04647899833126996,-0.05641768951160167,0.12965107506517531,2.07581114094715,3.312872534351318
15.145474910736084,0.04746522852289095,-0.06167758434452722,0.11946003038468526,2.0718662218342936,3.3161599701611575
15.16629409790039,0.04910894550714545,-0.05970512377929818,0.12866484493832794,2.0708799920570766,3.314844995835709
15.185737609863281,0.04845145871371059,-0.05937638035209647,0.1283361015625448,2.073509938130541,3.312215047190862
15.20627474784851,0.049766432300224595,-0.05904763692499085,0.12636364130608718,2.0708799920570766,3.3145162522546623
15.226458072662354,0.04779397191991984,-0.05773266321752854,0.131294791941582,2.0725237083526595,3.3141875086737413
15.24648928642273,0.04647899833126996,-0.05806140664425011,0.1362259425582851,2.0731811948712027,3.3141875086737413
15.266902923583984,0.04910894550714545,-0.05937638035209647,0.12471992442340035,2.0721949650934546,3.3141875086737413
15.286831378936768,0.049766432300224595,-0.05806140664425011,0.1253774111767268,2.0708799920570766,3.314844995835709
15.306844234466553,0.03990413036660827,-0.05839015007106768,0.11452887970379227,2.07416742464935,3.312872534351318
15.326357126235962,0.04746522852289095,-0.06003386720659601,0.123733694292781,2.0725237083526595,3.313201277931735
15.345557451248169,0.046150254933884804,-0.05608894608535969,0.12636364130608718,2.07581114094715,3.313201277931735
15.364999055862427,0.04713648512577302,-0.058718893497981234,0.12471992442340035,2.0725237083526595,3.3141875086737413
15.38455605506897,0.04582151153641051,-0.055760202659213554,0.127349871434693,2.07581114094715,3.312872534351318
15.403538942337036,0.04450653794562165,-0.06430753177022186,0.12767861481072734,2.0748249111683363,3.3138587650929465
15.423381328582764,0.04779397191991984,-0.06003386720659601,0.11551510984149174,2.07416742464935,3.312872534351318
15.44501781463623,0.049766432300224595,-0.05707517636437326,0.1289935883140274,2.071208735316105,3.314844995835709
15.465872764587402,0.04746522852289095,-0.057403919790902924,0.13228102206642361,2.0728524516119093,3.314844995835709
15.48686408996582,0.04779397191991984,-0.0610200974890662,0.11518636646234318,2.0725237083526595,3.3145162522546623
15.507666826248169,0.049766432300224595,-0.05806140664425011,0.12965107506517531,2.071208735316105,3.3138587650929465
15.528074026107788,0.04779397191991984,-0.05970512377929818,0.12702112805857488,2.0728524516119093,3.3138587650929465
15.548419713973999,0.0481227153168597,-0.06069135406147996,0.1165013399784302,2.0721949650934546,3.314844995835709
15.569320678710938,0.04319156435340507,-0.06134884091674858,0.1227474641614055,2.0715374785751774,3.3145162522546623
15.588879823684692,0.04713648512577302,-0.05806140664425011,0.12866484493832794,2.073509938130541,3.313201277931735
15.608845710754395,0.0481227153168597,-0.057403919790902924,0.15792300505038429,2.073509938130541,3.3135300215122774
15.629696130752563,0.04713648512577302,-0.05904763692499085,0.1648266157683354,2.07416742464935,3.3135300215122774
15.649285554885864,0.04450653794562165,-0.0610200974890662,0.11157018928612192,2.0731811948712027,3.3145162522546623
15.67034387588501,0.04549276813884706,-0.05773266321752854,0.1227474641614055,2.071208735316105,3.315502482998181
15.689748048782349,0.044835281343452646,-0.05674643293793952,0.11913128700654996,2.0754823976875008,3.312872534351318
15.710161209106445,0.0487802021104725,-0.05839015007106768,0.11880254362833033,2.070551248798093,3.314844995835709
15.729965686798096,0.04746522852289095,-0.057403919790902924,0.15233436777611808,2.07416742464935,3.313201277931735
15.750271558761597,0.044177794547701404,-0.05707517636437326,0.11715882673596666,2.07581114094715,3.312872534351318
15.770707607269287,0.04845145871371059,-0.05773266321752854,0.11847380025002636,2.0725237083526595,3.3135300215122774
15.791114568710327,0.046150254933884804,-0.05806140664425011,0.15759426168196497,2.07416742464935,3.3145162522546623
15.810748100280762,0.04746522852289095,-0.06069135406147996,0.10466657828481303,2.0725237083526595,3.313201277931735
15.831343173980713,0.04779397191991984,-0.058718893497981234,0.12439118104661122,2.0725237083526595,3.3135300215122774
15.851320505142212,0.04713648512577302,-0.0610200974890662,0.11683008335724065,2.0721949650934546,3.3164887137428347
15.87136435508728,0.046150254933884804,-0.05773266321752854,0.13228102206642361,2.071208735316105,3.314844995835709
15.890875816345215,0.04746522852289095,-0.057403919790902924,0.13951337629235006,2.0728524516119093,3.3141875086737413
15.911638975143433,0.0487802021104725,-0.05839015007106768,0.1349109690623309,2.0715374785751774,3.3158312265796064
15.931302070617676,0.04845145871371059,-0.06003386720659601,0.12077500389638372,2.073509938130541,3.3135300215122774
15.951816320419312,0.04779397191991984,-0.057403919790902924,0.14148583652880473,2.0728524516119093,3.3141875086737413
15.971174716949463,0.046150254933884804,-0.05806140664425011,0.13655468593206563,2.07581114094715,3.312872534351318
15.990695714950562,0.046150254933884804,-0.057403919790902924,0.13721217267937713,2.0715374785751774,3.314844995835709
16.00970435142517,0.04746522852289095,-0.05806140664425011,0.1375409160529082,2.0748249111683363,3.312872534351318
16.029225826263428,0.04779397191991984,-0.05839015007106768,0.13293850881590075,2.0731811948712027,3.3135300215122774
16.048953771591187,0.044177794547701404,-0.05707517636437326,0.13228102206642361,2.07581114094715,3.313201277931735
16.068954944610596,0.04713648512577302,-0.05608894608535969,0.1289935883140274,2.074496167908821,3.313201277931735
16.092467308044434,0.046150254933884804,-0.05839015007106768,0.12800735818667794,2.071208735316105,3.3138587650929465
16.11378049850464,0.044835281343452646,-0.05608894608535969,0.12504866780010554,2.0754823976875008,3.313201277931735
16.13386845588684,0.04450653794562165,-0.05707517636437326,0.12504866780010554,2.0748249111683363,3.3141875086737413
16.153364658355713,0.04910894550714545,-0.0603626106339899,0.120117517140703,2.0718662218342936,3.3141875086737413
16.17460799217224,0.049766432300224595,-0.05773266321752854,0.1224187207841122,2.0721949650934546,3.3138587650929465
16.197142839431763,0.0487802021104725,-0.05904763692499085,0.1224187207841122,2.0728524516119093,3.3135300215122774
16.21922516822815,0.0481227153168597,-0.06726622263150323,0.10828275548065208,2.0715374785751774,3.3138587650929465
16.24247121810913,0.044835281343452646,-0.057403919790902924,0.120117517140703,2.0748249111683363,3.3141875086737413
16.263397693634033,0.04746522852289095,-0.05773266321752854,0.13556845581047447,2.0728524516119093,3.3141875086737413
16.287075757980347,0.04746522852289095,-0.06134884091674858,0.10631029519328995,2.0728524516119093,3.313201277931735
16.3095121383667,0.04713648512577302,-0.05707517636437326,0.12176123402927327,2.073509938130541,3.313201277931735
16.33114218711853,0.049766432300224595,-0.05839015007106768,0.12570615455326414,2.0731811948712027,3.312872534351318
16.35214138031006,0.04746522852289095,-0.058718893497981234,0.13688342930576294,2.0748249111683363,3.312872534351318
16.371158599853516,0.049437688903729474,-0.05904763692499085,0.12767861481072734,2.070551248798093,3.3141875086737413
16.391230821609497,0.044835281343452646,-0.05773266321752854,0.1293223316896432,2.0731811948712027,3.314844995835709
16.4098641872406,0.0481227153168597,-0.05839015007106768,0.131294791941582,2.073509938130541,3.3135300215122774
16.430357694625854,0.04582151153641051,-0.05773266321752854,0.1303085618159887,2.071208735316105,3.312872534351318
16.452017307281494,0.045164024741194464,-0.058718893497981234,0.131294791941582,2.0721949650934546,3.315502482998181
16.471016883850098,0.04450653794562165,-0.05707517636437326,0.12965107506517531,2.0731811948712027,3.315173739416882
16.489602088928223,0.04779397191991984,-0.05839015007106768,0.13556845581047447,2.0721949650934546,3.314844995835709
16.509023189544678,0.04713648512577302,-0.05904763692499085,0.1349109690623309,2.0725237083526595,3.314844995835709
16.52807331085205,0.04647899833126996,-0.0610200974890662,0.11584385322055575,2.0728524516119093,3.3135300215122774
16.547633171081543,0.046150254933884804,-0.05806140664425011,0.13063730519127004,2.071208735316105,3.315173739416882
16.56672763824463,0.04779397191991984,-0.05773266321752854,0.15003316418570356,2.073509938130541,3.314844995835709
16.585371732711792,0.04845145871371059,-0.05806140664425011,0.12965107506517531,2.0725237083526595,3.313201277931735
16.605353593826294,0.0487802021104725,-0.06069135406147996,0.11255641942610795,2.0728524516119093,3.3125437907710267
16.62502646446228,0.045164024741194464,-0.05608894608535969,0.12767861481072734,2.07581114094715,3.3135300215122774
16.646536350250244,0.04713648512577302,-0.05674643293793952,0.12471992442340035,2.073509938130541,3.3135300215122774
16.666536808013916,0.04779397191991984,-0.05806140664425011,0.12340495091573989,2.071208735316105,3.312872534351318
16.686537504196167,0.04713648512577302,-0.058718893497981234,0.1388558895462016,2.07416742464935,3.312872534351318
16.708078145980835,0.04779397191991984,-0.06003386720659601,0.10795401209963777,2.0725237083526595,3.312872534351318
16.72856640815735,0.0481227153168597,-0.05904763692499085,0.14312955339023842,2.0725237083526595,3.3164887137428347
16.748127698898315,0.0487802021104725,-0.05839015007106768,0.12471992442340035,2.0731811948712027,3.312872534351318
16.77111005783081,0.04713648512577302,-0.05839015007106768,0.123733694292781,2.07416742464935,3.313201277931735
16.7908673286438,0.04910894550714545,-0.05773266321752854,0.12504866780010554,2.0728524516119093,3.312872534351318
16.81197500228882,0.04746522852289095,-0.05839015007106768,0.11288516280593376,2.073838681389923,3.312872534351318
16.833566665649414,0.0481227153168597,-0.06134884091674858,0.1174875701146082,2.071208735316105,3.3145162522546623
16.854099988937378,0.04845145871371059,-0.05806140664425011,0.12702112805857488,2.0725237083526595,3.3135300215122774
16.874091148376465,0.04647899833126996,-0.0610200974890662,0.11584385322055575,2.0721949650934546,3.3141875086737413
16.895601987838745,0.04746522852289095,-0.0603626106339899,0.12340495091573989,2.071208735316105,3.3145162522546623
16.917614698410034,0.0487802021104725,-0.05806140664425011,0.1299798184406238,2.069893762280257,3.3141875086737413
16.94077491760254,0.045164024741194464,-0.05674643293793952,0.1303085618159887,2.074496167908821,3.3135300215122774
16.96170711517334,0.04746522852289095,-0.05806140664425011,0.1326097654412039,2.0725237083526595,3.314844995835709
16.981689453125,0.04549276813884706,-0.05904763692499085,0.1316235353166127,2.0725237083526595,3.3138587650929465
17.002568244934082,0.04779397191991984,-0.06266381462844045,0.12340495091573989,2.0708799920570766,3.314844995835709
17.023542881011963,0.04779397191991984,-0.05904763692499085,0.15200562440630544,2.074496167908821,3.312872534351318
17.044243097305298,0.045164024741194464,-0.05806140664425011,0.1309660485664678,2.0718662218342936,3.315173739416882
17.06492590904236,0.0481227153168597,-0.05806140664425011,0.1303085618159887,2.0718662218342936,3.3138587650929465
17.085289239883423,0.049437688903729474,-0.05839015007106768,0.12965107506517531,2.073509938130541,3.3125437907710267
17.106232404708862,0.04713648512577302,-0.06134884091674858,0.1227474641614055,2.0708799920570766,3.3141875086737413
17.126622676849365,0.04713648512577302,-0.05839015007106768,0.12767861481072734,2.071208735316105,3.3135300215122774
17.14735722541809,0.04680774172856603,-0.05937638035209647,0.1240624376697381,2.0725237083526595,3.314844995835709
17.166699647903442,0.04779397191991984,-0.057403919790902924,0.1289935883140274,2.0725237083526595,3.314844995835709
17.18687081336975,0.044835281343452646,-0.05773266321752854,0.13326725219051416,2.0748249111683363,3.3145162522546623
17.206979990005493,0.0487802021104725,-0.06134884091674858,0.12110374727409776,2.071208735316105,3.3138587650929465
17.22622323036194,0.04845145871371059,-0.05937638035209647,0.12702112805857488,2.0728524516119093,3.312872534351318
17.246131896972656,0.04582151153641051,-0.05806140664425011,0.1283361015625448,2.0715374785751774,3.3141875086737413
17.266053676605225,0.049437688903729474,-0.058718893497981234,0.1253774111767268,2.0731811948712027,3.313201277931735
17.285088300704956,0.04910894550714545,-0.05904763692499085,0.12669238468237293,2.073509938130541,3.3135300215122774
17.30420207977295,0.04582151153641051,-0.05641768951160167,0.12702112805857488,2.0754823976875008,3.3125437907710267
17.324235677719116,0.0481227153168597,-0.05773266321752854,0.12965107506517531,2.070551248798093,3.315173739416882
17.343506813049316,0.0487802021104725,-0.05904763692499085,0.12965107506517531,2.073838681389923,3.3125437907710267
17.362773895263672,0.04746522852289095,-0.05806140664425011,0.13063730519127004,2.0721949650934546,3.312215047190862
17.38211679458618,0.049766432300224595,-0.05806140664425011,0.1283361015625448,2.0708799920570766,3.3145162522546623
17.401113271713257,0.049766432300224595,-0.05839015007106768,0.12702112805857488,2.070551248798093,3.314844995835709
17.421114444732666,0.04746522852289095,-0.06167758434452722,0.11946003038468526,2.071208735316105,3.315173739416882
17.439928770065308,0.044177794547701404,-0.05641768951160167,0.12570615455326414,2.0748249111683363,3.3141875086737413
17.4603910446167,0.04352030775159314,-0.057403919790902924,0.12669238468237293,2.073509938130541,3.3135300215122774
17.479848384857178,0.04910894550714545,-0.05839015007106768,0.12702112805857488,2.070551248798093,3.3145162522546623
17.499717712402344,0.04582151153641051,-0.05608894608535969,0.12570615455326414,2.0754823976875008,3.313201277931735
17.518754243850708,0.04713648512577302,-0.058718893497981234,0.10795401209963777,2.073509938130541,3.312872534351318
17.538254976272583,0.04680774172856603,-0.05839015007106768,0.16055295199479708,2.0728524516119093,3.3138587650929465
17.557388305664062,0.0481227153168597,-0.06167758434452722,0.11124144590595697,2.071208735316105,3.3135300215122774
17.576890468597412,0.0487802021104725,-0.05904763692499085,0.12471992442340035,2.0728524516119093,3.3138587650929465
17.59689450263977,0.04779397191991984,-0.057403919790902924,0.12866484493832794,2.0725237083526595,3.3138587650929465
17.616899013519287,0.05042391909294819,-0.058718893497981234,0.123733694292781,2.0718662218342936,3.3138587650929465
17.636409282684326,0.0481227153168597,-0.058718893497981234,0.1260348979297176,2.0718662218342936,3.3145162522546623
17.6559157371521,0.04746522852289095,-0.05608894608535969,0.123733694292781,2.07416742464935,3.3125437907710267
17.67511796951294,0.04549276813884706,-0.05707517636437326,0.1240624376697381,2.0748249111683363,3.3125437907710267
17.69763207435608,0.04746522852289095,-0.05904763692499085,0.12340495091573989,2.0715374785751774,3.3138587650929465
17.71662998199463,0.044177794547701404,-0.058718893497981234,0.1260348979297176,2.069893762280257,3.314844995835709
17.735312700271606,0.04746522852289095,-0.05608894608535969,0.12471992442340035,2.0731811948712027,3.312215047190862
17.75431227684021,0.042862820955127695,-0.057403919790902924,0.12636364130608718,2.0725237083526595,3.3141875086737413
17.77331256866455,0.04746522852289095,-0.05806140664425011,0.11880254362833033,2.073838681389923,3.311886303610823
17.791823387145996,0.04647899833126996,-0.05806140664425011,0.127349871434693,2.071208735316105,3.315173739416882
17.810848474502563,0.04450653794562165,-0.055760202659213554,0.127349871434693,2.0751536544278966,3.3125437907710267
17.830074548721313,0.04384905114969191,-0.05674643293793952,0.12767861481072734,2.0748249111683363,3.315502482998181
17.849128484725952,0.04647899833126996,-0.05608894608535969,0.12702112805857488,2.074496167908821,3.3125437907710267
17.86911177635193,0.0481227153168597,-0.06200632777240203,0.11584385322055575,2.0708799920570766,3.314844995835709
17.889710426330566,0.0487802021104725,-0.05839015007106768,0.12636364130608718,2.0708799920570766,3.3138587650929465
17.912981510162354,0.04549276813884706,-0.05839015007106768,0.1316235353166127,2.0748249111683363,3.312872534351318
17.935572147369385,0.04549276813884706,-0.05707517636437326,0.12767861481072734,2.0751536544278966,3.3135300215122774
17.95857882499695,0.0487802021104725,-0.05970512377929818,0.10565280843015483,2.0728524516119093,3.3125437907710267
17.97957944869995,0.05042391909294819,-0.05806140664425011,0.127349871434693,2.071208735316105,3.313201277931735
18.000133991241455,0.04845145871371059,-0.06134884091674858,0.11683008335724065,2.071208735316105,3.3145162522546623
18.020143747329712,0.04845145871371059,-0.0603626106339899,0.12471992442340035,2.0715374785751774,3.3141875086737413
18.042644023895264,0.046150254933884804,-0.05937638035209647,0.12504866780010554,2.0702225055391525,3.315173739416882
18.064728021621704,0.04450653794562165,-0.05806140664425011,0.1253774111767268,2.0731811948712027,3.3138587650929465
18.087311506271362,0.04845145871371059,-0.06332130148486398,0.11814505687163804,2.0702225055391525,3.314844995835709
18.108565092086792,0.04746522852289095,-0.05839015007106768,0.12471992442340035,2.0728524516119093,3.3138587650929465
18.130093336105347,0.049437688903729474,-0.05806140664425011,0.1253774111767268,2.0725237083526595,3.312872534351318
18.14961576461792,0.04713648512577302,-0.05773266321752854,0.13392473893949086,2.073838681389923,3.312872534351318
18.17160654067993,0.049437688903729474,-0.05806140664425011,0.1253774111767268,2.0725237083526595,3.313201277931735
18.191211700439453,0.05009517569663083,-0.05839015007106768,0.1260348979297176,2.0731811948712027,3.3125437907710267
18.214236974716187,0.04713648512577302,-0.05641768951160167,0.1253774111767268,2.073509938130541,3.3125437907710267
18.23870825767517,0.04746522852289095,-0.05839015007106768,0.11420013632438991,2.073509938130541,3.313201277931735
18.264174222946167,0.04845145871371059,-0.06134884091674858,0.11222767604619739,2.0715374785751774,3.312872534351318
18.28876304626465,0.04450653794562165,-0.05707517636437326,0.12767861481072734,2.0754823976875008,3.312872534351318
18.310067653656006,0.04746522852289095,-0.06069135406147996,0.11157018928612192,2.0721949650934546,3.3135300215122774
18.329665422439575,0.0481227153168597,-0.06069135406147996,0.1283361015625448,2.0715374785751774,3.3138587650929465
18.348665952682495,0.04319156435340507,-0.057403919790902924,0.1299798184406238,2.073509938130541,3.3138587650929465
18.367666244506836,0.0487802021104725,-0.05904763692499085,0.12965107506517531,2.0728524516119093,3.312872534351318
18.386669158935547,0.04450653794562165,-0.05674643293793952,0.1293223316896432,2.074496167908821,3.3141875086737413
18.406179428100586,0.049766432300224595,-0.05839015007106768,0.1289935883140274,2.069893762280257,3.3141875086737413
18.4246985912323,0.04910894550714545,-0.058718893497981234,0.1299798184406238,2.0725237083526595,3.313201277931735
18.44399070739746,0.04713648512577302,-0.057403919790902924,0.15726551831346386,2.073509938130541,3.3145162522546623
18.463181018829346,0.04680774172856603,-0.05839015007106768,0.1303085618159887,2.0715374785751774,3.3145162522546623
18.485398054122925,0.049766432300224595,-0.05904763692499085,0.1289935883140274,2.0708799920570766,3.3145162522546623
18.507501125335693,0.04450653794562165,-0.05674643293793952,0.127349871434693,2.07416742464935,3.3135300215122774
18.531216382980347,0.04779397191991984,-0.05806140664425011,0.1424720666459133,2.073509938130541,3.3138587650929465
18.551214456558228,0.049437688903729474,-0.05839015007106768,0.12702112805857488,2.0721949650934546,3.3135300215122774
18.571212768554688,0.04779397191991984,-0.05904763692499085,0.10795401209963777,2.0731811948712027,3.3138587650929465
18.59273338317871,0.04647899833126996,-0.05543145923316328,0.12340495091573989,2.074496167908821,3.3135300215122774
18.615354537963867,0.04779397191991984,-0.058718893497981234,0.123733694292781,2.0702225055391525,3.314844995835709
18.63881778717041,0.044835281343452646,-0.05674643293793952,0.12110374727409776,2.0748249111683363,3.3135300215122774
18.658823251724243,0.049437688903729474,-0.05806140664425011,0.11913128700654996,2.0728524516119093,3.3125437907710267
18.678901433944702,0.04845145871371059,-0.058718893497981234,0.11222767604619739,2.0689075325038346,3.315173739416882
18.69945979118347,0.04746522852289095,-0.057403919790902924,0.11847380025002636,2.0725237083526595,3.313201277931735
18.719470739364624,0.04713648512577302,-0.05641768951160167,0.11847380025002636,2.0725237083526595,3.312872534351318
18.740249633789062,0.04549276813884706,-0.05641768951160167,0.12176123402927327,2.0748249111683363,3.313201277931735
18.76286005973816,0.04319156435340507,-0.057403919790902924,0.12471992442340035,2.073509938130541,3.3141875086737413
18.785374879837036,0.0481227153168597,-0.05839015007106768,0.11781631349316532,2.0728524516119093,3.312872534351318
18.807380199432373,0.04746522852289095,-0.05937638035209647,0.1309660485664678,2.0715374785751774,3.3141875086737413
18.82896327972412,0.04845145871371059,-0.05904763692499085,0.13228102206642361,2.0721949650934546,3.313201277931735
18.85011577606201,0.04647899833126996,-0.05970512377929818,0.13228102206642361,2.073509938130541,3.313201277931735
18.87027621269226,0.04779397191991984,-0.05707517636437326,0.15529305810073848,2.0728524516119093,3.3135300215122774
18.8897864818573,0.04779397191991984,-0.0610200974890662,0.1174875701146082,2.0708799920570766,3.3141875086737413
18.907793760299683,0.04384905114969191,-0.05839015007106768,0.1227474641614055,2.0715374785751774,3.314844995835709
18.9273042678833,0.04845145871371059,-0.05937638035209647,0.10170788784418064,2.0728524516119093,3.313201277931735
18.945841073989868,0.04779397191991984,-0.0603626106339899,0.1138713929449029,2.0708799920570766,3.315173739416882
18.96581792831421,0.0481227153168597,-0.06299255805660403,0.10992647238444858,2.0702225055391525,3.314844995835709
18.987364530563354,0.04647899833126996,-0.05608894608535969,0.11880254362833033,2.074496167908821,3.312215047190862
19.010370016098022,0.04582151153641051,-0.06266381462844045,0.09414679001996451,2.0728524516119093,3.312872534351318
19.03339648246765,0.04549276813884706,-0.05806140664425011,0.11715882673596666,2.0702225055391525,3.3141875086737413
19.054391622543335,0.049766432300224595,-0.05904763692499085,0.1220899774067348,2.0725237083526595,3.312872534351318
19.077083826065063,0.04713648512577302,-0.0603626106339899,0.1220899774067348,2.0689075325038346,3.314844995835709
19.099524974822998,0.04680774172856603,-0.06003386720659601,0.10828275548065208,2.0718662218342936,3.313201277931735
19.121623516082764,0.04582151153641051,-0.058718893497981234,0.12504866780010554,2.0715374785751774,3.3135300215122774
19.142650365829468,0.05075266248917672,-0.05937638035209647,0.1253774111767268,2.069236275762598,3.3138587650929465
19.165650606155396,0.049766432300224595,-0.05806140664425011,0.131294791941582,2.0718662218342936,3.3138587650929465
19.188279390335083,0.04713648512577302,-0.06003386720659601,0.12866484493832794,2.070551248798093,3.3145162522546623
19.210554361343384,0.04746522852289095,-0.0610200974890662,0.12471992442340035,2.0702225055391525,3.3138587650929465
19.233222246170044,0.04779397191991984,-0.058718893497981234,0.13392473893949086,2.0718662218342936,3.3135300215122774
19.25629997253418,0.0487802021104725,-0.06069135406147996,0.1227474641614055,2.069893762280257,3.3145162522546623
19.277920484542847,0.0487802021104725,-0.06134884091674858,0.12767861481072734,2.070551248798093,3.3145162522546623
19.30097460746765,0.04845145871371059,-0.05937638035209647,0.131294791941582,2.0708799920570766,3.3138587650929465
19.32550549507141,0.0487802021104725,-0.058718893497981234,0.1283361015625448,2.071208735316105,3.3138587650929465
19.34952425956726,0.04713648512577302,-0.06200632777240203,0.12176123402927327,2.0695650190214057,3.315502482998181
19.37252426147461,0.04779397191991984,-0.05773266321752854,0.12866484493832794,2.0708799920570766,3.314844995835709
19.395060777664185,0.04779397191991984,-0.06167758434452722,0.11485762308311002,2.0702225055391525,3.3145162522546623
19.41606831550598,0.03990413036660827,-0.05773266321752854,0.12669238468237293,2.070551248798093,3.3141875086737413
19.437791109085083,0.04680774172856603,-0.05904763692499085,0.12669238468237293,2.0702225055391525,3.314844995835709
19.458791732788086,0.0481227153168597,-0.05839015007106768,0.12800735818667794,2.071208735316105,3.3145162522546623
19.47978663444519,0.04450653794562165,-0.058718893497981234,0.1303085618159887,2.0725237083526595,3.3138587650929465
19.49829936027527,0.04779397191991984,-0.0603626106339899,0.1165013399784302,2.071208735316105,3.3141875086737413
19.517346620559692,0.04779397191991984,-0.06266381462844045,0.1227474641614055,2.0708799920570766,3.3135300215122774
19.535918712615967,0.04845145871371059,-0.05773266321752854,0.1326097654412039,2.0715374785751774,3.3141875086737413
19.55590319633484,0.0481227153168597,-0.05806140664425011,0.13293850881590075,2.071208735316105,3.3158312265796064
19.575779676437378,0.04746522852289095,-0.05773266321752854,0.14937567744484487,2.0721949650934546,3.3141875086737413
19.59609055519104,0.04713648512577302,-0.057403919790902924,0.14904693407429204,2.0725237083526595,3.3141875086737413
19.61511468887329,0.049437688903729474,-0.05839015007106768,0.12702112805857488,2.071208735316105,3.3141875086737413
19.633622646331787,0.04713648512577302,-0.05707517636437326,0.13326725219051416,2.0718662218342936,3.315502482998181
19.65412998199463,0.03957538696743651,-0.05608894608535969,0.12439118104661122,2.073509938130541,3.3135300215122774
19.67320203781128,0.044835281343452646,-0.05674643293793952,0.12307620753861472,2.07416742464935,3.3135300215122774
19.691969871520996,0.0481227153168597,-0.06003386720659601,0.10696778195608442,2.0721949650934546,3.313201277931735
19.71097183227539,0.0487802021104725,-0.06134884091674858,0.1165013399784302,2.0702225055391525,3.312872534351318
19.730053901672363,0.04450653794562165,-0.05707517636437326,0.12340495091573989,2.0731811948712027,3.3141875086737413
19.752143144607544,0.045164024741194464,-0.05839015007106768,0.12307620753861472,2.0718662218342936,3.3145162522546623
19.774760723114014,0.04779397191991984,-0.05904763692499085,0.1533205978850633,2.0718662218342936,3.3135300215122774
19.798019886016846,0.0481227153168597,-0.05970512377929818,0.12077500389638372,2.0708799920570766,3.3141875086737413
19.82106637954712,0.04713648512577302,-0.05773266321752854,0.1174875701146082,2.0725237083526595,3.313201277931735
19.843113660812378,0.044835281343452646,-0.05608894608535969,0.1283361015625448,2.074496167908821,3.312872534351318
19.866111755371094,0.04746522852289095,-0.057403919790902924,0.16581284586796796,2.0731811948712027,3.313201277931735
19.887696266174316,0.04713648512577302,-0.05707517636437326,0.16679907596686933,2.0728524516119093,3.3135300215122774
19.91082787513733,0.04746522852289095,-0.0610200974890662,0.11978877376273626,2.0708799920570766,3.315173739416882
19.93529462814331,0.042205334158304866,-0.05806140664425011,0.1345822256881342,2.0721949650934546,3.312872534351318
19.957560539245605,0.04352030775159314,-0.05707517636437326,0.13392473893949086,2.073509938130541,3.3135300215122774
19.981205463409424,0.04713648512577302,-0.05806140664425011,0.1441157835061056,2.073509938130541,3.313201277931735
20.004119634628296,0.046150254933884804,-0.0610200974890662,0.12965107506517531,2.070551248798093,3.3138587650929465
20.025638580322266,0.04845145871371059,-0.05937638035209647,0.1326097654412039,2.0721949650934546,3.3138587650929465
20.045305013656616,0.04680774172856603,-0.05608894608535969,0.1309660485664678,2.074496167908821,3.3125437907710267
20.070305585861206,0.04910894550714545,-0.0603626106339899,0.13063730519127004,2.0725237083526595,3.313201277931735
20.093286752700806,0.04746522852289095,-0.057403919790902924,0.15233436777611808,2.073509938130541,3.313201277931735
20.116379737854004,0.04680774172856603,-0.05773266321752854,0.1644978724016286,2.0728524516119093,3.3135300215122774
20.140655279159546,0.04746522852289095,-0.06332130148486398,0.12866484493832794,2.0715374785751774,3.3145162522546623
20.163691997528076,0.045164024741194464,-0.05839015007106768,0.12636364130608718,2.0718662218342936,3.3145162522546623
20.187488555908203,0.04845145871371059,-0.06003386720659601,0.12504866780010554,2.070551248798093,3.3141875086737413
20.21112561225891,0.04779397191991984,-0.05937638035209647,0.12866484493832794,2.0695650190214057,3.3158312265796064
20.23368740081787,0.044835281343452646,-0.057403919790902924,0.1283361015625448,2.07416742464935,3.3141875086737413
20.25527286529541,0.0487802021104725,-0.0610200974890662,0.12143249065172759,2.070551248798093,3.315173739416882
20.2763614654541,0.04647899833126996,-0.05806140664425011,0.13392473893949086,2.0715374785751774,3.314844995835709
20.29893684387207,0.04713648512577302,-0.05773266321752854,0.12965107506517531,2.0715374785751774,3.3141875086737413
20.318751335144043,0.04253407755676096,-0.058718893497981234,0.12702112805857488,2.0695650190214057,3.3141875086737413
20.33776879310608,0.045164024741194464,-0.0603626106339899,0.12800735818667794,2.07416742464935,3.313201277931735
20.356473445892334,0.04779397191991984,-0.05806140664425011,0.12570615455326414,2.0702225055391525,3.314844995835709
20.37556481361389,0.04647899833126996,-0.05937638035209647,0.12800735818667794,2.070551248798093,3.315173739416882
20.395075798034668,0.049437688903729474,-0.05839015007106768,0.1283361015625448,2.0721949650934546,3.312872534351318
20.41510534286499,0.04713648512577302,-0.05970512377929818,0.11288516280593376,2.073838681389923,3.3115575600309097
20.434793949127197,0.04845145871371059,-0.058718893497981234,0.12800735818667794,2.0695650190214057,3.314844995835709
20.453801155090332,0.04779397191991984,-0.058718893497981234,0.11715882673596666,2.0728524516119093,3.3115575600309097
20.47287154197693,0.04779397191991984,-0.05839015007106768,0.12866484493832794,2.0718662218342936,3.3135300215122774
20.492379426956177,0.04779397191991984,-0.05839015007106768,0.13228102206642361,2.071208735316105,3.3141875086737413
20.51142454147339,0.0487802021104725,-0.05806140664425011,0.1316235353166127,2.0725237083526595,3.3138587650929465
20.531437158584595,0.04023287376569051,-0.06463627519886725,0.13655468593206563,2.0695650190214057,3.3141875086737413
20.554104328155518,0.04779397191991984,-0.05839015007106768,0.1303085618159887,2.0715374785751774,3.3138587650929465
20.573484659194946,0.04845145871371059,-0.06200632777240203,0.11485762308311002,2.071208735316105,3.315173739416882
20.59711456298828,0.04779397191991984,-0.05937638035209647,0.1240624376697381,2.0718662218342936,3.314844995835709
20.618459701538086,0.0481227153168597,-0.05806140664425011,0.11913128700654996,2.0718662218342936,3.3138587650929465
20.642383098602295,0.04779397191991984,-0.06134884091674858,0.11288516280593376,2.0702225055391525,3.315502482998181
20.664697408676147,0.045164024741194464,-0.057403919790902924,0.11781631349316532,2.0728524516119093,3.313201277931735
20.685208082199097,0.04582151153641051,-0.055760202659213554,0.120117517140703,2.074496167908821,3.312215047190862
20.70522952079773,0.04779397191991984,-0.057403919790902924,0.12471992442340035,2.0715374785751774,3.315173739416882
20.724738597869873,0.04680774172856603,-0.05970512377929818,0.1240624376697381,2.070551248798093,3.3138587650929465
20.74674344062805,0.04910894550714545,-0.05839015007106768,0.1260348979297176,2.0721949650934546,3.313201277931735
20.76874327659607,0.04910894550714545,-0.06134884091674858,0.11978877376273626,2.070551248798093,3.312215047190862
20.7912757396698,0.04746522852289095,-0.05839015007106768,0.1316235353166127,2.0715374785751774,3.3145162522546623
20.814435243606567,0.044835281343452646,-0.05904763692499085,0.13326725219051416,2.0725237083526595,3.314844995835709
20.837455987930298,0.0481227153168597,-0.05773266321752854,0.1358971991844214,2.0715374785751774,3.3141875086737413
20.860719680786133,0.04450653794562165,-0.05773266321752854,0.1342534823138542,2.073838681389923,3.3135300215122774
20.88358759880066,0.04713648512577302,-0.05839015007106768,0.13786965942635615,2.0708799920570766,3.3138587650929465
20.906636714935303,0.04680774172856603,-0.058718893497981234,0.1345822256881342,2.0715374785751774,3.312872534351318
20.92883014678955,0.04319156435340507,-0.06003386720659601,0.13392473893949086,2.0728524516119093,3.3138587650929465
20.951836347579956,0.04845145871371059,-0.06233507120037307,0.1227474641614055,2.0702225055391525,3.314844995835709
20.974838733673096,0.0487802021104725,-0.05806140664425011,0.131294791941582,2.0725237083526595,3.3138587650929465
20.994097232818604,0.04549276813884706,-0.05608894608535969,0.12866484493832794,2.0748249111683363,3.312215047190862
21.012502908706665,0.05009517569663083,-0.058718893497981234,0.12669238468237293,2.0708799920570766,3.3141875086737413
21.032130002975464,0.04746522852289095,-0.06200632777240203,0.11847380025002636,2.0702225055391525,3.314844995835709
21.05194902420044,0.04582151153641051,-0.0610200974890662,0.1138713929449029,2.070551248798093,3.314844995835709
21.070950269699097,0.04680774172856603,-0.06003386720659601,0.12143249065172759,2.0721949650934546,3.3138587650929465
21.09054732322693,0.049437688903729474,-0.058718893497981234,0.1220899774067348,2.0721949650934546,3.313201277931735
21.10954761505127,0.049437688903729474,-0.05839015007106768,0.1224187207841122,2.0725237083526595,3.313201277931735
21.128496170043945,0.0481227153168597,-0.05839015007106768,0.11913128700654996,2.0725237083526595,3.3125437907710267
21.14810824394226,0.04779397191991984,-0.057403919790902924,0.1319522786915599,2.071208735316105,3.3138587650929465
21.168123245239258,0.05042391909294819,-0.05806140664425011,0.1227474641614055,2.071208735316105,3.3135300215122774
21.189712047576904,0.04779397191991984,-0.05970512377929818,0.11880254362833033,2.071208735316105,3.3141875086737413
21.211718320846558,0.0487802021104725,-0.05904763692499085,0.12143249065172759,2.0715374785751774,3.3135300215122774
21.23354458808899,0.049437688903729474,-0.05937638035209647,0.123733694292781,2.0702225055391525,3.313201277931735
21.25552749633789,0.04713648512577302,-0.05773266321752854,0.16318289893398794,2.0731811948712027,3.313201277931735
21.278537273406982,0.04680774172856603,-0.05773266321752854,0.1283361015625448,2.0702225055391525,3.314844995835709
21.30176043510437,0.0481227153168597,-0.05839015007106768,0.12965107506517531,2.071208735316105,3.3138587650929465
21.323878049850464,0.05009517569663083,-0.05806140664425011,0.1316235353166127,2.070551248798093,3.3138587650929465
21.34502077102661,0.04450653794562165,-0.05674643293793952,0.1319522786915599,2.07416742464935,3.313201277931735
21.36411190032959,0.044835281343452646,-0.05707517636437326,0.13293850881590075,2.0748249111683363,3.3135300215122774
21.386786460876465,0.049766432300224595,-0.05806140664425011,0.13293850881590075,2.0725237083526595,3.3138587650929465
21.409452199935913,0.049437688903729474,-0.05839015007106768,0.13293850881590075,2.0695650190214057,3.3145162522546623
21.4315927028656,0.04779397191991984,-0.058718893497981234,0.13721217267937713,2.0721949650934546,3.315173739416882
21.450608015060425,0.04746522852289095,-0.06562250548538201,0.1345822256881342,2.0715374785751774,3.3145162522546623
21.4735906124115,0.04549276813884706,-0.05608894608535969,0.1299798184406238,2.0748249111683363,3.312872534351318
21.49310064315796,0.05009517569663083,-0.05839015007106768,0.1293223316896432,2.069893762280257,3.3138587650929465
21.515130281448364,0.04845145871371059,-0.05773266321752854,0.12800735818667794,2.0718662218342936,3.3141875086737413
21.536696672439575,0.04779397191991984,-0.0610200974890662,0.11847380025002636,2.070551248798093,3.312215047190862
21.558675289154053,0.04910894550714545,-0.05806140664425011,0.12570615455326414,2.0715374785751774,3.3135300215122774
21.57996129989624,0.04450653794562165,-0.05806140664425011,0.12439118104661122,2.073838681389923,3.3141875086737413
21.601726055145264,0.044835281343452646,-0.0603626106339899,0.1240624376697381,2.0718662218342936,3.314844995835709
21.622069835662842,0.044835281343452646,-0.05674643293793952,0.12340495091573989,2.073838681389923,3.3135300215122774
21.64134955406189,0.04582151153641051,-0.05641768951160167,0.1227474641614055,2.074496167908821,3.312872534351318
21.660467863082886,0.04779397191991984,-0.06332130148486398,0.11715882673596666,2.0708799920570766,3.314844995835709
21.679731130599976,0.04746522852289095,-0.06397878834167287,0.16022420862703127,2.073509938130541,3.313201277931735
21.698730945587158,0.04845145871371059,-0.0603626106339899,0.1092689856231849,2.0718662218342936,3.3145162522546623
21.717845916748047,0.0481227153168597,-0.05773266321752854,0.12570615455326414,2.0721949650934546,3.3145162522546623
21.73705267906189,0.04384905114969191,-0.06233507120037307,0.1260348979297176,2.0721949650934546,3.3138587650929465
21.756152153015137,0.05009517569663083,-0.05937638035209647,0.12702112805857488,2.069236275762598,3.3145162522546623
21.77515435218811,0.04779397191991984,-0.0603626106339899,0.11189893266620206,2.0725237083526595,3.3135300215122774
21.7956645488739,0.044835281343452646,-0.05707517636437326,0.12965107506517531,2.073838681389923,3.313201277931735
21.817768812179565,0.04680774172856603,-0.05806140664425011,0.1533205978850633,2.0731811948712027,3.313201277931735
21.83979296684265,0.04647899833126996,-0.055760202659213554,0.131294791941582,2.0748249111683363,3.3125437907710267
21.863170623779297,0.04845145871371059,-0.06134884091674858,0.12636364130608718,2.0702225055391525,3.3135300215122774
21.88584065437317,0.0481227153168597,-0.05937638035209647,0.1326097654412039,2.071208735316105,3.3145162522546623
21.908947229385376,0.04910894550714545,-0.05806140664425011,0.1316235353166127,2.0695650190214057,3.3145162522546623
21.931134462356567,0.04779397191991984,-0.05806140664425011,0.120117517140703,2.0728524516119093,3.313201277931735
21.95264768600464,0.04779397191991984,-0.057403919790902924,0.14937567744484487,2.0725237083526595,3.314844995835709
21.974647998809814,0.04779397191991984,-0.057403919790902924,0.1358971991844214,2.0718662218342936,3.3145162522546623
21.994247436523438,0.04713648512577302,-0.057403919790902924,0.13556845581047447,2.0721949650934546,3.314844995835709
22.014440298080444,0.044835281343452646,-0.05707517636437326,0.12669238468237293,2.0748249111683363,3.312872534351318
22.034878492355347,0.04845145871371059,-0.05806140664425011,0.12471992442340035,2.0725237083526595,3.3135300215122774
22.056509256362915,0.04713648512577302,-0.05773266321752854,0.1240624376697381,2.0702225055391525,3.314844995835709
22.080018281936646,0.0481227153168597,-0.057403919790902924,0.1227474641614055,2.0725237083526595,3.3135300215122774
22.1015362739563,0.0487802021104725,-0.06200632777240203,0.11420013632438991,2.0702225055391525,3.314844995835709
22.123726844787598,0.04779397191991984,-0.057403919790902924,0.1253774111767268,2.0715374785751774,3.3141875086737413
22.147275924682617,0.04746522852289095,-0.0652937620564473,0.12669238468237293,2.0708799920570766,3.3141875086737413
22.169706106185913,0.04845145871371059,-0.06200632777240203,0.10269411799182653,2.0702225055391525,3.314844995835709
22.19233798980713,0.04713648512577302,-0.06134884091674858,0.11781631349316532,2.069893762280257,3.315173739416882
22.21533966064453,0.04779397191991984,-0.05839015007106768,0.12669238468237293,2.0725237083526595,3.313201277931735
22.23759436607361,0.04319156435340507,-0.05707517636437326,0.127349871434693,2.073838681389923,3.312872534351318
22.25757646560669,0.04779397191991984,-0.05806140664425011,0.11913128700654996,2.073509938130541,3.313201277931735
22.27657723426819,0.04713648512577302,-0.058718893497981234,0.1283361015625448,2.069236275762598,3.315173739416882
22.29608917236328,0.04450653794562165,-0.05773266321752854,0.1309660485664678,2.073838681389923,3.313201277931735
22.315093278884888,0.04845145871371059,-0.05806140664425011,0.1289935883140274,2.071208735316105,3.3141875086737413
22.333720684051514,0.045164024741194464,-0.05641768951160167,0.12965107506517531,2.0748249111683363,3.3125437907710267
22.352722883224487,0.04845145871371059,-0.05839015007106768,0.1316235353166127,2.0695650190214057,3.314844995835709
22.371813535690308,0.044835281343452646,-0.05773266321752854,0.1303085618159887,2.07416742464935,3.314844995835709
22.391324281692505,0.0481227153168597,-0.05806140664425011,0.1289935883140274,2.0718662218342936,3.3135300215122774
22.41034245491028,0.04647899833126996,-0.05937638035209647,0.1293223316896432,2.070551248798093,3.314844995835709
22.430445432662964,0.0481227153168597,-0.05937638035209647,0.12504866780010554,2.0715374785751774,3.3138587650929465
22.450958728790283,0.04549276813884706,-0.055760202659213554,0.12636364130608718,2.0748249111683363,3.312215047190862
22.470958709716797,0.0487802021104725,-0.06003386720659601,0.1138713929449029,2.071208735316105,3.3141875086737413
22.49146795272827,0.0481227153168597,-0.05806140664425011,0.127349871434693,2.071208735316105,3.3135300215122774
22.514475107192993,0.04746522852289095,-0.05806140664425011,0.12471992442340035,2.071208735316105,3.314844995835709
22.538056135177612,0.04779397191991984,-0.05773266321752854,0.16186792546504455,2.0731811948712027,3.3138587650929465
22.561384201049805,0.04746522852289095,-0.05806140664425011,0.1424720666459133,2.0731811948712027,3.3141875086737413
22.581084489822388,0.044177794547701404,-0.057403919790902924,0.12439118104661122,2.074496167908821,3.3135300215122774
22.60258960723877,0.04910894550714545,-0.05839015007106768,0.1227474641614055,2.0725237083526595,3.312872534351318
22.62414526939392,0.04779397191991984,-0.057403919790902924,0.14641698710690304,2.0728524516119093,3.315173739416882
22.64666986465454,0.049766432300224595,-0.05904763692499085,0.1260348979297176,2.071208735316105,3.313201277931735
22.671054124832153,0.045164024741194464,-0.055760202659213554,0.1260348979297176,2.0748249111683363,3.3125437907710267
22.694763898849487,0.04713648512577302,-0.06595124891441317,0.12307620753861472,2.070551248798093,3.3145162522546623
22.716771125793457,0.04450653794562165,-0.05641768951160167,0.1283361015625448,2.074496167908821,3.312872534351318
22.739147424697876,0.049437688903729474,-0.05839015007106768,0.1289935883140274,2.0689075325038346,3.3135300215122774
22.76262640953064,0.04582151153641051,-0.055760202659213554,0.127349871434693,2.074496167908821,3.312872534351318
22.785174131393433,0.04779397191991984,-0.05806140664425011,0.1227474641614055,2.0731811948712027,3.312872534351318
22.809280157089233,0.04450653794562165,-0.05773266321752854,0.12800735818667794,2.0748249111683363,3.313201277931735
22.833315134048462,0.04746522852289095,-0.05806140664425011,0.15134813766643368,2.0728524516119093,3.315173739416882
22.85639452934265,0.0487802021104725,-0.05839015007106768,0.1299798184406238,2.0721949650934546,3.313201277931735
22.87868070602417,0.04779397191991984,-0.06167758434452722,0.11617259659953523,2.071208735316105,3.3141875086737413
22.8976788520813,0.04450653794562165,-0.05674643293793952,0.12800735818667794,2.07416742464935,3.312872534351318
22.916683435440063,0.04779397191991984,-0.05773266321752854,0.1562792882074696,2.0721949650934546,3.3135300215122774
22.935948848724365,0.0481227153168597,-0.06003386720659601,0.12340495091573989,2.0708799920570766,3.3138587650929465
22.955459594726562,0.049766432300224595,-0.05937638035209647,0.12636364130608718,2.071208735316105,3.312872534351318
22.974459409713745,0.04680774172856603,-0.05707517636437326,0.1303085618159887,2.0718662218342936,3.314844995835709
22.993661403656006,0.045164024741194464,-0.05641768951160167,0.12570615455326414,2.0754823976875008,3.313201277931735
23.01266622543335,0.04384905114969191,-0.05773266321752854,0.1253774111767268,2.073509938130541,3.3135300215122774
23.031850576400757,0.04450653794562165,-0.05707517636437326,0.1253774111767268,2.074496167908821,3.3135300215122774
23.051066398620605,0.04845145871371059,-0.06069135406147996,0.11847380025002636,2.0702225055391525,3.315173739416882
23.073050498962402,0.04845145871371059,-0.0610200974890662,0.11518636646234318,2.0708799920570766,3.315173739416882
23.09356117248535,0.04910894550714545,-0.05839015007106768,0.1260348979297176,2.0725237083526595,3.3135300215122774
23.1145658493042,0.04680774172856603,-0.05773266321752854,0.12504866780010554,2.0708799920570766,3.315173739416882
23.134098768234253,0.04746522852289095,-0.05773266321752854,0.12702112805857488,2.0725237083526595,3.312872534351318
23.15407371520996,0.04845145871371059,-0.06003386720659601,0.12143249065172759,2.0718662218342936,3.313201277931735
23.17517352104187,0.046150254933884804,-0.055102715807208824,0.12636364130608718,2.0748249111683363,3.3125437907710267
23.19524312019348,0.045164024741194464,-0.05773266321752854,0.12767861481072734,2.0748249111683363,3.313201277931735
23.21575689315796,0.04582151153641051,-0.05937638035209647,0.11814505687163804,2.071208735316105,3.3141875086737413
23.237205028533936,0.049766432300224595,-0.05904763692499085,0.1289935883140274,2.0718662218342936,3.312872534351318
23.259258270263672,0.04713648512577302,-0.06003386720659601,0.12800735818667794,2.0725237083526595,3.3135300215122774
23.281205654144287,0.0481227153168597,-0.06299255805660403,0.12307620753861472,2.069893762280257,3.3145162522546623
23.30090093612671,0.04680774172856603,-0.055760202659213554,0.12800735818667794,2.0728524516119093,3.312215047190862
23.323041200637817,0.04450653794562165,-0.05773266321752854,0.12767861481072734,2.0715374785751774,3.314844995835709
23.343135356903076,0.04746522852289095,-0.05937638035209647,0.11157018928612192,2.0725237083526595,3.312215047190862
23.36399245262146,0.0481227153168597,-0.05937638035209647,0.12570615455326414,2.0715374785751774,3.3135300215122774
23.38605237007141,0.05009517569663083,-0.05937638035209647,0.12800735818667794,2.0702225055391525,3.3138587650929465
23.407870769500732,0.04713648512577302,-0.0685811963501387,0.1224187207841122,2.0702225055391525,3.314844995835709
23.430964708328247,0.04779397191991984,-0.05773266321752854,0.15233436777611808,2.0725237083526595,3.3141875086737413
23.45465588569641,0.0481227153168597,-0.05839015007106768,0.12965107506517531,2.071208735316105,3.315502482998181
23.4766526222229,0.0487802021104725,-0.06069135406147996,0.1224187207841122,2.070551248798093,3.3145162522546623
23.495181798934937,0.04680774172856603,-0.05839015007106768,0.12636364130608718,2.069236275762598,3.3168174573246385
23.51418113708496,0.046150254933884804,-0.057403919790902924,0.1566080315762162,2.0725237083526595,3.3135300215122774
23.533305644989014,0.0487802021104725,-0.06134884091674858,0.11222767604619739,2.069893762280257,3.3145162522546623
23.552305221557617,0.04680774172856603,-0.05608894608535969,0.1165013399784302,2.0728524516119093,3.3125437907710267
23.571385145187378,0.044835281343452646,-0.057403919790902924,0.11781631349316532,2.0748249111683363,3.312872534351318
23.590889930725098,0.0481227153168597,-0.06200632777240203,0.10696778195608442,2.0708799920570766,3.3145162522546623
23.610059022903442,0.0481227153168597,-0.05773266321752854,0.1174875701146082,2.0721949650934546,3.314844995835709
23.628649473190308,0.04713648512577302,-0.05839015007106768,0.10992647238444858,2.073838681389923,3.312215047190862
23.648193836212158,0.04713648512577302,-0.06003386720659601,0.11847380025002636,2.0715374785751774,3.3141875086737413
23.672348976135254,0.04779397191991984,-0.05806140664425011,0.12439118104661122,2.071208735316105,3.3138587650929465
23.6939697265625,0.04647899833126996,-0.05806140664425011,0.12702112805857488,2.0695650190214057,3.315502482998181
23.716885328292847,0.04582151153641051,-0.05707517636437326,0.1289935883140274,2.0751536544278966,3.312215047190862
23.73932385444641,0.04713648512577302,-0.05904763692499085,0.12176123402927327,2.0731811948712027,3.314844995835709
23.76347041130066,0.04779397191991984,-0.06233507120037307,0.120117517140703,2.0708799920570766,3.3141875086737413
23.786112308502197,0.04746522852289095,-0.06069135406147996,0.12044626051858548,2.0715374785751774,3.3145162522546623
23.809669017791748,0.04549276813884706,-0.057403919790902924,0.1316235353166127,2.0748249111683363,3.312872534351318
23.832464456558228,0.04746522852289095,-0.05773266321752854,0.12307620753861472,2.073509938130541,3.3125437907710267
23.85471773147583,0.04779397191991984,-0.05773266321752854,0.12767861481072734,2.0725237083526595,3.3138587650929465
23.87877655029297,0.04680774172856603,-0.05970512377929818,0.1293223316896432,2.0721949650934546,3.313201277931735
23.90276074409485,0.0481227153168597,-0.05839015007106768,0.12570615455326414,2.0718662218342936,3.3138587650929465
23.92742657661438,0.049437688903729474,-0.05806140664425011,0.1260348979297176,2.0721949650934546,3.312872534351318
23.951351642608643,0.0481227153168597,-0.05773266321752854,0.1309660485664678,2.0718662218342936,3.3141875086737413
23.975425958633423,0.04746522852289095,-0.057403919790902924,0.14740321722029226,2.0721949650934546,3.3145162522546623
23.999134063720703,0.04779397191991984,-0.06134884091674858,0.11189893266620206,2.0708799920570766,3.3141875086737413
24.021993160247803,0.05009517569663083,-0.05806140664425011,0.12340495091573989,2.070551248798093,3.3135300215122774
24.046682834625244,0.04582151153641051,-0.05839015007106768,0.12340495091573989,2.0702225055391525,3.3145162522546623
24.06844186782837,0.04845145871371059,-0.05839015007106768,0.11913128700654996,2.0721949650934546,3.311228816451122
24.090375423431396,0.0481227153168597,-0.06266381462844045,0.1441157835061056,2.0731811948712027,3.3125437907710267
24.11344838142395,0.049766432300224595,-0.05904763692499085,0.123733694292781,2.069893762280257,3.314844995835709
24.138218879699707,0.04713648512577302,-0.05641768951160167,0.1220899774067348,2.0731811948712027,3.312215047190862
24.16283869743347,0.0487802021104725,-0.06200632777240203,0.11913128700654996,2.070551248798093,3.314844995835709
24.182836055755615,0.04680774172856603,-0.05641768951160167,0.1227474641614055,2.074496167908821,3.312872534351318
24.201354503631592,0.0481227153168597,-0.05773266321752854,0.12504866780010554,2.071208735316105,3.3138587650929465
24.22036051750183,0.04845145871371059,-0.06233507120037307,0.11913128700654996,2.069893762280257,3.314844995835709
24.239782571792603,0.044835281343452646,-0.05707517636437326,0.127349871434693,2.0725237083526595,3.3145162522546623
24.258780241012573,0.049437688903729474,-0.05839015007106768,0.12767861481072734,2.071208735316105,3.3158312265796064
24.276820182800293,0.049766432300224595,-0.05806140664425011,0.127349871434693,2.069893762280257,3.3135300215122774
24.296344995498657,0.04779397191991984,-0.05773266321752854,0.127349871434693,2.0725237083526595,3.313201277931735
24.317383289337158,0.04845145871371059,-0.058718893497981234,0.127349871434693,2.0715374785751774,3.3135300215122774
24.340954780578613,0.0487802021104725,-0.06069135406147996,0.12176123402927327,2.0708799920570766,3.3145162522546623
24.36295485496521,0.04746522852289095,-0.06003386720659601,0.11025521576495301,2.0728524516119093,3.313201277931735
24.385169506072998,0.04779397191991984,-0.05641768951160167,0.12636364130608718,2.0748249111683363,3.312215047190862
24.407675743103027,0.04845145871371059,-0.058718893497981234,0.12504866780010554,2.073509938130541,3.312215047190862
24.42919945716858,0.04647899833126996,-0.0610200974890662,0.11452887970379227,2.070551248798093,3.3138587650929465
24.452058792114258,0.044835281343452646,-0.05707517636437326,0.12504866780010554,2.0731811948712027,3.3138587650929465
24.475150108337402,0.04746522852289095,-0.05806140664425011,0.12965107506517531,2.0718662218342936,3.3138587650929465
24.498001098632812,0.046150254933884804,-0.05773266321752854,0.123733694292781,2.0725237083526595,3.315502482998181
24.522483587265015,0.04121910396240021,-0.05806140664425011,0.1240624376697381,2.069236275762598,3.3161599701611575
24.545795440673828,0.04746522852289095,-0.05806140664425011,0.1227474641614055,2.0721949650934546,3.312872534351318
24.570209741592407,0.04713648512577302,-0.05839015007106768,0.161539182097605,2.0731811948712027,3.315502482998181
24.594743728637695,0.04647899833126996,-0.05608894608535969,0.1227474641614055,2.07416742464935,3.3125437907710267
24.617109298706055,0.04450653794562165,-0.05707517636437326,0.12471992442340035,2.0731811948712027,3.3135300215122774
24.64216685295105,0.04779397191991984,-0.05806140664425011,0.12767861481072734,2.0708799920570766,3.315173739416882
24.66515564918518,0.04549276813884706,-0.05773266321752854,0.1260348979297176,2.070551248798093,3.315173739416882
24.690677404403687,0.04549276813884706,-0.05806140664425011,0.1253774111767268,2.0721949650934546,3.314844995835709
24.712761163711548,0.04549276813884706,-0.05641768951160167,0.12636364130608718,2.074496167908821,3.3125437907710267
24.73233723640442,0.04549276813884706,-0.057403919790902924,0.1260348979297176,2.074496167908821,3.313201277931735
24.753943920135498,0.0487802021104725,-0.05970512377929818,0.12471992442340035,2.0702225055391525,3.3135300215122774
24.778174877166748,0.04910894550714545,-0.05904763692499085,0.12800735818667794,2.071208735316105,3.313201277931735
24.799882888793945,0.0481227153168597,-0.05608894608535969,0.12636364130608718,2.07416742464935,3.313201277931735
24.818162202835083,0.049437688903729474,-0.06167758434452722,0.12077500389638372,2.0702225055391525,3.3141875086737413
24.83775758743286,0.04910894550714545,-0.05970512377929818,0.14510201362122868,2.0725237083526595,3.314844995835709
24.856670379638672,0.044835281343452646,-0.05773266321752854,0.12669238468237293,2.073838681389923,3.313201277931735
24.87674307823181,0.04845145871371059,-0.05904763692499085,0.12636364130608718,2.0718662218342936,3.3141875086737413
24.89593005180359,0.04779397191991984,-0.06167758434452722,0.11617259659953523,2.069893762280257,3.315173739416882
24.915115118026733,0.0487802021104725,-0.06003386720659601,0.12636364130608718,2.0725237083526595,3.314844995835709
24.934415578842163,0.04647899833126996,-0.05839015007106768,0.1253774111767268,2.0702225055391525,3.3141875086737413
24.95593285560608,0.04779397191991984,-0.05773266321752854,0.1335959955650442,2.0721949650934546,3.3138587650929465
24.978745937347412,0.045164024741194464,-0.05806140664425011,0.12340495091573989,2.074496167908821,3.3125437907710267
25.002257108688354,0.04746522852289095,-0.05773266321752854,0.15595054483864113,2.073509938130541,3.3138587650929465
25.02478861808777,0.04746522852289095,-0.057403919790902924,0.13786965942635615,2.0718662218342936,3.314844995835709
25.04584312438965,0.049766432300224595,-0.058718893497981234,0.12439118104661122,2.069236275762598,3.3145162522546623
25.066837310791016,0.044835281343452646,-0.057403919790902924,0.123733694292781,2.074496167908821,3.314844995835709
25.08706283569336,0.04845145871371059,-0.05806140664425011,0.12307620753861472,2.069893762280257,3.314844995835709
25.107045888900757,0.04680774172856603,-0.05707517636437326,0.16186792546504455,2.0728524516119093,3.3141875086737413
25.126761436462402,0.04746522852289095,-0.0610200974890662,0.12044626051858548,2.069893762280257,3.3138587650929465
25.14729070663452,0.0487802021104725,-0.057403919790902924,0.12570615455326414,2.0695650190214057,3.3135300215122774
25.167325496673584,0.049766432300224595,-0.05937638035209647,0.1253774111767268,2.0702225055391525,3.3135300215122774
25.187469482421875,0.04746522852289095,-0.05674643293793952,0.12702112805857488,2.0728524516119093,3.312872534351318
25.206965446472168,0.04647899833126996,-0.05773266321752854,0.15430682799326992,2.073838681389923,3.3125437907710267
25.227211236953735,0.03990413036660827,-0.058718893497981234,0.1342534823138542,2.0718662218342936,3.3145162522546623
25.248738050460815,0.04582151153641051,-0.05674643293793952,0.127349871434693,2.0751536544278966,3.314844995835709
25.268756866455078,0.04680774172856603,-0.05904763692499085,0.12669238468237293,2.0715374785751774,3.313201277931735
25.288891077041626,0.04910894550714545,-0.05839015007106768,0.12636364130608718,2.0721949650934546,3.312872534351318
25.30889058113098,0.049766432300224595,-0.058718893497981234,0.127349871434693,2.070551248798093,3.3141875086737413
25.329436779022217,0.04713648512577302,-0.05806140664425011,0.127349871434693,2.073509938130541,3.3135300215122774
25.347557067871094,0.05042391909294819,-0.05970512377929818,0.1260348979297176,2.070551248798093,3.3141875086737413
25.367297172546387,0.0481227153168597,-0.05937638035209647,0.11551510984149174,2.0728524516119093,3.312872534351318
25.386807680130005,0.045164024741194464,-0.05839015007106768,0.1240624376697381,2.074496167908821,3.3125437907710267
25.405808925628662,0.04910894550714545,-0.05806140664425011,0.1253774111767268,2.069236275762598,3.3141875086737413
25.424814462661743,0.04713648512577302,-0.06134884091674858,0.11124144590595697,2.0715374785751774,3.3145162522546623
25.44385051727295,0.04713648512577302,-0.057403919790902924,0.12800735818667794,2.0715374785751774,3.3141875086737413
25.464255571365356,0.04779397191991984,-0.05839015007106768,0.11946003038468526,2.0728524516119093,3.3125437907710267
25.484766244888306,0.04647899833126996,-0.05641768951160167,0.123733694292781,2.073838681389923,3.3125437907710267
25.504773378372192,0.04680774172856603,-0.05904763692499085,0.10894024224242563,2.0731811948712027,3.312872534351318
25.5272433757782,0.04779397191991984,-0.057403919790902924,0.1362259425582851,2.0731811948712027,3.313201277931735
25.548373222351074,0.04746522852289095,-0.05839015007106768,0.13786965942635615,2.073509938130541,3.3135300215122774
25.56878638267517,0.0481227153168597,-0.05970512377929818,0.12439118104661122,2.070551248798093,3.3138587650929465
25.58946418762207,0.04845145871371059,-0.058718893497981234,0.10861149886158136,2.0728524516119093,3.312215047190862
25.611542463302612,0.04680774172856603,-0.05839015007106768,0.12570615455326414,2.0721949650934546,3.312215047190862
25.6323139667511,0.04845145871371059,-0.05839015007106768,0.12570615455326414,2.071208735316105,3.3138587650929465
25.652589797973633,0.05042391909294819,-0.058718893497981234,0.12636364130608718,2.0715374785751774,3.313201277931735
25.6735897064209,0.0487802021104725,-0.0603626106339899,0.12669238468237293,2.071208735316105,3.3141875086737413
25.69526195526123,0.0487802021104725,-0.05904763692499085,0.12702112805857488,2.0689075325038346,3.3141875086737413
25.71825861930847,0.049437688903729474,-0.05806140664425011,0.12669238468237293,2.0718662218342936,3.313201277931735
25.741467714309692,0.04680774172856603,-0.05773266321752854,0.1635116423010202,2.0728524516119093,3.3138587650929465
25.765372276306152,0.044835281343452646,-0.057403919790902924,0.12702112805857488,2.0718662218342936,3.3141875086737413
25.790409326553345,0.04713648512577302,-0.05773266321752854,0.12636364130608718,2.069893762280257,3.315173739416882
25.81356453895569,0.04845145871371059,-0.058718893497981234,0.1260348979297176,2.0695650190214057,3.315173739416882
25.835028648376465,0.049437688903729474,-0.058718893497981234,0.12570615455326414,2.071208735316105,3.3125437907710267
25.85802984237671,0.04845145871371059,-0.05937638035209647,0.12504866780010554,2.071208735316105,3.312872534351318
25.881720542907715,0.04845145871371059,-0.06200632777240203,0.11584385322055575,2.070551248798093,3.3141875086737413
25.9017174243927,0.04680774172856603,-0.0603626106339899,0.10828275548065208,2.0718662218342936,3.3138587650929465
25.91982102394104,0.04746522852289095,-0.05937638035209647,0.10828275548065208,2.0725237083526595,3.3138587650929465
25.939838409423828,0.04746522852289095,-0.05970512377929818,0.12504866780010554,2.0695650190214057,3.314844995835709
25.957839012145996,0.04713648512577302,-0.05839015007106768,0.1227474641614055,2.0715374785751774,3.313201277931735
25.976839542388916,0.04746522852289095,-0.05806140664425011,0.14970442081531538,2.0731811948712027,3.313201277931735
25.996439456939697,0.044177794547701404,-0.05674643293793952,0.1253774111767268,2.0718662218342936,3.3145162522546623
26.015443801879883,0.04746522852289095,-0.057403919790902924,0.11189893266620206,2.0728524516119093,3.3125437907710267
26.034767866134644,0.04746522852289095,-0.05937638035209647,0.10795401209963777,2.0728524516119093,3.312872534351318
26.057271003723145,0.04647899833126996,-0.05970512377929818,0.1253774111767268,2.0725237083526595,3.3135300215122774
26.079748153686523,0.04746522852289095,-0.06200632777240203,0.10992647238444858,2.0718662218342936,3.312872534351318
26.102229356765747,0.04845145871371059,-0.06266381462844045,0.11683008335724065,2.069893762280257,3.3135300215122774
26.12531590461731,0.04746522852289095,-0.05970512377929818,0.10861149886158136,2.0718662218342936,3.3135300215122774
26.147350311279297,0.04680774172856603,-0.05904763692499085,0.145759500364231,2.0731811948712027,3.3135300215122774
26.169918060302734,0.049766432300224595,-0.058718893497981234,0.12636364130608718,2.0721949650934546,3.3135300215122774
26.194504499435425,0.046150254933884804,-0.05806140664425011,0.12702112805857488,2.0715374785751774,3.3145162522546623
26.21758246421814,0.044177794547701404,-0.05608894608535969,0.12636364130608718,2.0748249111683363,3.313201277931735
26.241938591003418,0.05009517569663083,-0.058718893497981234,0.1260348979297176,2.0708799920570766,3.3138587650929465
26.263505697250366,0.04713648512577302,-0.05641768951160167,0.1260348979297176,2.07416742464935,3.313201277931735
26.28392767906189,0.05009517569663083,-0.05806140664425011,0.12636364130608718,2.0695650190214057,3.3145162522546623
26.306206226348877,0.0481227153168597,-0.05773266321752854,0.12767861481072734,2.071208735316105,3.314844995835709
26.327308416366577,0.049766432300224595,-0.05839015007106768,0.1260348979297176,2.0721949650934546,3.3135300215122774
26.349482774734497,0.049766432300224595,-0.05937638035209647,0.12471992442340035,2.070551248798093,3.313201277931735
26.370391368865967,0.04845145871371059,-0.05773266321752854,0.12504866780010554,2.0715374785751774,3.3138587650929465
26.389389276504517,0.0481227153168597,-0.05641768951160167,0.1240624376697381,2.0728524516119093,3.312872534351318
26.40938925743103,0.04779397191991984,-0.05839015007106768,0.1326097654412039,2.0731811948712027,3.313201277931735
26.429531812667847,0.0481227153168597,-0.06069135406147996,0.1092689856231849,2.0718662218342936,3.313201277931735
26.451626300811768,0.0481227153168597,-0.05937638035209647,0.10795401209963777,2.0728524516119093,3.312215047190862
26.474626779556274,0.0481227153168597,-0.05937638035209647,0.12471992442340035,2.0718662218342936,3.3135300215122774
26.49828290939331,0.04845145871371059,-0.06134884091674858,0.11847380025002636,2.069893762280257,3.315173739416882
26.520362615585327,0.04845145871371059,-0.05773266321752854,0.12504866780010554,2.069893762280257,3.314844995835709
26.544111490249634,0.04746522852289095,-0.05839015007106768,0.1240624376697381,2.073509938130541,3.313201277931735
26.56511116027832,0.04384905114969191,-0.05773266321752854,0.12636364130608718,2.074496167908821,3.3138587650929465
26.58474040031433,0.0481227153168597,-0.06003386720659601,0.11025521576495301,2.0721949650934546,3.313201277931735
26.604512929916382,0.0481227153168597,-0.05806140664425011,0.12636364130608718,2.0718662218342936,3.312872534351318
26.6256742477417,0.046150254933884804,-0.05970512377929818,0.15529305810073848,2.0728524516119093,3.3145162522546623
26.645983934402466,0.04779397191991984,-0.05773266321752854,0.15956672189125481,2.0725237083526595,3.3141875086737413
26.666041374206543,0.046150254933884804,-0.05641768951160167,0.12570615455326414,2.073509938130541,3.3125437907710267
